{"type":"FeatureCollection","features":[{"type":"Feature","properties":{"partida":"057022265","cca":"05704000000000000000000000000000000020400G","tipo":"Urbano","sup_m2":1962.0},"geometry":{"type":"Polygon","coordinates":[[[-58.687661,-34.350014],[-58.687525,-34.350156],[-58.688342,-34.350717],[-58.688481,-34.350579],[-58.687661,-34.350014]]]}},{"type":"Feature","properties":{"partida":"057000076","cca":"057040000000000000000000000000000000206000","tipo":"Urbano","sup_m2":21571.5},"geometry":{"type":"Polygon","coordinates":[[[-58.679144,-34.360467],[-58.679843,-34.359591],[-58.679606,-34.359417],[-58.679369,-34.35928],[-58.679251,-34.359215],[-58.67884,-34.359031],[-58.678646,-34.358938],[-58.678376,-34.358854],[-58.678267,-34.358862],[-58.678092,-34.358941],[-58.677861,-34.35911],[-58.677707,-34.359208],[-58.677378,-34.359402],[-58.67728,-34.359451],[-58.677851,-34.359759],[-58.679144,-34.360467]]]}},{"type":"Feature","properties":{"partida":"057000500","cca":"057040000000000000000000000000000000207000","tipo":"Urbano","sup_m2":60562.8},"geometry":{"type":"Polygon","coordinates":[[[-58.67728,-34.359451],[-58.67694,-34.359587],[-58.676689,-34.359674],[-58.67635,-34.359824],[-58.676164,-34.359885],[-58.676044,-34.35992],[-58.675761,-34.359962],[-58.675445,-34.359994],[-58.675336,-34.360011],[-58.675161,-34.360063],[-58.675041,-34.360107],[-58.674915,-34.360101],[-58.674857,-34.360062],[-58.67478,-34.36006],[-58.674719,-34.360077],[-58.674612,-34.360076],[-58.674515,-34.360079],[-58.674413,-34.360077],[-58.674354,-34.360081],[-58.674317,-34.360091],[-58.674283,-34.360121],[-58.675093,-34.360545],[-58.675285,-34.360655],[-58.676124,-34.361108],[-58.676286,-34.3612],[-58.676626,-34.361379],[-58.6768,-34.361462],[-58.677865,-34.362024],[-58.677942,-34.362059],[-58.679144,-34.360467],[-58.677851,-34.359759],[-58.67728,-34.359451]]]}},{"type":"Feature","properties":{"partida":"057135416","cca":"057040E000000001070000000000010700A000100B","tipo":"Urbano","sup_m2":599.4},"geometry":{"type":"Polygon","coordinates":[[[-58.686748,-34.352263],[-58.686604,-34.352399],[-58.686858,-34.352568],[-58.687001,-34.352433],[-58.686748,-34.352263]]]}},{"type":"Feature","properties":{"partida":"057007651","cca":"057040E000000001070000000000010700A000100C","tipo":"Urbano","sup_m2":1996.5},"geometry":{"type":"Polygon","coordinates":[[[-58.686858,-34.352568],[-58.686604,-34.352399],[-58.686748,-34.352263],[-58.686561,-34.352139],[-58.686738,-34.351956],[-58.686557,-34.351784],[-58.686489,-34.351854],[-58.686423,-34.352204],[-58.686305,-34.352309],[-58.686204,-34.352275],[-58.686748,-34.352672],[-58.686858,-34.352568]]]}},{"type":"Feature","properties":{"partida":"057007384","cca":"057040E000000001070000000000010700A000200A","tipo":"Urbano","sup_m2":479.7},"geometry":{"type":"Polygon","coordinates":[[[-58.684182,-34.354153],[-58.684062,-34.354062],[-58.68383,-34.354278],[-58.683951,-34.354369],[-58.684182,-34.354153]]]}},{"type":"Feature","properties":{"partida":"057067484","cca":"057040E000000001070000000000010700A000200B","tipo":"Urbano","sup_m2":271.8},"geometry":{"type":"Polygon","coordinates":[[[-58.683951,-34.354369],[-58.68402,-34.35442],[-58.68425,-34.354204],[-58.684182,-34.354153],[-58.683951,-34.354369]]]}},{"type":"Feature","properties":{"partida":"057067485","cca":"057040E000000001070000000000010700A000200C","tipo":"Urbano","sup_m2":303.3},"geometry":{"type":"Polygon","coordinates":[[[-58.684097,-34.354478],[-58.684325,-34.35426],[-58.68425,-34.354204],[-58.68402,-34.35442],[-58.684097,-34.354478]]]}},{"type":"Feature","properties":{"partida":"057067486","cca":"057040E000000001070000000000010700A000200D","tipo":"Urbano","sup_m2":318.9},"geometry":{"type":"Polygon","coordinates":[[[-58.684176,-34.354537],[-58.684407,-34.354322],[-58.684325,-34.35426],[-58.684097,-34.354478],[-58.684176,-34.354537]]]}},{"type":"Feature","properties":{"partida":"057067487","cca":"057040E000000001070000000000010700A000200E","tipo":"Urbano","sup_m2":296.9},"geometry":{"type":"Polygon","coordinates":[[[-58.684252,-34.354594],[-58.684481,-34.354377],[-58.684407,-34.354322],[-58.684176,-34.354537],[-58.684252,-34.354594]]]}},{"type":"Feature","properties":{"partida":"057087910","cca":"057040E000000001070000000000010700A000200G","tipo":"Urbano","sup_m2":232.3},"geometry":{"type":"Polygon","coordinates":[[[-58.68442,-34.354435],[-58.684252,-34.354594],[-58.684333,-34.354654],[-58.684499,-34.354497],[-58.68442,-34.354435]]]}},{"type":"Feature","properties":{"partida":"057024719","cca":"057040E000000001070000000000010700A000200H","tipo":"Urbano","sup_m2":259.8},"geometry":{"type":"Polygon","coordinates":[[[-58.684421,-34.35457],[-58.684333,-34.354654],[-58.684474,-34.35476],[-58.684544,-34.354748],[-58.684598,-34.354697],[-58.684421,-34.35457]]]}},{"type":"Feature","properties":{"partida":"057025870","cca":"057040E000000001070000000000010700A000300B","tipo":"Urbano","sup_m2":277.4},"geometry":{"type":"Polygon","coordinates":[[[-58.68442,-34.354435],[-58.684671,-34.354628],[-58.684736,-34.354568],[-58.684481,-34.354377],[-58.68442,-34.354435]]]}},{"type":"Feature","properties":{"partida":"057067488","cca":"057040E000000001070000000000010700A000300C","tipo":"Urbano","sup_m2":227.1},"geometry":{"type":"Polygon","coordinates":[[[-58.684598,-34.354697],[-58.684671,-34.354628],[-58.684499,-34.354497],[-58.684421,-34.35457],[-58.684598,-34.354697]]]}},{"type":"Feature","properties":{"partida":"057007640","cca":"057040E000000001070000000000010700A000400A","tipo":"Urbano","sup_m2":3137.1},"geometry":{"type":"Polygon","coordinates":[[[-58.684062,-34.354062],[-58.684736,-34.354568],[-58.685008,-34.354311],[-58.68433,-34.353812],[-58.684062,-34.354062]]]}},{"type":"Feature","properties":{"partida":"057007642","cca":"057040E000000001070000000000010700A0006000","tipo":"Urbano","sup_m2":1679.0},"geometry":{"type":"Polygon","coordinates":[[[-58.684498,-34.353683],[-58.68433,-34.353812],[-58.685008,-34.354311],[-58.68515,-34.354177],[-58.684498,-34.353683]]]}},{"type":"Feature","properties":{"partida":"057007643","cca":"057040E000000001070000000000010700A0007000","tipo":"Urbano","sup_m2":829.2},"geometry":{"type":"Polygon","coordinates":[[[-58.684578,-34.353621],[-58.684498,-34.353683],[-58.68515,-34.354177],[-58.685226,-34.354106],[-58.684578,-34.353621]]]}},{"type":"Feature","properties":{"partida":"057007858","cca":"057040E000000001070000000000010700A0008000","tipo":"Urbano","sup_m2":898.7},"geometry":{"type":"Polygon","coordinates":[[[-58.685306,-34.35403],[-58.684631,-34.353534],[-58.684559,-34.353601],[-58.684578,-34.353621],[-58.685226,-34.354106],[-58.685306,-34.35403]]]}},{"type":"Feature","properties":{"partida":"057007644","cca":"057040E000000001070000000000010700A0009000","tipo":"Urbano","sup_m2":1636.6},"geometry":{"type":"Polygon","coordinates":[[[-58.684777,-34.353398],[-58.684631,-34.353534],[-58.685306,-34.35403],[-58.685444,-34.3539],[-58.684777,-34.353398]]]}},{"type":"Feature","properties":{"partida":"057007645","cca":"057040E000000001070000000000010700A0010000","tipo":"Urbano","sup_m2":1738.5},"geometry":{"type":"Polygon","coordinates":[[[-58.684927,-34.353258],[-58.684777,-34.353398],[-58.685444,-34.3539],[-58.685596,-34.353757],[-58.684927,-34.353258]]]}},{"type":"Feature","properties":{"partida":"057007646","cca":"057040E000000001070000000000010700A0011000","tipo":"Urbano","sup_m2":1559.3},"geometry":{"type":"Polygon","coordinates":[[[-58.685729,-34.353632],[-58.685065,-34.353129],[-58.684927,-34.353258],[-58.685596,-34.353757],[-58.685729,-34.353632]]]}},{"type":"Feature","properties":{"partida":"057007387","cca":"057040E000000001070000000000010700A001200A","tipo":"Urbano","sup_m2":1858.2},"geometry":{"type":"Polygon","coordinates":[[[-58.685949,-34.353425],[-58.685449,-34.353056],[-58.685235,-34.353257],[-58.685729,-34.353632],[-58.685949,-34.353425]]]}},{"type":"Feature","properties":{"partida":"057067490","cca":"057040E000000001070000000000010700A001300A","tipo":"Urbano","sup_m2":1770.2},"geometry":{"type":"Polygon","coordinates":[[[-58.686156,-34.353229],[-58.685655,-34.352863],[-58.685449,-34.353056],[-58.685949,-34.353425],[-58.686156,-34.353229]]]}},{"type":"Feature","properties":{"partida":"057007647","cca":"057040E000000001070000000000010700A0015000","tipo":"Urbano","sup_m2":830.4},"geometry":{"type":"Polygon","coordinates":[[[-58.686229,-34.353161],[-58.685557,-34.35267],[-58.685485,-34.352738],[-58.686156,-34.353229],[-58.686229,-34.353161]]]}},{"type":"Feature","properties":{"partida":"057007795","cca":"057040E000000001070000000000010700A0016000","tipo":"Urbano","sup_m2":812.7},"geometry":{"type":"Polygon","coordinates":[[[-58.685557,-34.35267],[-58.686229,-34.353161],[-58.686296,-34.353098],[-58.685632,-34.3526],[-58.685557,-34.35267]]]}},{"type":"Feature","properties":{"partida":"057007648","cca":"057040E000000001070000000000010700A0017000","tipo":"Urbano","sup_m2":1672.2},"geometry":{"type":"Polygon","coordinates":[[[-58.685776,-34.352466],[-58.685632,-34.3526],[-58.686296,-34.353098],[-58.686445,-34.352958],[-58.685776,-34.352466]]]}},{"type":"Feature","properties":{"partida":"057007649","cca":"057040E000000001070000000000010700A0018000","tipo":"Urbano","sup_m2":1511.8},"geometry":{"type":"Polygon","coordinates":[[[-58.685908,-34.352343],[-58.685776,-34.352466],[-58.686445,-34.352958],[-58.686578,-34.352832],[-58.685908,-34.352343]]]}},{"type":"Feature","properties":{"partida":"057007650","cca":"057040E000000001070000000000010700A0019000","tipo":"Urbano","sup_m2":1882.5},"geometry":{"type":"Polygon","coordinates":[[[-58.686748,-34.352672],[-58.686204,-34.352275],[-58.68612,-34.35226],[-58.68608,-34.352246],[-58.686031,-34.352241],[-58.686007,-34.352247],[-58.685908,-34.352343],[-58.686578,-34.352832],[-58.686748,-34.352672]]]}},{"type":"Feature","properties":{"partida":"057007638","cca":"057040E000000001070000000000010700B0001000","tipo":"Urbano","sup_m2":911.7},"geometry":{"type":"Polygon","coordinates":[[[-58.683947,-34.354795],[-58.684088,-34.35467],[-58.683697,-34.35438],[-58.683558,-34.354505],[-58.683947,-34.354795]]]}},{"type":"Feature","properties":{"partida":"057007627","cca":"057040E000000001070000000000010700B0002000","tipo":"Urbano","sup_m2":656.9},"geometry":{"type":"Polygon","coordinates":[[[-58.682059,-34.356394],[-58.681728,-34.356148],[-58.68161,-34.356253],[-58.681943,-34.356501],[-58.682059,-34.356394]]]}},{"type":"Feature","properties":{"partida":"057007628","cca":"057040E000000001070000000000010700B0003000","tipo":"Urbano","sup_m2":800.1},"geometry":{"type":"Polygon","coordinates":[[[-58.682059,-34.356394],[-58.681943,-34.356501],[-58.682347,-34.356802],[-58.682464,-34.356695],[-58.682059,-34.356394]]]}},{"type":"Feature","properties":{"partida":"057007386","cca":"057040E000000001070000000000010700B0004000","tipo":"Urbano","sup_m2":1817.2},"geometry":{"type":"Polygon","coordinates":[[[-58.681728,-34.356148],[-58.682464,-34.356695],[-58.682609,-34.356561],[-58.681875,-34.356015],[-58.681728,-34.356148]]]}},{"type":"Feature","properties":{"partida":"057007629","cca":"057040E000000001070000000000010700B0005000","tipo":"Urbano","sup_m2":1812.1},"geometry":{"type":"Polygon","coordinates":[[[-58.682023,-34.355883],[-58.681875,-34.356015],[-58.682609,-34.356561],[-58.682755,-34.356427],[-58.682023,-34.355883]]]}},{"type":"Feature","properties":{"partida":"057007630","cca":"057040E000000001070000000000010700B0006000","tipo":"Urbano","sup_m2":1808.7},"geometry":{"type":"Polygon","coordinates":[[[-58.68217,-34.35575],[-58.682023,-34.355883],[-58.682755,-34.356427],[-58.682901,-34.356293],[-58.68217,-34.35575]]]}},{"type":"Feature","properties":{"partida":"057007631","cca":"057040E000000001070000000000010700B0007000","tipo":"Urbano","sup_m2":1800.7},"geometry":{"type":"Polygon","coordinates":[[[-58.682318,-34.355618],[-58.68217,-34.35575],[-58.682901,-34.356293],[-58.683046,-34.35616],[-58.682318,-34.355618]]]}},{"type":"Feature","properties":{"partida":"057007632","cca":"057040E000000001070000000000010700B0008000","tipo":"Urbano","sup_m2":1708.5},"geometry":{"type":"Polygon","coordinates":[[[-58.682461,-34.35549],[-58.682318,-34.355618],[-58.683046,-34.35616],[-58.683182,-34.356035],[-58.682461,-34.35549]]]}},{"type":"Feature","properties":{"partida":"057007633","cca":"057040E000000001070000000000010700B0009000","tipo":"Urbano","sup_m2":1684.7},"geometry":{"type":"Polygon","coordinates":[[[-58.682461,-34.35549],[-58.683182,-34.356035],[-58.68332,-34.355908],[-58.682598,-34.355367],[-58.682461,-34.35549]]]}},{"type":"Feature","properties":{"partida":"057007634","cca":"057040E000000001070000000000010700B0010000","tipo":"Urbano","sup_m2":1637.7},"geometry":{"type":"Polygon","coordinates":[[[-58.682732,-34.355246],[-58.682598,-34.355367],[-58.68332,-34.355908],[-58.683454,-34.355784],[-58.682732,-34.355246]]]}},{"type":"Feature","properties":{"partida":"057007635","cca":"057040E000000001070000000000010700B0011000","tipo":"Urbano","sup_m2":1708.1},"geometry":{"type":"Polygon","coordinates":[[[-58.682874,-34.355119],[-58.682732,-34.355246],[-58.683454,-34.355784],[-58.683593,-34.355656],[-58.682874,-34.355119]]]}},{"type":"Feature","properties":{"partida":"057007636","cca":"057040E000000001070000000000010700B0012000","tipo":"Urbano","sup_m2":1608.9},"geometry":{"type":"Polygon","coordinates":[[[-58.683008,-34.354999],[-58.682874,-34.355119],[-58.683593,-34.355656],[-58.683724,-34.355536],[-58.683008,-34.354999]]]}},{"type":"Feature","properties":{"partida":"057007385","cca":"057040E000000001070000000000010700B0013000","tipo":"Urbano","sup_m2":1683.6},"geometry":{"type":"Polygon","coordinates":[[[-58.683147,-34.354873],[-58.683008,-34.354999],[-58.683724,-34.355536],[-58.683862,-34.355409],[-58.683147,-34.354873]]]}},{"type":"Feature","properties":{"partida":"057007637","cca":"057040E000000001070000000000010700B001400A","tipo":"Urbano","sup_m2":846.7},"geometry":{"type":"Polygon","coordinates":[[[-58.683931,-34.355346],[-58.683219,-34.354809],[-58.683147,-34.354873],[-58.683862,-34.355409],[-58.683931,-34.355346]]]}},{"type":"Feature","properties":{"partida":"057046568","cca":"057040E000000001070000000000010700B001400B","tipo":"Urbano","sup_m2":819.2},"geometry":{"type":"Polygon","coordinates":[[[-58.683931,-34.355346],[-58.684001,-34.355281],[-58.683285,-34.35475],[-58.683219,-34.354809],[-58.683931,-34.355346]]]}},{"type":"Feature","properties":{"partida":"057007382","cca":"057040E000000001070000000000010700B0015000","tipo":"Urbano","sup_m2":1618.6},"geometry":{"type":"Polygon","coordinates":[[[-58.68342,-34.354628],[-58.683285,-34.35475],[-58.684001,-34.355281],[-58.684134,-34.355159],[-58.68342,-34.354628]]]}},{"type":"Feature","properties":{"partida":"057007654","cca":"057040E000000001070000000000010700B0016000","tipo":"Urbano","sup_m2":1637.0},"geometry":{"type":"Polygon","coordinates":[[[-58.684268,-34.355035],[-58.683558,-34.354505],[-58.68342,-34.354628],[-58.684134,-34.355159],[-58.684268,-34.355035]]]}},{"type":"Feature","properties":{"partida":"057007639","cca":"057040E000000001070000000000010700B0017000","tipo":"Urbano","sup_m2":757.0},"geometry":{"type":"Polygon","coordinates":[[[-58.684268,-34.355035],[-58.684408,-34.354907],[-58.684088,-34.35467],[-58.683947,-34.354795],[-58.684268,-34.355035]]]}},{"type":"Feature","properties":{"partida":"057007383","cca":"057040E000000001070000000000010700C0001000","tipo":"Urbano","sup_m2":660.1},"geometry":{"type":"Polygon","coordinates":[[[-58.681712,-34.35669],[-58.681825,-34.356583],[-58.681497,-34.356332],[-58.681378,-34.35644],[-58.681712,-34.35669]]]}},{"type":"Feature","properties":{"partida":"057007652","cca":"057040E000000001070000000000010700C0002000","tipo":"Urbano","sup_m2":1731.7},"geometry":{"type":"Polygon","coordinates":[[[-58.679866,-34.358243],[-58.679605,-34.358046],[-58.679189,-34.358423],[-58.679491,-34.358577],[-58.679866,-34.358243]]]}},{"type":"Feature","properties":{"partida":"057031472","cca":"057040E000000001070000000000010700C000300A","tipo":"Urbano","sup_m2":486.1},"geometry":{"type":"Polygon","coordinates":[[[-58.679866,-34.358243],[-58.679491,-34.358577],[-58.679585,-34.358625],[-58.679943,-34.358301],[-58.679866,-34.358243]]]}},{"type":"Feature","properties":{"partida":"057007614","cca":"057040E000000001070000000000010700C000300B","tipo":"Urbano","sup_m2":917.5},"geometry":{"type":"Polygon","coordinates":[[[-58.680102,-34.358421],[-58.679943,-34.358301],[-58.679585,-34.358625],[-58.679768,-34.358718],[-58.680102,-34.358421]]]}},{"type":"Feature","properties":{"partida":"057007615","cca":"057040E000000001070000000000010700C000400A","tipo":"Urbano","sup_m2":611.2},"geometry":{"type":"Polygon","coordinates":[[[-58.680102,-34.358421],[-58.679768,-34.358718],[-58.679901,-34.358786],[-58.680213,-34.358505],[-58.680102,-34.358421]]]}},{"type":"Feature","properties":{"partida":"057010385","cca":"057040E000000001070000000000010700C000400B","tipo":"Urbano","sup_m2":634.7},"geometry":{"type":"Polygon","coordinates":[[[-58.679901,-34.358786],[-58.680048,-34.358861],[-58.680337,-34.358599],[-58.680213,-34.358505],[-58.679901,-34.358786]]]}},{"type":"Feature","properties":{"partida":"057007616","cca":"057040E000000001070000000000010700C0005000","tipo":"Urbano","sup_m2":1821.2},"geometry":{"type":"Polygon","coordinates":[[[-58.679605,-34.358046],[-58.680337,-34.358599],[-58.680482,-34.358468],[-58.679754,-34.357911],[-58.679605,-34.358046]]]}},{"type":"Feature","properties":{"partida":"057007617","cca":"057040E000000001070000000000010700C0006000","tipo":"Urbano","sup_m2":1883.2},"geometry":{"type":"Polygon","coordinates":[[[-58.679754,-34.357911],[-58.680482,-34.358468],[-58.680637,-34.358328],[-58.679903,-34.357777],[-58.679754,-34.357911]]]}},{"type":"Feature","properties":{"partida":"057007618","cca":"057040E000000001070000000000010700C0007000","tipo":"Urbano","sup_m2":1883.4},"geometry":{"type":"Polygon","coordinates":[[[-58.680054,-34.357639],[-58.679903,-34.357777],[-58.680637,-34.358328],[-58.680789,-34.358191],[-58.680054,-34.357639]]]}},{"type":"Feature","properties":{"partida":"057006118","cca":"057040E000000001070000000000010700C0008000","tipo":"Urbano","sup_m2":1821.9},"geometry":{"type":"Polygon","coordinates":[[[-58.680203,-34.357505],[-58.680054,-34.357639],[-58.680789,-34.358191],[-58.680934,-34.35806],[-58.680203,-34.357505]]]}},{"type":"Feature","properties":{"partida":"057007619","cca":"057040E000000001070000000000010700C0009000","tipo":"Urbano","sup_m2":1762.9},"geometry":{"type":"Polygon","coordinates":[[[-58.680203,-34.357505],[-58.680934,-34.35806],[-58.681076,-34.357931],[-58.680343,-34.357377],[-58.680203,-34.357505]]]}},{"type":"Feature","properties":{"partida":"057007620","cca":"057040E000000001070000000000010700C0010000","tipo":"Urbano","sup_m2":1908.7},"geometry":{"type":"Polygon","coordinates":[[[-58.680496,-34.357239],[-58.680343,-34.357377],[-58.681076,-34.357931],[-58.681231,-34.357791],[-58.680496,-34.357239]]]}},{"type":"Feature","properties":{"partida":"057007621","cca":"057040E000000001070000000000010700C0011000","tipo":"Urbano","sup_m2":1776.8},"geometry":{"type":"Polygon","coordinates":[[[-58.680638,-34.35711],[-58.680496,-34.357239],[-58.681231,-34.357791],[-58.681375,-34.357661],[-58.680638,-34.35711]]]}},{"type":"Feature","properties":{"partida":"057007653","cca":"057040E000000001070000000000010700C0012000","tipo":"Urbano","sup_m2":1860.4},"geometry":{"type":"Polygon","coordinates":[[[-58.680788,-34.356974],[-58.680638,-34.35711],[-58.681375,-34.357661],[-58.681524,-34.357527],[-58.680788,-34.356974]]]}},{"type":"Feature","properties":{"partida":"057007622","cca":"057040E000000001070000000000010700C001300A","tipo":"Urbano","sup_m2":3663.7},"geometry":{"type":"Polygon","coordinates":[[[-58.680788,-34.356974],[-58.681524,-34.357527],[-58.681819,-34.35726],[-58.681081,-34.356708],[-58.680788,-34.356974]]]}},{"type":"Feature","properties":{"partida":"057007624","cca":"057040E000000001070000000000010700C0015000","tipo":"Urbano","sup_m2":1900.3},"geometry":{"type":"Polygon","coordinates":[[[-58.681235,-34.356569],[-58.681081,-34.356708],[-58.681819,-34.35726],[-58.681971,-34.357122],[-58.681235,-34.356569]]]}},{"type":"Feature","properties":{"partida":"057007625","cca":"057040E000000001070000000000010700C0016000","tipo":"Urbano","sup_m2":1789.6},"geometry":{"type":"Polygon","coordinates":[[[-58.682116,-34.356991],[-58.681378,-34.35644],[-58.681235,-34.356569],[-58.681971,-34.357122],[-58.682116,-34.356991]]]}},{"type":"Feature","properties":{"partida":"057007626","cca":"057040E000000001070000000000010700C0017000","tipo":"Urbano","sup_m2":777.7},"geometry":{"type":"Polygon","coordinates":[[[-58.681712,-34.35669],[-58.682116,-34.356991],[-58.682228,-34.356891],[-58.681825,-34.356583],[-58.681712,-34.35669]]]}},{"type":"Feature","properties":{"partida":"057000540","cca":"057040E000000001080000000000010800A000100A","tipo":"Urbano","sup_m2":1081.9},"geometry":{"type":"Polygon","coordinates":[[[-58.686742,-34.352845],[-58.687195,-34.35319],[-58.687336,-34.353048],[-58.686872,-34.352722],[-58.686742,-34.352845]]]}},{"type":"Feature","properties":{"partida":"057011690","cca":"057040E000000001080000000000010800A000100B","tipo":"Urbano","sup_m2":966.0},"geometry":{"type":"Polygon","coordinates":[[[-58.686621,-34.352961],[-58.687077,-34.353309],[-58.687195,-34.35319],[-58.686742,-34.352845],[-58.686621,-34.352961]]]}},{"type":"Feature","properties":{"partida":"057011691","cca":"057040E000000001080000000000010800A0002000","tipo":"Urbano","sup_m2":1021.8},"geometry":{"type":"Polygon","coordinates":[[[-58.687077,-34.353309],[-58.686621,-34.352961],[-58.686493,-34.353083],[-58.686954,-34.353432],[-58.687077,-34.353309]]]}},{"type":"Feature","properties":{"partida":"057010410","cca":"057040E000000001080000000000010800A0003000","tipo":"Urbano","sup_m2":1046.9},"geometry":{"type":"Polygon","coordinates":[[[-58.686364,-34.353205],[-58.686829,-34.353559],[-58.686954,-34.353432],[-58.686493,-34.353083],[-58.686364,-34.353205]]]}},{"type":"Feature","properties":{"partida":"057011693","cca":"057040E000000001080000000000010800A0004000","tipo":"Urbano","sup_m2":1039.9},"geometry":{"type":"Polygon","coordinates":[[[-58.686237,-34.353325],[-58.686705,-34.353684],[-58.686829,-34.353559],[-58.686364,-34.353205],[-58.686237,-34.353325]]]}},{"type":"Feature","properties":{"partida":"057011694","cca":"057040E000000001080000000000010800A0005000","tipo":"Urbano","sup_m2":1066.4},"geometry":{"type":"Polygon","coordinates":[[[-58.686579,-34.35381],[-58.686705,-34.353684],[-58.686237,-34.353325],[-58.686107,-34.353448],[-58.686579,-34.35381]]]}},{"type":"Feature","properties":{"partida":"057011695","cca":"057040E000000001080000000000010800A0006000","tipo":"Urbano","sup_m2":1087.6},"geometry":{"type":"Polygon","coordinates":[[[-58.686455,-34.353936],[-58.686579,-34.35381],[-58.686107,-34.353448],[-58.685974,-34.353575],[-58.686455,-34.353936]]]}},{"type":"Feature","properties":{"partida":"057011821","cca":"057040E000000001080000000000010800A0007000","tipo":"Urbano","sup_m2":1074.3},"geometry":{"type":"Polygon","coordinates":[[[-58.685846,-34.353697],[-58.686331,-34.35406],[-58.686455,-34.353936],[-58.685974,-34.353575],[-58.685846,-34.353697]]]}},{"type":"Feature","properties":{"partida":"057011822","cca":"057040E000000001080000000000010800A0008000","tipo":"Urbano","sup_m2":894.6},"geometry":{"type":"Polygon","coordinates":[[[-58.685846,-34.353697],[-58.685586,-34.353944],[-58.685821,-34.354075],[-58.686055,-34.353854],[-58.685846,-34.353697]]]}},{"type":"Feature","properties":{"partida":"057011823","cca":"057040E000000001080000000000010800A0009000","tipo":"Urbano","sup_m2":1045.8},"geometry":{"type":"Polygon","coordinates":[[[-58.685821,-34.354075],[-58.68614,-34.354253],[-58.686331,-34.35406],[-58.686055,-34.353854],[-58.685821,-34.354075]]]}},{"type":"Feature","properties":{"partida":"057011734","cca":"057040E000000001080000000000010800B0001000","tipo":"Urbano","sup_m2":919.0},"geometry":{"type":"Polygon","coordinates":[[[-58.687429,-34.353518],[-58.687659,-34.353287],[-58.687461,-34.353111],[-58.687211,-34.35336],[-58.687429,-34.353518]]]}},{"type":"Feature","properties":{"partida":"057011733","cca":"057040E000000001080000000000010800B0002000","tipo":"Urbano","sup_m2":1034.2},"geometry":{"type":"Polygon","coordinates":[[[-58.687682,-34.353699],[-58.687211,-34.35336],[-58.687087,-34.353483],[-58.68756,-34.353828],[-58.687682,-34.353699]]]}},{"type":"Feature","properties":{"partida":"057011732","cca":"057040E000000001080000000000010800B0003000","tipo":"Urbano","sup_m2":1027.5},"geometry":{"type":"Polygon","coordinates":[[[-58.686964,-34.353607],[-58.687442,-34.353953],[-58.68756,-34.353828],[-58.687087,-34.353483],[-58.686964,-34.353607]]]}},{"type":"Feature","properties":{"partida":"057011731","cca":"057040E000000001080000000000010800B0004000","tipo":"Urbano","sup_m2":1063.7},"geometry":{"type":"Polygon","coordinates":[[[-58.686838,-34.353732],[-58.687321,-34.354081],[-58.687442,-34.353953],[-58.686964,-34.353607],[-58.686838,-34.353732]]]}},{"type":"Feature","properties":{"partida":"057011730","cca":"057040E000000001080000000000010800B0005000","tipo":"Urbano","sup_m2":1043.0},"geometry":{"type":"Polygon","coordinates":[[[-58.686715,-34.353855],[-58.687203,-34.354206],[-58.687321,-34.354081],[-58.686838,-34.353732],[-58.686715,-34.353855]]]}},{"type":"Feature","properties":{"partida":"057011729","cca":"057040E000000001080000000000010800B0006000","tipo":"Urbano","sup_m2":1088.5},"geometry":{"type":"Polygon","coordinates":[[[-58.686589,-34.353981],[-58.68708,-34.354336],[-58.687203,-34.354206],[-58.686715,-34.353855],[-58.686589,-34.353981]]]}},{"type":"Feature","properties":{"partida":"057090419","cca":"057040E000000001080000000000010800B000700A","tipo":"Urbano","sup_m2":629.4},"geometry":{"type":"Polygon","coordinates":[[[-58.686818,-34.354146],[-58.686589,-34.353981],[-58.686431,-34.354138],[-58.686663,-34.354302],[-58.686818,-34.354146]]]}},{"type":"Feature","properties":{"partida":"057011727","cca":"057040E000000001080000000000010800B000700B","tipo":"Urbano","sup_m2":609.8},"geometry":{"type":"Polygon","coordinates":[[[-58.686663,-34.354302],[-58.686431,-34.354138],[-58.686287,-34.354282],[-58.686295,-34.354315],[-58.686523,-34.354443],[-58.686663,-34.354302]]]}},{"type":"Feature","properties":{"partida":"057011728","cca":"057040E000000001080000000000010800B0008000","tipo":"Urbano","sup_m2":1324.6},"geometry":{"type":"Polygon","coordinates":[[[-58.686818,-34.354146],[-58.686523,-34.354443],[-58.686821,-34.354611],[-58.68708,-34.354336],[-58.686818,-34.354146]]]}},{"type":"Feature","properties":{"partida":"057011735","cca":"057040E000000001080000000000010800B0009000","tipo":"Urbano","sup_m2":960.9},"geometry":{"type":"Polygon","coordinates":[[[-58.687429,-34.353518],[-58.687682,-34.353699],[-58.687884,-34.353485],[-58.687659,-34.353287],[-58.687429,-34.353518]]]}},{"type":"Feature","properties":{"partida":"057011737","cca":"057040E000000001080000000000010800C000100A","tipo":"Urbano","sup_m2":2040.9},"geometry":{"type":"Polygon","coordinates":[[[-58.688317,-34.354132],[-58.688526,-34.35389],[-58.688033,-34.35357],[-58.687787,-34.353835],[-58.688317,-34.354132]]]}},{"type":"Feature","properties":{"partida":"057011826","cca":"057040E000000001080000000000010800C0002000","tipo":"Urbano","sup_m2":1049.6},"geometry":{"type":"Polygon","coordinates":[[[-58.687787,-34.353835],[-58.68767,-34.353961],[-58.688205,-34.354263],[-58.688317,-34.354132],[-58.687787,-34.353835]]]}},{"type":"Feature","properties":{"partida":"057011827","cca":"057040E000000001080000000000010800C0003000","tipo":"Urbano","sup_m2":1060.2},"geometry":{"type":"Polygon","coordinates":[[[-58.687555,-34.354086],[-58.688091,-34.354395],[-58.688205,-34.354263],[-58.68767,-34.353961],[-58.687555,-34.354086]]]}},{"type":"Feature","properties":{"partida":"057011738","cca":"057040E000000001080000000000010800C0004000","tipo":"Urbano","sup_m2":1110.1},"geometry":{"type":"Polygon","coordinates":[[[-58.687555,-34.354086],[-58.687431,-34.354218],[-58.687977,-34.354528],[-58.688091,-34.354395],[-58.687555,-34.354086]]]}},{"type":"Feature","properties":{"partida":"057011739","cca":"057040E000000001080000000000010800C0005000","tipo":"Urbano","sup_m2":1079.5},"geometry":{"type":"Polygon","coordinates":[[[-58.687315,-34.354344],[-58.687865,-34.354659],[-58.687977,-34.354528],[-58.687431,-34.354218],[-58.687315,-34.354344]]]}},{"type":"Feature","properties":{"partida":"057011740","cca":"057040E000000001080000000000010800C0006000","tipo":"Urbano","sup_m2":1144.8},"geometry":{"type":"Polygon","coordinates":[[[-58.687195,-34.354473],[-58.687745,-34.354798],[-58.687865,-34.354659],[-58.687315,-34.354344],[-58.687195,-34.354473]]]}},{"type":"Feature","properties":{"partida":"057011741","cca":"057040E000000001080000000000010800C0007000","tipo":"Urbano","sup_m2":884.3},"geometry":{"type":"Polygon","coordinates":[[[-58.687453,-34.354625],[-58.687195,-34.354473],[-58.686996,-34.354687],[-58.68727,-34.354842],[-58.687453,-34.354625]]]}},{"type":"Feature","properties":{"partida":"057011742","cca":"057040E000000001080000000000010800C0008000","tipo":"Urbano","sup_m2":952.3},"geometry":{"type":"Polygon","coordinates":[[[-58.687453,-34.354625],[-58.68727,-34.354842],[-58.687564,-34.355008],[-58.687745,-34.354798],[-58.687453,-34.354625]]]}},{"type":"Feature","properties":{"partida":"057011829","cca":"057040E000000001080000000000010800D0001000","tipo":"Urbano","sup_m2":2299.6},"geometry":{"type":"Polygon","coordinates":[[[-58.688437,-34.354663],[-58.688903,-34.3541],[-58.688628,-34.353943],[-58.688189,-34.354482],[-58.688188,-34.354506],[-58.6882,-34.354529],[-58.688437,-34.354663]]]}},{"type":"Feature","properties":{"partida":"057011828","cca":"057040E000000001080000000000010800D0002000","tipo":"Urbano","sup_m2":1541.8},"geometry":{"type":"Polygon","coordinates":[[[-58.689085,-34.354203],[-58.688903,-34.3541],[-58.688437,-34.354663],[-58.68862,-34.354766],[-58.689085,-34.354203]]]}},{"type":"Feature","properties":{"partida":"057011807","cca":"057040E000000001080000000000010800D0003000","tipo":"Urbano","sup_m2":1497.0},"geometry":{"type":"Polygon","coordinates":[[[-58.689085,-34.354203],[-58.68862,-34.354766],[-58.688797,-34.354867],[-58.689262,-34.354305],[-58.689085,-34.354203]]]}},{"type":"Feature","properties":{"partida":"057011795","cca":"057040E000000001080000000000010800E0001000","tipo":"Urbano","sup_m2":1944.2},"geometry":{"type":"Polygon","coordinates":[[[-58.687957,-34.35524],[-58.688354,-34.354759],[-58.688107,-34.354622],[-58.68808,-34.354626],[-58.688058,-34.354638],[-58.687684,-34.355093],[-58.687957,-34.35524]]]}},{"type":"Feature","properties":{"partida":"057011796","cca":"057040E000000001080000000000010800E0002000","tipo":"Urbano","sup_m2":1319.7},"geometry":{"type":"Polygon","coordinates":[[[-58.688142,-34.355341],[-58.68854,-34.354862],[-58.688354,-34.354759],[-58.687957,-34.35524],[-58.688142,-34.355341]]]}},{"type":"Feature","properties":{"partida":"057011797","cca":"057040E000000001080000000000010800E0003000","tipo":"Urbano","sup_m2":1284.3},"geometry":{"type":"Polygon","coordinates":[[[-58.68872,-34.354962],[-58.68854,-34.354862],[-58.688142,-34.355341],[-58.688324,-34.355439],[-58.68872,-34.354962]]]}},{"type":"Feature","properties":{"partida":"057011798","cca":"057040E000000001080000000000010800E0004000","tipo":"Urbano","sup_m2":1256.7},"geometry":{"type":"Polygon","coordinates":[[[-58.688502,-34.355536],[-58.688897,-34.35506],[-58.68872,-34.354962],[-58.688324,-34.355439],[-58.688502,-34.355536]]]}},{"type":"Feature","properties":{"partida":"057011799","cca":"057040E000000001080000000000010800E0005000","tipo":"Urbano","sup_m2":1289.6},"geometry":{"type":"Polygon","coordinates":[[[-58.689075,-34.355158],[-58.688897,-34.35506],[-58.688502,-34.355536],[-58.68869,-34.355637],[-58.689075,-34.355158]]]}},{"type":"Feature","properties":{"partida":"057010217","cca":"057040E000000001090000000000010900A000100A","tipo":"Urbano","sup_m2":273.8},"geometry":{"type":"Polygon","coordinates":[[[-58.685492,-34.354256],[-58.685606,-34.354116],[-58.685504,-34.354059],[-58.685448,-34.354063],[-58.685354,-34.35415],[-58.685492,-34.354256]]]}},{"type":"Feature","properties":{"partida":"057038293","cca":"057040E000000001090000000000010900A000100B","tipo":"Urbano","sup_m2":490.0},"geometry":{"type":"Polygon","coordinates":[[[-58.685614,-34.35435],[-58.685354,-34.35415],[-58.685245,-34.354251],[-58.685524,-34.354455],[-58.685614,-34.35435]]]}},{"type":"Feature","properties":{"partida":"057011696","cca":"057040E000000001090000000000010900A0002000","tipo":"Urbano","sup_m2":1276.3},"geometry":{"type":"Polygon","coordinates":[[[-58.68575,-34.354619],[-58.685245,-34.354251],[-58.685098,-34.354387],[-58.685607,-34.354764],[-58.68575,-34.354619]]]}},{"type":"Feature","properties":{"partida":"057011697","cca":"057040E000000001090000000000010900A0003000","tipo":"Urbano","sup_m2":1236.0},"geometry":{"type":"Polygon","coordinates":[[[-58.684957,-34.354518],[-58.685472,-34.354901],[-58.685607,-34.354764],[-58.685098,-34.354387],[-58.684957,-34.354518]]]}},{"type":"Feature","properties":{"partida":"057011824","cca":"057040E000000001090000000000010900A0004000","tipo":"Urbano","sup_m2":1332.5},"geometry":{"type":"Polygon","coordinates":[[[-58.684809,-34.354654],[-58.685325,-34.355049],[-58.685472,-34.354901],[-58.684957,-34.354518],[-58.684809,-34.354654]]]}},{"type":"Feature","properties":{"partida":"057010211","cca":"057040E000000001090000000000010900A0005000","tipo":"Urbano","sup_m2":1225.3},"geometry":{"type":"Polygon","coordinates":[[[-58.684668,-34.354785],[-58.685199,-34.355176],[-58.685325,-34.355049],[-58.684809,-34.354654],[-58.684668,-34.354785]]]}},{"type":"Feature","properties":{"partida":"057010212","cca":"057040E000000001090000000000010900A0006000","tipo":"Urbano","sup_m2":1357.4},"geometry":{"type":"Polygon","coordinates":[[[-58.684522,-34.35492],[-58.685053,-34.355323],[-58.685199,-34.355176],[-58.684668,-34.354785],[-58.684522,-34.35492]]]}},{"type":"Feature","properties":{"partida":"057010214","cca":"057040E000000001090000000000010900A0007000","tipo":"Urbano","sup_m2":1365.4},"geometry":{"type":"Polygon","coordinates":[[[-58.684369,-34.355062],[-58.684916,-34.355462],[-58.685053,-34.355323],[-58.684522,-34.35492],[-58.684369,-34.355062]]]}},{"type":"Feature","properties":{"partida":"057010210","cca":"057040E000000001090000000000010900A0008000","tipo":"Urbano","sup_m2":1329.8},"geometry":{"type":"Polygon","coordinates":[[[-58.684225,-34.355195],[-58.684781,-34.355598],[-58.684916,-34.355462],[-58.684369,-34.355062],[-58.684225,-34.355195]]]}},{"type":"Feature","properties":{"partida":"057010209","cca":"057040E000000001090000000000010900A0009000","tipo":"Urbano","sup_m2":1411.6},"geometry":{"type":"Polygon","coordinates":[[[-58.684079,-34.35533],[-58.684636,-34.355745],[-58.684781,-34.355598],[-58.684225,-34.355195],[-58.684079,-34.35533]]]}},{"type":"Feature","properties":{"partida":"057000297","cca":"057040E000000001090000000000010900A001000A","tipo":"Urbano","sup_m2":2804.3},"geometry":{"type":"Polygon","coordinates":[[[-58.683787,-34.3556],[-58.684358,-34.356025],[-58.684636,-34.355745],[-58.684079,-34.35533],[-58.683787,-34.3556]]]}},{"type":"Feature","properties":{"partida":"057011820","cca":"057040E000000001090000000000010900A0012000","tipo":"Urbano","sup_m2":1365.7},"geometry":{"type":"Polygon","coordinates":[[[-58.683648,-34.355729],[-58.684225,-34.356159],[-58.684358,-34.356025],[-58.683787,-34.3556],[-58.683648,-34.355729]]]}},{"type":"Feature","properties":{"partida":"057011030","cca":"057040E000000001090000000000010900A0013000","tipo":"Urbano","sup_m2":1399.7},"geometry":{"type":"Polygon","coordinates":[[[-58.683504,-34.355862],[-58.684093,-34.356293],[-58.684225,-34.356159],[-58.683648,-34.355729],[-58.683504,-34.355862]]]}},{"type":"Feature","properties":{"partida":"057010848","cca":"057040E000000001090000000000010900A0014000","tipo":"Urbano","sup_m2":1466.8},"geometry":{"type":"Polygon","coordinates":[[[-58.683358,-34.355997],[-58.683953,-34.356434],[-58.684093,-34.356293],[-58.683504,-34.355862],[-58.683358,-34.355997]]]}},{"type":"Feature","properties":{"partida":"057067492","cca":"057040E000000001090000000000010900A0015000","tipo":"Urbano","sup_m2":1492.1},"geometry":{"type":"Polygon","coordinates":[[[-58.683214,-34.35613],[-58.68381,-34.356578],[-58.683953,-34.356434],[-58.683358,-34.355997],[-58.683214,-34.35613]]]}},{"type":"Feature","properties":{"partida":"057067493","cca":"057040E000000001090000000000010900A0016000","tipo":"Urbano","sup_m2":1512.8},"geometry":{"type":"Polygon","coordinates":[[[-58.683063,-34.35627],[-58.683673,-34.356717],[-58.68381,-34.356578],[-58.683214,-34.35613],[-58.683063,-34.35627]]]}},{"type":"Feature","properties":{"partida":"057067494","cca":"057040E000000001090000000000010900A0017000","tipo":"Urbano","sup_m2":1478.0},"geometry":{"type":"Polygon","coordinates":[[[-58.682922,-34.356401],[-58.683537,-34.356854],[-58.683673,-34.356717],[-58.683063,-34.35627],[-58.682922,-34.356401]]]}},{"type":"Feature","properties":{"partida":"057010207","cca":"057040E000000001090000000000010900A0018000","tipo":"Urbano","sup_m2":1529.1},"geometry":{"type":"Polygon","coordinates":[[[-58.682774,-34.356538],[-58.6834,-34.356992],[-58.683537,-34.356854],[-58.682922,-34.356401],[-58.682774,-34.356538]]]}},{"type":"Feature","properties":{"partida":"057067495","cca":"057040E000000001090000000000010900A0019000","tipo":"Urbano","sup_m2":1550.7},"geometry":{"type":"Polygon","coordinates":[[[-58.68263,-34.356671],[-58.683259,-34.357135],[-58.6834,-34.356992],[-58.682774,-34.356538],[-58.68263,-34.356671]]]}},{"type":"Feature","properties":{"partida":"057067496","cca":"057040E000000001090000000000010900A0020000","tipo":"Urbano","sup_m2":1547.8},"geometry":{"type":"Polygon","coordinates":[[[-58.682484,-34.356806],[-58.683124,-34.357271],[-58.683259,-34.357135],[-58.68263,-34.356671],[-58.682484,-34.356806]]]}},{"type":"Feature","properties":{"partida":"057067497","cca":"057040E000000001090000000000010900A0021000","tipo":"Urbano","sup_m2":1572.9},"geometry":{"type":"Polygon","coordinates":[[[-58.68234,-34.356939],[-58.682985,-34.357411],[-58.683124,-34.357271],[-58.682484,-34.356806],[-58.68234,-34.356939]]]}},{"type":"Feature","properties":{"partida":"057067498","cca":"057040E000000001090000000000010900A0022000","tipo":"Urbano","sup_m2":1567.5},"geometry":{"type":"Polygon","coordinates":[[[-58.682196,-34.357072],[-58.68285,-34.357548],[-58.682985,-34.357411],[-58.68234,-34.356939],[-58.682196,-34.357072]]]}},{"type":"Feature","properties":{"partida":"057010219","cca":"057040E000000001090000000000010900A0023000","tipo":"Urbano","sup_m2":1724.4},"geometry":{"type":"Polygon","coordinates":[[[-58.68285,-34.357548],[-58.682196,-34.357072],[-58.682041,-34.357216],[-58.682702,-34.357697],[-58.68285,-34.357548]]]}},{"type":"Feature","properties":{"partida":"057038292","cca":"057040E000000001090000000000010900A002400A","tipo":"Urbano","sup_m2":513.0},"geometry":{"type":"Polygon","coordinates":[[[-58.685653,-34.354549],[-58.68575,-34.354619],[-58.68602,-34.354347],[-58.685885,-34.354272],[-58.685653,-34.354549]]]}},{"type":"Feature","properties":{"partida":"057038291","cca":"057040E000000001090000000000010900A002400B","tipo":"Urbano","sup_m2":563.0},"geometry":{"type":"Polygon","coordinates":[[[-58.685747,-34.354195],[-58.685524,-34.354455],[-58.685653,-34.354549],[-58.685885,-34.354272],[-58.685747,-34.354195]]]}},{"type":"Feature","properties":{"partida":"057038290","cca":"057040E000000001090000000000010900A0025000","tipo":"Urbano","sup_m2":307.6},"geometry":{"type":"Polygon","coordinates":[[[-58.685614,-34.35435],[-58.685747,-34.354195],[-58.685606,-34.354116],[-58.685492,-34.354256],[-58.685614,-34.35435]]]}},{"type":"Feature","properties":{"partida":"057010208","cca":"057040E000000001090000000000010900B0001000","tipo":"Urbano","sup_m2":1439.4},"geometry":{"type":"Polygon","coordinates":[[[-58.682431,-34.357886],[-58.682567,-34.35775],[-58.681989,-34.357314],[-58.681843,-34.35745],[-58.682431,-34.357886]]]}},{"type":"Feature","properties":{"partida":"057010403","cca":"057040E000000001090000000000010900B0002000","tipo":"Urbano","sup_m2":1434.6},"geometry":{"type":"Polygon","coordinates":[[[-58.681702,-34.35758],[-58.682293,-34.358025],[-58.682431,-34.357886],[-58.681843,-34.35745],[-58.681702,-34.35758]]]}},{"type":"Feature","properties":{"partida":"057010215","cca":"057040E000000001090000000000010900B0003000","tipo":"Urbano","sup_m2":1503.7},"geometry":{"type":"Polygon","coordinates":[[[-58.681554,-34.357718],[-58.682152,-34.358165],[-58.682293,-34.358025],[-58.681702,-34.35758],[-58.681554,-34.357718]]]}},{"type":"Feature","properties":{"partida":"057010216","cca":"057040E000000001090000000000010900B0004000","tipo":"Urbano","sup_m2":1464.0},"geometry":{"type":"Polygon","coordinates":[[[-58.681411,-34.35785],[-58.682016,-34.358302],[-58.682152,-34.358165],[-58.681554,-34.357718],[-58.681411,-34.35785]]]}},{"type":"Feature","properties":{"partida":"057067499","cca":"057040E000000001090000000000010900B0005000","tipo":"Urbano","sup_m2":1031.5},"geometry":{"type":"Polygon","coordinates":[[[-58.681688,-34.358057],[-58.681411,-34.35785],[-58.681173,-34.35807],[-58.681491,-34.35824],[-58.681688,-34.358057]]]}},{"type":"Feature","properties":{"partida":"057010218","cca":"057040E000000001090000000000010900B0006000","tipo":"Urbano","sup_m2":981.9},"geometry":{"type":"Polygon","coordinates":[[[-58.681491,-34.35824],[-58.681874,-34.358445],[-58.682016,-34.358302],[-58.681688,-34.358057],[-58.681491,-34.35824]]]}},{"type":"Feature","properties":{"partida":"057011726","cca":"057040E000000001090000000000010900C0001000","tipo":"Urbano","sup_m2":1805.1},"geometry":{"type":"Polygon","coordinates":[[[-58.686023,-34.354601],[-58.686565,-34.354978],[-58.686769,-34.354755],[-58.686196,-34.354428],[-58.686023,-34.354601]]]}},{"type":"Feature","properties":{"partida":"057011725","cca":"057040E000000001090000000000010900C0002000","tipo":"Urbano","sup_m2":1307.7},"geometry":{"type":"Polygon","coordinates":[[[-58.686565,-34.354978],[-58.686023,-34.354601],[-58.685882,-34.354743],[-58.686436,-34.355118],[-58.686565,-34.354978]]]}},{"type":"Feature","properties":{"partida":"057011724","cca":"057040E000000001090000000000010900C000300A","tipo":"Urbano","sup_m2":2623.6},"geometry":{"type":"Polygon","coordinates":[[[-58.685609,-34.355016],[-58.686177,-34.355401],[-58.686436,-34.355118],[-58.685882,-34.354743],[-58.685609,-34.355016]]]}},{"type":"Feature","properties":{"partida":"057011722","cca":"057040E000000001090000000000010900C0005000","tipo":"Urbano","sup_m2":1376.0},"geometry":{"type":"Polygon","coordinates":[[[-58.685465,-34.35516],[-58.686047,-34.355542],[-58.686177,-34.355401],[-58.685609,-34.355016],[-58.685465,-34.35516]]]}},{"type":"Feature","properties":{"partida":"057011721","cca":"057040E000000001090000000000010900C0006000","tipo":"Urbano","sup_m2":1368.9},"geometry":{"type":"Polygon","coordinates":[[[-58.685329,-34.355296],[-58.685914,-34.355688],[-58.686047,-34.355542],[-58.685465,-34.35516],[-58.685329,-34.355296]]]}},{"type":"Feature","properties":{"partida":"057011720","cca":"057040E000000001090000000000010900C0007000","tipo":"Urbano","sup_m2":1412.8},"geometry":{"type":"Polygon","coordinates":[[[-58.685185,-34.355441],[-58.685784,-34.35583],[-58.685914,-34.355688],[-58.685329,-34.355296],[-58.685185,-34.355441]]]}},{"type":"Feature","properties":{"partida":"057011719","cca":"057040E000000001090000000000010900C0008000","tipo":"Urbano","sup_m2":1377.9},"geometry":{"type":"Polygon","coordinates":[[[-58.685051,-34.355575],[-58.685654,-34.355972],[-58.685784,-34.35583],[-58.685185,-34.355441],[-58.685051,-34.355575]]]}},{"type":"Feature","properties":{"partida":"057011718","cca":"057040E000000001090000000000010900C0009000","tipo":"Urbano","sup_m2":1385.7},"geometry":{"type":"Polygon","coordinates":[[[-58.684917,-34.355709],[-58.685524,-34.356113],[-58.685654,-34.355972],[-58.685051,-34.355575],[-58.684917,-34.355709]]]}},{"type":"Feature","properties":{"partida":"057011717","cca":"057040E000000001090000000000010900C0010000","tipo":"Urbano","sup_m2":1521.5},"geometry":{"type":"Polygon","coordinates":[[[-58.684773,-34.355854],[-58.685384,-34.356266],[-58.685524,-34.356113],[-58.684917,-34.355709],[-58.684773,-34.355854]]]}},{"type":"Feature","properties":{"partida":"057011716","cca":"057040E000000001090000000000010900C0011000","tipo":"Urbano","sup_m2":1377.9},"geometry":{"type":"Polygon","coordinates":[[[-58.68464,-34.355987],[-58.685261,-34.356401],[-58.685384,-34.356266],[-58.684773,-34.355854],[-58.68464,-34.355987]]]}},{"type":"Feature","properties":{"partida":"057011715","cca":"057040E000000001090000000000010900C0012000","tipo":"Urbano","sup_m2":1488.8},"geometry":{"type":"Polygon","coordinates":[[[-58.684499,-34.356129],[-58.68513,-34.356544],[-58.685261,-34.356401],[-58.68464,-34.355987],[-58.684499,-34.356129]]]}},{"type":"Feature","properties":{"partida":"057011714","cca":"057040E000000001090000000000010900C0013000","tipo":"Urbano","sup_m2":1523.5},"geometry":{"type":"Polygon","coordinates":[[[-58.684358,-34.35627],[-58.684994,-34.356691],[-58.68513,-34.356544],[-58.684499,-34.356129],[-58.684358,-34.35627]]]}},{"type":"Feature","properties":{"partida":"057011713","cca":"057040E000000001090000000000010900C0014000","tipo":"Urbano","sup_m2":1534.0},"geometry":{"type":"Polygon","coordinates":[[[-58.684219,-34.356409],[-58.684858,-34.35684],[-58.684994,-34.356691],[-58.684358,-34.35627],[-58.684219,-34.356409]]]}},{"type":"Feature","properties":{"partida":"057011712","cca":"057040E000000001090000000000010900C0015000","tipo":"Urbano","sup_m2":1514.8},"geometry":{"type":"Polygon","coordinates":[[[-58.684081,-34.356548],[-58.684728,-34.356982],[-58.684858,-34.35684],[-58.684219,-34.356409],[-58.684081,-34.356548]]]}},{"type":"Feature","properties":{"partida":"057011711","cca":"057040E000000001090000000000010900C0016000","tipo":"Urbano","sup_m2":1567.6},"geometry":{"type":"Polygon","coordinates":[[[-58.68394,-34.356689],[-58.684594,-34.357128],[-58.684728,-34.356982],[-58.684081,-34.356548],[-58.68394,-34.356689]]]}},{"type":"Feature","properties":{"partida":"057011710","cca":"057040E000000001090000000000010900C0017000","tipo":"Urbano","sup_m2":1593.3},"geometry":{"type":"Polygon","coordinates":[[[-58.6838,-34.356829],[-58.684458,-34.357276],[-58.684594,-34.357128],[-58.68394,-34.356689],[-58.6838,-34.356829]]]}},{"type":"Feature","properties":{"partida":"057011709","cca":"057040E000000001090000000000010900C0018000","tipo":"Urbano","sup_m2":1600.9},"geometry":{"type":"Polygon","coordinates":[[[-58.683661,-34.356968],[-58.684322,-34.357425],[-58.684458,-34.357276],[-58.6838,-34.356829],[-58.683661,-34.356968]]]}},{"type":"Feature","properties":{"partida":"057011708","cca":"057040E000000001090000000000010900C0019000","tipo":"Urbano","sup_m2":1615.9},"geometry":{"type":"Polygon","coordinates":[[[-58.683515,-34.357115],[-58.684194,-34.357565],[-58.684322,-34.357425],[-58.683661,-34.356968],[-58.683515,-34.357115]]]}},{"type":"Feature","properties":{"partida":"057011707","cca":"057040E000000001090000000000010900C0020000","tipo":"Urbano","sup_m2":1575.7},"geometry":{"type":"Polygon","coordinates":[[[-58.68338,-34.35725],[-58.684064,-34.357707],[-58.684194,-34.357565],[-58.683515,-34.357115],[-58.68338,-34.35725]]]}},{"type":"Feature","properties":{"partida":"057011706","cca":"057040E000000001090000000000010900C0021000","tipo":"Urbano","sup_m2":1625.2},"geometry":{"type":"Polygon","coordinates":[[[-58.68324,-34.35739],[-58.683934,-34.357849],[-58.684064,-34.357707],[-58.68338,-34.35725],[-58.68324,-34.35739]]]}},{"type":"Feature","properties":{"partida":"057011705","cca":"057040E000000001090000000000010900C0022000","tipo":"Urbano","sup_m2":1565.9},"geometry":{"type":"Polygon","coordinates":[[[-58.68311,-34.35752],[-58.683806,-34.357989],[-58.683934,-34.357849],[-58.68324,-34.35739],[-58.68311,-34.35752]]]}},{"type":"Feature","properties":{"partida":"057011704","cca":"057040E000000001090000000000010900C0023000","tipo":"Urbano","sup_m2":1641.7},"geometry":{"type":"Polygon","coordinates":[[[-58.682972,-34.357659],[-58.683676,-34.35813],[-58.683806,-34.357989],[-58.68311,-34.35752],[-58.682972,-34.357659]]]}},{"type":"Feature","properties":{"partida":"057011703","cca":"057040E000000001090000000000010900C0024000","tipo":"Urbano","sup_m2":1865.5},"geometry":{"type":"Polygon","coordinates":[[[-58.683676,-34.35813],[-58.682972,-34.357659],[-58.682784,-34.357847],[-58.683363,-34.358168],[-58.683411,-34.358154],[-58.683472,-34.35817],[-58.683528,-34.358226],[-58.683602,-34.35821],[-58.683676,-34.35813]]]}},{"type":"Feature","properties":{"partida":"057011698","cca":"057040E000000001090000000000010900D0001000","tipo":"Urbano","sup_m2":1723.5},"geometry":{"type":"Polygon","coordinates":[[[-58.682102,-34.358564],[-58.682741,-34.357938],[-58.682565,-34.357838],[-58.681934,-34.358475],[-58.682102,-34.358564]]]}},{"type":"Feature","properties":{"partida":"057011825","cca":"057040E000000001090000000000010900D0002000","tipo":"Urbano","sup_m2":1772.4},"geometry":{"type":"Polygon","coordinates":[[[-58.682914,-34.358037],[-58.682741,-34.357938],[-58.682102,-34.358564],[-58.682286,-34.358662],[-58.682914,-34.358037]]]}},{"type":"Feature","properties":{"partida":"057011699","cca":"057040E000000001090000000000010900D0003000","tipo":"Urbano","sup_m2":1750.8},"geometry":{"type":"Polygon","coordinates":[[[-58.682286,-34.358662],[-58.682466,-34.358757],[-58.683089,-34.358137],[-58.682914,-34.358037],[-58.682286,-34.358662]]]}},{"type":"Feature","properties":{"partida":"057011700","cca":"057040E000000001090000000000010900D0004000","tipo":"Urbano","sup_m2":939.4},"geometry":{"type":"Polygon","coordinates":[[[-58.682977,-34.358734],[-58.682659,-34.358564],[-58.682466,-34.358757],[-58.682771,-34.358919],[-58.682977,-34.358734]]]}},{"type":"Feature","properties":{"partida":"057011701","cca":"057040E000000001090000000000010900D0005000","tipo":"Urbano","sup_m2":897.6},"geometry":{"type":"Polygon","coordinates":[[[-58.683166,-34.358564],[-58.682837,-34.358388],[-58.682659,-34.358564],[-58.682977,-34.358734],[-58.683166,-34.358564]]]}},{"type":"Feature","properties":{"partida":"057011702","cca":"057040E000000001090000000000010900D0006000","tipo":"Urbano","sup_m2":1262.5},"geometry":{"type":"Polygon","coordinates":[[[-58.683166,-34.358564],[-58.683359,-34.35839],[-58.68336,-34.358311],[-58.683229,-34.358216],[-58.683089,-34.358137],[-58.682837,-34.358388],[-58.683166,-34.358564]]]}},{"type":"Feature","properties":{"partida":"057011743","cca":"057040E000000001090000000000010900E0001000","tipo":"Urbano","sup_m2":1407.9},"geometry":{"type":"Polygon","coordinates":[[[-58.686791,-34.354951],[-58.687388,-34.35529],[-58.68752,-34.355135],[-58.686931,-34.354797],[-58.686791,-34.354951]]]}},{"type":"Feature","properties":{"partida":"057011816","cca":"057040E000000001090000000000010900E0002000","tipo":"Urbano","sup_m2":1462.7},"geometry":{"type":"Polygon","coordinates":[[[-58.687248,-34.355453],[-58.687388,-34.35529],[-58.686791,-34.354951],[-58.68665,-34.355105],[-58.687248,-34.355453]]]}},{"type":"Feature","properties":{"partida":"057011744","cca":"057040E000000001090000000000010900E0003000","tipo":"Urbano","sup_m2":1293.7},"geometry":{"type":"Polygon","coordinates":[[[-58.687248,-34.355453],[-58.68665,-34.355105],[-58.686523,-34.355245],[-58.68713,-34.355592],[-58.687248,-34.355453]]]}},{"type":"Feature","properties":{"partida":"057011745","cca":"057040E000000001090000000000010900E0004000","tipo":"Urbano","sup_m2":1388.5},"geometry":{"type":"Polygon","coordinates":[[[-58.686523,-34.355245],[-58.686388,-34.355393],[-58.687003,-34.355741],[-58.68713,-34.355592],[-58.686523,-34.355245]]]}},{"type":"Feature","properties":{"partida":"057011746","cca":"057040E000000001090000000000010900E0005000","tipo":"Urbano","sup_m2":1362.2},"geometry":{"type":"Polygon","coordinates":[[[-58.68626,-34.355533],[-58.686877,-34.355888],[-58.687003,-34.355741],[-58.686388,-34.355393],[-58.68626,-34.355533]]]}},{"type":"Feature","properties":{"partida":"057011747","cca":"057040E000000001090000000000010900E0006000","tipo":"Urbano","sup_m2":1375.5},"geometry":{"type":"Polygon","coordinates":[[[-58.686877,-34.355888],[-58.68626,-34.355533],[-58.68613,-34.355676],[-58.686753,-34.356034],[-58.686877,-34.355888]]]}},{"type":"Feature","properties":{"partida":"057011817","cca":"057040E000000001090000000000010900E0007000","tipo":"Urbano","sup_m2":1370.2},"geometry":{"type":"Polygon","coordinates":[[[-58.685997,-34.355822],[-58.686634,-34.356173],[-58.686753,-34.356034],[-58.68613,-34.355676],[-58.685997,-34.355822]]]}},{"type":"Feature","properties":{"partida":"057010853","cca":"057040E000000001090000000000010900E0008000","tipo":"Urbano","sup_m2":1409.9},"geometry":{"type":"Polygon","coordinates":[[[-58.686505,-34.356325],[-58.686634,-34.356173],[-58.685997,-34.355822],[-58.68587,-34.35596],[-58.686505,-34.356325]]]}},{"type":"Feature","properties":{"partida":"057011748","cca":"057040E000000001090000000000010900E0009000","tipo":"Urbano","sup_m2":1481.8},"geometry":{"type":"Polygon","coordinates":[[[-58.686373,-34.356479],[-58.686505,-34.356325],[-58.68587,-34.35596],[-58.685735,-34.356109],[-58.686373,-34.356479]]]}},{"type":"Feature","properties":{"partida":"057011749","cca":"057040E000000001090000000000010900E0010000","tipo":"Urbano","sup_m2":1452.0},"geometry":{"type":"Polygon","coordinates":[[[-58.686246,-34.356627],[-58.686373,-34.356479],[-58.685735,-34.356109],[-58.685603,-34.356254],[-58.686246,-34.356627]]]}},{"type":"Feature","properties":{"partida":"057011750","cca":"057040E000000001090000000000010900E0011000","tipo":"Urbano","sup_m2":1418.3},"geometry":{"type":"Polygon","coordinates":[[[-58.686246,-34.356627],[-58.685603,-34.356254],[-58.685474,-34.356396],[-58.686125,-34.35677],[-58.686246,-34.356627]]]}},{"type":"Feature","properties":{"partida":"057011751","cca":"057040E000000001090000000000010900E0012000","tipo":"Urbano","sup_m2":1325.6},"geometry":{"type":"Polygon","coordinates":[[[-58.685358,-34.356523],[-58.686008,-34.356906],[-58.686125,-34.35677],[-58.685474,-34.356396],[-58.685358,-34.356523]]]}},{"type":"Feature","properties":{"partida":"057011752","cca":"057040E000000001090000000000010900E0013000","tipo":"Urbano","sup_m2":1584.3},"geometry":{"type":"Polygon","coordinates":[[[-58.685877,-34.35706],[-58.686008,-34.356906],[-58.685358,-34.356523],[-58.685213,-34.356681],[-58.685877,-34.35706]]]}},{"type":"Feature","properties":{"partida":"057011753","cca":"057040E000000001090000000000010900E0014000","tipo":"Urbano","sup_m2":1514.6},"geometry":{"type":"Polygon","coordinates":[[[-58.685877,-34.35706],[-58.685213,-34.356681],[-58.685089,-34.356818],[-58.68574,-34.35722],[-58.685877,-34.35706]]]}},{"type":"Feature","properties":{"partida":"057011754","cca":"057040E000000001090000000000010900E0015000","tipo":"Urbano","sup_m2":1451.3},"geometry":{"type":"Polygon","coordinates":[[[-58.684956,-34.356963],[-58.685624,-34.357356],[-58.68574,-34.35722],[-58.685089,-34.356818],[-58.684956,-34.356963]]]}},{"type":"Feature","properties":{"partida":"057011755","cca":"057040E000000001090000000000010900E0016000","tipo":"Urbano","sup_m2":1543.4},"geometry":{"type":"Polygon","coordinates":[[[-58.6855,-34.357502],[-58.685624,-34.357356],[-58.684956,-34.356963],[-58.684818,-34.357115],[-58.6855,-34.357502]]]}},{"type":"Feature","properties":{"partida":"057011756","cca":"057040E000000001090000000000010900E0017000","tipo":"Urbano","sup_m2":1542.5},"geometry":{"type":"Polygon","coordinates":[[[-58.684691,-34.357254],[-58.685368,-34.357656],[-58.6855,-34.357502],[-58.684818,-34.357115],[-58.684691,-34.357254]]]}},{"type":"Feature","properties":{"partida":"057011757","cca":"057040E000000001090000000000010900E0018000","tipo":"Urbano","sup_m2":1474.0},"geometry":{"type":"Polygon","coordinates":[[[-58.685252,-34.357792],[-58.685368,-34.357656],[-58.684691,-34.357254],[-58.684561,-34.357397],[-58.685252,-34.357792]]]}},{"type":"Feature","properties":{"partida":"057011758","cca":"057040E000000001090000000000010900E0019000","tipo":"Urbano","sup_m2":1610.1},"geometry":{"type":"Polygon","coordinates":[[[-58.68512,-34.357947],[-58.685252,-34.357792],[-58.684561,-34.357397],[-58.684427,-34.357545],[-58.68512,-34.357947]]]}},{"type":"Feature","properties":{"partida":"057011759","cca":"057040E000000001090000000000010900E0020000","tipo":"Urbano","sup_m2":1548.8},"geometry":{"type":"Polygon","coordinates":[[[-58.684994,-34.358094],[-58.68512,-34.357947],[-58.684427,-34.357545],[-58.684298,-34.357686],[-58.684994,-34.358094]]]}},{"type":"Feature","properties":{"partida":"057011760","cca":"057040E000000001090000000000010900E0021000","tipo":"Urbano","sup_m2":1606.3},"geometry":{"type":"Polygon","coordinates":[[[-58.684163,-34.357834],[-58.684868,-34.358242],[-58.684994,-34.358094],[-58.684298,-34.357686],[-58.684163,-34.357834]]]}},{"type":"Feature","properties":{"partida":"057011761","cca":"057040E000000001090000000000010900E0022000","tipo":"Urbano","sup_m2":1522.4},"geometry":{"type":"Polygon","coordinates":[[[-58.684038,-34.35797],[-58.684746,-34.358385],[-58.684868,-34.358242],[-58.684163,-34.357834],[-58.684038,-34.35797]]]}},{"type":"Feature","properties":{"partida":"057011762","cca":"057040E000000001090000000000010900E0023000","tipo":"Urbano","sup_m2":1725.5},"geometry":{"type":"Polygon","coordinates":[[[-58.684614,-34.358539],[-58.684746,-34.358385],[-58.684038,-34.35797],[-58.683893,-34.35813],[-58.684614,-34.358539]]]}},{"type":"Feature","properties":{"partida":"057011763","cca":"057040E000000001090000000000010900E0024000","tipo":"Urbano","sup_m2":1848.7},"geometry":{"type":"Polygon","coordinates":[[[-58.684614,-34.358539],[-58.683893,-34.35813],[-58.683802,-34.35823],[-58.683814,-34.3583],[-58.683928,-34.358366],[-58.6839,-34.358399],[-58.684465,-34.358714],[-58.684614,-34.358539]]]}},{"type":"Feature","properties":{"partida":"057011764","cca":"057040E000000001090000000000010900F0001000","tipo":"Urbano","sup_m2":979.2},"geometry":{"type":"Polygon","coordinates":[[[-58.683801,-34.358474],[-58.683776,-34.35846],[-58.683721,-34.358453],[-58.683688,-34.358439],[-58.683658,-34.358413],[-58.683507,-34.358418],[-58.683298,-34.358612],[-58.683581,-34.358762],[-58.683801,-34.358474]]]}},{"type":"Feature","properties":{"partida":"057011765","cca":"057040E000000001090000000000010900F0002000","tipo":"Urbano","sup_m2":834.4},"geometry":{"type":"Polygon","coordinates":[[[-58.683434,-34.358954],[-58.683581,-34.358762],[-58.683298,-34.358612],[-58.683112,-34.358786],[-58.683434,-34.358954]]]}},{"type":"Feature","properties":{"partida":"057011766","cca":"057040E000000001090000000000010900F000300A","tipo":"Urbano","sup_m2":327.2},"geometry":{"type":"Polygon","coordinates":[[[-58.683026,-34.359051],[-58.683197,-34.358831],[-58.683112,-34.358786],[-58.682924,-34.358961],[-58.682943,-34.359008],[-58.683026,-34.359051]]]}},{"type":"Feature","properties":{"partida":"057072317","cca":"057040E000000001090000000000010900F000300B","tipo":"Urbano","sup_m2":347.6},"geometry":{"type":"Polygon","coordinates":[[[-58.683139,-34.35911],[-58.683304,-34.358886],[-58.683197,-34.358831],[-58.683026,-34.359051],[-58.683139,-34.35911]]]}},{"type":"Feature","properties":{"partida":"057072318","cca":"057040E000000001090000000000010900F000300C","tipo":"Urbano","sup_m2":404.9},"geometry":{"type":"Polygon","coordinates":[[[-58.683139,-34.35911],[-58.683264,-34.359176],[-58.683434,-34.358954],[-58.683304,-34.358886],[-58.683139,-34.35911]]]}},{"type":"Feature","properties":{"partida":"057011818","cca":"057040E000000001090000000000010900F0004000","tipo":"Urbano","sup_m2":1879.8},"geometry":{"type":"Polygon","coordinates":[[[-58.683453,-34.359275],[-58.683985,-34.358577],[-58.683801,-34.358474],[-58.683264,-34.359176],[-58.683453,-34.359275]]]}},{"type":"Feature","properties":{"partida":"057011767","cca":"057040E000000001090000000000010900F0005000","tipo":"Urbano","sup_m2":1841.3},"geometry":{"type":"Polygon","coordinates":[[[-58.68417,-34.358681],[-58.683985,-34.358577],[-58.683453,-34.359275],[-58.683635,-34.35937],[-58.68417,-34.358681]]]}},{"type":"Feature","properties":{"partida":"057010850","cca":"057040E000000001090000000000010900F0006000","tipo":"Urbano","sup_m2":1803.9},"geometry":{"type":"Polygon","coordinates":[[[-58.684346,-34.35878],[-58.68417,-34.358681],[-58.683635,-34.35937],[-58.68382,-34.359468],[-58.684346,-34.35878]]]}},{"type":"Feature","properties":{"partida":"057011768","cca":"057040E000000001090000000000010900F0007000","tipo":"Urbano","sup_m2":1808.1},"geometry":{"type":"Polygon","coordinates":[[[-58.684346,-34.35878],[-58.68382,-34.359468],[-58.684004,-34.359564],[-58.684521,-34.358894],[-58.684434,-34.358829],[-58.684346,-34.35878]]]}},{"type":"Feature","properties":{"partida":"057011794","cca":"057040E000000001090000000000010900G0001000","tipo":"Urbano","sup_m2":1065.2},"geometry":{"type":"Polygon","coordinates":[[[-58.687447,-34.355386],[-58.688023,-34.355707],[-58.688119,-34.355581],[-58.6876,-34.355283],[-58.687521,-34.355298],[-58.687447,-34.355386]]]}},{"type":"Feature","properties":{"partida":"057011793","cca":"057040E000000001090000000000010900G0002000","tipo":"Urbano","sup_m2":952.5},"geometry":{"type":"Polygon","coordinates":[[[-58.687358,-34.355494],[-58.687935,-34.355823],[-58.688023,-34.355707],[-58.687447,-34.355386],[-58.687358,-34.355494]]]}},{"type":"Feature","properties":{"partida":"057010852","cca":"057040E000000001090000000000010900G0003000","tipo":"Urbano","sup_m2":1261.5},"geometry":{"type":"Polygon","coordinates":[[[-58.687935,-34.355823],[-58.687358,-34.355494],[-58.687236,-34.35564],[-58.687824,-34.355969],[-58.687935,-34.355823]]]}},{"type":"Feature","properties":{"partida":"057011792","cca":"057040E000000001090000000000010900G0004000","tipo":"Urbano","sup_m2":1320.6},"geometry":{"type":"Polygon","coordinates":[[[-58.687113,-34.355788],[-58.687706,-34.356124],[-58.687824,-34.355969],[-58.687236,-34.35564],[-58.687113,-34.355788]]]}},{"type":"Feature","properties":{"partida":"057011791","cca":"057040E000000001090000000000010900G0005000","tipo":"Urbano","sup_m2":1271.1},"geometry":{"type":"Polygon","coordinates":[[[-58.687706,-34.356124],[-58.687113,-34.355788],[-58.686992,-34.355934],[-58.687597,-34.356266],[-58.687706,-34.356124]]]}},{"type":"Feature","properties":{"partida":"057011790","cca":"057040E000000001090000000000010900G0006000","tipo":"Urbano","sup_m2":1293.3},"geometry":{"type":"Polygon","coordinates":[[[-58.686877,-34.356072],[-58.687482,-34.356417],[-58.687597,-34.356266],[-58.686992,-34.355934],[-58.686877,-34.356072]]]}},{"type":"Feature","properties":{"partida":"057011789","cca":"057040E000000001090000000000010900G0007000","tipo":"Urbano","sup_m2":1409.3},"geometry":{"type":"Polygon","coordinates":[[[-58.687363,-34.356575],[-58.687482,-34.356417],[-58.686877,-34.356072],[-58.686748,-34.356226],[-58.687363,-34.356575]]]}},{"type":"Feature","properties":{"partida":"057011788","cca":"057040E000000001090000000000010900G0008000","tipo":"Urbano","sup_m2":1304.5},"geometry":{"type":"Polygon","coordinates":[[[-58.687252,-34.35672],[-58.687363,-34.356575],[-58.686748,-34.356226],[-58.686632,-34.356366],[-58.687252,-34.35672]]]}},{"type":"Feature","properties":{"partida":"057011787","cca":"057040E000000001090000000000010900G0009000","tipo":"Urbano","sup_m2":1407.6},"geometry":{"type":"Polygon","coordinates":[[[-58.687252,-34.35672],[-58.686632,-34.356366],[-58.686509,-34.356515],[-58.687133,-34.356876],[-58.687252,-34.35672]]]}},{"type":"Feature","properties":{"partida":"057011786","cca":"057040E000000001090000000000010900G0010000","tipo":"Urbano","sup_m2":1402.7},"geometry":{"type":"Polygon","coordinates":[[[-58.686385,-34.356664],[-58.687019,-34.357026],[-58.687133,-34.356876],[-58.686509,-34.356515],[-58.686385,-34.356664]]]}},{"type":"Feature","properties":{"partida":"057011785","cca":"057040E000000001090000000000010900G0011000","tipo":"Urbano","sup_m2":1375.8},"geometry":{"type":"Polygon","coordinates":[[[-58.686905,-34.357176],[-58.687019,-34.357026],[-58.686385,-34.356664],[-58.686267,-34.356805],[-58.686905,-34.357176]]]}},{"type":"Feature","properties":{"partida":"057011784","cca":"057040E000000001090000000000010900G0012000","tipo":"Urbano","sup_m2":1411.5},"geometry":{"type":"Polygon","coordinates":[[[-58.686148,-34.356949],[-58.68679,-34.357327],[-58.686905,-34.357176],[-58.686267,-34.356805],[-58.686148,-34.356949]]]}},{"type":"Feature","properties":{"partida":"057011783","cca":"057040E000000001090000000000010900G0013000","tipo":"Urbano","sup_m2":1392.8},"geometry":{"type":"Polygon","coordinates":[[[-58.686025,-34.357096],[-58.686683,-34.357467],[-58.68679,-34.357327],[-58.686148,-34.356949],[-58.686025,-34.357096]]]}},{"type":"Feature","properties":{"partida":"057011782","cca":"057040E000000001090000000000010900G0014000","tipo":"Urbano","sup_m2":1348.1},"geometry":{"type":"Polygon","coordinates":[[[-58.685915,-34.357228],[-58.686573,-34.357611],[-58.686683,-34.357467],[-58.686025,-34.357096],[-58.685915,-34.357228]]]}},{"type":"Feature","properties":{"partida":"057011781","cca":"057040E000000001090000000000010900G0015000","tipo":"Urbano","sup_m2":1011.1},"geometry":{"type":"Polygon","coordinates":[[[-58.686497,-34.357711],[-58.686573,-34.357611],[-58.685915,-34.357228],[-58.685828,-34.357333],[-58.686497,-34.357711]]]}},{"type":"Feature","properties":{"partida":"057011780","cca":"057040E000000001090000000000010900G0016000","tipo":"Urbano","sup_m2":1503.7},"geometry":{"type":"Polygon","coordinates":[[[-58.685706,-34.35748],[-58.686379,-34.357866],[-58.686497,-34.357711],[-58.685828,-34.357333],[-58.685706,-34.35748]]]}},{"type":"Feature","properties":{"partida":"057011779","cca":"057040E000000001090000000000010900G0017000","tipo":"Urbano","sup_m2":1434.9},"geometry":{"type":"Polygon","coordinates":[[[-58.685588,-34.357622],[-58.68627,-34.358009],[-58.686379,-34.357866],[-58.685706,-34.35748],[-58.685588,-34.357622]]]}},{"type":"Feature","properties":{"partida":"057011778","cca":"057040E000000001090000000000010900G0018000","tipo":"Urbano","sup_m2":1447.7},"geometry":{"type":"Polygon","coordinates":[[[-58.68616,-34.358153],[-58.68627,-34.358009],[-58.685588,-34.357622],[-58.68547,-34.357763],[-58.68616,-34.358153]]]}},{"type":"Feature","properties":{"partida":"057011777","cca":"057040E000000001090000000000010900G0019000","tipo":"Urbano","sup_m2":1570.2},"geometry":{"type":"Polygon","coordinates":[[[-58.686042,-34.358308],[-58.68616,-34.358153],[-58.68547,-34.357763],[-58.685345,-34.357914],[-58.686042,-34.358308]]]}},{"type":"Feature","properties":{"partida":"057011776","cca":"057040E000000001090000000000010900G0020000","tipo":"Urbano","sup_m2":1486.9},"geometry":{"type":"Polygon","coordinates":[[[-58.685936,-34.358449],[-58.686042,-34.358308],[-58.685345,-34.357914],[-58.685224,-34.35806],[-58.685936,-34.358449]]]}},{"type":"Feature","properties":{"partida":"057011775","cca":"057040E000000001090000000000010900G0021000","tipo":"Urbano","sup_m2":1582.4},"geometry":{"type":"Polygon","coordinates":[[[-58.685936,-34.358449],[-58.685224,-34.35806],[-58.6851,-34.358208],[-58.685818,-34.358602],[-58.685936,-34.358449]]]}},{"type":"Feature","properties":{"partida":"057011774","cca":"057040E000000001090000000000010900G0022000","tipo":"Urbano","sup_m2":1580.5},"geometry":{"type":"Polygon","coordinates":[[[-58.68498,-34.358353],[-58.685702,-34.358756],[-58.685818,-34.358602],[-58.6851,-34.358208],[-58.68498,-34.358353]]]}},{"type":"Feature","properties":{"partida":"057011773","cca":"057040E000000001090000000000010900G0023000","tipo":"Urbano","sup_m2":1578.4},"geometry":{"type":"Polygon","coordinates":[[[-58.685702,-34.358756],[-58.68498,-34.358353],[-58.684857,-34.358501],[-58.685589,-34.358903],[-58.685702,-34.358756]]]}},{"type":"Feature","properties":{"partida":"057010851","cca":"057040E000000001090000000000010900G0024000","tipo":"Urbano","sup_m2":1680.8},"geometry":{"type":"Polygon","coordinates":[[[-58.684731,-34.358652],[-58.685467,-34.359064],[-58.685589,-34.358903],[-58.684857,-34.358501],[-58.684731,-34.358652]]]}},{"type":"Feature","properties":{"partida":"057067500","cca":"057040E000000001090000000000010900G0025000","tipo":"Urbano","sup_m2":1600.5},"geometry":{"type":"Polygon","coordinates":[[[-58.685467,-34.359064],[-58.684731,-34.358652],[-58.684607,-34.358801],[-58.685357,-34.359208],[-58.685467,-34.359064]]]}},{"type":"Feature","properties":{"partida":"057011772","cca":"057040E000000001090000000000010900H0001000","tipo":"Urbano","sup_m2":1619.9},"geometry":{"type":"Polygon","coordinates":[[[-58.684434,-34.359102],[-58.685103,-34.359445],[-58.685225,-34.359287],[-58.684572,-34.35892],[-58.684434,-34.359102]]]}},{"type":"Feature","properties":{"partida":"057011771","cca":"057040E000000001090000000000010900H0002000","tipo":"Urbano","sup_m2":1489.0},"geometry":{"type":"Polygon","coordinates":[[[-58.684981,-34.359604],[-58.685103,-34.359445],[-58.684434,-34.359102],[-58.684316,-34.359256],[-58.684981,-34.359604]]]}},{"type":"Feature","properties":{"partida":"057011770","cca":"057040E000000001090000000000010900H0003000","tipo":"Urbano","sup_m2":1501.6},"geometry":{"type":"Polygon","coordinates":[[[-58.684195,-34.359415],[-58.68486,-34.359761],[-58.684981,-34.359604],[-58.684316,-34.359256],[-58.684195,-34.359415]]]}},{"type":"Feature","properties":{"partida":"057011769","cca":"057040E000000001090000000000010900H0004000","tipo":"Urbano","sup_m2":903.3},"geometry":{"type":"Polygon","coordinates":[[[-58.684372,-34.359781],[-58.684522,-34.359585],[-58.684195,-34.359415],[-58.684048,-34.359607],[-58.684372,-34.359781]]]}},{"type":"Feature","properties":{"partida":"057010849","cca":"057040E000000001090000000000010900H0005000","tipo":"Urbano","sup_m2":951.9},"geometry":{"type":"Polygon","coordinates":[[[-58.684372,-34.359781],[-58.684707,-34.35996],[-58.68486,-34.359761],[-58.684522,-34.359585],[-58.684372,-34.359781]]]}},{"type":"Feature","properties":{"partida":"057007610","cca":"057040E000000001100000000000011000A0001000","tipo":"Urbano","sup_m2":772.6},"geometry":{"type":"Polygon","coordinates":[[[-58.680953,-34.358547],[-58.681223,-34.358208],[-58.681098,-34.358142],[-58.680762,-34.358449],[-58.680953,-34.358547]]]}},{"type":"Feature","properties":{"partida":"057007599","cca":"057040E000000001100000000000011000A000200A","tipo":"Urbano","sup_m2":474.2},"geometry":{"type":"Polygon","coordinates":[[[-58.680953,-34.358547],[-58.680762,-34.358449],[-58.680621,-34.358578],[-58.68081,-34.358725],[-58.680953,-34.358547]]]}},{"type":"Feature","properties":{"partida":"057089253","cca":"057040E000000001100000000000011000A000200B","tipo":"Urbano","sup_m2":475.5},"geometry":{"type":"Polygon","coordinates":[[[-58.680711,-34.35885],[-58.68081,-34.358725],[-58.680621,-34.358578],[-58.680466,-34.35872],[-58.680711,-34.35885]]]}},{"type":"Feature","properties":{"partida":"057007598","cca":"057040E000000001100000000000011000A0003000","tipo":"Urbano","sup_m2":1039.4},"geometry":{"type":"Polygon","coordinates":[[[-58.680466,-34.35872],[-58.680205,-34.35896],[-58.680499,-34.359115],[-58.680711,-34.35885],[-58.680466,-34.35872]]]}},{"type":"Feature","properties":{"partida":"057007597","cca":"057040E000000001100000000000011000A0004000","tipo":"Urbano","sup_m2":932.2},"geometry":{"type":"Polygon","coordinates":[[[-58.680642,-34.359191],[-58.681001,-34.358739],[-58.680859,-34.358664],[-58.680499,-34.359115],[-58.680642,-34.359191]]]}},{"type":"Feature","properties":{"partida":"057007807","cca":"057040E000000001100000000000011000A0005000","tipo":"Urbano","sup_m2":867.6},"geometry":{"type":"Polygon","coordinates":[[[-58.681132,-34.358809],[-58.681001,-34.358739],[-58.680642,-34.359191],[-58.680776,-34.359261],[-58.681132,-34.358809]]]}},{"type":"Feature","properties":{"partida":"057007595","cca":"057040E000000001100000000000011000A0006000","tipo":"Urbano","sup_m2":931.0},"geometry":{"type":"Polygon","coordinates":[[[-58.681274,-34.358884],[-58.681132,-34.358809],[-58.680776,-34.359261],[-58.680919,-34.359337],[-58.681274,-34.358884]]]}},{"type":"Feature","properties":{"partida":"057007594","cca":"057040E000000001100000000000011000A0007000","tipo":"Urbano","sup_m2":861.5},"geometry":{"type":"Polygon","coordinates":[[[-58.680919,-34.359337],[-58.681048,-34.359405],[-58.681408,-34.358954],[-58.681274,-34.358884],[-58.680919,-34.359337]]]}},{"type":"Feature","properties":{"partida":"057007593","cca":"057040E000000001100000000000011000A000800A","tipo":"Urbano","sup_m2":1782.5},"geometry":{"type":"Polygon","coordinates":[[[-58.68132,-34.359549],[-58.681681,-34.359099],[-58.681408,-34.358954],[-58.681048,-34.359405],[-58.68132,-34.359549]]]}},{"type":"Feature","properties":{"partida":"057016414","cca":"057040E000000001100000000000011000A0010000","tipo":"Urbano","sup_m2":918.8},"geometry":{"type":"Polygon","coordinates":[[[-58.681819,-34.359172],[-58.681681,-34.359099],[-58.68132,-34.359549],[-58.681463,-34.359625],[-58.681819,-34.359172]]]}},{"type":"Feature","properties":{"partida":"057016413","cca":"057040E000000001100000000000011000A0011000","tipo":"Urbano","sup_m2":855.4},"geometry":{"type":"Polygon","coordinates":[[[-58.681463,-34.359625],[-58.681592,-34.359693],[-58.681951,-34.359243],[-58.681819,-34.359172],[-58.681463,-34.359625]]]}},{"type":"Feature","properties":{"partida":"057016412","cca":"057040E000000001100000000000011000A0012000","tipo":"Urbano","sup_m2":911.1},"geometry":{"type":"Polygon","coordinates":[[[-58.68209,-34.359316],[-58.681951,-34.359243],[-58.681592,-34.359693],[-58.681733,-34.359767],[-58.68209,-34.359316]]]}},{"type":"Feature","properties":{"partida":"057007809","cca":"057040E000000001100000000000011000A0013000","tipo":"Urbano","sup_m2":925.7},"geometry":{"type":"Polygon","coordinates":[[[-58.68223,-34.35939],[-58.68209,-34.359316],[-58.681733,-34.359767],[-58.681876,-34.359843],[-58.68223,-34.35939]]]}},{"type":"Feature","properties":{"partida":"057016411","cca":"057040E000000001100000000000011000A0014000","tipo":"Urbano","sup_m2":891.4},"geometry":{"type":"Polygon","coordinates":[[[-58.681876,-34.359843],[-58.682012,-34.359914],[-58.682367,-34.359463],[-58.68223,-34.35939],[-58.681876,-34.359843]]]}},{"type":"Feature","properties":{"partida":"057007600","cca":"057040E000000001100000000000011000A0015000","tipo":"Urbano","sup_m2":911.0},"geometry":{"type":"Polygon","coordinates":[[[-58.682266,-34.35909],[-58.68209,-34.359316],[-58.682367,-34.359463],[-58.682546,-34.359235],[-58.682266,-34.35909]]]}},{"type":"Feature","properties":{"partida":"057007601","cca":"057040E000000001100000000000011000A0016000","tipo":"Urbano","sup_m2":915.1},"geometry":{"type":"Polygon","coordinates":[[[-58.682546,-34.359235],[-58.682724,-34.359009],[-58.682446,-34.358861],[-58.682266,-34.35909],[-58.682546,-34.359235]]]}},{"type":"Feature","properties":{"partida":"057007612","cca":"057040E000000001100000000000011000A0017000","tipo":"Urbano","sup_m2":893.6},"geometry":{"type":"Polygon","coordinates":[[[-58.682312,-34.35879],[-58.681951,-34.359243],[-58.68209,-34.359316],[-58.682446,-34.358861],[-58.682312,-34.35879]]]}},{"type":"Feature","properties":{"partida":"057007602","cca":"057040E000000001100000000000011000A0018000","tipo":"Urbano","sup_m2":883.0},"geometry":{"type":"Polygon","coordinates":[[[-58.682177,-34.358717],[-58.681819,-34.359172],[-58.681951,-34.359243],[-58.682312,-34.35879],[-58.682177,-34.358717]]]}},{"type":"Feature","properties":{"partida":"057007603","cca":"057040E000000001100000000000011000A0019000","tipo":"Urbano","sup_m2":894.8},"geometry":{"type":"Polygon","coordinates":[[[-58.681681,-34.359099],[-58.681819,-34.359172],[-58.682177,-34.358717],[-58.682043,-34.358646],[-58.681681,-34.359099]]]}},{"type":"Feature","properties":{"partida":"057007604","cca":"057040E000000001100000000000011000A0020000","tipo":"Urbano","sup_m2":880.6},"geometry":{"type":"Polygon","coordinates":[[[-58.681908,-34.358574],[-58.681549,-34.35903],[-58.681681,-34.359099],[-58.682043,-34.358646],[-58.681908,-34.358574]]]}},{"type":"Feature","properties":{"partida":"057007605","cca":"057040E000000001100000000000011000A0021000","tipo":"Urbano","sup_m2":922.9},"geometry":{"type":"Polygon","coordinates":[[[-58.68177,-34.3585],[-58.681408,-34.358954],[-58.681549,-34.35903],[-58.681908,-34.358574],[-58.68177,-34.3585]]]}},{"type":"Feature","properties":{"partida":"057007606","cca":"057040E000000001100000000000011000A0022000","tipo":"Urbano","sup_m2":897.2},"geometry":{"type":"Polygon","coordinates":[[[-58.681632,-34.358427],[-58.681274,-34.358884],[-58.681408,-34.358954],[-58.68177,-34.3585],[-58.681632,-34.358427]]]}},{"type":"Feature","properties":{"partida":"057007607","cca":"057040E000000001100000000000011000A0023000","tipo":"Urbano","sup_m2":931.8},"geometry":{"type":"Polygon","coordinates":[[[-58.681492,-34.358352],[-58.681132,-34.358809],[-58.681274,-34.358884],[-58.681632,-34.358427],[-58.681492,-34.358352]]]}},{"type":"Feature","properties":{"partida":"057007608","cca":"057040E000000001100000000000011000A0024000","tipo":"Urbano","sup_m2":860.8},"geometry":{"type":"Polygon","coordinates":[[[-58.681132,-34.358809],[-58.681492,-34.358352],[-58.681363,-34.358283],[-58.681001,-34.358739],[-58.681132,-34.358809]]]}},{"type":"Feature","properties":{"partida":"057007609","cca":"057040E000000001100000000000011000A0025000","tipo":"Urbano","sup_m2":933.6},"geometry":{"type":"Polygon","coordinates":[[[-58.680859,-34.358664],[-58.681001,-34.358739],[-58.681363,-34.358283],[-58.681223,-34.358208],[-58.680859,-34.358664]]]}},{"type":"Feature","properties":{"partida":"057007586","cca":"057040E000000001100000000000011000B0001000","tipo":"Urbano","sup_m2":888.5},"geometry":{"type":"Polygon","coordinates":[[[-58.68297,-34.359466],[-58.683145,-34.359239],[-58.682873,-34.359096],[-58.682696,-34.359323],[-58.68297,-34.359466]]]}},{"type":"Feature","properties":{"partida":"057007585","cca":"057040E000000001100000000000011000B0002000","tipo":"Urbano","sup_m2":914.9},"geometry":{"type":"Polygon","coordinates":[[[-58.682696,-34.359323],[-58.682516,-34.359555],[-58.682791,-34.359699],[-58.68297,-34.359466],[-58.682696,-34.359323]]]}},{"type":"Feature","properties":{"partida":"057007574","cca":"057040E000000001100000000000011000B0003000","tipo":"Urbano","sup_m2":1861.9},"geometry":{"type":"Polygon","coordinates":[[[-58.682791,-34.359699],[-58.682516,-34.359555],[-58.682152,-34.360025],[-58.682427,-34.360172],[-58.682791,-34.359699]]]}},{"type":"Feature","properties":{"partida":"057007580","cca":"057040E000000001100000000000011000B0004000","tipo":"Urbano","sup_m2":937.4},"geometry":{"type":"Polygon","coordinates":[[[-58.682928,-34.359772],[-58.682791,-34.359699],[-58.682427,-34.360172],[-58.682566,-34.360246],[-58.682928,-34.359772]]]}},{"type":"Feature","properties":{"partida":"057007808","cca":"057040E000000001100000000000011000B0005000","tipo":"Urbano","sup_m2":916.0},"geometry":{"type":"Polygon","coordinates":[[[-58.682566,-34.360246],[-58.682698,-34.360316],[-58.683065,-34.359844],[-58.682928,-34.359772],[-58.682566,-34.360246]]]}},{"type":"Feature","properties":{"partida":"057007571","cca":"057040E000000001100000000000011000B0006000","tipo":"Urbano","sup_m2":959.8},"geometry":{"type":"Polygon","coordinates":[[[-58.682839,-34.360392],[-58.683206,-34.359918],[-58.683065,-34.359844],[-58.682698,-34.360316],[-58.682839,-34.360392]]]}},{"type":"Feature","properties":{"partida":"057007570","cca":"057040E000000001100000000000011000B0007000","tipo":"Urbano","sup_m2":930.1},"geometry":{"type":"Polygon","coordinates":[[[-58.682976,-34.360464],[-58.683342,-34.359989],[-58.683206,-34.359918],[-58.682839,-34.360392],[-58.682976,-34.360464]]]}},{"type":"Feature","properties":{"partida":"057007569","cca":"057040E000000001100000000000011000B0008000","tipo":"Urbano","sup_m2":896.4},"geometry":{"type":"Polygon","coordinates":[[[-58.683472,-34.360058],[-58.683342,-34.359989],[-58.682976,-34.360464],[-58.683108,-34.360535],[-58.683472,-34.360058]]]}},{"type":"Feature","properties":{"partida":"057007568","cca":"057040E000000001100000000000011000B0009000","tipo":"Urbano","sup_m2":956.0},"geometry":{"type":"Polygon","coordinates":[[[-58.683472,-34.360058],[-58.683108,-34.360535],[-58.683247,-34.360609],[-58.683612,-34.360132],[-58.683472,-34.360058]]]}},{"type":"Feature","properties":{"partida":"057007567","cca":"057040E000000001100000000000011000B0010000","tipo":"Urbano","sup_m2":934.9},"geometry":{"type":"Polygon","coordinates":[[[-58.683749,-34.360203],[-58.683612,-34.360132],[-58.683247,-34.360609],[-58.683384,-34.360682],[-58.683749,-34.360203]]]}},{"type":"Feature","properties":{"partida":"057007566","cca":"057040E000000001100000000000011000B0011000","tipo":"Urbano","sup_m2":915.2},"geometry":{"type":"Polygon","coordinates":[[[-58.683749,-34.360203],[-58.683384,-34.360682],[-58.683516,-34.360752],[-58.683883,-34.360274],[-58.683749,-34.360203]]]}},{"type":"Feature","properties":{"partida":"057007565","cca":"057040E000000001100000000000011000B0012000","tipo":"Urbano","sup_m2":933.2},"geometry":{"type":"Polygon","coordinates":[[[-58.683516,-34.360752],[-58.683648,-34.360822],[-58.684023,-34.360347],[-58.683883,-34.360274],[-58.683516,-34.360752]]]}},{"type":"Feature","properties":{"partida":"057007564","cca":"057040E000000001100000000000011000B0013000","tipo":"Urbano","sup_m2":938.1},"geometry":{"type":"Polygon","coordinates":[[[-58.684156,-34.360417],[-58.684023,-34.360347],[-58.683648,-34.360822],[-58.683787,-34.360897],[-58.684156,-34.360417]]]}},{"type":"Feature","properties":{"partida":"057007563","cca":"057040E000000001100000000000011000B0014000","tipo":"Urbano","sup_m2":1010.8},"geometry":{"type":"Polygon","coordinates":[[[-58.683787,-34.360897],[-58.683935,-34.360975],[-58.684302,-34.360494],[-58.684156,-34.360417],[-58.683787,-34.360897]]]}},{"type":"Feature","properties":{"partida":"057007576","cca":"057040E000000001100000000000011000B0015000","tipo":"Urbano","sup_m2":913.6},"geometry":{"type":"Polygon","coordinates":[[[-58.684203,-34.360119],[-58.684023,-34.360347],[-58.684302,-34.360494],[-58.684478,-34.360262],[-58.684203,-34.360119]]]}},{"type":"Feature","properties":{"partida":"057007611","cca":"057040E000000001100000000000011000B0016000","tipo":"Urbano","sup_m2":896.8},"geometry":{"type":"Polygon","coordinates":[[[-58.684478,-34.360262],[-58.684653,-34.360032],[-58.684384,-34.35989],[-58.684203,-34.360119],[-58.684478,-34.360262]]]}},{"type":"Feature","properties":{"partida":"057007577","cca":"057040E000000001100000000000011000B0017000","tipo":"Urbano","sup_m2":942.7},"geometry":{"type":"Polygon","coordinates":[[[-58.684238,-34.359813],[-58.683883,-34.360274],[-58.684023,-34.360347],[-58.684384,-34.35989],[-58.684238,-34.359813]]]}},{"type":"Feature","properties":{"partida":"057007613","cca":"057040E000000001100000000000011000B0018000","tipo":"Urbano","sup_m2":897.5},"geometry":{"type":"Polygon","coordinates":[[[-58.683883,-34.360274],[-58.684238,-34.359813],[-58.6841,-34.359741],[-58.683749,-34.360203],[-58.683883,-34.360274]]]}},{"type":"Feature","properties":{"partida":"057007578","cca":"057040E000000001100000000000011000B0019000","tipo":"Urbano","sup_m2":894.8},"geometry":{"type":"Polygon","coordinates":[[[-58.683965,-34.35967],[-58.683612,-34.360132],[-58.683749,-34.360203],[-58.6841,-34.359741],[-58.683965,-34.35967]]]}},{"type":"Feature","properties":{"partida":"057007579","cca":"057040E000000001100000000000011000B0020000","tipo":"Urbano","sup_m2":931.6},"geometry":{"type":"Polygon","coordinates":[[[-58.683472,-34.360058],[-58.683612,-34.360132],[-58.683965,-34.35967],[-58.683824,-34.359596],[-58.683472,-34.360058]]]}},{"type":"Feature","properties":{"partida":"057007573","cca":"057040E000000001100000000000011000B002100A","tipo":"Urbano","sup_m2":1747.3},"geometry":{"type":"Polygon","coordinates":[[[-58.683472,-34.360058],[-58.683824,-34.359596],[-58.683561,-34.359458],[-58.683206,-34.359918],[-58.683472,-34.360058]]]}},{"type":"Feature","properties":{"partida":"057007582","cca":"057040E000000001100000000000011000B0023000","tipo":"Urbano","sup_m2":924.0},"geometry":{"type":"Polygon","coordinates":[[[-58.683421,-34.359384],[-58.683065,-34.359844],[-58.683206,-34.359918],[-58.683561,-34.359458],[-58.683421,-34.359384]]]}},{"type":"Feature","properties":{"partida":"057007583","cca":"057040E000000001100000000000011000B0024000","tipo":"Urbano","sup_m2":920.6},"geometry":{"type":"Polygon","coordinates":[[[-58.68328,-34.35931],[-58.682928,-34.359772],[-58.683065,-34.359844],[-58.683421,-34.359384],[-58.68328,-34.35931]]]}},{"type":"Feature","properties":{"partida":"057007584","cca":"057040E000000001100000000000011000B0025000","tipo":"Urbano","sup_m2":897.7},"geometry":{"type":"Polygon","coordinates":[[[-58.682928,-34.359772],[-58.68328,-34.35931],[-58.683145,-34.359239],[-58.682791,-34.359699],[-58.682928,-34.359772]]]}},{"type":"Feature","properties":{"partida":"057035189","cca":"057040E000000001110000000000011100A0001000","tipo":"Urbano","sup_m2":876.4},"geometry":{"type":"Polygon","coordinates":[[[-58.688629,-34.355759],[-58.688361,-34.355616],[-58.688315,-34.355628],[-58.688174,-34.355809],[-58.688466,-34.355967],[-58.688629,-34.355759]]]}},{"type":"Feature","properties":{"partida":"057035188","cca":"057040E000000001110000000000011100A0002000","tipo":"Urbano","sup_m2":852.8},"geometry":{"type":"Polygon","coordinates":[[[-58.688174,-34.355809],[-58.688017,-34.356011],[-58.688313,-34.356168],[-58.688466,-34.355967],[-58.688174,-34.355809]]]}},{"type":"Feature","properties":{"partida":"057035187","cca":"057040E000000001110000000000011100A0003000","tipo":"Urbano","sup_m2":742.3},"geometry":{"type":"Polygon","coordinates":[[[-58.688017,-34.356011],[-58.687925,-34.356126],[-58.688359,-34.356361],[-58.688452,-34.356242],[-58.688017,-34.356011]]]}},{"type":"Feature","properties":{"partida":"057035186","cca":"057040E000000001110000000000011100A0004000","tipo":"Urbano","sup_m2":814.5},"geometry":{"type":"Polygon","coordinates":[[[-58.688359,-34.356361],[-58.687925,-34.356126],[-58.687824,-34.356257],[-58.688259,-34.35649],[-58.688359,-34.356361]]]}},{"type":"Feature","properties":{"partida":"057035185","cca":"057040E000000001110000000000011100A0005000","tipo":"Urbano","sup_m2":795.6},"geometry":{"type":"Polygon","coordinates":[[[-58.687824,-34.356257],[-58.687723,-34.356385],[-58.688162,-34.356615],[-58.688259,-34.35649],[-58.687824,-34.356257]]]}},{"type":"Feature","properties":{"partida":"057035184","cca":"057040E000000001110000000000011100A0006000","tipo":"Urbano","sup_m2":842.1},"geometry":{"type":"Polygon","coordinates":[[[-58.687723,-34.356385],[-58.687573,-34.356577],[-58.687873,-34.356738],[-58.688026,-34.356542],[-58.687723,-34.356385]]]}},{"type":"Feature","properties":{"partida":"057035183","cca":"057040E000000001110000000000011100A0007000","tipo":"Urbano","sup_m2":818.7},"geometry":{"type":"Polygon","coordinates":[[[-58.687573,-34.356577],[-58.687447,-34.356741],[-58.687459,-34.356788],[-58.687725,-34.356928],[-58.687873,-34.356738],[-58.687573,-34.356577]]]}},{"type":"Feature","properties":{"partida":"057035182","cca":"057040E000000001110000000000011100A0008000","tipo":"Urbano","sup_m2":765.1},"geometry":{"type":"Polygon","coordinates":[[[-58.687862,-34.357001],[-58.688162,-34.356615],[-58.688026,-34.356542],[-58.687725,-34.356928],[-58.687862,-34.357001]]]}},{"type":"Feature","properties":{"partida":"057035181","cca":"057040E000000001110000000000011100A0009000","tipo":"Urbano","sup_m2":847.3},"geometry":{"type":"Polygon","coordinates":[[[-58.687862,-34.357001],[-58.688014,-34.357085],[-58.688311,-34.356696],[-58.688162,-34.356615],[-58.687862,-34.357001]]]}},{"type":"Feature","properties":{"partida":"057035175","cca":"057040E000000001110000000000011100A0010000","tipo":"Urbano","sup_m2":780.5},"geometry":{"type":"Polygon","coordinates":[[[-58.688014,-34.357085],[-58.688274,-34.357223],[-58.688315,-34.357217],[-58.688443,-34.357046],[-58.688163,-34.356891],[-58.688014,-34.357085]]]}},{"type":"Feature","properties":{"partida":"057035176","cca":"057040E000000001110000000000011100A0011000","tipo":"Urbano","sup_m2":814.3},"geometry":{"type":"Polygon","coordinates":[[[-58.688602,-34.356846],[-58.688311,-34.356696],[-58.688163,-34.356891],[-58.688443,-34.357046],[-58.688602,-34.356846]]]}},{"type":"Feature","properties":{"partida":"057035177","cca":"057040E000000001110000000000011100A0012000","tipo":"Urbano","sup_m2":780.9},"geometry":{"type":"Polygon","coordinates":[[[-58.688311,-34.356696],[-58.688602,-34.356846],[-58.688693,-34.356723],[-58.688259,-34.35649],[-58.688162,-34.356615],[-58.688311,-34.356696]]]}},{"type":"Feature","properties":{"partida":"057035178","cca":"057040E000000001110000000000011100A0013000","tipo":"Urbano","sup_m2":806.4},"geometry":{"type":"Polygon","coordinates":[[[-58.688259,-34.35649],[-58.688693,-34.356723],[-58.688791,-34.356594],[-58.688359,-34.356361],[-58.688259,-34.35649]]]}},{"type":"Feature","properties":{"partida":"057000029","cca":"057040E000000001110000000000011100A0014000","tipo":"Urbano","sup_m2":741.8},"geometry":{"type":"Polygon","coordinates":[[[-58.688884,-34.356475],[-58.688452,-34.356242],[-58.688359,-34.356361],[-58.688791,-34.356594],[-58.688884,-34.356475]]]}},{"type":"Feature","properties":{"partida":"057035179","cca":"057040E000000001110000000000011100A001500A","tipo":"Urbano","sup_m2":411.7},"geometry":{"type":"Polygon","coordinates":[[[-58.688965,-34.356375],[-58.688682,-34.356225],[-58.688603,-34.356326],[-58.688884,-34.356475],[-58.688965,-34.356375]]]}},{"type":"Feature","properties":{"partida":"057088388","cca":"057040E000000001110000000000011100A001500B","tipo":"Urbano","sup_m2":412.1},"geometry":{"type":"Polygon","coordinates":[[[-58.688682,-34.356225],[-58.688965,-34.356375],[-58.689039,-34.356273],[-58.68876,-34.356121],[-58.688682,-34.356225]]]}},{"type":"Feature","properties":{"partida":"057030417","cca":"057040E000000001110000000000011100A0017000","tipo":"Urbano","sup_m2":893.2},"geometry":{"type":"Polygon","coordinates":[[[-58.688603,-34.356326],[-58.688919,-34.355913],[-58.688769,-34.355835],[-58.688452,-34.356242],[-58.688603,-34.356326]]]}},{"type":"Feature","properties":{"partida":"057035190","cca":"057040E000000001110000000000011100A0018000","tipo":"Urbano","sup_m2":829.4},"geometry":{"type":"Polygon","coordinates":[[[-58.688629,-34.355759],[-58.688313,-34.356168],[-58.688452,-34.356242],[-58.688769,-34.355835],[-58.688629,-34.355759]]]}},{"type":"Feature","properties":{"partida":"057035173","cca":"057040E000000001110000000000011100B0001000","tipo":"Urbano","sup_m2":830.7},"geometry":{"type":"Polygon","coordinates":[[[-58.687641,-34.357004],[-58.687367,-34.35686],[-58.687321,-34.356869],[-58.687193,-34.35704],[-58.68749,-34.357198],[-58.687641,-34.357004]]]}},{"type":"Feature","properties":{"partida":"057035172","cca":"057040E000000001110000000000011100B0002000","tipo":"Urbano","sup_m2":817.8},"geometry":{"type":"Polygon","coordinates":[[[-58.687047,-34.357231],[-58.687349,-34.357389],[-58.68749,-34.357198],[-58.687193,-34.35704],[-58.687047,-34.357231]]]}},{"type":"Feature","properties":{"partida":"057035171","cca":"057040E000000001110000000000011100B0003000","tipo":"Urbano","sup_m2":746.0},"geometry":{"type":"Polygon","coordinates":[[[-58.687489,-34.357465],[-58.687047,-34.357231],[-58.686958,-34.357347],[-58.687397,-34.357583],[-58.687489,-34.357465]]]}},{"type":"Feature","properties":{"partida":"057035143","cca":"057040E000000001110000000000011100B0004000","tipo":"Urbano","sup_m2":738.5},"geometry":{"type":"Polygon","coordinates":[[[-58.686958,-34.357347],[-58.686866,-34.357462],[-58.687309,-34.357699],[-58.687397,-34.357583],[-58.686958,-34.357347]]]}},{"type":"Feature","properties":{"partida":"057035170","cca":"057040E000000001110000000000011100B0005000","tipo":"Urbano","sup_m2":565.5},"geometry":{"type":"Polygon","coordinates":[[[-58.686765,-34.357596],[-58.687064,-34.357753],[-58.687164,-34.357621],[-58.686866,-34.357462],[-58.686765,-34.357596]]]}},{"type":"Feature","properties":{"partida":null,"cca":"057040E000000001110000000000011100B0006000","tipo":null,"sup_m2":862.6},"geometry":{"type":"Polygon","coordinates":[[[-58.686765,-34.357596],[-58.686467,-34.357985],[-58.686478,-34.358024],[-58.686593,-34.358085],[-58.686914,-34.357674],[-58.686765,-34.357596]]]}},{"type":"Feature","properties":{"partida":"057035168","cca":"057040E000000001110000000000011100B0007000","tipo":"Urbano","sup_m2":684.6},"geometry":{"type":"Polygon","coordinates":[[[-58.686914,-34.357674],[-58.686593,-34.358085],[-58.686647,-34.358054],[-58.686733,-34.358022],[-58.686818,-34.358011],[-58.686866,-34.358011],[-58.687064,-34.357753],[-58.686914,-34.357674]]]}},{"type":"Feature","properties":{"partida":"057035167","cca":"057040E000000001110000000000011100B0008000","tipo":"Urbano","sup_m2":761.7},"geometry":{"type":"Polygon","coordinates":[[[-58.687164,-34.357621],[-58.687064,-34.357753],[-58.686866,-34.358011],[-58.686987,-34.358029],[-58.687007,-34.358036],[-58.687037,-34.358053],[-58.687309,-34.357699],[-58.687164,-34.357621]]]}},{"type":"Feature","properties":{"partida":"057035166","cca":"057040E000000001110000000000011100B0009000","tipo":"Urbano","sup_m2":772.2},"geometry":{"type":"Polygon","coordinates":[[[-58.687309,-34.357699],[-58.687037,-34.358053],[-58.687109,-34.3581],[-58.687163,-34.358158],[-58.687457,-34.357777],[-58.687309,-34.357699]]]}},{"type":"Feature","properties":{"partida":"057035160","cca":"057040E000000001110000000000011100B0010000","tipo":"Urbano","sup_m2":701.1},"geometry":{"type":"Polygon","coordinates":[[[-58.687211,-34.358384],[-58.687357,-34.358202],[-58.687514,-34.357994],[-58.687356,-34.357909],[-58.687163,-34.358158],[-58.687189,-34.358201],[-58.687197,-34.358225],[-58.687212,-34.358252],[-58.687216,-34.358296],[-58.687211,-34.358384]]]}},{"type":"Feature","properties":{"partida":null,"cca":"057040E000000001110000000000011100B001100A","tipo":null,"sup_m2":363.8},"geometry":{"type":"Polygon","coordinates":[[[-58.687211,-34.358384],[-58.687205,-34.358411],[-58.687302,-34.358458],[-58.68734,-34.358448],[-58.687482,-34.358265],[-58.687357,-34.358202],[-58.687211,-34.358384]]]}},{"type":"Feature","properties":{"partida":null,"cca":"057040E000000001110000000000011100B001100B","tipo":null,"sup_m2":369.5},"geometry":{"type":"Polygon","coordinates":[[[-58.687641,-34.35806],[-58.687514,-34.357994],[-58.687357,-34.358202],[-58.687482,-34.358265],[-58.687641,-34.35806]]]}},{"type":"Feature","properties":{"partida":"057035161","cca":"057040E000000001110000000000011100B0012000","tipo":"Urbano","sup_m2":541.0},"geometry":{"type":"Polygon","coordinates":[[[-58.687356,-34.357909],[-58.687641,-34.35806],[-58.687741,-34.357927],[-58.687457,-34.357777],[-58.687356,-34.357909]]]}},{"type":"Feature","properties":{"partida":"057035162","cca":"057040E000000001110000000000011100B0013000","tipo":"Urbano","sup_m2":712.6},"geometry":{"type":"Polygon","coordinates":[[[-58.687309,-34.357699],[-58.687741,-34.357927],[-58.687828,-34.357812],[-58.687397,-34.357583],[-58.687309,-34.357699]]]}},{"type":"Feature","properties":{"partida":"057035163","cca":"057040E000000001110000000000011100B0014000","tipo":"Urbano","sup_m2":730.9},"geometry":{"type":"Polygon","coordinates":[[[-58.687921,-34.357696],[-58.687489,-34.357465],[-58.687397,-34.357583],[-58.687828,-34.357812],[-58.687921,-34.357696]]]}},{"type":"Feature","properties":{"partida":"057030413","cca":"057040E000000001110000000000011100B0015000","tipo":"Urbano","sup_m2":774.7},"geometry":{"type":"Polygon","coordinates":[[[-58.687921,-34.357696],[-58.688067,-34.357503],[-58.687783,-34.357354],[-58.68764,-34.357546],[-58.687921,-34.357696]]]}},{"type":"Feature","properties":{"partida":"057035164","cca":"057040E000000001110000000000011100B0016000","tipo":"Urbano","sup_m2":791.1},"geometry":{"type":"Polygon","coordinates":[[[-58.688067,-34.357503],[-58.688197,-34.357331],[-58.688189,-34.357293],[-58.687934,-34.357157],[-58.687783,-34.357354],[-58.688067,-34.357503]]]}},{"type":"Feature","properties":{"partida":"057035165","cca":"057040E000000001110000000000011100B0017000","tipo":"Urbano","sup_m2":828.0},"geometry":{"type":"Polygon","coordinates":[[[-58.687489,-34.357465],[-58.68764,-34.357546],[-58.687934,-34.357157],[-58.687784,-34.357079],[-58.687489,-34.357465]]]}},{"type":"Feature","properties":{"partida":"057035174","cca":"057040E000000001110000000000011100B0018000","tipo":"Urbano","sup_m2":790.9},"geometry":{"type":"Polygon","coordinates":[[[-58.687489,-34.357465],[-58.687784,-34.357079],[-58.687641,-34.357004],[-58.68749,-34.357198],[-58.687349,-34.357389],[-58.687489,-34.357465]]]}},{"type":"Feature","properties":{"partida":"057021105","cca":"057040E000000001110000000000011100C0000000","tipo":"Urbano","sup_m2":1240.5},"geometry":{"type":"Polygon","coordinates":[[[-58.686865,-34.358139],[-58.686824,-34.358139],[-58.686785,-34.358145],[-58.686731,-34.358163],[-58.6867,-34.35818],[-58.686647,-34.35824],[-58.686632,-34.358267],[-58.686626,-34.358309],[-58.686628,-34.358344],[-58.686652,-34.358403],[-58.686705,-34.35846],[-58.686771,-34.35849],[-58.686833,-34.358499],[-58.686896,-34.358492],[-58.686928,-34.358482],[-58.686973,-34.35846],[-58.687004,-34.358439],[-58.68703,-34.358409],[-58.68705,-34.35837],[-58.687058,-34.358323],[-58.687057,-34.358297],[-58.687051,-34.358269],[-58.687028,-34.358226],[-58.687002,-34.358198],[-58.686939,-34.358156],[-58.686892,-34.358143],[-58.686865,-34.358139]]]}},{"type":"Feature","properties":{"partida":"057035157","cca":"057040E000000001110000000000011100D0001000","tipo":"Urbano","sup_m2":855.3},"geometry":{"type":"Polygon","coordinates":[[[-58.686484,-34.358197],[-58.686368,-34.358137],[-58.686327,-34.358145],[-58.686023,-34.358551],[-58.686167,-34.358624],[-58.686484,-34.358197]]]}},{"type":"Feature","properties":{"partida":"057035156","cca":"057040E000000001110000000000011100D000200A","tipo":"Urbano","sup_m2":1202.8},"geometry":{"type":"Polygon","coordinates":[[[-58.68632,-34.358704],[-58.686023,-34.358551],[-58.685936,-34.358661],[-58.686373,-34.358895],[-58.686635,-34.358553],[-58.68659,-34.358524],[-58.686534,-34.35847],[-58.686518,-34.358445],[-58.68632,-34.358704]]]}},{"type":"Feature","properties":{"partida":"057035155","cca":"057040E000000001110000000000011100D0003000","tipo":"Urbano","sup_m2":755.7},"geometry":{"type":"Polygon","coordinates":[[[-58.685936,-34.358661],[-58.685844,-34.358782],[-58.686281,-34.359015],[-58.686373,-34.358895],[-58.685936,-34.358661]]]}},{"type":"Feature","properties":{"partida":"057033828","cca":"057040E000000001110000000000011100D0004000","tipo":"Urbano","sup_m2":776.3},"geometry":{"type":"Polygon","coordinates":[[[-58.685747,-34.358906],[-58.686188,-34.359138],[-58.686281,-34.359015],[-58.685844,-34.358782],[-58.685747,-34.358906]]]}},{"type":"Feature","properties":{"partida":"057076806","cca":"057040E000000001110000000000011100D000500A","tipo":"Urbano","sup_m2":362.1},"geometry":{"type":"Polygon","coordinates":[[[-58.685979,-34.359147],[-58.686044,-34.359062],[-58.685747,-34.358906],[-58.685685,-34.358994],[-58.685979,-34.359147]]]}},{"type":"Feature","properties":{"partida":"057030412","cca":"057040E000000001110000000000011100D000500B","tipo":"Urbano","sup_m2":454.5},"geometry":{"type":"Polygon","coordinates":[[[-58.685979,-34.359147],[-58.685685,-34.358994],[-58.6856,-34.359099],[-58.685894,-34.359256],[-58.685979,-34.359147]]]}},{"type":"Feature","properties":{"partida":"057030416","cca":"057040E000000001110000000000011100D0006000","tipo":"Urbano","sup_m2":823.7},"geometry":{"type":"Polygon","coordinates":[[[-58.6856,-34.359099],[-58.685465,-34.359274],[-58.685474,-34.359308],[-58.685743,-34.359451],[-58.685894,-34.359256],[-58.6856,-34.359099]]]}},{"type":"Feature","properties":{"partida":null,"cca":"057040E000000001110000000000011100D0007000","tipo":null,"sup_m2":810.4},"geometry":{"type":"Polygon","coordinates":[[[-58.686044,-34.359062],[-58.685743,-34.359451],[-58.685888,-34.359528],[-58.686188,-34.359138],[-58.686044,-34.359062]]]}},{"type":"Feature","properties":{"partida":"057035154","cca":"057040E000000001110000000000011100D0008000","tipo":"Urbano","sup_m2":834.0},"geometry":{"type":"Polygon","coordinates":[[[-58.686188,-34.359138],[-58.685888,-34.359528],[-58.686038,-34.359606],[-58.686337,-34.359216],[-58.686188,-34.359138]]]}},{"type":"Feature","properties":{"partida":"057035147","cca":"057040E000000001110000000000011100D0009000","tipo":"Urbano","sup_m2":786.5},"geometry":{"type":"Polygon","coordinates":[[[-58.686038,-34.359606],[-58.686294,-34.359742],[-58.686342,-34.359735],[-58.686469,-34.359564],[-58.686188,-34.359412],[-58.686038,-34.359606]]]}},{"type":"Feature","properties":{"partida":"057035148","cca":"057040E000000001110000000000011100D0010000","tipo":"Urbano","sup_m2":801.0},"geometry":{"type":"Polygon","coordinates":[[[-58.686188,-34.359412],[-58.686469,-34.359564],[-58.686622,-34.359367],[-58.686337,-34.359216],[-58.686188,-34.359412]]]}},{"type":"Feature","properties":{"partida":"057035149","cca":"057040E000000001110000000000011100D0011000","tipo":"Urbano","sup_m2":755.4},"geometry":{"type":"Polygon","coordinates":[[[-58.686188,-34.359138],[-58.686622,-34.359367],[-58.686712,-34.359244],[-58.686281,-34.359015],[-58.686188,-34.359138]]]}},{"type":"Feature","properties":{"partida":"057034816","cca":"057040E000000001110000000000011100D0012000","tipo":"Urbano","sup_m2":739.8},"geometry":{"type":"Polygon","coordinates":[[[-58.686373,-34.358895],[-58.686281,-34.359015],[-58.686712,-34.359244],[-58.686804,-34.359127],[-58.686373,-34.358895]]]}},{"type":"Feature","properties":{"partida":"057035150","cca":"057040E000000001110000000000011100D0013000","tipo":"Urbano","sup_m2":478.7},"geometry":{"type":"Polygon","coordinates":[[[-58.686895,-34.359009],[-58.686611,-34.358858],[-58.686521,-34.358975],[-58.686804,-34.359127],[-58.686895,-34.359009]]]}},{"type":"Feature","properties":{"partida":"057035151","cca":"057040E000000001110000000000011100D0014000","tipo":"Urbano","sup_m2":736.9},"geometry":{"type":"Polygon","coordinates":[[[-58.686895,-34.359009],[-58.687201,-34.358607],[-58.687193,-34.358571],[-58.687106,-34.358527],[-58.687074,-34.358547],[-58.686774,-34.358945],[-58.686895,-34.359009]]]}},{"type":"Feature","properties":{"partida":"057035152","cca":"057040E000000001110000000000011100D0015000","tipo":"Urbano","sup_m2":715.4},"geometry":{"type":"Polygon","coordinates":[[[-58.686611,-34.358858],[-58.686774,-34.358945],[-58.687074,-34.358547],[-58.687021,-34.358575],[-58.686993,-34.358587],[-58.68695,-34.358597],[-58.686869,-34.358607],[-58.686801,-34.358607],[-58.686611,-34.358858]]]}},{"type":"Feature","properties":{"partida":"057035153","cca":"057040E000000001110000000000011100D0016000","tipo":"Urbano","sup_m2":746.1},"geometry":{"type":"Polygon","coordinates":[[[-58.686801,-34.358607],[-58.686689,-34.358579],[-58.686647,-34.358562],[-58.686635,-34.358553],[-58.686373,-34.358895],[-58.686521,-34.358975],[-58.686801,-34.358607]]]}},{"type":"Feature","properties":{"partida":"057035158","cca":"057040E000000001110000000000011100D0018000","tipo":"Urbano","sup_m2":710.8},"geometry":{"type":"Polygon","coordinates":[[[-58.686167,-34.358624],[-58.68632,-34.358704],[-58.686518,-34.358445],[-58.686489,-34.358391],[-58.68648,-34.358366],[-58.686474,-34.358338],[-58.686471,-34.358278],[-58.686484,-34.358197],[-58.686167,-34.358624]]]}},{"type":"Feature","properties":{"partida":"057030414","cca":"057040E000000001110000000000011100E0001000","tipo":"Urbano","sup_m2":611.5},"geometry":{"type":"Polygon","coordinates":[[[-58.685298,-34.359512],[-58.685591,-34.359669],[-58.685703,-34.35952],[-58.685437,-34.359382],[-58.685391,-34.359391],[-58.685298,-34.359512]]]}},{"type":"Feature","properties":{"partida":"057035144","cca":"057040E000000001110000000000011100E0002000","tipo":"Urbano","sup_m2":652.5},"geometry":{"type":"Polygon","coordinates":[[[-58.685298,-34.359512],[-58.68518,-34.359669],[-58.685475,-34.359823],[-58.685591,-34.359669],[-58.685298,-34.359512]]]}},{"type":"Feature","properties":{"partida":"057035146","cca":"057040E000000001110000000000011100E0011000","tipo":"Urbano","sup_m2":619.9},"geometry":{"type":"Polygon","coordinates":[[[-58.685765,-34.359979],[-58.686047,-34.360128],[-58.686166,-34.359976],[-58.685885,-34.359826],[-58.685765,-34.359979]]]}},{"type":"Feature","properties":{"partida":"057030411","cca":"057040E000000001110000000000011100E0012000","tipo":"Urbano","sup_m2":597.2},"geometry":{"type":"Polygon","coordinates":[[[-58.685999,-34.359679],[-58.685885,-34.359826],[-58.686166,-34.359976],[-58.686263,-34.359853],[-58.686257,-34.359815],[-58.685999,-34.359679]]]}},{"type":"Feature","properties":{"partida":"057035145","cca":"057040E000000001110000000000011100E0013000","tipo":"Urbano","sup_m2":663.5},"geometry":{"type":"Polygon","coordinates":[[[-58.685615,-34.359898],[-58.685765,-34.359979],[-58.685999,-34.359679],[-58.685844,-34.359597],[-58.685615,-34.359898]]]}},{"type":"Feature","properties":{"partida":"057030415","cca":"057040E000000001110000000000011100E0014000","tipo":"Urbano","sup_m2":609.5},"geometry":{"type":"Polygon","coordinates":[[[-58.685475,-34.359823],[-58.685615,-34.359898],[-58.685844,-34.359597],[-58.685703,-34.35952],[-58.685475,-34.359823]]]}},{"type":"Feature","properties":{"partida":"057033156","cca":"057040E000000001110000000000011100K0001000","tipo":"Urbano","sup_m2":357.9},"geometry":{"type":"Polygon","coordinates":[[[-58.687342,-34.358945],[-58.687513,-34.358724],[-58.687422,-34.358677],[-58.687381,-34.358687],[-58.687227,-34.358884],[-58.687342,-34.358945]]]}},{"type":"Feature","properties":{"partida":"057013674","cca":"057040E000000001110000000000011100K0003000","tipo":"Urbano","sup_m2":736.2},"geometry":{"type":"Polygon","coordinates":[[[-58.687099,-34.359057],[-58.686971,-34.359222],[-58.68728,-34.359389],[-58.687407,-34.359226],[-58.687099,-34.359057]]]}},{"type":"Feature","properties":{"partida":"057133965","cca":"057040E000000001110000000000011100K0017000","tipo":"Urbano","sup_m2":978.4},"geometry":{"type":"Polygon","coordinates":[[[-58.687407,-34.359226],[-58.68728,-34.359389],[-58.687698,-34.359615],[-58.687822,-34.359453],[-58.687407,-34.359226]]]}},{"type":"Feature","properties":{"partida":"057006117","cca":"057040E000000001110000000000011100K0019000","tipo":"Urbano","sup_m2":459.3},"geometry":{"type":"Polygon","coordinates":[[[-58.68776,-34.359013],[-58.687672,-34.359124],[-58.687956,-34.359278],[-58.688043,-34.359167],[-58.68776,-34.359013]]]}},{"type":"Feature","properties":{"partida":"057033163","cca":"057040E000000001110000000000011100K0020000","tipo":"Urbano","sup_m2":435.4},"geometry":{"type":"Polygon","coordinates":[[[-58.687842,-34.358905],[-58.68776,-34.359013],[-58.688043,-34.359167],[-58.688104,-34.359082],[-58.688098,-34.359043],[-58.687842,-34.358905]]]}},{"type":"Feature","properties":{"partida":"057033159","cca":"057040E000000001110000000000011100K0021000","tipo":"Urbano","sup_m2":331.6},"geometry":{"type":"Polygon","coordinates":[[[-58.687737,-34.35885],[-58.687568,-34.359068],[-58.687672,-34.359124],[-58.687842,-34.358905],[-58.687737,-34.35885]]]}},{"type":"Feature","properties":{"partida":"057033158","cca":"057040E000000001110000000000011100K0022000","tipo":"Urbano","sup_m2":365.8},"geometry":{"type":"Polygon","coordinates":[[[-58.687568,-34.359068],[-58.687737,-34.35885],[-58.687622,-34.358787],[-58.687452,-34.359005],[-58.687568,-34.359068]]]}},{"type":"Feature","properties":{"partida":"057033157","cca":"057040E000000001110000000000011100K0023000","tipo":"Urbano","sup_m2":353.8},"geometry":{"type":"Polygon","coordinates":[[[-58.687622,-34.358787],[-58.687513,-34.358724],[-58.687342,-34.358945],[-58.687452,-34.359005],[-58.687622,-34.358787]]]}},{"type":"Feature","properties":{"partida":"057012100","cca":"057040E0000000011100000010000000000000200A","tipo":"Urbano","sup_m2":1708.2},"geometry":{"type":"Polygon","coordinates":[[[-58.68614,-34.360177],[-58.68518,-34.359669],[-58.68509,-34.359792],[-58.686043,-34.360303],[-58.68614,-34.360177]]]}},{"type":"Feature","properties":{"partida":"057029799","cca":"057040E0000000011100000010000000000000200B","tipo":"Urbano","sup_m2":1761.5},"geometry":{"type":"Polygon","coordinates":[[[-58.685945,-34.36043],[-58.686043,-34.360303],[-58.68509,-34.359792],[-58.68499,-34.359921],[-58.685945,-34.36043]]]}},{"type":"Feature","properties":{"partida":"057023190","cca":"057040E0000000011100000010000000000000200C","tipo":"Urbano","sup_m2":1739.4},"geometry":{"type":"Polygon","coordinates":[[[-58.685844,-34.36056],[-58.685945,-34.36043],[-58.68499,-34.359921],[-58.684894,-34.360043],[-58.685844,-34.36056]]]}},{"type":"Feature","properties":{"partida":"057012099","cca":"057040E0000000011100000010000000000000300A","tipo":"Urbano","sup_m2":1769.2},"geometry":{"type":"Polygon","coordinates":[[[-58.685742,-34.360688],[-58.685844,-34.36056],[-58.684894,-34.360043],[-58.684793,-34.360169],[-58.685742,-34.360688]]]}},{"type":"Feature","properties":{"partida":"057043143","cca":"057040E0000000011100000010000000000000300B","tipo":"Urbano","sup_m2":1754.2},"geometry":{"type":"Polygon","coordinates":[[[-58.685646,-34.360813],[-58.685742,-34.360688],[-58.684793,-34.360169],[-58.684691,-34.360297],[-58.685646,-34.360813]]]}},{"type":"Feature","properties":{"partida":"057020771","cca":"057040E0000000011100000010000000000000300C","tipo":"Urbano","sup_m2":1764.9},"geometry":{"type":"Polygon","coordinates":[[[-58.685549,-34.360938],[-58.685646,-34.360813],[-58.684691,-34.360297],[-58.684591,-34.360428],[-58.685549,-34.360938]]]}},{"type":"Feature","properties":{"partida":"057012101","cca":"057040E0000000011100000010000000000000300D","tipo":"Urbano","sup_m2":1762.7},"geometry":{"type":"Polygon","coordinates":[[[-58.685549,-34.360938],[-58.684591,-34.360428],[-58.684495,-34.360554],[-58.685448,-34.361067],[-58.685549,-34.360938]]]}},{"type":"Feature","properties":{"partida":"057012105","cca":"057040E0000000011100000010000000000000400B","tipo":"Urbano","sup_m2":852.8},"geometry":{"type":"Polygon","coordinates":[[[-58.685322,-34.361094],[-58.685376,-34.361029],[-58.684495,-34.360554],[-58.684443,-34.360622],[-58.685322,-34.361094]]]}},{"type":"Feature","properties":{"partida":"057078966","cca":"057040E0000000011100000010000000000000400C","tipo":"Urbano","sup_m2":820.9},"geometry":{"type":"Polygon","coordinates":[[[-58.685182,-34.36111],[-58.685273,-34.361157],[-58.685322,-34.361094],[-58.684443,-34.360622],[-58.684395,-34.360687],[-58.685182,-34.36111]]]}},{"type":"Feature","properties":{"partida":"057012104","cca":"057040E0000000011100000010000000000000400D","tipo":"Urbano","sup_m2":519.7},"geometry":{"type":"Polygon","coordinates":[[[-58.684484,-34.360735],[-58.684395,-34.360687],[-58.684089,-34.361077],[-58.684184,-34.361128],[-58.684484,-34.360735]]]}},{"type":"Feature","properties":{"partida":"057068101","cca":"057040E0000000011100000010000000000000400E","tipo":"Urbano","sup_m2":521.8},"geometry":{"type":"Polygon","coordinates":[[[-58.684577,-34.360784],[-58.684484,-34.360735],[-58.684184,-34.361128],[-58.684275,-34.361178],[-58.684577,-34.360784]]]}},{"type":"Feature","properties":{"partida":"057012102","cca":"057040E0000000011100000010000000000000500A","tipo":"Urbano","sup_m2":542.4},"geometry":{"type":"Polygon","coordinates":[[[-58.684577,-34.360784],[-58.684275,-34.361178],[-58.684375,-34.361228],[-58.68467,-34.360835],[-58.684577,-34.360784]]]}},{"type":"Feature","properties":{"partida":"057069939","cca":"057040E0000000011100000010000000000000500B","tipo":"Urbano","sup_m2":478.6},"geometry":{"type":"Polygon","coordinates":[[[-58.684756,-34.360883],[-58.68467,-34.360835],[-58.684375,-34.361228],[-58.684455,-34.361276],[-58.684756,-34.360883]]]}},{"type":"Feature","properties":{"partida":"057010408","cca":"057040E0000000011100000010000000000000500C","tipo":"Urbano","sup_m2":1354.1},"geometry":{"type":"Polygon","coordinates":[[[-58.684994,-34.361009],[-58.684756,-34.360883],[-58.684455,-34.361276],[-58.684694,-34.361406],[-58.684994,-34.361009]]]}},{"type":"Feature","properties":{"partida":"057000474","cca":"057040E0000000011100000010000000000000600A","tipo":"Urbano","sup_m2":554.9},"geometry":{"type":"Polygon","coordinates":[[[-58.685092,-34.361064],[-58.684994,-34.361009],[-58.684694,-34.361406],[-58.68479,-34.361459],[-58.685092,-34.361064]]]}},{"type":"Feature","properties":{"partida":"057012103","cca":"057040E0000000011100000010000000000000600B","tipo":"Urbano","sup_m2":507.7},"geometry":{"type":"Polygon","coordinates":[[[-58.685182,-34.36111],[-58.685092,-34.361064],[-58.68479,-34.361459],[-58.684876,-34.361509],[-58.685182,-34.36111]]]}},{"type":"Feature","properties":{"partida":"057012098","cca":"057040E0000000011100000010000000000000600C","tipo":"Urbano","sup_m2":953.4},"geometry":{"type":"Polygon","coordinates":[[[-58.685182,-34.36111],[-58.684876,-34.361509],[-58.685044,-34.361598],[-58.685347,-34.361197],[-58.685182,-34.36111]]]}},{"type":"Feature","properties":{"partida":"057005752","cca":"057040E00000000111000000100000000000007000","tipo":"Urbano","sup_m2":2439.4},"geometry":{"type":"Polygon","coordinates":[[[-58.685202,-34.361685],[-58.686014,-34.360624],[-58.685861,-34.36054],[-58.685742,-34.360688],[-58.685347,-34.361197],[-58.685044,-34.361598],[-58.685202,-34.361685]]]}},{"type":"Feature","properties":{"partida":"057015193","cca":"057040E0000000011100000010000000000000800A","tipo":"Urbano","sup_m2":2074.1},"geometry":{"type":"Polygon","coordinates":[[[-58.685784,-34.361453],[-58.685871,-34.361342],[-58.685584,-34.361186],[-58.685202,-34.361685],[-58.685488,-34.361841],[-58.685698,-34.361573],[-58.685784,-34.361453]]]}},{"type":"Feature","properties":{"partida":"057030419","cca":"057040E0000000011100000010000000000001000B","tipo":"Urbano","sup_m2":582.3},"geometry":{"type":"Polygon","coordinates":[[[-58.685871,-34.361342],[-58.685784,-34.361453],[-58.68614,-34.36165],[-58.686227,-34.361536],[-58.685871,-34.361342]]]}},{"type":"Feature","properties":{"partida":"057030421","cca":"057040E0000000011100000010000000000001100B","tipo":"Urbano","sup_m2":1109.5},"geometry":{"type":"Polygon","coordinates":[[[-58.685761,-34.360953],[-58.68567,-34.361071],[-58.686315,-34.361422],[-58.686406,-34.361302],[-58.685761,-34.360953]]]}},{"type":"Feature","properties":{"partida":"057116556","cca":"057040E0000000011100000010000000000001100C","tipo":"Urbano","sup_m2":475.5},"geometry":{"type":"Polygon","coordinates":[[[-58.68567,-34.361071],[-58.685584,-34.361186],[-58.685871,-34.361342],[-58.68596,-34.361229],[-58.68567,-34.361071]]]}},{"type":"Feature","properties":{"partida":"057030420","cca":"057040E0000000011100000010000000000001100D","tipo":"Urbano","sup_m2":586.3},"geometry":{"type":"Polygon","coordinates":[[[-58.68596,-34.361229],[-58.685871,-34.361342],[-58.686227,-34.361536],[-58.686315,-34.361422],[-58.68596,-34.361229]]]}},{"type":"Feature","properties":{"partida":"057015196","cca":"057040E00000000111000000100000000000012000","tipo":"Urbano","sup_m2":1570.9},"geometry":{"type":"Polygon","coordinates":[[[-58.685761,-34.360953],[-58.686406,-34.361302],[-58.686536,-34.361133],[-58.685892,-34.360786],[-58.685761,-34.360953]]]}},{"type":"Feature","properties":{"partida":"057015197","cca":"057040E00000000111000000100000000000013000","tipo":"Urbano","sup_m2":1504.3},"geometry":{"type":"Polygon","coordinates":[[[-58.686014,-34.360624],[-58.685892,-34.360786],[-58.686536,-34.361133],[-58.68666,-34.36097],[-58.686014,-34.360624]]]}},{"type":"Feature","properties":{"partida":"057025732","cca":"057040E0000000011100000010000000000001400A","tipo":"Urbano","sup_m2":911.8},"geometry":{"type":"Polygon","coordinates":[[[-58.686415,-34.3606],[-58.686283,-34.360768],[-58.68666,-34.36097],[-58.686788,-34.360803],[-58.686415,-34.3606]]]}},{"type":"Feature","properties":{"partida":"057099738","cca":"057040E0000000011100000010000000000001400B","tipo":"Urbano","sup_m2":1040.1},"geometry":{"type":"Polygon","coordinates":[[[-58.685992,-34.36037],[-58.685861,-34.36054],[-58.686283,-34.360768],[-58.686415,-34.3606],[-58.685992,-34.36037]]]}},{"type":"Feature","properties":{"partida":"057025733","cca":"057040E00000000111000000100000000000015000","tipo":"Urbano","sup_m2":923.8},"geometry":{"type":"Polygon","coordinates":[[[-58.686053,-34.360291],[-58.685992,-34.36037],[-58.686788,-34.360803],[-58.686851,-34.360722],[-58.686053,-34.360291]]]}},{"type":"Feature","properties":{"partida":"057025734","cca":"057040E00000000111000000100000000000016000","tipo":"Urbano","sup_m2":969.9},"geometry":{"type":"Polygon","coordinates":[[[-58.686118,-34.360206],[-58.686053,-34.360291],[-58.686851,-34.360722],[-58.686915,-34.360638],[-58.686118,-34.360206]]]}},{"type":"Feature","properties":{"partida":"057025735","cca":"057040E0000000011100000010000000000001700A","tipo":"Urbano","sup_m2":446.1},"geometry":{"type":"Polygon","coordinates":[[[-58.686622,-34.360356],[-58.686555,-34.360443],[-58.686915,-34.360638],[-58.686979,-34.360554],[-58.686622,-34.360356]]]}},{"type":"Feature","properties":{"partida":"057138748","cca":"057040E0000000011100000010000000000001700B","tipo":"Urbano","sup_m2":458.9},"geometry":{"type":"Polygon","coordinates":[[[-58.686195,-34.360248],[-58.686555,-34.360443],[-58.686622,-34.360356],[-58.686264,-34.360158],[-58.686195,-34.360248]]]}},{"type":"Feature","properties":{"partida":"057025736","cca":"057040E00000000111000000100000000000018000","tipo":"Urbano","sup_m2":1217.9},"geometry":{"type":"Polygon","coordinates":[[[-58.687059,-34.36045],[-58.686275,-34.36001],[-58.686189,-34.360117],[-58.686979,-34.360554],[-58.687059,-34.36045]]]}},{"type":"Feature","properties":{"partida":"057025737","cca":"057040E00000000111000000100000000000019000","tipo":"Urbano","sup_m2":1694.8},"geometry":{"type":"Polygon","coordinates":[[[-58.686275,-34.36001],[-58.687059,-34.36045],[-58.687176,-34.360297],[-58.686386,-34.359866],[-58.686275,-34.36001]]]}},{"type":"Feature","properties":{"partida":"057015198","cca":"057040E00000000111000000100000000000020000","tipo":"Urbano","sup_m2":1945.9},"geometry":{"type":"Polygon","coordinates":[[[-58.687308,-34.360124],[-58.686517,-34.3597],[-58.686386,-34.359866],[-58.687176,-34.360297],[-58.687308,-34.360124]]]}},{"type":"Feature","properties":{"partida":"057007532","cca":"057040E00000000111000000100000000000021000","tipo":"Urbano","sup_m2":1970.2},"geometry":{"type":"Polygon","coordinates":[[[-58.687439,-34.359953],[-58.686651,-34.359524],[-58.686517,-34.3597],[-58.687308,-34.360124],[-58.687439,-34.359953]]]}},{"type":"Feature","properties":{"partida":"057007708","cca":"057040E0000000011100000010000000000002200A","tipo":"Urbano","sup_m2":1776.5},"geometry":{"type":"Polygon","coordinates":[[[-58.687569,-34.359783],[-58.68684,-34.35939],[-58.686711,-34.359558],[-58.687439,-34.359953],[-58.687569,-34.359783]]]}},{"type":"Feature","properties":{"partida":"057005726","cca":"057040E00000000111000000100000000000023000","tipo":"Urbano","sup_m2":1959.9},"geometry":{"type":"Polygon","coordinates":[[[-58.687698,-34.359615],[-58.686894,-34.359181],[-58.686759,-34.359347],[-58.687569,-34.359783],[-58.687698,-34.359615]]]}},{"type":"Feature","properties":{"partida":"057014314","cca":"057040E0000000011100000010000000000002500A","tipo":"Urbano","sup_m2":458.3},"geometry":{"type":"Polygon","coordinates":[[[-58.687594,-34.359082],[-58.687227,-34.358884],[-58.687163,-34.358973],[-58.687525,-34.359167],[-58.687594,-34.359082]]]}},{"type":"Feature","properties":{"partida":"057072987","cca":"057040E0000000011100000010000000000002500B","tipo":"Urbano","sup_m2":449.8},"geometry":{"type":"Polygon","coordinates":[[[-58.687525,-34.359167],[-58.687163,-34.358973],[-58.687099,-34.359057],[-58.687462,-34.359256],[-58.687525,-34.359167]]]}},{"type":"Feature","properties":{"partida":"057072988","cca":"057040E0000000011100000010000000000002500C","tipo":"Urbano","sup_m2":912.7},"geometry":{"type":"Polygon","coordinates":[[[-58.687462,-34.359256],[-58.687822,-34.359453],[-58.687956,-34.359278],[-58.687594,-34.359082],[-58.687525,-34.359167],[-58.687462,-34.359256]]]}},{"type":"Feature","properties":{"partida":"057015199","cca":"057040E0000000011100000020000000000002800A","tipo":"Urbano","sup_m2":1666.9},"geometry":{"type":"Polygon","coordinates":[[[-58.68833,-34.358784],[-58.687612,-34.358395],[-58.687487,-34.358557],[-58.688211,-34.358943],[-58.68833,-34.358784]]]}},{"type":"Feature","properties":{"partida":"057015200","cca":"057040E00000000111000000200000000000029000","tipo":"Urbano","sup_m2":1782.3},"geometry":{"type":"Polygon","coordinates":[[[-58.688452,-34.358629],[-58.687664,-34.358201],[-58.687545,-34.358359],[-58.68833,-34.358784],[-58.688452,-34.358629]]]}},{"type":"Feature","properties":{"partida":"057013659","cca":"057040E0000000011100000020000000000003000A","tipo":"Urbano","sup_m2":429.2},"geometry":{"type":"Polygon","coordinates":[[[-58.688514,-34.358547],[-58.688158,-34.35835],[-58.688093,-34.358433],[-58.688452,-34.358629],[-58.688514,-34.358547]]]}},{"type":"Feature","properties":{"partida":"057076381","cca":"057040E0000000011100000020000000000003000B","tipo":"Urbano","sup_m2":439.0},"geometry":{"type":"Polygon","coordinates":[[[-58.688514,-34.358547],[-58.688577,-34.358462],[-58.688221,-34.358264],[-58.688158,-34.35835],[-58.688514,-34.358547]]]}},{"type":"Feature","properties":{"partida":"057076382","cca":"057040E0000000011100000020000000000003000C","tipo":"Urbano","sup_m2":434.9},"geometry":{"type":"Polygon","coordinates":[[[-58.688158,-34.35835],[-58.688221,-34.358264],[-58.687864,-34.358072],[-58.687798,-34.358153],[-58.688158,-34.35835]]]}},{"type":"Feature","properties":{"partida":"057076383","cca":"057040E0000000011100000020000000000003000D","tipo":"Urbano","sup_m2":437.6},"geometry":{"type":"Polygon","coordinates":[[[-58.688158,-34.35835],[-58.687798,-34.358153],[-58.687734,-34.358239],[-58.688093,-34.358433],[-58.688158,-34.35835]]]}},{"type":"Feature","properties":{"partida":"057068102","cca":"057040E00000000111000000200000000000031000","tipo":"Urbano","sup_m2":1834.5},"geometry":{"type":"Polygon","coordinates":[[[-58.688704,-34.358297],[-58.687919,-34.357873],[-58.6878,-34.35803],[-58.687864,-34.358072],[-58.688221,-34.358264],[-58.688577,-34.358462],[-58.688704,-34.358297]]]}},{"type":"Feature","properties":{"partida":"057011849","cca":"057040E00000000111000000200000000000032000","tipo":"Urbano","sup_m2":1087.6},"geometry":{"type":"Polygon","coordinates":[[[-58.687919,-34.357873],[-58.688704,-34.358297],[-58.688779,-34.358204],[-58.687993,-34.357776],[-58.687919,-34.357873]]]}},{"type":"Feature","properties":{"partida":"057025887","cca":"057040E0000000011100000020000000000003300A","tipo":"Urbano","sup_m2":934.8},"geometry":{"type":"Polygon","coordinates":[[[-58.688062,-34.357813],[-58.688779,-34.358204],[-58.688849,-34.358112],[-58.68813,-34.357725],[-58.688062,-34.357813]]]}},{"type":"Feature","properties":{"partida":"057011846","cca":"057040E00000000111000000200000000000034000","tipo":"Urbano","sup_m2":1015.8},"geometry":{"type":"Polygon","coordinates":[[[-58.688918,-34.358024],[-58.688132,-34.3576],[-58.688061,-34.357688],[-58.688849,-34.358112],[-58.688918,-34.358024]]]}},{"type":"Feature","properties":{"partida":"057011844","cca":"057040E0000000011100000020000000000003500A","tipo":"Urbano","sup_m2":469.6},"geometry":{"type":"Polygon","coordinates":[[[-58.688557,-34.357828],[-58.688918,-34.358024],[-58.688987,-34.357932],[-58.688628,-34.35774],[-58.688557,-34.357828]]]}},{"type":"Feature","properties":{"partida":"057125917","cca":"057040E0000000011100000020000000000003500B","tipo":"Urbano","sup_m2":465.7},"geometry":{"type":"Polygon","coordinates":[[[-58.688206,-34.357639],[-58.688557,-34.357828],[-58.688628,-34.35774],[-58.688277,-34.357545],[-58.688206,-34.357639]]]}},{"type":"Feature","properties":{"partida":"057011836","cca":"057040E0000000011100000020000000000003600A","tipo":"Urbano","sup_m2":534.6},"geometry":{"type":"Polygon","coordinates":[[[-58.689068,-34.357833],[-58.688707,-34.357635],[-58.688628,-34.35774],[-58.688987,-34.357932],[-58.689068,-34.357833]]]}},{"type":"Feature","properties":{"partida":"057076505","cca":"057040E0000000011100000020000000000003600B","tipo":"Urbano","sup_m2":522.8},"geometry":{"type":"Polygon","coordinates":[[[-58.688628,-34.35774],[-58.688707,-34.357635],[-58.688357,-34.357445],[-58.688277,-34.357545],[-58.688628,-34.35774]]]}},{"type":"Feature","properties":{"partida":"057011843","cca":"057040E00000000111000000200000000000037000","tipo":"Urbano","sup_m2":1037.9},"geometry":{"type":"Polygon","coordinates":[[[-58.688357,-34.357445],[-58.689068,-34.357833],[-58.689137,-34.357741],[-58.688422,-34.35735],[-58.688352,-34.357315],[-58.688279,-34.357406],[-58.688357,-34.357445]]]}},{"type":"Feature","properties":{"partida":"057011971","cca":"057040E0000000011100000020000000000003800A","tipo":"Urbano","sup_m2":447.7},"geometry":{"type":"Polygon","coordinates":[[[-58.688422,-34.35735],[-58.688779,-34.357545],[-58.688844,-34.35746],[-58.688491,-34.357263],[-58.688422,-34.35735]]]}},{"type":"Feature","properties":{"partida":"057011842","cca":"057040E0000000011100000020000000000003900A","tipo":"Urbano","sup_m2":996.9},"geometry":{"type":"Polygon","coordinates":[[[-58.688844,-34.35746],[-58.689204,-34.357654],[-58.689277,-34.357556],[-58.688562,-34.35717],[-58.688491,-34.357263],[-58.688844,-34.35746]]]}},{"type":"Feature","properties":{"partida":"057099766","cca":"057040E0000000011100000020000000000004000A","tipo":"Urbano","sup_m2":462.5},"geometry":{"type":"Polygon","coordinates":[[[-58.688636,-34.357083],[-58.688562,-34.35717],[-58.688922,-34.357363],[-58.68899,-34.357273],[-58.688636,-34.357083]]]}},{"type":"Feature","properties":{"partida":"057008487","cca":"057040E00000000113000000100000000000016000","tipo":"Urbano","sup_m2":1958.7},"geometry":{"type":"Polygon","coordinates":[[[-58.689318,-34.359544],[-58.689433,-34.359396],[-58.688554,-34.358926],[-58.68843,-34.359086],[-58.689318,-34.359544]]]}},{"type":"Feature","properties":{"partida":"057007459","cca":"057040E00000000113000000100000000000017000","tipo":"Urbano","sup_m2":1794.6},"geometry":{"type":"Polygon","coordinates":[[[-58.689205,-34.359689],[-58.689318,-34.359544],[-58.68843,-34.359086],[-58.688323,-34.359223],[-58.689205,-34.359689]]]}},{"type":"Feature","properties":{"partida":"057068109","cca":"057040E00000000113000000100000000000018000","tipo":"Urbano","sup_m2":2018.0},"geometry":{"type":"Polygon","coordinates":[[[-58.689079,-34.359852],[-58.689205,-34.359689],[-58.688323,-34.359223],[-58.688203,-34.359379],[-58.689079,-34.359852]]]}},{"type":"Feature","properties":{"partida":"057007460","cca":"057040E00000000113000000100000000000019000","tipo":"Urbano","sup_m2":1829.2},"geometry":{"type":"Polygon","coordinates":[[[-58.688971,-34.359991],[-58.689079,-34.359852],[-58.688203,-34.359379],[-58.688087,-34.359528],[-58.688971,-34.359991]]]}},{"type":"Feature","properties":{"partida":"057068110","cca":"057040E00000000113000000100000000000020000","tipo":"Urbano","sup_m2":1914.6},"geometry":{"type":"Polygon","coordinates":[[[-58.688971,-34.359991],[-58.688087,-34.359528],[-58.68797,-34.359678],[-58.688854,-34.360142],[-58.688971,-34.359991]]]}},{"type":"Feature","properties":{"partida":"057010398","cca":"057040E0000000011300000010000000000002100A","tipo":"Urbano","sup_m2":3796.3},"geometry":{"type":"Polygon","coordinates":[[[-58.688623,-34.36044],[-58.688854,-34.360142],[-58.68797,-34.359678],[-58.687737,-34.359979],[-58.688623,-34.36044]]]}},{"type":"Feature","properties":{"partida":"057068112","cca":"057040E00000000113000000100000000000023000","tipo":"Urbano","sup_m2":1847.7},"geometry":{"type":"Polygon","coordinates":[[[-58.688509,-34.360587],[-58.688623,-34.36044],[-58.687737,-34.359979],[-58.687625,-34.360124],[-58.688509,-34.360587]]]}},{"type":"Feature","properties":{"partida":"057015201","cca":"057040E00000000113000000100000000000024000","tipo":"Urbano","sup_m2":1913.0},"geometry":{"type":"Polygon","coordinates":[[[-58.688509,-34.360587],[-58.687625,-34.360124],[-58.687508,-34.360274],[-58.688392,-34.360737],[-58.688509,-34.360587]]]}},{"type":"Feature","properties":{"partida":"057013484","cca":"057040E00000000113000000100000000000025000","tipo":"Urbano","sup_m2":1957.9},"geometry":{"type":"Polygon","coordinates":[[[-58.688272,-34.360892],[-58.688392,-34.360737],[-58.687508,-34.360274],[-58.687388,-34.360429],[-58.688272,-34.360892]]]}},{"type":"Feature","properties":{"partida":"057005725","cca":"057040E00000000113000000100000000000026000","tipo":"Urbano","sup_m2":1924.7},"geometry":{"type":"Polygon","coordinates":[[[-58.688154,-34.361043],[-58.688272,-34.360892],[-58.687388,-34.360429],[-58.687271,-34.36058],[-58.688154,-34.361043]]]}},{"type":"Feature","properties":{"partida":"057005723","cca":"057040E00000000113000000100000000000027000","tipo":"Urbano","sup_m2":1880.9},"geometry":{"type":"Polygon","coordinates":[[[-58.688154,-34.361043],[-58.687271,-34.36058],[-58.687156,-34.360729],[-58.688039,-34.361192],[-58.688154,-34.361043]]]}},{"type":"Feature","properties":{"partida":"057007458","cca":"057040E00000000113000000100000000000028000","tipo":"Urbano","sup_m2":1896.9},"geometry":{"type":"Polygon","coordinates":[[[-58.688039,-34.361192],[-58.687156,-34.360729],[-58.68704,-34.360878],[-58.687923,-34.361341],[-58.688039,-34.361192]]]}},{"type":"Feature","properties":{"partida":"057068113","cca":"057040E00000000113000000100000000000029000","tipo":"Urbano","sup_m2":1774.5},"geometry":{"type":"Polygon","coordinates":[[[-58.687815,-34.361481],[-58.687923,-34.361341],[-58.68704,-34.360878],[-58.686931,-34.361018],[-58.687815,-34.361481]]]}},{"type":"Feature","properties":{"partida":"057000632","cca":"057040E00000000113000000100000000000030000","tipo":"Urbano","sup_m2":1822.2},"geometry":{"type":"Polygon","coordinates":[[[-58.687703,-34.361625],[-58.687815,-34.361481],[-58.686931,-34.361018],[-58.68682,-34.361162],[-58.687703,-34.361625]]]}},{"type":"Feature","properties":{"partida":"057000056","cca":"057040E0000000011300000010000000000003100A","tipo":"Urbano","sup_m2":874.5},"geometry":{"type":"Polygon","coordinates":[[[-58.687703,-34.361625],[-58.68682,-34.361162],[-58.686766,-34.361231],[-58.68765,-34.361694],[-58.687703,-34.361625]]]}},{"type":"Feature","properties":{"partida":"057045849","cca":"057040E0000000011300000010000000000003100B","tipo":"Urbano","sup_m2":893.2},"geometry":{"type":"Polygon","coordinates":[[[-58.68765,-34.361694],[-58.686766,-34.361231],[-58.686713,-34.3613],[-58.687594,-34.361765],[-58.68765,-34.361694]]]}},{"type":"Feature","properties":{"partida":null,"cca":"057040E0000000011300000010000000000003500A","tipo":null,"sup_m2":1722.6},"geometry":{"type":"Polygon","coordinates":[[[-58.68848,-34.360623],[-58.688336,-34.360809],[-58.688977,-34.36115],[-58.689119,-34.36096],[-58.68848,-34.360623]]]}},{"type":"Feature","properties":{"partida":"057014735","cca":"057040F00000000000000000000001110000001000","tipo":"Urbano","sup_m2":2056.4},"geometry":{"type":"Polygon","coordinates":[[[-58.674052,-34.360174],[-58.674774,-34.360683],[-58.675093,-34.360545],[-58.674283,-34.360121],[-58.674052,-34.360174]]]}},{"type":"Feature","properties":{"partida":"057068130","cca":"057040F00000000000000000000001110000002000","tipo":"Urbano","sup_m2":2197.5},"geometry":{"type":"Polygon","coordinates":[[[-58.674462,-34.360817],[-58.674774,-34.360683],[-58.674052,-34.360174],[-58.673813,-34.360228],[-58.674462,-34.360817]]]}},{"type":"Feature","properties":{"partida":"057068131","cca":"057040F00000000000000000000001110000003000","tipo":"Urbano","sup_m2":2312.1},"geometry":{"type":"Polygon","coordinates":[[[-58.674157,-34.360949],[-58.674462,-34.360817],[-58.673813,-34.360228],[-58.673579,-34.360282],[-58.674157,-34.360949]]]}},{"type":"Feature","properties":{"partida":"057068132","cca":"057040F00000000000000000000001110000004000","tipo":"Urbano","sup_m2":2317.3},"geometry":{"type":"Polygon","coordinates":[[[-58.673816,-34.361029],[-58.674157,-34.360949],[-58.673579,-34.360282],[-58.673354,-34.360331],[-58.673816,-34.361029]]]}},{"type":"Feature","properties":{"partida":"057068133","cca":"057040F00000000000000000000001110000005000","tipo":"Urbano","sup_m2":1836.4},"geometry":{"type":"Polygon","coordinates":[[[-58.673816,-34.361029],[-58.673354,-34.360331],[-58.673127,-34.360383],[-58.673596,-34.36108],[-58.673816,-34.361029]]]}},{"type":"Feature","properties":{"partida":"057068134","cca":"057040F00000000000000000000001110000006000","tipo":"Urbano","sup_m2":1827.5},"geometry":{"type":"Polygon","coordinates":[[[-58.673368,-34.361129],[-58.673596,-34.36108],[-58.673127,-34.360383],[-58.672907,-34.360433],[-58.673368,-34.361129]]]}},{"type":"Feature","properties":{"partida":"057068135","cca":"057040F00000000000000000000001110000007000","tipo":"Urbano","sup_m2":1806.4},"geometry":{"type":"Polygon","coordinates":[[[-58.673149,-34.361179],[-58.673368,-34.361129],[-58.672907,-34.360433],[-58.672684,-34.360483],[-58.673149,-34.361179]]]}},{"type":"Feature","properties":{"partida":"057068136","cca":"057040F00000000000000000000001110000008000","tipo":"Urbano","sup_m2":1741.7},"geometry":{"type":"Polygon","coordinates":[[[-58.673149,-34.361179],[-58.672684,-34.360483],[-58.672472,-34.360527],[-58.672936,-34.361228],[-58.673149,-34.361179]]]}},{"type":"Feature","properties":{"partida":"057068513","cca":"057040F00000000000000000000001130000001000","tipo":"Urbano","sup_m2":1595.0},"geometry":{"type":"Polygon","coordinates":[[[-58.672136,-34.360641],[-58.672527,-34.361309],[-58.672733,-34.361247],[-58.67232,-34.360575],[-58.672136,-34.360641]]]}},{"type":"Feature","properties":{"partida":"057068514","cca":"057040F0000000000000000000000113000000200A","tipo":"Urbano","sup_m2":733.6},"geometry":{"type":"Polygon","coordinates":[[[-58.672136,-34.360641],[-58.672051,-34.360672],[-58.67243,-34.361337],[-58.672527,-34.361309],[-58.672136,-34.360641]]]}},{"type":"Feature","properties":{"partida":"057137761","cca":"057040F0000000000000000000000113000000200B","tipo":"Urbano","sup_m2":751.3},"geometry":{"type":"Polygon","coordinates":[[[-58.671952,-34.360709],[-58.672342,-34.361362],[-58.67243,-34.361337],[-58.672051,-34.360672],[-58.671952,-34.360709]]]}},{"type":"Feature","properties":{"partida":"057068515","cca":"057040F00000000000000000000001130000003000","tipo":"Urbano","sup_m2":1574.3},"geometry":{"type":"Polygon","coordinates":[[[-58.67214,-34.361418],[-58.672342,-34.361362],[-58.671952,-34.360709],[-58.671753,-34.360782],[-58.67214,-34.361418]]]}},{"type":"Feature","properties":{"partida":"057068516","cca":"057040F00000000000000000000001130000004000","tipo":"Urbano","sup_m2":2290.9},"geometry":{"type":"Polygon","coordinates":[[[-58.671895,-34.361487],[-58.67214,-34.361418],[-58.671753,-34.360782],[-58.671398,-34.360912],[-58.671473,-34.361],[-58.671735,-34.361296],[-58.671895,-34.361487]]]}},{"type":"Feature","properties":{"partida":"057063788","cca":"057040F00000000000000000000001130000005000","tipo":"Urbano","sup_m2":557.5},"geometry":{"type":"Polygon","coordinates":[[[-58.671291,-34.361085],[-58.671411,-34.361304],[-58.671633,-34.361179],[-58.671473,-34.361],[-58.671291,-34.361085]]]}},{"type":"Feature","properties":{"partida":"057063787","cca":"057040F00000000000000000000001130000006000","tipo":"Urbano","sup_m2":508.5},"geometry":{"type":"Polygon","coordinates":[[[-58.671251,-34.361397],[-58.671411,-34.361304],[-58.671291,-34.361085],[-58.671111,-34.36116],[-58.671251,-34.361397]]]}},{"type":"Feature","properties":{"partida":"057063786","cca":"057040F00000000000000000000001130000007000","tipo":"Urbano","sup_m2":528.0},"geometry":{"type":"Polygon","coordinates":[[[-58.671251,-34.361397],[-58.671111,-34.36116],[-58.67089,-34.36125],[-58.670886,-34.361298],[-58.671185,-34.361436],[-58.671251,-34.361397]]]}},{"type":"Feature","properties":{"partida":"057063789","cca":"057040F00000000000000000000001130000008000","tipo":"Urbano","sup_m2":760.7},"geometry":{"type":"Polygon","coordinates":[[[-58.671359,-34.361517],[-58.671735,-34.361296],[-58.671633,-34.361179],[-58.671411,-34.361304],[-58.671185,-34.361436],[-58.671359,-34.361517]]]}},{"type":"Feature","properties":{"partida":"057063790","cca":"057040F00000000000000000000001130000009000","tipo":"Urbano","sup_m2":783.2},"geometry":{"type":"Polygon","coordinates":[[[-58.671735,-34.361296],[-58.671359,-34.361517],[-58.671483,-34.361577],[-58.671562,-34.361585],[-58.671895,-34.361487],[-58.671735,-34.361296]]]}},{"type":"Feature","properties":{"partida":"057068137","cca":"057040F00000000000000000000001180000001000","tipo":"Urbano","sup_m2":2361.4},"geometry":{"type":"Polygon","coordinates":[[[-58.675166,-34.361183],[-58.675783,-34.360924],[-58.675285,-34.360655],[-58.674939,-34.360798],[-58.675126,-34.361125],[-58.675166,-34.361183]]]}},{"type":"Feature","properties":{"partida":"057068138","cca":"057040F00000000000000000000001180000002000","tipo":"Urbano","sup_m2":2550.5},"geometry":{"type":"Polygon","coordinates":[[[-58.674939,-34.360798],[-58.674316,-34.361059],[-58.674507,-34.361379],[-58.675126,-34.361125],[-58.674939,-34.360798]]]}},{"type":"Feature","properties":{"partida":"057068139","cca":"057040F00000000000000000000001180000003000","tipo":"Urbano","sup_m2":2509.6},"geometry":{"type":"Polygon","coordinates":[[[-58.675166,-34.361183],[-58.675126,-34.361125],[-58.674507,-34.361379],[-58.6747,-34.361699],[-58.675312,-34.361443],[-58.675166,-34.361183]]]}},{"type":"Feature","properties":{"partida":"057068140","cca":"057040F00000000000000000000001180000004000","tipo":"Urbano","sup_m2":2359.5},"geometry":{"type":"Polygon","coordinates":[[[-58.675166,-34.361183],[-58.675312,-34.361443],[-58.676124,-34.361108],[-58.675783,-34.360924],[-58.675166,-34.361183]]]}},{"type":"Feature","properties":{"partida":"057068141","cca":"057040F00000000000000000000001190000001000","tipo":"Urbano","sup_m2":1490.9},"geometry":{"type":"Polygon","coordinates":[[[-58.674247,-34.36128],[-58.674139,-34.361102],[-58.673564,-34.36123],[-58.673692,-34.361447],[-58.673726,-34.361497],[-58.674247,-34.36128]]]}},{"type":"Feature","properties":{"partida":"057068142","cca":"057040F00000000000000000000001190000002000","tipo":"Urbano","sup_m2":1650.7},"geometry":{"type":"Polygon","coordinates":[[[-58.673564,-34.36123],[-58.673011,-34.361349],[-58.673202,-34.361653],[-58.673692,-34.361447],[-58.673564,-34.36123]]]}},{"type":"Feature","properties":{"partida":"057068146","cca":"057040F00000000000000000000001190000006000","tipo":"Urbano","sup_m2":1586.9},"geometry":{"type":"Polygon","coordinates":[[[-58.673726,-34.361497],[-58.673865,-34.361737],[-58.67439,-34.361515],[-58.674247,-34.36128],[-58.673726,-34.361497]]]}},{"type":"Feature","properties":{"partida":"057068147","cca":"057040F00000000000000000000001270000001000","tipo":"Urbano","sup_m2":2159.2},"geometry":{"type":"Polygon","coordinates":[[[-58.675804,-34.361409],[-58.676364,-34.361712],[-58.676626,-34.361379],[-58.676286,-34.3612],[-58.675804,-34.361409]]]}},{"type":"Feature","properties":{"partida":"057014632","cca":"057040F00000000000000000000001650000001000","tipo":"Urbano","sup_m2":1130.6},"geometry":{"type":"Polygon","coordinates":[[[-58.679515,-34.360458],[-58.67993,-34.359951],[-58.679769,-34.359866],[-58.679372,-34.360381],[-58.679515,-34.360458]]]}},{"type":"Feature","properties":{"partida":"057014631","cca":"057040F00000000000000000000001650000002000","tipo":"Urbano","sup_m2":1206.2},"geometry":{"type":"Polygon","coordinates":[[[-58.680092,-34.360036],[-58.67993,-34.359951],[-58.679515,-34.360458],[-58.679678,-34.360546],[-58.680092,-34.360036]]]}},{"type":"Feature","properties":{"partida":"057014630","cca":"057040F00000000000000000000001650000003000","tipo":"Urbano","sup_m2":1230.3},"geometry":{"type":"Polygon","coordinates":[[[-58.679843,-34.360635],[-58.680255,-34.360122],[-58.680092,-34.360036],[-58.679678,-34.360546],[-58.679843,-34.360635]]]}},{"type":"Feature","properties":{"partida":"057014629","cca":"057040F00000000000000000000001650000004000","tipo":"Urbano","sup_m2":1163.0},"geometry":{"type":"Polygon","coordinates":[[[-58.680414,-34.360205],[-58.680255,-34.360122],[-58.679843,-34.360635],[-58.679995,-34.360717],[-58.680414,-34.360205]]]}},{"type":"Feature","properties":{"partida":"057014628","cca":"057040F00000000000000000000001650000005000","tipo":"Urbano","sup_m2":1268.8},"geometry":{"type":"Polygon","coordinates":[[[-58.680583,-34.360294],[-58.680414,-34.360205],[-58.679995,-34.360717],[-58.680163,-34.360808],[-58.680583,-34.360294]]]}},{"type":"Feature","properties":{"partida":"057014627","cca":"057040F00000000000000000000001650000006000","tipo":"Urbano","sup_m2":1180.3},"geometry":{"type":"Polygon","coordinates":[[[-58.680739,-34.360376],[-58.680583,-34.360294],[-58.680163,-34.360808],[-58.68032,-34.360893],[-58.680739,-34.360376]]]}},{"type":"Feature","properties":{"partida":"057014626","cca":"057040F00000000000000000000001650000007000","tipo":"Urbano","sup_m2":1224.8},"geometry":{"type":"Polygon","coordinates":[[[-58.68032,-34.360893],[-58.680483,-34.360981],[-58.6809,-34.360461],[-58.680739,-34.360376],[-58.68032,-34.360893]]]}},{"type":"Feature","properties":{"partida":"057014625","cca":"057040F00000000000000000000001650000008000","tipo":"Urbano","sup_m2":1239.4},"geometry":{"type":"Polygon","coordinates":[[[-58.680646,-34.361068],[-58.681064,-34.360547],[-58.6809,-34.360461],[-58.680483,-34.360981],[-58.680646,-34.361068]]]}},{"type":"Feature","properties":{"partida":"057014624","cca":"057040F00000000000000000000001650000009000","tipo":"Urbano","sup_m2":1212.1},"geometry":{"type":"Polygon","coordinates":[[[-58.680803,-34.361153],[-58.681225,-34.360632],[-58.681064,-34.360547],[-58.680646,-34.361068],[-58.680803,-34.361153]]]}},{"type":"Feature","properties":{"partida":"057014623","cca":"057040F00000000000000000000001650000010000","tipo":"Urbano","sup_m2":1113.2},"geometry":{"type":"Polygon","coordinates":[[[-58.681225,-34.360632],[-58.680803,-34.361153],[-58.680947,-34.361231],[-58.681373,-34.360709],[-58.681225,-34.360632]]]}},{"type":"Feature","properties":{"partida":"057014675","cca":"057040F00000000000000000000001660000001000","tipo":"Urbano","sup_m2":2705.2},"geometry":{"type":"Polygon","coordinates":[[[-58.679853,-34.360887],[-58.679218,-34.360554],[-58.678987,-34.360849],[-58.679614,-34.361184],[-58.679853,-34.360887]]]}},{"type":"Feature","properties":{"partida":"057014676","cca":"057040F00000000000000000000001660000002000","tipo":"Urbano","sup_m2":2592.5},"geometry":{"type":"Polygon","coordinates":[[[-58.679383,-34.36147],[-58.679614,-34.361184],[-58.678987,-34.360849],[-58.678765,-34.361134],[-58.679383,-34.36147]]]}},{"type":"Feature","properties":{"partida":"057014677","cca":"057040F00000000000000000000001660000003000","tipo":"Urbano","sup_m2":3134.5},"geometry":{"type":"Polygon","coordinates":[[[-58.679556,-34.361564],[-58.678765,-34.361134],[-58.678549,-34.361409],[-58.679344,-34.361833],[-58.679556,-34.361564]]]}},{"type":"Feature","properties":{"partida":"057014672","cca":"057040F00000000000000000000001660000012000","tipo":"Urbano","sup_m2":1960.3},"geometry":{"type":"Polygon","coordinates":[[[-58.680616,-34.361708],[-58.680852,-34.361412],[-58.680396,-34.361172],[-58.680157,-34.361467],[-58.680616,-34.361708]]]}},{"type":"Feature","properties":{"partida":"057014673","cca":"057040F00000000000000000000001660000013000","tipo":"Urbano","sup_m2":2362.9},"geometry":{"type":"Polygon","coordinates":[[[-58.680116,-34.361025],[-58.679648,-34.361617],[-58.679918,-34.361761],[-58.680396,-34.361172],[-58.680116,-34.361025]]]}},{"type":"Feature","properties":{"partida":"057014674","cca":"057040F00000000000000000000001660000014000","tipo":"Urbano","sup_m2":2261.1},"geometry":{"type":"Polygon","coordinates":[[[-58.679383,-34.36147],[-58.679648,-34.361617],[-58.680116,-34.361025],[-58.679853,-34.360887],[-58.679383,-34.36147]]]}},{"type":"Feature","properties":{"partida":"057014622","cca":"057040F00000000000000000000001680000001000","tipo":"Urbano","sup_m2":1238.8},"geometry":{"type":"Polygon","coordinates":[[[-58.681716,-34.3609],[-58.68155,-34.360815],[-58.68113,-34.361345],[-58.681288,-34.361429],[-58.681716,-34.3609]]]}},{"type":"Feature","properties":{"partida":"057014620","cca":"057040F0000000000000000000000168000000200A","tipo":"Urbano","sup_m2":2519.8},"geometry":{"type":"Polygon","coordinates":[[[-58.682038,-34.361065],[-58.681716,-34.3609],[-58.681288,-34.361429],[-58.68162,-34.361605],[-58.682038,-34.361065]]]}},{"type":"Feature","properties":{"partida":"057014619","cca":"057040F00000000000000000000001680000004000","tipo":"Urbano","sup_m2":1291.6},"geometry":{"type":"Polygon","coordinates":[[[-58.681784,-34.361692],[-58.682207,-34.361152],[-58.682038,-34.361065],[-58.68162,-34.361605],[-58.681784,-34.361692]]]}},{"type":"Feature","properties":{"partida":"057014618","cca":"057040F00000000000000000000001680000005000","tipo":"Urbano","sup_m2":1259.6},"geometry":{"type":"Polygon","coordinates":[[[-58.68237,-34.361235],[-58.682207,-34.361152],[-58.681784,-34.361692],[-58.681945,-34.361778],[-58.68237,-34.361235]]]}},{"type":"Feature","properties":{"partida":"057014617","cca":"057040F00000000000000000000001680000006000","tipo":"Urbano","sup_m2":1314.3},"geometry":{"type":"Polygon","coordinates":[[[-58.682542,-34.361324],[-58.68237,-34.361235],[-58.681945,-34.361778],[-58.682109,-34.361865],[-58.682542,-34.361324]]]}},{"type":"Feature","properties":{"partida":"357001527","cca":"357000100000000000000028000A0000000000100A","tipo":"Urbano","sup_m2":56995.6},"geometry":{"type":"Polygon","coordinates":[[[-58.675202,-34.345354],[-58.678311,-34.344639],[-58.678862,-34.344505],[-58.678898,-34.344455],[-58.678875,-34.344412],[-58.678867,-34.344353],[-58.678847,-34.344296],[-58.678696,-34.344119],[-58.678647,-34.344035],[-58.678623,-34.343952],[-58.678584,-34.343879],[-58.678537,-34.343837],[-58.678538,-34.343778],[-58.678549,-34.343638],[-58.678503,-34.343481],[-58.678436,-34.343298],[-58.678349,-34.343245],[-58.678272,-34.343189],[-58.6782,-34.343119],[-58.678152,-34.343109],[-58.678074,-34.34306],[-58.67801,-34.343072],[-58.677984,-34.343062],[-58.677924,-34.343072],[-58.677889,-34.343081],[-58.677803,-34.343161],[-58.677823,-34.343237],[-58.677795,-34.34328],[-58.67778,-34.343349],[-58.677678,-34.343396],[-58.677661,-34.343569],[-58.677515,-34.343826],[-58.677455,-34.343875],[-58.677371,-34.343924],[-58.677311,-34.343945],[-58.677158,-34.34402],[-58.677057,-34.344017],[-58.676693,-34.344037],[-58.676024,-34.343981],[-58.675533,-34.343955],[-58.675165,-34.343948],[-58.674852,-34.3439],[-58.674525,-34.343897],[-58.674219,-34.343888],[-58.673942,-34.34391],[-58.673666,-34.343905],[-58.673502,-34.343927],[-58.673301,-34.343964],[-58.675202,-34.345354]]]}},{"type":"Feature","properties":{"partida":"357001528","cca":"357000100000000000000028000A0000000000200A","tipo":"Urbano","sup_m2":1984.5},"geometry":{"type":"Polygon","coordinates":[[[-58.678825,-34.344667],[-58.678816,-34.344615],[-58.678848,-34.344547],[-58.678862,-34.344505],[-58.677816,-34.344758],[-58.677932,-34.344977],[-58.678825,-34.344667]]]}},{"type":"Feature","properties":{"partida":"357001529","cca":"357000100000000000000028000A0000000000200B","tipo":"Rural","sup_m2":49382.8},"geometry":{"type":"Polygon","coordinates":[[[-58.677932,-34.344977],[-58.677816,-34.344758],[-58.675276,-34.345336],[-58.677923,-34.347312],[-58.679536,-34.345793],[-58.679422,-34.345536],[-58.67846,-34.345956],[-58.678366,-34.345811],[-58.678259,-34.345665],[-58.678172,-34.345536],[-58.678132,-34.345434],[-58.677932,-34.344977]]]}},{"type":"Feature","properties":{"partida":"357001530","cca":"357000100000000000000028000A0000000000200C","tipo":"Urbano","sup_m2":1757.4},"geometry":{"type":"Polygon","coordinates":[[[-58.678825,-34.344667],[-58.677932,-34.344977],[-58.678001,-34.345133],[-58.678972,-34.344808],[-58.678858,-34.34471],[-58.678825,-34.344667]]]}},{"type":"Feature","properties":{"partida":"357001531","cca":"357000100000000000000028000A0000000000200D","tipo":"Urbano","sup_m2":1678.5},"geometry":{"type":"Polygon","coordinates":[[[-58.678972,-34.344808],[-58.678001,-34.345133],[-58.678064,-34.345278],[-58.679098,-34.344927],[-58.678972,-34.344808]]]}},{"type":"Feature","properties":{"partida":"357001532","cca":"357000100000000000000028000A0000000000200E","tipo":"Urbano","sup_m2":1905.3},"geometry":{"type":"Polygon","coordinates":[[[-58.679098,-34.344927],[-58.678064,-34.345278],[-58.678132,-34.345434],[-58.679203,-34.34507],[-58.679153,-34.345042],[-58.679098,-34.344927]]]}},{"type":"Feature","properties":{"partida":"357001533","cca":"357000100000000000000028000A0000000000200F","tipo":"Urbano","sup_m2":2493.1},"geometry":{"type":"Polygon","coordinates":[[[-58.679279,-34.345216],[-58.67929,-34.345141],[-58.679202,-34.34507],[-58.678132,-34.345434],[-58.678172,-34.345536],[-58.678259,-34.345665],[-58.679279,-34.345216]]]}},{"type":"Feature","properties":{"partida":"357001534","cca":"357000100000000000000028000A0000000000200G","tipo":"Urbano","sup_m2":1895.0},"geometry":{"type":"Polygon","coordinates":[[[-58.679334,-34.345376],[-58.679283,-34.345291],[-58.679279,-34.345216],[-58.678259,-34.345665],[-58.678366,-34.345811],[-58.679334,-34.345376]]]}},{"type":"Feature","properties":{"partida":"357001535","cca":"357000100000000000000028000A0000000000200H","tipo":"Urbano","sup_m2":1902.7},"geometry":{"type":"Polygon","coordinates":[[[-58.679422,-34.345536],[-58.679334,-34.345376],[-58.678366,-34.345811],[-58.67846,-34.345956],[-58.679422,-34.345536]]]}},{"type":"Feature","properties":{"partida":null,"cca":"357000100000000000000028000A0000000000200J","tipo":null,"sup_m2":1424.2},"geometry":{"type":"Polygon","coordinates":[[[-58.677904,-34.34733],[-58.677923,-34.347312],[-58.675276,-34.345336],[-58.675202,-34.345354],[-58.677904,-34.34733]]]}},{"type":"Feature","properties":{"partida":"357001537","cca":"357000100000000000000028000A0000000000300A","tipo":"Urbano","sup_m2":7795.4},"geometry":{"type":"Polygon","coordinates":[[[-58.679724,-34.346119],[-58.679646,-34.346042],[-58.679685,-34.345995],[-58.679568,-34.345847],[-58.679536,-34.345793],[-58.677904,-34.34733],[-58.678182,-34.347532],[-58.679724,-34.346119]]]}},{"type":"Feature","properties":{"partida":"357001538","cca":"357000100000000000000028000A0000000000300C","tipo":"Urbano","sup_m2":3670.9},"geometry":{"type":"Polygon","coordinates":[[[-58.679977,-34.346434],[-58.679915,-34.346365],[-58.679949,-34.346296],[-58.679895,-34.346252],[-58.678326,-34.347638],[-58.67846,-34.347736],[-58.679977,-34.346434]]]}},{"type":"Feature","properties":{"partida":"357019591","cca":"357000100000000000000028000A0000000000300D","tipo":"Urbano","sup_m2":4156.8},"geometry":{"type":"Polygon","coordinates":[[[-58.679895,-34.346252],[-58.679724,-34.346119],[-58.678182,-34.347532],[-58.678326,-34.347638],[-58.679895,-34.346252]]]}},{"type":"Feature","properties":{"partida":"357001539","cca":"357000100000000000000028000A0000000000400C","tipo":"Urbano","sup_m2":7347.8},"geometry":{"type":"Polygon","coordinates":[[[-58.678726,-34.34793],[-58.680253,-34.34674],[-58.680235,-34.34671],[-58.680038,-34.346503],[-58.679977,-34.346434],[-58.67846,-34.347736],[-58.678726,-34.34793]]]}},{"type":"Feature","properties":{"partida":"357001540","cca":"357000100000000000000028000A0000000000400D","tipo":"Urbano","sup_m2":6893.7},"geometry":{"type":"Polygon","coordinates":[[[-58.680442,-34.347072],[-58.680401,-34.346986],[-58.680253,-34.34674],[-58.678726,-34.34793],[-58.679017,-34.348143],[-58.680442,-34.347072]]]}},{"type":"Feature","properties":{"partida":"357001541","cca":"357000100000000000000028000A00000000005000","tipo":"Rural","sup_m2":19580.7},"geometry":{"type":"Polygon","coordinates":[[[-58.680442,-34.347072],[-58.679017,-34.348143],[-58.680067,-34.34891],[-58.680893,-34.348108],[-58.681215,-34.347782],[-58.681161,-34.34777],[-58.681129,-34.34777],[-58.680918,-34.347735],[-58.680859,-34.347527],[-58.680779,-34.34742],[-58.680702,-34.347332],[-58.680598,-34.347143],[-58.680442,-34.347072]]]}},{"type":"Feature","properties":{"partida":"357001542","cca":"357000100000000000000028000A0000000000600A","tipo":"Rural","sup_m2":16431.3},"geometry":{"type":"Polygon","coordinates":[[[-58.681971,-34.348553],[-58.681802,-34.348463],[-58.681612,-34.348127],[-58.681453,-34.348027],[-58.681341,-34.348007],[-58.681324,-34.347844],[-58.681274,-34.347806],[-58.681215,-34.347782],[-58.680893,-34.348108],[-58.680067,-34.34891],[-58.680928,-34.34954],[-58.681971,-34.348553]]]}},{"type":"Feature","properties":{"partida":"357001543","cca":"357000100000000000000028000A0000000000600C","tipo":"Urbano","sup_m2":6401.0},"geometry":{"type":"Polygon","coordinates":[[[-58.682684,-34.349031],[-58.682675,-34.348986],[-58.682539,-34.348927],[-58.682497,-34.348925],[-58.682436,-34.348944],[-58.68247,-34.348901],[-58.681417,-34.349898],[-58.681783,-34.350165],[-58.682809,-34.349141],[-58.6828,-34.349124],[-58.682684,-34.349031]]]}},{"type":"Feature","properties":{"partida":"357001544","cca":"357000100000000000000028000A0000000000600D","tipo":"Urbano","sup_m2":3536.4},"geometry":{"type":"Polygon","coordinates":[[[-58.682826,-34.349176],[-58.682809,-34.349141],[-58.681783,-34.350165],[-58.681977,-34.350307],[-58.682706,-34.349591],[-58.682943,-34.349345],[-58.682924,-34.349275],[-58.682927,-34.349212],[-58.682856,-34.349161],[-58.682826,-34.349176]]]}},{"type":"Feature","properties":{"partida":"357001545","cca":"357000100000000000000028000A0000000000600E","tipo":"Urbano","sup_m2":2936.6},"geometry":{"type":"Polygon","coordinates":[[[-58.682943,-34.349345],[-58.682706,-34.349591],[-58.681977,-34.350307],[-58.682147,-34.350431],[-58.683128,-34.349468],[-58.68302,-34.34938],[-58.682943,-34.349345]]]}},{"type":"Feature","properties":{"partida":"357001546","cca":"357000100000000000000028000A0000000000600F","tipo":"Urbano","sup_m2":2781.2},"geometry":{"type":"Polygon","coordinates":[[[-58.683128,-34.349468],[-58.682147,-34.350431],[-58.682311,-34.350551],[-58.683266,-34.349612],[-58.683187,-34.349518],[-58.683128,-34.349468]]]}},{"type":"Feature","properties":{"partida":"357001547","cca":"357000100000000000000028000A0000000000600G","tipo":"Urbano","sup_m2":2810.6},"geometry":{"type":"Polygon","coordinates":[[[-58.683397,-34.34978],[-58.683312,-34.349667],[-58.683266,-34.349612],[-58.682311,-34.350551],[-58.682482,-34.350676],[-58.683397,-34.34978]]]}},{"type":"Feature","properties":{"partida":"357001548","cca":"357000100000000000000028000A0000000000600H","tipo":"Urbano","sup_m2":2578.2},"geometry":{"type":"Polygon","coordinates":[[[-58.683397,-34.34978],[-58.682482,-34.350676],[-58.682645,-34.350795],[-58.683544,-34.349914],[-58.683415,-34.349804],[-58.683397,-34.34978]]]}},{"type":"Feature","properties":{"partida":"357001549","cca":"357000100000000000000028000A0000000000600I","tipo":"Urbano","sup_m2":2656.3},"geometry":{"type":"Polygon","coordinates":[[[-58.683544,-34.349914],[-58.682645,-34.350795],[-58.682815,-34.350919],[-58.683735,-34.350013],[-58.683613,-34.349973],[-58.683544,-34.349914]]]}},{"type":"Feature","properties":{"partida":"357001550","cca":"357000100000000000000028000A0000000000600J","tipo":"Urbano","sup_m2":2897.8},"geometry":{"type":"Polygon","coordinates":[[[-58.683735,-34.350013],[-58.682815,-34.350919],[-58.682987,-34.351045],[-58.683961,-34.350095],[-58.683876,-34.350059],[-58.683735,-34.350013]]]}},{"type":"Feature","properties":{"partida":"357001551","cca":"357000100000000000000028000A0000000000600K","tipo":"Urbano","sup_m2":2831.6},"geometry":{"type":"Polygon","coordinates":[[[-58.683961,-34.350095],[-58.682987,-34.351045],[-58.683154,-34.351167],[-58.684151,-34.350186],[-58.684121,-34.350167],[-58.683961,-34.350095]]]}},{"type":"Feature","properties":{"partida":"357001552","cca":"357000100000000000000028000A0000000000600M","tipo":"Urbano","sup_m2":2907.4},"geometry":{"type":"Polygon","coordinates":[[[-58.684329,-34.350302],[-58.684216,-34.350225],[-58.684151,-34.350186],[-58.683154,-34.351167],[-58.683318,-34.351287],[-58.684044,-34.350574],[-58.684329,-34.350302]]]}},{"type":"Feature","properties":{"partida":"357001553","cca":"357000100000000000000028000A0000000000600N","tipo":"Urbano","sup_m2":3047.6},"geometry":{"type":"Polygon","coordinates":[[[-58.684329,-34.350302],[-58.684044,-34.350574],[-58.683318,-34.351287],[-58.683502,-34.351421],[-58.684218,-34.350694],[-58.684458,-34.350474],[-58.684405,-34.350367],[-58.684329,-34.350302]]]}},{"type":"Feature","properties":{"partida":"357000670","cca":"357000100000000000000028000A0000000000600P","tipo":"Urbano","sup_m2":2999.1},"geometry":{"type":"Polygon","coordinates":[[[-58.681989,-34.348562],[-58.681971,-34.348553],[-58.680928,-34.34954],[-58.681091,-34.349659],[-58.682177,-34.348631],[-58.682083,-34.348568],[-58.681989,-34.348562]]]}},{"type":"Feature","properties":{"partida":"357000671","cca":"357000100000000000000028000A0000000000600R","tipo":"Urbano","sup_m2":3010.5},"geometry":{"type":"Polygon","coordinates":[[[-58.681091,-34.349659],[-58.681254,-34.349778],[-58.682322,-34.348767],[-58.682192,-34.348642],[-58.682177,-34.348631],[-58.681091,-34.349659]]]}},{"type":"Feature","properties":{"partida":"357001554","cca":"357000100000000000000028000A0000000000600S","tipo":"Urbano","sup_m2":2960.1},"geometry":{"type":"Polygon","coordinates":[[[-58.681417,-34.349898],[-58.68247,-34.348901],[-58.682322,-34.348767],[-58.681254,-34.349778],[-58.681417,-34.349898]]]}},{"type":"Feature","properties":{"partida":"357001555","cca":"357000100000000000000028000A00000000007000","tipo":"Urbano","sup_m2":3725.7},"geometry":{"type":"Polygon","coordinates":[[[-58.684458,-34.350474],[-58.684218,-34.350694],[-58.683502,-34.351421],[-58.683721,-34.351582],[-58.684675,-34.350624],[-58.68453,-34.350528],[-58.684458,-34.350474]]]}},{"type":"Feature","properties":{"partida":"357001556","cca":"357000100000000000000028000A00000000008000","tipo":"Urbano","sup_m2":3742.1},"geometry":{"type":"Polygon","coordinates":[[[-58.684675,-34.350624],[-58.683721,-34.351582],[-58.683952,-34.35175],[-58.684866,-34.350811],[-58.684891,-34.350829],[-58.684855,-34.350788],[-58.684675,-34.350624]]]}},{"type":"Feature","properties":{"partida":"357001557","cca":"357000100000000000000028000A00000000009000","tipo":"Urbano","sup_m2":4116.1},"geometry":{"type":"Polygon","coordinates":[[[-58.684891,-34.350829],[-58.684866,-34.350811],[-58.683952,-34.35175],[-58.684198,-34.35193],[-58.685097,-34.351039],[-58.684976,-34.350926],[-58.684891,-34.350829]]]}},{"type":"Feature","properties":{"partida":"357001558","cca":"357000100000000000000028000A00000000010000","tipo":"Urbano","sup_m2":5029.1},"geometry":{"type":"Polygon","coordinates":[[[-58.685097,-34.351039],[-58.684567,-34.351564],[-58.685061,-34.351904],[-58.685156,-34.351973],[-58.685297,-34.351788],[-58.685433,-34.351645],[-58.685545,-34.351499],[-58.685513,-34.351321],[-58.685427,-34.351245],[-58.685269,-34.351145],[-58.68512,-34.35106],[-58.685097,-34.351039]]]}},{"type":"Feature","properties":{"partida":"357001559","cca":"357000100000000000000028000A0000000001100A","tipo":"Urbano","sup_m2":1859.5},"geometry":{"type":"Polygon","coordinates":[[[-58.685156,-34.351973],[-58.685061,-34.351904],[-58.684567,-34.351564],[-58.684384,-34.351747],[-58.684962,-34.352148],[-58.685057,-34.352071],[-58.685156,-34.351973]]]}},{"type":"Feature","properties":{"partida":"357019401","cca":"357000100000000000000028000A0000000001100B","tipo":"Urbano","sup_m2":1822.6},"geometry":{"type":"Polygon","coordinates":[[[-58.684198,-34.35193],[-58.684758,-34.352322],[-58.684962,-34.352148],[-58.684384,-34.351747],[-58.684198,-34.35193]]]}},{"type":"Feature","properties":{"partida":"357001560","cca":"357000100000000000000028000A00000000012000","tipo":"Rural","sup_m2":98855.3},"geometry":{"type":"Polygon","coordinates":[[[-58.684657,-34.352396],[-58.684758,-34.352322],[-58.684198,-34.35193],[-58.673301,-34.343964],[-58.672944,-34.344066],[-58.672822,-34.344105],[-58.672594,-34.344208],[-58.672515,-34.344257],[-58.682354,-34.351399],[-58.684233,-34.352751],[-58.684304,-34.352701],[-58.684657,-34.352396]]]}},{"type":"Feature","properties":{"partida":"357001561","cca":"357000100000000000000028000A00000000013000","tipo":"Rural","sup_m2":51290.2},"geometry":{"type":"Polygon","coordinates":[[[-58.682354,-34.351399],[-58.672515,-34.344257],[-58.672285,-34.344405],[-58.672233,-34.344444],[-58.682121,-34.351851],[-58.682354,-34.351399]]]}},{"type":"Feature","properties":{"partida":"357001562","cca":"357000100000000000000028000A0000000001400A","tipo":"Urbano","sup_m2":10674.6},"geometry":{"type":"Polygon","coordinates":[[[-58.683862,-34.353011],[-58.684233,-34.352751],[-58.682354,-34.351399],[-58.682121,-34.351851],[-58.683092,-34.352578],[-58.683176,-34.352501],[-58.683862,-34.353011]]]}},{"type":"Feature","properties":{"partida":"357001563","cca":"357000100000000000000028000A0000000001400B","tipo":"Urbano","sup_m2":983.1},"geometry":{"type":"Polygon","coordinates":[[[-58.683862,-34.353011],[-58.683176,-34.352501],[-58.683092,-34.352578],[-58.683767,-34.353084],[-58.683862,-34.353011]]]}},{"type":"Feature","properties":{"partida":"357001564","cca":"357000100000000000000028000A0000000001500A","tipo":"Rural","sup_m2":52738.2},"geometry":{"type":"Polygon","coordinates":[[[-58.681936,-34.352344],[-58.682354,-34.352083],[-58.68371,-34.353129],[-58.683767,-34.353084],[-58.672233,-34.344444],[-58.672013,-34.34464],[-58.678504,-34.349687],[-58.681936,-34.352344]]]}},{"type":"Feature","properties":{"partida":"357018718","cca":"357000100000000000000028000A0000000001500C","tipo":"Rural","sup_m2":4080.7},"geometry":{"type":"Polygon","coordinates":[[[-58.68371,-34.353129],[-58.682354,-34.352083],[-58.682145,-34.352213],[-58.683546,-34.353293],[-58.68359,-34.353246],[-58.683634,-34.353187],[-58.68371,-34.353129]]]}},{"type":"Feature","properties":{"partida":"357019391","cca":"357000100000000000000028000A0000000001500D","tipo":"Rural","sup_m2":4269.9},"geometry":{"type":"Polygon","coordinates":[[[-58.682145,-34.352213],[-58.681936,-34.352344],[-58.683386,-34.353464],[-58.683546,-34.353293],[-58.682145,-34.352213]]]}},{"type":"Feature","properties":{"partida":"357001565","cca":"357000100000000000000028000A0000000001600A","tipo":"Rural","sup_m2":31397.2},"geometry":{"type":"Polygon","coordinates":[[[-58.678291,-34.350074],[-58.678504,-34.349687],[-58.672013,-34.34464],[-58.671818,-34.344879],[-58.678291,-34.350074]]]}},{"type":"Feature","properties":{"partida":"357001566","cca":"357000100000000000000028000A0000000001600B","tipo":"Rural","sup_m2":29801.4},"geometry":{"type":"Polygon","coordinates":[[[-58.678504,-34.349687],[-58.678291,-34.350074],[-58.682951,-34.35379],[-58.683011,-34.353796],[-58.683133,-34.353687],[-58.683166,-34.353606],[-58.683214,-34.353597],[-58.683386,-34.353464],[-58.678504,-34.349687]]]}},{"type":"Feature","properties":{"partida":"357001567","cca":"357000100000000000000028000A0000000001700A","tipo":"Urbano","sup_m2":12408.5},"geometry":{"type":"Polygon","coordinates":[[[-58.682794,-34.353976],[-58.68285,-34.353907],[-58.682876,-34.353827],[-58.682951,-34.35379],[-58.678291,-34.350074],[-58.678173,-34.350191],[-58.682794,-34.353976]]]}},{"type":"Feature","properties":{"partida":"357001568","cca":"357000100000000000000028000A0000000001700B","tipo":"Urbano","sup_m2":13232.0},"geometry":{"type":"Polygon","coordinates":[[[-58.682633,-34.354168],[-58.682693,-34.354101],[-58.682794,-34.353976],[-58.678173,-34.350191],[-58.67804,-34.350318],[-58.682633,-34.354168]]]}},{"type":"Feature","properties":{"partida":"357001569","cca":"357000100000000000000028000A00000000018000","tipo":"Rural","sup_m2":46369.9},"geometry":{"type":"Polygon","coordinates":[[[-58.671818,-34.344879],[-58.671773,-34.344958],[-58.671553,-34.345195],[-58.677793,-34.350554],[-58.677918,-34.350438],[-58.678291,-34.350074],[-58.671818,-34.344879]]]}},{"type":"Feature","properties":{"partida":"357001570","cca":"357000100000000000000028000A0000000001900A","tipo":"Urbano","sup_m2":11010.8},"geometry":{"type":"Polygon","coordinates":[[[-58.682488,-34.354293],[-58.682549,-34.35426],[-58.682633,-34.354168],[-58.67804,-34.350318],[-58.677918,-34.350438],[-58.682488,-34.354293]]]}},{"type":"Feature","properties":{"partida":"357001571","cca":"357000100000000000000028000A0000000001900B","tipo":"Urbano","sup_m2":10646.7},"geometry":{"type":"Polygon","coordinates":[[[-58.682488,-34.354293],[-58.677918,-34.350438],[-58.677793,-34.350554],[-58.682318,-34.354387],[-58.682488,-34.354293]]]}},{"type":"Feature","properties":{"partida":"357001572","cca":"357000100000000000000028000A00000000020000","tipo":"Rural","sup_m2":22078.7},"geometry":{"type":"Polygon","coordinates":[[[-58.677774,-34.350574],[-58.677536,-34.350802],[-58.681946,-34.35466],[-58.682116,-34.354598],[-58.682111,-34.354513],[-58.682113,-34.354497],[-58.682126,-34.354489],[-58.68219,-34.354508],[-58.682233,-34.35448],[-58.682234,-34.354452],[-58.682254,-34.354393],[-58.677774,-34.350574]]]}},{"type":"Feature","properties":{"partida":"357001573","cca":"357000100000000000000028000A00000000021000","tipo":"Rural","sup_m2":38744.6},"geometry":{"type":"Polygon","coordinates":[[[-58.677774,-34.350574],[-58.671531,-34.345222],[-58.67137,-34.345328],[-58.671251,-34.345523],[-58.677404,-34.350931],[-58.677774,-34.350574]]]}},{"type":"Feature","properties":{"partida":"357001574","cca":"357000100000000000000028000A0000000002200A","tipo":"Urbano","sup_m2":12308.6},"geometry":{"type":"Polygon","coordinates":[[[-58.68181,-34.354824],[-58.681815,-34.354785],[-58.681946,-34.35466],[-58.677536,-34.350802],[-58.677391,-34.350944],[-58.681439,-34.354494],[-58.68181,-34.354824]]]}},{"type":"Feature","properties":{"partida":"357001575","cca":"357000100000000000000028000A0000000002200B","tipo":"Urbano","sup_m2":902.8},"geometry":{"type":"Polygon","coordinates":[[[-58.681307,-34.354599],[-58.681742,-34.354986],[-58.68177,-34.354879],[-58.68181,-34.354824],[-58.681439,-34.354494],[-58.681307,-34.354599]]]}},{"type":"Feature","properties":{"partida":"357001576","cca":"357000100000000000000028000A00000000023000","tipo":"Rural","sup_m2":53765.2},"geometry":{"type":"Polygon","coordinates":[[[-58.671251,-34.345523],[-58.671002,-34.345809],[-58.67084,-34.345943],[-58.675501,-34.350157],[-58.676887,-34.351415],[-58.677404,-34.350931],[-58.671251,-34.345523]]]}},{"type":"Feature","properties":{"partida":"357001577","cca":"357000100000000000000028000A0000000002400A","tipo":"Urbano","sup_m2":876.3},"geometry":{"type":"Polygon","coordinates":[[[-58.681533,-34.355014],[-58.681578,-34.354989],[-58.681672,-34.355014],[-58.681742,-34.354986],[-58.681307,-34.354599],[-58.681175,-34.354705],[-58.681533,-34.355014]]]}},{"type":"Feature","properties":{"partida":"357001578","cca":"357000100000000000000028000A0000000002400B","tipo":"Rural","sup_m2":42092.4},"geometry":{"type":"Polygon","coordinates":[[[-58.681533,-34.355014],[-58.681175,-34.354705],[-58.681439,-34.354494],[-58.677391,-34.350944],[-58.676887,-34.351415],[-58.681139,-34.355274],[-58.681392,-34.355129],[-58.681486,-34.355039],[-58.681533,-34.355014]]]}},{"type":"Feature","properties":{"partida":"357002940","cca":"35700010000000000000003070000000000001000B","tipo":"Rural","sup_m2":66691.8},"geometry":{"type":"Polygon","coordinates":[[[-58.680765,-34.355601],[-58.675286,-34.350353],[-58.670621,-34.346194],[-58.670342,-34.346441],[-58.674925,-34.350696],[-58.680341,-34.355905],[-58.680385,-34.35589],[-58.680427,-34.355881],[-58.68048,-34.35586],[-58.680598,-34.355704],[-58.680765,-34.355601]]]}},{"type":"Feature","properties":{"partida":"357002941","cca":"35700010000000000000003070000000000001000D","tipo":"Rural","sup_m2":30520.2},"geometry":{"type":"Polygon","coordinates":[[[-58.680765,-34.355601],[-58.680814,-34.355569],[-58.680878,-34.355545],[-58.680951,-34.355464],[-58.680965,-34.355404],[-58.680953,-34.355355],[-58.681021,-34.355319],[-58.681056,-34.355341],[-58.681074,-34.3554],[-58.681101,-34.355448],[-58.681154,-34.355398],[-58.681152,-34.355314],[-58.681139,-34.355274],[-58.675501,-34.350157],[-58.675286,-34.350353],[-58.680765,-34.355601]]]}},{"type":"Feature","properties":{"partida":"357002942","cca":"35700010000000000000003070000000000001000E","tipo":"Rural","sup_m2":19889.1},"geometry":{"type":"Polygon","coordinates":[[[-58.675286,-34.350353],[-58.675501,-34.350157],[-58.67084,-34.345943],[-58.670621,-34.346194],[-58.675286,-34.350353]]]}},{"type":"Feature","properties":{"partida":"357002943","cca":"35700010000000000000003070000000000001000F","tipo":"Rural","sup_m2":25848.0},"geometry":{"type":"Polygon","coordinates":[[[-58.674561,-34.351019],[-58.674925,-34.350696],[-58.670342,-34.346441],[-58.6701,-34.34666],[-58.674561,-34.351019]]]}},{"type":"Feature","properties":{"partida":"357002944","cca":"35700010000000000000003070000000000001000G","tipo":"Rural","sup_m2":35989.3},"geometry":{"type":"Polygon","coordinates":[[[-58.679989,-34.356207],[-58.680001,-34.356116],[-58.68,-34.356019],[-58.680025,-34.355975],[-58.680054,-34.355951],[-58.680095,-34.355937],[-58.680114,-34.355971],[-58.68016,-34.356],[-58.680257,-34.355971],[-58.680291,-34.355933],[-58.680341,-34.355905],[-58.674925,-34.350696],[-58.674561,-34.351019],[-58.679989,-34.356207]]]}},{"type":"Feature","properties":{"partida":"357002945","cca":"35700010000000000000003070000000000001100A","tipo":"Rural","sup_m2":83210.4},"geometry":{"type":"Polygon","coordinates":[[[-58.6701,-34.34666],[-58.669961,-34.34679],[-58.669756,-34.346992],[-58.679416,-34.356695],[-58.679393,-34.356617],[-58.679422,-34.356602],[-58.679471,-34.356593],[-58.679455,-34.356575],[-58.679466,-34.356558],[-58.679507,-34.35655],[-58.679519,-34.35651],[-58.679626,-34.356531],[-58.679804,-34.356345],[-58.679989,-34.356207],[-58.674561,-34.351019],[-58.6701,-34.34666]]]}},{"type":"Feature","properties":{"partida":"357019376","cca":"35700010000000000000003070000000000001100B","tipo":"Rural","sup_m2":85106.8},"geometry":{"type":"Polygon","coordinates":[[[-58.669328,-34.347459],[-58.671007,-34.349138],[-58.679046,-34.357145],[-58.679177,-34.357053],[-58.679161,-34.357013],[-58.679122,-34.356988],[-58.679178,-34.356941],[-58.679232,-34.35691],[-58.679281,-34.356861],[-58.679416,-34.356695],[-58.669756,-34.346992],[-58.669455,-34.347299],[-58.669328,-34.347459]]]}},{"type":"Feature","properties":{"partida":"357020129","cca":"35700010000000000000003070000000000001200A","tipo":"Rural","sup_m2":9655.9},"geometry":{"type":"Polygon","coordinates":[[[-58.669328,-34.347459],[-58.669129,-34.347823],[-58.670811,-34.349506],[-58.671007,-34.349138],[-58.669328,-34.347459]]]}},{"type":"Feature","properties":{"partida":"357020128","cca":"35700010000000000000003070000000000001200B","tipo":"Rural","sup_m2":110356.2},"geometry":{"type":"Polygon","coordinates":[[[-58.670811,-34.349506],[-58.669129,-34.347823],[-58.669066,-34.347968],[-58.668957,-34.348109],[-58.674441,-34.353978],[-58.67823,-34.357902],[-58.678282,-34.357808],[-58.67833,-34.357737],[-58.678358,-34.357707],[-58.678384,-34.357618],[-58.67826,-34.357487],[-58.677525,-34.35675],[-58.67817,-34.356272],[-58.671007,-34.349138],[-58.670811,-34.349506]]]}},{"type":"Feature","properties":{"partida":"357002946","cca":"35700010000000000000003070000000000001200C","tipo":"Rural","sup_m2":10086.7},"geometry":{"type":"Polygon","coordinates":[[[-58.679046,-34.357145],[-58.67817,-34.356272],[-58.677525,-34.35675],[-58.67826,-34.357487],[-58.678384,-34.357618],[-58.678389,-34.357607],[-58.678432,-34.357609],[-58.678459,-34.357655],[-58.678497,-34.357641],[-58.678538,-34.357618],[-58.678561,-34.357555],[-58.678462,-34.357431],[-58.678534,-34.357384],[-58.678605,-34.357384],[-58.678629,-34.357471],[-58.678648,-34.357466],[-58.678682,-34.357441],[-58.678705,-34.357413],[-58.678703,-34.357392],[-58.67875,-34.357366],[-58.678785,-34.357375],[-58.678881,-34.357314],[-58.678911,-34.357278],[-58.6789,-34.357248],[-58.678945,-34.35723],[-58.679046,-34.357145]]]}},{"type":"Feature","properties":{"partida":"357019243","cca":"35700010000000000000003070000000000001300A","tipo":"Rural","sup_m2":43020.4},"geometry":{"type":"Polygon","coordinates":[[[-58.674441,-34.353978],[-58.669078,-34.348239],[-58.668957,-34.348109],[-58.668758,-34.348428],[-58.673917,-34.354435],[-58.674441,-34.353978]]]}},{"type":"Feature","properties":{"partida":"357002947","cca":"35700010000000000000003070000000000001300B","tipo":"Rural","sup_m2":46236.0},"geometry":{"type":"Polygon","coordinates":[[[-58.677404,-34.358493],[-58.677598,-34.358417],[-58.677596,-34.358352],[-58.677589,-34.358313],[-58.677606,-34.358287],[-58.67762,-34.358307],[-58.677668,-34.358308],[-58.677719,-34.358239],[-58.677735,-34.35809],[-58.677764,-34.358017],[-58.678069,-34.35786],[-58.67823,-34.357902],[-58.674441,-34.353978],[-58.673917,-34.354435],[-58.677404,-34.358493]]]}},{"type":"Feature","properties":{"partida":"357002948","cca":"357000100000000000000030700000000000014000","tipo":"Rural","sup_m2":78095.5},"geometry":{"type":"Polygon","coordinates":[[[-58.677404,-34.358493],[-58.668758,-34.348428],[-58.668568,-34.348591],[-58.668373,-34.348648],[-58.676718,-34.358801],[-58.676764,-34.358786],[-58.676777,-34.358803],[-58.676781,-34.358829],[-58.676845,-34.35882],[-58.676883,-34.358794],[-58.676918,-34.35876],[-58.676963,-34.358725],[-58.677013,-34.358693],[-58.677087,-34.358667],[-58.677159,-34.358648],[-58.677181,-34.35862],[-58.677203,-34.358559],[-58.677404,-34.358493]]]}},{"type":"Feature","properties":{"partida":"357002949","cca":"357000100000000000000030700000000000015000","tipo":"Rural","sup_m2":86638.1},"geometry":{"type":"Polygon","coordinates":[[[-58.676718,-34.358801],[-58.668373,-34.348648],[-58.667937,-34.348784],[-58.672277,-34.354443],[-58.675921,-34.359171],[-58.67633,-34.359061],[-58.676446,-34.358987],[-58.676571,-34.358963],[-58.676718,-34.358801]]]}},{"type":"Feature","properties":{"partida":"357002950","cca":"357000100000000000000030700000000000016000","tipo":"Rural","sup_m2":38335.1},"geometry":{"type":"Polygon","coordinates":[[[-58.671868,-34.354874],[-58.672277,-34.354443],[-58.667937,-34.348784],[-58.667411,-34.348813],[-58.671868,-34.354874]]]}},{"type":"Feature","properties":{"partida":"357002951","cca":"357000100000000000000030700000000000017000","tipo":"Rural","sup_m2":70575.3},"geometry":{"type":"Polygon","coordinates":[[[-58.667411,-34.348813],[-58.667189,-34.348869],[-58.666442,-34.34893],[-58.670869,-34.355154],[-58.671868,-34.354874],[-58.667411,-34.348813]]]}},{"type":"Feature","properties":{"partida":"357002952","cca":"357000100000000000000030700000000000018000","tipo":"Rural","sup_m2":36802.2},"geometry":{"type":"Polygon","coordinates":[[[-58.675132,-34.359251],[-58.675315,-34.359184],[-58.675391,-34.359191],[-58.675455,-34.359205],[-58.6756,-34.35921],[-58.675719,-34.359208],[-58.675806,-34.359202],[-58.675921,-34.359171],[-58.672277,-34.354443],[-58.671868,-34.354874],[-58.675132,-34.359251]]]}},{"type":"Feature","properties":{"partida":"357002953","cca":"357000100000000000000030700000000000019000","tipo":"Rural","sup_m2":54253.0},"geometry":{"type":"Polygon","coordinates":[[[-58.675132,-34.359251],[-58.671868,-34.354874],[-58.670869,-34.355154],[-58.672183,-34.357002],[-58.674015,-34.359336],[-58.674188,-34.359383],[-58.674525,-34.359366],[-58.67492,-34.359273],[-58.675132,-34.359251]]]}},{"type":"Feature","properties":{"partida":"357002954","cca":"35700010000000000000003070000000000002000A","tipo":"Urbano","sup_m2":9209.9},"geometry":{"type":"Polygon","coordinates":[[[-58.674015,-34.359336],[-58.672183,-34.357002],[-58.671933,-34.357122],[-58.673574,-34.359358],[-58.673613,-34.359337],[-58.673635,-34.35934],[-58.673662,-34.359333],[-58.673663,-34.359323],[-58.673715,-34.359302],[-58.674015,-34.359336]]]}},{"type":"Feature","properties":{"partida":"357002955","cca":"35700010000000000000003070000000000002100A","tipo":"Urbano","sup_m2":10465.9},"geometry":{"type":"Polygon","coordinates":[[[-58.671933,-34.357122],[-58.671616,-34.357275],[-58.673141,-34.359462],[-58.67317,-34.359455],[-58.67319,-34.359416],[-58.673224,-34.359396],[-58.673263,-34.359386],[-58.673272,-34.359355],[-58.67328,-34.359381],[-58.673291,-34.359382],[-58.67331,-34.359372],[-58.673313,-34.359386],[-58.673328,-34.359385],[-58.673349,-34.359396],[-58.673362,-34.35941],[-58.673441,-34.359384],[-58.673574,-34.359358],[-58.671933,-34.357122]]]}},{"type":"Feature","properties":{"partida":"357020010","cca":"357000100000000000000030700000000000022000","tipo":"Urbano","sup_m2":9704.0},"geometry":{"type":"Polygon","coordinates":[[[-58.671616,-34.357275],[-58.671276,-34.357439],[-58.672711,-34.359508],[-58.672792,-34.359464],[-58.672836,-34.359444],[-58.67288,-34.359428],[-58.672938,-34.359397],[-58.672953,-34.359369],[-58.672972,-34.359355],[-58.673012,-34.359364],[-58.673032,-34.359379],[-58.673057,-34.359385],[-58.673065,-34.359409],[-58.673067,-34.359444],[-58.673074,-34.359451],[-58.673141,-34.359462],[-58.671616,-34.357275]]]}},{"type":"Feature","properties":{"partida":"357020008","cca":"357000100000000000000030700000000000023000","tipo":"Urbano","sup_m2":9067.3},"geometry":{"type":"Polygon","coordinates":[[[-58.672711,-34.359508],[-58.671276,-34.357439],[-58.670951,-34.357595],[-58.672403,-34.359671],[-58.672431,-34.359655],[-58.672449,-34.359668],[-58.672512,-34.359672],[-58.672552,-34.359643],[-58.672567,-34.359553],[-58.672597,-34.35956],[-58.672659,-34.35951],[-58.672711,-34.359508]]]}},{"type":"Feature","properties":{"partida":null,"cca":"357000100000000000000030700000000000024000","tipo":null,"sup_m2":153057.1},"geometry":{"type":"Polygon","coordinates":[[[-58.672183,-34.357002],[-58.667789,-34.350825],[-58.666047,-34.350892],[-58.665928,-34.35073],[-58.665537,-34.350732],[-58.666432,-34.352455],[-58.667014,-34.35223],[-58.667246,-34.352539],[-58.667456,-34.352856],[-58.665549,-34.353554],[-58.665571,-34.353869],[-58.667668,-34.353227],[-58.667955,-34.353546],[-58.667968,-34.353603],[-58.668356,-34.354115],[-58.671862,-34.359858],[-58.671875,-34.359829],[-58.6719,-34.359794],[-58.671886,-34.359763],[-58.671851,-34.359756],[-58.67182,-34.359735],[-58.671829,-34.35971],[-58.671831,-34.359671],[-58.671887,-34.359647],[-58.671939,-34.359676],[-58.671932,-34.359705],[-58.67203,-34.359751],[-58.672137,-34.359777],[-58.672247,-34.359791],[-58.67234,-34.359782],[-58.672424,-34.359746],[-58.67241,-34.359715],[-58.67237,-34.359688],[-58.672403,-34.359671],[-58.670951,-34.357595],[-58.672183,-34.357002]]]}},{"type":"Feature","properties":{"partida":"357020009","cca":"35700010000000000000003070000000000002400A","tipo":"Rural","sup_m2":145269.2},"geometry":{"type":"Polygon","coordinates":[[[-58.668356,-34.354115],[-58.671862,-34.359858],[-58.671875,-34.359829],[-58.6719,-34.359794],[-58.671886,-34.359763],[-58.671851,-34.359756],[-58.67182,-34.359735],[-58.671829,-34.35971],[-58.671831,-34.359671],[-58.671887,-34.359647],[-58.671939,-34.359676],[-58.671932,-34.359705],[-58.67203,-34.359751],[-58.670732,-34.357701],[-58.672183,-34.357002],[-58.667789,-34.350825],[-58.666047,-34.350892],[-58.665928,-34.35073],[-58.665537,-34.350732],[-58.666432,-34.352455],[-58.667014,-34.35223],[-58.667246,-34.352539],[-58.667456,-34.352856],[-58.665549,-34.353554],[-58.665571,-34.353869],[-58.667668,-34.353227],[-58.667955,-34.353546],[-58.667968,-34.353603],[-58.668356,-34.354115]]]}},{"type":"Feature","properties":{"partida":"357020016","cca":"35700010000000000000003070000000000002400B","tipo":"Urbano","sup_m2":7786.8},"geometry":{"type":"Polygon","coordinates":[[[-58.670951,-34.357595],[-58.670732,-34.357701],[-58.67203,-34.359751],[-58.672137,-34.359777],[-58.672247,-34.359791],[-58.67234,-34.359782],[-58.672424,-34.359746],[-58.67241,-34.359715],[-58.67237,-34.359688],[-58.672403,-34.359671],[-58.670951,-34.357595]]]}},{"type":"Feature","properties":{"partida":"357002988","cca":"357000100000000000000030700E0000000000100A","tipo":"Urbano","sup_m2":16012.1},"geometry":{"type":"Polygon","coordinates":[[[-58.66828,-34.348543],[-58.668618,-34.348384],[-58.668772,-34.348165],[-58.667744,-34.346581],[-58.667003,-34.347082],[-58.667646,-34.348143],[-58.667992,-34.348015],[-58.66828,-34.348543]]]}},{"type":"Feature","properties":{"partida":"357002990","cca":"357000100000000000000030700E0000000000300A","tipo":"Urbano","sup_m2":2137.4},"geometry":{"type":"Polygon","coordinates":[[[-58.66828,-34.348543],[-58.667992,-34.348015],[-58.667646,-34.348143],[-58.667953,-34.34865],[-58.66828,-34.348543]]]}},{"type":"Feature","properties":{"partida":"357000666","cca":"35700010000000000000003360000000000002400A","tipo":"Urbano","sup_m2":6393.7},"geometry":{"type":"Polygon","coordinates":[[[-58.666768,-34.361343],[-58.667156,-34.36198],[-58.667181,-34.361922],[-58.667212,-34.361824],[-58.667279,-34.361723],[-58.667261,-34.361668],[-58.667322,-34.361628],[-58.667389,-34.361616],[-58.667485,-34.361642],[-58.667572,-34.361544],[-58.667727,-34.36152],[-58.667781,-34.36145],[-58.66788,-34.361386],[-58.667952,-34.361314],[-58.668019,-34.36124],[-58.668035,-34.361182],[-58.668031,-34.361119],[-58.667975,-34.361075],[-58.667952,-34.36104],[-58.667935,-34.36098],[-58.667912,-34.360947],[-58.66785,-34.360925],[-58.667828,-34.360866],[-58.666768,-34.361343]]]}},{"type":"Feature","properties":{"partida":"357003531","cca":"35700010000000000000003360000000000002400B","tipo":"Urbano","sup_m2":3307.9},"geometry":{"type":"Polygon","coordinates":[[[-58.666768,-34.361343],[-58.667828,-34.360866],[-58.66777,-34.360796],[-58.667679,-34.360704],[-58.667624,-34.360637],[-58.666622,-34.361104],[-58.666768,-34.361343]]]}},{"type":"Feature","properties":{"partida":"357020018","cca":"35700010000000000000003360000000000003100H","tipo":"Urbano","sup_m2":10922.8},"geometry":{"type":"Polygon","coordinates":[[[-58.667678,-34.354211],[-58.667968,-34.353603],[-58.667955,-34.353546],[-58.665595,-34.354204],[-58.665609,-34.35441],[-58.6656,-34.354556],[-58.667678,-34.354211]]]}},{"type":"Feature","properties":{"partida":"357003571","cca":"357000100000000000000033900000000000001000","tipo":"Rural","sup_m2":113567.2},"geometry":{"type":"Polygon","coordinates":[[[-58.669936,-34.360363],[-58.669977,-34.360303],[-58.670051,-34.360311],[-58.670146,-34.360314],[-58.670235,-34.360335],[-58.670389,-34.360307],[-58.670591,-34.36023],[-58.67072,-34.360241],[-58.67085,-34.360218],[-58.67095,-34.360185],[-58.670964,-34.360161],[-58.671007,-34.360132],[-58.671025,-34.36013],[-58.671102,-34.360143],[-58.671141,-34.360145],[-58.671183,-34.360123],[-58.67122,-34.360053],[-58.671505,-34.359989],[-58.671607,-34.359971],[-58.671754,-34.359898],[-58.671817,-34.35989],[-58.671862,-34.359858],[-58.668356,-34.354115],[-58.667968,-34.353603],[-58.667214,-34.355182],[-58.667664,-34.355998],[-58.669657,-34.359642],[-58.669931,-34.360188],[-58.669936,-34.360363]]]}},{"type":"Feature","properties":{"partida":"357003572","cca":"357000100000000000000033900000000000002000","tipo":"Urbano","sup_m2":5565.8},"geometry":{"type":"Polygon","coordinates":[[[-58.667214,-34.355182],[-58.666704,-34.35625],[-58.666594,-34.356481],[-58.667664,-34.355998],[-58.667214,-34.355182]]]}},{"type":"Feature","properties":{"partida":"357003573","cca":"357000100000000000000033900000000000003000","tipo":"Urbano","sup_m2":2357.7},"geometry":{"type":"Polygon","coordinates":[[[-58.667664,-34.355998],[-58.666594,-34.356481],[-58.666479,-34.356722],[-58.667754,-34.356162],[-58.667664,-34.355998]]]}},{"type":"Feature","properties":{"partida":"357003574","cca":"357000100000000000000033900000000000004000","tipo":"Urbano","sup_m2":2799.3},"geometry":{"type":"Polygon","coordinates":[[[-58.667841,-34.356322],[-58.667754,-34.356162],[-58.666479,-34.356722],[-58.666358,-34.356975],[-58.667841,-34.356322]]]}},{"type":"Feature","properties":{"partida":"357003575","cca":"357000100000000000000033900000000000005000","tipo":"Urbano","sup_m2":3318.1},"geometry":{"type":"Polygon","coordinates":[[[-58.667928,-34.356481],[-58.667841,-34.356322],[-58.666358,-34.356975],[-58.666243,-34.357238],[-58.667928,-34.356481]]]}},{"type":"Feature","properties":{"partida":"357003576","cca":"357000100000000000000033900000000000006000","tipo":"Urbano","sup_m2":3541.4},"geometry":{"type":"Polygon","coordinates":[[[-58.668014,-34.356639],[-58.667928,-34.356481],[-58.666243,-34.357238],[-58.666114,-34.357488],[-58.668014,-34.356639]]]}},{"type":"Feature","properties":{"partida":"357003577","cca":"357000100000000000000033900000000000007000","tipo":"Urbano","sup_m2":4467.3},"geometry":{"type":"Polygon","coordinates":[[[-58.668102,-34.3568],[-58.668014,-34.356639],[-58.666114,-34.357488],[-58.665976,-34.357733],[-58.665999,-34.35777],[-58.668102,-34.3568]]]}},{"type":"Feature","properties":{"partida":"357003578","cca":"357000100000000000000033900000000000008000","tipo":"Urbano","sup_m2":3910.3},"geometry":{"type":"Polygon","coordinates":[[[-58.668192,-34.356964],[-58.668102,-34.3568],[-58.665999,-34.35777],[-58.666071,-34.357896],[-58.668192,-34.356964]]]}},{"type":"Feature","properties":{"partida":"357003579","cca":"357000100000000000000033900000000000009000","tipo":"Urbano","sup_m2":4071.6},"geometry":{"type":"Polygon","coordinates":[[[-58.667161,-34.357611],[-58.668279,-34.357123],[-58.668192,-34.356964],[-58.666071,-34.357896],[-58.666159,-34.358024],[-58.667161,-34.357611]]]}},{"type":"Feature","properties":{"partida":"357003582","cca":"357000100000000000000033900000000000012000","tipo":"Urbano","sup_m2":1839.4},"geometry":{"type":"Polygon","coordinates":[[[-58.667531,-34.3582],[-58.667438,-34.358053],[-58.666476,-34.358478],[-58.666561,-34.358626],[-58.667531,-34.3582]]]}},{"type":"Feature","properties":{"partida":"357003583","cca":"357000100000000000000033900000000000013000","tipo":"Urbano","sup_m2":1846.8},"geometry":{"type":"Polygon","coordinates":[[[-58.667622,-34.358346],[-58.667531,-34.3582],[-58.666561,-34.358626],[-58.666646,-34.358774],[-58.667622,-34.358346]]]}},{"type":"Feature","properties":{"partida":"357003584","cca":"357000100000000000000033900000000000014000","tipo":"Urbano","sup_m2":1878.8},"geometry":{"type":"Polygon","coordinates":[[[-58.667622,-34.358346],[-58.666646,-34.358774],[-58.666733,-34.358924],[-58.667715,-34.358493],[-58.667622,-34.358346]]]}},{"type":"Feature","properties":{"partida":"357003585","cca":"357000100000000000000033900000000000015000","tipo":"Urbano","sup_m2":1823.2},"geometry":{"type":"Polygon","coordinates":[[[-58.667805,-34.358636],[-58.667715,-34.358493],[-58.666733,-34.358924],[-58.666816,-34.359068],[-58.667805,-34.358636]]]}},{"type":"Feature","properties":{"partida":"357003586","cca":"357000100000000000000033900000000000016000","tipo":"Urbano","sup_m2":1846.2},"geometry":{"type":"Polygon","coordinates":[[[-58.667805,-34.358636],[-58.666816,-34.359068],[-58.666947,-34.359194],[-58.667898,-34.358786],[-58.667805,-34.358636]]]}},{"type":"Feature","properties":{"partida":"357003587","cca":"357000100000000000000033900000000000017000","tipo":"Urbano","sup_m2":1826.7},"geometry":{"type":"Polygon","coordinates":[[[-58.667992,-34.358934],[-58.667898,-34.358786],[-58.666947,-34.359194],[-58.66706,-34.359336],[-58.667992,-34.358934]]]}},{"type":"Feature","properties":{"partida":"357003588","cca":"357000100000000000000033900000000000018000","tipo":"Urbano","sup_m2":1760.5},"geometry":{"type":"Polygon","coordinates":[[[-58.667158,-34.359484],[-58.668081,-34.359076],[-58.667992,-34.358934],[-58.66706,-34.359336],[-58.667115,-34.359434],[-58.667158,-34.359484]]]}},{"type":"Feature","properties":{"partida":"357003589","cca":"357000100000000000000033900000000000019000","tipo":"Urbano","sup_m2":1845.3},"geometry":{"type":"Polygon","coordinates":[[[-58.667158,-34.359484],[-58.667178,-34.359585],[-58.667253,-34.359632],[-58.668177,-34.35923],[-58.668081,-34.359076],[-58.667158,-34.359484]]]}},{"type":"Feature","properties":{"partida":"357003590","cca":"357000100000000000000033900000000000020000","tipo":"Urbano","sup_m2":1459.5},"geometry":{"type":"Polygon","coordinates":[[[-58.668096,-34.359455],[-58.668002,-34.359305],[-58.667253,-34.359632],[-58.667315,-34.359783],[-58.667406,-34.35975],[-58.668096,-34.359455]]]}},{"type":"Feature","properties":{"partida":"357003591","cca":"357000100000000000000033900000000000021000","tipo":"Urbano","sup_m2":1481.2},"geometry":{"type":"Polygon","coordinates":[[[-58.667315,-34.359783],[-58.667341,-34.359823],[-58.667424,-34.359932],[-58.668187,-34.359601],[-58.668096,-34.359455],[-58.667406,-34.35975],[-58.667315,-34.359783]]]}},{"type":"Feature","properties":{"partida":"357003592","cca":"357000100000000000000033900000000000022000","tipo":"Urbano","sup_m2":1562.3},"geometry":{"type":"Polygon","coordinates":[[[-58.667477,-34.360095],[-58.667529,-34.360077],[-58.668283,-34.359756],[-58.668187,-34.359601],[-58.667424,-34.359932],[-58.667422,-34.36001],[-58.667477,-34.360095]]]}},{"type":"Feature","properties":{"partida":"357003593","cca":"357000100000000000000033900000000000023000","tipo":"Urbano","sup_m2":1454.5},"geometry":{"type":"Polygon","coordinates":[[[-58.667477,-34.360095],[-58.66756,-34.360174],[-58.667597,-34.360233],[-58.667627,-34.360216],[-58.668374,-34.359898],[-58.668283,-34.359756],[-58.667529,-34.360077],[-58.667477,-34.360095]]]}},{"type":"Feature","properties":{"partida":"357003594","cca":"357000100000000000000033900000000000024000","tipo":"Urbano","sup_m2":1546.1},"geometry":{"type":"Polygon","coordinates":[[[-58.667678,-34.360391],[-58.667737,-34.360369],[-58.668471,-34.360046],[-58.668374,-34.359898],[-58.667627,-34.360216],[-58.667597,-34.360233],[-58.66767,-34.36033],[-58.667678,-34.360391]]]}},{"type":"Feature","properties":{"partida":"357003595","cca":"357000100000000000000033900000000000025000","tipo":"Urbano","sup_m2":2453.1},"geometry":{"type":"Polygon","coordinates":[[[-58.667678,-34.360391],[-58.667746,-34.360586],[-58.6678,-34.360676],[-58.667877,-34.360781],[-58.667985,-34.360876],[-58.668064,-34.360988],[-58.668158,-34.361089],[-58.668295,-34.361084],[-58.668445,-34.361067],[-58.668291,-34.360862],[-58.667894,-34.3603],[-58.667737,-34.360369],[-58.667678,-34.360391]]]}},{"type":"Feature","properties":{"partida":"357003596","cca":"357000100000000000000033900000000000026000","tipo":"Urbano","sup_m2":1976.9},"geometry":{"type":"Polygon","coordinates":[[[-58.668445,-34.361067],[-58.668494,-34.361026],[-58.668592,-34.361033],[-58.668651,-34.361019],[-58.668464,-34.360763],[-58.668094,-34.360212],[-58.667894,-34.3603],[-58.668291,-34.360862],[-58.668445,-34.361067]]]}},{"type":"Feature","properties":{"partida":null,"cca":"357000100000000000000033900000000000027000","tipo":null,"sup_m2":1910.3},"geometry":{"type":"Polygon","coordinates":[[[-58.668786,-34.360893],[-58.668639,-34.360661],[-58.668286,-34.360127],[-58.668094,-34.360212],[-58.668464,-34.360763],[-58.668651,-34.361019],[-58.668708,-34.360924],[-58.668786,-34.360893]]]}},{"type":"Feature","properties":{"partida":null,"cca":"357000100000000000000033900000000000028000","tipo":null,"sup_m2":1806.5},"geometry":{"type":"Polygon","coordinates":[[[-58.668786,-34.360893],[-58.668911,-34.360873],[-58.668951,-34.360808],[-58.668471,-34.360046],[-58.668286,-34.360127],[-58.668639,-34.360661],[-58.668786,-34.360893]]]}},{"type":"Feature","properties":{"partida":"357003599","cca":"357000100000000000000033900000000000029000","tipo":"Urbano","sup_m2":9920.7},"geometry":{"type":"Polygon","coordinates":[[[-58.668951,-34.360808],[-58.668952,-34.360734],[-58.668988,-34.360675],[-58.669014,-34.360701],[-58.669051,-34.360724],[-58.669053,-34.360828],[-58.669095,-34.360881],[-58.669219,-34.360689],[-58.669398,-34.360664],[-58.669458,-34.360668],[-58.669304,-34.360392],[-58.668532,-34.359078],[-58.668002,-34.359305],[-58.668283,-34.359756],[-58.668471,-34.360046],[-58.668951,-34.360808]]]}},{"type":"Feature","properties":{"partida":"357003600","cca":"357000100000000000000033900000000000030000","tipo":"Urbano","sup_m2":3546.7},"geometry":{"type":"Polygon","coordinates":[[[-58.669458,-34.360668],[-58.669583,-34.360652],[-58.669729,-34.36055],[-58.669592,-34.360298],[-58.669182,-34.359564],[-58.668892,-34.359691],[-58.669304,-34.360392],[-58.669458,-34.360668]]]}},{"type":"Feature","properties":{"partida":"357003601","cca":"357000100000000000000033900000000000031000","tipo":"Urbano","sup_m2":3904.2},"geometry":{"type":"Polygon","coordinates":[[[-58.669936,-34.360363],[-58.669931,-34.360188],[-58.669657,-34.359642],[-58.66953,-34.359412],[-58.669182,-34.359564],[-58.669592,-34.360298],[-58.669729,-34.36055],[-58.669779,-34.360472],[-58.66987,-34.360428],[-58.669936,-34.360363]]]}},{"type":"Feature","properties":{"partida":"357003602","cca":"357000100000000000000033900000000000032000","tipo":"Urbano","sup_m2":1696.6},"geometry":{"type":"Polygon","coordinates":[[[-58.66877,-34.359483],[-58.668892,-34.359691],[-58.66953,-34.359412],[-58.669416,-34.359205],[-58.66877,-34.359483]]]}},{"type":"Feature","properties":{"partida":"357003603","cca":"357000100000000000000033900000000000033000","tipo":"Urbano","sup_m2":1670.8},"geometry":{"type":"Polygon","coordinates":[[[-58.668653,-34.359283],[-58.66877,-34.359483],[-58.669416,-34.359205],[-58.669304,-34.359],[-58.668653,-34.359283]]]}},{"type":"Feature","properties":{"partida":"357003604","cca":"357000100000000000000033900000000000034000","tipo":"Urbano","sup_m2":1716.2},"geometry":{"type":"Polygon","coordinates":[[[-58.668532,-34.359078],[-58.668653,-34.359283],[-58.669304,-34.359],[-58.669192,-34.358793],[-58.668532,-34.359078]]]}},{"type":"Feature","properties":{"partida":"357003605","cca":"357000100000000000000033900000000000035000","tipo":"Urbano","sup_m2":2022.8},"geometry":{"type":"Polygon","coordinates":[[[-58.668177,-34.35923],[-58.669192,-34.358793],[-58.669106,-34.358637],[-58.668081,-34.359076],[-58.668177,-34.35923]]]}},{"type":"Feature","properties":{"partida":"357003606","cca":"357000100000000000000033900000000000036000","tipo":"Urbano","sup_m2":1926.9},"geometry":{"type":"Polygon","coordinates":[[[-58.669024,-34.358486],[-58.667992,-34.358934],[-58.668081,-34.359076],[-58.669106,-34.358637],[-58.669024,-34.358486]]]}},{"type":"Feature","properties":{"partida":"357003607","cca":"357000100000000000000033900000000000037000","tipo":"Urbano","sup_m2":2032.4},"geometry":{"type":"Polygon","coordinates":[[[-58.667898,-34.358786],[-58.667992,-34.358934],[-58.669024,-34.358486],[-58.668938,-34.358329],[-58.667898,-34.358786]]]}},{"type":"Feature","properties":{"partida":"357003608","cca":"357000100000000000000033900000000000038000","tipo":"Urbano","sup_m2":2013.8},"geometry":{"type":"Polygon","coordinates":[[[-58.668855,-34.358178],[-58.667805,-34.358636],[-58.667898,-34.358786],[-58.668938,-34.358329],[-58.668855,-34.358178]]]}},{"type":"Feature","properties":{"partida":"357003609","cca":"357000100000000000000033900000000000039000","tipo":"Urbano","sup_m2":1969.9},"geometry":{"type":"Polygon","coordinates":[[[-58.667715,-34.358493],[-58.667805,-34.358636],[-58.668855,-34.358178],[-58.668774,-34.358029],[-58.667715,-34.358493]]]}},{"type":"Feature","properties":{"partida":"357003610","cca":"357000100000000000000033900000000000040000","tipo":"Urbano","sup_m2":2041.5},"geometry":{"type":"Polygon","coordinates":[[[-58.667715,-34.358493],[-58.668774,-34.358029],[-58.668691,-34.357878],[-58.667622,-34.358346],[-58.667715,-34.358493]]]}},{"type":"Feature","properties":{"partida":null,"cca":"357000100000000000000033900000000000041000","tipo":null,"sup_m2":2048.4},"geometry":{"type":"Polygon","coordinates":[[[-58.668609,-34.357727],[-58.667531,-34.3582],[-58.667622,-34.358346],[-58.668691,-34.357878],[-58.668609,-34.357727]]]}},{"type":"Feature","properties":{"partida":"357003612","cca":"357000100000000000000033900000000000042000","tipo":"Urbano","sup_m2":2084.8},"geometry":{"type":"Polygon","coordinates":[[[-58.667438,-34.358053],[-58.667531,-34.3582],[-58.668609,-34.357727],[-58.668525,-34.357574],[-58.667438,-34.358053]]]}},{"type":"Feature","properties":{"partida":"357003613","cca":"357000100000000000000033900000000000043000","tipo":"Urbano","sup_m2":2095.8},"geometry":{"type":"Polygon","coordinates":[[[-58.667346,-34.357906],[-58.667438,-34.358053],[-58.668525,-34.357574],[-58.668442,-34.357422],[-58.667346,-34.357906]]]}},{"type":"Feature","properties":{"partida":"357003614","cca":"357000100000000000000033900000000000044000","tipo":"Urbano","sup_m2":2113.6},"geometry":{"type":"Polygon","coordinates":[[[-58.667346,-34.357906],[-58.668442,-34.357422],[-58.668362,-34.357275],[-58.66725,-34.357753],[-58.667346,-34.357906]]]}},{"type":"Feature","properties":{"partida":"357003615","cca":"357000100000000000000033900000000000045000","tipo":"Urbano","sup_m2":2098.4},"geometry":{"type":"Polygon","coordinates":[[[-58.66725,-34.357753],[-58.668362,-34.357275],[-58.668279,-34.357123],[-58.667161,-34.357611],[-58.66725,-34.357753]]]}}]}