{"type":"FeatureCollection","features":[{"type":"Feature","properties":{"partida":"357014037","cca":"35700010000000000000006550000000000001100A","tipo":"Rural","sup_m2":128548.2},"geometry":{"type":"Polygon","coordinates":[[[-58.548209,-34.346819],[-58.551558,-34.347182],[-58.55159,-34.346554],[-58.55161,-34.345984],[-58.551636,-34.345496],[-58.551654,-34.345037],[-58.5517,-34.34408],[-58.551714,-34.343603],[-58.551729,-34.343475],[-58.548952,-34.343286],[-58.546197,-34.342989],[-58.545622,-34.342931],[-58.545588,-34.343031],[-58.545581,-34.343075],[-58.545544,-34.34316],[-58.545513,-34.343244],[-58.548715,-34.343589],[-58.54851,-34.344882],[-58.548462,-34.345205],[-58.548209,-34.346819]]]}},{"type":"Feature","properties":{"partida":"357020068","cca":"35700010000000000000006550000000000001100B","tipo":"Rural","sup_m2":10826.4},"geometry":{"type":"Polygon","coordinates":[[[-58.548715,-34.343589],[-58.545513,-34.343244],[-58.54543,-34.343446],[-58.545394,-34.343557],[-58.548664,-34.343913],[-58.548715,-34.343589]]]}},{"type":"Feature","properties":{"partida":"357020069","cca":"35700010000000000000006550000000000001100C","tipo":"Rural","sup_m2":10977.5},"geometry":{"type":"Polygon","coordinates":[[[-58.548664,-34.343913],[-58.545394,-34.343557],[-58.545387,-34.343638],[-58.545372,-34.343728],[-58.545371,-34.343812],[-58.545361,-34.343886],[-58.548614,-34.344235],[-58.548664,-34.343913]]]}},{"type":"Feature","properties":{"partida":"357020070","cca":"35700010000000000000006550000000000001100D","tipo":"Rural","sup_m2":11031.5},"geometry":{"type":"Polygon","coordinates":[[[-58.548614,-34.344235],[-58.545361,-34.343886],[-58.545314,-34.344216],[-58.548563,-34.344559],[-58.548614,-34.344235]]]}},{"type":"Feature","properties":{"partida":"357020071","cca":"35700010000000000000006550000000000001100E","tipo":"Rural","sup_m2":10700.7},"geometry":{"type":"Polygon","coordinates":[[[-58.545317,-34.344537],[-58.54851,-34.344882],[-58.548563,-34.344559],[-58.545314,-34.344216],[-58.545303,-34.344295],[-58.545317,-34.344537]]]}},{"type":"Feature","properties":{"partida":"357020072","cca":"35700010000000000000006550000000000001100F","tipo":"Rural","sup_m2":10568.8},"geometry":{"type":"Polygon","coordinates":[[[-58.548462,-34.345205],[-58.54851,-34.344882],[-58.545317,-34.344537],[-58.545336,-34.344867],[-58.548462,-34.345205]]]}},{"type":"Feature","properties":{"partida":"357020073","cca":"35700010000000000000006550000000000001100G","tipo":"Rural","sup_m2":10352.4},"geometry":{"type":"Polygon","coordinates":[[[-58.54841,-34.345526],[-58.548462,-34.345205],[-58.545336,-34.344867],[-58.545355,-34.345197],[-58.54841,-34.345526]]]}},{"type":"Feature","properties":{"partida":"357020074","cca":"35700010000000000000006550000000000001100H","tipo":"Rural","sup_m2":10155.6},"geometry":{"type":"Polygon","coordinates":[[[-58.54841,-34.345526],[-58.545355,-34.345197],[-58.545373,-34.345528],[-58.54836,-34.345851],[-58.54841,-34.345526]]]}},{"type":"Feature","properties":{"partida":"357020075","cca":"35700010000000000000006550000000000001100M","tipo":"Rural","sup_m2":9890.9},"geometry":{"type":"Polygon","coordinates":[[[-58.54836,-34.345851],[-58.545579,-34.34555],[-58.545373,-34.345528],[-58.545392,-34.345859],[-58.548309,-34.346173],[-58.54836,-34.345851]]]}},{"type":"Feature","properties":{"partida":"357020076","cca":"35700010000000000000006550000000000001100N","tipo":"Rural","sup_m2":9666.1},"geometry":{"type":"Polygon","coordinates":[[[-58.548309,-34.346173],[-58.545581,-34.345879],[-58.545392,-34.345859],[-58.545411,-34.346189],[-58.545583,-34.346207],[-58.548259,-34.346496],[-58.548309,-34.346173]]]}},{"type":"Feature","properties":{"partida":"357020077","cca":"35700010000000000000006550000000000001100R","tipo":"Rural","sup_m2":9433.3},"geometry":{"type":"Polygon","coordinates":[[[-58.548259,-34.346496],[-58.545583,-34.346207],[-58.545411,-34.346189],[-58.545429,-34.346519],[-58.548209,-34.346819],[-58.548259,-34.346496]]]}},{"type":"Feature","properties":{"partida":"357020078","cca":"35700010000000000000006550000000000001200A","tipo":"Rural","sup_m2":10546.0},"geometry":{"type":"Polygon","coordinates":[[[-58.548598,-34.346861],[-58.545586,-34.346536],[-58.545429,-34.346519],[-58.545435,-34.346653],[-58.545423,-34.346754],[-58.545418,-34.346847],[-58.545587,-34.346865],[-58.548547,-34.347184],[-58.548598,-34.346861]]]}},{"type":"Feature","properties":{"partida":"357020079","cca":"35700010000000000000006550000000000001200B","tipo":"Rural","sup_m2":10435.7},"geometry":{"type":"Polygon","coordinates":[[[-58.548547,-34.347184],[-58.545587,-34.346865],[-58.545418,-34.346847],[-58.545398,-34.347172],[-58.548497,-34.347507],[-58.548547,-34.347184]]]}},{"type":"Feature","properties":{"partida":"357020080","cca":"35700010000000000000006550000000000001200C","tipo":"Rural","sup_m2":10354.7},"geometry":{"type":"Polygon","coordinates":[[[-58.548497,-34.347507],[-58.545591,-34.347193],[-58.545398,-34.347172],[-58.545377,-34.347499],[-58.548445,-34.34783],[-58.548497,-34.347507]]]}},{"type":"Feature","properties":{"partida":"357020081","cca":"35700010000000000000006550000000000001200D","tipo":"Rural","sup_m2":10282.2},"geometry":{"type":"Polygon","coordinates":[[[-58.548445,-34.34783],[-58.545377,-34.347499],[-58.54536,-34.347825],[-58.548391,-34.348157],[-58.548445,-34.34783]]]}},{"type":"Feature","properties":{"partida":"357020082","cca":"35700010000000000000006550000000000001200E","tipo":"Rural","sup_m2":10102.2},"geometry":{"type":"Polygon","coordinates":[[[-58.548391,-34.348157],[-58.54536,-34.347825],[-58.545319,-34.34815],[-58.548344,-34.348476],[-58.548391,-34.348157]]]}},{"type":"Feature","properties":{"partida":"357020083","cca":"35700010000000000000006550000000000001200F","tipo":"Rural","sup_m2":10133.3},"geometry":{"type":"Polygon","coordinates":[[[-58.548344,-34.348476],[-58.545319,-34.34815],[-58.545279,-34.348473],[-58.548294,-34.3488],[-58.548344,-34.348476]]]}},{"type":"Feature","properties":{"partida":"357020084","cca":"35700010000000000000006550000000000001200G","tipo":"Rural","sup_m2":10030.2},"geometry":{"type":"Polygon","coordinates":[[[-58.548294,-34.3488],[-58.545596,-34.348508],[-58.545279,-34.348473],[-58.545267,-34.348653],[-58.545271,-34.3488],[-58.548242,-34.349122],[-58.548294,-34.3488]]]}},{"type":"Feature","properties":{"partida":"357020085","cca":"35700010000000000000006550000000000001200H","tipo":"Rural","sup_m2":9878.6},"geometry":{"type":"Polygon","coordinates":[[[-58.548242,-34.349122],[-58.545593,-34.348835],[-58.545271,-34.3488],[-58.54528,-34.349128],[-58.545575,-34.349163],[-58.548193,-34.349445],[-58.548242,-34.349122]]]}},{"type":"Feature","properties":{"partida":"357020086","cca":"35700010000000000000006550000000000001200M","tipo":"Rural","sup_m2":9675.9},"geometry":{"type":"Polygon","coordinates":[[[-58.548193,-34.349445],[-58.545574,-34.349162],[-58.54528,-34.349128],[-58.54529,-34.34946],[-58.548142,-34.349768],[-58.548193,-34.349445]]]}},{"type":"Feature","properties":{"partida":"357020087","cca":"35700010000000000000006550000000000001200N","tipo":"Rural","sup_m2":9451.7},"geometry":{"type":"Polygon","coordinates":[[[-58.548142,-34.349768],[-58.545549,-34.349488],[-58.54529,-34.34946],[-58.5453,-34.34979],[-58.548091,-34.350091],[-58.548142,-34.349768]]]}},{"type":"Feature","properties":{"partida":"357014038","cca":"35700010000000000000006550000000000001200R","tipo":"Rural","sup_m2":126648.9},"geometry":{"type":"Polygon","coordinates":[[[-58.5453,-34.34979],[-58.5453,-34.350118],[-58.551857,-34.350828],[-58.551757,-34.350713],[-58.551622,-34.35054],[-58.551513,-34.350391],[-58.551406,-34.350257],[-58.551434,-34.349532],[-58.551527,-34.347717],[-58.551544,-34.347524],[-58.551558,-34.347182],[-58.548598,-34.346861],[-58.548391,-34.348157],[-58.548344,-34.348476],[-58.548091,-34.350091],[-58.5453,-34.34979]]]}},{"type":"Feature","properties":{"partida":"357014039","cca":"35700010000000000000006550000000000001300A","tipo":"Rural","sup_m2":134385.4},"geometry":{"type":"Polygon","coordinates":[[[-58.551857,-34.350828],[-58.545518,-34.350141],[-58.5453,-34.350118],[-58.545288,-34.350456],[-58.5455,-34.350468],[-58.548322,-34.350775],[-58.548172,-34.351745],[-58.547968,-34.353037],[-58.553965,-34.353527],[-58.551857,-34.350828]]]}},{"type":"Feature","properties":{"partida":"357020088","cca":"35700010000000000000006550000000000001300B","tipo":"Rural","sup_m2":10240.9},"geometry":{"type":"Polygon","coordinates":[[[-58.548322,-34.350775],[-58.5455,-34.350468],[-58.545288,-34.350456],[-58.545254,-34.350774],[-58.548271,-34.3511],[-58.548322,-34.350775]]]}},{"type":"Feature","properties":{"partida":"357020089","cca":"35700010000000000000006550000000000001300C","tipo":"Rural","sup_m2":10064.9},"geometry":{"type":"Polygon","coordinates":[[[-58.545254,-34.350774],[-58.545229,-34.3511],[-58.548221,-34.351422],[-58.548271,-34.3511],[-58.545254,-34.350774]]]}},{"type":"Feature","properties":{"partida":"357020090","cca":"35700010000000000000006550000000000001300D","tipo":"Rural","sup_m2":9965.3},"geometry":{"type":"Polygon","coordinates":[[[-58.548221,-34.351422],[-58.545794,-34.351161],[-58.545229,-34.3511],[-58.545218,-34.351427],[-58.545745,-34.351484],[-58.548172,-34.351745],[-58.548221,-34.351422]]]}},{"type":"Feature","properties":{"partida":"357020091","cca":"35700010000000000000006550000000000001300E","tipo":"Rural","sup_m2":9851.2},"geometry":{"type":"Polygon","coordinates":[[[-58.548172,-34.351745],[-58.545745,-34.351484],[-58.545218,-34.351427],[-58.545207,-34.351754],[-58.545692,-34.351807],[-58.54812,-34.352068],[-58.548172,-34.351745]]]}},{"type":"Feature","properties":{"partida":"357020092","cca":"35700010000000000000006550000000000001300F","tipo":"Rural","sup_m2":9703.9},"geometry":{"type":"Polygon","coordinates":[[[-58.54812,-34.352068],[-58.545207,-34.351754],[-58.545201,-34.351853],[-58.545178,-34.352079],[-58.548069,-34.352391],[-58.54812,-34.352068]]]}},{"type":"Feature","properties":{"partida":"357020093","cca":"35700010000000000000006550000000000001300G","tipo":"Rural","sup_m2":9686.5},"geometry":{"type":"Polygon","coordinates":[[[-58.548069,-34.352391],[-58.545178,-34.352079],[-58.545133,-34.352403],[-58.548019,-34.352714],[-58.548069,-34.352391]]]}},{"type":"Feature","properties":{"partida":"357020094","cca":"35700010000000000000006550000000000001300H","tipo":"Rural","sup_m2":9677.9},"geometry":{"type":"Polygon","coordinates":[[[-58.547968,-34.353037],[-58.548019,-34.352714],[-58.545133,-34.352403],[-58.545082,-34.352726],[-58.547968,-34.353037]]]}},{"type":"Feature","properties":{"partida":"357020095","cca":"35700010000000000000006550000000000001400A","tipo":"Rural","sup_m2":9676.2},"geometry":{"type":"Polygon","coordinates":[[[-58.547968,-34.353037],[-58.545082,-34.352726],[-58.545034,-34.353048],[-58.547917,-34.35336],[-58.547968,-34.353037]]]}},{"type":"Feature","properties":{"partida":"357020096","cca":"35700010000000000000006550000000000001400B","tipo":"Rural","sup_m2":9664.1},"geometry":{"type":"Polygon","coordinates":[[[-58.547917,-34.35336],[-58.545034,-34.353048],[-58.545007,-34.353226],[-58.54498,-34.353371],[-58.547866,-34.353683],[-58.547917,-34.35336]]]}},{"type":"Feature","properties":{"partida":"357020097","cca":"35700010000000000000006550000000000001400C","tipo":"Rural","sup_m2":9731.6},"geometry":{"type":"Polygon","coordinates":[[[-58.547866,-34.353683],[-58.54498,-34.353371],[-58.544955,-34.353482],[-58.54492,-34.353607],[-58.544892,-34.35369],[-58.547816,-34.354006],[-58.547866,-34.353683]]]}},{"type":"Feature","properties":{"partida":"357020098","cca":"35700010000000000000006550000000000001400D","tipo":"Rural","sup_m2":9958.0},"geometry":{"type":"Polygon","coordinates":[[[-58.547816,-34.354006],[-58.544892,-34.35369],[-58.544823,-34.353852],[-58.544743,-34.354003],[-58.547765,-34.354329],[-58.547816,-34.354006]]]}},{"type":"Feature","properties":{"partida":"357014040","cca":"35700010000000000000006550000000000001400E","tipo":"Rural","sup_m2":226979.3},"geometry":{"type":"Polygon","coordinates":[[[-58.553965,-34.353527],[-58.547968,-34.353037],[-58.547765,-34.354329],[-58.544743,-34.354003],[-58.544554,-34.354311],[-58.547715,-34.354652],[-58.547461,-34.356267],[-58.547097,-34.3577],[-58.554178,-34.355525],[-58.553946,-34.353926],[-58.553936,-34.353649],[-58.553965,-34.353527]]]}},{"type":"Feature","properties":{"partida":"357020099","cca":"35700010000000000000006550000000000001400F","tipo":"Rural","sup_m2":10851.5},"geometry":{"type":"Polygon","coordinates":[[[-58.544554,-34.354311],[-58.544477,-34.354438],[-58.544378,-34.35462],[-58.547662,-34.354977],[-58.547715,-34.354652],[-58.544554,-34.354311]]]}},{"type":"Feature","properties":{"partida":"357020100","cca":"35700010000000000000006550000000000001400G","tipo":"Rural","sup_m2":11101.8},"geometry":{"type":"Polygon","coordinates":[[[-58.547662,-34.354977],[-58.544378,-34.35462],[-58.544321,-34.354754],[-58.544293,-34.354836],[-58.544266,-34.354937],[-58.547613,-34.355298],[-58.547662,-34.354977]]]}},{"type":"Feature","properties":{"partida":"357020101","cca":"35700010000000000000006550000000000001400H","tipo":"Rural","sup_m2":11219.9},"geometry":{"type":"Polygon","coordinates":[[[-58.547613,-34.355298],[-58.544266,-34.354937],[-58.544246,-34.355044],[-58.54423,-34.355172],[-58.544224,-34.355261],[-58.547563,-34.355621],[-58.547613,-34.355298]]]}},{"type":"Feature","properties":{"partida":"357020102","cca":"35700010000000000000006550000000000001400M","tipo":"Rural","sup_m2":11192.0},"geometry":{"type":"Polygon","coordinates":[[[-58.547563,-34.355621],[-58.544224,-34.355261],[-58.544219,-34.355345],[-58.544167,-34.355586],[-58.544738,-34.355645],[-58.547511,-34.355944],[-58.547563,-34.355621]]]}},{"type":"Feature","properties":{"partida":"357020103","cca":"35700010000000000000006550000000000001400N","tipo":"Rural","sup_m2":11268.2},"geometry":{"type":"Polygon","coordinates":[[[-58.547512,-34.355944],[-58.544738,-34.355645],[-58.544167,-34.355586],[-58.544141,-34.355692],[-58.544082,-34.355902],[-58.547461,-34.356267],[-58.547512,-34.355944]]]}},{"type":"Feature","properties":{"partida":"357020104","cca":"35700010000000000000006550000000000001400R","tipo":"Rural","sup_m2":11341.2},"geometry":{"type":"Polygon","coordinates":[[[-58.547461,-34.356267],[-58.544082,-34.355902],[-58.544066,-34.355948],[-58.543993,-34.356221],[-58.54738,-34.356586],[-58.547461,-34.356267]]]}},{"type":"Feature","properties":{"partida":"357020105","cca":"35700010000000000000006550000000000001400S","tipo":"Rural","sup_m2":11237.0},"geometry":{"type":"Polygon","coordinates":[[[-58.54738,-34.356586],[-58.543993,-34.356221],[-58.543953,-34.356371],[-58.543867,-34.356536],[-58.547302,-34.356895],[-58.54738,-34.356586]]]}},{"type":"Feature","properties":{"partida":"357020106","cca":"35700010000000000000006550000000000001400T","tipo":"Rural","sup_m2":18975.6},"geometry":{"type":"Polygon","coordinates":[[[-58.547302,-34.356895],[-58.543867,-34.356536],[-58.543761,-34.356741],[-58.543699,-34.356851],[-58.544346,-34.356916],[-58.547097,-34.3577],[-58.547302,-34.356895]]]}},{"type":"Feature","properties":{"partida":"357020107","cca":"35700010000000000000006550000000000001400W","tipo":"Rural","sup_m2":12270.9},"geometry":{"type":"Polygon","coordinates":[[[-58.547097,-34.3577],[-58.544346,-34.356916],[-58.543699,-34.356851],[-58.543503,-34.357236],[-58.544223,-34.357313],[-58.54657,-34.357858],[-58.547097,-34.3577]]]}},{"type":"Feature","properties":{"partida":"357020108","cca":"35700010000000000000006550000000000001400X","tipo":"Rural","sup_m2":14220.1},"geometry":{"type":"Polygon","coordinates":[[[-58.543503,-34.357236],[-58.543458,-34.357316],[-58.543224,-34.357771],[-58.543764,-34.357828],[-58.545901,-34.35807],[-58.54657,-34.357858],[-58.544223,-34.357313],[-58.543503,-34.357236]]]}},{"type":"Feature","properties":{"partida":"357020109","cca":"35700010000000000000006550000000000001400Y","tipo":"Rural","sup_m2":20594.9},"geometry":{"type":"Polygon","coordinates":[[[-58.545901,-34.35807],[-58.543764,-34.357828],[-58.543224,-34.357771],[-58.543203,-34.357831],[-58.543107,-34.357913],[-58.542927,-34.358132],[-58.542693,-34.358603],[-58.54254,-34.359199],[-58.543529,-34.358795],[-58.545901,-34.35807]]]}},{"type":"Feature","properties":{"partida":"357014079","cca":"357000100000000000000065600000000000038000","tipo":"Urbano","sup_m2":6784.6},"geometry":{"type":"Polygon","coordinates":[[[-58.541451,-34.343153],[-58.541436,-34.343298],[-58.545173,-34.34379],[-58.545193,-34.343709],[-58.545248,-34.343592],[-58.541451,-34.343153]]]}},{"type":"Feature","properties":{"partida":"357014080","cca":"357000100000000000000065600000000000039000","tipo":"Urbano","sup_m2":9821.4},"geometry":{"type":"Polygon","coordinates":[[[-58.541436,-34.343298],[-58.541408,-34.343548],[-58.54511,-34.344044],[-58.545173,-34.34379],[-58.541436,-34.343298]]]}},{"type":"Feature","properties":{"partida":"357014081","cca":"357000100000000000000065600000000000040000","tipo":"Urbano","sup_m2":9099.6},"geometry":{"type":"Polygon","coordinates":[[[-58.541408,-34.343548],[-58.54138,-34.343808],[-58.545092,-34.344259],[-58.545096,-34.3441],[-58.54511,-34.344044],[-58.541408,-34.343548]]]}},{"type":"Feature","properties":{"partida":"357014082","cca":"357000100000000000000065600000000000041000","tipo":"Urbano","sup_m2":8350.5},"geometry":{"type":"Polygon","coordinates":[[[-58.545092,-34.344259],[-58.54138,-34.343808],[-58.541365,-34.343942],[-58.541361,-34.344025],[-58.545086,-34.344479],[-58.545092,-34.344259]]]}},{"type":"Feature","properties":{"partida":"357014083","cca":"357000100000000000000065600000000000042000","tipo":"Urbano","sup_m2":9481.8},"geometry":{"type":"Polygon","coordinates":[[[-58.545086,-34.344479],[-58.541361,-34.344025],[-58.541322,-34.344283],[-58.545083,-34.344713],[-58.545081,-34.344664],[-58.545086,-34.344479]]]}},{"type":"Feature","properties":{"partida":"357014084","cca":"357000100000000000000065600000000000043000","tipo":"Urbano","sup_m2":8067.9},"geometry":{"type":"Polygon","coordinates":[[[-58.545083,-34.344713],[-58.541322,-34.344283],[-58.541296,-34.344481],[-58.545094,-34.344931],[-58.545083,-34.344713]]]}},{"type":"Feature","properties":{"partida":"357014085","cca":"357000100000000000000065600000000000044000","tipo":"Urbano","sup_m2":9677.2},"geometry":{"type":"Polygon","coordinates":[[[-58.545094,-34.344931],[-58.541296,-34.344481],[-58.541281,-34.344708],[-58.54512,-34.345202],[-58.545098,-34.345009],[-58.545094,-34.344931]]]}},{"type":"Feature","properties":{"partida":"357014086","cca":"357000100000000000000065600000000000045000","tipo":"Urbano","sup_m2":7576.1},"geometry":{"type":"Polygon","coordinates":[[[-58.54512,-34.345202],[-58.541281,-34.344708],[-58.541277,-34.344906],[-58.545142,-34.345391],[-58.54512,-34.345202]]]}},{"type":"Feature","properties":{"partida":"357014087","cca":"357000100000000000000065600000000000046000","tipo":"Urbano","sup_m2":10609.7},"geometry":{"type":"Polygon","coordinates":[[[-58.545142,-34.345391],[-58.541277,-34.344906],[-58.541238,-34.345208],[-58.545169,-34.345621],[-58.545142,-34.345391]]]}},{"type":"Feature","properties":{"partida":"357014088","cca":"357000100000000000000065600000000000047000","tipo":"Urbano","sup_m2":10592.9},"geometry":{"type":"Polygon","coordinates":[[[-58.545169,-34.345621],[-58.541238,-34.345208],[-58.541233,-34.345463],[-58.5452,-34.345894],[-58.545169,-34.345621]]]}},{"type":"Feature","properties":{"partida":"357014089","cca":"357000100000000000000065600000000000048000","tipo":"Urbano","sup_m2":7767.4},"geometry":{"type":"Polygon","coordinates":[[[-58.5452,-34.345894],[-58.541233,-34.345463],[-58.541184,-34.345661],[-58.545215,-34.346073],[-58.5452,-34.345894]]]}},{"type":"Feature","properties":{"partida":"357014090","cca":"357000100000000000000065600000000000049000","tipo":"Urbano","sup_m2":10893.6},"geometry":{"type":"Polygon","coordinates":[[[-58.545215,-34.346073],[-58.541184,-34.345661],[-58.541148,-34.345915],[-58.545239,-34.346343],[-58.545215,-34.346073]]]}},{"type":"Feature","properties":{"partida":"357014091","cca":"357000100000000000000065600000000000050000","tipo":"Urbano","sup_m2":9647.7},"geometry":{"type":"Polygon","coordinates":[[[-58.541148,-34.345915],[-58.541137,-34.346116],[-58.545261,-34.346604],[-58.545239,-34.346343],[-58.541148,-34.345915]]]}},{"type":"Feature","properties":{"partida":"357014092","cca":"357000100000000000000065600000000000051000","tipo":"Urbano","sup_m2":9501.8},"geometry":{"type":"Polygon","coordinates":[[[-58.545261,-34.346604],[-58.541137,-34.346116],[-58.541129,-34.346328],[-58.545282,-34.346843],[-58.545261,-34.346604]]]}},{"type":"Feature","properties":{"partida":"357014093","cca":"357000100000000000000065600000000000052000","tipo":"Urbano","sup_m2":9583.4},"geometry":{"type":"Polygon","coordinates":[[[-58.545282,-34.346843],[-58.541129,-34.346328],[-58.541096,-34.346516],[-58.541089,-34.346587],[-58.545283,-34.347029],[-58.54529,-34.346939],[-58.545282,-34.346843]]]}},{"type":"Feature","properties":{"partida":"357014094","cca":"357000100000000000000065600000000000053000","tipo":"Rural","sup_m2":9837.5},"geometry":{"type":"Polygon","coordinates":[[[-58.541077,-34.346691],[-58.54108,-34.346822],[-58.545267,-34.34725],[-58.545283,-34.347029],[-58.541089,-34.346587],[-58.541077,-34.346691]]]}},{"type":"Feature","properties":{"partida":"357014095","cca":"357000100000000000000065600000000000054000","tipo":"Rural","sup_m2":10568.5},"geometry":{"type":"Polygon","coordinates":[[[-58.545267,-34.34725],[-58.54108,-34.346822],[-58.541064,-34.346914],[-58.541064,-34.347029],[-58.545247,-34.347533],[-58.545267,-34.34725]]]}},{"type":"Feature","properties":{"partida":"357014096","cca":"357000100000000000000065600000000000055000","tipo":"Urbano","sup_m2":10328.0},"geometry":{"type":"Polygon","coordinates":[[[-58.541064,-34.347029],[-58.541028,-34.347266],[-58.545235,-34.347773],[-58.545247,-34.347533],[-58.541064,-34.347029]]]}},{"type":"Feature","properties":{"partida":"357014097","cca":"357000100000000000000065600000000000056000","tipo":"Urbano","sup_m2":11379.3},"geometry":{"type":"Polygon","coordinates":[[[-58.541002,-34.347455],[-58.540985,-34.347579],[-58.545225,-34.347982],[-58.545235,-34.347773],[-58.541028,-34.347266],[-58.541004,-34.347353],[-58.541002,-34.347455]]]}},{"type":"Feature","properties":{"partida":"357014098","cca":"357000100000000000000065600000000000057000","tipo":"Urbano","sup_m2":8839.0},"geometry":{"type":"Polygon","coordinates":[[[-58.540985,-34.347579],[-58.540958,-34.347782],[-58.545206,-34.348182],[-58.545222,-34.348038],[-58.545225,-34.347982],[-58.540985,-34.347579]]]}},{"type":"Feature","properties":{"partida":"357014099","cca":"357000100000000000000065600000000000058000","tipo":"Urbano","sup_m2":9084.9},"geometry":{"type":"Polygon","coordinates":[[[-58.54091,-34.347994],[-58.545184,-34.348381],[-58.545206,-34.348182],[-58.540958,-34.347782],[-58.54091,-34.347994]]]}},{"type":"Feature","properties":{"partida":"357014100","cca":"357000100000000000000065600000000000059000","tipo":"Rural","sup_m2":12529.2},"geometry":{"type":"Polygon","coordinates":[[[-58.54515,-34.348678],[-58.545184,-34.348381],[-58.54091,-34.347994],[-58.540856,-34.348262],[-58.54515,-34.348678]]]}},{"type":"Feature","properties":{"partida":"357014101","cca":"357000100000000000000065600000000000060000","tipo":"Urbano","sup_m2":11682.7},"geometry":{"type":"Polygon","coordinates":[[[-58.545098,-34.348974],[-58.54515,-34.348678],[-58.540856,-34.348262],[-58.540821,-34.34849],[-58.545098,-34.348974]]]}},{"type":"Feature","properties":{"partida":"357014102","cca":"357000100000000000000065600000000000061000","tipo":"Urbano","sup_m2":9780.6},"geometry":{"type":"Polygon","coordinates":[[[-58.545098,-34.348974],[-58.540821,-34.34849],[-58.540783,-34.348759],[-58.545083,-34.349147],[-58.545098,-34.348974]]]}},{"type":"Feature","properties":{"partida":"357014103","cca":"357000100000000000000065600000000000062000","tipo":"Urbano","sup_m2":10148.6},"geometry":{"type":"Polygon","coordinates":[[[-58.545071,-34.349385],[-58.545071,-34.349289],[-58.545083,-34.349147],[-58.540783,-34.348759],[-58.540751,-34.348979],[-58.545071,-34.349385]]]}},{"type":"Feature","properties":{"partida":"357014104","cca":"357000100000000000000065600000000000063000","tipo":"Urbano","sup_m2":11658.5},"geometry":{"type":"Polygon","coordinates":[[[-58.545068,-34.349649],[-58.545071,-34.349385],[-58.540751,-34.348979],[-58.540712,-34.349237],[-58.545068,-34.349649]]]}},{"type":"Feature","properties":{"partida":"357014105","cca":"357000100000000000000065600000000000064000","tipo":"Urbano","sup_m2":10868.2},"geometry":{"type":"Polygon","coordinates":[[[-58.545066,-34.349902],[-58.545068,-34.349649],[-58.540712,-34.349237],[-58.540673,-34.349466],[-58.545066,-34.349902]]]}},{"type":"Feature","properties":{"partida":"357014106","cca":"357000100000000000000065600000000000065000","tipo":"Urbano","sup_m2":7725.8},"geometry":{"type":"Polygon","coordinates":[[[-58.545064,-34.350105],[-58.545066,-34.349902],[-58.540673,-34.349466],[-58.54066,-34.349606],[-58.545064,-34.350105]]]}},{"type":"Feature","properties":{"partida":"357014107","cca":"357000100000000000000065600000000000066000","tipo":"Urbano","sup_m2":11838.0},"geometry":{"type":"Polygon","coordinates":[[[-58.545062,-34.350311],[-58.545064,-34.350105],[-58.54066,-34.349606],[-58.540601,-34.349917],[-58.545062,-34.350311]]]}},{"type":"Feature","properties":{"partida":"357014108","cca":"357000100000000000000065600000000000067000","tipo":"Urbano","sup_m2":10568.6},"geometry":{"type":"Polygon","coordinates":[[[-58.545103,-34.350565],[-58.545062,-34.350368],[-58.545062,-34.350311],[-58.540601,-34.349917],[-58.540579,-34.350126],[-58.545103,-34.350565]]]}},{"type":"Feature","properties":{"partida":"357014109","cca":"357000100000000000000065600000000000068000","tipo":"Urbano","sup_m2":11174.3},"geometry":{"type":"Polygon","coordinates":[[[-58.545137,-34.350812],[-58.545128,-34.350684],[-58.545103,-34.350565],[-58.540579,-34.350126],[-58.540563,-34.350189],[-58.540539,-34.350358],[-58.545137,-34.350812]]]}},{"type":"Feature","properties":{"partida":"357014110","cca":"357000100000000000000065600000000000069000","tipo":"Urbano","sup_m2":10971.7},"geometry":{"type":"Polygon","coordinates":[[[-58.545137,-34.350812],[-58.540539,-34.350358],[-58.540499,-34.350594],[-58.545154,-34.351038],[-58.545137,-34.350812]]]}},{"type":"Feature","properties":{"partida":"357014111","cca":"357000100000000000000065600000000000070000","tipo":"Urbano","sup_m2":11911.0},"geometry":{"type":"Polygon","coordinates":[[[-58.545154,-34.351038],[-58.540499,-34.350594],[-58.540481,-34.350809],[-58.545122,-34.351319],[-58.545154,-34.351038]]]}},{"type":"Feature","properties":{"partida":"357014112","cca":"357000100000000000000065600000000000071000","tipo":"Urbano","sup_m2":10730.3},"geometry":{"type":"Polygon","coordinates":[[[-58.545084,-34.351536],[-58.545112,-34.351406],[-58.545122,-34.351319],[-58.540481,-34.350809],[-58.540447,-34.351038],[-58.545084,-34.351536]]]}},{"type":"Feature","properties":{"partida":"357014113","cca":"357000100000000000000065600000000000072000","tipo":"Urbano","sup_m2":10906.7},"geometry":{"type":"Polygon","coordinates":[[[-58.545036,-34.351765],[-58.545084,-34.351536],[-58.540447,-34.351038],[-58.540397,-34.351259],[-58.545036,-34.351765]]]}},{"type":"Feature","properties":{"partida":"357014114","cca":"357000100000000000000065600000000000073000","tipo":"Urbano","sup_m2":12316.0},"geometry":{"type":"Polygon","coordinates":[[[-58.545036,-34.351765],[-58.540397,-34.351259],[-58.540382,-34.351483],[-58.544974,-34.352054],[-58.545036,-34.351765]]]}},{"type":"Feature","properties":{"partida":"357014115","cca":"357000100000000000000065600000000000074000","tipo":"Urbano","sup_m2":10262.4},"geometry":{"type":"Polygon","coordinates":[[[-58.544944,-34.352248],[-58.544974,-34.352054],[-58.540382,-34.351483],[-58.540338,-34.351718],[-58.544944,-34.352248]]]}},{"type":"Feature","properties":{"partida":"357014116","cca":"357000100000000000000065600000000000075000","tipo":"Urbano","sup_m2":14232.0},"geometry":{"type":"Polygon","coordinates":[[[-58.544895,-34.352545],[-58.544944,-34.352248],[-58.540338,-34.351718],[-58.540282,-34.352014],[-58.544895,-34.352545]]]}},{"type":"Feature","properties":{"partida":"357014117","cca":"357000100000000000000065600000000000076000","tipo":"Rural","sup_m2":12753.4},"geometry":{"type":"Polygon","coordinates":[[[-58.544842,-34.352814],[-58.544854,-34.352776],[-58.544895,-34.352545],[-58.540282,-34.352014],[-58.540231,-34.352273],[-58.544842,-34.352814]]]}},{"type":"Feature","properties":{"partida":"357014118","cca":"357000100000000000000065600000000000077000","tipo":"Urbano","sup_m2":12119.0},"geometry":{"type":"Polygon","coordinates":[[[-58.540231,-34.352273],[-58.540192,-34.352575],[-58.544777,-34.353017],[-58.544842,-34.352814],[-58.540231,-34.352273]]]}},{"type":"Feature","properties":{"partida":"357014119","cca":"357000100000000000000065600000000000078000","tipo":"Urbano","sup_m2":11015.0},"geometry":{"type":"Polygon","coordinates":[[[-58.544693,-34.353269],[-58.544726,-34.353178],[-58.544777,-34.353017],[-58.540192,-34.352575],[-58.540151,-34.352784],[-58.544693,-34.353269]]]}},{"type":"Feature","properties":{"partida":"357014120","cca":"357000100000000000000065600000000000079000","tipo":"Urbano","sup_m2":10194.9},"geometry":{"type":"Polygon","coordinates":[[[-58.544619,-34.353471],[-58.544693,-34.353269],[-58.540151,-34.352784],[-58.540115,-34.353012],[-58.544619,-34.353471]]]}},{"type":"Feature","properties":{"partida":"357014121","cca":"357000100000000000000065600000000000080000","tipo":"Urbano","sup_m2":10989.8},"geometry":{"type":"Polygon","coordinates":[[[-58.544535,-34.353703],[-58.544619,-34.353471],[-58.540115,-34.353012],[-58.540074,-34.353248],[-58.544535,-34.353703]]]}},{"type":"Feature","properties":{"partida":"357014122","cca":"357000100000000000000065600000000000081000","tipo":"Urbano","sup_m2":11554.2},"geometry":{"type":"Polygon","coordinates":[[[-58.544444,-34.353953],[-58.544535,-34.353703],[-58.540074,-34.353248],[-58.540033,-34.353494],[-58.544444,-34.353953]]]}},{"type":"Feature","properties":{"partida":"357014123","cca":"357000100000000000000065600000000000082000","tipo":"Urbano","sup_m2":11167.6},"geometry":{"type":"Polygon","coordinates":[[[-58.544357,-34.354196],[-58.544444,-34.353953],[-58.540033,-34.353494],[-58.539974,-34.353733],[-58.544357,-34.354196]]]}},{"type":"Feature","properties":{"partida":"357014124","cca":"357000100000000000000065600000000000083000","tipo":"Urbano","sup_m2":10653.0},"geometry":{"type":"Polygon","coordinates":[[[-58.544277,-34.354421],[-58.544357,-34.354196],[-58.539974,-34.353733],[-58.539947,-34.353976],[-58.544277,-34.354421]]]}},{"type":"Feature","properties":{"partida":"357014125","cca":"357000100000000000000065600000000000084000","tipo":"Urbano","sup_m2":11037.9},"geometry":{"type":"Polygon","coordinates":[[[-58.544235,-34.354637],[-58.544266,-34.354452],[-58.544277,-34.354421],[-58.539947,-34.353976],[-58.539915,-34.354253],[-58.544235,-34.354637]]]}},{"type":"Feature","properties":{"partida":"357014126","cca":"357000100000000000000065600000000000085000","tipo":"Urbano","sup_m2":11104.7},"geometry":{"type":"Polygon","coordinates":[[[-58.544163,-34.354906],[-58.544205,-34.354816],[-58.544235,-34.354637],[-58.539915,-34.354253],[-58.539869,-34.354477],[-58.544163,-34.354906]]]}},{"type":"Feature","properties":{"partida":"357014127","cca":"357000100000000000000065600000000000086000","tipo":"Urbano","sup_m2":11851.0},"geometry":{"type":"Polygon","coordinates":[[[-58.544047,-34.355192],[-58.544075,-34.355093],[-58.544163,-34.354906],[-58.539869,-34.354477],[-58.539825,-34.354663],[-58.539828,-34.35472],[-58.544047,-34.355192]]]}},{"type":"Feature","properties":{"partida":"357014128","cca":"357000100000000000000065600000000000087000","tipo":"Urbano","sup_m2":9800.1},"geometry":{"type":"Polygon","coordinates":[[[-58.543979,-34.355415],[-58.543994,-34.355377],[-58.544047,-34.355192],[-58.539828,-34.35472],[-58.53976,-34.354936],[-58.543979,-34.355415]]]}},{"type":"Feature","properties":{"partida":"357014129","cca":"357000100000000000000065600000000000088000","tipo":"Urbano","sup_m2":9003.4},"geometry":{"type":"Polygon","coordinates":[[[-58.543891,-34.355634],[-58.543979,-34.355415],[-58.53976,-34.354936],[-58.539718,-34.355122],[-58.543891,-34.355634]]]}},{"type":"Feature","properties":{"partida":"357014130","cca":"357000100000000000000065600000000000089000","tipo":"Urbano","sup_m2":8797.8},"geometry":{"type":"Polygon","coordinates":[[[-58.543825,-34.355833],[-58.543835,-34.355772],[-58.543891,-34.355634],[-58.539718,-34.355122],[-58.539678,-34.355325],[-58.543825,-34.355833]]]}},{"type":"Feature","properties":{"partida":"357014131","cca":"357000100000000000000065600000000000090000","tipo":"Urbano","sup_m2":9810.3},"geometry":{"type":"Polygon","coordinates":[[[-58.543782,-34.356094],[-58.543825,-34.355833],[-58.539678,-34.355325],[-58.539646,-34.355518],[-58.543782,-34.356094]]]}},{"type":"Feature","properties":{"partida":"357014132","cca":"357000100000000000000065600000000000091000","tipo":"Urbano","sup_m2":10018.9},"geometry":{"type":"Polygon","coordinates":[[[-58.543741,-34.356339],[-58.543782,-34.356094],[-58.539646,-34.355518],[-58.539602,-34.355736],[-58.543741,-34.356339]]]}},{"type":"Feature","properties":{"partida":"357014133","cca":"357000100000000000000065600000000000092000","tipo":"Urbano","sup_m2":9197.7},"geometry":{"type":"Polygon","coordinates":[[[-58.543741,-34.356339],[-58.539602,-34.355736],[-58.539563,-34.355919],[-58.543634,-34.356571],[-58.543731,-34.356402],[-58.543741,-34.356339]]]}},{"type":"Feature","properties":{"partida":"357014134","cca":"357000100000000000000065600000000000093000","tipo":"Urbano","sup_m2":13024.0},"geometry":{"type":"Polygon","coordinates":[[[-58.543634,-34.356571],[-58.539563,-34.355919],[-58.539497,-34.356219],[-58.54324,-34.35684],[-58.543547,-34.356721],[-58.543634,-34.356571]]]}},{"type":"Feature","properties":{"partida":"357014135","cca":"357000100000000000000065600000000000094000","tipo":"Urbano","sup_m2":7334.0},"geometry":{"type":"MultiPolygon","coordinates":[[[[-58.542151,-34.356884],[-58.543299,-34.357121],[-58.543265,-34.357023],[-58.543117,-34.356947],[-58.542794,-34.356916],[-58.542476,-34.356901],[-58.542233,-34.356883],[-58.542151,-34.356884]]],[[[-58.54324,-34.35684],[-58.539497,-34.356219],[-58.539515,-34.356246],[-58.53949,-34.356378],[-58.541877,-34.356839],[-58.54206,-34.356849],[-58.542584,-34.356859],[-58.542954,-34.356856],[-58.54324,-34.35684]]]]}},{"type":"Feature","properties":{"partida":"357014136","cca":"357000100000000000000065600000000000095000","tipo":"Urbano","sup_m2":8002.1},"geometry":{"type":"MultiPolygon","coordinates":[[[[-58.541877,-34.356839],[-58.53949,-34.356378],[-58.539443,-34.356571],[-58.541146,-34.356904],[-58.541353,-34.356845],[-58.541653,-34.356825],[-58.541877,-34.356839]]],[[[-58.542151,-34.356884],[-58.541889,-34.35689],[-58.541378,-34.356911],[-58.541272,-34.356953],[-58.543196,-34.357333],[-58.543306,-34.357141],[-58.543299,-34.357121],[-58.542151,-34.356884]]]]}},{"type":"Feature","properties":{"partida":"357014137","cca":"357000100000000000000065600000000000096000","tipo":"Urbano","sup_m2":8470.0},"geometry":{"type":"MultiPolygon","coordinates":[[[[-58.541146,-34.356904],[-58.539443,-34.356571],[-58.539428,-34.356752],[-58.540738,-34.35705],[-58.54084,-34.357006],[-58.541146,-34.356904]]],[[[-58.541272,-34.356953],[-58.541166,-34.356998],[-58.540915,-34.357079],[-58.54304,-34.357605],[-58.543196,-34.357333],[-58.541272,-34.356953]]]]}},{"type":"Feature","properties":{"partida":"357014138","cca":"357000100000000000000065600000000000097000","tipo":"Urbano","sup_m2":7376.1},"geometry":{"type":"MultiPolygon","coordinates":[[[[-58.539428,-34.356752],[-58.539419,-34.3569],[-58.540335,-34.357144],[-58.540463,-34.357118],[-58.540738,-34.35705],[-58.539428,-34.356752]]],[[[-58.540915,-34.357079],[-58.540535,-34.357181],[-58.54049,-34.357191],[-58.542913,-34.357821],[-58.54304,-34.357605],[-58.540915,-34.357079]]]]}},{"type":"Feature","properties":{"partida":"357014139","cca":"357000100000000000000065600000000000098000","tipo":"Urbano","sup_m2":6055.1},"geometry":{"type":"MultiPolygon","coordinates":[[[[-58.539419,-34.3569],[-58.539425,-34.356967],[-58.53945,-34.357025],[-58.540005,-34.357199],[-58.540335,-34.357144],[-58.539419,-34.3569]]],[[[-58.540122,-34.357246],[-58.542791,-34.35802],[-58.542913,-34.357821],[-58.54049,-34.357191],[-58.540418,-34.357206],[-58.540122,-34.357246]]]]}},{"type":"Feature","properties":{"partida":"357014140","cca":"357000100000000000000065600000000000099000","tipo":"Urbano","sup_m2":11189.3},"geometry":{"type":"MultiPolygon","coordinates":[[[[-58.540005,-34.357199],[-58.53945,-34.357025],[-58.539566,-34.357112],[-58.53972,-34.357199],[-58.539833,-34.357213],[-58.539981,-34.357202],[-58.540005,-34.357199]]],[[[-58.540122,-34.357246],[-58.539906,-34.357274],[-58.539602,-34.357247],[-58.539421,-34.35716],[-58.539326,-34.356988],[-58.538912,-34.357014],[-58.538921,-34.357271],[-58.542668,-34.358221],[-58.542791,-34.35802],[-58.540122,-34.357246]]]]}},{"type":"Feature","properties":{"partida":"357014141","cca":"357000100000000000000065600000000000100000","tipo":"Rural","sup_m2":7716.0},"geometry":{"type":"Polygon","coordinates":[[[-58.542668,-34.358221],[-58.538921,-34.357271],[-58.538865,-34.357469],[-58.542584,-34.358394],[-58.542608,-34.35832],[-58.542668,-34.358221]]]}},{"type":"Feature","properties":{"partida":"357014142","cca":"357000100000000000000065600000000000101000","tipo":"Urbano","sup_m2":9473.5},"geometry":{"type":"Polygon","coordinates":[[[-58.542584,-34.358394],[-58.538865,-34.357469],[-58.538797,-34.357711],[-58.542511,-34.358616],[-58.542584,-34.358394]]]}},{"type":"Feature","properties":{"partida":"357014143","cca":"357000100000000000000065600000000000102000","tipo":"Urbano","sup_m2":8226.7},"geometry":{"type":"Polygon","coordinates":[[[-58.542511,-34.358616],[-58.538797,-34.357711],[-58.538733,-34.357936],[-58.542452,-34.358796],[-58.542511,-34.358616]]]}},{"type":"Feature","properties":{"partida":"357014144","cca":"357000100000000000000065600000000000103000","tipo":"Urbano","sup_m2":9246.9},"geometry":{"type":"Polygon","coordinates":[[[-58.542452,-34.358796],[-58.538733,-34.357936],[-58.538672,-34.358153],[-58.542407,-34.359041],[-58.542419,-34.358895],[-58.542452,-34.358796]]]}},{"type":"Feature","properties":{"partida":"357014145","cca":"357000100000000000000065600000000000104000","tipo":"Urbano","sup_m2":7961.1},"geometry":{"type":"Polygon","coordinates":[[[-58.542407,-34.359041],[-58.538672,-34.358153],[-58.538624,-34.358322],[-58.542385,-34.359271],[-58.542389,-34.359252],[-58.542407,-34.359041]]]}},{"type":"Feature","properties":{"partida":"357014146","cca":"357000100000000000000065600000000000105000","tipo":"Urbano","sup_m2":7439.8},"geometry":{"type":"Polygon","coordinates":[[[-58.542385,-34.359271],[-58.538624,-34.358322],[-58.538567,-34.358523],[-58.542347,-34.359434],[-58.542385,-34.359271]]]}},{"type":"Feature","properties":{"partida":"357014147","cca":"357000100000000000000065600000000000106000","tipo":"Urbano","sup_m2":7150.6},"geometry":{"type":"Polygon","coordinates":[[[-58.538567,-34.358523],[-58.538507,-34.358737],[-58.542361,-34.359575],[-58.542347,-34.359434],[-58.538567,-34.358523]]]}},{"type":"Feature","properties":{"partida":"357014148","cca":"357000100000000000000065600000000000107000","tipo":"Urbano","sup_m2":7158.4},"geometry":{"type":"Polygon","coordinates":[[[-58.542361,-34.359575],[-58.538507,-34.358737],[-58.538451,-34.358941],[-58.542333,-34.359715],[-58.542367,-34.359634],[-58.542361,-34.359575]]]}},{"type":"Feature","properties":{"partida":"357014149","cca":"357000100000000000000065600000000000108000","tipo":"Urbano","sup_m2":7287.9},"geometry":{"type":"Polygon","coordinates":[[[-58.538449,-34.358941],[-58.53839,-34.35915],[-58.542275,-34.359852],[-58.542333,-34.359715],[-58.538449,-34.358941]]]}},{"type":"Feature","properties":{"partida":"357014150","cca":"35700010000000000000006560000000000010900A","tipo":"Urbano","sup_m2":12216.6},"geometry":{"type":"Polygon","coordinates":[[[-58.542217,-34.359991],[-58.542275,-34.359852],[-58.53839,-34.35915],[-58.538265,-34.359598],[-58.540458,-34.359892],[-58.540497,-34.359718],[-58.542217,-34.359991]]]}},{"type":"Feature","properties":{"partida":"357014151","cca":"35700010000000000000006560000000000010900B","tipo":"Urbano","sup_m2":2768.2},"geometry":{"type":"Polygon","coordinates":[[[-58.542217,-34.359991],[-58.540497,-34.359718],[-58.540458,-34.359892],[-58.542156,-34.36012],[-58.542179,-34.360081],[-58.542217,-34.359991]]]}},{"type":"Feature","properties":{"partida":"357014152","cca":"357000100000000000000065600000000000111000","tipo":"Urbano","sup_m2":7443.5},"geometry":{"type":"Polygon","coordinates":[[[-58.538265,-34.359598],[-58.538211,-34.35979],[-58.542059,-34.360285],[-58.542156,-34.36012],[-58.538265,-34.359598]]]}},{"type":"Feature","properties":{"partida":"357014153","cca":"357000100000000000000065600000000000112000","tipo":"Urbano","sup_m2":5772.4},"geometry":{"type":"Polygon","coordinates":[[[-58.542059,-34.360285],[-58.538211,-34.35979],[-58.538171,-34.359933],[-58.541974,-34.360422],[-58.542059,-34.360285]]]}},{"type":"Feature","properties":{"partida":"357014154","cca":"357000100000000000000065600000000000113000","tipo":"Urbano","sup_m2":7616.7},"geometry":{"type":"Polygon","coordinates":[[[-58.541874,-34.360582],[-58.541974,-34.360422],[-58.538171,-34.359933],[-58.538111,-34.360148],[-58.541874,-34.360582]]]}},{"type":"Feature","properties":{"partida":"357014155","cca":"357000100000000000000065600000000000114000","tipo":"Urbano","sup_m2":9076.8},"geometry":{"type":"Polygon","coordinates":[[[-58.541755,-34.360781],[-58.5418,-34.3607],[-58.541874,-34.360582],[-58.538111,-34.360148],[-58.538039,-34.360404],[-58.541755,-34.360781]]]}},{"type":"Feature","properties":{"partida":"357014156","cca":"357000100000000000000065600000000000115000","tipo":"Urbano","sup_m2":8376.7},"geometry":{"type":"Polygon","coordinates":[[[-58.541655,-34.360946],[-58.541679,-34.360918],[-58.541755,-34.360781],[-58.538039,-34.360404],[-58.537965,-34.360666],[-58.541655,-34.360946]]]}},{"type":"Feature","properties":{"partida":"357014157","cca":"357000100000000000000065600000000000116000","tipo":"Urbano","sup_m2":8162.7},"geometry":{"type":"Polygon","coordinates":[[[-58.537879,-34.360969],[-58.54155,-34.361067],[-58.541655,-34.360946],[-58.537965,-34.360666],[-58.537879,-34.360969]]]}},{"type":"Feature","properties":{"partida":"357017507","cca":"357000100000000000000065600000000000117000","tipo":"Urbano","sup_m2":8187.2},"geometry":{"type":"Polygon","coordinates":[[[-58.54155,-34.361067],[-58.537879,-34.360969],[-58.537794,-34.361271],[-58.541517,-34.361199],[-58.54155,-34.361067]]]}},{"type":"Feature","properties":{"partida":"357014158","cca":"357000100000000000000065600000000000118000","tipo":"Urbano","sup_m2":8798.7},"geometry":{"type":"Polygon","coordinates":[[[-58.541517,-34.361199],[-58.537794,-34.361271],[-58.537716,-34.36155],[-58.541471,-34.361385],[-58.541517,-34.361199]]]}},{"type":"Feature","properties":{"partida":"357014212","cca":"357000100000000000000065600000000000172000","tipo":"Urbano","sup_m2":7564.9},"geometry":{"type":"Polygon","coordinates":[[[-58.537794,-34.361271],[-58.535405,-34.36119],[-58.535286,-34.361522],[-58.537716,-34.36155],[-58.537794,-34.361271]]]}},{"type":"Feature","properties":{"partida":"357014213","cca":"357000100000000000000065600000000000173000","tipo":"Urbano","sup_m2":7784.1},"geometry":{"type":"Polygon","coordinates":[[[-58.537879,-34.360969],[-58.535524,-34.360858],[-58.535405,-34.36119],[-58.537794,-34.361271],[-58.537879,-34.360969]]]}},{"type":"Feature","properties":{"partida":"357014214","cca":"357000100000000000000065600000000000174000","tipo":"Urbano","sup_m2":6328.2},"geometry":{"type":"Polygon","coordinates":[[[-58.535601,-34.360641],[-58.535524,-34.360858],[-58.537879,-34.360969],[-58.537965,-34.360666],[-58.535601,-34.360641]]]}},{"type":"Feature","properties":{"partida":"357014215","cca":"357000100000000000000065600000000000175000","tipo":"Urbano","sup_m2":6945.1},"geometry":{"type":"Polygon","coordinates":[[[-58.535601,-34.360641],[-58.537965,-34.360666],[-58.538039,-34.360404],[-58.535685,-34.360327],[-58.535659,-34.36048],[-58.535601,-34.360641]]]}},{"type":"Feature","properties":{"partida":"357014216","cca":"357000100000000000000065600000000000176000","tipo":"Urbano","sup_m2":5910.0},"geometry":{"type":"Polygon","coordinates":[[[-58.538111,-34.360148],[-58.535709,-34.360098],[-58.535709,-34.360191],[-58.535685,-34.360327],[-58.538039,-34.360404],[-58.538111,-34.360148]]]}},{"type":"Feature","properties":{"partida":"357014217","cca":"357000100000000000000065600000000000177000","tipo":"Urbano","sup_m2":5524.1},"geometry":{"type":"Polygon","coordinates":[[[-58.538171,-34.359933],[-58.535707,-34.359869],[-58.535709,-34.360098],[-58.538111,-34.360148],[-58.538171,-34.359933]]]}},{"type":"Feature","properties":{"partida":"357014218","cca":"357000100000000000000065600000000000178000","tipo":"Urbano","sup_m2":5180.7},"geometry":{"type":"Polygon","coordinates":[[[-58.538171,-34.359933],[-58.53823,-34.359724],[-58.535702,-34.359673],[-58.535707,-34.359869],[-58.538171,-34.359933]]]}},{"type":"Feature","properties":{"partida":"357014219","cca":"357000100000000000000065600000000000179000","tipo":"Urbano","sup_m2":5445.0},"geometry":{"type":"Polygon","coordinates":[[[-58.535698,-34.359486],[-58.535702,-34.359673],[-58.53823,-34.359724],[-58.538295,-34.359496],[-58.535698,-34.359486]]]}},{"type":"Feature","properties":{"partida":"357014220","cca":"357000100000000000000065600000000000180000","tipo":"Urbano","sup_m2":5185.3},"geometry":{"type":"Polygon","coordinates":[[[-58.535698,-34.359486],[-58.538295,-34.359496],[-58.538345,-34.359317],[-58.535687,-34.359278],[-58.535698,-34.359486]]]}},{"type":"Feature","properties":{"partida":"357014221","cca":"357000100000000000000065600000000000181000","tipo":"Urbano","sup_m2":4651.3},"geometry":{"type":"Polygon","coordinates":[[[-58.53839,-34.35915],[-58.535678,-34.359106],[-58.535687,-34.359278],[-58.538345,-34.359317],[-58.53839,-34.35915]]]}},{"type":"Feature","properties":{"partida":"357014222","cca":"357000100000000000000065600000000000182000","tipo":"Urbano","sup_m2":5280.2},"geometry":{"type":"Polygon","coordinates":[[[-58.535626,-34.35894],[-58.535675,-34.359048],[-58.535678,-34.359106],[-58.53839,-34.35915],[-58.538449,-34.358941],[-58.535626,-34.35894]]]}},{"type":"Feature","properties":{"partida":"357014223","cca":"357000100000000000000065600000000000183000","tipo":"Urbano","sup_m2":5901.3},"geometry":{"type":"Polygon","coordinates":[[[-58.535626,-34.35894],[-58.538451,-34.358941],[-58.538507,-34.358737],[-58.535538,-34.358745],[-58.535626,-34.35894]]]}},{"type":"Feature","properties":{"partida":"357014224","cca":"357000100000000000000065600000000000184000","tipo":"Urbano","sup_m2":6009.7},"geometry":{"type":"Polygon","coordinates":[[[-58.538567,-34.358523],[-58.535461,-34.358572],[-58.535538,-34.358745],[-58.538507,-34.358737],[-58.538567,-34.358523]]]}},{"type":"Feature","properties":{"partida":"357014225","cca":"357000100000000000000065600000000000185000","tipo":"Urbano","sup_m2":6582.8},"geometry":{"type":"Polygon","coordinates":[[[-58.535369,-34.358368],[-58.535461,-34.358572],[-58.538567,-34.358523],[-58.538624,-34.358322],[-58.535369,-34.358368]]]}},{"type":"Feature","properties":{"partida":"357014226","cca":"357000100000000000000065600000000000186000","tipo":"Urbano","sup_m2":12280.4},"geometry":{"type":"Polygon","coordinates":[[[-58.538624,-34.358322],[-58.538733,-34.357936],[-58.535269,-34.358039],[-58.535325,-34.358272],[-58.535369,-34.358368],[-58.538624,-34.358322]]]}},{"type":"Feature","properties":{"partida":"357014227","cca":"357000100000000000000065600000000000187000","tipo":"Urbano","sup_m2":8690.2},"geometry":{"type":"Polygon","coordinates":[[[-58.535269,-34.358039],[-58.538733,-34.357936],[-58.538797,-34.357711],[-58.535208,-34.357781],[-58.535269,-34.358039]]]}},{"type":"Feature","properties":{"partida":"357014228","cca":"357000100000000000000065600000000000188000","tipo":"Urbano","sup_m2":9761.4},"geometry":{"type":"Polygon","coordinates":[[[-58.535208,-34.357781],[-58.538797,-34.357711],[-58.538865,-34.357469],[-58.535141,-34.3575],[-58.535208,-34.357781]]]}},{"type":"Feature","properties":{"partida":"357014229","cca":"357000100000000000000065600000000000189000","tipo":"Urbano","sup_m2":6829.6},"geometry":{"type":"Polygon","coordinates":[[[-58.535141,-34.3575],[-58.538865,-34.357469],[-58.538921,-34.357271],[-58.535104,-34.357343],[-58.535141,-34.3575]]]}},{"type":"Feature","properties":{"partida":"357014230","cca":"357000100000000000000065600000000000190000","tipo":"Urbano","sup_m2":10248.5},"geometry":{"type":"Polygon","coordinates":[[[-58.535104,-34.357343],[-58.538921,-34.357271],[-58.538912,-34.357014],[-58.535042,-34.357079],[-58.535104,-34.357343]]]}},{"type":"Feature","properties":{"partida":"357014234","cca":"35700010000000000000006560000000000019400A","tipo":"Rural","sup_m2":37478.2},"geometry":{"type":"Polygon","coordinates":[[[-58.535035,-34.356497],[-58.535024,-34.356516],[-58.534953,-34.356697],[-58.535042,-34.357079],[-58.538912,-34.357014],[-58.539326,-34.356988],[-58.539563,-34.355919],[-58.537429,-34.355987],[-58.537325,-34.356387],[-58.535035,-34.356497]]]}},{"type":"Feature","properties":{"partida":"357018608","cca":"35700010000000000000006560000000000019400B","tipo":"Urbano","sup_m2":9177.4},"geometry":{"type":"Polygon","coordinates":[[[-58.537429,-34.355987],[-58.535303,-34.356066],[-58.535035,-34.356497],[-58.537325,-34.356387],[-58.537429,-34.355987]]]}},{"type":"Feature","properties":{"partida":"357014235","cca":"357000100000000000000065600000000000195000","tipo":"Rural","sup_m2":30595.0},"geometry":{"type":"Polygon","coordinates":[[[-58.535371,-34.355814],[-58.535315,-34.356046],[-58.535303,-34.356066],[-58.537429,-34.355987],[-58.539563,-34.355919],[-58.539646,-34.355518],[-58.539678,-34.355325],[-58.539718,-34.355122],[-58.53976,-34.354936],[-58.539828,-34.35472],[-58.539825,-34.354663],[-58.537873,-34.354737],[-58.537798,-34.35497],[-58.537744,-34.355168],[-58.53769,-34.355398],[-58.537662,-34.355544],[-58.53757,-34.355763],[-58.535371,-34.355814]]]}},{"type":"Feature","properties":{"partida":"357014236","cca":"357000100000000000000065600000000000196000","tipo":"Urbano","sup_m2":4624.6},"geometry":{"type":"Polygon","coordinates":[[[-58.535371,-34.355814],[-58.53757,-34.355763],[-58.537662,-34.355544],[-58.535446,-34.355619],[-58.535405,-34.355676],[-58.535371,-34.355814]]]}},{"type":"Feature","properties":{"partida":"357014237","cca":"357000100000000000000065600000000000197000","tipo":"Urbano","sup_m2":3588.3},"geometry":{"type":"Polygon","coordinates":[[[-58.535579,-34.355436],[-58.535446,-34.355619],[-58.537662,-34.355544],[-58.53769,-34.355398],[-58.535579,-34.355436]]]}},{"type":"Feature","properties":{"partida":"357014238","cca":"357000100000000000000065600000000000198000","tipo":"Urbano","sup_m2":4805.4},"geometry":{"type":"Polygon","coordinates":[[[-58.535591,-34.355223],[-58.535579,-34.355436],[-58.53769,-34.355398],[-58.537744,-34.355168],[-58.535591,-34.355223]]]}},{"type":"Feature","properties":{"partida":"357014239","cca":"357000100000000000000065600000000000199000","tipo":"Urbano","sup_m2":4291.7},"geometry":{"type":"Polygon","coordinates":[[[-58.535603,-34.355033],[-58.535591,-34.355223],[-58.537744,-34.355168],[-58.537798,-34.35497],[-58.535603,-34.355033]]]}},{"type":"Feature","properties":{"partida":"357014240","cca":"357000100000000000000065600000000000200000","tipo":"Urbano","sup_m2":5007.4},"geometry":{"type":"Polygon","coordinates":[[[-58.535603,-34.355033],[-58.537798,-34.35497],[-58.537873,-34.354737],[-58.535615,-34.354822],[-58.535603,-34.355033]]]}},{"type":"Feature","properties":{"partida":"357017644","cca":"35700010000000000000006560000000000020100A","tipo":"Urbano","sup_m2":5277.7},"geometry":{"type":"Polygon","coordinates":[[[-58.535641,-34.354412],[-58.535615,-34.354822],[-58.536965,-34.354771],[-58.536925,-34.354396],[-58.535641,-34.354412]]]}},{"type":"Feature","properties":{"partida":"357017645","cca":"35700010000000000000006560000000000020100B","tipo":"Urbano","sup_m2":2339.9},"geometry":{"type":"Polygon","coordinates":[[[-58.536905,-34.354217],[-58.535641,-34.354232],[-58.535641,-34.354412],[-58.536925,-34.354396],[-58.536905,-34.354217]]]}},{"type":"Feature","properties":{"partida":"357017646","cca":"35700010000000000000006560000000000020100C","tipo":"Urbano","sup_m2":2317.0},"geometry":{"type":"Polygon","coordinates":[[[-58.536886,-34.354037],[-58.535628,-34.354052],[-58.535641,-34.354232],[-58.536905,-34.354217],[-58.536886,-34.354037]]]}},{"type":"Feature","properties":{"partida":"357017647","cca":"35700010000000000000006560000000000020100D","tipo":"Urbano","sup_m2":2281.0},"geometry":{"type":"Polygon","coordinates":[[[-58.536866,-34.353857],[-58.53564,-34.353872],[-58.535628,-34.354052],[-58.536886,-34.354037],[-58.536866,-34.353857]]]}},{"type":"Feature","properties":{"partida":"357017648","cca":"35700010000000000000006560000000000020100E","tipo":"Urbano","sup_m2":2240.4},"geometry":{"type":"Polygon","coordinates":[[[-58.536846,-34.353678],[-58.535633,-34.353692],[-58.53564,-34.353872],[-58.536866,-34.353857],[-58.536846,-34.353678]]]}},{"type":"Feature","properties":{"partida":"357017649","cca":"35700010000000000000006560000000000020100F","tipo":"Urbano","sup_m2":2224.4},"geometry":{"type":"Polygon","coordinates":[[[-58.536827,-34.353498],[-58.535618,-34.353513],[-58.535633,-34.353692],[-58.536846,-34.353678],[-58.536827,-34.353498]]]}},{"type":"Feature","properties":{"partida":"357017652","cca":"35700010000000000000006560000000000020100K","tipo":"Urbano","sup_m2":2186.4},"geometry":{"type":"Polygon","coordinates":[[[-58.536768,-34.352959],[-58.535599,-34.352971],[-58.535586,-34.353153],[-58.536788,-34.353139],[-58.536768,-34.352959]]]}},{"type":"Feature","properties":{"partida":"357017653","cca":"35700010000000000000006560000000000020100M","tipo":"Urbano","sup_m2":2114.3},"geometry":{"type":"Polygon","coordinates":[[[-58.535626,-34.352789],[-58.535599,-34.352971],[-58.536768,-34.352959],[-58.536749,-34.35278],[-58.535626,-34.352789]]]}},{"type":"Feature","properties":{"partida":"357014241","cca":"35700010000000000000006560000000000020100P","tipo":"Rural","sup_m2":78964.7},"geometry":{"type":"Polygon","coordinates":[[[-58.536965,-34.354771],[-58.539825,-34.354663],[-58.539869,-34.354477],[-58.539915,-34.354253],[-58.539974,-34.353733],[-58.540033,-34.353494],[-58.540151,-34.352784],[-58.540192,-34.352575],[-58.540217,-34.352376],[-58.537261,-34.352422],[-58.53565,-34.352466],[-58.535626,-34.352789],[-58.536749,-34.35278],[-58.536965,-34.354771]]]}},{"type":"Feature","properties":{"partida":"357017651","cca":"35700010000000000000006560000000000020100S","tipo":"Urbano","sup_m2":4385.4},"geometry":{"type":"Polygon","coordinates":[[[-58.535618,-34.353513],[-58.536827,-34.353498],[-58.536788,-34.353139],[-58.535586,-34.353153],[-58.535627,-34.353333],[-58.535618,-34.353513]]]}},{"type":"Feature","properties":{"partida":"357014242","cca":"357000100000000000000065600000000000202000","tipo":"Rural","sup_m2":67882.1},"geometry":{"type":"Polygon","coordinates":[[[-58.537261,-34.352422],[-58.540217,-34.352376],[-58.540231,-34.352273],[-58.540382,-34.351483],[-58.540397,-34.351259],[-58.540447,-34.351038],[-58.540481,-34.350809],[-58.540499,-34.350594],[-58.540539,-34.350358],[-58.540563,-34.350189],[-58.537389,-34.350266],[-58.537367,-34.350469],[-58.537371,-34.350697],[-58.53736,-34.350908],[-58.537358,-34.351071],[-58.53732,-34.351582],[-58.537308,-34.35183],[-58.537273,-34.352215],[-58.537261,-34.352422]]]}},{"type":"Feature","properties":{"partida":"357014243","cca":"357000100000000000000065600000000000203000","tipo":"Urbano","sup_m2":3497.7},"geometry":{"type":"Polygon","coordinates":[[[-58.53565,-34.352466],[-58.537261,-34.352422],[-58.537273,-34.352215],[-58.535632,-34.352253],[-58.53565,-34.352466]]]}},{"type":"Feature","properties":{"partida":"357014244","cca":"357000100000000000000065600000000000204000","tipo":"Urbano","sup_m2":3064.2},"geometry":{"type":"Polygon","coordinates":[[[-58.535632,-34.352253],[-58.537273,-34.352215],[-58.537293,-34.352015],[-58.535621,-34.352089],[-58.535632,-34.352253]]]}},{"type":"Feature","properties":{"partida":"357014245","cca":"357000100000000000000065600000000000205000","tipo":"Urbano","sup_m2":3457.9},"geometry":{"type":"Polygon","coordinates":[[[-58.535621,-34.352089],[-58.537293,-34.352015],[-58.537308,-34.35183],[-58.53561,-34.351872],[-58.535621,-34.352089]]]}},{"type":"Feature","properties":{"partida":"357014246","cca":"357000100000000000000065600000000000206000","tipo":"Urbano","sup_m2":4312.3},"geometry":{"type":"Polygon","coordinates":[[[-58.53561,-34.351872],[-58.537308,-34.35183],[-58.53732,-34.351582],[-58.535607,-34.351625],[-58.53561,-34.351872]]]}},{"type":"Feature","properties":{"partida":"357014247","cca":"357000100000000000000065600000000000207000","tipo":"Urbano","sup_m2":8986.7},"geometry":{"type":"Polygon","coordinates":[[[-58.535607,-34.351625],[-58.53732,-34.351582],[-58.537358,-34.351071],[-58.535578,-34.351124],[-58.535603,-34.35133],[-58.535607,-34.351625]]]}},{"type":"Feature","properties":{"partida":"357014248","cca":"357000100000000000000065600000000000208000","tipo":"Urbano","sup_m2":3030.5},"geometry":{"type":"Polygon","coordinates":[[[-58.535578,-34.351124],[-58.537358,-34.351071],[-58.53736,-34.350908],[-58.535557,-34.350957],[-58.535578,-34.351124]]]}},{"type":"Feature","properties":{"partida":"357014249","cca":"357000100000000000000065600000000000209000","tipo":"Urbano","sup_m2":3860.0},"geometry":{"type":"Polygon","coordinates":[[[-58.535557,-34.350957],[-58.53736,-34.350908],[-58.537371,-34.350697],[-58.535549,-34.350751],[-58.535536,-34.350787],[-58.535557,-34.350957]]]}},{"type":"Feature","properties":{"partida":"357014250","cca":"357000100000000000000065600000000000210000","tipo":"Urbano","sup_m2":4008.2},"geometry":{"type":"Polygon","coordinates":[[[-58.535549,-34.350751],[-58.537371,-34.350697],[-58.537367,-34.350469],[-58.535627,-34.350537],[-58.535549,-34.350751]]]}},{"type":"Feature","properties":{"partida":"357014251","cca":"357000100000000000000065600000000000211000","tipo":"Urbano","sup_m2":4006.5},"geometry":{"type":"Polygon","coordinates":[[[-58.535627,-34.350537],[-58.537367,-34.350469],[-58.537389,-34.350266],[-58.535608,-34.350294],[-58.535627,-34.350537]]]}},{"type":"Feature","properties":{"partida":null,"cca":"357000100000000000000065600000000000212000","tipo":null,"sup_m2":79253.8},"geometry":{"type":"Polygon","coordinates":[[[-58.537389,-34.350266],[-58.540563,-34.350189],[-58.540579,-34.350126],[-58.540601,-34.349917],[-58.54066,-34.349606],[-58.540673,-34.349466],[-58.540712,-34.349237],[-58.540856,-34.348262],[-58.540962,-34.347752],[-58.537509,-34.34799],[-58.537497,-34.348189],[-58.537476,-34.34839],[-58.537448,-34.348771],[-58.537449,-34.349165],[-58.537434,-34.349399],[-58.537413,-34.349609],[-58.537399,-34.349833],[-58.537391,-34.350043],[-58.537389,-34.350266]]]}},{"type":"Feature","properties":{"partida":"357014253","cca":"357000100000000000000065600000000000213000","tipo":"Urbano","sup_m2":3886.4},"geometry":{"type":"Polygon","coordinates":[[[-58.535612,-34.350089],[-58.535603,-34.350232],[-58.535608,-34.350294],[-58.537389,-34.350266],[-58.537391,-34.350043],[-58.535612,-34.350089]]]}},{"type":"Feature","properties":{"partida":"357014254","cca":"357000100000000000000065600000000000214000","tipo":"Urbano","sup_m2":4008.2},"geometry":{"type":"Polygon","coordinates":[[[-58.535612,-34.350089],[-58.537391,-34.350043],[-58.537399,-34.349833],[-58.535626,-34.349857],[-58.535612,-34.350089]]]}},{"type":"Feature","properties":{"partida":"357014255","cca":"357000100000000000000065600000000000215000","tipo":"Urbano","sup_m2":4284.6},"geometry":{"type":"Polygon","coordinates":[[[-58.535626,-34.349857],[-58.537399,-34.349833],[-58.537413,-34.349609],[-58.535641,-34.349607],[-58.535626,-34.349857]]]}},{"type":"Feature","properties":{"partida":"357014256","cca":"357000100000000000000065600000000000216000","tipo":"Urbano","sup_m2":3618.7},"geometry":{"type":"Polygon","coordinates":[[[-58.535641,-34.349607],[-58.537413,-34.349609],[-58.537434,-34.349399],[-58.535653,-34.349418],[-58.535641,-34.349607]]]}},{"type":"Feature","properties":{"partida":"357014257","cca":"357000100000000000000065600000000000217000","tipo":"Urbano","sup_m2":3899.7},"geometry":{"type":"Polygon","coordinates":[[[-58.535653,-34.349418],[-58.537434,-34.349399],[-58.537449,-34.349165],[-58.535653,-34.349224],[-58.535658,-34.349329],[-58.535653,-34.349418]]]}},{"type":"Feature","properties":{"partida":"357014258","cca":"357000100000000000000065600000000000218000","tipo":"Urbano","sup_m2":6228.2},"geometry":{"type":"Polygon","coordinates":[[[-58.535653,-34.349224],[-58.537449,-34.349165],[-58.537448,-34.348771],[-58.53564,-34.348943],[-58.535653,-34.349224]]]}},{"type":"Feature","properties":{"partida":"357014259","cca":"357000100000000000000065600000000000219000","tipo":"Urbano","sup_m2":3579.2},"geometry":{"type":"Polygon","coordinates":[[[-58.53564,-34.348943],[-58.537448,-34.348771],[-58.537462,-34.34858],[-58.535627,-34.348748],[-58.535632,-34.348797],[-58.53564,-34.348943]]]}},{"type":"Feature","properties":{"partida":"357014260","cca":"357000100000000000000065600000000000220000","tipo":"Urbano","sup_m2":3845.8},"geometry":{"type":"Polygon","coordinates":[[[-58.535627,-34.348748],[-58.537462,-34.34858],[-58.537476,-34.34839],[-58.535602,-34.348533],[-58.535627,-34.348748]]]}},{"type":"Feature","properties":{"partida":"357014261","cca":"357000100000000000000065600000000000221000","tipo":"Urbano","sup_m2":4011.7},"geometry":{"type":"Polygon","coordinates":[[[-58.535602,-34.348533],[-58.537476,-34.34839],[-58.537497,-34.348189],[-58.535578,-34.348319],[-58.535602,-34.348533]]]}},{"type":"Feature","properties":{"partida":"357014262","cca":"357000100000000000000065600000000000222000","tipo":"Urbano","sup_m2":3901.8},"geometry":{"type":"Polygon","coordinates":[[[-58.535578,-34.348319],[-58.537497,-34.348189],[-58.537509,-34.34799],[-58.535577,-34.348121],[-58.535571,-34.348264],[-58.535578,-34.348319]]]}},{"type":"Feature","properties":{"partida":"357014263","cca":"357000100000000000000065600000000000223000","tipo":"Urbano","sup_m2":10416.0},"geometry":{"type":"Polygon","coordinates":[[[-58.535577,-34.348121],[-58.540962,-34.347752],[-58.540979,-34.347629],[-58.535659,-34.34786],[-58.53558,-34.348044],[-58.535577,-34.348121]]]}},{"type":"Feature","properties":{"partida":"357014264","cca":"357000100000000000000065600000000000224000","tipo":"Urbano","sup_m2":11734.8},"geometry":{"type":"Polygon","coordinates":[[[-58.535774,-34.347593],[-58.535659,-34.34786],[-58.540979,-34.347629],[-58.541002,-34.347455],[-58.535774,-34.347593]]]}},{"type":"Feature","properties":{"partida":"357014265","cca":"357000100000000000000065600000000000225000","tipo":"Urbano","sup_m2":9041.7},"geometry":{"type":"Polygon","coordinates":[[[-58.535774,-34.347593],[-58.541002,-34.347455],[-58.541004,-34.347353],[-58.535866,-34.347352],[-58.535774,-34.347593]]]}},{"type":"Feature","properties":{"partida":"357014266","cca":"357000100000000000000065600000000000226000","tipo":"Urbano","sup_m2":10949.2},"geometry":{"type":"Polygon","coordinates":[[[-58.535866,-34.347352],[-58.541004,-34.347353],[-58.541028,-34.347266],[-58.54104,-34.347189],[-58.535963,-34.347097],[-58.535866,-34.347352]]]}},{"type":"Feature","properties":{"partida":"357014267","cca":"357000100000000000000065600000000000227000","tipo":"Urbano","sup_m2":10705.5},"geometry":{"type":"Polygon","coordinates":[[[-58.535963,-34.347097],[-58.54104,-34.347189],[-58.541064,-34.347029],[-58.536057,-34.346844],[-58.535963,-34.347097]]]}},{"type":"Feature","properties":{"partida":"357014268","cca":"357000100000000000000065600000000000228000","tipo":"Urbano","sup_m2":11031.9},"geometry":{"type":"Polygon","coordinates":[[[-58.536057,-34.346844],[-58.541064,-34.347029],[-58.541064,-34.346914],[-58.536161,-34.346529],[-58.536057,-34.346844]]]}},{"type":"Feature","properties":{"partida":"357014269","cca":"357000100000000000000065600000000000229000","tipo":"Urbano","sup_m2":15536.1},"geometry":{"type":"Polygon","coordinates":[[[-58.536161,-34.346529],[-58.541064,-34.346914],[-58.54108,-34.346822],[-58.541077,-34.346691],[-58.536264,-34.346137],[-58.536192,-34.346435],[-58.536161,-34.346529]]]}},{"type":"Feature","properties":{"partida":"357014270","cca":"357000100000000000000065600000000000230000","tipo":"Urbano","sup_m2":10528.2},"geometry":{"type":"Polygon","coordinates":[[[-58.536264,-34.346137],[-58.541077,-34.346691],[-58.541096,-34.346516],[-58.536343,-34.345894],[-58.536264,-34.346137]]]}},{"type":"Feature","properties":{"partida":"357014271","cca":"357000100000000000000065600000000000231000","tipo":"Urbano","sup_m2":11523.1},"geometry":{"type":"Polygon","coordinates":[[[-58.536343,-34.345894],[-58.541096,-34.346516],[-58.541129,-34.346328],[-58.536432,-34.345621],[-58.536343,-34.345894]]]}},{"type":"Feature","properties":{"partida":"357014272","cca":"357000100000000000000065600000000000232000","tipo":"Rural","sup_m2":33846.4},"geometry":{"type":"Polygon","coordinates":[[[-58.536711,-34.344897],[-58.536576,-34.345186],[-58.536432,-34.345621],[-58.541129,-34.346328],[-58.541137,-34.346116],[-58.541148,-34.345915],[-58.541184,-34.345661],[-58.536711,-34.344897]]]}},{"type":"Feature","properties":{"partida":"357014273","cca":"357000100000000000000065600000000000233000","tipo":"Rural","sup_m2":36263.0},"geometry":{"type":"Polygon","coordinates":[[[-58.536711,-34.344897],[-58.541184,-34.345661],[-58.541233,-34.345463],[-58.541238,-34.345208],[-58.541277,-34.344906],[-58.541278,-34.344865],[-58.537,-34.344133],[-58.53686,-34.344572],[-58.536711,-34.344897]]]}},{"type":"Feature","properties":{"partida":"357014274","cca":"357000100000000000000065600000000000234000","tipo":"Rural","sup_m2":38861.4},"geometry":{"type":"Polygon","coordinates":[[[-58.537,-34.344133],[-58.541278,-34.344865],[-58.541281,-34.344708],[-58.541296,-34.344481],[-58.541361,-34.344025],[-58.541365,-34.343942],[-58.537405,-34.343303],[-58.537155,-34.343645],[-58.537,-34.344133]]]}},{"type":"Feature","properties":{"partida":"357014276","cca":"357000100000000000000065600000000000236000","tipo":"Urbano","sup_m2":7179.7},"geometry":{"type":"Polygon","coordinates":[[[-58.541384,-34.343765],[-58.53752,-34.343142],[-58.537405,-34.343303],[-58.541365,-34.343942],[-58.541384,-34.343765]]]}},{"type":"Feature","properties":{"partida":"357014419","cca":"357000100000000000000065800B00000000000000","tipo":"Rural","sup_m2":156892.4},"geometry":{"type":"Polygon","coordinates":[[[-58.552356,-34.351471],[-58.554621,-34.349837],[-58.554822,-34.349702],[-58.55577,-34.349005],[-58.555928,-34.348896],[-58.556416,-34.348539],[-58.556729,-34.348317],[-58.559781,-34.346116],[-58.559793,-34.345717],[-58.559782,-34.345446],[-58.5598,-34.344687],[-58.559803,-34.344651],[-58.55943,-34.344531],[-58.559168,-34.344381],[-58.558866,-34.344093],[-58.558411,-34.34382],[-58.558026,-34.343794],[-58.557367,-34.343848],[-58.557084,-34.344031],[-58.556915,-34.34451],[-58.557111,-34.345483],[-58.557135,-34.346411],[-58.557204,-34.34709],[-58.557135,-34.34739],[-58.556796,-34.347464],[-58.555209,-34.347452],[-58.554714,-34.347588],[-58.554342,-34.348105],[-58.553992,-34.348479],[-58.553928,-34.34893],[-58.554083,-34.349449],[-58.55291,-34.34991],[-58.552759,-34.349784],[-58.552275,-34.350124],[-58.551819,-34.350362],[-58.551644,-34.350562],[-58.552356,-34.351471]]]}},{"type":"Feature","properties":{"partida":"357014430","cca":"357000100000000000000065900000000000010000","tipo":"Rural","sup_m2":35321.7},"geometry":{"type":"Polygon","coordinates":[[[-58.551725,-34.343691],[-58.55304,-34.343953],[-58.553771,-34.344149],[-58.554745,-34.344302],[-58.556196,-34.344569],[-58.556245,-34.344126],[-58.555689,-34.343707],[-58.555188,-34.3436],[-58.551755,-34.342916],[-58.551725,-34.343691]]]}},{"type":"Feature","properties":{"partida":"357014431","cca":"357000100000000000000065900000000000011000","tipo":"Rural","sup_m2":45913.8},"geometry":{"type":"Polygon","coordinates":[[[-58.551696,-34.344466],[-58.554582,-34.34526],[-58.556951,-34.345605],[-58.55666,-34.34498],[-58.556401,-34.344724],[-58.556196,-34.344569],[-58.554745,-34.344302],[-58.553771,-34.344149],[-58.55304,-34.343953],[-58.551725,-34.343691],[-58.551696,-34.344466]]]}},{"type":"Feature","properties":{"partida":"357014432","cca":"357000100000000000000065900000000000012000","tipo":"Rural","sup_m2":36931.8},"geometry":{"type":"Polygon","coordinates":[[[-58.551696,-34.344466],[-58.55168,-34.344871],[-58.55537,-34.346303],[-58.556959,-34.346329],[-58.556931,-34.346078],[-58.556951,-34.345605],[-58.554582,-34.34526],[-58.551696,-34.344466]]]}},{"type":"Feature","properties":{"partida":"357014433","cca":"357000100000000000000065900000000000013000","tipo":"Rural","sup_m2":36450.9},"geometry":{"type":"Polygon","coordinates":[[[-58.55168,-34.344871],[-58.551656,-34.345502],[-58.555058,-34.347364],[-58.555439,-34.34729],[-58.555654,-34.347346],[-58.55537,-34.346303],[-58.55168,-34.344871]]]}},{"type":"Feature","properties":{"partida":"357014434","cca":"357000100000000000000065900000000000014000","tipo":"Rural","sup_m2":23591.8},"geometry":{"type":"Polygon","coordinates":[[[-58.551656,-34.345502],[-58.551617,-34.346538],[-58.554618,-34.347555],[-58.555058,-34.347364],[-58.551656,-34.345502]]]}},{"type":"Feature","properties":{"partida":"357014435","cca":"357000100000000000000065900000000000015000","tipo":"Rural","sup_m2":30733.4},"geometry":{"type":"Polygon","coordinates":[[[-58.554618,-34.347555],[-58.551617,-34.346538],[-58.551527,-34.347717],[-58.551516,-34.347953],[-58.55412,-34.348154],[-58.554618,-34.347555]]]}},{"type":"Feature","properties":{"partida":"357014436","cca":"357000100000000000000065900000000000016000","tipo":"Rural","sup_m2":21326.4},"geometry":{"type":"Polygon","coordinates":[[[-58.551516,-34.347953],[-58.551472,-34.348863],[-58.553928,-34.34893],[-58.553872,-34.348546],[-58.55412,-34.348154],[-58.551516,-34.347953]]]}},{"type":"Feature","properties":{"partida":"357014437","cca":"357000100000000000000065900000000000017000","tipo":"Rural","sup_m2":27909.5},"geometry":{"type":"Polygon","coordinates":[[[-58.551644,-34.350562],[-58.551819,-34.350362],[-58.552275,-34.350124],[-58.552759,-34.349784],[-58.55291,-34.34991],[-58.554083,-34.349449],[-58.553928,-34.34893],[-58.551472,-34.348863],[-58.551406,-34.350257],[-58.551644,-34.350562]]]}},{"type":"Feature","properties":{"partida":"357014438","cca":"357000100000000000000065900000000000018000","tipo":"Rural","sup_m2":8344.8},"geometry":{"type":"Polygon","coordinates":[[[-58.55634,-34.347328],[-58.556279,-34.346318],[-58.55537,-34.346303],[-58.555654,-34.347346],[-58.556124,-34.347329],[-58.55634,-34.347328]]]}},{"type":"Feature","properties":{"partida":"357014439","cca":"357000100000000000000065900000000000019000","tipo":"Rural","sup_m2":6671.2},"geometry":{"type":"Polygon","coordinates":[[[-58.556959,-34.346329],[-58.556279,-34.346318],[-58.55634,-34.347328],[-58.556746,-34.347328],[-58.556952,-34.347278],[-58.556995,-34.347154],[-58.55695,-34.346699],[-58.556959,-34.346329]]]}},{"type":"Feature","properties":{"partida":"357014470","cca":"35700010000000000000006600000000000001200A","tipo":"Urbano","sup_m2":6301.2},"geometry":{"type":"Polygon","coordinates":[[[-58.536903,-34.343785],[-58.533925,-34.343093],[-58.533863,-34.343305],[-58.536818,-34.343956],[-58.536903,-34.343785]]]}},{"type":"Feature","properties":{"partida":"357014472","cca":"35700010000000000000006600000000000001300A","tipo":"Urbano","sup_m2":6876.9},"geometry":{"type":"Polygon","coordinates":[[[-58.533802,-34.34351],[-58.536745,-34.344178],[-58.536818,-34.343956],[-58.533863,-34.343305],[-58.533802,-34.34351]]]}},{"type":"Feature","properties":{"partida":"357018530","cca":"35700010000000000000006600000000000001400A","tipo":"Urbano","sup_m2":7475.0},"geometry":{"type":"Polygon","coordinates":[[[-58.536745,-34.344178],[-58.533802,-34.34351],[-58.53373,-34.343739],[-58.536685,-34.344418],[-58.536685,-34.344311],[-58.536745,-34.344178]]]}},{"type":"Feature","properties":{"partida":"357018531","cca":"35700010000000000000006600000000000001400B","tipo":"Urbano","sup_m2":5777.8},"geometry":{"type":"Polygon","coordinates":[[[-58.536685,-34.344418],[-58.53373,-34.343739],[-58.533679,-34.343915],[-58.536561,-34.344589],[-58.536685,-34.344418]]]}},{"type":"Feature","properties":{"partida":"357018476","cca":"35700010000000000000006600000000000001500A","tipo":"Urbano","sup_m2":4379.8},"geometry":{"type":"Polygon","coordinates":[[[-58.53613,-34.345782],[-58.536205,-34.345548],[-58.534463,-34.345202],[-58.534417,-34.34544],[-58.53613,-34.345782]]]}},{"type":"Feature","properties":{"partida":"357018477","cca":"35700010000000000000006600000000000001500B","tipo":"Urbano","sup_m2":4060.6},"geometry":{"type":"Polygon","coordinates":[[[-58.536074,-34.346008],[-58.53613,-34.345782],[-58.534417,-34.34544],[-58.534363,-34.345657],[-58.536074,-34.346008]]]}},{"type":"Feature","properties":{"partida":"357018478","cca":"35700010000000000000006600000000000001500C","tipo":"Urbano","sup_m2":3937.2},"geometry":{"type":"Polygon","coordinates":[[[-58.536008,-34.346229],[-58.536074,-34.346008],[-58.534363,-34.345657],[-58.534315,-34.345865],[-58.536008,-34.346229]]]}},{"type":"Feature","properties":{"partida":"357014488","cca":"35700010000000000000006600000000000002200A","tipo":"Urbano","sup_m2":5009.5},"geometry":{"type":"MultiPolygon","coordinates":[[[[-58.534472,-34.347464],[-58.534421,-34.347393],[-58.534171,-34.347189],[-58.534146,-34.347175],[-58.533356,-34.346992],[-58.533048,-34.347147],[-58.534472,-34.347464]]],[[[-58.532719,-34.347068],[-58.532906,-34.347061],[-58.533054,-34.346952],[-58.533115,-34.346936],[-58.532779,-34.346863],[-58.532719,-34.347068]]],[[[-58.534545,-34.347268],[-58.534679,-34.347423],[-58.53477,-34.347511],[-58.535501,-34.347697],[-58.535578,-34.347466],[-58.534545,-34.347268]]]]}},{"type":"Feature","properties":{"partida":"357014564","cca":"357000100000000000000066100C00000000005000","tipo":"Urbano","sup_m2":1112.3},"geometry":{"type":"Polygon","coordinates":[[[-58.554966,-34.349831],[-58.555426,-34.349499],[-58.55528,-34.349364],[-58.554822,-34.349702],[-58.554966,-34.349831]]]}},{"type":"Feature","properties":{"partida":"357014565","cca":"357000100000000000000066100C00000000006000","tipo":"Urbano","sup_m2":659.4},"geometry":{"type":"Polygon","coordinates":[[[-58.555386,-34.350001],[-58.555098,-34.349735],[-58.554966,-34.349831],[-58.555232,-34.350087],[-58.55528,-34.350087],[-58.555386,-34.350001]]]}},{"type":"Feature","properties":{"partida":"357014566","cca":"357000100000000000000066100C00000000007000","tipo":"Urbano","sup_m2":772.3},"geometry":{"type":"Polygon","coordinates":[[[-58.55526,-34.349617],[-58.555098,-34.349735],[-58.555386,-34.350001],[-58.555541,-34.349882],[-58.55526,-34.349617]]]}},{"type":"Feature","properties":{"partida":"357014567","cca":"357000100000000000000066100C00000000008000","tipo":"Urbano","sup_m2":785.2},"geometry":{"type":"Polygon","coordinates":[[[-58.55526,-34.349617],[-58.555541,-34.349882],[-58.555702,-34.349755],[-58.555426,-34.349499],[-58.55526,-34.349617]]]}},{"type":"Feature","properties":{"partida":"357014568","cca":"357000100000000000000066100C00000000009000","tipo":"Urbano","sup_m2":1159.6},"geometry":{"type":"Polygon","coordinates":[[[-58.55528,-34.349364],[-58.555702,-34.349755],[-58.555858,-34.34963],[-58.555444,-34.349243],[-58.55528,-34.349364]]]}},{"type":"Feature","properties":{"partida":"357014569","cca":"357000100000000000000066100C00000000010000","tipo":"Urbano","sup_m2":1094.2},"geometry":{"type":"Polygon","coordinates":[[[-58.556009,-34.349508],[-58.5556,-34.349131],[-58.555444,-34.349243],[-58.555858,-34.34963],[-58.556009,-34.349508]]]}},{"type":"Feature","properties":{"partida":"357014570","cca":"357000100000000000000066100C00000000011000","tipo":"Urbano","sup_m2":1163.0},"geometry":{"type":"Polygon","coordinates":[[[-58.556172,-34.349378],[-58.55577,-34.349005],[-58.5556,-34.349131],[-58.556009,-34.349508],[-58.556172,-34.349378]]]}},{"type":"Feature","properties":{"partida":"357014571","cca":"357000100000000000000066100C00000000012000","tipo":"Urbano","sup_m2":1036.3},"geometry":{"type":"Polygon","coordinates":[[[-58.556319,-34.34926],[-58.555928,-34.348896],[-58.55577,-34.349005],[-58.556172,-34.349378],[-58.556319,-34.34926]]]}},{"type":"Feature","properties":{"partida":"357014572","cca":"357000100000000000000066100C00000000013000","tipo":"Urbano","sup_m2":1084.0},"geometry":{"type":"Polygon","coordinates":[[[-58.556478,-34.349134],[-58.556093,-34.348775],[-58.555928,-34.348896],[-58.556319,-34.34926],[-58.556478,-34.349134]]]}},{"type":"Feature","properties":{"partida":"357014563","cca":"357000100000000000000066100C00000000014000","tipo":"Urbano","sup_m2":1040.2},"geometry":{"type":"Polygon","coordinates":[[[-58.556634,-34.349012],[-58.556251,-34.348658],[-58.556093,-34.348775],[-58.556478,-34.349134],[-58.556634,-34.349012]]]}},{"type":"Feature","properties":{"partida":"357014573","cca":"357000100000000000000066100C00000000015000","tipo":"Urbano","sup_m2":1049.7},"geometry":{"type":"Polygon","coordinates":[[[-58.556789,-34.348885],[-58.556416,-34.348539],[-58.556251,-34.348658],[-58.556634,-34.349012],[-58.556789,-34.348885]]]}},{"type":"Feature","properties":{"partida":"357014574","cca":"357000100000000000000066100C00000000016000","tipo":"Urbano","sup_m2":1032.2},"geometry":{"type":"Polygon","coordinates":[[[-58.556952,-34.348759],[-58.556581,-34.348422],[-58.556416,-34.348539],[-58.556789,-34.348885],[-58.556952,-34.348759]]]}},{"type":"Feature","properties":{"partida":"357014575","cca":"357000100000000000000066100C00000000017000","tipo":"Urbano","sup_m2":879.4},"geometry":{"type":"Polygon","coordinates":[[[-58.556581,-34.348422],[-58.556952,-34.348759],[-58.557053,-34.348684],[-58.557052,-34.348615],[-58.556729,-34.348317],[-58.556581,-34.348422]]]}},{"type":"Feature","properties":{"partida":"357014576","cca":"357000100000000000000066100D00000000005000","tipo":"Urbano","sup_m2":1005.9},"geometry":{"type":"Polygon","coordinates":[[[-58.552833,-34.35159],[-58.552555,-34.351327],[-58.552356,-34.351471],[-58.552553,-34.351724],[-58.552623,-34.351717],[-58.552833,-34.35159]]]}},{"type":"Feature","properties":{"partida":"357014577","cca":"357000100000000000000066100D00000000006000","tipo":"Urbano","sup_m2":754.8},"geometry":{"type":"Polygon","coordinates":[[[-58.553002,-34.351489],[-58.552711,-34.351214],[-58.552555,-34.351327],[-58.552833,-34.35159],[-58.553002,-34.351489]]]}},{"type":"Feature","properties":{"partida":"357014578","cca":"357000100000000000000066100D00000000007000","tipo":"Urbano","sup_m2":794.5},"geometry":{"type":"Polygon","coordinates":[[[-58.553169,-34.351385],[-58.55287,-34.3511],[-58.552711,-34.351214],[-58.553002,-34.351489],[-58.553169,-34.351385]]]}},{"type":"Feature","properties":{"partida":"357014579","cca":"357000100000000000000066100D00000000008000","tipo":"Urbano","sup_m2":842.2},"geometry":{"type":"Polygon","coordinates":[[[-58.553343,-34.351278],[-58.55303,-34.350984],[-58.55287,-34.3511],[-58.553169,-34.351385],[-58.553343,-34.351278]]]}},{"type":"Feature","properties":{"partida":"357014580","cca":"357000100000000000000066100D00000000009000","tipo":"Urbano","sup_m2":878.5},"geometry":{"type":"Polygon","coordinates":[[[-58.553516,-34.351173],[-58.553194,-34.350866],[-58.55303,-34.350984],[-58.553343,-34.351278],[-58.553516,-34.351173]]]}},{"type":"Feature","properties":{"partida":"357014581","cca":"357000100000000000000066100D00000000010000","tipo":"Urbano","sup_m2":901.8},"geometry":{"type":"Polygon","coordinates":[[[-58.553692,-34.351068],[-58.553353,-34.350752],[-58.553194,-34.350866],[-58.553516,-34.351173],[-58.553692,-34.351068]]]}},{"type":"Feature","properties":{"partida":"357014582","cca":"357000100000000000000066100D00000000011000","tipo":"Urbano","sup_m2":935.6},"geometry":{"type":"Polygon","coordinates":[[[-58.553862,-34.350965],[-58.553516,-34.350634],[-58.553353,-34.350752],[-58.553692,-34.351068],[-58.553862,-34.350965]]]}},{"type":"Feature","properties":{"partida":"357014583","cca":"357000100000000000000066100D00000000012000","tipo":"Urbano","sup_m2":959.9},"geometry":{"type":"Polygon","coordinates":[[[-58.554033,-34.350859],[-58.553675,-34.35052],[-58.553516,-34.350634],[-58.553862,-34.350965],[-58.554033,-34.350859]]]}},{"type":"Feature","properties":{"partida":"357014584","cca":"357000100000000000000066100D00000000013000","tipo":"Urbano","sup_m2":1011.4},"geometry":{"type":"Polygon","coordinates":[[[-58.554207,-34.350753],[-58.553839,-34.350401],[-58.553675,-34.35052],[-58.554033,-34.350859],[-58.554207,-34.350753]]]}},{"type":"Feature","properties":{"partida":"357014585","cca":"357000100000000000000066100D00000000014000","tipo":"Urbano","sup_m2":1028.9},"geometry":{"type":"Polygon","coordinates":[[[-58.554381,-34.350647],[-58.553997,-34.350287],[-58.553839,-34.350401],[-58.554207,-34.350753],[-58.554381,-34.350647]]]}},{"type":"Feature","properties":{"partida":"357014586","cca":"357000100000000000000066100D00000000015000","tipo":"Urbano","sup_m2":1081.7},"geometry":{"type":"Polygon","coordinates":[[[-58.554556,-34.350538],[-58.554162,-34.350168],[-58.553997,-34.350287],[-58.554381,-34.350647],[-58.554556,-34.350538]]]}},{"type":"Feature","properties":{"partida":"357014587","cca":"357000100000000000000066100D00000000016000","tipo":"Urbano","sup_m2":705.1},"geometry":{"type":"Polygon","coordinates":[[[-58.554301,-34.3503],[-58.554556,-34.350538],[-58.554727,-34.350434],[-58.554462,-34.350184],[-58.554301,-34.3503]]]}},{"type":"Feature","properties":{"partida":"357014588","cca":"357000100000000000000066100D00000000017000","tipo":"Urbano","sup_m2":739.4},"geometry":{"type":"Polygon","coordinates":[[[-58.55462,-34.350068],[-58.554462,-34.350184],[-58.554727,-34.350434],[-58.5549,-34.350328],[-58.55462,-34.350068]]]}},{"type":"Feature","properties":{"partida":"357014589","cca":"357000100000000000000066100D00000000018000","tipo":"Urbano","sup_m2":661.1},"geometry":{"type":"Polygon","coordinates":[[[-58.554758,-34.349966],[-58.55462,-34.350068],[-58.5549,-34.350328],[-58.555004,-34.350262],[-58.555014,-34.350202],[-58.554758,-34.349966]]]}},{"type":"Feature","properties":{"partida":"357014590","cca":"357000100000000000000066100D00000000019000","tipo":"Urbano","sup_m2":1082.1},"geometry":{"type":"Polygon","coordinates":[[[-58.554758,-34.349966],[-58.554621,-34.349837],[-58.554162,-34.350168],[-58.554301,-34.3503],[-58.554758,-34.349966]]]}},{"type":"Feature","properties":{"partida":"357014638","cca":"357000100000000000000066100G00000000002000","tipo":"Urbano","sup_m2":733.0},"geometry":{"type":"Polygon","coordinates":[[[-58.557306,-34.349083],[-58.557041,-34.348842],[-58.556884,-34.348975],[-58.557142,-34.349207],[-58.557306,-34.349083]]]}},{"type":"Feature","properties":{"partida":"357014639","cca":"357000100000000000000066100G00000000003000","tipo":"Urbano","sup_m2":729.1},"geometry":{"type":"Polygon","coordinates":[[[-58.556973,-34.349336],[-58.557142,-34.349207],[-58.556884,-34.348975],[-58.556721,-34.349106],[-58.556973,-34.349336]]]}},{"type":"Feature","properties":{"partida":"357014640","cca":"357000100000000000000066100G00000000004000","tipo":"Urbano","sup_m2":843.0},"geometry":{"type":"Polygon","coordinates":[[[-58.556874,-34.349523],[-58.557001,-34.34936],[-58.556721,-34.349106],[-58.55656,-34.349237],[-58.556874,-34.349523]]]}},{"type":"Feature","properties":{"partida":"357014641","cca":"357000100000000000000066100G00000000005000","tipo":"Urbano","sup_m2":902.1},"geometry":{"type":"Polygon","coordinates":[[[-58.556404,-34.349367],[-58.556755,-34.349678],[-58.556874,-34.349523],[-58.55656,-34.349237],[-58.556404,-34.349367]]]}},{"type":"Feature","properties":{"partida":"357014642","cca":"357000100000000000000066100G00000000006000","tipo":"Urbano","sup_m2":1046.5},"geometry":{"type":"Polygon","coordinates":[[[-58.556241,-34.349499],[-58.556623,-34.349842],[-58.556755,-34.349678],[-58.556404,-34.349367],[-58.556241,-34.349499]]]}},{"type":"Feature","properties":{"partida":"357014643","cca":"357000100000000000000066100G00000000007000","tipo":"Urbano","sup_m2":1135.0},"geometry":{"type":"Polygon","coordinates":[[[-58.556623,-34.349842],[-58.556241,-34.349499],[-58.556077,-34.34963],[-58.556499,-34.350007],[-58.556623,-34.349842]]]}},{"type":"Feature","properties":{"partida":"357014644","cca":"357000100000000000000066100G00000000008000","tipo":"Urbano","sup_m2":1226.0},"geometry":{"type":"Polygon","coordinates":[[[-58.556374,-34.350169],[-58.556499,-34.350007],[-58.556077,-34.34963],[-58.555919,-34.349762],[-58.556374,-34.350169]]]}},{"type":"Feature","properties":{"partida":"357014645","cca":"357000100000000000000066100G00000000009000","tipo":"Urbano","sup_m2":1285.6},"geometry":{"type":"Polygon","coordinates":[[[-58.556374,-34.350169],[-58.555919,-34.349762],[-58.555763,-34.349891],[-58.556249,-34.350326],[-58.556374,-34.350169]]]}},{"type":"Feature","properties":{"partida":"357014646","cca":"357000100000000000000066100G00000000010000","tipo":"Urbano","sup_m2":915.0},"geometry":{"type":"Polygon","coordinates":[[[-58.555923,-34.350311],[-58.556092,-34.350184],[-58.555763,-34.349891],[-58.555603,-34.35002],[-58.555923,-34.350311]]]}},{"type":"Feature","properties":{"partida":"357014647","cca":"357000100000000000000066100G00000000011000","tipo":"Urbano","sup_m2":891.6},"geometry":{"type":"Polygon","coordinates":[[[-58.555759,-34.350437],[-58.555923,-34.350311],[-58.555603,-34.35002],[-58.555446,-34.350154],[-58.555759,-34.350437]]]}},{"type":"Feature","properties":{"partida":"357014648","cca":"357000100000000000000066100G00000000012000","tipo":"Urbano","sup_m2":665.3},"geometry":{"type":"Polygon","coordinates":[[[-58.555446,-34.350154],[-58.555334,-34.350241],[-58.555343,-34.350273],[-58.555631,-34.350531],[-58.555759,-34.350437],[-58.555446,-34.350154]]]}},{"type":"Feature","properties":{"partida":"357014649","cca":"357000100000000000000066100G00000000013000","tipo":"Urbano","sup_m2":1226.3},"geometry":{"type":"Polygon","coordinates":[[[-58.556092,-34.350184],[-58.555631,-34.350531],[-58.555787,-34.350675],[-58.556249,-34.350326],[-58.556092,-34.350184]]]}},{"type":"Feature","properties":{"partida":"357014650","cca":"357000100000000000000066100G00000000014000","tipo":"Urbano","sup_m2":1163.3},"geometry":{"type":"Polygon","coordinates":[[[-58.556397,-34.350461],[-58.556249,-34.350326],[-58.555787,-34.350675],[-58.555936,-34.35081],[-58.556397,-34.350461]]]}},{"type":"Feature","properties":{"partida":"357014651","cca":"357000100000000000000066100G00000000015000","tipo":"Urbano","sup_m2":878.5},"geometry":{"type":"Polygon","coordinates":[[[-58.555936,-34.35081],[-58.556039,-34.350903],[-58.556094,-34.350902],[-58.556493,-34.350548],[-58.556397,-34.350461],[-58.555936,-34.35081]]]}},{"type":"Feature","properties":{"partida":null,"cca":"357000100000000000000066100G00000000016000","tipo":null,"sup_m2":713.1},"geometry":{"type":"Polygon","coordinates":[[[-58.556249,-34.350326],[-58.556493,-34.350548],[-58.556645,-34.350414],[-58.556374,-34.350169],[-58.556249,-34.350326]]]}},{"type":"Feature","properties":{"partida":null,"cca":"357000100000000000000066100G00000000017000","tipo":null,"sup_m2":805.5},"geometry":{"type":"Polygon","coordinates":[[[-58.5568,-34.350277],[-58.556499,-34.350007],[-58.556374,-34.350169],[-58.556645,-34.350414],[-58.5568,-34.350277]]]}},{"type":"Feature","properties":{"partida":null,"cca":"357000100000000000000066100G00000000018000","tipo":null,"sup_m2":880.6},"geometry":{"type":"Polygon","coordinates":[[[-58.5568,-34.350277],[-58.556921,-34.350157],[-58.556949,-34.350135],[-58.556623,-34.349842],[-58.556499,-34.350007],[-58.5568,-34.350277]]]}},{"type":"Feature","properties":{"partida":"357014655","cca":"357000100000000000000066100G00000000019000","tipo":"Urbano","sup_m2":1003.2},"geometry":{"type":"Polygon","coordinates":[[[-58.556949,-34.350135],[-58.557119,-34.349997],[-58.556755,-34.349678],[-58.556623,-34.349842],[-58.556949,-34.350135]]]}},{"type":"Feature","properties":{"partida":"357014656","cca":"357000100000000000000066100G00000000020000","tipo":"Urbano","sup_m2":991.9},"geometry":{"type":"Polygon","coordinates":[[[-58.557119,-34.349997],[-58.557267,-34.349877],[-58.556874,-34.349523],[-58.556755,-34.349678],[-58.557119,-34.349997]]]}},{"type":"Feature","properties":{"partida":"357014665","cca":"357000100000000000000066100H00000000001000","tipo":"Urbano","sup_m2":721.7},"geometry":{"type":"Polygon","coordinates":[[[-58.555028,-34.350444],[-58.555352,-34.350734],[-58.555483,-34.350629],[-58.555192,-34.350364],[-58.555144,-34.350372],[-58.555028,-34.350444]]]}},{"type":"Feature","properties":{"partida":"357014666","cca":"357000100000000000000066100H00000000002000","tipo":"Urbano","sup_m2":880.9},"geometry":{"type":"Polygon","coordinates":[[[-58.555352,-34.350734],[-58.555028,-34.350444],[-58.554858,-34.350555],[-58.555195,-34.350854],[-58.555352,-34.350734]]]}},{"type":"Feature","properties":{"partida":"357014667","cca":"357000100000000000000066100H00000000003000","tipo":"Urbano","sup_m2":977.8},"geometry":{"type":"Polygon","coordinates":[[[-58.555024,-34.350987],[-58.555195,-34.350854],[-58.554858,-34.350555],[-58.554681,-34.350671],[-58.555024,-34.350987]]]}},{"type":"Feature","properties":{"partida":"357014668","cca":"357000100000000000000066100H00000000004000","tipo":"Urbano","sup_m2":937.5},"geometry":{"type":"Polygon","coordinates":[[[-58.555024,-34.350987],[-58.554681,-34.350671],[-58.554507,-34.350781],[-58.554847,-34.351092],[-58.555024,-34.350987]]]}},{"type":"Feature","properties":{"partida":"357014669","cca":"357000100000000000000066100H00000000005000","tipo":"Urbano","sup_m2":958.4},"geometry":{"type":"Polygon","coordinates":[[[-58.554663,-34.351203],[-58.554847,-34.351092],[-58.554507,-34.350781],[-58.554331,-34.350899],[-58.554663,-34.351203]]]}},{"type":"Feature","properties":{"partida":"357014670","cca":"357000100000000000000066100H00000000006000","tipo":"Urbano","sup_m2":946.5},"geometry":{"type":"Polygon","coordinates":[[[-58.554663,-34.351203],[-58.554331,-34.350899],[-58.55415,-34.351015],[-58.554475,-34.351313],[-58.554663,-34.351203]]]}},{"type":"Feature","properties":{"partida":"357014671","cca":"357000100000000000000066100H00000000007000","tipo":"Urbano","sup_m2":911.1},"geometry":{"type":"Polygon","coordinates":[[[-58.55429,-34.35142],[-58.554475,-34.351313],[-58.55415,-34.351015],[-58.553972,-34.351134],[-58.55429,-34.35142]]]}},{"type":"Feature","properties":{"partida":"357014672","cca":"357000100000000000000066100H00000000008000","tipo":"Urbano","sup_m2":873.6},"geometry":{"type":"Polygon","coordinates":[[[-58.55429,-34.35142],[-58.553972,-34.351134],[-58.553797,-34.35125],[-58.554108,-34.351528],[-58.55429,-34.35142]]]}},{"type":"Feature","properties":{"partida":"357014673","cca":"357000100000000000000066100H00000000009000","tipo":"Urbano","sup_m2":856.6},"geometry":{"type":"Polygon","coordinates":[[[-58.553921,-34.351637],[-58.554108,-34.351528],[-58.553797,-34.35125],[-58.553622,-34.351365],[-58.553921,-34.351637]]]}},{"type":"Feature","properties":{"partida":"357014674","cca":"357000100000000000000066100H00000000010000","tipo":"Urbano","sup_m2":820.0},"geometry":{"type":"Polygon","coordinates":[[[-58.553921,-34.351637],[-58.553622,-34.351365],[-58.553447,-34.351475],[-58.553738,-34.351744],[-58.553921,-34.351637]]]}},{"type":"Feature","properties":{"partida":"357014675","cca":"357000100000000000000066100H00000000011000","tipo":"Urbano","sup_m2":826.8},"geometry":{"type":"Polygon","coordinates":[[[-58.553738,-34.351744],[-58.553447,-34.351475],[-58.55327,-34.351597],[-58.553552,-34.351853],[-58.553738,-34.351744]]]}},{"type":"Feature","properties":{"partida":"357014676","cca":"357000100000000000000066100H00000000012000","tipo":"Urbano","sup_m2":830.9},"geometry":{"type":"Polygon","coordinates":[[[-58.553353,-34.351969],[-58.553552,-34.351853],[-58.55327,-34.351597],[-58.553083,-34.351715],[-58.553353,-34.351969]]]}},{"type":"Feature","properties":{"partida":"357014677","cca":"357000100000000000000066100H00000000013000","tipo":"Urbano","sup_m2":638.6},"geometry":{"type":"Polygon","coordinates":[[[-58.553353,-34.351969],[-58.553083,-34.351715],[-58.55295,-34.351803],[-58.553184,-34.352067],[-58.553353,-34.351969]]]}},{"type":"Feature","properties":{"partida":"357014678","cca":"357000100000000000000066100H00000000014000","tipo":"Urbano","sup_m2":693.4},"geometry":{"type":"Polygon","coordinates":[[[-58.552795,-34.351902],[-58.553002,-34.352175],[-58.553184,-34.352067],[-58.55295,-34.351803],[-58.552795,-34.351902]]]}},{"type":"Feature","properties":{"partida":"357014679","cca":"357000100000000000000066100H00000000015000","tipo":"Urbano","sup_m2":271.5},"geometry":{"type":"Polygon","coordinates":[[[-58.553002,-34.352175],[-58.552795,-34.351902],[-58.552727,-34.351945],[-58.552936,-34.352213],[-58.553002,-34.352175]]]}},{"type":"Feature","properties":{"partida":"357014680","cca":"357000100000000000000066100H00000000016000","tipo":"Urbano","sup_m2":1042.2},"geometry":{"type":"Polygon","coordinates":[[[-58.553353,-34.351969],[-58.552936,-34.352213],[-58.553064,-34.352377],[-58.553472,-34.352163],[-58.553353,-34.351969]]]}},{"type":"Feature","properties":{"partida":"357014681","cca":"357000100000000000000066100H00000000017000","tipo":"Urbano","sup_m2":886.8},"geometry":{"type":"Polygon","coordinates":[[[-58.553571,-34.35233],[-58.553472,-34.352163],[-58.553064,-34.352377],[-58.553186,-34.352532],[-58.553571,-34.35233]]]}},{"type":"Feature","properties":{"partida":"357014682","cca":"357000100000000000000066100H00000000018000","tipo":"Urbano","sup_m2":829.1},"geometry":{"type":"Polygon","coordinates":[[[-58.553305,-34.352685],[-58.553675,-34.352493],[-58.553571,-34.35233],[-58.553186,-34.352532],[-58.553305,-34.352685]]]}},{"type":"Feature","properties":{"partida":"357014683","cca":"357000100000000000000066100H00000000019000","tipo":"Urbano","sup_m2":481.3},"geometry":{"type":"Polygon","coordinates":[[[-58.553644,-34.352718],[-58.55353,-34.352568],[-58.553305,-34.352685],[-58.553424,-34.352835],[-58.553644,-34.352718]]]}},{"type":"Feature","properties":{"partida":"357014684","cca":"357000100000000000000066100H00000000020000","tipo":"Urbano","sup_m2":501.6},"geometry":{"type":"Polygon","coordinates":[[[-58.553644,-34.352718],[-58.553424,-34.352835],[-58.55355,-34.352997],[-58.55376,-34.352883],[-58.553644,-34.352718]]]}},{"type":"Feature","properties":{"partida":"357014685","cca":"357000100000000000000066100H00000000021000","tipo":"Urbano","sup_m2":474.1},"geometry":{"type":"Polygon","coordinates":[[[-58.553885,-34.353038],[-58.55376,-34.352883],[-58.55355,-34.352997],[-58.553669,-34.353149],[-58.553885,-34.353038]]]}},{"type":"Feature","properties":{"partida":"357014686","cca":"357000100000000000000066100H00000000022000","tipo":"Urbano","sup_m2":487.9},"geometry":{"type":"Polygon","coordinates":[[[-58.553885,-34.353038],[-58.553669,-34.353149],[-58.553789,-34.353303],[-58.554019,-34.353181],[-58.553885,-34.353038]]]}},{"type":"Feature","properties":{"partida":"357014687","cca":"357000100000000000000066100H00000000023000","tipo":"Urbano","sup_m2":1698.6},"geometry":{"type":"Polygon","coordinates":[[[-58.554425,-34.353563],[-58.554142,-34.353289],[-58.553884,-34.353424],[-58.553965,-34.353527],[-58.553936,-34.353649],[-58.553946,-34.353926],[-58.554267,-34.353654],[-58.554425,-34.353563]]]}},{"type":"Feature","properties":{"partida":"357014688","cca":"357000100000000000000066100H00000000024000","tipo":"Urbano","sup_m2":1207.1},"geometry":{"type":"Polygon","coordinates":[[[-58.554142,-34.353289],[-58.554425,-34.353563],[-58.554731,-34.353386],[-58.554396,-34.353157],[-58.554142,-34.353289]]]}},{"type":"Feature","properties":{"partida":"357014689","cca":"357000100000000000000066100H00000000025000","tipo":"Urbano","sup_m2":867.7},"geometry":{"type":"Polygon","coordinates":[[[-58.553884,-34.353424],[-58.554396,-34.353157],[-58.554247,-34.353055],[-58.554019,-34.353181],[-58.553789,-34.353303],[-58.553884,-34.353424]]]}},{"type":"Feature","properties":{"partida":"357014690","cca":"357000100000000000000066100H00000000026000","tipo":"Urbano","sup_m2":475.4},"geometry":{"type":"Polygon","coordinates":[[[-58.554105,-34.352926],[-58.553885,-34.353038],[-58.554019,-34.353181],[-58.554247,-34.353055],[-58.554227,-34.353041],[-58.554105,-34.352926]]]}},{"type":"Feature","properties":{"partida":"357014691","cca":"357000100000000000000066100H00000000027000","tipo":"Urbano","sup_m2":470.3},"geometry":{"type":"Polygon","coordinates":[[[-58.55376,-34.352883],[-58.553885,-34.353038],[-58.554105,-34.352926],[-58.553952,-34.352779],[-58.55376,-34.352883]]]}},{"type":"Feature","properties":{"partida":"357014692","cca":"357000100000000000000066100H00000000028000","tipo":"Urbano","sup_m2":440.9},"geometry":{"type":"Polygon","coordinates":[[[-58.553862,-34.352606],[-58.553644,-34.352718],[-58.55376,-34.352883],[-58.553952,-34.352779],[-58.553894,-34.352724],[-58.553862,-34.352606]]]}},{"type":"Feature","properties":{"partida":"357014693","cca":"357000100000000000000066100H00000000029000","tipo":"Urbano","sup_m2":537.6},"geometry":{"type":"Polygon","coordinates":[[[-58.553813,-34.352419],[-58.55353,-34.352568],[-58.553644,-34.352718],[-58.553862,-34.352606],[-58.553813,-34.352419]]]}},{"type":"Feature","properties":{"partida":"357014694","cca":"357000100000000000000066100H00000000030000","tipo":"Urbano","sup_m2":1670.7},"geometry":{"type":"Polygon","coordinates":[[[-58.553813,-34.352419],[-58.553798,-34.352362],[-58.553793,-34.352318],[-58.55389,-34.352208],[-58.553552,-34.351853],[-58.553353,-34.351969],[-58.553571,-34.35233],[-58.553675,-34.352493],[-58.553813,-34.352419]]]}},{"type":"Feature","properties":{"partida":"357014695","cca":"357000100000000000000066100H00000000031000","tipo":"Urbano","sup_m2":998.4},"geometry":{"type":"Polygon","coordinates":[[[-58.553738,-34.351744],[-58.553552,-34.351853],[-58.55389,-34.352208],[-58.554036,-34.352044],[-58.553738,-34.351744]]]}},{"type":"Feature","properties":{"partida":"357014696","cca":"357000100000000000000066100H00000000032000","tipo":"Urbano","sup_m2":948.7},"geometry":{"type":"Polygon","coordinates":[[[-58.554267,-34.351946],[-58.553921,-34.351637],[-58.553738,-34.351744],[-58.554036,-34.352044],[-58.554072,-34.352002],[-58.554267,-34.351946]]]}},{"type":"Feature","properties":{"partida":"357014697","cca":"357000100000000000000066100H00000000033000","tipo":"Urbano","sup_m2":1038.8},"geometry":{"type":"Polygon","coordinates":[[[-58.554108,-34.351528],[-58.553921,-34.351637],[-58.554267,-34.351946],[-58.5545,-34.351879],[-58.554108,-34.351528]]]}},{"type":"Feature","properties":{"partida":"357014698","cca":"357000100000000000000066100H00000000034000","tipo":"Urbano","sup_m2":1140.2},"geometry":{"type":"Polygon","coordinates":[[[-58.55429,-34.35142],[-58.554108,-34.351528],[-58.5545,-34.351879],[-58.554726,-34.351815],[-58.55429,-34.35142]]]}},{"type":"Feature","properties":{"partida":"357014699","cca":"357000100000000000000066100H00000000035000","tipo":"Urbano","sup_m2":1288.3},"geometry":{"type":"Polygon","coordinates":[[[-58.554475,-34.351313],[-58.55429,-34.35142],[-58.554726,-34.351815],[-58.554957,-34.351748],[-58.554475,-34.351313]]]}},{"type":"Feature","properties":{"partida":"357014700","cca":"357000100000000000000066100H00000000036000","tipo":"Urbano","sup_m2":1377.8},"geometry":{"type":"Polygon","coordinates":[[[-58.555139,-34.351634],[-58.554663,-34.351203],[-58.554475,-34.351313],[-58.554957,-34.351748],[-58.554989,-34.351739],[-58.555139,-34.351634]]]}},{"type":"Feature","properties":{"partida":"357014701","cca":"357000100000000000000066100H00000000037000","tipo":"Urbano","sup_m2":1350.5},"geometry":{"type":"Polygon","coordinates":[[[-58.554847,-34.351092],[-58.554663,-34.351203],[-58.555139,-34.351634],[-58.555317,-34.35151],[-58.554847,-34.351092]]]}},{"type":"Feature","properties":{"partida":"357014702","cca":"357000100000000000000066100H00000000038000","tipo":"Urbano","sup_m2":1208.2},"geometry":{"type":"Polygon","coordinates":[[[-58.555472,-34.351401],[-58.555024,-34.350987],[-58.554847,-34.351092],[-58.555317,-34.35151],[-58.555472,-34.351401]]]}},{"type":"Feature","properties":{"partida":"357014703","cca":"357000100000000000000066100H00000000039000","tipo":"Urbano","sup_m2":483.3},"geometry":{"type":"Polygon","coordinates":[[[-58.555489,-34.351122],[-58.555316,-34.351255],[-58.555472,-34.351401],[-58.555654,-34.351273],[-58.555489,-34.351122]]]}},{"type":"Feature","properties":{"partida":"357014704","cca":"357000100000000000000066100H00000000040000","tipo":"Urbano","sup_m2":464.6},"geometry":{"type":"Polygon","coordinates":[[[-58.555654,-34.351273],[-58.55575,-34.351206],[-58.555814,-34.351149],[-58.555649,-34.350997],[-58.555489,-34.351122],[-58.555654,-34.351273]]]}},{"type":"Feature","properties":{"partida":"357014705","cca":"357000100000000000000066100H00000000041000","tipo":"Urbano","sup_m2":348.2},"geometry":{"type":"Polygon","coordinates":[[[-58.555774,-34.350901],[-58.555649,-34.350997],[-58.555814,-34.351149],[-58.555932,-34.351045],[-58.555774,-34.350901]]]}},{"type":"Feature","properties":{"partida":"357014706","cca":"357000100000000000000066100H00000000042000","tipo":"Urbano","sup_m2":1169.3},"geometry":{"type":"Polygon","coordinates":[[[-58.555316,-34.351255],[-58.555774,-34.350901],[-58.555629,-34.350767],[-58.555166,-34.351118],[-58.555316,-34.351255]]]}},{"type":"Feature","properties":{"partida":null,"cca":"357000100000000000000066100H00000000043000","tipo":null,"sup_m2":1148.2},"geometry":{"type":"Polygon","coordinates":[[[-58.555024,-34.350987],[-58.555166,-34.351118],[-58.555629,-34.350767],[-58.555483,-34.350629],[-58.555352,-34.350734],[-58.555024,-34.350987]]]}},{"type":"Feature","properties":{"partida":"357015003","cca":"35700010000000000000006690000000000000100A","tipo":"Rural","sup_m2":214930.5},"geometry":{"type":"Polygon","coordinates":[[[-58.551477,-34.36225],[-58.551838,-34.36196],[-58.552184,-34.361775],[-58.552969,-34.361604],[-58.553361,-34.361482],[-58.553947,-34.361531],[-58.554257,-34.361564],[-58.554774,-34.361567],[-58.554178,-34.355525],[-58.550892,-34.356536],[-58.550604,-34.360523],[-58.551477,-34.36225]]]}},{"type":"Feature","properties":{"partida":"357015004","cca":"35700010000000000000006690000000000000100B","tipo":"Rural","sup_m2":103549.7},"geometry":{"type":"Polygon","coordinates":[[[-58.551477,-34.36225],[-58.550604,-34.360523],[-58.550892,-34.356536],[-58.549338,-34.357013],[-58.54889,-34.362882],[-58.550184,-34.362631],[-58.550813,-34.362474],[-58.551477,-34.36225]]]}},{"type":"Feature","properties":{"partida":"357015005","cca":"35700010000000000000006690000000000000100C","tipo":"Rural","sup_m2":99356.4},"geometry":{"type":"Polygon","coordinates":[[[-58.54889,-34.362882],[-58.549338,-34.357013],[-58.547581,-34.357554],[-58.547155,-34.362995],[-58.54889,-34.362882]]]}},{"type":"Feature","properties":{"partida":"357015006","cca":"35700010000000000000006690000000000000100D","tipo":"Rural","sup_m2":71105.0},"geometry":{"type":"Polygon","coordinates":[[[-58.545938,-34.362664],[-58.546174,-34.362765],[-58.546787,-34.362911],[-58.547155,-34.362995],[-58.547581,-34.357554],[-58.546034,-34.358029],[-58.545938,-34.362664]]]}},{"type":"Feature","properties":{"partida":"357015007","cca":"35700010000000000000006690000000000000100E","tipo":"Rural","sup_m2":56564.0},"geometry":{"type":"Polygon","coordinates":[[[-58.544657,-34.362646],[-58.545652,-34.362644],[-58.545938,-34.362664],[-58.546034,-34.358029],[-58.544804,-34.358405],[-58.544657,-34.362646]]]}},{"type":"Feature","properties":{"partida":"357015008","cca":"35700010000000000000006690000000000000100F","tipo":"Rural","sup_m2":46969.4},"geometry":{"type":"Polygon","coordinates":[[[-58.543552,-34.36272],[-58.544225,-34.362652],[-58.544657,-34.362646],[-58.544804,-34.358405],[-58.543529,-34.358795],[-58.543658,-34.36074],[-58.543552,-34.36272]]]}},{"type":"Feature","properties":{"partida":"357015009","cca":"35700010000000000000006690000000000000100G","tipo":"Rural","sup_m2":27244.4},"geometry":{"type":"Polygon","coordinates":[[[-58.541738,-34.36137],[-58.542599,-34.361093],[-58.543658,-34.36074],[-58.543529,-34.358795],[-58.54254,-34.359199],[-58.542433,-34.359933],[-58.542109,-34.360541],[-58.541738,-34.36137]]]}},{"type":"Feature","properties":{"partida":"357019089","cca":"35700010000000000000006690000000000000100K","tipo":"Urbano","sup_m2":1820.0},"geometry":{"type":"Polygon","coordinates":[[[-58.542679,-34.36126],[-58.542599,-34.361093],[-58.541738,-34.36137],[-58.541697,-34.361577],[-58.542679,-34.36126]]]}},{"type":"Feature","properties":{"partida":"357019090","cca":"35700010000000000000006690000000000000100M","tipo":"Urbano","sup_m2":2019.8},"geometry":{"type":"Polygon","coordinates":[[[-58.541695,-34.361771],[-58.542759,-34.361428],[-58.542679,-34.36126],[-58.541697,-34.361577],[-58.541695,-34.361771]]]}}]}