{"type":"FeatureCollection","features":[{"type":"Feature","properties":{"partida":"357014159","cca":"357000100000000000000065600000000000119000","tipo":"Urbano","sup_m2":9199.5},"geometry":{"type":"Polygon","coordinates":[[[-58.537716,-34.36155],[-58.537646,-34.361798],[-58.541448,-34.361618],[-58.541471,-34.361385],[-58.537716,-34.36155]]]}},{"type":"Feature","properties":{"partida":"357014160","cca":"357000100000000000000065600000000000120000","tipo":"Urbano","sup_m2":10268.8},"geometry":{"type":"Polygon","coordinates":[[[-58.537567,-34.362081],[-58.541481,-34.361861],[-58.541439,-34.361714],[-58.541448,-34.361618],[-58.537646,-34.361798],[-58.537567,-34.362081]]]}},{"type":"Feature","properties":{"partida":"357014161","cca":"357000100000000000000065600000000000121000","tipo":"Urbano","sup_m2":2097.9},"geometry":{"type":"Polygon","coordinates":[[[-58.541481,-34.361861],[-58.540655,-34.361907],[-58.540817,-34.362232],[-58.541549,-34.36203],[-58.541513,-34.361973],[-58.541481,-34.361861]]]}},{"type":"Feature","properties":{"partida":"357014162","cca":"357000100000000000000065600000000000122000","tipo":"Urbano","sup_m2":1168.5},"geometry":{"type":"Polygon","coordinates":[[[-58.540886,-34.362368],[-58.541632,-34.362162],[-58.541549,-34.36203],[-58.540817,-34.362232],[-58.540886,-34.362368]]]}},{"type":"Feature","properties":{"partida":"357014163","cca":"357000100000000000000065600000000000123000","tipo":"Urbano","sup_m2":1247.7},"geometry":{"type":"Polygon","coordinates":[[[-58.540957,-34.36251],[-58.541717,-34.362301],[-58.541632,-34.362162],[-58.540886,-34.362368],[-58.540957,-34.36251]]]}},{"type":"Feature","properties":{"partida":"357014164","cca":"357000100000000000000065600000000000124000","tipo":"Urbano","sup_m2":1247.8},"geometry":{"type":"Polygon","coordinates":[[[-58.541028,-34.362651],[-58.541797,-34.362439],[-58.541717,-34.362301],[-58.540957,-34.36251],[-58.541028,-34.362651]]]}},{"type":"Feature","properties":{"partida":"357014165","cca":"357000100000000000000065600000000000125000","tipo":"Urbano","sup_m2":1123.8},"geometry":{"type":"Polygon","coordinates":[[[-58.54109,-34.362776],[-58.541869,-34.362561],[-58.541797,-34.362439],[-58.541028,-34.362651],[-58.54109,-34.362776]]]}},{"type":"Feature","properties":{"partida":"357014166","cca":"357000100000000000000065600000000000126000","tipo":"Urbano","sup_m2":1279.4},"geometry":{"type":"Polygon","coordinates":[[[-58.541161,-34.362916],[-58.54195,-34.362699],[-58.541869,-34.362561],[-58.54109,-34.362776],[-58.541161,-34.362916]]]}},{"type":"Feature","properties":{"partida":"357014167","cca":"357000100000000000000065600000000000127000","tipo":"Urbano","sup_m2":1449.4},"geometry":{"type":"Polygon","coordinates":[[[-58.542037,-34.362847],[-58.54195,-34.362699],[-58.541161,-34.362916],[-58.541243,-34.36308],[-58.541596,-34.362974],[-58.542037,-34.362847]]]}},{"type":"Feature","properties":{"partida":"357019443","cca":"35700010000000000000006560000000000012800B","tipo":"Urbano","sup_m2":235.3},"geometry":{"type":"Polygon","coordinates":[[[-58.542,-34.362857],[-58.541853,-34.363084],[-58.54193,-34.363113],[-58.542072,-34.362907],[-58.542037,-34.362847],[-58.542,-34.362857]]]}},{"type":"Feature","properties":{"partida":"357014168","cca":"35700010000000000000006560000000000012800C","tipo":"Urbano","sup_m2":791.8},"geometry":{"type":"Polygon","coordinates":[[[-58.54193,-34.363113],[-58.541853,-34.363084],[-58.542,-34.362857],[-58.541596,-34.362974],[-58.541767,-34.363268],[-58.541842,-34.363241],[-58.54193,-34.363113]]]}},{"type":"Feature","properties":{"partida":"357014169","cca":"357000100000000000000065600000000000129000","tipo":"Urbano","sup_m2":1322.4},"geometry":{"type":"Polygon","coordinates":[[[-58.541767,-34.363268],[-58.541596,-34.362974],[-58.541243,-34.36308],[-58.541403,-34.3634],[-58.541767,-34.363268]]]}},{"type":"Feature","properties":{"partida":"357014170","cca":"35700010000000000000006560000000000013000A","tipo":"Urbano","sup_m2":12122.9},"geometry":{"type":"Polygon","coordinates":[[[-58.541403,-34.3634],[-58.540655,-34.361907],[-58.539807,-34.361955],[-58.540417,-34.36317],[-58.540832,-34.3631],[-58.541047,-34.363529],[-58.541403,-34.3634]]]}},{"type":"Feature","properties":{"partida":"357014171","cca":"35700010000000000000006560000000000013100A","tipo":"Urbano","sup_m2":2065.6},"geometry":{"type":"Polygon","coordinates":[[[-58.540417,-34.36317],[-58.540649,-34.363634],[-58.540969,-34.363557],[-58.541047,-34.363529],[-58.540832,-34.3631],[-58.540417,-34.36317]]]}},{"type":"Feature","properties":{"partida":"357014173","cca":"357000100000000000000065600000000000132000","tipo":"Urbano","sup_m2":6894.1},"geometry":{"type":"Polygon","coordinates":[[[-58.540649,-34.363634],[-58.539807,-34.361955],[-58.539423,-34.361976],[-58.540297,-34.363718],[-58.540649,-34.363634]]]}},{"type":"Feature","properties":{"partida":"357014174","cca":"357000100000000000000065600000000000133000","tipo":"Urbano","sup_m2":6644.6},"geometry":{"type":"Polygon","coordinates":[[[-58.539969,-34.363797],[-58.540297,-34.363718],[-58.539423,-34.361976],[-58.539066,-34.361997],[-58.539969,-34.363797]]]}},{"type":"Feature","properties":{"partida":"357014175","cca":"357000100000000000000065600000000000134000","tipo":"Urbano","sup_m2":7530.8},"geometry":{"type":"Polygon","coordinates":[[[-58.539608,-34.363879],[-58.539661,-34.363871],[-58.539969,-34.363797],[-58.539066,-34.361997],[-58.538674,-34.362019],[-58.539608,-34.363879]]]}},{"type":"Feature","properties":{"partida":"357014176","cca":"357000100000000000000065600000000000135000","tipo":"Urbano","sup_m2":9295.1},"geometry":{"type":"Polygon","coordinates":[[[-58.538195,-34.362045],[-58.539167,-34.363947],[-58.539608,-34.363879],[-58.538674,-34.362019],[-58.538195,-34.362045]]]}},{"type":"Feature","properties":{"partida":"357014177","cca":"357000100000000000000065600000000000136000","tipo":"Urbano","sup_m2":11060.5},"geometry":{"type":"Polygon","coordinates":[[[-58.538195,-34.362045],[-58.537564,-34.362081],[-58.53885,-34.364159],[-58.539167,-34.363947],[-58.538195,-34.362045]]]}},{"type":"Feature","properties":{"partida":"357014178","cca":"357000100000000000000065600000000000137000","tipo":"Urbano","sup_m2":10135.2},"geometry":{"type":"Polygon","coordinates":[[[-58.53885,-34.364159],[-58.537564,-34.362081],[-58.537564,-34.362081],[-58.537377,-34.362893],[-58.538607,-34.364327],[-58.538635,-34.364303],[-58.53885,-34.364159]]]}},{"type":"Feature","properties":{"partida":"357014179","cca":"357000100000000000000065600000000000138000","tipo":"Urbano","sup_m2":5521.6},"geometry":{"type":"Polygon","coordinates":[[[-58.537377,-34.362893],[-58.537276,-34.363333],[-58.538422,-34.364486],[-58.538607,-34.364327],[-58.537377,-34.362893]]]}},{"type":"Feature","properties":{"partida":"357014180","cca":"357000100000000000000065600000000000139000","tipo":"Urbano","sup_m2":4901.7},"geometry":{"type":"Polygon","coordinates":[[[-58.537276,-34.363333],[-58.537164,-34.363817],[-58.538281,-34.364632],[-58.538362,-34.364537],[-58.538422,-34.364486],[-58.537276,-34.363333]]]}},{"type":"Feature","properties":{"partida":"357014181","cca":"35700010000000000000006560000000000014000A","tipo":"Urbano","sup_m2":8838.3},"geometry":{"type":"Polygon","coordinates":[[[-58.537816,-34.365071],[-58.538111,-34.364828],[-58.538281,-34.364632],[-58.537164,-34.363817],[-58.536957,-34.364715],[-58.537816,-34.365071]]]}},{"type":"Feature","properties":{"partida":"357014185","cca":"357000100000000000000065600000000000144000","tipo":"Urbano","sup_m2":1150.0},"geometry":{"type":"Polygon","coordinates":[[[-58.537816,-34.365071],[-58.536957,-34.364715],[-58.536929,-34.364839],[-58.537733,-34.365173],[-58.537789,-34.365094],[-58.537816,-34.365071]]]}},{"type":"Feature","properties":{"partida":"357014186","cca":"357000100000000000000065600000000000145000","tipo":"Urbano","sup_m2":1234.9},"geometry":{"type":"Polygon","coordinates":[[[-58.537733,-34.365173],[-58.536929,-34.364839],[-58.536896,-34.364981],[-58.537648,-34.365293],[-58.537733,-34.365173]]]}},{"type":"Feature","properties":{"partida":"357014187","cca":"357000100000000000000065600000000000146000","tipo":"Urbano","sup_m2":1149.3},"geometry":{"type":"Polygon","coordinates":[[[-58.537648,-34.365293],[-58.536896,-34.364981],[-58.536863,-34.365123],[-58.537562,-34.365413],[-58.537648,-34.365293]]]}},{"type":"Feature","properties":{"partida":"357014188","cca":"35700010000000000000006560000000000014700A","tipo":"Urbano","sup_m2":2342.7},"geometry":{"type":"Polygon","coordinates":[[[-58.536807,-34.365445],[-58.537434,-34.365706],[-58.537508,-34.365529],[-58.537541,-34.365443],[-58.537562,-34.365413],[-58.536863,-34.365123],[-58.536836,-34.365242],[-58.536807,-34.365445]]]}},{"type":"Feature","properties":{"partida":"357014190","cca":"357000100000000000000065600000000000149000","tipo":"Urbano","sup_m2":8066.4},"geometry":{"type":"Polygon","coordinates":[[[-58.536241,-34.365914],[-58.53641,-34.365994],[-58.536738,-34.366284],[-58.536914,-34.366468],[-58.537146,-34.366606],[-58.537336,-34.36644],[-58.537382,-34.366149],[-58.53743,-34.365996],[-58.537424,-34.365765],[-58.537434,-34.365706],[-58.536807,-34.365445],[-58.536241,-34.365914]]]}},{"type":"Feature","properties":{"partida":"357014191","cca":"357000100000000000000065600000000000150000","tipo":"Urbano","sup_m2":1932.2},"geometry":{"type":"Polygon","coordinates":[[[-58.536007,-34.365713],[-58.536241,-34.365914],[-58.536807,-34.365445],[-58.536836,-34.365242],[-58.536007,-34.365713]]]}},{"type":"Feature","properties":{"partida":"357014192","cca":"357000100000000000000065600000000000151000","tipo":"Urbano","sup_m2":1392.2},"geometry":{"type":"Polygon","coordinates":[[[-58.535888,-34.365576],[-58.536007,-34.365713],[-58.536836,-34.365242],[-58.536863,-34.365123],[-58.535888,-34.365576]]]}},{"type":"Feature","properties":{"partida":"357014193","cca":"357000100000000000000065600000000000152000","tipo":"Urbano","sup_m2":1685.6},"geometry":{"type":"Polygon","coordinates":[[[-58.535782,-34.365434],[-58.535888,-34.365576],[-58.536863,-34.365123],[-58.536896,-34.364981],[-58.535782,-34.365434]]]}},{"type":"Feature","properties":{"partida":"357014194","cca":"357000100000000000000065600000000000153000","tipo":"Urbano","sup_m2":1881.2},"geometry":{"type":"Polygon","coordinates":[[[-58.535673,-34.365294],[-58.535782,-34.365434],[-58.536896,-34.364981],[-58.536929,-34.364839],[-58.535673,-34.365294]]]}},{"type":"Feature","properties":{"partida":"357014195","cca":"357000100000000000000065600000000000154000","tipo":"Urbano","sup_m2":1790.3},"geometry":{"type":"Polygon","coordinates":[[[-58.535614,-34.365159],[-58.535673,-34.365294],[-58.536929,-34.364839],[-58.536957,-34.364715],[-58.535614,-34.365159]]]}},{"type":"Feature","properties":{"partida":"357014196","cca":"357000100000000000000065600000000000155000","tipo":"Urbano","sup_m2":2101.0},"geometry":{"type":"Polygon","coordinates":[[[-58.535543,-34.364994],[-58.535614,-34.365159],[-58.536957,-34.364715],[-58.536984,-34.364598],[-58.535543,-34.364994]]]}},{"type":"Feature","properties":{"partida":"357014197","cca":"357000100000000000000065600000000000156000","tipo":"Urbano","sup_m2":2568.9},"geometry":{"type":"Polygon","coordinates":[[[-58.537033,-34.364386],[-58.535489,-34.36487],[-58.535543,-34.364994],[-58.536984,-34.364598],[-58.537033,-34.364386]]]}},{"type":"Feature","properties":{"partida":"357014198","cca":"357000100000000000000065600000000000157000","tipo":"Urbano","sup_m2":3398.0},"geometry":{"type":"Polygon","coordinates":[[[-58.537033,-34.364386],[-58.537076,-34.364201],[-58.535396,-34.364657],[-58.535489,-34.36487],[-58.537033,-34.364386]]]}},{"type":"Feature","properties":{"partida":"357014199","cca":"357000100000000000000065600000000000158000","tipo":"Urbano","sup_m2":3612.0},"geometry":{"type":"Polygon","coordinates":[[[-58.537076,-34.364201],[-58.537123,-34.363995],[-58.535315,-34.364466],[-58.535317,-34.364473],[-58.535396,-34.364657],[-58.537076,-34.364201]]]}},{"type":"Feature","properties":{"partida":"357014200","cca":"357000100000000000000065600000000000159000","tipo":"Urbano","sup_m2":3974.7},"geometry":{"type":"Polygon","coordinates":[[[-58.53525,-34.364232],[-58.535315,-34.364466],[-58.537123,-34.363995],[-58.537164,-34.363817],[-58.53525,-34.364232]]]}},{"type":"Feature","properties":{"partida":"357014201","cca":"357000100000000000000065600000000000160000","tipo":"Urbano","sup_m2":4563.9},"geometry":{"type":"Polygon","coordinates":[[[-58.53525,-34.364232],[-58.537164,-34.363817],[-58.537221,-34.363568],[-58.535194,-34.364026],[-58.53525,-34.364232]]]}},{"type":"Feature","properties":{"partida":"357014202","cca":"357000100000000000000065600000000000161000","tipo":"Urbano","sup_m2":3293.4},"geometry":{"type":"Polygon","coordinates":[[[-58.537221,-34.363568],[-58.537249,-34.363448],[-58.535143,-34.363839],[-58.535194,-34.364026],[-58.537221,-34.363568]]]}},{"type":"Feature","properties":{"partida":"357014203","cca":"357000100000000000000065600000000000162000","tipo":"Urbano","sup_m2":4035.8},"geometry":{"type":"Polygon","coordinates":[[[-58.537249,-34.363448],[-58.53729,-34.363272],[-58.535098,-34.363648],[-58.53511,-34.363718],[-58.535143,-34.363839],[-58.537249,-34.363448]]]}},{"type":"Feature","properties":{"partida":"357014204","cca":"357000100000000000000065600000000000163000","tipo":"Urbano","sup_m2":3821.7},"geometry":{"type":"Polygon","coordinates":[[[-58.537329,-34.363098],[-58.535071,-34.363483],[-58.535098,-34.363648],[-58.53729,-34.363272],[-58.537329,-34.363098]]]}},{"type":"Feature","properties":{"partida":"357014205","cca":"357000100000000000000065600000000000164000","tipo":"Urbano","sup_m2":4022.0},"geometry":{"type":"Polygon","coordinates":[[[-58.537329,-34.363098],[-58.537362,-34.362957],[-58.535062,-34.363276],[-58.535057,-34.363395],[-58.535071,-34.363483],[-58.537329,-34.363098]]]}},{"type":"Feature","properties":{"partida":"357014206","cca":"357000100000000000000065600000000000165000","tipo":"Urbano","sup_m2":5431.4},"geometry":{"type":"Polygon","coordinates":[[[-58.537362,-34.362957],[-58.537411,-34.362746],[-58.53508,-34.363019],[-58.535068,-34.363137],[-58.535062,-34.363276],[-58.537362,-34.362957]]]}},{"type":"Feature","properties":{"partida":"357014041","cca":"357000100000000000000065600000000000166000","tipo":"Urbano","sup_m2":4627.8},"geometry":{"type":"Polygon","coordinates":[[[-58.537411,-34.362746],[-58.537459,-34.362536],[-58.5351,-34.362834],[-58.53508,-34.363019],[-58.537411,-34.362746]]]}},{"type":"Feature","properties":{"partida":"357014207","cca":"357000100000000000000065600000000000167000","tipo":"Urbano","sup_m2":4790.6},"geometry":{"type":"Polygon","coordinates":[[[-58.537459,-34.362536],[-58.537506,-34.362334],[-58.535127,-34.362631],[-58.535116,-34.36269],[-58.5351,-34.362834],[-58.537459,-34.362536]]]}},{"type":"Feature","properties":{"partida":"357014208","cca":"357000100000000000000065600000000000168000","tipo":"Urbano","sup_m2":5741.3},"geometry":{"type":"Polygon","coordinates":[[[-58.537506,-34.362334],[-58.537564,-34.362081],[-58.535161,-34.362402],[-58.535127,-34.362631],[-58.537506,-34.362334]]]}},{"type":"Feature","properties":{"partida":"357014209","cca":"357000100000000000000065600000000000169000","tipo":"Urbano","sup_m2":5362.8},"geometry":{"type":"Polygon","coordinates":[[[-58.537567,-34.362081],[-58.537596,-34.361976],[-58.535212,-34.36206],[-58.535161,-34.362402],[-58.537567,-34.362081]]]}},{"type":"Feature","properties":{"partida":"357014210","cca":"357000100000000000000065600000000000170000","tipo":"Urbano","sup_m2":5858.6},"geometry":{"type":"Polygon","coordinates":[[[-58.537646,-34.361798],[-58.535254,-34.361757],[-58.535212,-34.36206],[-58.537596,-34.361976],[-58.537646,-34.361798]]]}},{"type":"Feature","properties":{"partida":"357014211","cca":"357000100000000000000065600000000000171000","tipo":"Urbano","sup_m2":5961.3},"geometry":{"type":"Polygon","coordinates":[[[-58.537716,-34.36155],[-58.535286,-34.361522],[-58.535254,-34.361757],[-58.537646,-34.361798],[-58.537716,-34.36155]]]}},{"type":"Feature","properties":{"partida":"357000316","cca":"357000100000000000000066700000000000014000","tipo":"Urbano","sup_m2":5196.4},"geometry":{"type":"Polygon","coordinates":[[[-58.557206,-34.362132],[-58.556753,-34.362027],[-58.556401,-34.363068],[-58.556854,-34.363174],[-58.557206,-34.362132]]]}},{"type":"Feature","properties":{"partida":"357000317","cca":"357000100000000000000066700000000000015000","tipo":"Urbano","sup_m2":5195.6},"geometry":{"type":"Polygon","coordinates":[[[-58.556753,-34.362027],[-58.5563,-34.361922],[-58.555948,-34.362963],[-58.556401,-34.363068],[-58.556753,-34.362027]]]}},{"type":"Feature","properties":{"partida":"357000318","cca":"357000100000000000000066700000000000016000","tipo":"Urbano","sup_m2":5195.9},"geometry":{"type":"Polygon","coordinates":[[[-58.5563,-34.361922],[-58.555846,-34.361816],[-58.555495,-34.362858],[-58.555948,-34.362963],[-58.5563,-34.361922]]]}},{"type":"Feature","properties":{"partida":null,"cca":"357000100000000000000066700000000000017000","tipo":null,"sup_m2":5196.1},"geometry":{"type":"Polygon","coordinates":[[[-58.555846,-34.361816],[-58.555393,-34.361711],[-58.555041,-34.362753],[-58.555495,-34.362858],[-58.555846,-34.361816]]]}},{"type":"Feature","properties":{"partida":"357000320","cca":"357000100000000000000066700000000000018000","tipo":"Urbano","sup_m2":8219.8},"geometry":{"type":"Polygon","coordinates":[[[-58.554227,-34.362563],[-58.555041,-34.362753],[-58.555393,-34.361711],[-58.554774,-34.361567],[-58.554227,-34.362563]]]}},{"type":"Feature","properties":{"partida":"357000332","cca":"357000100000000000000066700000000000035000","tipo":"Urbano","sup_m2":4293.0},"geometry":{"type":"Polygon","coordinates":[[[-58.556854,-34.363174],[-58.556551,-34.364069],[-58.557028,-34.364104],[-58.557307,-34.363279],[-58.556854,-34.363174]]]}},{"type":"Feature","properties":{"partida":"357000333","cca":"357000100000000000000066700000000000036000","tipo":"Urbano","sup_m2":4681.7},"geometry":{"type":"Polygon","coordinates":[[[-58.556401,-34.363068],[-58.55607,-34.36405],[-58.556551,-34.364069],[-58.556854,-34.363174],[-58.556401,-34.363068]]]}},{"type":"Feature","properties":{"partida":"357000334","cca":"357000100000000000000066700000000000037000","tipo":"Urbano","sup_m2":5108.6},"geometry":{"type":"Polygon","coordinates":[[[-58.555948,-34.362963],[-58.555587,-34.36403],[-58.55607,-34.36405],[-58.556401,-34.363068],[-58.555948,-34.362963]]]}},{"type":"Feature","properties":{"partida":"357000335","cca":"357000100000000000000066700000000000038000","tipo":"Urbano","sup_m2":5534.5},"geometry":{"type":"Polygon","coordinates":[[[-58.555495,-34.362858],[-58.555105,-34.36401],[-58.555587,-34.36403],[-58.555948,-34.362963],[-58.555495,-34.362858]]]}},{"type":"Feature","properties":{"partida":"357000336","cca":"357000100000000000000066700000000000039000","tipo":"Urbano","sup_m2":5961.6},"geometry":{"type":"Polygon","coordinates":[[[-58.555041,-34.362753],[-58.554623,-34.36399],[-58.555105,-34.36401],[-58.555495,-34.362858],[-58.555041,-34.362753]]]}},{"type":"Feature","properties":{"partida":"357000337","cca":"357000100000000000000066700000000000040000","tipo":"Urbano","sup_m2":6388.0},"geometry":{"type":"Polygon","coordinates":[[[-58.554623,-34.36399],[-58.555041,-34.362753],[-58.554588,-34.362647],[-58.554141,-34.36397],[-58.554623,-34.36399]]]}},{"type":"Feature","properties":{"partida":"357000338","cca":"357000100000000000000066700000000000041000","tipo":"Urbano","sup_m2":7519.6},"geometry":{"type":"Polygon","coordinates":[[[-58.554588,-34.362647],[-58.554227,-34.362563],[-58.553462,-34.363942],[-58.554141,-34.36397],[-58.554588,-34.362647]]]}},{"type":"Feature","properties":{"partida":"357000348","cca":"357000100000000000000066800000000000050000","tipo":"Urbano","sup_m2":9785.7},"geometry":{"type":"Polygon","coordinates":[[[-58.556803,-34.366219],[-58.55745,-34.364303],[-58.557422,-34.364246],[-58.557014,-34.364148],[-58.55635,-34.366113],[-58.556803,-34.366219]]]}},{"type":"Feature","properties":{"partida":"357000349","cca":"357000100000000000000066800000000000051000","tipo":"Urbano","sup_m2":9666.7},"geometry":{"type":"Polygon","coordinates":[[[-58.555896,-34.366008],[-58.55635,-34.366113],[-58.557014,-34.364148],[-58.556542,-34.364099],[-58.555896,-34.366008]]]}},{"type":"Feature","properties":{"partida":"357000350","cca":"357000100000000000000066800000000000052000","tipo":"Urbano","sup_m2":9313.2},"geometry":{"type":"Polygon","coordinates":[[[-58.555443,-34.365903],[-58.555896,-34.366008],[-58.556542,-34.364099],[-58.556059,-34.364079],[-58.555443,-34.365903]]]}},{"type":"Feature","properties":{"partida":"357000351","cca":"357000100000000000000066800000000000053000","tipo":"Urbano","sup_m2":8885.6},"geometry":{"type":"Polygon","coordinates":[[[-58.55499,-34.365798],[-58.555443,-34.365903],[-58.556059,-34.364079],[-58.555577,-34.364059],[-58.55499,-34.365798]]]}},{"type":"Feature","properties":{"partida":"357000352","cca":"357000100000000000000066800000000000054000","tipo":"Urbano","sup_m2":8458.6},"geometry":{"type":"Polygon","coordinates":[[[-58.554537,-34.365692],[-58.55499,-34.365798],[-58.555577,-34.364059],[-58.555095,-34.36404],[-58.554537,-34.365692]]]}},{"type":"Feature","properties":{"partida":"357000353","cca":"357000100000000000000066800000000000055000","tipo":"Urbano","sup_m2":8033.0},"geometry":{"type":"Polygon","coordinates":[[[-58.554084,-34.365587],[-58.554537,-34.365692],[-58.555095,-34.36404],[-58.554613,-34.36402],[-58.554084,-34.365587]]]}},{"type":"Feature","properties":{"partida":"357000354","cca":"357000100000000000000066800000000000056000","tipo":"Urbano","sup_m2":7627.5},"geometry":{"type":"Polygon","coordinates":[[[-58.553631,-34.365482],[-58.554084,-34.365587],[-58.554613,-34.36402],[-58.554134,-34.363991],[-58.553631,-34.365482]]]}},{"type":"Feature","properties":{"partida":"357000355","cca":"357000100000000000000066800000000000057000","tipo":"Urbano","sup_m2":12342.6},"geometry":{"type":"Polygon","coordinates":[[[-58.552688,-34.365263],[-58.553631,-34.365482],[-58.554134,-34.363991],[-58.553445,-34.363973],[-58.552688,-34.365263]]]}},{"type":"Feature","properties":{"partida":"357000369","cca":"35700010000000000000006680000000000006600B","tipo":"Urbano","sup_m2":1529.9},"geometry":{"type":"Polygon","coordinates":[[[-58.556996,-34.366264],[-58.556747,-34.367001],[-58.556936,-34.367045],[-58.557185,-34.366307],[-58.556996,-34.366264]]]}},{"type":"Feature","properties":{"partida":"357000370","cca":"35700010000000000000006680000000000006600C","tipo":"Urbano","sup_m2":1529.9},"geometry":{"type":"Polygon","coordinates":[[[-58.556996,-34.366264],[-58.556808,-34.36622],[-58.556559,-34.366958],[-58.556747,-34.367001],[-58.556996,-34.366264]]]}},{"type":"Feature","properties":{"partida":"357000371","cca":"35700010000000000000006680000000000006700A","tipo":"Urbano","sup_m2":1529.9},"geometry":{"type":"Polygon","coordinates":[[[-58.55662,-34.366176],[-58.55637,-34.366914],[-58.556559,-34.366958],[-58.556808,-34.36622],[-58.55662,-34.366176]]]}},{"type":"Feature","properties":{"partida":"357000372","cca":"35700010000000000000006680000000000006700B","tipo":"Urbano","sup_m2":1530.1},"geometry":{"type":"Polygon","coordinates":[[[-58.55662,-34.366176],[-58.556431,-34.366132],[-58.556182,-34.36687],[-58.55637,-34.366914],[-58.55662,-34.366176]]]}},{"type":"Feature","properties":{"partida":"357000373","cca":"35700010000000000000006680000000000006800A","tipo":"Urbano","sup_m2":1530.1},"geometry":{"type":"Polygon","coordinates":[[[-58.556243,-34.366089],[-58.555994,-34.366826],[-58.556182,-34.36687],[-58.556431,-34.366132],[-58.556243,-34.366089]]]}},{"type":"Feature","properties":{"partida":"357000374","cca":"35700010000000000000006680000000000006800B","tipo":"Urbano","sup_m2":1530.1},"geometry":{"type":"Polygon","coordinates":[[[-58.556243,-34.366089],[-58.556055,-34.366045],[-58.555805,-34.366783],[-58.555994,-34.366826],[-58.556243,-34.366089]]]}},{"type":"Feature","properties":{"partida":"357000375","cca":"35700010000000000000006680000000000006900A","tipo":"Urbano","sup_m2":1529.9},"geometry":{"type":"Polygon","coordinates":[[[-58.556055,-34.366045],[-58.555866,-34.366001],[-58.555617,-34.366739],[-58.555805,-34.366783],[-58.556055,-34.366045]]]}},{"type":"Feature","properties":{"partida":"357000376","cca":"35700010000000000000006680000000000006900B","tipo":"Urbano","sup_m2":1529.9},"geometry":{"type":"Polygon","coordinates":[[[-58.555678,-34.365957],[-58.555428,-34.366695],[-58.555617,-34.366739],[-58.555866,-34.366001],[-58.555678,-34.365957]]]}},{"type":"Feature","properties":{"partida":"357000377","cca":"35700010000000000000006680000000000007000C","tipo":"Urbano","sup_m2":3059.9},"geometry":{"type":"Polygon","coordinates":[[[-58.555428,-34.366695],[-58.555678,-34.365957],[-58.555301,-34.36587],[-58.555052,-34.366607],[-58.555428,-34.366695]]]}},{"type":"Feature","properties":{"partida":"357000379","cca":"35700010000000000000006680000000000007100A","tipo":"Urbano","sup_m2":1530.1},"geometry":{"type":"Polygon","coordinates":[[[-58.555113,-34.365826],[-58.554863,-34.366564],[-58.555052,-34.366607],[-58.555301,-34.36587],[-58.555113,-34.365826]]]}},{"type":"Feature","properties":{"partida":"357000380","cca":"35700010000000000000006680000000000007100B","tipo":"Urbano","sup_m2":1530.1},"geometry":{"type":"Polygon","coordinates":[[[-58.554924,-34.365782],[-58.554675,-34.36652],[-58.554863,-34.366564],[-58.555113,-34.365826],[-58.554924,-34.365782]]]}},{"type":"Feature","properties":{"partida":"357000381","cca":"35700010000000000000006680000000000007200A","tipo":"Urbano","sup_m2":1530.1},"geometry":{"type":"Polygon","coordinates":[[[-58.554736,-34.365738],[-58.554487,-34.366476],[-58.554675,-34.36652],[-58.554924,-34.365782],[-58.554736,-34.365738]]]}},{"type":"Feature","properties":{"partida":"357000382","cca":"35700010000000000000006680000000000007200B","tipo":"Urbano","sup_m2":1614.8},"geometry":{"type":"Polygon","coordinates":[[[-58.554537,-34.365692],[-58.554288,-34.36643],[-58.554487,-34.366476],[-58.554736,-34.365738],[-58.554537,-34.365692]]]}},{"type":"Feature","properties":{"partida":"357000383","cca":"357000100000000000000066800000000000073000","tipo":"Urbano","sup_m2":4330.5},"geometry":{"type":"Polygon","coordinates":[[[-58.554244,-34.36656],[-58.554537,-34.365692],[-58.554084,-34.365587],[-58.553791,-34.366455],[-58.554244,-34.36656]]]}},{"type":"Feature","properties":{"partida":"357000384","cca":"357000100000000000000066800000000000074000","tipo":"Urbano","sup_m2":4329.7},"geometry":{"type":"Polygon","coordinates":[[[-58.553631,-34.365482],[-58.553337,-34.36635],[-58.553791,-34.366455],[-58.554084,-34.365587],[-58.553631,-34.365482]]]}},{"type":"Feature","properties":{"partida":"357000385","cca":"357000100000000000000066800000000000075000","tipo":"Urbano","sup_m2":4329.7},"geometry":{"type":"Polygon","coordinates":[[[-58.553177,-34.365376],[-58.552884,-34.366244],[-58.553337,-34.36635],[-58.553631,-34.365482],[-58.553177,-34.365376]]]}},{"type":"Feature","properties":{"partida":"357000386","cca":"357000100000000000000066800000000000076000","tipo":"Urbano","sup_m2":5590.3},"geometry":{"type":"Polygon","coordinates":[[[-58.553177,-34.365376],[-58.552688,-34.365263],[-58.552204,-34.366086],[-58.552884,-34.366244],[-58.553177,-34.365376]]]}},{"type":"Feature","properties":{"partida":"357000395","cca":"357000100000000000000066800000000000083000","tipo":"Urbano","sup_m2":3463.9},"geometry":{"type":"Polygon","coordinates":[[[-58.557173,-34.368017],[-58.557407,-34.367323],[-58.556954,-34.367218],[-58.556719,-34.367912],[-58.557173,-34.368017]]]}},{"type":"Feature","properties":{"partida":"357000396","cca":"357000100000000000000066800000000000084000","tipo":"Urbano","sup_m2":3464.3},"geometry":{"type":"Polygon","coordinates":[[[-58.556266,-34.367807],[-58.556719,-34.367912],[-58.556954,-34.367218],[-58.556501,-34.367113],[-58.556266,-34.367807]]]}},{"type":"Feature","properties":{"partida":"357000397","cca":"357000100000000000000066800000000000085000","tipo":"Urbano","sup_m2":3463.8},"geometry":{"type":"Polygon","coordinates":[[[-58.555813,-34.367702],[-58.556266,-34.367807],[-58.556501,-34.367113],[-58.556048,-34.367007],[-58.555813,-34.367702]]]}},{"type":"Feature","properties":{"partida":"357000398","cca":"357000100000000000000066800000000000086000","tipo":"Urbano","sup_m2":3463.9},"geometry":{"type":"Polygon","coordinates":[[[-58.55536,-34.367596],[-58.555813,-34.367702],[-58.556048,-34.367007],[-58.555594,-34.366902],[-58.55536,-34.367596]]]}},{"type":"Feature","properties":{"partida":"357000399","cca":"357000100000000000000066800000000000087000","tipo":"Urbano","sup_m2":3464.3},"geometry":{"type":"Polygon","coordinates":[[[-58.554907,-34.367491],[-58.55536,-34.367596],[-58.555594,-34.366902],[-58.555141,-34.366797],[-58.554907,-34.367491]]]}},{"type":"Feature","properties":{"partida":"357000400","cca":"357000100000000000000066800000000000088000","tipo":"Urbano","sup_m2":3463.9},"geometry":{"type":"Polygon","coordinates":[[[-58.554454,-34.367386],[-58.554907,-34.367491],[-58.555141,-34.366797],[-58.554688,-34.366691],[-58.554454,-34.367386]]]}},{"type":"Feature","properties":{"partida":"357015001","cca":"357000100000000000000066800000000000089000","tipo":"Urbano","sup_m2":14756.4},"geometry":{"type":"Polygon","coordinates":[[[-58.554325,-34.367637],[-58.559499,-34.368839],[-58.559588,-34.368578],[-58.554466,-34.367389],[-58.554325,-34.367637]]]}},{"type":"Feature","properties":{"partida":"357000404","cca":"35700010000000000000006680000000000009200C","tipo":"Urbano","sup_m2":640.6},"geometry":{"type":"Polygon","coordinates":[[[-58.556891,-34.368233],[-58.556784,-34.36855],[-58.556978,-34.368577],[-58.557079,-34.368277],[-58.556891,-34.368233]]]}},{"type":"Feature","properties":{"partida":"357000405","cca":"35700010000000000000006680000000000009200D","tipo":"Urbano","sup_m2":673.8},"geometry":{"type":"Polygon","coordinates":[[[-58.556703,-34.368189],[-58.55659,-34.368522],[-58.556784,-34.36855],[-58.556891,-34.368233],[-58.556703,-34.368189]]]}},{"type":"Feature","properties":{"partida":"357000406","cca":"35700010000000000000006680000000000009300A","tipo":"Urbano","sup_m2":707.5},"geometry":{"type":"Polygon","coordinates":[[[-58.556396,-34.368494],[-58.55659,-34.368522],[-58.556703,-34.368189],[-58.556514,-34.368145],[-58.556396,-34.368494]]]}},{"type":"Feature","properties":{"partida":"357000407","cca":"35700010000000000000006680000000000009300B","tipo":"Urbano","sup_m2":741.0},"geometry":{"type":"Polygon","coordinates":[[[-58.556514,-34.368145],[-58.556326,-34.368101],[-58.556202,-34.368467],[-58.556396,-34.368494],[-58.556514,-34.368145]]]}},{"type":"Feature","properties":{"partida":"357000408","cca":"35700010000000000000006680000000000009300C","tipo":"Urbano","sup_m2":774.1},"geometry":{"type":"Polygon","coordinates":[[[-58.556137,-34.368058],[-58.556009,-34.368439],[-58.556202,-34.368467],[-58.556326,-34.368101],[-58.556137,-34.368058]]]}},{"type":"Feature","properties":{"partida":"357000409","cca":"35700010000000000000006680000000000009300D","tipo":"Urbano","sup_m2":807.8},"geometry":{"type":"Polygon","coordinates":[[[-58.555815,-34.368411],[-58.556009,-34.368439],[-58.556137,-34.368058],[-58.555949,-34.368014],[-58.555815,-34.368411]]]}},{"type":"Feature","properties":{"partida":"357000410","cca":"35700010000000000000006680000000000009300E","tipo":"Urbano","sup_m2":841.0},"geometry":{"type":"Polygon","coordinates":[[[-58.555815,-34.368411],[-58.555949,-34.368014],[-58.555761,-34.36797],[-58.555621,-34.368384],[-58.555815,-34.368411]]]}},{"type":"Feature","properties":{"partida":"357000411","cca":"35700010000000000000006680000000000009400A","tipo":"Urbano","sup_m2":874.5},"geometry":{"type":"Polygon","coordinates":[[[-58.555761,-34.36797],[-58.555572,-34.367926],[-58.555427,-34.368356],[-58.555621,-34.368384],[-58.555761,-34.36797]]]}},{"type":"Feature","properties":{"partida":"357000412","cca":"35700010000000000000006680000000000009400B","tipo":"Urbano","sup_m2":907.8},"geometry":{"type":"Polygon","coordinates":[[[-58.555233,-34.368328],[-58.555427,-34.368356],[-58.555572,-34.367926],[-58.555384,-34.367883],[-58.555233,-34.368328]]]}},{"type":"Feature","properties":{"partida":"357000413","cca":"35700010000000000000006680000000000009400C","tipo":"Urbano","sup_m2":941.4},"geometry":{"type":"Polygon","coordinates":[[[-58.555039,-34.368301],[-58.555233,-34.368328],[-58.555384,-34.367883],[-58.555196,-34.367839],[-58.555039,-34.368301]]]}},{"type":"Feature","properties":{"partida":"357000414","cca":"35700010000000000000006680000000000009400D","tipo":"Urbano","sup_m2":974.6},"geometry":{"type":"Polygon","coordinates":[[[-58.554846,-34.368273],[-58.555039,-34.368301],[-58.555196,-34.367839],[-58.555007,-34.367795],[-58.554846,-34.368273]]]}},{"type":"Feature","properties":{"partida":"357000415","cca":"35700010000000000000006680000000000009400E","tipo":"Urbano","sup_m2":1008.2},"geometry":{"type":"Polygon","coordinates":[[[-58.554846,-34.368273],[-58.555007,-34.367795],[-58.554819,-34.367751],[-58.554652,-34.368246],[-58.554846,-34.368273]]]}},{"type":"Feature","properties":{"partida":"357000416","cca":"357000100000000000000066800000000000095000","tipo":"Urbano","sup_m2":10481.9},"geometry":{"type":"Polygon","coordinates":[[[-58.554466,-34.367389],[-58.554454,-34.367386],[-58.554688,-34.366691],[-58.554235,-34.366586],[-58.553705,-34.368155],[-58.554636,-34.368291],[-58.554819,-34.367751],[-58.554325,-34.367637],[-58.554466,-34.367389]]]}},{"type":"Feature","properties":{"partida":"357000417","cca":"357000100000000000000066800000000000096000","tipo":"Urbano","sup_m2":7920.9},"geometry":{"type":"Polygon","coordinates":[[[-58.553782,-34.366481],[-58.553239,-34.368087],[-58.553705,-34.368155],[-58.554235,-34.366586],[-58.553782,-34.366481]]]}},{"type":"Feature","properties":{"partida":"357000418","cca":"357000100000000000000066800000000000097000","tipo":"Urbano","sup_m2":8105.5},"geometry":{"type":"Polygon","coordinates":[[[-58.553329,-34.366376],[-58.552773,-34.368019],[-58.553239,-34.368087],[-58.553782,-34.366481],[-58.553329,-34.366376]]]}},{"type":"Feature","properties":{"partida":"357000419","cca":"357000100000000000000066800000000000098000","tipo":"Urbano","sup_m2":8292.3},"geometry":{"type":"Polygon","coordinates":[[[-58.553329,-34.366376],[-58.552875,-34.36627],[-58.552308,-34.367951],[-58.552773,-34.368019],[-58.553329,-34.366376]]]}},{"type":"Feature","properties":{"partida":"357000420","cca":"357000100000000000000066800000000000099000","tipo":"Urbano","sup_m2":16685.3},"geometry":{"type":"Polygon","coordinates":[[[-58.551196,-34.367788],[-58.552308,-34.367951],[-58.552875,-34.36627],[-58.552189,-34.366111],[-58.551196,-34.367788]]]}},{"type":"Feature","properties":{"partida":"357019091","cca":"35700010000000000000006690000000000000100N","tipo":"Urbano","sup_m2":2160.9},"geometry":{"type":"Polygon","coordinates":[[[-58.541725,-34.361955],[-58.542839,-34.361595],[-58.542759,-34.361428],[-58.541695,-34.361771],[-58.541708,-34.361922],[-58.541725,-34.361955]]]}},{"type":"Feature","properties":{"partida":"357019092","cca":"35700010000000000000006690000000000000100P","tipo":"Urbano","sup_m2":2199.7},"geometry":{"type":"Polygon","coordinates":[[[-58.541805,-34.362123],[-58.542919,-34.361763],[-58.542839,-34.361595],[-58.541725,-34.361955],[-58.541805,-34.362123]]]}},{"type":"Feature","properties":{"partida":"357019093","cca":"35700010000000000000006690000000000000100R","tipo":"Urbano","sup_m2":2150.1},"geometry":{"type":"Polygon","coordinates":[[[-58.541936,-34.362274],[-58.543,-34.36193],[-58.542919,-34.361763],[-58.541805,-34.362123],[-58.541936,-34.362274]]]}},{"type":"Feature","properties":{"partida":"357019094","cca":"35700010000000000000006690000000000000100S","tipo":"Urbano","sup_m2":2061.1},"geometry":{"type":"Polygon","coordinates":[[[-58.542068,-34.362424],[-58.543081,-34.362098],[-58.543,-34.36193],[-58.541936,-34.362274],[-58.541975,-34.362334],[-58.542068,-34.362424]]]}},{"type":"Feature","properties":{"partida":"357015010","cca":"35700010000000000000006690000000000000100V","tipo":"Urbano","sup_m2":11976.4},"geometry":{"type":"Polygon","coordinates":[[[-58.542599,-34.361093],[-58.543382,-34.362733],[-58.543552,-34.36272],[-58.543658,-34.36074],[-58.542599,-34.361093]]]}},{"type":"Feature","properties":{"partida":"357019096","cca":"35700010000000000000006690000000000000100W","tipo":"Urbano","sup_m2":1901.0},"geometry":{"type":"Polygon","coordinates":[[[-58.542068,-34.362424],[-58.542098,-34.362582],[-58.543159,-34.362266],[-58.543081,-34.362098],[-58.542068,-34.362424]]]}},{"type":"Feature","properties":{"partida":"357019095","cca":"35700010000000000000006690000000000000100X","tipo":"Urbano","sup_m2":5293.5},"geometry":{"type":"Polygon","coordinates":[[[-58.542919,-34.362813],[-58.543382,-34.362733],[-58.543159,-34.362266],[-58.542098,-34.362582],[-58.542177,-34.362737],[-58.542333,-34.363005],[-58.542768,-34.362865],[-58.542919,-34.362813]]]}},{"type":"Feature","properties":{"partida":"357015011","cca":"35700010000000000000006690000000000000200A","tipo":"Rural","sup_m2":550478.9},"geometry":{"type":"Polygon","coordinates":[[[-58.542919,-34.362813],[-58.54251,-34.363037],[-58.541901,-34.3636],[-58.541129,-34.363815],[-58.540158,-34.364048],[-58.542969,-34.365336],[-58.543108,-34.367434],[-58.543076,-34.367514],[-58.550869,-34.367737],[-58.551196,-34.367788],[-58.552189,-34.366111],[-58.553445,-34.363973],[-58.554227,-34.362563],[-58.554774,-34.361567],[-58.554257,-34.361564],[-58.553947,-34.361531],[-58.553361,-34.361482],[-58.552969,-34.361604],[-58.552184,-34.361775],[-58.551838,-34.36196],[-58.551477,-34.36225],[-58.550813,-34.362474],[-58.550184,-34.362631],[-58.54889,-34.362882],[-58.547155,-34.362995],[-58.546787,-34.362911],[-58.546174,-34.362765],[-58.545938,-34.362664],[-58.545652,-34.362644],[-58.544657,-34.362646],[-58.544225,-34.362652],[-58.543552,-34.36272],[-58.543382,-34.362733],[-58.542919,-34.362813]]]}},{"type":"Feature","properties":{"partida":"357017994","cca":"35700010000000000000006690000000000000200B","tipo":"Urbano","sup_m2":13394.5},"geometry":{"type":"Polygon","coordinates":[[[-58.540158,-34.364048],[-58.540204,-34.364624],[-58.542995,-34.365728],[-58.542969,-34.365336],[-58.540158,-34.364048]]]}},{"type":"Feature","properties":{"partida":"357017995","cca":"35700010000000000000006690000000000000200C","tipo":"Urbano","sup_m2":12146.9},"geometry":{"type":"Polygon","coordinates":[[[-58.543025,-34.366177],[-58.542995,-34.365728],[-58.540204,-34.364624],[-58.540214,-34.36504],[-58.543025,-34.366177]]]}},{"type":"Feature","properties":{"partida":"357017996","cca":"35700010000000000000006690000000000000200D","tipo":"Urbano","sup_m2":13224.6},"geometry":{"type":"Polygon","coordinates":[[[-58.543053,-34.366602],[-58.543025,-34.366177],[-58.540214,-34.36504],[-58.540364,-34.36528],[-58.540149,-34.36554],[-58.543053,-34.366602]]]}},{"type":"Feature","properties":{"partida":"357017997","cca":"35700010000000000000006690000000000000200E","tipo":"Urbano","sup_m2":13076.6},"geometry":{"type":"Polygon","coordinates":[[[-58.543082,-34.36703],[-58.543053,-34.366602],[-58.540149,-34.36554],[-58.540033,-34.36568],[-58.540177,-34.365995],[-58.543082,-34.36703]]]}},{"type":"Feature","properties":{"partida":"357017998","cca":"35700010000000000000006690000000000000200F","tipo":"Urbano","sup_m2":14239.0},"geometry":{"type":"Polygon","coordinates":[[[-58.543082,-34.36703],[-58.540177,-34.365995],[-58.540121,-34.366414],[-58.543017,-34.367513],[-58.543076,-34.367514],[-58.543108,-34.367434],[-58.543082,-34.36703]]]}},{"type":"Feature","properties":{"partida":"357015049","cca":"35700010000000000000006710000000000000100C","tipo":"Rural","sup_m2":435266.6},"geometry":{"type":"Polygon","coordinates":[[[-58.542004,-34.370199],[-58.543248,-34.372039],[-58.546361,-34.37237],[-58.548166,-34.372126],[-58.548353,-34.370357],[-58.551792,-34.369873],[-58.551226,-34.368144],[-58.551196,-34.367788],[-58.550869,-34.367737],[-58.543017,-34.367513],[-58.540121,-34.366414],[-58.540177,-34.365995],[-58.540033,-34.36568],[-58.539689,-34.366477],[-58.54008,-34.366597],[-58.539752,-34.367417],[-58.540185,-34.36755],[-58.539442,-34.36941],[-58.542004,-34.370199]]]}},{"type":"Feature","properties":{"partida":"357019635","cca":"357000100000000000000067100000000000002000","tipo":"Rural","sup_m2":55397.2},"geometry":{"type":"Polygon","coordinates":[[[-58.548166,-34.372126],[-58.550292,-34.371839],[-58.551524,-34.370966],[-58.551792,-34.369873],[-58.548353,-34.370357],[-58.548166,-34.372126]]]}},{"type":"Feature","properties":{"partida":null,"cca":"357000100000000000000067200000000000000000","tipo":null,"sup_m2":8835.1},"geometry":{"type":"Polygon","coordinates":[[[-58.540214,-34.36504],[-58.540204,-34.364624],[-58.540158,-34.364048],[-58.539715,-34.364115],[-58.53918,-34.364265],[-58.538693,-34.364582],[-58.540214,-34.36504]]]}},{"type":"Feature","properties":{"partida":"357020198","cca":"35700010000000000000006720000000000000500A","tipo":"Urbano","sup_m2":12417.4},"geometry":{"type":"Polygon","coordinates":[[[-58.540214,-34.36504],[-58.538693,-34.364582],[-58.538226,-34.365123],[-58.540033,-34.36568],[-58.540364,-34.36528],[-58.540214,-34.36504]]]}},{"type":"Feature","properties":{"partida":"357020199","cca":"35700010000000000000006720000000000000500B","tipo":"Urbano","sup_m2":17523.5},"geometry":{"type":"Polygon","coordinates":[[[-58.539689,-34.366477],[-58.540033,-34.36568],[-58.538226,-34.365123],[-58.537891,-34.365512],[-58.537794,-34.365893],[-58.539689,-34.366477]]]}},{"type":"Feature","properties":{"partida":"357020200","cca":"35700010000000000000006720000000000000600A","tipo":"Urbano","sup_m2":10966.1},"geometry":{"type":"Polygon","coordinates":[[[-58.539911,-34.367021],[-58.54008,-34.366597],[-58.537794,-34.365893],[-58.537681,-34.366334],[-58.539911,-34.367021]]]}},{"type":"Feature","properties":{"partida":"357020201","cca":"35700010000000000000006720000000000000600B","tipo":"Urbano","sup_m2":9998.7},"geometry":{"type":"Polygon","coordinates":[[[-58.539752,-34.367417],[-58.539911,-34.367021],[-58.537681,-34.366334],[-58.537576,-34.366747],[-58.539752,-34.367417]]]}},{"type":"Feature","properties":{"partida":"357020202","cca":"357000100000000000000067200000000000007000","tipo":"Urbano","sup_m2":11696.2},"geometry":{"type":"Polygon","coordinates":[[[-58.540185,-34.36755],[-58.539752,-34.367417],[-58.537576,-34.366747],[-58.537531,-34.366926],[-58.537493,-34.367166],[-58.540027,-34.367946],[-58.540185,-34.36755]]]}},{"type":"Feature","properties":{"partida":"357020203","cca":"357000100000000000000067200000000000008000","tipo":"Urbano","sup_m2":11299.1},"geometry":{"type":"Polygon","coordinates":[[[-58.539869,-34.368342],[-58.540027,-34.367946],[-58.537493,-34.367166],[-58.537436,-34.367524],[-58.537421,-34.367588],[-58.539869,-34.368342]]]}},{"type":"Feature","properties":{"partida":"357020204","cca":"357000100000000000000067200000000000009000","tipo":"Urbano","sup_m2":9583.0},"geometry":{"type":"Polygon","coordinates":[[[-58.539731,-34.368687],[-58.539869,-34.368342],[-58.537421,-34.367588],[-58.537338,-34.36795],[-58.539731,-34.368687]]]}},{"type":"Feature","properties":{"partida":"357020205","cca":"357000100000000000000067200000000000010000","tipo":"Urbano","sup_m2":9671.8},"geometry":{"type":"Polygon","coordinates":[[[-58.539589,-34.369041],[-58.539731,-34.368687],[-58.537338,-34.36795],[-58.537251,-34.368327],[-58.539589,-34.369041]]]}},{"type":"Feature","properties":{"partida":"357020206","cca":"357000100000000000000067200000000000011000","tipo":"Urbano","sup_m2":9856.2},"geometry":{"type":"Polygon","coordinates":[[[-58.539442,-34.36941],[-58.539589,-34.369041],[-58.537251,-34.368327],[-58.537077,-34.368681],[-58.539442,-34.36941]]]}},{"type":"Feature","properties":{"partida":"357000487","cca":"357000100000000000000067300A00000000001000","tipo":"Urbano","sup_m2":841.6},"geometry":{"type":"Polygon","coordinates":[[[-58.555342,-34.368435],[-58.555034,-34.368392],[-58.555079,-34.368725],[-58.555276,-34.368753],[-58.555342,-34.368435]]]}},{"type":"Feature","properties":{"partida":"357000488","cca":"357000100000000000000067300A00000000002000","tipo":"Urbano","sup_m2":650.2},"geometry":{"type":"Polygon","coordinates":[[[-58.55533,-34.368761],[-58.555079,-34.368725],[-58.555124,-34.369058],[-58.555264,-34.369078],[-58.55533,-34.368761]]]}},{"type":"Feature","properties":{"partida":"357000489","cca":"357000100000000000000067300A00000000003000","tipo":"Urbano","sup_m2":643.4},"geometry":{"type":"Polygon","coordinates":[[[-58.555522,-34.368788],[-58.55533,-34.368761],[-58.555264,-34.369078],[-58.555457,-34.369106],[-58.555522,-34.368788]]]}},{"type":"Feature","properties":{"partida":"357000490","cca":"357000100000000000000067300A00000000004000","tipo":"Urbano","sup_m2":643.4},"geometry":{"type":"Polygon","coordinates":[[[-58.555457,-34.369106],[-58.555649,-34.369133],[-58.555715,-34.368816],[-58.555522,-34.368788],[-58.555457,-34.369106]]]}},{"type":"Feature","properties":{"partida":"357000491","cca":"357000100000000000000067300A00000000005000","tipo":"Urbano","sup_m2":643.4},"geometry":{"type":"Polygon","coordinates":[[[-58.555649,-34.369133],[-58.555842,-34.369161],[-58.555908,-34.368843],[-58.555715,-34.368816],[-58.555649,-34.369133]]]}},{"type":"Feature","properties":{"partida":"357015053","cca":"357000100000000000000067300A00000000006000","tipo":"Urbano","sup_m2":643.4},"geometry":{"type":"Polygon","coordinates":[[[-58.555842,-34.369161],[-58.556035,-34.369188],[-58.556101,-34.368871],[-58.555908,-34.368843],[-58.555842,-34.369161]]]}},{"type":"Feature","properties":{"partida":"357000492","cca":"357000100000000000000067300A00000000007000","tipo":"Urbano","sup_m2":643.6},"geometry":{"type":"Polygon","coordinates":[[[-58.556035,-34.369188],[-58.556228,-34.369216],[-58.556294,-34.368898],[-58.556101,-34.368871],[-58.556035,-34.369188]]]}},{"type":"Feature","properties":{"partida":null,"cca":"357000100000000000000067300A00000000008000","tipo":null,"sup_m2":643.6},"geometry":{"type":"Polygon","coordinates":[[[-58.556294,-34.368898],[-58.556228,-34.369216],[-58.556421,-34.369243],[-58.556486,-34.368926],[-58.556294,-34.368898]]]}},{"type":"Feature","properties":{"partida":"357000494","cca":"357000100000000000000067300A00000000009000","tipo":"Urbano","sup_m2":643.6},"geometry":{"type":"Polygon","coordinates":[[[-58.556679,-34.368953],[-58.556486,-34.368926],[-58.556421,-34.369243],[-58.556613,-34.369271],[-58.556679,-34.368953]]]}},{"type":"Feature","properties":{"partida":"357000495","cca":"357000100000000000000067300A00000000010000","tipo":"Urbano","sup_m2":643.6},"geometry":{"type":"Polygon","coordinates":[[[-58.556679,-34.368953],[-58.556613,-34.369271],[-58.556806,-34.369298],[-58.556872,-34.368981],[-58.556679,-34.368953]]]}},{"type":"Feature","properties":{"partida":"357000496","cca":"357000100000000000000067300A00000000011000","tipo":"Urbano","sup_m2":643.4},"geometry":{"type":"Polygon","coordinates":[[[-58.556999,-34.369326],[-58.557065,-34.369008],[-58.556872,-34.368981],[-58.556806,-34.369298],[-58.556999,-34.369326]]]}},{"type":"Feature","properties":{"partida":"357000500","cca":"357000100000000000000067300A00000000015000","tipo":"Urbano","sup_m2":643.7},"geometry":{"type":"Polygon","coordinates":[[[-58.557065,-34.369008],[-58.557131,-34.368691],[-58.556938,-34.368663],[-58.556872,-34.368981],[-58.557065,-34.369008]]]}},{"type":"Feature","properties":{"partida":"357000501","cca":"357000100000000000000067300A00000000016000","tipo":"Urbano","sup_m2":643.4},"geometry":{"type":"Polygon","coordinates":[[[-58.556679,-34.368953],[-58.556872,-34.368981],[-58.556938,-34.368663],[-58.556745,-34.368636],[-58.556679,-34.368953]]]}},{"type":"Feature","properties":{"partida":"357000502","cca":"357000100000000000000067300A00000000017000","tipo":"Urbano","sup_m2":643.4},"geometry":{"type":"Polygon","coordinates":[[[-58.556679,-34.368953],[-58.556745,-34.368636],[-58.556552,-34.368608],[-58.556486,-34.368926],[-58.556679,-34.368953]]]}},{"type":"Feature","properties":{"partida":"357000503","cca":"357000100000000000000067300A00000000018000","tipo":"Urbano","sup_m2":643.4},"geometry":{"type":"Polygon","coordinates":[[[-58.556486,-34.368926],[-58.556552,-34.368608],[-58.55636,-34.368581],[-58.556294,-34.368898],[-58.556486,-34.368926]]]}},{"type":"Feature","properties":{"partida":"357000504","cca":"357000100000000000000067300A00000000019000","tipo":"Urbano","sup_m2":643.4},"geometry":{"type":"Polygon","coordinates":[[[-58.55636,-34.368581],[-58.556167,-34.368553],[-58.556101,-34.368871],[-58.556294,-34.368898],[-58.55636,-34.368581]]]}},{"type":"Feature","properties":{"partida":"357015054","cca":"357000100000000000000067300A00000000020000","tipo":"Urbano","sup_m2":643.4},"geometry":{"type":"Polygon","coordinates":[[[-58.555974,-34.368526],[-58.555908,-34.368843],[-58.556101,-34.368871],[-58.556167,-34.368553],[-58.555974,-34.368526]]]}},{"type":"Feature","properties":{"partida":"357000505","cca":"357000100000000000000067300A00000000021000","tipo":"Urbano","sup_m2":643.6},"geometry":{"type":"Polygon","coordinates":[[[-58.555974,-34.368526],[-58.555781,-34.368498],[-58.555715,-34.368816],[-58.555908,-34.368843],[-58.555974,-34.368526]]]}},{"type":"Feature","properties":{"partida":"357000506","cca":"357000100000000000000067300A00000000022000","tipo":"Urbano","sup_m2":643.7},"geometry":{"type":"Polygon","coordinates":[[[-58.555588,-34.368471],[-58.555522,-34.368788],[-58.555715,-34.368816],[-58.555781,-34.368498],[-58.555588,-34.368471]]]}},{"type":"Feature","properties":{"partida":"357000507","cca":"357000100000000000000067300A00000000023000","tipo":"Urbano","sup_m2":822.2},"geometry":{"type":"Polygon","coordinates":[[[-58.555276,-34.368753],[-58.555522,-34.368788],[-58.555588,-34.368471],[-58.555342,-34.368435],[-58.555276,-34.368753]]]}},{"type":"Feature","properties":{"partida":"357000508","cca":"357000100000000000000067300B00000000001000","tipo":"Urbano","sup_m2":979.4},"geometry":{"type":"Polygon","coordinates":[[[-58.555438,-34.369194],[-58.555137,-34.369152],[-58.555194,-34.369574],[-58.555354,-34.369601],[-58.555438,-34.369194]]]}},{"type":"Feature","properties":{"partida":"357000514","cca":"357000100000000000000067300B00000000007000","tipo":"Urbano","sup_m2":901.7},"geometry":{"type":"Polygon","coordinates":[[[-58.556981,-34.369414],[-58.556889,-34.369857],[-58.557081,-34.369889],[-58.557173,-34.369442],[-58.556981,-34.369414]]]}},{"type":"Feature","properties":{"partida":"357000515","cca":"357000100000000000000067300B00000000008000","tipo":"Urbano","sup_m2":892.2},"geometry":{"type":"Polygon","coordinates":[[[-58.556788,-34.369387],[-58.556697,-34.369825],[-58.556889,-34.369857],[-58.556981,-34.369414],[-58.556788,-34.369387]]]}},{"type":"Feature","properties":{"partida":"357000516","cca":"357000100000000000000067300B00000000009000","tipo":"Urbano","sup_m2":883.1},"geometry":{"type":"Polygon","coordinates":[[[-58.556505,-34.369793],[-58.556697,-34.369825],[-58.556788,-34.369387],[-58.556595,-34.369359],[-58.556505,-34.369793]]]}},{"type":"Feature","properties":{"partida":"357000517","cca":"357000100000000000000067300B00000000010000","tipo":"Urbano","sup_m2":873.9},"geometry":{"type":"Polygon","coordinates":[[[-58.556313,-34.369761],[-58.556505,-34.369793],[-58.556595,-34.369359],[-58.556402,-34.369332],[-58.556313,-34.369761]]]}},{"type":"Feature","properties":{"partida":"357000518","cca":"357000100000000000000067300B00000000011000","tipo":"Urbano","sup_m2":864.7},"geometry":{"type":"Polygon","coordinates":[[[-58.556121,-34.369729],[-58.556313,-34.369761],[-58.556402,-34.369332],[-58.556209,-34.369305],[-58.556121,-34.369729]]]}},{"type":"Feature","properties":{"partida":"357015055","cca":"357000100000000000000067300B00000000012000","tipo":"Urbano","sup_m2":855.6},"geometry":{"type":"Polygon","coordinates":[[[-58.555929,-34.369697],[-58.556121,-34.369729],[-58.556209,-34.369305],[-58.556017,-34.369277],[-58.555929,-34.369697]]]}},{"type":"Feature","properties":{"partida":"357015056","cca":"357000100000000000000067300B00000000013000","tipo":"Urbano","sup_m2":846.6},"geometry":{"type":"Polygon","coordinates":[[[-58.555737,-34.369665],[-58.555929,-34.369697],[-58.556017,-34.369277],[-58.555824,-34.36925],[-58.555737,-34.369665]]]}},{"type":"Feature","properties":{"partida":"357015057","cca":"357000100000000000000067300B00000000014000","tipo":"Urbano","sup_m2":837.5},"geometry":{"type":"Polygon","coordinates":[[[-58.555546,-34.369633],[-58.555737,-34.369665],[-58.555824,-34.36925],[-58.555631,-34.369222],[-58.555546,-34.369633]]]}},{"type":"Feature","properties":{"partida":"357015058","cca":"357000100000000000000067300B00000000015000","tipo":"Urbano","sup_m2":828.1},"geometry":{"type":"Polygon","coordinates":[[[-58.555354,-34.369601],[-58.555546,-34.369633],[-58.555631,-34.369222],[-58.555438,-34.369194],[-58.555354,-34.369601]]]}},{"type":"Feature","properties":{"partida":"357015080","cca":"357000100000000000000067300F00000000002000","tipo":"Urbano","sup_m2":22954.3},"geometry":{"type":"Polygon","coordinates":[[[-58.555059,-34.369938],[-58.554925,-34.369927],[-58.554887,-34.369919],[-58.554949,-34.370467],[-58.558995,-34.370916],[-58.559107,-34.370387],[-58.557974,-34.370255],[-58.555059,-34.369938]]]}},{"type":"Feature","properties":{"partida":"357015052","cca":"357000100000000000000067300F0000000000400A","tipo":"Rural","sup_m2":20455.9},"geometry":{"type":"Polygon","coordinates":[[[-58.555314,-34.370889],[-58.554982,-34.370788],[-58.555004,-34.371096],[-58.555064,-34.371544],[-58.558621,-34.372299],[-58.558661,-34.372143],[-58.558748,-34.371871],[-58.558503,-34.371809],[-58.558127,-34.371675],[-58.557234,-34.371476],[-58.556328,-34.371245],[-58.555838,-34.371151],[-58.55524,-34.371042],[-58.555314,-34.370889]]]}},{"type":"Feature","properties":{"partida":null,"cca":"357000100000000000000067300F0000000000500A","tipo":null,"sup_m2":16333.6},"geometry":{"type":"Polygon","coordinates":[[[-58.55852,-34.372741],[-58.558548,-34.372581],[-58.558621,-34.372299],[-58.555064,-34.371544],[-58.555116,-34.372012],[-58.55852,-34.372741]]]}},{"type":"Feature","properties":{"partida":null,"cca":"357000100000000000000067300F0000000000600A","tipo":null,"sup_m2":24094.5},"geometry":{"type":"Polygon","coordinates":[[[-58.555116,-34.372012],[-58.555195,-34.372846],[-58.55842,-34.373328],[-58.55852,-34.372741],[-58.555116,-34.372012]]]}},{"type":"Feature","properties":{"partida":null,"cca":"357000100000000000000067300F0000000000600B","tipo":null,"sup_m2":6895.6},"geometry":{"type":"Polygon","coordinates":[[[-58.55842,-34.373328],[-58.555195,-34.372846],[-58.555219,-34.373089],[-58.558394,-34.373507],[-58.55842,-34.373328]]]}},{"type":"Feature","properties":{"partida":"357015086","cca":"357000100000000000000067300F0000000000700E","tipo":"Urbano","sup_m2":4940.7},"geometry":{"type":"Polygon","coordinates":[[[-58.558304,-34.373904],[-58.555759,-34.37316],[-58.55824,-34.374267],[-58.558265,-34.37417],[-58.55826,-34.374057],[-58.558294,-34.37398],[-58.558304,-34.373904]]]}},{"type":"Feature","properties":{"partida":"357015091","cca":"357000100000000000000067300F00000000011000","tipo":"Urbano","sup_m2":1772.2},"geometry":{"type":"Polygon","coordinates":[[[-58.557564,-34.375412],[-58.556722,-34.374916],[-58.556602,-34.375017],[-58.557349,-34.375544],[-58.557349,-34.375518],[-58.557312,-34.375472],[-58.557356,-34.375421],[-58.557402,-34.375483],[-58.557424,-34.3755],[-58.557445,-34.375502],[-58.55747,-34.375478],[-58.557506,-34.375458],[-58.557564,-34.375412]]]}},{"type":"Feature","properties":{"partida":"357015092","cca":"357000100000000000000067300F00000000012000","tipo":"Urbano","sup_m2":1577.3},"geometry":{"type":"Polygon","coordinates":[[[-58.557349,-34.375544],[-58.556602,-34.375017],[-58.556498,-34.375106],[-58.557145,-34.375662],[-58.557264,-34.375583],[-58.557319,-34.375563],[-58.557349,-34.375544]]]}},{"type":"Feature","properties":{"partida":"357015093","cca":"357000100000000000000067300F00000000013000","tipo":"Urbano","sup_m2":1445.9},"geometry":{"type":"Polygon","coordinates":[[[-58.556985,-34.374701],[-58.556808,-34.374555],[-58.556323,-34.374961],[-58.556498,-34.375106],[-58.556722,-34.374916],[-58.556985,-34.374701]]]}},{"type":"Feature","properties":{"partida":"357015094","cca":"357000100000000000000067300F00000000014000","tipo":"Urbano","sup_m2":1429.0},"geometry":{"type":"Polygon","coordinates":[[[-58.556808,-34.374555],[-58.556638,-34.374408],[-58.556155,-34.374812],[-58.556323,-34.374961],[-58.556808,-34.374555]]]}},{"type":"Feature","properties":{"partida":"357015095","cca":"357000100000000000000067300F00000000015000","tipo":"Urbano","sup_m2":1428.2},"geometry":{"type":"Polygon","coordinates":[[[-58.556638,-34.374408],[-58.556468,-34.374261],[-58.555983,-34.374666],[-58.556155,-34.374812],[-58.556638,-34.374408]]]}},{"type":"Feature","properties":{"partida":"357015096","cca":"357000100000000000000067300F00000000016000","tipo":"Urbano","sup_m2":1361.8},"geometry":{"type":"Polygon","coordinates":[[[-58.556468,-34.374261],[-58.556301,-34.374121],[-58.555829,-34.374516],[-58.555983,-34.374666],[-58.556468,-34.374261]]]}},{"type":"Feature","properties":{"partida":"357015097","cca":"357000100000000000000067300F00000000017000","tipo":"Urbano","sup_m2":1353.2},"geometry":{"type":"Polygon","coordinates":[[[-58.556301,-34.374121],[-58.556128,-34.373979],[-58.555674,-34.374361],[-58.555829,-34.374516],[-58.556301,-34.374121]]]}},{"type":"Feature","properties":{"partida":"357015098","cca":"357000100000000000000067300F00000000018000","tipo":"Urbano","sup_m2":1340.8},"geometry":{"type":"Polygon","coordinates":[[[-58.555952,-34.373835],[-58.55551,-34.374204],[-58.555674,-34.374361],[-58.556128,-34.373979],[-58.555952,-34.373835]]]}},{"type":"Feature","properties":{"partida":"357015099","cca":"357000100000000000000067300F00000000019000","tipo":"Urbano","sup_m2":7217.1},"geometry":{"type":"Polygon","coordinates":[[[-58.555425,-34.374125],[-58.55551,-34.374204],[-58.556322,-34.373528],[-58.555759,-34.37316],[-58.555219,-34.373089],[-58.555281,-34.374091],[-58.555332,-34.374037],[-58.55538,-34.37408],[-58.555388,-34.374044],[-58.555414,-34.373988],[-58.555437,-34.373957],[-58.555517,-34.373869],[-58.555578,-34.373811],[-58.555681,-34.373727],[-58.555864,-34.373588],[-58.555896,-34.373586],[-58.555796,-34.373667],[-58.55573,-34.373713],[-58.555544,-34.373899],[-58.555499,-34.373956],[-58.555457,-34.374023],[-58.555424,-34.374096],[-58.555425,-34.374125]]]}},{"type":"Feature","properties":{"partida":"357015100","cca":"357000100000000000000067300F0000000002000A","tipo":"Urbano","sup_m2":701.4},"geometry":{"type":"Polygon","coordinates":[[[-58.557044,-34.375722],[-58.556709,-34.375433],[-58.55658,-34.375511],[-58.556906,-34.375817],[-58.556991,-34.375765],[-58.557044,-34.375722]]]}},{"type":"Feature","properties":{"partida":"357015101","cca":"357000100000000000000067300F0000000002000B","tipo":"Urbano","sup_m2":602.7},"geometry":{"type":"Polygon","coordinates":[[[-58.556709,-34.375433],[-58.556368,-34.37514],[-58.556261,-34.375205],[-58.55658,-34.375511],[-58.556709,-34.375433]]]}},{"type":"Feature","properties":{"partida":"357015102","cca":"357000100000000000000067300F00000000021000","tipo":"Urbano","sup_m2":1363.9},"geometry":{"type":"Polygon","coordinates":[[[-58.556906,-34.375817],[-58.55658,-34.375511],[-58.556261,-34.375205],[-58.556142,-34.375274],[-58.556757,-34.375911],[-58.556906,-34.375817]]]}},{"type":"Feature","properties":{"partida":"357015103","cca":"357000100000000000000067300F00000000022000","tipo":"Urbano","sup_m2":1322.9},"geometry":{"type":"Polygon","coordinates":[[[-58.556757,-34.375911],[-58.556142,-34.375274],[-58.556028,-34.37534],[-58.556602,-34.375991],[-58.556757,-34.375911]]]}},{"type":"Feature","properties":{"partida":"357015104","cca":"357000100000000000000067300F00000000023000","tipo":"Urbano","sup_m2":1403.8},"geometry":{"type":"Polygon","coordinates":[[[-58.556602,-34.375991],[-58.556028,-34.37534],[-58.555894,-34.375421],[-58.556457,-34.376073],[-58.556602,-34.375991]]]}},{"type":"Feature","properties":{"partida":"357015105","cca":"357000100000000000000067300F00000000024000","tipo":"Urbano","sup_m2":1489.2},"geometry":{"type":"Polygon","coordinates":[[[-58.556368,-34.37514],[-58.556145,-34.374948],[-58.555719,-34.375202],[-58.555894,-34.375421],[-58.556368,-34.37514]]]}},{"type":"Feature","properties":{"partida":"357015106","cca":"357000100000000000000067300F00000000025000","tipo":"Urbano","sup_m2":1343.6},"geometry":{"type":"Polygon","coordinates":[[[-58.556145,-34.374948],[-58.555931,-34.374756],[-58.555533,-34.374992],[-58.555719,-34.375202],[-58.556145,-34.374948]]]}},{"type":"Feature","properties":{"partida":"357015107","cca":"357000100000000000000067300F00000000026000","tipo":"Urbano","sup_m2":1218.0},"geometry":{"type":"Polygon","coordinates":[[[-58.555931,-34.374756],[-58.555716,-34.374572],[-58.555356,-34.374774],[-58.555533,-34.374992],[-58.555931,-34.374756]]]}},{"type":"Feature","properties":{"partida":"357015108","cca":"357000100000000000000067300F00000000027000","tipo":"Urbano","sup_m2":1523.7},"geometry":{"type":"Polygon","coordinates":[[[-58.55574,-34.374558],[-58.555281,-34.374091],[-58.555324,-34.374749],[-58.555356,-34.374774],[-58.55574,-34.374558]]]}},{"type":"Feature","properties":{"partida":"357015112","cca":"357000100000000000000067400000000000001000","tipo":"Urbano","sup_m2":5965.3},"geometry":{"type":"Polygon","coordinates":[[[-58.554901,-34.370047],[-58.553183,-34.371543],[-58.553435,-34.371692],[-58.554938,-34.370371],[-58.554901,-34.370047]]]}},{"type":"Feature","properties":{"partida":"357015113","cca":"357000100000000000000067400000000000002000","tipo":"Urbano","sup_m2":8448.4},"geometry":{"type":"Polygon","coordinates":[[[-58.555172,-34.369407],[-58.552854,-34.371417],[-58.553071,-34.371476],[-58.553183,-34.371543],[-58.554901,-34.370047],[-58.554887,-34.369919],[-58.555194,-34.369574],[-58.555172,-34.369407]]]}},{"type":"Feature","properties":{"partida":"357015114","cca":"357000100000000000000067400000000000003000","tipo":"Urbano","sup_m2":7617.5},"geometry":{"type":"Polygon","coordinates":[[[-58.555134,-34.369129],[-58.552589,-34.371344],[-58.552854,-34.371417],[-58.555172,-34.369407],[-58.555134,-34.369129]]]}},{"type":"Feature","properties":{"partida":"357015115","cca":"357000100000000000000067400000000000004000","tipo":"Urbano","sup_m2":8774.3},"geometry":{"type":"Polygon","coordinates":[[[-58.555095,-34.36884],[-58.55232,-34.371255],[-58.552494,-34.371318],[-58.552589,-34.371344],[-58.555134,-34.369129],[-58.555095,-34.36884]]]}},{"type":"Feature","properties":{"partida":"357015116","cca":"357000100000000000000067400000000000005000","tipo":"Urbano","sup_m2":9488.6},"geometry":{"type":"Polygon","coordinates":[[[-58.555056,-34.368552],[-58.552059,-34.37116],[-58.55232,-34.371255],[-58.555095,-34.36884],[-58.555056,-34.368552]]]}},{"type":"Feature","properties":{"partida":"357015117","cca":"357000100000000000000067400000000000006000","tipo":"Urbano","sup_m2":10676.2},"geometry":{"type":"Polygon","coordinates":[[[-58.554935,-34.368335],[-58.551773,-34.371056],[-58.552059,-34.37116],[-58.555056,-34.368552],[-58.555028,-34.368349],[-58.554935,-34.368335]]]}},{"type":"Feature","properties":{"partida":"357015118","cca":"357000100000000000000067400000000000007000","tipo":"Urbano","sup_m2":11870.8},"geometry":{"type":"Polygon","coordinates":[[[-58.554548,-34.368278],[-58.55154,-34.370902],[-58.551524,-34.370966],[-58.551773,-34.371056],[-58.554935,-34.368335],[-58.554548,-34.368278]]]}},{"type":"Feature","properties":{"partida":"357015119","cca":"357000100000000000000067400000000000008000","tipo":"Urbano","sup_m2":22939.6},"geometry":{"type":"Polygon","coordinates":[[[-58.554548,-34.368278],[-58.553335,-34.368101],[-58.551712,-34.3702],[-58.55154,-34.370902],[-58.554548,-34.368278]]]}},{"type":"Feature","properties":{"partida":"357015120","cca":"357000100000000000000067400000000000009000","tipo":"Urbano","sup_m2":24422.1},"geometry":{"type":"Polygon","coordinates":[[[-58.553335,-34.368101],[-58.551196,-34.367788],[-58.551226,-34.368144],[-58.551792,-34.369873],[-58.551712,-34.3702],[-58.553335,-34.368101]]]}},{"type":"Feature","properties":{"partida":"357015121","cca":"357000100000000000000067400000000000010000","tipo":"Urbano","sup_m2":6205.3},"geometry":{"type":"Polygon","coordinates":[[[-58.554938,-34.370371],[-58.553435,-34.371692],[-58.553454,-34.371704],[-58.553429,-34.37183],[-58.554996,-34.370988],[-58.554982,-34.370788],[-58.554938,-34.370371]]]}},{"type":"Feature","properties":{"partida":"357015122","cca":"357000100000000000000067400000000000011000","tipo":"Urbano","sup_m2":6502.6},"geometry":{"type":"Polygon","coordinates":[[[-58.554996,-34.370988],[-58.553429,-34.37183],[-58.553402,-34.371965],[-58.555073,-34.371623],[-58.555004,-34.371096],[-58.554996,-34.370988]]]}},{"type":"Feature","properties":{"partida":"357015123","cca":"35700010000000000000006740000000000001200A","tipo":"Urbano","sup_m2":3423.5},"geometry":{"type":"Polygon","coordinates":[[[-58.555073,-34.371623],[-58.553402,-34.371965],[-58.553384,-34.372061],[-58.553761,-34.371994],[-58.554093,-34.372039],[-58.55429,-34.372007],[-58.554291,-34.372023],[-58.555102,-34.371889],[-58.555073,-34.371623]]]}},{"type":"Feature","properties":{"partida":"357015124","cca":"35700010000000000000006740000000000001300A","tipo":"Urbano","sup_m2":718.5},"geometry":{"type":"Polygon","coordinates":[[[-58.554291,-34.372023],[-58.55429,-34.372007],[-58.554093,-34.372039],[-58.553761,-34.371994],[-58.553384,-34.372061],[-58.553361,-34.372178],[-58.554291,-34.372023]]]}},{"type":"Feature","properties":{"partida":"357015125","cca":"357000100000000000000067400000000000014000","tipo":"Urbano","sup_m2":2151.8},"geometry":{"type":"Polygon","coordinates":[[[-58.555102,-34.371889],[-58.553361,-34.372178],[-58.553337,-34.3723],[-58.555115,-34.372007],[-58.555102,-34.371889]]]}},{"type":"Feature","properties":{"partida":"357015126","cca":"357000100000000000000067400000000000015000","tipo":"Urbano","sup_m2":2901.3},"geometry":{"type":"Polygon","coordinates":[[[-58.555115,-34.372007],[-58.553337,-34.3723],[-58.55333,-34.372334],[-58.553272,-34.372472],[-58.555129,-34.372157],[-58.555115,-34.372007]]]}},{"type":"Feature","properties":{"partida":"357001316","cca":"357000100000000000000067400000000000016000","tipo":"Urbano","sup_m2":2045.8},"geometry":{"type":"Polygon","coordinates":[[[-58.555129,-34.372157],[-58.553272,-34.372472],[-58.553227,-34.372581],[-58.55514,-34.372267],[-58.555129,-34.372157]]]}},{"type":"Feature","properties":{"partida":"357015127","cca":"357000100000000000000067400000000000017000","tipo":"Urbano","sup_m2":2154.7},"geometry":{"type":"Polygon","coordinates":[[[-58.55514,-34.372267],[-58.553227,-34.372581],[-58.553179,-34.372695],[-58.55515,-34.372376],[-58.55514,-34.372267]]]}},{"type":"Feature","properties":{"partida":"357015128","cca":"357000100000000000000067400000000000018000","tipo":"Urbano","sup_m2":2434.9},"geometry":{"type":"Polygon","coordinates":[[[-58.55515,-34.372376],[-58.553179,-34.372695],[-58.553121,-34.372834],[-58.555161,-34.372483],[-58.55515,-34.372376]]]}},{"type":"Feature","properties":{"partida":"357015129","cca":"357000100000000000000067400000000000019000","tipo":"Urbano","sup_m2":2985.4},"geometry":{"type":"Polygon","coordinates":[[[-58.555161,-34.372483],[-58.553121,-34.372834],[-58.553056,-34.372987],[-58.555174,-34.37262],[-58.555161,-34.372483]]]}},{"type":"Feature","properties":{"partida":"357015130","cca":"357000100000000000000067400000000000020000","tipo":"Urbano","sup_m2":1831.4},"geometry":{"type":"Polygon","coordinates":[[[-58.555174,-34.37262],[-58.553056,-34.372989],[-58.553022,-34.373045],[-58.555185,-34.372736],[-58.555174,-34.37262]]]}},{"type":"Feature","properties":{"partida":"357015131","cca":"357000100000000000000067400000000000021000","tipo":"Urbano","sup_m2":3527.6},"geometry":{"type":"Polygon","coordinates":[[[-58.555185,-34.372736],[-58.553022,-34.373045],[-58.552897,-34.373255],[-58.555196,-34.372854],[-58.555185,-34.372736]]]}},{"type":"Feature","properties":{"partida":"357015132","cca":"357000100000000000000067400000000000022000","tipo":"Urbano","sup_m2":2518.1},"geometry":{"type":"Polygon","coordinates":[[[-58.555196,-34.372854],[-58.552897,-34.373255],[-58.552829,-34.373367],[-58.555207,-34.372962],[-58.555196,-34.372854]]]}},{"type":"Feature","properties":{"partida":"357015133","cca":"357000100000000000000067400000000000023000","tipo":"Urbano","sup_m2":3981.9},"geometry":{"type":"Polygon","coordinates":[[[-58.555207,-34.372962],[-58.552829,-34.373367],[-58.552807,-34.373405],[-58.552514,-34.373575],[-58.55522,-34.373115],[-58.555207,-34.372962]]]}},{"type":"Feature","properties":{"partida":"357015134","cca":"357000100000000000000067400000000000024000","tipo":"Urbano","sup_m2":5783.7},"geometry":{"type":"Polygon","coordinates":[[[-58.55522,-34.373115],[-58.552514,-34.373575],[-58.552633,-34.373748],[-58.555235,-34.373348],[-58.55522,-34.373115]]]}},{"type":"Feature","properties":{"partida":"357015135","cca":"357000100000000000000067400000000000025000","tipo":"Urbano","sup_m2":6884.4},"geometry":{"type":"Polygon","coordinates":[[[-58.555235,-34.373348],[-58.552633,-34.373748],[-58.552833,-34.37404],[-58.555248,-34.373556],[-58.555235,-34.373348]]]}},{"type":"Feature","properties":{"partida":"357015136","cca":"357000100000000000000067400000000000026000","tipo":"Urbano","sup_m2":4053.7},"geometry":{"type":"Polygon","coordinates":[[[-58.555248,-34.373556],[-58.552833,-34.37404],[-58.552996,-34.37418],[-58.555258,-34.37372],[-58.555248,-34.373556]]]}},{"type":"Feature","properties":{"partida":"357015137","cca":"357000100000000000000067400000000000027000","tipo":"Urbano","sup_m2":3901.6},"geometry":{"type":"Polygon","coordinates":[[[-58.555258,-34.37372],[-58.552996,-34.37418],[-58.553161,-34.374324],[-58.555269,-34.37389],[-58.555258,-34.37372]]]}},{"type":"Feature","properties":{"partida":null,"cca":"357000100000000000000067400000000000028000","tipo":null,"sup_m2":3497.5},"geometry":{"type":"Polygon","coordinates":[[[-58.555269,-34.37389],[-58.553161,-34.374324],[-58.553313,-34.374455],[-58.555279,-34.374063],[-58.555269,-34.37389]]]}},{"type":"Feature","properties":{"partida":"357015139","cca":"357000100000000000000067400000000000029000","tipo":"Urbano","sup_m2":3706.4},"geometry":{"type":"Polygon","coordinates":[[[-58.555279,-34.374063],[-58.553313,-34.374455],[-58.55349,-34.374609],[-58.555292,-34.374257],[-58.555279,-34.374063]]]}},{"type":"Feature","properties":{"partida":"357015140","cca":"357000100000000000000067400000000000030000","tipo":"Urbano","sup_m2":2320.3},"geometry":{"type":"Polygon","coordinates":[[[-58.555292,-34.374257],[-58.55349,-34.374609],[-58.553587,-34.374693],[-58.553596,-34.374716],[-58.555301,-34.374387],[-58.555292,-34.374257]]]}},{"type":"Feature","properties":{"partida":"357015141","cca":"357000100000000000000067400000000000031000","tipo":"Urbano","sup_m2":1165.5},"geometry":{"type":"Polygon","coordinates":[[[-58.555301,-34.374387],[-58.553596,-34.374716],[-58.553624,-34.374785],[-58.555304,-34.374447],[-58.555301,-34.374387]]]}},{"type":"Feature","properties":{"partida":"357015142","cca":"357000100000000000000067400000000000032000","tipo":"Urbano","sup_m2":2437.8},"geometry":{"type":"Polygon","coordinates":[[[-58.555304,-34.374447],[-58.553624,-34.374785],[-58.553682,-34.374929],[-58.555313,-34.374578],[-58.555304,-34.374447]]]}},{"type":"Feature","properties":{"partida":"357015143","cca":"357000100000000000000067400000000000033000","tipo":"Urbano","sup_m2":2708.6},"geometry":{"type":"Polygon","coordinates":[[[-58.555322,-34.374713],[-58.555313,-34.374578],[-58.553682,-34.374929],[-58.553753,-34.375107],[-58.555322,-34.374713]]]}},{"type":"Feature","properties":{"partida":"357015144","cca":"357000100000000000000067400000000000034000","tipo":"Urbano","sup_m2":2565.2},"geometry":{"type":"Polygon","coordinates":[[[-58.555322,-34.374713],[-58.553753,-34.375107],[-58.553821,-34.375278],[-58.55533,-34.374848],[-58.555322,-34.374713]]]}},{"type":"Feature","properties":{"partida":"357015145","cca":"357000100000000000000067400000000000035000","tipo":"Urbano","sup_m2":2486.1},"geometry":{"type":"Polygon","coordinates":[[[-58.55533,-34.374848],[-58.553821,-34.375278],[-58.553863,-34.375382],[-58.553895,-34.375448],[-58.555338,-34.374983],[-58.55533,-34.374848]]]}},{"type":"Feature","properties":{"partida":"357015146","cca":"357000100000000000000067400000000000036000","tipo":"Urbano","sup_m2":2394.3},"geometry":{"type":"Polygon","coordinates":[[[-58.555338,-34.374983],[-58.553895,-34.375448],[-58.553977,-34.375616],[-58.555346,-34.375118],[-58.555338,-34.374983]]]}},{"type":"Feature","properties":{"partida":"357015147","cca":"357000100000000000000067400000000000037000","tipo":"Urbano","sup_m2":2295.3},"geometry":{"type":"Polygon","coordinates":[[[-58.555346,-34.375118],[-58.553977,-34.375616],[-58.554059,-34.375784],[-58.555354,-34.375253],[-58.555346,-34.375118]]]}},{"type":"Feature","properties":{"partida":"357015148","cca":"357000100000000000000067400000000000038000","tipo":"Urbano","sup_m2":2195.7},"geometry":{"type":"Polygon","coordinates":[[[-58.555354,-34.375253],[-58.554059,-34.375784],[-58.554141,-34.375952],[-58.555362,-34.375388],[-58.555354,-34.375253]]]}},{"type":"Feature","properties":{"partida":"357015149","cca":"357000100000000000000067400000000000039000","tipo":"Urbano","sup_m2":2014.0},"geometry":{"type":"Polygon","coordinates":[[[-58.555362,-34.375388],[-58.554141,-34.375952],[-58.554178,-34.376027],[-58.554146,-34.376138],[-58.55537,-34.375523],[-58.555362,-34.375388]]]}},{"type":"Feature","properties":{"partida":"357015150","cca":"357000100000000000000067400000000000040000","tipo":"Urbano","sup_m2":1606.3},"geometry":{"type":"Polygon","coordinates":[[[-58.554895,-34.375762],[-58.554146,-34.376138],[-58.554079,-34.376368],[-58.55463,-34.376094],[-58.554907,-34.375961],[-58.554895,-34.375762]]]}},{"type":"Feature","properties":{"partida":"357015153","cca":"357000100000000000000067400000000000042000","tipo":"Urbano","sup_m2":1249.1},"geometry":{"type":"Polygon","coordinates":[[[-58.55537,-34.375523],[-58.555262,-34.375582],[-58.555326,-34.376678],[-58.555434,-34.376614],[-58.55537,-34.375523]]]}},{"type":"Feature","properties":{"partida":"357015154","cca":"357000100000000000000067400000000000043000","tipo":"Urbano","sup_m2":1398.8},"geometry":{"type":"Polygon","coordinates":[[[-58.555262,-34.375582],[-58.555141,-34.375638],[-58.555206,-34.37675],[-58.555326,-34.376678],[-58.555262,-34.375582]]]}},{"type":"Feature","properties":{"partida":"357015155","cca":"357000100000000000000067400000000000044000","tipo":"Urbano","sup_m2":1415.7},"geometry":{"type":"Polygon","coordinates":[[[-58.555141,-34.375638],[-58.555021,-34.375699],[-58.555086,-34.376821],[-58.555206,-34.37675],[-58.555141,-34.375638]]]}},{"type":"Feature","properties":{"partida":"357015156","cca":"35700010000000000000006740000000000004500A","tipo":"Urbano","sup_m2":1483.8},"geometry":{"type":"Polygon","coordinates":[[[-58.555021,-34.375699],[-58.554895,-34.375762],[-58.554961,-34.376895],[-58.555086,-34.376821],[-58.555021,-34.375699]]]}},{"type":"Feature","properties":{"partida":null,"cca":"357000100000000000000067400000000000046000","tipo":null,"sup_m2":1764.9},"geometry":{"type":"Polygon","coordinates":[[[-58.554907,-34.375961],[-58.55463,-34.376094],[-58.554881,-34.376943],[-58.554961,-34.376895],[-58.554907,-34.375961]]]}},{"type":"Feature","properties":{"partida":"357015157","cca":"357000100000000000000067400000000000047000","tipo":"Urbano","sup_m2":1939.5},"geometry":{"type":"Polygon","coordinates":[[[-58.55463,-34.376094],[-58.554325,-34.376246],[-58.554757,-34.376937],[-58.554881,-34.376943],[-58.55463,-34.376094]]]}},{"type":"Feature","properties":{"partida":"357015158","cca":"357000100000000000000067400000000000048000","tipo":"Urbano","sup_m2":799.4},"geometry":{"type":"Polygon","coordinates":[[[-58.554325,-34.376246],[-58.554253,-34.376283],[-58.55467,-34.377003],[-58.554757,-34.376937],[-58.554325,-34.376246]]]}},{"type":"Feature","properties":{"partida":"357015159","cca":"357000100000000000000067400000000000049000","tipo":"Urbano","sup_m2":2558.3},"geometry":{"type":"Polygon","coordinates":[[[-58.554253,-34.376283],[-58.554079,-34.376368],[-58.554041,-34.376499],[-58.554427,-34.377188],[-58.55467,-34.377003],[-58.554253,-34.376283]]]}},{"type":"Feature","properties":{"partida":"357015160","cca":"357000100000000000000067400000000000050000","tipo":"Urbano","sup_m2":777.0},"geometry":{"type":"Polygon","coordinates":[[[-58.554427,-34.377188],[-58.554041,-34.376499],[-58.554001,-34.376637],[-58.55434,-34.377243],[-58.554427,-34.377188]]]}},{"type":"Feature","properties":{"partida":"357015161","cca":"357000100000000000000067400000000000051000","tipo":"Urbano","sup_m2":489.0},"geometry":{"type":"Polygon","coordinates":[[[-58.554001,-34.376637],[-58.553972,-34.376735],[-58.554278,-34.377281],[-58.55434,-34.377243],[-58.554001,-34.376637]]]}},{"type":"Feature","properties":{"partida":"357015162","cca":"357000100000000000000067400000000000052000","tipo":"Urbano","sup_m2":1300.4},"geometry":{"type":"Polygon","coordinates":[[[-58.554278,-34.377281],[-58.553972,-34.376735],[-58.553872,-34.37708],[-58.553968,-34.377284],[-58.554112,-34.377382],[-58.554278,-34.377281]]]}},{"type":"Feature","properties":{"partida":"357015163","cca":"357000100000000000000067500000000000001000","tipo":"Rural","sup_m2":136363.2},"geometry":{"type":"Polygon","coordinates":[[[-58.551304,-34.37443],[-58.551593,-34.373955],[-58.552423,-34.373503],[-58.552527,-34.373329],[-58.552643,-34.373124],[-58.55333,-34.372334],[-58.553454,-34.371704],[-58.553071,-34.371476],[-58.552494,-34.371318],[-58.551524,-34.370966],[-58.550292,-34.371839],[-58.548662,-34.372059],[-58.549183,-34.375826],[-58.549983,-34.375716],[-58.550348,-34.375625],[-58.55073,-34.375451],[-58.550829,-34.375245],[-58.55088,-34.37515],[-58.550931,-34.375028],[-58.551036,-34.374687],[-58.551072,-34.374537],[-58.551304,-34.37443]]]}},{"type":"Feature","properties":{"partida":"357015164","cca":"35700010000000000000006750000000000000200A","tipo":"Rural","sup_m2":442227.3},"geometry":{"type":"Polygon","coordinates":[[[-58.543778,-34.379223],[-58.544149,-34.379318],[-58.54433,-34.379387],[-58.544817,-34.379669],[-58.545008,-34.380001],[-58.54524,-34.380133],[-58.545751,-34.380323],[-58.546398,-34.380439],[-58.546451,-34.380419],[-58.547003,-34.378575],[-58.548206,-34.378957],[-58.548323,-34.378789],[-58.548389,-34.378642],[-58.548485,-34.378454],[-58.548561,-34.378353],[-58.54864,-34.378335],[-58.549528,-34.378229],[-58.549183,-34.375826],[-58.548662,-34.372059],[-58.546361,-34.37237],[-58.543248,-34.372039],[-58.542574,-34.374099],[-58.542428,-34.375686],[-58.542603,-34.376367],[-58.542639,-34.376428],[-58.542795,-34.37649],[-58.543217,-34.376539],[-58.543359,-34.376621],[-58.543494,-34.377134],[-58.543809,-34.377443],[-58.543846,-34.37759],[-58.543821,-34.377888],[-58.543555,-34.378468],[-58.54345,-34.378889],[-58.543538,-34.379083],[-58.543778,-34.379223]]]}},{"type":"Feature","properties":{"partida":"357015165","cca":"357000100000000000000067500000000000003000","tipo":"Rural","sup_m2":7857.1},"geometry":{"type":"Polygon","coordinates":[[[-58.551304,-34.37443],[-58.551615,-34.374571],[-58.551946,-34.374534],[-58.552725,-34.374022],[-58.552509,-34.37382],[-58.552423,-34.373503],[-58.551593,-34.373955],[-58.551304,-34.37443]]]}},{"type":"Feature","properties":{"partida":"357015166","cca":"357000100000000000000067500000000000004000","tipo":"Rural","sup_m2":20155.6},"geometry":{"type":"Polygon","coordinates":[[[-58.551304,-34.37443],[-58.551072,-34.374537],[-58.551036,-34.374687],[-58.550931,-34.375028],[-58.55088,-34.37515],[-58.550829,-34.375245],[-58.55073,-34.375451],[-58.5508,-34.37557],[-58.553505,-34.374779],[-58.553151,-34.37435],[-58.552725,-34.374022],[-58.551946,-34.374534],[-58.551615,-34.374571],[-58.551304,-34.37443]]]}},{"type":"Feature","properties":{"partida":"357015167","cca":"357000100000000000000067500000000000005000","tipo":"Rural","sup_m2":20732.0},"geometry":{"type":"Polygon","coordinates":[[[-58.551922,-34.376014],[-58.553817,-34.375442],[-58.553682,-34.375258],[-58.553505,-34.374779],[-58.5508,-34.37557],[-58.55119,-34.37623],[-58.551922,-34.376014]]]}},{"type":"Feature","properties":{"partida":"357019531","cca":"35700010000000000000006750000000000000600A","tipo":"Urbano","sup_m2":3519.1},"geometry":{"type":"Polygon","coordinates":[[[-58.553852,-34.375632],[-58.553817,-34.375442],[-58.55205,-34.375977],[-58.552163,-34.376141],[-58.553852,-34.375632]]]}},{"type":"Feature","properties":{"partida":"357019532","cca":"35700010000000000000006750000000000000600B","tipo":"Urbano","sup_m2":4089.3},"geometry":{"type":"Polygon","coordinates":[[[-58.553982,-34.375824],[-58.553923,-34.375709],[-58.553852,-34.375632],[-58.552163,-34.376141],[-58.5523,-34.376341],[-58.553982,-34.375824]]]}},{"type":"Feature","properties":{"partida":"357019533","cca":"35700010000000000000006750000000000000600C","tipo":"Urbano","sup_m2":3892.2},"geometry":{"type":"Polygon","coordinates":[[[-58.554097,-34.376021],[-58.553982,-34.375824],[-58.5523,-34.376341],[-58.552427,-34.376525],[-58.554097,-34.376021]]]}},{"type":"Feature","properties":{"partida":"357019534","cca":"35700010000000000000006750000000000000600D","tipo":"Urbano","sup_m2":3131.5},"geometry":{"type":"Polygon","coordinates":[[[-58.554064,-34.376226],[-58.554095,-34.376132],[-58.554097,-34.376021],[-58.552427,-34.376525],[-58.552533,-34.376679],[-58.554064,-34.376226]]]}},{"type":"Feature","properties":{"partida":"357019535","cca":"35700010000000000000006750000000000000600E","tipo":"Urbano","sup_m2":3346.6},"geometry":{"type":"Polygon","coordinates":[[[-58.553933,-34.376493],[-58.554064,-34.376226],[-58.552533,-34.376679],[-58.55267,-34.37688],[-58.553933,-34.376493]]]}},{"type":"Feature","properties":{"partida":"357019536","cca":"35700010000000000000006750000000000000600F","tipo":"Urbano","sup_m2":3363.1},"geometry":{"type":"Polygon","coordinates":[[[-58.553847,-34.376869],[-58.553933,-34.376493],[-58.55267,-34.37688],[-58.552797,-34.377064],[-58.553847,-34.376869]]]}},{"type":"Feature","properties":{"partida":"357015168","cca":"35700010000000000000006750000000000000600G","tipo":"Urbano","sup_m2":5578.9},"geometry":{"type":"Polygon","coordinates":[[[-58.553301,-34.37781],[-58.553792,-34.377424],[-58.553754,-34.377082],[-58.553847,-34.376869],[-58.552797,-34.377064],[-58.553301,-34.37781]]]}},{"type":"Feature","properties":{"partida":"357015169","cca":"35700010000000000000006750000000000000700A","tipo":"Rural","sup_m2":3720.8},"geometry":{"type":"Polygon","coordinates":[[[-58.552797,-34.377064],[-58.55205,-34.375977],[-58.551922,-34.376014],[-58.553132,-34.377907],[-58.553301,-34.37781],[-58.552797,-34.377064]]]}},{"type":"Feature","properties":{"partida":"357015170","cca":"35700010000000000000006750000000000000700B","tipo":"Rural","sup_m2":4771.6},"geometry":{"type":"Polygon","coordinates":[[[-58.552907,-34.378037],[-58.553132,-34.377907],[-58.551922,-34.376014],[-58.551769,-34.376059],[-58.552907,-34.378037]]]}},{"type":"Feature","properties":{"partida":"357015171","cca":"35700010000000000000006750000000000000700C","tipo":"Rural","sup_m2":3610.1},"geometry":{"type":"Polygon","coordinates":[[[-58.552907,-34.378037],[-58.551769,-34.376059],[-58.551631,-34.3761],[-58.552757,-34.378113],[-58.552907,-34.378037]]]}},{"type":"Feature","properties":{"partida":null,"cca":"35700010000000000000006750000000000000800A","tipo":null,"sup_m2":6026.5},"geometry":{"type":"Polygon","coordinates":[[[-58.552555,-34.378194],[-58.552757,-34.378113],[-58.551631,-34.3761],[-58.551343,-34.376185],[-58.552555,-34.378194]]]}},{"type":"Feature","properties":{"partida":"357015173","cca":"35700010000000000000006750000000000000800B","tipo":"Urbano","sup_m2":3656.2},"geometry":{"type":"Polygon","coordinates":[[[-58.55242,-34.378261],[-58.552555,-34.378194],[-58.551343,-34.376185],[-58.55119,-34.37623],[-58.55242,-34.378261]]]}},{"type":"Feature","properties":{"partida":"357015174","cca":"35700010000000000000006750000000000000900A","tipo":"Rural","sup_m2":14142.9},"geometry":{"type":"Polygon","coordinates":[[[-58.55119,-34.37623],[-58.55073,-34.375451],[-58.550348,-34.375625],[-58.552023,-34.378445],[-58.55242,-34.378261],[-58.55119,-34.37623]]]}},{"type":"Feature","properties":{"partida":"357018366","cca":"35700010000000000000006750000000000000900B","tipo":"Rural","sup_m2":14365.9},"geometry":{"type":"Polygon","coordinates":[[[-58.552023,-34.378445],[-58.550348,-34.375625],[-58.549983,-34.375716],[-58.551587,-34.378663],[-58.552023,-34.378445]]]}},{"type":"Feature","properties":{"partida":"357015175","cca":"357000100000000000000067500000000000010000","tipo":"Urbano","sup_m2":34160.7},"geometry":{"type":"Polygon","coordinates":[[[-58.549983,-34.375716],[-58.549183,-34.375826],[-58.549528,-34.378229],[-58.551396,-34.378312],[-58.549983,-34.375716]]]}},{"type":"Feature","properties":{"partida":null,"cca":"357000100000000000000067600000000000001000","tipo":null,"sup_m2":573917.2},"geometry":{"type":"Polygon","coordinates":[[[-58.543778,-34.379223],[-58.543538,-34.379083],[-58.54345,-34.378889],[-58.543555,-34.378468],[-58.543821,-34.377888],[-58.543846,-34.37759],[-58.543809,-34.377443],[-58.543494,-34.377134],[-58.543359,-34.376621],[-58.543217,-34.376539],[-58.542795,-34.37649],[-58.542639,-34.376428],[-58.542603,-34.376367],[-58.542428,-34.375686],[-58.542574,-34.374099],[-58.543248,-34.372039],[-58.542004,-34.370199],[-58.537077,-34.368681],[-58.536885,-34.369107],[-58.536351,-34.370059],[-58.53619,-34.370469],[-58.535759,-34.371483],[-58.535511,-34.372521],[-58.535355,-34.373295],[-58.534995,-34.374274],[-58.5357,-34.374784],[-58.536137,-34.375137],[-58.536665,-34.375587],[-58.536912,-34.376092],[-58.537107,-34.376983],[-58.538037,-34.37709],[-58.539173,-34.377394],[-58.539941,-34.377461],[-58.540425,-34.377756],[-58.541518,-34.378049],[-58.54234,-34.378816],[-58.543373,-34.379105],[-58.543778,-34.379223]]]}},{"type":"Feature","properties":{"partida":null,"cca":"3570001000000000000000677000000000000010AB","tipo":null,"sup_m2":2075.2},"geometry":{"type":"Polygon","coordinates":[[[-58.534875,-34.366011],[-58.534888,-34.366031],[-58.534907,-34.366364],[-58.53546,-34.366217],[-58.535297,-34.365778],[-58.535088,-34.365923],[-58.534875,-34.366011]]]}},{"type":"Feature","properties":{"partida":"357015177","cca":"3570001000000000000000677000000000000010AC","tipo":"Urbano","sup_m2":16688.5},"geometry":{"type":"Polygon","coordinates":[[[-58.535297,-34.365778],[-58.53546,-34.366217],[-58.534907,-34.366364],[-58.534956,-34.367198],[-58.535588,-34.367082],[-58.536775,-34.366872],[-58.536939,-34.366826],[-58.536267,-34.366233],[-58.53572,-34.365772],[-58.535297,-34.365778]]]}},{"type":"Feature","properties":{"partida":"357019193","cca":"35700010000000000000006770000000000000300A","tipo":"Urbano","sup_m2":3127.3},"geometry":{"type":"Polygon","coordinates":[[[-58.535588,-34.367082],[-58.535548,-34.367313],[-58.536843,-34.367075],[-58.536985,-34.367034],[-58.536939,-34.366826],[-58.536775,-34.366872],[-58.535588,-34.367082]]]}},{"type":"Feature","properties":{"partida":"357019194","cca":"35700010000000000000006770000000000000300B","tipo":"Urbano","sup_m2":3117.5},"geometry":{"type":"Polygon","coordinates":[[[-58.53701,-34.367266],[-58.536986,-34.367124],[-58.536985,-34.367034],[-58.536843,-34.367075],[-58.535548,-34.367313],[-58.535511,-34.367525],[-58.536819,-34.367288],[-58.53701,-34.367266]]]}},{"type":"Feature","properties":{"partida":"357019195","cca":"35700010000000000000006770000000000000300C","tipo":"Urbano","sup_m2":3729.4},"geometry":{"type":"Polygon","coordinates":[[[-58.535511,-34.367525],[-58.535473,-34.367727],[-58.536965,-34.367554],[-58.53701,-34.367266],[-58.536819,-34.367288],[-58.535511,-34.367525]]]}},{"type":"Feature","properties":{"partida":"357015201","cca":"35700010000000000000006770000000000000400A","tipo":"Urbano","sup_m2":5140.1},"geometry":{"type":"Polygon","coordinates":[[[-58.535089,-34.368055],[-58.536724,-34.368124],[-58.536842,-34.367784],[-58.536667,-34.367778],[-58.535024,-34.367822],[-58.535089,-34.368055]]]}},{"type":"Feature","properties":{"partida":"357015202","cca":"35700010000000000000006770000000000000400B","tipo":"Urbano","sup_m2":5962.9},"geometry":{"type":"Polygon","coordinates":[[[-58.536499,-34.368521],[-58.5366,-34.368306],[-58.536724,-34.368124],[-58.535089,-34.368055],[-58.535188,-34.368452],[-58.536404,-34.368514],[-58.536499,-34.368521]]]}},{"type":"Feature","properties":{"partida":"357015203","cca":"35700010000000000000006770000000000000400C","tipo":"Urbano","sup_m2":3626.5},"geometry":{"type":"Polygon","coordinates":[[[-58.535255,-34.368763],[-58.535477,-34.368755],[-58.53576,-34.368764],[-58.536358,-34.368819],[-58.536499,-34.368521],[-58.536404,-34.368514],[-58.535188,-34.368452],[-58.535255,-34.368763]]]}},{"type":"Feature","properties":{"partida":"357015223","cca":"357000100000000000000067900000000000004000","tipo":"Urbano","sup_m2":1865.0},"geometry":{"type":"Polygon","coordinates":[[[-58.556918,-34.377306],[-58.557199,-34.377253],[-58.557036,-34.376606],[-58.556892,-34.376668],[-58.556767,-34.376754],[-58.556918,-34.377306]]]}},{"type":"Feature","properties":{"partida":"357015225","cca":"357000100000000000000067900000000000005000","tipo":"Urbano","sup_m2":1634.8},"geometry":{"type":"Polygon","coordinates":[[[-58.55699,-34.377559],[-58.556918,-34.377306],[-58.556767,-34.376754],[-58.556687,-34.376809],[-58.556586,-34.376853],[-58.556794,-34.377602],[-58.55699,-34.377559]]]}},{"type":"Feature","properties":{"partida":"357015226","cca":"357000100000000000000067900000000000006000","tipo":"Urbano","sup_m2":1584.3},"geometry":{"type":"Polygon","coordinates":[[[-58.556393,-34.376938],[-58.556598,-34.377645],[-58.556794,-34.377602],[-58.556586,-34.376853],[-58.556393,-34.376938]]]}},{"type":"Feature","properties":{"partida":"357015227","cca":"357000100000000000000067900000000000007000","tipo":"Urbano","sup_m2":1404.9},"geometry":{"type":"Polygon","coordinates":[[[-58.556402,-34.377688],[-58.556598,-34.377645],[-58.556393,-34.376938],[-58.556224,-34.377047],[-58.556402,-34.377688]]]}},{"type":"Feature","properties":{"partida":"357015228","cca":"357000100000000000000067900000000000008000","tipo":"Urbano","sup_m2":1290.2},"geometry":{"type":"Polygon","coordinates":[[[-58.556205,-34.377731],[-58.556402,-34.377688],[-58.556224,-34.377047],[-58.55612,-34.377115],[-58.556045,-34.377152],[-58.556205,-34.377731]]]}},{"type":"Feature","properties":{"partida":"357015229","cca":"357000100000000000000067900000000000009000","tipo":"Urbano","sup_m2":1180.3},"geometry":{"type":"Polygon","coordinates":[[[-58.556009,-34.377774],[-58.556205,-34.377731],[-58.556045,-34.377152],[-58.555862,-34.377242],[-58.556009,-34.377774]]]}},{"type":"Feature","properties":{"partida":"357015224","cca":"357000100000000000000067900000000000010000","tipo":"Urbano","sup_m2":1079.1},"geometry":{"type":"Polygon","coordinates":[[[-58.555813,-34.377817],[-58.556009,-34.377774],[-58.555862,-34.377242],[-58.555679,-34.377333],[-58.555813,-34.377817]]]}},{"type":"Feature","properties":{"partida":"357015230","cca":"357000100000000000000067900000000000011000","tipo":"Urbano","sup_m2":952.9},"geometry":{"type":"Polygon","coordinates":[[[-58.555617,-34.37786],[-58.555813,-34.377817],[-58.555679,-34.377333],[-58.555506,-34.377418],[-58.555617,-34.37786]]]}},{"type":"Feature","properties":{"partida":"357015231","cca":"357000100000000000000067900000000000012000","tipo":"Urbano","sup_m2":905.9},"geometry":{"type":"Polygon","coordinates":[[[-58.55542,-34.377903],[-58.555617,-34.37786],[-58.555506,-34.377418],[-58.555312,-34.377511],[-58.55542,-34.377903]]]}},{"type":"Feature","properties":{"partida":"357015232","cca":"357000100000000000000067900000000000013000","tipo":"Urbano","sup_m2":784.7},"geometry":{"type":"Polygon","coordinates":[[[-58.555224,-34.377946],[-58.55542,-34.377903],[-58.555312,-34.377511],[-58.555155,-34.377586],[-58.555127,-34.377596],[-58.555224,-34.377946]]]}},{"type":"Feature","properties":{"partida":"357015233","cca":"357000100000000000000067900000000000014000","tipo":"Urbano","sup_m2":714.4},"geometry":{"type":"Polygon","coordinates":[[[-58.555028,-34.377989],[-58.555224,-34.377946],[-58.555127,-34.377596],[-58.554939,-34.377665],[-58.555028,-34.377989]]]}},{"type":"Feature","properties":{"partida":"357015234","cca":"357000100000000000000067900000000000015000","tipo":"Urbano","sup_m2":658.9},"geometry":{"type":"Polygon","coordinates":[[[-58.554832,-34.378032],[-58.555028,-34.377989],[-58.554939,-34.377665],[-58.55475,-34.377735],[-58.554832,-34.378032]]]}},{"type":"Feature","properties":{"partida":"357015235","cca":"357000100000000000000067900000000000016000","tipo":"Urbano","sup_m2":601.5},"geometry":{"type":"Polygon","coordinates":[[[-58.554562,-34.377823],[-58.554636,-34.378075],[-58.554832,-34.378032],[-58.55475,-34.377735],[-58.554629,-34.377779],[-58.554562,-34.377823]]]}},{"type":"Feature","properties":{"partida":"357015236","cca":"357000100000000000000067900000000000017000","tipo":"Urbano","sup_m2":366.4},"geometry":{"type":"Polygon","coordinates":[[[-58.554427,-34.377913],[-58.554483,-34.378106],[-58.554636,-34.378075],[-58.554562,-34.377823],[-58.554427,-34.377913]]]}},{"type":"Feature","properties":{"partida":"357015241","cca":"357000100000000000000067900000000000022000","tipo":"Urbano","sup_m2":335.9},"geometry":{"type":"Polygon","coordinates":[[[-58.556402,-34.377688],[-58.556544,-34.378202],[-58.556523,-34.377662],[-58.556402,-34.377688]]]}},{"type":"Feature","properties":{"partida":"357015242","cca":"357000100000000000000067900000000000023000","tipo":"Urbano","sup_m2":989.6},"geometry":{"type":"Polygon","coordinates":[[[-58.556544,-34.378202],[-58.556402,-34.377688],[-58.556205,-34.377731],[-58.55634,-34.378175],[-58.556544,-34.378202]]]}},{"type":"Feature","properties":{"partida":"357015243","cca":"357000100000000000000067900000000000024000","tipo":"Urbano","sup_m2":942.6},"geometry":{"type":"Polygon","coordinates":[[[-58.556009,-34.377774],[-58.556125,-34.378191],[-58.55634,-34.378175],[-58.556205,-34.377731],[-58.556009,-34.377774]]]}},{"type":"Feature","properties":{"partida":"357015244","cca":"357000100000000000000067900000000000025000","tipo":"Urbano","sup_m2":856.7},"geometry":{"type":"Polygon","coordinates":[[[-58.555921,-34.378206],[-58.556125,-34.378191],[-58.556009,-34.377774],[-58.555813,-34.377817],[-58.555921,-34.378206]]]}},{"type":"Feature","properties":{"partida":"357015245","cca":"357000100000000000000067900000000000026000","tipo":"Urbano","sup_m2":797.4},"geometry":{"type":"Polygon","coordinates":[[[-58.555813,-34.377817],[-58.555617,-34.37786],[-58.555717,-34.378221],[-58.555921,-34.378206],[-58.555813,-34.377817]]]}},{"type":"Feature","properties":{"partida":"357015246","cca":"357000100000000000000067900000000000027000","tipo":"Urbano","sup_m2":738.2},"geometry":{"type":"Polygon","coordinates":[[[-58.555513,-34.378236],[-58.555717,-34.378221],[-58.555617,-34.37786],[-58.55542,-34.377903],[-58.555513,-34.378236]]]}},{"type":"Feature","properties":{"partida":"357015247","cca":"357000100000000000000067900000000000028000","tipo":"Urbano","sup_m2":678.6},"geometry":{"type":"Polygon","coordinates":[[[-58.555309,-34.378251],[-58.555513,-34.378236],[-58.55542,-34.377903],[-58.555224,-34.377946],[-58.555309,-34.378251]]]}},{"type":"Feature","properties":{"partida":"357015248","cca":"357000100000000000000067900000000000029000","tipo":"Urbano","sup_m2":619.0},"geometry":{"type":"Polygon","coordinates":[[[-58.555309,-34.378251],[-58.555224,-34.377946],[-58.555028,-34.377989],[-58.555105,-34.378265],[-58.555309,-34.378251]]]}},{"type":"Feature","properties":{"partida":"357015249","cca":"357000100000000000000067900000000000030000","tipo":"Urbano","sup_m2":1380.2},"geometry":{"type":"Polygon","coordinates":[[[-58.554537,-34.378299],[-58.555105,-34.378265],[-58.555028,-34.377989],[-58.554483,-34.378106],[-58.554537,-34.378299]]]}},{"type":"Feature","properties":{"partida":"357015250","cca":"357000100000000000000067900000000000031000","tipo":"Urbano","sup_m2":1699.6},"geometry":{"type":"Polygon","coordinates":[[[-58.554537,-34.378299],[-58.554427,-34.377913],[-58.554189,-34.378071],[-58.55391,-34.378245],[-58.55372,-34.378406],[-58.554033,-34.378361],[-58.554277,-34.378318],[-58.554392,-34.378303],[-58.554537,-34.378299]]]}},{"type":"Feature","properties":{"partida":"357000025","cca":"35700010000000000000006800000000000000100A","tipo":"Rural","sup_m2":28109.1},"geometry":{"type":"Polygon","coordinates":[[[-58.537107,-34.376983],[-58.536912,-34.376092],[-58.536665,-34.375587],[-58.536137,-34.375137],[-58.5357,-34.374784],[-58.534995,-34.374274],[-58.534879,-34.374798],[-58.534827,-34.375007],[-58.534913,-34.375034],[-58.535071,-34.374973],[-58.535903,-34.37624],[-58.536686,-34.377524],[-58.537309,-34.37727],[-58.537107,-34.376983]]]}},{"type":"Feature","properties":{"partida":"357015252","cca":"35700010000000000000006800000000000000100D","tipo":"Rural","sup_m2":1187.0},"geometry":{"type":"Polygon","coordinates":[[[-58.53531,-34.375337],[-58.534767,-34.375152],[-58.534702,-34.37531],[-58.53546,-34.375565],[-58.53531,-34.375337]]]}},{"type":"Feature","properties":{"partida":"357015258","cca":"35700010000000000000006800000000000000100J","tipo":"Rural","sup_m2":3231.4},"geometry":{"type":"Polygon","coordinates":[[[-58.534327,-34.376057],[-58.534567,-34.376158],[-58.535738,-34.376652],[-58.535841,-34.376396],[-58.534392,-34.375933],[-58.534357,-34.375994],[-58.534327,-34.376057]]]}},{"type":"Feature","properties":{"partida":"357015289","cca":"357000100000000000000068000000000000006000","tipo":"Urbano","sup_m2":1732.4},"geometry":{"type":"Polygon","coordinates":[[[-58.544062,-34.379338],[-58.543398,-34.379968],[-58.543545,-34.380073],[-58.544255,-34.379402],[-58.54414,-34.379359],[-58.544062,-34.379338]]]}},{"type":"Feature","properties":{"partida":"357017558","cca":"357000100000000000000068000A0000000000400M","tipo":"Urbano","sup_m2":6388.9},"geometry":{"type":"Polygon","coordinates":[[[-58.546757,-34.380281],[-58.547435,-34.378712],[-58.547003,-34.378575],[-58.546451,-34.380419],[-58.546518,-34.380392],[-58.546675,-34.380285],[-58.546757,-34.380281]]]}},{"type":"Feature","properties":{"partida":"357017569","cca":"357000100000000000000068000A0000000000500E","tipo":"Urbano","sup_m2":3061.0},"geometry":{"type":"Polygon","coordinates":[[[-58.547029,-34.380475],[-58.547137,-34.380552],[-58.548046,-34.378906],[-58.54786,-34.378847],[-58.547029,-34.380475]]]}},{"type":"Feature","properties":{"partida":"357017579","cca":"357000100000000000000068000A0000000000500T","tipo":"Urbano","sup_m2":1836.6},"geometry":{"type":"Polygon","coordinates":[[[-58.549023,-34.379879],[-58.548103,-34.379137],[-58.548025,-34.379275],[-58.548888,-34.379972],[-58.549015,-34.379881],[-58.549023,-34.379879]]]}},{"type":"Feature","properties":{"partida":null,"cca":"357000100000000000000068000A0000000000500U","tipo":null,"sup_m2":2694.4},"geometry":{"type":"Polygon","coordinates":[[[-58.549023,-34.379879],[-58.549282,-34.379821],[-58.548206,-34.378957],[-58.548103,-34.379137],[-58.549023,-34.379879]]]}},{"type":"Feature","properties":{"partida":null,"cca":"357000100000000000000068000A0000000000500V","tipo":null,"sup_m2":2984.8},"geometry":{"type":"Polygon","coordinates":[[[-58.548206,-34.378957],[-58.549282,-34.379821],[-58.549338,-34.379809],[-58.54949,-34.379731],[-58.548323,-34.378789],[-58.548206,-34.378957]]]}},{"type":"Feature","properties":{"partida":"357017582","cca":"357000100000000000000068000A0000000000500W","tipo":"Urbano","sup_m2":2487.9},"geometry":{"type":"Polygon","coordinates":[[[-58.54949,-34.379731],[-58.549643,-34.379653],[-58.548389,-34.378642],[-58.548323,-34.378789],[-58.54949,-34.379731]]]}},{"type":"Feature","properties":{"partida":"357017583","cca":"357000100000000000000068000A0000000000500X","tipo":"Urbano","sup_m2":3552.4},"geometry":{"type":"Polygon","coordinates":[[[-58.549643,-34.379653],[-58.549846,-34.379549],[-58.548485,-34.378454],[-58.548389,-34.378642],[-58.549643,-34.379653]]]}},{"type":"Feature","properties":{"partida":"357017584","cca":"357000100000000000000068000A0000000000500Y","tipo":"Urbano","sup_m2":3434.2},"geometry":{"type":"Polygon","coordinates":[[[-58.549846,-34.379549],[-58.550038,-34.379465],[-58.54864,-34.378335],[-58.548561,-34.378353],[-58.548485,-34.378454],[-58.549846,-34.379549]]]}},{"type":"Feature","properties":{"partida":"357017585","cca":"357000100000000000000068000A0000000000500Z","tipo":"Urbano","sup_m2":2467.7},"geometry":{"type":"Polygon","coordinates":[[[-58.550038,-34.379465],[-58.55019,-34.379398],[-58.548816,-34.378314],[-58.54864,-34.378335],[-58.550038,-34.379465]]]}},{"type":"Feature","properties":{"partida":"357017562","cca":"357000100000000000000068000A000000000050AA","tipo":"Urbano","sup_m2":3136.8},"geometry":{"type":"Polygon","coordinates":[[[-58.550364,-34.379322],[-58.549085,-34.378282],[-58.548816,-34.378314],[-58.55019,-34.379398],[-58.550364,-34.379322]]]}},{"type":"Feature","properties":{"partida":"357017564","cca":"357000100000000000000068000A000000000050BB","tipo":"Urbano","sup_m2":3358.1},"geometry":{"type":"Polygon","coordinates":[[[-58.550364,-34.379322],[-58.550579,-34.379228],[-58.549365,-34.378249],[-58.549085,-34.378282],[-58.550364,-34.379322]]]}},{"type":"Feature","properties":{"partida":"357017566","cca":"357000100000000000000068000A000000000050CC","tipo":"Urbano","sup_m2":2882.6},"geometry":{"type":"Polygon","coordinates":[[[-58.550579,-34.379228],[-58.550771,-34.379143],[-58.549645,-34.378235],[-58.549528,-34.378229],[-58.549365,-34.378249],[-58.550579,-34.379228]]]}},{"type":"Feature","properties":{"partida":"357017568","cca":"357000100000000000000068000A000000000050DD","tipo":"Urbano","sup_m2":9744.8},"geometry":{"type":"Polygon","coordinates":[[[-58.550771,-34.379143],[-58.550821,-34.379122],[-58.550902,-34.37906],[-58.551314,-34.378868],[-58.551587,-34.378663],[-58.551396,-34.378312],[-58.549645,-34.378235],[-58.550771,-34.379143]]]}},{"type":"Feature","properties":{"partida":"357017559","cca":"357000100000000000000068000A000000000050EE","tipo":"Urbano","sup_m2":1875.1},"geometry":{"type":"Polygon","coordinates":[[[-58.546757,-34.380281],[-58.546806,-34.380316],[-58.546986,-34.379967],[-58.547578,-34.378757],[-58.547435,-34.378712],[-58.546757,-34.380281]]]}},{"type":"Feature","properties":{"partida":"357017560","cca":"357000100000000000000068000A000000000050FF","tipo":"Urbano","sup_m2":1992.1},"geometry":{"type":"Polygon","coordinates":[[[-58.547699,-34.378796],[-58.547578,-34.378757],[-58.546986,-34.379967],[-58.546806,-34.380316],[-58.546899,-34.380382],[-58.547392,-34.379383],[-58.547699,-34.378796]]]}},{"type":"Feature","properties":{"partida":"357015610","cca":"357000100000000000000068200000000000007000","tipo":"Urbano","sup_m2":2386.6},"geometry":{"type":"Polygon","coordinates":[[[-58.55749,-34.379848],[-58.557663,-34.379801],[-58.556725,-34.378995],[-58.55649,-34.379105],[-58.55749,-34.379848]]]}},{"type":"Feature","properties":{"partida":"357015611","cca":"357000100000000000000068200000000000008000","tipo":"Urbano","sup_m2":3735.5},"geometry":{"type":"Polygon","coordinates":[[[-58.55749,-34.379848],[-58.55649,-34.379105],[-58.556319,-34.37926],[-58.557663,-34.380229],[-58.557906,-34.380161],[-58.55749,-34.379848]]]}},{"type":"Feature","properties":{"partida":"357015642","cca":"357000100000000000000068300A00000000001000","tipo":"Urbano","sup_m2":1452.1},"geometry":{"type":"Polygon","coordinates":[[[-58.556185,-34.379222],[-58.556278,-34.379126],[-58.556486,-34.378975],[-58.556494,-34.378867],[-58.556412,-34.37878],[-58.556101,-34.378734],[-58.55605,-34.379103],[-58.556185,-34.379222]]]}},{"type":"Feature","properties":{"partida":"357015644","cca":"357000100000000000000068300A00000000002000","tipo":"Urbano","sup_m2":1409.8},"geometry":{"type":"Polygon","coordinates":[[[-58.555768,-34.378708],[-58.555754,-34.379227],[-58.55605,-34.379103],[-58.556101,-34.378734],[-58.555768,-34.378708]]]}},{"type":"Feature","properties":{"partida":"357015645","cca":"357000100000000000000068300A00000000003000","tipo":"Urbano","sup_m2":975.1},"geometry":{"type":"Polygon","coordinates":[[[-58.555588,-34.37872],[-58.555585,-34.379298],[-58.555754,-34.379227],[-58.555768,-34.378708],[-58.555588,-34.37872]]]}},{"type":"Feature","properties":{"partida":"357015646","cca":"357000100000000000000068300A00000000004000","tipo":"Urbano","sup_m2":1469.1},"geometry":{"type":"Polygon","coordinates":[[[-58.555333,-34.379403],[-58.555585,-34.379298],[-58.555588,-34.37872],[-58.555376,-34.378725],[-58.555362,-34.378982],[-58.555333,-34.379403]]]}},{"type":"Feature","properties":{"partida":"357015647","cca":"357000100000000000000068300A00000000005000","tipo":"Urbano","sup_m2":1482.6},"geometry":{"type":"Polygon","coordinates":[[[-58.555152,-34.379479],[-58.555333,-34.379403],[-58.555362,-34.378982],[-58.555376,-34.378725],[-58.555148,-34.378732],[-58.555152,-34.379479]]]}},{"type":"Feature","properties":{"partida":"357015648","cca":"357000100000000000000068300A00000000006000","tipo":"Urbano","sup_m2":1851.7},"geometry":{"type":"Polygon","coordinates":[[[-58.555148,-34.378732],[-58.555016,-34.378744],[-58.55486,-34.378751],[-58.554936,-34.379346],[-58.555014,-34.37953],[-58.555152,-34.379479],[-58.555148,-34.378732]]]}},{"type":"Feature","properties":{"partida":"357015649","cca":"357000100000000000000068300A00000000007000","tipo":"Urbano","sup_m2":1826.3},"geometry":{"type":"Polygon","coordinates":[[[-58.55486,-34.378751],[-58.554715,-34.378764],[-58.554532,-34.378769],[-58.554653,-34.37921],[-58.55472,-34.379436],[-58.554936,-34.379346],[-58.55486,-34.378751]]]}},{"type":"Feature","properties":{"partida":"357015650","cca":"357000100000000000000068300A00000000008000","tipo":"Urbano","sup_m2":1430.2},"geometry":{"type":"Polygon","coordinates":[[[-58.554453,-34.379305],[-58.554653,-34.37921],[-58.554532,-34.378769],[-58.554191,-34.378793],[-58.554453,-34.379305]]]}},{"type":"Feature","properties":{"partida":null,"cca":"357000100000000000000068300A00000000009000","tipo":null,"sup_m2":1968.3},"geometry":{"type":"Polygon","coordinates":[[[-58.554453,-34.379305],[-58.554191,-34.378793],[-58.553835,-34.378848],[-58.554215,-34.379434],[-58.554453,-34.379305]]]}},{"type":"Feature","properties":{"partida":null,"cca":"357000100000000000000068300A00000000010000","tipo":null,"sup_m2":2460.7},"geometry":{"type":"Polygon","coordinates":[[[-58.553943,-34.379579],[-58.554215,-34.379434],[-58.553835,-34.378848],[-58.553476,-34.378894],[-58.553943,-34.379579]]]}},{"type":"Feature","properties":{"partida":"357015643","cca":"357000100000000000000068300A00000000011000","tipo":"Urbano","sup_m2":1711.5},"geometry":{"type":"Polygon","coordinates":[[[-58.554453,-34.379305],[-58.553943,-34.379579],[-58.554055,-34.379744],[-58.55472,-34.379436],[-58.554653,-34.37921],[-58.554453,-34.379305]]]}},{"type":"Feature","properties":{"partida":"357015653","cca":"357000100000000000000068300A00000000012000","tipo":"Urbano","sup_m2":1903.1},"geometry":{"type":"Polygon","coordinates":[[[-58.555014,-34.37953],[-58.554936,-34.379346],[-58.55472,-34.379436],[-58.554055,-34.379744],[-58.554162,-34.379901],[-58.555014,-34.37953]]]}},{"type":"Feature","properties":{"partida":"357015665","cca":"357000100000000000000068300A00000000019000","tipo":"Urbano","sup_m2":1378.0},"geometry":{"type":"Polygon","coordinates":[[[-58.555014,-34.37953],[-58.55506,-34.379629],[-58.555481,-34.37998],[-58.555559,-34.379898],[-58.555655,-34.379771],[-58.555152,-34.379479],[-58.555014,-34.37953]]]}},{"type":"Feature","properties":{"partida":"357015667","cca":"357000100000000000000068300A00000000020000","tipo":"Urbano","sup_m2":825.0},"geometry":{"type":"Polygon","coordinates":[[[-58.555152,-34.379479],[-58.555655,-34.379771],[-58.555755,-34.379664],[-58.555333,-34.379403],[-58.555152,-34.379479]]]}},{"type":"Feature","properties":{"partida":"357015668","cca":"357000100000000000000068300A00000000021000","tipo":"Urbano","sup_m2":924.0},"geometry":{"type":"Polygon","coordinates":[[[-58.555755,-34.379664],[-58.55588,-34.379517],[-58.555585,-34.379298],[-58.555333,-34.379403],[-58.555755,-34.379664]]]}},{"type":"Feature","properties":{"partida":"357015669","cca":"357000100000000000000068300A00000000022000","tipo":"Urbano","sup_m2":546.9},"geometry":{"type":"Polygon","coordinates":[[[-58.55588,-34.379517],[-58.555999,-34.379397],[-58.555754,-34.379227],[-58.555585,-34.379298],[-58.55588,-34.379517]]]}},{"type":"Feature","properties":{"partida":"357015670","cca":"357000100000000000000068300A00000000023000","tipo":"Urbano","sup_m2":645.8},"geometry":{"type":"Polygon","coordinates":[[[-58.55605,-34.379103],[-58.555754,-34.379227],[-58.555999,-34.379397],[-58.556185,-34.379222],[-58.55605,-34.379103]]]}},{"type":"Feature","properties":{"partida":"357015671","cca":"357000100000000000000068300B00000000001000","tipo":"Urbano","sup_m2":1219.0},"geometry":{"type":"Polygon","coordinates":[[[-58.55316,-34.379013],[-58.553402,-34.379381],[-58.553641,-34.379258],[-58.553431,-34.3789],[-58.55316,-34.379013]]]}},{"type":"Feature","properties":{"partida":"357015672","cca":"357000100000000000000068300B00000000002000","tipo":"Urbano","sup_m2":778.1},"geometry":{"type":"Polygon","coordinates":[[[-58.553402,-34.379381],[-58.55316,-34.379013],[-58.55302,-34.379102],[-58.55323,-34.379463],[-58.553402,-34.379381]]]}},{"type":"Feature","properties":{"partida":"357015673","cca":"357000100000000000000068300B00000000003000","tipo":"Urbano","sup_m2":1011.5},"geometry":{"type":"Polygon","coordinates":[[[-58.553021,-34.379555],[-58.55323,-34.379463],[-58.55302,-34.379102],[-58.552792,-34.379194],[-58.553021,-34.379555]]]}},{"type":"Feature","properties":{"partida":"357015674","cca":"357000100000000000000068300B00000000004000","tipo":"Urbano","sup_m2":1183.1},"geometry":{"type":"Polygon","coordinates":[[[-58.553126,-34.379715],[-58.552792,-34.379194],[-58.552628,-34.379275],[-58.552947,-34.379799],[-58.553126,-34.379715]]]}},{"type":"Feature","properties":{"partida":"357015675","cca":"357000100000000000000068300B00000000005000","tipo":"Urbano","sup_m2":1359.1},"geometry":{"type":"Polygon","coordinates":[[[-58.552648,-34.379728],[-58.552754,-34.379889],[-58.552947,-34.379799],[-58.552628,-34.379275],[-58.55243,-34.379381],[-58.552648,-34.379728]]]}},{"type":"Feature","properties":{"partida":"357015676","cca":"357000100000000000000068300B00000000006000","tipo":"Urbano","sup_m2":971.2},"geometry":{"type":"Polygon","coordinates":[[[-58.552648,-34.379728],[-58.55243,-34.379381],[-58.552229,-34.379495],[-58.552434,-34.379837],[-58.552648,-34.379728]]]}},{"type":"Feature","properties":{"partida":"357015677","cca":"357000100000000000000068300B00000000007000","tipo":"Urbano","sup_m2":651.7},"geometry":{"type":"Polygon","coordinates":[[[-58.552271,-34.379901],[-58.552434,-34.379837],[-58.552229,-34.379495],[-58.55209,-34.379559],[-58.552271,-34.379901]]]}},{"type":"Feature","properties":{"partida":"357015689","cca":"357000100000000000000068300B00000000025000","tipo":"Urbano","sup_m2":1812.6},"geometry":{"type":"Polygon","coordinates":[[[-58.553126,-34.379715],[-58.552947,-34.379799],[-58.553056,-34.379962],[-58.553868,-34.379581],[-58.553744,-34.379411],[-58.553126,-34.379715]]]}},{"type":"Feature","properties":{"partida":"357015690","cca":"357000100000000000000068300B00000000026000","tipo":"Urbano","sup_m2":1273.6},"geometry":{"type":"Polygon","coordinates":[[[-58.553126,-34.379715],[-58.553744,-34.379411],[-58.553641,-34.379258],[-58.553402,-34.379381],[-58.55323,-34.379463],[-58.553021,-34.379555],[-58.553126,-34.379715]]]}}]}