{"type":"FeatureCollection","features":[{"type":"Feature","properties":{"partida":"357000691","cca":"357000100000000000000069100000000000019000","tipo":"Urbano","sup_m2":3590.6},"geometry":{"type":"Polygon","coordinates":[[[-58.557954,-34.401853],[-58.557983,-34.401842],[-58.558027,-34.401685],[-58.556221,-34.401291],[-58.555967,-34.40142],[-58.557954,-34.401853]]]}},{"type":"Feature","properties":{"partida":"357000692","cca":"357000100000000000000069100000000000020000","tipo":"Urbano","sup_m2":4550.4},"geometry":{"type":"Polygon","coordinates":[[[-58.557954,-34.401853],[-58.555967,-34.40142],[-58.555541,-34.401636],[-58.557335,-34.401885],[-58.557652,-34.401978],[-58.557748,-34.401933],[-58.557954,-34.401853]]]}},{"type":"Feature","properties":{"partida":"357000693","cca":"357000100000000000000069100000000000021000","tipo":"Urbano","sup_m2":4130.1},"geometry":{"type":"Polygon","coordinates":[[[-58.555639,-34.401792],[-58.555832,-34.40191],[-58.557431,-34.402132],[-58.557335,-34.401885],[-58.555541,-34.401636],[-58.555639,-34.401792]]]}},{"type":"Feature","properties":{"partida":"357000694","cca":"357000100000000000000069100000000000022000","tipo":"Urbano","sup_m2":3336.9},"geometry":{"type":"Polygon","coordinates":[[[-58.557504,-34.402375],[-58.557498,-34.402308],[-58.557431,-34.402132],[-58.555832,-34.40191],[-58.556181,-34.402123],[-58.556278,-34.402205],[-58.557504,-34.402375]]]}},{"type":"Feature","properties":{"partida":"357000695","cca":"357000100000000000000069100000000000023000","tipo":"Urbano","sup_m2":2578.0},"geometry":{"type":"Polygon","coordinates":[[[-58.556514,-34.40247],[-58.557441,-34.402604],[-58.557511,-34.402456],[-58.557504,-34.402375],[-58.556278,-34.402205],[-58.556395,-34.402303],[-58.556514,-34.40247]]]}},{"type":"Feature","properties":{"partida":"357000696","cca":"357000100000000000000069100000000000024000","tipo":"Urbano","sup_m2":1785.6},"geometry":{"type":"Polygon","coordinates":[[[-58.557331,-34.402823],[-58.55733,-34.402695],[-58.557441,-34.402604],[-58.556514,-34.40247],[-58.556697,-34.402729],[-58.557331,-34.402823]]]}},{"type":"Feature","properties":{"partida":"357000697","cca":"357000100000000000000069100000000000025000","tipo":"Urbano","sup_m2":1277.5},"geometry":{"type":"Polygon","coordinates":[[[-58.557337,-34.403051],[-58.557331,-34.402823],[-58.556697,-34.402729],[-58.556881,-34.402988],[-58.557337,-34.403051]]]}},{"type":"Feature","properties":{"partida":"357016627","cca":"357000100000000000000069700000000000030000","tipo":"Urbano","sup_m2":4210.6},"geometry":{"type":"Polygon","coordinates":[[[-58.55658,-34.398294],[-58.557501,-34.40005],[-58.557672,-34.399916],[-58.556777,-34.398216],[-58.556753,-34.398222],[-58.556725,-34.39824],[-58.5566,-34.398289],[-58.55658,-34.398294]]]}},{"type":"Feature","properties":{"partida":"357016628","cca":"357000100000000000000069700000000000031000","tipo":"Urbano","sup_m2":4602.5},"geometry":{"type":"Polygon","coordinates":[[[-58.556365,-34.39837],[-58.55638,-34.398398],[-58.557325,-34.400188],[-58.557501,-34.40005],[-58.55658,-34.398294],[-58.556471,-34.398324],[-58.556447,-34.398328],[-58.556393,-34.398359],[-58.556365,-34.39837]]]}},{"type":"Feature","properties":{"partida":"357016629","cca":"357000100000000000000069700000000000032000","tipo":"Urbano","sup_m2":4608.0},"geometry":{"type":"Polygon","coordinates":[[[-58.556365,-34.39837],[-58.556282,-34.398392],[-58.55621,-34.398421],[-58.55617,-34.398432],[-58.556156,-34.398439],[-58.557154,-34.400322],[-58.557325,-34.400188],[-58.556365,-34.39837]]]}},{"type":"Feature","properties":{"partida":null,"cca":"357000100000000000000069700000000000033000","tipo":null,"sup_m2":4246.3},"geometry":{"type":"Polygon","coordinates":[[[-58.557154,-34.400322],[-58.556173,-34.398472],[-58.556156,-34.398439],[-58.555982,-34.398519],[-58.556999,-34.400446],[-58.557154,-34.400322]]]}},{"type":"Feature","properties":{"partida":null,"cca":"357000100000000000000069700000000000034000","tipo":null,"sup_m2":4925.7},"geometry":{"type":"Polygon","coordinates":[[[-58.556824,-34.400586],[-58.556999,-34.400446],[-58.555982,-34.398519],[-58.555784,-34.398611],[-58.556824,-34.400586]]]}},{"type":"Feature","properties":{"partida":"357016632","cca":"357000100000000000000069700000000000035000","tipo":"Urbano","sup_m2":4846.3},"geometry":{"type":"Polygon","coordinates":[[[-58.556824,-34.400586],[-58.555784,-34.398611],[-58.555689,-34.398655],[-58.555576,-34.398684],[-58.556664,-34.400715],[-58.556824,-34.400586]]]}},{"type":"Feature","properties":{"partida":"357016633","cca":"357000100000000000000069700000000000036000","tipo":"Urbano","sup_m2":5238.5},"geometry":{"type":"Polygon","coordinates":[[[-58.556664,-34.400715],[-58.555576,-34.398684],[-58.555533,-34.398696],[-58.555367,-34.398757],[-58.55649,-34.400855],[-58.556664,-34.400715]]]}},{"type":"Feature","properties":{"partida":"357016634","cca":"357000100000000000000069700000000000037000","tipo":"Urbano","sup_m2":4897.9},"geometry":{"type":"Polygon","coordinates":[[[-58.55649,-34.400855],[-58.555367,-34.398757],[-58.555178,-34.398823],[-58.556332,-34.400983],[-58.55649,-34.400855]]]}},{"type":"Feature","properties":{"partida":"357016635","cca":"357000100000000000000069700000000000038000","tipo":"Urbano","sup_m2":5414.4},"geometry":{"type":"Polygon","coordinates":[[[-58.554974,-34.398882],[-58.556157,-34.401118],[-58.556332,-34.400983],[-58.555178,-34.398823],[-58.555108,-34.398847],[-58.554974,-34.398882]]]}},{"type":"Feature","properties":{"partida":"357016636","cca":"357000100000000000000069700000000000039000","tipo":"Urbano","sup_m2":5253.7},"geometry":{"type":"Polygon","coordinates":[[[-58.555997,-34.401241],[-58.556157,-34.401118],[-58.554974,-34.398882],[-58.554841,-34.398917],[-58.554775,-34.398939],[-58.555997,-34.401241]]]}},{"type":"Feature","properties":{"partida":"357016637","cca":"35700010000000000000006970000000000004000A","tipo":"Urbano","sup_m2":5993.2},"geometry":{"type":"Polygon","coordinates":[[[-58.554775,-34.398939],[-58.554633,-34.398985],[-58.554592,-34.398994],[-58.555791,-34.401401],[-58.555997,-34.401241],[-58.554775,-34.398939]]]}},{"type":"Feature","properties":{"partida":"357016638","cca":"35700010000000000000006970000000000004100B","tipo":"Urbano","sup_m2":7769.7},"geometry":{"type":"Polygon","coordinates":[[[-58.554366,-34.399044],[-58.555541,-34.401636],[-58.555586,-34.40156],[-58.555791,-34.401401],[-58.554592,-34.398994],[-58.55444,-34.399026],[-58.554366,-34.399044]]]}},{"type":"Feature","properties":{"partida":"357016639","cca":"35700010000000000000006970000000000004100C","tipo":"Urbano","sup_m2":7177.1},"geometry":{"type":"Polygon","coordinates":[[[-58.555015,-34.401346],[-58.555541,-34.401636],[-58.554366,-34.399044],[-58.55421,-34.399083],[-58.555015,-34.401346]]]}},{"type":"Feature","properties":{"partida":"357016640","cca":"35700010000000000000006970000000000004100D","tipo":"Urbano","sup_m2":6734.6},"geometry":{"type":"Polygon","coordinates":[[[-58.555015,-34.401346],[-58.55421,-34.399083],[-58.55403,-34.399124],[-58.554492,-34.401058],[-58.555015,-34.401346]]]}},{"type":"Feature","properties":{"partida":"357016641","cca":"35700010000000000000006970000000000004100E","tipo":"Urbano","sup_m2":5540.7},"geometry":{"type":"Polygon","coordinates":[[[-58.55403,-34.399124],[-58.553836,-34.399171],[-58.55404,-34.400809],[-58.554492,-34.401058],[-58.55403,-34.399124]]]}},{"type":"Feature","properties":{"partida":"357016642","cca":"35700010000000000000006970000000000004100F","tipo":"Urbano","sup_m2":3493.4},"geometry":{"type":"Polygon","coordinates":[[[-58.553836,-34.399171],[-58.553643,-34.399215],[-58.553624,-34.399216],[-58.553817,-34.400746],[-58.55404,-34.400809],[-58.553836,-34.399171]]]}},{"type":"Feature","properties":{"partida":"357016643","cca":"35700010000000000000006970000000000004100G","tipo":"Urbano","sup_m2":3270.5},"geometry":{"type":"Polygon","coordinates":[[[-58.553817,-34.400746],[-58.553624,-34.399216],[-58.553513,-34.399223],[-58.553408,-34.39921],[-58.553425,-34.399399],[-58.553604,-34.400685],[-58.553817,-34.400746]]]}},{"type":"Feature","properties":{"partida":"357016644","cca":"35700010000000000000006970000000000004100H","tipo":"Urbano","sup_m2":3208.3},"geometry":{"type":"Polygon","coordinates":[[[-58.55318,-34.399184],[-58.553204,-34.399418],[-58.553391,-34.400625],[-58.553604,-34.400685],[-58.553425,-34.399399],[-58.553408,-34.39921],[-58.55318,-34.399184]]]}},{"type":"Feature","properties":{"partida":"357016645","cca":"35700010000000000000006970000000000004100J","tipo":"Urbano","sup_m2":2941.4},"geometry":{"type":"Polygon","coordinates":[[[-58.55318,-34.399184],[-58.552963,-34.399171],[-58.55318,-34.400565],[-58.553391,-34.400625],[-58.553204,-34.399418],[-58.55318,-34.399184]]]}},{"type":"Feature","properties":{"partida":"357016646","cca":"35700010000000000000006970000000000004100K","tipo":"Urbano","sup_m2":3004.3},"geometry":{"type":"Polygon","coordinates":[[[-58.552746,-34.399157],[-58.552955,-34.400501],[-58.55318,-34.400565],[-58.552963,-34.399171],[-58.552863,-34.399162],[-58.552746,-34.399157]]]}},{"type":"Feature","properties":{"partida":"357016647","cca":"35700010000000000000006970000000000004100M","tipo":"Urbano","sup_m2":2898.6},"geometry":{"type":"Polygon","coordinates":[[[-58.552746,-34.399157],[-58.552662,-34.399159],[-58.552527,-34.399147],[-58.552731,-34.400437],[-58.552955,-34.400501],[-58.552746,-34.399157]]]}},{"type":"Feature","properties":{"partida":"357016648","cca":"35700010000000000000006970000000000004100N","tipo":"Urbano","sup_m2":2358.9},"geometry":{"type":"Polygon","coordinates":[[[-58.552527,-34.399147],[-58.55248,-34.399152],[-58.552377,-34.399141],[-58.552307,-34.399137],[-58.552472,-34.400175],[-58.552699,-34.40024],[-58.552527,-34.399147]]]}},{"type":"Feature","properties":{"partida":"357016649","cca":"35700010000000000000006970000000000004100P","tipo":"Urbano","sup_m2":2830.0},"geometry":{"type":"Polygon","coordinates":[[[-58.552441,-34.399978],[-58.552307,-34.399137],[-58.552085,-34.399146],[-58.552018,-34.399455],[-58.55201,-34.399465],[-58.552006,-34.3995],[-58.551976,-34.399569],[-58.55197,-34.399593],[-58.551956,-34.399763],[-58.551934,-34.399821],[-58.552441,-34.399978]]]}},{"type":"Feature","properties":{"partida":"357016650","cca":"35700010000000000000006970000000000004100Q","tipo":"Urbano","sup_m2":1089.4},"geometry":{"type":"Polygon","coordinates":[[[-58.552441,-34.399978],[-58.551934,-34.399821],[-58.551925,-34.399842],[-58.551882,-34.400006],[-58.552472,-34.400175],[-58.552441,-34.399978]]]}},{"type":"Feature","properties":{"partida":"357016651","cca":"35700010000000000000006970000000000004100R","tipo":"Urbano","sup_m2":1670.5},"geometry":{"type":"Polygon","coordinates":[[[-58.552699,-34.40024],[-58.551882,-34.400006],[-58.551872,-34.400051],[-58.551859,-34.400074],[-58.551819,-34.400178],[-58.552731,-34.400437],[-58.552699,-34.40024]]]}},{"type":"Feature","properties":{"partida":"357016652","cca":"35700010000000000000006970000000000004100S","tipo":"Urbano","sup_m2":891.6},"geometry":{"type":"Polygon","coordinates":[[[-58.552288,-34.400312],[-58.551819,-34.400178],[-58.551788,-34.400263],[-58.551777,-34.400279],[-58.551772,-34.400306],[-58.551771,-34.400354],[-58.552213,-34.400479],[-58.552288,-34.400312]]]}},{"type":"Feature","properties":{"partida":"357016653","cca":"35700010000000000000006970000000000004100T","tipo":"Urbano","sup_m2":1000.0},"geometry":{"type":"Polygon","coordinates":[[[-58.552213,-34.400479],[-58.551814,-34.400367],[-58.551771,-34.400354],[-58.551776,-34.400506],[-58.551787,-34.400527],[-58.551796,-34.400569],[-58.551828,-34.400608],[-58.551885,-34.400647],[-58.551939,-34.400666],[-58.552023,-34.40069],[-58.552109,-34.400711],[-58.552213,-34.400479]]]}},{"type":"Feature","properties":{"partida":"357016654","cca":"35700010000000000000006970000000000004100U","tipo":"Urbano","sup_m2":1217.7},"geometry":{"type":"Polygon","coordinates":[[[-58.552288,-34.400312],[-58.552109,-34.400711],[-58.552258,-34.400748],[-58.552367,-34.400787],[-58.552563,-34.40039],[-58.552288,-34.400312]]]}},{"type":"Feature","properties":{"partida":"357016655","cca":"35700010000000000000006970000000000004100V","tipo":"Urbano","sup_m2":1420.0},"geometry":{"type":"Polygon","coordinates":[[[-58.552563,-34.40039],[-58.552367,-34.400787],[-58.552447,-34.400825],[-58.552534,-34.400878],[-58.552955,-34.400501],[-58.552563,-34.40039]]]}},{"type":"Feature","properties":{"partida":"357016656","cca":"35700010000000000000006970000000000004100W","tipo":"Urbano","sup_m2":1265.7},"geometry":{"type":"Polygon","coordinates":[[[-58.552955,-34.400501],[-58.552534,-34.400878],[-58.552568,-34.400906],[-58.552619,-34.400966],[-58.552661,-34.401032],[-58.55318,-34.400565],[-58.552955,-34.400501]]]}},{"type":"Feature","properties":{"partida":"357016657","cca":"35700010000000000000006970000000000004100X","tipo":"Urbano","sup_m2":1553.5},"geometry":{"type":"Polygon","coordinates":[[[-58.553391,-34.400625],[-58.55318,-34.400565],[-58.552661,-34.401032],[-58.552672,-34.401049],[-58.552684,-34.401089],[-58.552719,-34.401164],[-58.552753,-34.401216],[-58.552774,-34.401199],[-58.553391,-34.400625]]]}},{"type":"Feature","properties":{"partida":"357016658","cca":"35700010000000000000006970000000000004100Y","tipo":"Urbano","sup_m2":1916.5},"geometry":{"type":"Polygon","coordinates":[[[-58.553391,-34.400625],[-58.552774,-34.401199],[-58.552753,-34.401216],[-58.55282,-34.401319],[-58.552843,-34.401349],[-58.552869,-34.401394],[-58.553604,-34.400685],[-58.553391,-34.400625]]]}},{"type":"Feature","properties":{"partida":"357016659","cca":"35700010000000000000006970000000000004100Z","tipo":"Urbano","sup_m2":2234.4},"geometry":{"type":"Polygon","coordinates":[[[-58.553817,-34.400746],[-58.553604,-34.400685],[-58.552869,-34.401394],[-58.552917,-34.401479],[-58.552937,-34.401509],[-58.552954,-34.401544],[-58.552966,-34.401582],[-58.552995,-34.401557],[-58.553817,-34.400746]]]}},{"type":"Feature","properties":{"partida":"357016660","cca":"35700010000000000000006970000000000004200A","tipo":"Urbano","sup_m2":2633.3},"geometry":{"type":"Polygon","coordinates":[[[-58.55404,-34.400809],[-58.553817,-34.400746],[-58.552995,-34.401557],[-58.552966,-34.401582],[-58.552974,-34.4016],[-58.552988,-34.401618],[-58.553021,-34.401673],[-58.553067,-34.401731],[-58.553093,-34.401746],[-58.553107,-34.401733],[-58.55404,-34.400809]]]}},{"type":"Feature","properties":{"partida":"357016661","cca":"35700010000000000000006970000000000004200B","tipo":"Urbano","sup_m2":4638.2},"geometry":{"type":"Polygon","coordinates":[[[-58.55404,-34.400809],[-58.553107,-34.401733],[-58.553093,-34.401746],[-58.553149,-34.401774],[-58.553307,-34.40182],[-58.554492,-34.401058],[-58.55404,-34.400809]]]}},{"type":"Feature","properties":{"partida":"357016662","cca":"35700010000000000000006970000000000004200C","tipo":"Urbano","sup_m2":4727.9},"geometry":{"type":"Polygon","coordinates":[[[-58.555015,-34.401346],[-58.554492,-34.401058],[-58.553307,-34.40182],[-58.553409,-34.401846],[-58.553553,-34.401859],[-58.555015,-34.401346]]]}},{"type":"Feature","properties":{"partida":"357016663","cca":"35700010000000000000006970000000000004200D","tipo":"Urbano","sup_m2":5352.5},"geometry":{"type":"Polygon","coordinates":[[[-58.555015,-34.401346],[-58.553553,-34.401859],[-58.553596,-34.401864],[-58.553638,-34.401875],[-58.553712,-34.401905],[-58.553748,-34.401934],[-58.553768,-34.401955],[-58.553805,-34.402018],[-58.555541,-34.401636],[-58.555015,-34.401346]]]}},{"type":"Feature","properties":{"partida":"357016664","cca":"35700010000000000000006970000000000004200E","tipo":"Urbano","sup_m2":4066.2},"geometry":{"type":"Polygon","coordinates":[[[-58.555541,-34.401636],[-58.553839,-34.402011],[-58.553805,-34.402018],[-58.553844,-34.402072],[-58.553884,-34.402117],[-58.553913,-34.402167],[-58.553922,-34.402177],[-58.553931,-34.402196],[-58.555733,-34.401849],[-58.555639,-34.401792],[-58.555541,-34.401636]]]}},{"type":"Feature","properties":{"partida":"357017528","cca":"35700010000000000000006970000000000004200F","tipo":"Rural","sup_m2":105653.9},"geometry":{"type":"Polygon","coordinates":[[[-58.556181,-34.402123],[-58.555733,-34.401849],[-58.553931,-34.402196],[-58.552492,-34.402608],[-58.553528,-34.404975],[-58.557423,-34.404248],[-58.557708,-34.404189],[-58.557537,-34.404017],[-58.557303,-34.403633],[-58.557134,-34.403343],[-58.556395,-34.402303],[-58.556181,-34.402123]]]}},{"type":"Feature","properties":{"partida":"357016665","cca":"35700010000000000000006970000000000004200G","tipo":"Urbano","sup_m2":2201.4},"geometry":{"type":"Polygon","coordinates":[[[-58.551742,-34.399767],[-58.551813,-34.399787],[-58.551835,-34.399659],[-58.551875,-34.399528],[-58.551888,-34.399496],[-58.551902,-34.399471],[-58.551912,-34.399422],[-58.551929,-34.399385],[-58.552002,-34.399126],[-58.551452,-34.398995],[-58.551742,-34.399767]]]}},{"type":"Feature","properties":{"partida":"357016666","cca":"35700010000000000000006970000000000004200H","tipo":"Urbano","sup_m2":2056.2},"geometry":{"type":"Polygon","coordinates":[[[-58.551146,-34.398962],[-58.551475,-34.39969],[-58.551742,-34.399767],[-58.551452,-34.398995],[-58.551267,-34.398951],[-58.551146,-34.398962]]]}},{"type":"Feature","properties":{"partida":"357016667","cca":"35700010000000000000006970000000000004200J","tipo":"Urbano","sup_m2":2065.8},"geometry":{"type":"Polygon","coordinates":[[[-58.551146,-34.398962],[-58.551004,-34.398975],[-58.550918,-34.399031],[-58.551067,-34.399359],[-58.551275,-34.399833],[-58.551475,-34.39969],[-58.551146,-34.398962]]]}},{"type":"Feature","properties":{"partida":"357016668","cca":"35700010000000000000006970000000000004200K","tipo":"Urbano","sup_m2":854.8},"geometry":{"type":"Polygon","coordinates":[[[-58.551475,-34.39969],[-58.551275,-34.399833],[-58.55177,-34.399973],[-58.551783,-34.399942],[-58.551793,-34.399898],[-58.551806,-34.39986],[-58.551813,-34.399787],[-58.551475,-34.39969]]]}},{"type":"Feature","properties":{"partida":"357016669","cca":"35700010000000000000006970000000000004200M","tipo":"Urbano","sup_m2":852.1},"geometry":{"type":"Polygon","coordinates":[[[-58.551372,-34.400055],[-58.551736,-34.400156],[-58.551753,-34.400077],[-58.551758,-34.400031],[-58.551765,-34.40001],[-58.55177,-34.399973],[-58.551275,-34.399833],[-58.551372,-34.400055]]]}},{"type":"Feature","properties":{"partida":"357016670","cca":"35700010000000000000006970000000000004200N","tipo":"Urbano","sup_m2":840.2},"geometry":{"type":"Polygon","coordinates":[[[-58.551372,-34.400055],[-58.551577,-34.400522],[-58.551644,-34.400503],[-58.551641,-34.400438],[-58.551651,-34.400392],[-58.551705,-34.400283],[-58.551714,-34.400222],[-58.551736,-34.400156],[-58.551372,-34.400055]]]}},{"type":"Feature","properties":{"partida":"357016671","cca":"35700010000000000000006970000000000004200P","tipo":"Urbano","sup_m2":893.5},"geometry":{"type":"Polygon","coordinates":[[[-58.551577,-34.400522],[-58.551628,-34.400639],[-58.551858,-34.401164],[-58.551986,-34.400773],[-58.551855,-34.400743],[-58.551823,-34.400729],[-58.551749,-34.400682],[-58.551725,-34.400657],[-58.55168,-34.400589],[-58.551654,-34.400532],[-58.551644,-34.400503],[-58.551577,-34.400522]]]}},{"type":"Feature","properties":{"partida":"357016672","cca":"35700010000000000000006970000000000004200Q","tipo":"Urbano","sup_m2":1239.7},"geometry":{"type":"Polygon","coordinates":[[[-58.551995,-34.401476],[-58.5522,-34.400827],[-58.552145,-34.400811],[-58.55209,-34.4008],[-58.551986,-34.400773],[-58.551858,-34.401164],[-58.551995,-34.401476]]]}},{"type":"Feature","properties":{"partida":"357016673","cca":"35700010000000000000006970000000000004200R","tipo":"Urbano","sup_m2":1542.0},"geometry":{"type":"Polygon","coordinates":[[[-58.551995,-34.401476],[-58.551999,-34.401485],[-58.55227,-34.401402],[-58.552444,-34.400926],[-58.552374,-34.40089],[-58.5522,-34.400827],[-58.551995,-34.401476]]]}},{"type":"Feature","properties":{"partida":"357016674","cca":"35700010000000000000006970000000000004200S","tipo":"Urbano","sup_m2":878.8},"geometry":{"type":"Polygon","coordinates":[[[-58.55227,-34.401402],[-58.55266,-34.401282],[-58.552629,-34.40123],[-58.552554,-34.401078],[-58.552506,-34.401006],[-58.55248,-34.400955],[-58.552466,-34.400937],[-58.552444,-34.400926],[-58.55227,-34.401402]]]}},{"type":"Feature","properties":{"partida":"357016675","cca":"35700010000000000000006970000000000004200T","tipo":"Urbano","sup_m2":1327.9},"geometry":{"type":"Polygon","coordinates":[[[-58.552076,-34.40166],[-58.552745,-34.401446],[-58.552723,-34.401391],[-58.552709,-34.401367],[-58.552705,-34.401349],[-58.55266,-34.401282],[-58.551999,-34.401485],[-58.552076,-34.40166]]]}},{"type":"Feature","properties":{"partida":"357016676","cca":"35700010000000000000006970000000000004200U","tipo":"Urbano","sup_m2":1361.5},"geometry":{"type":"Polygon","coordinates":[[[-58.552076,-34.40166],[-58.55215,-34.401828],[-58.552834,-34.40162],[-58.552804,-34.40156],[-58.552785,-34.401509],[-58.552745,-34.401446],[-58.552076,-34.40166]]]}},{"type":"Feature","properties":{"partida":"357016677","cca":"35700010000000000000006970000000000004200V","tipo":"Urbano","sup_m2":2336.5},"geometry":{"type":"Polygon","coordinates":[[[-58.55215,-34.401828],[-58.552308,-34.402188],[-58.552983,-34.401804],[-58.552954,-34.401789],[-58.552944,-34.401776],[-58.552911,-34.401721],[-58.552834,-34.40162],[-58.55215,-34.401828]]]}},{"type":"Feature","properties":{"partida":"357016678","cca":"35700010000000000000006970000000000004200W","tipo":"Urbano","sup_m2":2686.1},"geometry":{"type":"Polygon","coordinates":[[[-58.552308,-34.402188],[-58.552492,-34.402608],[-58.553147,-34.401879],[-58.553161,-34.40186],[-58.553146,-34.401858],[-58.553063,-34.401834],[-58.552983,-34.401804],[-58.552308,-34.402188]]]}},{"type":"Feature","properties":{"partida":"357016679","cca":"35700010000000000000006970000000000004200X","tipo":"Urbano","sup_m2":2807.3},"geometry":{"type":"Polygon","coordinates":[[[-58.552492,-34.402608],[-58.553278,-34.402383],[-58.553393,-34.401912],[-58.55335,-34.4019],[-58.553161,-34.40186],[-58.553147,-34.401879],[-58.552492,-34.402608]]]}},{"type":"Feature","properties":{"partida":"357016680","cca":"35700010000000000000006970000000000004200Y","tipo":"Urbano","sup_m2":1546.1},"geometry":{"type":"Polygon","coordinates":[[[-58.553278,-34.402383],[-58.553823,-34.402226],[-58.553817,-34.402197],[-58.5538,-34.402161],[-58.553732,-34.402049],[-58.553688,-34.402005],[-58.553655,-34.401979],[-58.553628,-34.401962],[-58.553462,-34.401936],[-58.553442,-34.401928],[-58.553428,-34.401919],[-58.553406,-34.401917],[-58.553393,-34.401912],[-58.553278,-34.402383]]]}},{"type":"Feature","properties":{"partida":"357016681","cca":"357000100000000000000069700000000000043000","tipo":"Urbano","sup_m2":4944.6},"geometry":{"type":"Polygon","coordinates":[[[-58.550306,-34.399573],[-58.551398,-34.400115],[-58.551067,-34.399359],[-58.550918,-34.399031],[-58.550617,-34.399229],[-58.550306,-34.399573]]]}},{"type":"Feature","properties":{"partida":"357016682","cca":"357000100000000000000069700000000000044000","tipo":"Urbano","sup_m2":2575.9},"geometry":{"type":"Polygon","coordinates":[[[-58.550306,-34.399573],[-58.550174,-34.399719],[-58.551512,-34.400375],[-58.551398,-34.400115],[-58.550306,-34.399573]]]}},{"type":"Feature","properties":{"partida":"357016683","cca":"357000100000000000000069700000000000045000","tipo":"Urbano","sup_m2":3207.5},"geometry":{"type":"Polygon","coordinates":[[[-58.550174,-34.399719],[-58.550098,-34.399803],[-58.550053,-34.399883],[-58.551628,-34.400639],[-58.551512,-34.400375],[-58.550174,-34.399719]]]}},{"type":"Feature","properties":{"partida":"357016684","cca":"357000100000000000000069700000000000046000","tipo":"Urbano","sup_m2":3732.9},"geometry":{"type":"Polygon","coordinates":[[[-58.550053,-34.399883],[-58.549957,-34.400055],[-58.551748,-34.400913],[-58.551628,-34.400639],[-58.550053,-34.399883]]]}},{"type":"Feature","properties":{"partida":"357016685","cca":"357000100000000000000069700000000000047000","tipo":"Urbano","sup_m2":4433.1},"geometry":{"type":"Polygon","coordinates":[[[-58.549957,-34.400055],[-58.549854,-34.400238],[-58.551872,-34.401196],[-58.551748,-34.400913],[-58.549957,-34.400055]]]}},{"type":"Feature","properties":{"partida":"357016686","cca":"357000100000000000000069700000000000048000","tipo":"Urbano","sup_m2":4829.9},"geometry":{"type":"Polygon","coordinates":[[[-58.551995,-34.401476],[-58.551872,-34.401196],[-58.549854,-34.400238],[-58.549755,-34.400415],[-58.551995,-34.401476]]]}},{"type":"Feature","properties":{"partida":"357016687","cca":"35700010000000000000006970000000000004900A","tipo":"Urbano","sup_m2":1498.7},"geometry":{"type":"Polygon","coordinates":[[[-58.549721,-34.400604],[-58.550401,-34.400923],[-58.550508,-34.400771],[-58.549755,-34.400415],[-58.549745,-34.400433],[-58.549721,-34.400604]]]}},{"type":"Feature","properties":{"partida":"357016688","cca":"35700010000000000000006970000000000005000A","tipo":"Urbano","sup_m2":12587.2},"geometry":{"type":"Polygon","coordinates":[[[-58.549721,-34.400604],[-58.549672,-34.400965],[-58.549658,-34.400977],[-58.551668,-34.40195],[-58.552101,-34.401718],[-58.551995,-34.401476],[-58.550508,-34.400771],[-58.550401,-34.400923],[-58.549721,-34.400604]]]}},{"type":"Feature","properties":{"partida":"357016689","cca":"357000100000000000000069700000000000052000","tipo":"Urbano","sup_m2":4770.2},"geometry":{"type":"Polygon","coordinates":[[[-58.549467,-34.401148],[-58.551464,-34.402059],[-58.551668,-34.40195],[-58.549658,-34.400977],[-58.549467,-34.401148]]]}},{"type":"Feature","properties":{"partida":"357016690","cca":"357000100000000000000069700000000000053000","tipo":"Urbano","sup_m2":4402.0},"geometry":{"type":"Polygon","coordinates":[[[-58.549467,-34.401148],[-58.549496,-34.401261],[-58.549372,-34.401356],[-58.551257,-34.40217],[-58.551464,-34.402059],[-58.549467,-34.401148]]]}},{"type":"Feature","properties":{"partida":"357016691","cca":"357000100000000000000069700000000000054000","tipo":"Urbano","sup_m2":3815.9},"geometry":{"type":"Polygon","coordinates":[[[-58.549353,-34.401371],[-58.549448,-34.401456],[-58.549459,-34.401633],[-58.551052,-34.40228],[-58.551257,-34.40217],[-58.549372,-34.401356],[-58.549353,-34.401371]]]}},{"type":"Feature","properties":{"partida":"357016692","cca":"357000100000000000000069700000000000055000","tipo":"Urbano","sup_m2":3501.1},"geometry":{"type":"Polygon","coordinates":[[[-58.549459,-34.401633],[-58.54948,-34.401953],[-58.549472,-34.402118],[-58.5509,-34.402218],[-58.549459,-34.401633]]]}},{"type":"Feature","properties":{"partida":"357016693","cca":"357000100000000000000069700000000000056000","tipo":"Urbano","sup_m2":3020.2},"geometry":{"type":"Polygon","coordinates":[[[-58.551052,-34.40228],[-58.5509,-34.402218],[-58.549472,-34.402118],[-58.549463,-34.40232],[-58.550808,-34.402411],[-58.551052,-34.40228]]]}},{"type":"Feature","properties":{"partida":"357016694","cca":"357000100000000000000069700000000000057000","tipo":"Urbano","sup_m2":2327.0},"geometry":{"type":"Polygon","coordinates":[[[-58.549463,-34.40232],[-58.549453,-34.402528],[-58.549766,-34.402533],[-58.550504,-34.402573],[-58.550808,-34.402411],[-58.549463,-34.40232]]]}},{"type":"Feature","properties":{"partida":"357016695","cca":"357000100000000000000069700000000000058000","tipo":"Urbano","sup_m2":2673.4},"geometry":{"type":"Polygon","coordinates":[[[-58.549453,-34.402528],[-58.549452,-34.402564],[-58.549425,-34.402749],[-58.550633,-34.402814],[-58.550504,-34.402573],[-58.549766,-34.402533],[-58.549453,-34.402528]]]}},{"type":"Feature","properties":{"partida":"357016696","cca":"357000100000000000000069700000000000059000","tipo":"Urbano","sup_m2":3104.7},"geometry":{"type":"Polygon","coordinates":[[[-58.549425,-34.402749],[-58.54939,-34.402995],[-58.549551,-34.402995],[-58.550761,-34.403051],[-58.550633,-34.402814],[-58.549425,-34.402749]]]}},{"type":"Feature","properties":{"partida":"357016697","cca":"357000100000000000000069700000000000060000","tipo":"Urbano","sup_m2":2957.3},"geometry":{"type":"Polygon","coordinates":[[[-58.550761,-34.403051],[-58.549551,-34.402995],[-58.54939,-34.402995],[-58.549386,-34.403024],[-58.549488,-34.403213],[-58.550559,-34.403267],[-58.550813,-34.403146],[-58.550761,-34.403051]]]}},{"type":"Feature","properties":{"partida":"357016698","cca":"357000100000000000000069700000000000061000","tipo":"Urbano","sup_m2":2474.3},"geometry":{"type":"Polygon","coordinates":[[[-58.549653,-34.403708],[-58.549782,-34.403638],[-58.550559,-34.403267],[-58.549488,-34.403213],[-58.549639,-34.403494],[-58.549653,-34.403708]]]}},{"type":"Feature","properties":{"partida":"357016699","cca":"357000100000000000000069700000000000062000","tipo":"Urbano","sup_m2":3106.5},"geometry":{"type":"Polygon","coordinates":[[[-58.549667,-34.403933],[-58.549928,-34.403819],[-58.550925,-34.40335],[-58.550813,-34.403146],[-58.549782,-34.403638],[-58.549653,-34.403708],[-58.549667,-34.403933]]]}},{"type":"Feature","properties":{"partida":"357016700","cca":"357000100000000000000069700000000000063000","tipo":"Urbano","sup_m2":3278.9},"geometry":{"type":"Polygon","coordinates":[[[-58.549667,-34.403933],[-58.549671,-34.403996],[-58.549819,-34.404124],[-58.551038,-34.403554],[-58.550925,-34.40335],[-58.549928,-34.403819],[-58.549667,-34.403933]]]}},{"type":"Feature","properties":{"partida":"357016701","cca":"357000100000000000000069700000000000064000","tipo":"Urbano","sup_m2":3272.3},"geometry":{"type":"Polygon","coordinates":[[[-58.551038,-34.403554],[-58.549819,-34.404124],[-58.549924,-34.404216],[-58.549968,-34.404323],[-58.551155,-34.40377],[-58.551038,-34.403554]]]}},{"type":"Feature","properties":{"partida":"357016702","cca":"357000100000000000000069700000000000065000","tipo":"Urbano","sup_m2":3175.9},"geometry":{"type":"Polygon","coordinates":[[[-58.549968,-34.404323],[-58.550058,-34.404541],[-58.550149,-34.404504],[-58.551265,-34.403973],[-58.551155,-34.40377],[-58.549968,-34.404323]]]}},{"type":"Feature","properties":{"partida":"357016703","cca":"357000100000000000000069700000000000066000","tipo":"Urbano","sup_m2":3259.3},"geometry":{"type":"Polygon","coordinates":[[[-58.550058,-34.404541],[-58.550148,-34.404757],[-58.550297,-34.404695],[-58.551377,-34.404185],[-58.551265,-34.403973],[-58.550149,-34.404504],[-58.550058,-34.404541]]]}},{"type":"Feature","properties":{"partida":"357016704","cca":"357000100000000000000069700000000000067000","tipo":"Urbano","sup_m2":3146.8},"geometry":{"type":"Polygon","coordinates":[[[-58.550148,-34.404757],[-58.550158,-34.404782],[-58.550368,-34.404922],[-58.551487,-34.404396],[-58.551377,-34.404185],[-58.550297,-34.404695],[-58.550148,-34.404757]]]}},{"type":"Feature","properties":{"partida":"357016705","cca":"357000100000000000000069700000000000068000","tipo":"Urbano","sup_m2":2868.7},"geometry":{"type":"Polygon","coordinates":[[[-58.550603,-34.405077],[-58.551598,-34.40461],[-58.551487,-34.404396],[-58.550368,-34.404922],[-58.550603,-34.405077]]]}},{"type":"Feature","properties":{"partida":"357016706","cca":"357000100000000000000069700000000000069000","tipo":"Urbano","sup_m2":2501.1},"geometry":{"type":"Polygon","coordinates":[[[-58.550603,-34.405077],[-58.550833,-34.40523],[-58.551709,-34.404823],[-58.551598,-34.40461],[-58.550603,-34.405077]]]}},{"type":"Feature","properties":{"partida":"357016707","cca":"357000100000000000000069700000000000070000","tipo":"Urbano","sup_m2":3384.1},"geometry":{"type":"Polygon","coordinates":[[[-58.550924,-34.40529],[-58.551007,-34.405399],[-58.551036,-34.405402],[-58.551055,-34.405412],[-58.551067,-34.405429],[-58.551093,-34.405453],[-58.551139,-34.405474],[-58.551171,-34.405482],[-58.55122,-34.405474],[-58.551289,-34.405438],[-58.551358,-34.405406],[-58.551458,-34.405343],[-58.551528,-34.405316],[-58.551706,-34.40523],[-58.551822,-34.405182],[-58.551872,-34.40517],[-58.551897,-34.405167],[-58.551814,-34.405026],[-58.551709,-34.404823],[-58.550833,-34.40523],[-58.550924,-34.40529]]]}},{"type":"Feature","properties":{"partida":"357016709","cca":"357000100000000000000069700000000000072000","tipo":"Rural","sup_m2":55714.0},"geometry":{"type":"Polygon","coordinates":[[[-58.550813,-34.403146],[-58.551265,-34.403973],[-58.551814,-34.405026],[-58.551897,-34.405167],[-58.552005,-34.405154],[-58.552027,-34.405155],[-58.552053,-34.405152],[-58.552103,-34.405139],[-58.552185,-34.405131],[-58.552326,-34.405102],[-58.552375,-34.405096],[-58.552491,-34.405102],[-58.552522,-34.4051],[-58.552641,-34.405082],[-58.552693,-34.405081],[-58.552745,-34.405074],[-58.552772,-34.405074],[-58.552844,-34.405068],[-58.552903,-34.405069],[-58.552983,-34.405063],[-58.553011,-34.405056],[-58.553062,-34.40505],[-58.553283,-34.405001],[-58.553528,-34.404975],[-58.552101,-34.401718],[-58.550504,-34.402573],[-58.550813,-34.403146]]]}},{"type":"Feature","properties":{"partida":"357016710","cca":"357000100000000000000069700000000000073000","tipo":"Rural","sup_m2":138301.0},"geometry":{"type":"Polygon","coordinates":[[[-58.550924,-34.40529],[-58.550824,-34.406055],[-58.551204,-34.406614],[-58.550985,-34.40717],[-58.551153,-34.407567],[-58.551002,-34.407885],[-58.551236,-34.408231],[-58.556971,-34.406162],[-58.556732,-34.406088],[-58.556099,-34.405847],[-58.556655,-34.405154],[-58.557423,-34.404248],[-58.553528,-34.404975],[-58.553283,-34.405001],[-58.553062,-34.40505],[-58.553011,-34.405056],[-58.552983,-34.405063],[-58.552903,-34.405069],[-58.552844,-34.405068],[-58.552772,-34.405074],[-58.552745,-34.405074],[-58.552693,-34.405081],[-58.552641,-34.405082],[-58.552522,-34.4051],[-58.552491,-34.405102],[-58.552375,-34.405096],[-58.552326,-34.405102],[-58.552185,-34.405131],[-58.552103,-34.405139],[-58.552053,-34.405152],[-58.552027,-34.405155],[-58.552005,-34.405154],[-58.551872,-34.40517],[-58.551822,-34.405182],[-58.551706,-34.40523],[-58.551528,-34.405316],[-58.551458,-34.405343],[-58.551358,-34.405406],[-58.551289,-34.405438],[-58.55122,-34.405474],[-58.551171,-34.405482],[-58.551139,-34.405474],[-58.551093,-34.405453],[-58.551067,-34.405429],[-58.551055,-34.405412],[-58.551036,-34.405402],[-58.551007,-34.405399],[-58.550924,-34.40529]]]}},{"type":"Feature","properties":{"partida":"357016715","cca":"35700010000000000000006980000000000000200B","tipo":"Rural","sup_m2":353486.0},"geometry":{"type":"Polygon","coordinates":[[[-58.540433,-34.398355],[-58.54005,-34.39786],[-58.53793,-34.395185],[-58.537824,-34.394969],[-58.53731,-34.394031],[-58.535941,-34.391905],[-58.535898,-34.391809],[-58.535366,-34.390879],[-58.534838,-34.389994],[-58.534525,-34.389457],[-58.534286,-34.389343],[-58.534048,-34.389317],[-58.533784,-34.389361],[-58.533473,-34.389326],[-58.533286,-34.389344],[-58.533029,-34.389414],[-58.532649,-34.389594],[-58.532371,-34.389795],[-58.532346,-34.389918],[-58.532503,-34.389997],[-58.532851,-34.389994],[-58.533152,-34.390074],[-58.533597,-34.390648],[-58.533736,-34.391068],[-58.533704,-34.391418],[-58.539886,-34.400838],[-58.54086,-34.402285],[-58.541051,-34.401594],[-58.541152,-34.401197],[-58.541145,-34.401607],[-58.540957,-34.402417],[-58.543769,-34.406481],[-58.543682,-34.406158],[-58.543713,-34.405858],[-58.543752,-34.405661],[-58.544049,-34.405125],[-58.544275,-34.404708],[-58.544515,-34.404319],[-58.544769,-34.404031],[-58.544916,-34.403915],[-58.541264,-34.399285],[-58.540433,-34.398355]]]}},{"type":"Feature","properties":{"partida":"357017856","cca":"35700010000000000000006980000000000000200F","tipo":"Urbano","sup_m2":6242.2},"geometry":{"type":"Polygon","coordinates":[[[-58.540298,-34.405441],[-58.539548,-34.403986],[-58.539345,-34.40404],[-58.540133,-34.406041],[-58.540308,-34.405843],[-58.540334,-34.405624],[-58.540298,-34.405441]]]}},{"type":"Feature","properties":{"partida":"357017857","cca":"35700010000000000000006980000000000000200G","tipo":"Urbano","sup_m2":4789.6},"geometry":{"type":"Polygon","coordinates":[[[-58.539949,-34.406132],[-58.540059,-34.406083],[-58.540133,-34.406041],[-58.539345,-34.40404],[-58.539123,-34.404099],[-58.539949,-34.406132]]]}},{"type":"Feature","properties":{"partida":"357017858","cca":"35700010000000000000006980000000000000200H","tipo":"Urbano","sup_m2":4446.2},"geometry":{"type":"Polygon","coordinates":[[[-58.539773,-34.406193],[-58.539949,-34.406132],[-58.539123,-34.404099],[-58.538919,-34.404153],[-58.539773,-34.406193]]]}},{"type":"Feature","properties":{"partida":"357017859","cca":"35700010000000000000006980000000000000200J","tipo":"Urbano","sup_m2":4726.7},"geometry":{"type":"Polygon","coordinates":[[[-58.539564,-34.406249],[-58.539654,-34.406221],[-58.539773,-34.406193],[-58.538919,-34.404153],[-58.53872,-34.404206],[-58.539564,-34.406249]]]}},{"type":"Feature","properties":{"partida":"357017860","cca":"35700010000000000000006980000000000000200K","tipo":"Urbano","sup_m2":5042.7},"geometry":{"type":"Polygon","coordinates":[[[-58.539355,-34.406323],[-58.539564,-34.406249],[-58.53872,-34.404206],[-58.538501,-34.404264],[-58.539355,-34.406323]]]}},{"type":"Feature","properties":{"partida":"357017861","cca":"35700010000000000000006980000000000000200M","tipo":"Urbano","sup_m2":4432.8},"geometry":{"type":"Polygon","coordinates":[[[-58.539169,-34.406398],[-58.539355,-34.406323],[-58.538501,-34.404264],[-58.538319,-34.404312],[-58.539169,-34.406398]]]}},{"type":"Feature","properties":{"partida":"357017862","cca":"35700010000000000000006980000000000000200N","tipo":"Urbano","sup_m2":4823.0},"geometry":{"type":"Polygon","coordinates":[[[-58.538992,-34.406475],[-58.539169,-34.406398],[-58.538319,-34.404312],[-58.5381,-34.40437],[-58.538992,-34.406475]]]}},{"type":"Feature","properties":{"partida":"357017863","cca":"35700010000000000000006980000000000000200P","tipo":"Urbano","sup_m2":4319.7},"geometry":{"type":"Polygon","coordinates":[[[-58.538847,-34.406563],[-58.538992,-34.406475],[-58.5381,-34.40437],[-58.537907,-34.404422],[-58.538847,-34.406563]]]}},{"type":"Feature","properties":{"partida":"357017864","cca":"35700010000000000000006980000000000000200Q","tipo":"Urbano","sup_m2":5070.8},"geometry":{"type":"Polygon","coordinates":[[[-58.538651,-34.406619],[-58.538847,-34.406563],[-58.537907,-34.404422],[-58.537689,-34.40448],[-58.538651,-34.406619]]]}},{"type":"Feature","properties":{"partida":"357017865","cca":"35700010000000000000006980000000000000200R","tipo":"Urbano","sup_m2":4586.0},"geometry":{"type":"Polygon","coordinates":[[[-58.538484,-34.406683],[-58.538545,-34.406662],[-58.538651,-34.406619],[-58.537689,-34.40448],[-58.537491,-34.404532],[-58.538484,-34.406683]]]}},{"type":"Feature","properties":{"partida":"357017866","cca":"35700010000000000000006980000000000000200S","tipo":"Urbano","sup_m2":5101.1},"geometry":{"type":"Polygon","coordinates":[[[-58.538484,-34.406683],[-58.537491,-34.404532],[-58.537251,-34.404596],[-58.538335,-34.406776],[-58.5384,-34.406703],[-58.538484,-34.406683]]]}},{"type":"Feature","properties":{"partida":null,"cca":"35700010000000000000006980000000000000200T","tipo":null,"sup_m2":11026.1},"geometry":{"type":"Polygon","coordinates":[[[-58.540374,-34.412679],[-58.540451,-34.412625],[-58.540595,-34.412557],[-58.539063,-34.408578],[-58.53882,-34.408642],[-58.540114,-34.412015],[-58.540374,-34.412679]]]}},{"type":"Feature","properties":{"partida":null,"cca":"35700010000000000000006980000000000000200U","tipo":null,"sup_m2":8576.0},"geometry":{"type":"Polygon","coordinates":[[[-58.540595,-34.412557],[-58.540656,-34.412318],[-58.540668,-34.412191],[-58.539268,-34.408525],[-58.539063,-34.408578],[-58.540595,-34.412557]]]}},{"type":"Feature","properties":{"partida":null,"cca":"35700010000000000000006980000000000000200V","tipo":null,"sup_m2":9381.9},"geometry":{"type":"Polygon","coordinates":[[[-58.539487,-34.408467],[-58.539268,-34.408525],[-58.540668,-34.412191],[-58.540849,-34.411954],[-58.539487,-34.408467]]]}},{"type":"Feature","properties":{"partida":"357017870","cca":"35700010000000000000006980000000000000200W","tipo":"Urbano","sup_m2":7430.5},"geometry":{"type":"Polygon","coordinates":[[[-58.539487,-34.408467],[-58.540849,-34.411954],[-58.540985,-34.411782],[-58.539689,-34.408414],[-58.539487,-34.408467]]]}},{"type":"Feature","properties":{"partida":"357017871","cca":"35700010000000000000006980000000000000200X","tipo":"Urbano","sup_m2":8452.8},"geometry":{"type":"Polygon","coordinates":[[[-58.540985,-34.411782],[-58.541162,-34.411555],[-58.539907,-34.408357],[-58.539689,-34.408414],[-58.540985,-34.411782]]]}},{"type":"Feature","properties":{"partida":"357017872","cca":"35700010000000000000006980000000000000200Y","tipo":"Urbano","sup_m2":6370.7},"geometry":{"type":"Polygon","coordinates":[[[-58.540097,-34.408307],[-58.539907,-34.408357],[-58.541162,-34.411555],[-58.54128,-34.411375],[-58.540097,-34.408307]]]}},{"type":"Feature","properties":{"partida":"357017873","cca":"35700010000000000000006980000000000000200Z","tipo":"Urbano","sup_m2":7178.8},"geometry":{"type":"Polygon","coordinates":[[[-58.54128,-34.411375],[-58.5414,-34.411227],[-58.54144,-34.411182],[-58.540311,-34.408251],[-58.540097,-34.408307],[-58.54128,-34.411375]]]}},{"type":"Feature","properties":{"partida":"357017874","cca":"3570001000000000000000698000000000000020AA","tipo":"Urbano","sup_m2":6398.4},"geometry":{"type":"Polygon","coordinates":[[[-58.541576,-34.410972],[-58.540512,-34.408198],[-58.540311,-34.408251],[-58.54144,-34.411182],[-58.541495,-34.411123],[-58.541576,-34.410972]]]}},{"type":"Feature","properties":{"partida":"357017875","cca":"3570001000000000000000698000000000000020BB","tipo":"Urbano","sup_m2":6342.8},"geometry":{"type":"Polygon","coordinates":[[[-58.540512,-34.408198],[-58.541576,-34.410972],[-58.541739,-34.410792],[-58.540717,-34.408144],[-58.540512,-34.408198]]]}},{"type":"Feature","properties":{"partida":"357017876","cca":"3570001000000000000000698000000000000020CC","tipo":"Urbano","sup_m2":6227.8},"geometry":{"type":"Polygon","coordinates":[[[-58.540938,-34.408086],[-58.540717,-34.408144],[-58.541739,-34.410792],[-58.541885,-34.410561],[-58.540938,-34.408086]]]}},{"type":"Feature","properties":{"partida":"357017877","cca":"3570001000000000000000698000000000000020DD","tipo":"Urbano","sup_m2":5723.7},"geometry":{"type":"Polygon","coordinates":[[[-58.541885,-34.410561],[-58.542048,-34.410348],[-58.54114,-34.408033],[-58.540938,-34.408086],[-58.541885,-34.410561]]]}},{"type":"Feature","properties":{"partida":"357017878","cca":"3570001000000000000000698000000000000020EE","tipo":"Urbano","sup_m2":4848.8},"geometry":{"type":"Polygon","coordinates":[[[-58.541331,-34.407983],[-58.54114,-34.408033],[-58.542048,-34.410348],[-58.542198,-34.410198],[-58.541331,-34.407983]]]}},{"type":"Feature","properties":{"partida":"357017879","cca":"3570001000000000000000698000000000000020FF","tipo":"Urbano","sup_m2":7235.5},"geometry":{"type":"Polygon","coordinates":[[[-58.541331,-34.407983],[-58.542198,-34.410198],[-58.542485,-34.409788],[-58.541534,-34.40793],[-58.541331,-34.407983]]]}},{"type":"Feature","properties":{"partida":"357017880","cca":"3570001000000000000000698000000000000020GG","tipo":"Urbano","sup_m2":6767.3},"geometry":{"type":"Polygon","coordinates":[[[-58.54114,-34.408033],[-58.541534,-34.40793],[-58.540451,-34.405775],[-58.540359,-34.406007],[-58.54114,-34.408033]]]}},{"type":"Feature","properties":{"partida":"357017881","cca":"3570001000000000000000698000000000000020HH","tipo":"Urbano","sup_m2":4635.3},"geometry":{"type":"Polygon","coordinates":[[[-58.540938,-34.408086],[-58.54114,-34.408033],[-58.540359,-34.406007],[-58.540178,-34.406145],[-58.540938,-34.408086]]]}},{"type":"Feature","properties":{"partida":"357017882","cca":"3570001000000000000000698000000000000020JJ","tipo":"Urbano","sup_m2":4796.8},"geometry":{"type":"Polygon","coordinates":[[[-58.540717,-34.408144],[-58.540938,-34.408086],[-58.540178,-34.406145],[-58.539971,-34.406248],[-58.540717,-34.408144]]]}},{"type":"Feature","properties":{"partida":"357017883","cca":"3570001000000000000000698000000000000020KK","tipo":"Urbano","sup_m2":4462.5},"geometry":{"type":"Polygon","coordinates":[[[-58.53976,-34.406309],[-58.540512,-34.408198],[-58.540717,-34.408144],[-58.539971,-34.406248],[-58.53976,-34.406309]]]}},{"type":"Feature","properties":{"partida":"357017884","cca":"3570001000000000000000698000000000000020MM","tipo":"Urbano","sup_m2":4233.4},"geometry":{"type":"Polygon","coordinates":[[[-58.540311,-34.408251],[-58.540512,-34.408198],[-58.53976,-34.406309],[-58.53957,-34.406383],[-58.540311,-34.408251]]]}},{"type":"Feature","properties":{"partida":"357017885","cca":"3570001000000000000000698000000000000020NN","tipo":"Urbano","sup_m2":4414.5},"geometry":{"type":"Polygon","coordinates":[[[-58.540097,-34.408307],[-58.540311,-34.408251],[-58.53957,-34.406383],[-58.539369,-34.406457],[-58.540097,-34.408307]]]}},{"type":"Feature","properties":{"partida":"357017886","cca":"3570001000000000000000698000000000000020PP","tipo":"Urbano","sup_m2":3900.1},"geometry":{"type":"Polygon","coordinates":[[[-58.540097,-34.408307],[-58.539369,-34.406457],[-58.539189,-34.406518],[-58.539907,-34.408357],[-58.540097,-34.408307]]]}},{"type":"Feature","properties":{"partida":"357017887","cca":"3570001000000000000000698000000000000020QQ","tipo":"Urbano","sup_m2":4379.0},"geometry":{"type":"Polygon","coordinates":[[[-58.539689,-34.408414],[-58.539907,-34.408357],[-58.539189,-34.406518],[-58.538993,-34.406609],[-58.539689,-34.408414]]]}},{"type":"Feature","properties":{"partida":"357017888","cca":"3570001000000000000000698000000000000020RR","tipo":"Urbano","sup_m2":4038.2},"geometry":{"type":"Polygon","coordinates":[[[-58.539487,-34.408467],[-58.539689,-34.408414],[-58.538993,-34.406609],[-58.53881,-34.406712],[-58.539487,-34.408467]]]}},{"type":"Feature","properties":{"partida":"357017889","cca":"3570001000000000000000698000000000000020SS","tipo":"Urbano","sup_m2":4267.3},"geometry":{"type":"Polygon","coordinates":[[[-58.538608,-34.406805],[-58.539268,-34.408525],[-58.539487,-34.408467],[-58.53881,-34.406712],[-58.538712,-34.406744],[-58.538608,-34.406805]]]}},{"type":"Feature","properties":{"partida":"357017890","cca":"3570001000000000000000698000000000000020TT","tipo":"Urbano","sup_m2":4048.4},"geometry":{"type":"Polygon","coordinates":[[[-58.539268,-34.408525],[-58.538608,-34.406805],[-58.538396,-34.406871],[-58.539063,-34.408578],[-58.539268,-34.408525]]]}},{"type":"Feature","properties":{"partida":"357017891","cca":"3570001000000000000000698000000000000020UU","tipo":"Urbano","sup_m2":4446.9},"geometry":{"type":"Polygon","coordinates":[[[-58.539063,-34.408578],[-58.538396,-34.406871],[-58.538273,-34.40692],[-58.538179,-34.406949],[-58.53882,-34.408642],[-58.539063,-34.408578]]]}},{"type":"Feature","properties":{"partida":null,"cca":"3570001000000000000000698000000000000020VV","tipo":null,"sup_m2":223799.9},"geometry":{"type":"Polygon","coordinates":[[[-58.537251,-34.404596],[-58.539548,-34.403986],[-58.538123,-34.401568],[-58.533122,-34.393114],[-58.532553,-34.395146],[-58.537251,-34.404596]]]}},{"type":"Feature","properties":{"partida":"357016718","cca":"35700010000000000000006980000000000000300A","tipo":"Rural","sup_m2":359725.7},"geometry":{"type":"Polygon","coordinates":[[[-58.542694,-34.410152],[-58.543321,-34.41055],[-58.552281,-34.411431],[-58.552439,-34.4094],[-58.552341,-34.409308],[-58.549861,-34.409253],[-58.549783,-34.408409],[-58.550128,-34.408422],[-58.551002,-34.407885],[-58.551153,-34.407567],[-58.550985,-34.40717],[-58.550756,-34.407152],[-58.550647,-34.407168],[-58.550543,-34.407171],[-58.550338,-34.407026],[-58.550229,-34.406982],[-58.55004,-34.406847],[-58.549937,-34.406789],[-58.549622,-34.406691],[-58.549417,-34.406542],[-58.5492,-34.406471],[-58.548998,-34.40643],[-58.548744,-34.406436],[-58.548511,-34.406385],[-58.548311,-34.406263],[-58.547837,-34.406016],[-58.547579,-34.405931],[-58.547347,-34.405868],[-58.547083,-34.405788],[-58.546821,-34.40563],[-58.546425,-34.405517],[-58.54542,-34.406076],[-58.544376,-34.406955],[-58.544322,-34.407079],[-58.544287,-34.407264],[-58.544387,-34.407452],[-58.545641,-34.408181],[-58.545748,-34.408333],[-58.545399,-34.408969],[-58.545406,-34.409197],[-58.545494,-34.409382],[-58.545333,-34.409199],[-58.545311,-34.408951],[-58.545482,-34.408665],[-58.545596,-34.408231],[-58.545094,-34.407981],[-58.544391,-34.407543],[-58.54428,-34.407644],[-58.54413,-34.407807],[-58.54396,-34.408118],[-58.542694,-34.410152]]]}},{"type":"Feature","properties":{"partida":"357017072","cca":"35700010000000000000006980000000000000300B","tipo":"Rural","sup_m2":375074.1},"geometry":{"type":"Polygon","coordinates":[[[-58.545621,-34.416166],[-58.545804,-34.415913],[-58.547116,-34.414142],[-58.552264,-34.411651],[-58.552281,-34.411431],[-58.543321,-34.41055],[-58.542694,-34.410152],[-58.542362,-34.410692],[-58.541757,-34.411486],[-58.541254,-34.412051],[-58.540989,-34.41262],[-58.540446,-34.413532],[-58.540266,-34.41379],[-58.539846,-34.41425],[-58.539099,-34.414867],[-58.538986,-34.415028],[-58.538883,-34.415083],[-58.538651,-34.415259],[-58.539415,-34.415654],[-58.546102,-34.413651],[-58.543993,-34.415097],[-58.545621,-34.416166]]]}},{"type":"Feature","properties":{"partida":"357016719","cca":"35700010000000000000006980000000000000400A","tipo":"Rural","sup_m2":95230.5},"geometry":{"type":"Polygon","coordinates":[[[-58.549639,-34.403494],[-58.549386,-34.403024],[-58.549452,-34.402564],[-58.54948,-34.401953],[-58.549448,-34.401456],[-58.549353,-34.401371],[-58.548933,-34.401536],[-58.547825,-34.402339],[-58.548744,-34.406436],[-58.548998,-34.40643],[-58.5492,-34.406471],[-58.549417,-34.406542],[-58.549622,-34.406691],[-58.549937,-34.406789],[-58.55004,-34.406847],[-58.550229,-34.406982],[-58.550338,-34.407026],[-58.550543,-34.407171],[-58.550647,-34.407168],[-58.550756,-34.407152],[-58.550985,-34.40717],[-58.551204,-34.406614],[-58.550824,-34.406055],[-58.550924,-34.40529],[-58.550158,-34.404782],[-58.549924,-34.404216],[-58.549671,-34.403996],[-58.549639,-34.403494]]]}},{"type":"Feature","properties":{"partida":"357017587","cca":"357000100000000000000069800000000000005000","tipo":"Rural","sup_m2":110227.0},"geometry":{"type":"Polygon","coordinates":[[[-58.546425,-34.405517],[-58.546821,-34.40563],[-58.547083,-34.405788],[-58.547347,-34.405868],[-58.547579,-34.405931],[-58.547837,-34.406016],[-58.548311,-34.406263],[-58.548511,-34.406385],[-58.548744,-34.406436],[-58.547825,-34.402339],[-58.54709,-34.402791],[-58.546397,-34.403189],[-58.545729,-34.403612],[-58.54514,-34.404039],[-58.54451,-34.404792],[-58.544145,-34.405413],[-58.543997,-34.405905],[-58.543941,-34.406081],[-58.543968,-34.406324],[-58.544009,-34.406307],[-58.544312,-34.40694],[-58.544477,-34.406793],[-58.544773,-34.40655],[-58.545348,-34.406011],[-58.546376,-34.405455],[-58.546425,-34.405517]]]}},{"type":"Feature","properties":{"partida":"357016716","cca":"357000100000000000000069800000000000008000","tipo":"Rural","sup_m2":191203.4},"geometry":{"type":"MultiPolygon","coordinates":[[[[-58.540298,-34.405441],[-58.54023,-34.404926],[-58.540343,-34.404132],[-58.54057,-34.403336],[-58.54086,-34.402285],[-58.539886,-34.400838],[-58.538123,-34.401568],[-58.539548,-34.403986],[-58.540298,-34.405441]]],[[[-58.540957,-34.402417],[-58.54073,-34.403252],[-58.540372,-34.404618],[-58.540319,-34.405097],[-58.540363,-34.405358],[-58.54047,-34.405679],[-58.540451,-34.405775],[-58.541534,-34.40793],[-58.542485,-34.409788],[-58.542777,-34.409316],[-58.542836,-34.409184],[-58.542987,-34.408894],[-58.543173,-34.408598],[-58.543344,-34.408304],[-58.543482,-34.408113],[-58.54369,-34.407781],[-58.543846,-34.407439],[-58.54398,-34.407196],[-58.544025,-34.406973],[-58.54391,-34.406715],[-58.543769,-34.406481],[-58.540957,-34.402417]]]]}},{"type":"Feature","properties":{"partida":"357000626","cca":"357000100000000000000069800D00000000015000","tipo":"Urbano","sup_m2":2065.9},"geometry":{"type":"Polygon","coordinates":[[[-58.540464,-34.398211],[-58.541306,-34.397775],[-58.541174,-34.397612],[-58.540309,-34.398051],[-58.540398,-34.398168],[-58.540464,-34.398211]]]}},{"type":"Feature","properties":{"partida":"357000623","cca":"357000100000000000000069800D00000000016000","tipo":"Urbano","sup_m2":1894.9},"geometry":{"type":"Polygon","coordinates":[[[-58.541437,-34.397937],[-58.541306,-34.397775],[-58.540464,-34.398211],[-58.540535,-34.398255],[-58.540659,-34.398339],[-58.541437,-34.397937]]]}},{"type":"Feature","properties":{"partida":"357000624","cca":"357000100000000000000069800D00000000017000","tipo":"Urbano","sup_m2":1741.0},"geometry":{"type":"Polygon","coordinates":[[[-58.541437,-34.397937],[-58.540659,-34.398339],[-58.540855,-34.398468],[-58.541567,-34.398097],[-58.541437,-34.397937]]]}},{"type":"Feature","properties":{"partida":"357000632","cca":"357000100000000000000069800D00000000018000","tipo":"Urbano","sup_m2":1579.5},"geometry":{"type":"Polygon","coordinates":[[[-58.541052,-34.398597],[-58.541695,-34.398254],[-58.541567,-34.398097],[-58.540855,-34.398468],[-58.541052,-34.398597]]]}},{"type":"Feature","properties":{"partida":"357000629","cca":"357000100000000000000069800D00000000019000","tipo":"Urbano","sup_m2":1279.5},"geometry":{"type":"Polygon","coordinates":[[[-58.541821,-34.39841],[-58.541695,-34.398254],[-58.541052,-34.398597],[-58.54125,-34.398688],[-58.541821,-34.39841]]]}},{"type":"Feature","properties":{"partida":"357000633","cca":"357000100000000000000069800D00000000020000","tipo":"Urbano","sup_m2":2872.5},"geometry":{"type":"Polygon","coordinates":[[[-58.54125,-34.398688],[-58.541724,-34.398944],[-58.541864,-34.399027],[-58.542215,-34.399138],[-58.542083,-34.398917],[-58.541821,-34.39841],[-58.54125,-34.398688]]]}},{"type":"Feature","properties":{"partida":"357000631","cca":"357000100000000000000069800D00000000021000","tipo":"Urbano","sup_m2":3057.5},"geometry":{"type":"Polygon","coordinates":[[[-58.542215,-34.399138],[-58.542877,-34.399144],[-58.543067,-34.399099],[-58.542955,-34.398975],[-58.542796,-34.398651],[-58.542083,-34.398917],[-58.542215,-34.399138]]]}},{"type":"Feature","properties":{"partida":"357016894","cca":"357000100000000000000069800D00000000022000","tipo":"Urbano","sup_m2":1337.1},"geometry":{"type":"Polygon","coordinates":[[[-58.542675,-34.398518],[-58.541996,-34.398748],[-58.542083,-34.398917],[-58.542796,-34.398651],[-58.542675,-34.398518]]]}},{"type":"Feature","properties":{"partida":"357016895","cca":"357000100000000000000069800D00000000023000","tipo":"Urbano","sup_m2":1356.3},"geometry":{"type":"Polygon","coordinates":[[[-58.541909,-34.398581],[-58.541996,-34.398748],[-58.542675,-34.398518],[-58.542571,-34.398354],[-58.541909,-34.398581]]]}},{"type":"Feature","properties":{"partida":"357016896","cca":"357000100000000000000069800D00000000024000","tipo":"Urbano","sup_m2":1437.8},"geometry":{"type":"Polygon","coordinates":[[[-58.542571,-34.398354],[-58.542528,-34.398271],[-58.542423,-34.398172],[-58.541821,-34.39841],[-58.541909,-34.398581],[-58.542571,-34.398354]]]}},{"type":"Feature","properties":{"partida":"357016897","cca":"357000100000000000000069800D00000000025000","tipo":"Urbano","sup_m2":1315.5},"geometry":{"type":"Polygon","coordinates":[[[-58.541821,-34.39841],[-58.542423,-34.398172],[-58.542312,-34.398008],[-58.54169,-34.398248],[-58.541821,-34.39841]]]}},{"type":"Feature","properties":{"partida":"357016898","cca":"357000100000000000000069800D00000000026000","tipo":"Urbano","sup_m2":1315.1},"geometry":{"type":"Polygon","coordinates":[[[-58.542221,-34.397847],[-58.541561,-34.398089],[-58.54169,-34.398248],[-58.542312,-34.398008],[-58.542221,-34.397847]]]}},{"type":"Feature","properties":{"partida":"357016899","cca":"357000100000000000000069800D00000000027000","tipo":"Urbano","sup_m2":1437.6},"geometry":{"type":"Polygon","coordinates":[[[-58.541432,-34.39793],[-58.541561,-34.398089],[-58.542221,-34.397847],[-58.542117,-34.397674],[-58.541432,-34.39793]]]}},{"type":"Feature","properties":{"partida":"357000662","cca":"357000100000000000000069800E00000000001000","tipo":"Urbano","sup_m2":2938.2},"geometry":{"type":"Polygon","coordinates":[[[-58.543936,-34.399446],[-58.543758,-34.399398],[-58.543503,-34.39928],[-58.543259,-34.399219],[-58.543118,-34.399142],[-58.542957,-34.399194],[-58.543035,-34.399278],[-58.543481,-34.399845],[-58.543936,-34.399446]]]}},{"type":"Feature","properties":{"partida":"357000659","cca":"357000100000000000000069800E00000000002000","tipo":"Urbano","sup_m2":1292.4},"geometry":{"type":"Polygon","coordinates":[[[-58.543597,-34.39999],[-58.54414,-34.399536],[-58.543936,-34.399446],[-58.543481,-34.399845],[-58.543597,-34.39999]]]}},{"type":"Feature","properties":{"partida":"357000523","cca":"357000100000000000000069800E00000000003000","tipo":"Urbano","sup_m2":1355.7},"geometry":{"type":"Polygon","coordinates":[[[-58.54414,-34.399536],[-58.543597,-34.39999],[-58.543712,-34.400133],[-58.544318,-34.399605],[-58.54414,-34.399536]]]}},{"type":"Feature","properties":{"partida":"357000661","cca":"357000100000000000000069800E00000000004000","tipo":"Urbano","sup_m2":1645.7},"geometry":{"type":"Polygon","coordinates":[[[-58.544526,-34.399677],[-58.544427,-34.399637],[-58.544318,-34.399605],[-58.543712,-34.400133],[-58.543827,-34.400275],[-58.544526,-34.399677]]]}},{"type":"Feature","properties":{"partida":"357000525","cca":"357000100000000000000069800E00000000005000","tipo":"Urbano","sup_m2":1849.7},"geometry":{"type":"Polygon","coordinates":[[[-58.544526,-34.399677],[-58.543827,-34.400275],[-58.543946,-34.400423],[-58.544718,-34.399756],[-58.54462,-34.399724],[-58.544526,-34.399677]]]}},{"type":"Feature","properties":{"partida":"357000522","cca":"357000100000000000000069800E00000000006000","tipo":"Urbano","sup_m2":1998.2},"geometry":{"type":"Polygon","coordinates":[[[-58.544476,-34.400211],[-58.544874,-34.399879],[-58.544718,-34.399756],[-58.543946,-34.400423],[-58.544062,-34.400568],[-58.544476,-34.400211]]]}},{"type":"Feature","properties":{"partida":"357000527","cca":"357000100000000000000069800E00000000007000","tipo":"Urbano","sup_m2":1420.8},"geometry":{"type":"Polygon","coordinates":[[[-58.544476,-34.400211],[-58.544062,-34.400568],[-58.544174,-34.400707],[-58.544725,-34.400402],[-58.544476,-34.400211]]]}},{"type":"Feature","properties":{"partida":"357000524","cca":"357000100000000000000069800E00000000008000","tipo":"Urbano","sup_m2":1184.4},"geometry":{"type":"Polygon","coordinates":[[[-58.544877,-34.400519],[-58.544725,-34.400402],[-58.544174,-34.400707],[-58.544288,-34.400849],[-58.544877,-34.400519]]]}},{"type":"Feature","properties":{"partida":"357000530","cca":"357000100000000000000069800E00000000009000","tipo":"Urbano","sup_m2":1254.1},"geometry":{"type":"Polygon","coordinates":[[[-58.545031,-34.400636],[-58.544877,-34.400519],[-58.544288,-34.400849],[-58.544399,-34.400987],[-58.545031,-34.400636]]]}},{"type":"Feature","properties":{"partida":"357000660","cca":"357000100000000000000069800E00000000010000","tipo":"Urbano","sup_m2":1432.0},"geometry":{"type":"Polygon","coordinates":[[[-58.545194,-34.400761],[-58.545031,-34.400636],[-58.544399,-34.400987],[-58.544518,-34.401135],[-58.545194,-34.400761]]]}},{"type":"Feature","properties":{"partida":"357000656","cca":"357000100000000000000069800E00000000011000","tipo":"Urbano","sup_m2":1455.5},"geometry":{"type":"Polygon","coordinates":[[[-58.545351,-34.400881],[-58.545194,-34.400761],[-58.544518,-34.401135],[-58.544631,-34.401275],[-58.545351,-34.400881]]]}},{"type":"Feature","properties":{"partida":"357000643","cca":"357000100000000000000069800E00000000012000","tipo":"Urbano","sup_m2":1566.5},"geometry":{"type":"Polygon","coordinates":[[[-58.545505,-34.401],[-58.545351,-34.400881],[-58.544631,-34.401275],[-58.544749,-34.401422],[-58.545505,-34.401]]]}},{"type":"Feature","properties":{"partida":"357000650","cca":"357000100000000000000069800E00000000013000","tipo":"Urbano","sup_m2":1676.0},"geometry":{"type":"Polygon","coordinates":[[[-58.545505,-34.401],[-58.544749,-34.401422],[-58.544864,-34.401565],[-58.545668,-34.401124],[-58.545505,-34.401]]]}},{"type":"Feature","properties":{"partida":"357000645","cca":"357000100000000000000069800E00000000014000","tipo":"Urbano","sup_m2":1683.8},"geometry":{"type":"Polygon","coordinates":[[[-58.545821,-34.401241],[-58.545668,-34.401124],[-58.544864,-34.401565],[-58.544976,-34.401703],[-58.545821,-34.401241]]]}},{"type":"Feature","properties":{"partida":"357000646","cca":"357000100000000000000069800E00000000015000","tipo":"Urbano","sup_m2":1836.5},"geometry":{"type":"Polygon","coordinates":[[[-58.545954,-34.401379],[-58.545821,-34.401241],[-58.544976,-34.401703],[-58.545094,-34.40185],[-58.545954,-34.401379]]]}},{"type":"Feature","properties":{"partida":"357000648","cca":"357000100000000000000069800E00000000016000","tipo":"Urbano","sup_m2":1760.3},"geometry":{"type":"Polygon","coordinates":[[[-58.546078,-34.401507],[-58.545954,-34.401379],[-58.545094,-34.40185],[-58.545206,-34.40199],[-58.546078,-34.401507]]]}},{"type":"Feature","properties":{"partida":"357000526","cca":"357000100000000000000069800E00000000017000","tipo":"Urbano","sup_m2":1920.1},"geometry":{"type":"Polygon","coordinates":[[[-58.546078,-34.401507],[-58.545206,-34.40199],[-58.545325,-34.402138],[-58.546213,-34.401647],[-58.546078,-34.401507]]]}},{"type":"Feature","properties":{"partida":"357000531","cca":"357000100000000000000069800E00000000018000","tipo":"Urbano","sup_m2":1969.8},"geometry":{"type":"Polygon","coordinates":[[[-58.546348,-34.401787],[-58.546213,-34.401647],[-58.545325,-34.402138],[-58.545445,-34.402287],[-58.546348,-34.401787]]]}},{"type":"Feature","properties":{"partida":"357000653","cca":"357000100000000000000069800E00000000019000","tipo":"Urbano","sup_m2":1911.2},"geometry":{"type":"Polygon","coordinates":[[[-58.54648,-34.401924],[-58.546348,-34.401787],[-58.545445,-34.402287],[-58.545557,-34.402427],[-58.54648,-34.401924]]]}},{"type":"Feature","properties":{"partida":"357000658","cca":"357000100000000000000069800E00000000020000","tipo":"Urbano","sup_m2":1940.2},"geometry":{"type":"Polygon","coordinates":[[[-58.545674,-34.402572],[-58.546607,-34.402055],[-58.54648,-34.401924],[-58.545557,-34.402427],[-58.545674,-34.402572]]]}},{"type":"Feature","properties":{"partida":"357000655","cca":"357000100000000000000069800E00000000021000","tipo":"Urbano","sup_m2":1831.3},"geometry":{"type":"Polygon","coordinates":[[[-58.545674,-34.402572],[-58.546118,-34.403121],[-58.546362,-34.402965],[-58.545874,-34.402461],[-58.545674,-34.402572]]]}},{"type":"Feature","properties":{"partida":"357016911","cca":"357000100000000000000069800E00000000022000","tipo":"Urbano","sup_m2":1542.1},"geometry":{"type":"Polygon","coordinates":[[[-58.545874,-34.402461],[-58.546362,-34.402965],[-58.546557,-34.402854],[-58.546068,-34.402353],[-58.545874,-34.402461]]]}},{"type":"Feature","properties":{"partida":"357016912","cca":"357000100000000000000069800E00000000023000","tipo":"Urbano","sup_m2":1485.4},"geometry":{"type":"Polygon","coordinates":[[[-58.546068,-34.402353],[-58.546557,-34.402854],[-58.546743,-34.402748],[-58.546258,-34.402248],[-58.546068,-34.402353]]]}},{"type":"Feature","properties":{"partida":"357016913","cca":"357000100000000000000069800E00000000024000","tipo":"Urbano","sup_m2":1383.2},"geometry":{"type":"Polygon","coordinates":[[[-58.546436,-34.402149],[-58.546258,-34.402248],[-58.546743,-34.402748],[-58.546916,-34.40265],[-58.546436,-34.402149]]]}},{"type":"Feature","properties":{"partida":"357016914","cca":"357000100000000000000069800E00000000025000","tipo":"Urbano","sup_m2":1340.3},"geometry":{"type":"Polygon","coordinates":[[[-58.546436,-34.402149],[-58.546916,-34.40265],[-58.547088,-34.402553],[-58.546607,-34.402055],[-58.546436,-34.402149]]]}},{"type":"Feature","properties":{"partida":"357016915","cca":"357000100000000000000069800E00000000026000","tipo":"Urbano","sup_m2":3428.9},"geometry":{"type":"Polygon","coordinates":[[[-58.545821,-34.401241],[-58.547088,-34.402553],[-58.547255,-34.40246],[-58.546075,-34.401224],[-58.545821,-34.401241]]]}},{"type":"Feature","properties":{"partida":"357016916","cca":"357000100000000000000069800E00000000027000","tipo":"Urbano","sup_m2":3258.4},"geometry":{"type":"Polygon","coordinates":[[[-58.546075,-34.401224],[-58.547255,-34.40246],[-58.547432,-34.402362],[-58.546324,-34.401208],[-58.546075,-34.401224]]]}},{"type":"Feature","properties":{"partida":"357016917","cca":"357000100000000000000069800E00000000028000","tipo":"Urbano","sup_m2":2904.2},"geometry":{"type":"Polygon","coordinates":[[[-58.546578,-34.401191],[-58.546324,-34.401208],[-58.547432,-34.402362],[-58.54756,-34.402236],[-58.546578,-34.401191]]]}},{"type":"Feature","properties":{"partida":"357016918","cca":"357000100000000000000069800E00000000029000","tipo":"Urbano","sup_m2":2614.3},"geometry":{"type":"Polygon","coordinates":[[[-58.546819,-34.401175],[-58.546578,-34.401191],[-58.54756,-34.402236],[-58.547731,-34.40215],[-58.546819,-34.401175]]]}},{"type":"Feature","properties":{"partida":"357016919","cca":"357000100000000000000069800E00000000030000","tipo":"Urbano","sup_m2":2656.4},"geometry":{"type":"Polygon","coordinates":[[[-58.54708,-34.401157],[-58.546819,-34.401175],[-58.547731,-34.40215],[-58.54791,-34.40204],[-58.54708,-34.401157]]]}},{"type":"Feature","properties":{"partida":"357016920","cca":"357000100000000000000069800E00000000031000","tipo":"Urbano","sup_m2":2150.3},"geometry":{"type":"Polygon","coordinates":[[[-58.547322,-34.401141],[-58.54708,-34.401157],[-58.54791,-34.40204],[-58.548063,-34.401942],[-58.547322,-34.401141]]]}},{"type":"Feature","properties":{"partida":"357016921","cca":"357000100000000000000069800E0000000003200A","tipo":"Urbano","sup_m2":1010.1},"geometry":{"type":"Polygon","coordinates":[[[-58.548063,-34.401942],[-58.548125,-34.401872],[-58.547444,-34.401133],[-58.547322,-34.401141],[-58.548063,-34.401942]]]}},{"type":"Feature","properties":{"partida":"357016922","cca":"357000100000000000000069800E0000000003300A","tipo":"Urbano","sup_m2":2815.3},"geometry":{"type":"Polygon","coordinates":[[[-58.548204,-34.401818],[-58.548395,-34.401705],[-58.547824,-34.401108],[-58.547444,-34.401133],[-58.548125,-34.401872],[-58.548204,-34.401818]]]}},{"type":"Feature","properties":{"partida":"357016923","cca":"357000100000000000000069800E00000000034000","tipo":"Urbano","sup_m2":1223.2},"geometry":{"type":"Polygon","coordinates":[[[-58.548125,-34.401142],[-58.547958,-34.401249],[-58.548395,-34.401705],[-58.548544,-34.401585],[-58.548125,-34.401142]]]}},{"type":"Feature","properties":{"partida":"357016924","cca":"357000100000000000000069800E00000000035000","tipo":"Urbano","sup_m2":1242.1},"geometry":{"type":"Polygon","coordinates":[[[-58.548125,-34.401142],[-58.548544,-34.401585],[-58.548712,-34.401465],[-58.548295,-34.401033],[-58.548125,-34.401142]]]}},{"type":"Feature","properties":{"partida":"357016925","cca":"357000100000000000000069800E00000000036000","tipo":"Urbano","sup_m2":4135.9},"geometry":{"type":"Polygon","coordinates":[[[-58.548632,-34.400842],[-58.548295,-34.401033],[-58.548712,-34.401465],[-58.549329,-34.401132],[-58.549399,-34.40102],[-58.549348,-34.400907],[-58.548632,-34.400842]]]}},{"type":"Feature","properties":{"partida":"357016926","cca":"357000100000000000000069800E00000000037000","tipo":"Urbano","sup_m2":1613.6},"geometry":{"type":"Polygon","coordinates":[[[-58.547824,-34.401108],[-58.547958,-34.401249],[-58.548295,-34.401033],[-58.548632,-34.400842],[-58.548264,-34.400747],[-58.547824,-34.401108]]]}},{"type":"Feature","properties":{"partida":"357016927","cca":"357000100000000000000069800E00000000038000","tipo":"Urbano","sup_m2":1717.8},"geometry":{"type":"Polygon","coordinates":[[[-58.547824,-34.401108],[-58.548264,-34.400747],[-58.5479,-34.400587],[-58.547562,-34.401126],[-58.547824,-34.401108]]]}},{"type":"Feature","properties":{"partida":"357016928","cca":"357000100000000000000069800E00000000039000","tipo":"Urbano","sup_m2":1502.5},"geometry":{"type":"Polygon","coordinates":[[[-58.547562,-34.401126],[-58.5479,-34.400587],[-58.547736,-34.40045],[-58.547322,-34.401141],[-58.547562,-34.401126]]]}},{"type":"Feature","properties":{"partida":"357016929","cca":"357000100000000000000069800E00000000040000","tipo":"Urbano","sup_m2":1787.4},"geometry":{"type":"Polygon","coordinates":[[[-58.54708,-34.401157],[-58.547322,-34.401141],[-58.547736,-34.40045],[-58.547584,-34.400324],[-58.54708,-34.401157]]]}},{"type":"Feature","properties":{"partida":"357016930","cca":"357000100000000000000069800E00000000041000","tipo":"Urbano","sup_m2":2391.7},"geometry":{"type":"Polygon","coordinates":[[[-58.547437,-34.400132],[-58.546832,-34.401174],[-58.54708,-34.401157],[-58.547584,-34.400324],[-58.547524,-34.400234],[-58.547437,-34.400132]]]}},{"type":"Feature","properties":{"partida":"357016931","cca":"357000100000000000000069800E00000000042000","tipo":"Urbano","sup_m2":2813.6},"geometry":{"type":"Polygon","coordinates":[[[-58.547296,-34.399963],[-58.546578,-34.401191],[-58.546832,-34.401174],[-58.547437,-34.400132],[-58.547377,-34.400048],[-58.547296,-34.399963]]]}},{"type":"Feature","properties":{"partida":"357016932","cca":"357000100000000000000069800E00000000043000","tipo":"Urbano","sup_m2":3271.3},"geometry":{"type":"Polygon","coordinates":[[[-58.546578,-34.401191],[-58.547296,-34.399963],[-58.547148,-34.399802],[-58.546324,-34.401208],[-58.546578,-34.401191]]]}},{"type":"Feature","properties":{"partida":"357016933","cca":"357000100000000000000069800E00000000044000","tipo":"Urbano","sup_m2":3475.6},"geometry":{"type":"Polygon","coordinates":[[[-58.546926,-34.399784],[-58.546075,-34.401224],[-58.546324,-34.401208],[-58.547148,-34.399802],[-58.547029,-34.399743],[-58.546926,-34.399784]]]}},{"type":"Feature","properties":{"partida":"357016934","cca":"357000100000000000000069800E00000000045000","tipo":"Urbano","sup_m2":3386.9},"geometry":{"type":"Polygon","coordinates":[[[-58.546926,-34.399784],[-58.546781,-34.399838],[-58.546632,-34.399872],[-58.545833,-34.40124],[-58.546075,-34.401224],[-58.546926,-34.399784]]]}},{"type":"Feature","properties":{"partida":"357016935","cca":"357000100000000000000069800E00000000046000","tipo":"Urbano","sup_m2":3026.2},"geometry":{"type":"Polygon","coordinates":[[[-58.546329,-34.399978],[-58.545668,-34.401124],[-58.545821,-34.401241],[-58.545833,-34.40124],[-58.546632,-34.399872],[-58.546487,-34.399934],[-58.546329,-34.399978]]]}},{"type":"Feature","properties":{"partida":"357016936","cca":"357000100000000000000069800E00000000047000","tipo":"Urbano","sup_m2":2272.9},"geometry":{"type":"Polygon","coordinates":[[[-58.546027,-34.400114],[-58.545514,-34.401006],[-58.545668,-34.401124],[-58.546329,-34.399978],[-58.546166,-34.400082],[-58.546027,-34.400114]]]}},{"type":"Feature","properties":{"partida":"357016937","cca":"357000100000000000000069800E00000000048000","tipo":"Urbano","sup_m2":1941.2},"geometry":{"type":"Polygon","coordinates":[[[-58.545351,-34.400881],[-58.545514,-34.401006],[-58.546027,-34.400114],[-58.545796,-34.400123],[-58.545351,-34.400881]]]}},{"type":"Feature","properties":{"partida":"357016938","cca":"357000100000000000000069800E00000000049000","tipo":"Urbano","sup_m2":1577.9},"geometry":{"type":"Polygon","coordinates":[[[-58.545591,-34.400115],[-58.545194,-34.400761],[-58.545351,-34.400881],[-58.545796,-34.400123],[-58.545715,-34.400115],[-58.545591,-34.400115]]]}},{"type":"Feature","properties":{"partida":"357016939","cca":"357000100000000000000069800E00000000050000","tipo":"Urbano","sup_m2":1462.7},"geometry":{"type":"Polygon","coordinates":[[[-58.545591,-34.400115],[-58.545478,-34.400107],[-58.545387,-34.400061],[-58.545031,-34.400636],[-58.545194,-34.400761],[-58.545591,-34.400115]]]}},{"type":"Feature","properties":{"partida":"357016940","cca":"357000100000000000000069800E00000000051000","tipo":"Urbano","sup_m2":1270.7},"geometry":{"type":"Polygon","coordinates":[[[-58.544877,-34.400519],[-58.545031,-34.400636],[-58.545387,-34.400061],[-58.545194,-34.400001],[-58.544877,-34.400519]]]}},{"type":"Feature","properties":{"partida":"357016941","cca":"357000100000000000000069800E00000000052000","tipo":"Urbano","sup_m2":1156.6},"geometry":{"type":"Polygon","coordinates":[[[-58.545016,-34.399917],[-58.544725,-34.400402],[-58.544877,-34.400519],[-58.545194,-34.400001],[-58.545016,-34.399917]]]}},{"type":"Feature","properties":{"partida":"357016942","cca":"357000100000000000000069800E00000000053000","tipo":"Urbano","sup_m2":1219.5},"geometry":{"type":"Polygon","coordinates":[[[-58.544725,-34.400402],[-58.545016,-34.399917],[-58.544874,-34.399879],[-58.544476,-34.400211],[-58.544725,-34.400402]]]}},{"type":"Feature","properties":{"partida":"357016943","cca":"357000100000000000000069800F00000000044000","tipo":"Urbano","sup_m2":1705.0},"geometry":{"type":"Polygon","coordinates":[[[-58.545087,-34.403788],[-58.544601,-34.403179],[-58.544415,-34.40328],[-58.544916,-34.403915],[-58.545024,-34.403829],[-58.545087,-34.403788]]]}},{"type":"Feature","properties":{"partida":"357016944","cca":"357000100000000000000069800F00000000045000","tipo":"Urbano","sup_m2":1553.5},"geometry":{"type":"Polygon","coordinates":[[[-58.544601,-34.403179],[-58.545087,-34.403788],[-58.545253,-34.403681],[-58.544778,-34.403083],[-58.544601,-34.403179]]]}},{"type":"Feature","properties":{"partida":"357016945","cca":"357000100000000000000069800F00000000046000","tipo":"Urbano","sup_m2":1688.3},"geometry":{"type":"Polygon","coordinates":[[[-58.544973,-34.402976],[-58.544778,-34.403083],[-58.545253,-34.403681],[-58.545438,-34.403561],[-58.544973,-34.402976]]]}},{"type":"Feature","properties":{"partida":"357016946","cca":"357000100000000000000069800F00000000047000","tipo":"Urbano","sup_m2":1722.9},"geometry":{"type":"Polygon","coordinates":[[[-58.545178,-34.402865],[-58.544973,-34.402976],[-58.545438,-34.403561],[-58.54563,-34.403437],[-58.545178,-34.402865]]]}},{"type":"Feature","properties":{"partida":"357000585","cca":"357000100000000000000069800F00000000048000","tipo":"Urbano","sup_m2":1521.9},"geometry":{"type":"Polygon","coordinates":[[[-58.54563,-34.403437],[-58.545746,-34.403362],[-58.545768,-34.403278],[-58.545732,-34.403228],[-58.545366,-34.402763],[-58.545178,-34.402865],[-58.54563,-34.403437]]]}},{"type":"Feature","properties":{"partida":"357000579","cca":"357000100000000000000069800F00000000049000","tipo":"Urbano","sup_m2":2134.8},"geometry":{"type":"Polygon","coordinates":[[[-58.544294,-34.403127],[-58.544415,-34.40328],[-58.545366,-34.402763],[-58.545245,-34.402608],[-58.544294,-34.403127]]]}},{"type":"Feature","properties":{"partida":"357000583","cca":"357000100000000000000069800F00000000050000","tipo":"Urbano","sup_m2":2249.2},"geometry":{"type":"Polygon","coordinates":[[[-58.544165,-34.402963],[-58.544294,-34.403127],[-58.545245,-34.402608],[-58.545119,-34.402448],[-58.544165,-34.402963]]]}},{"type":"Feature","properties":{"partida":"357000582","cca":"357000100000000000000069800F00000000051000","tipo":"Urbano","sup_m2":2010.6},"geometry":{"type":"Polygon","coordinates":[[[-58.544051,-34.402819],[-58.544165,-34.402963],[-58.545119,-34.402448],[-58.545005,-34.402302],[-58.544051,-34.402819]]]}},{"type":"Feature","properties":{"partida":"357000584","cca":"357000100000000000000069800F00000000052000","tipo":"Urbano","sup_m2":2026.9},"geometry":{"type":"Polygon","coordinates":[[[-58.54489,-34.402156],[-58.543936,-34.402673],[-58.544051,-34.402819],[-58.545005,-34.402302],[-58.54489,-34.402156]]]}},{"type":"Feature","properties":{"partida":"357000580","cca":"357000100000000000000069800F00000000053000","tipo":"Urbano","sup_m2":2005.0},"geometry":{"type":"Polygon","coordinates":[[[-58.543821,-34.402528],[-58.543936,-34.402673],[-58.54489,-34.402156],[-58.544777,-34.402013],[-58.543821,-34.402528]]]}},{"type":"Feature","properties":{"partida":"357000576","cca":"357000100000000000000069800F00000000054000","tipo":"Urbano","sup_m2":2046.0},"geometry":{"type":"Polygon","coordinates":[[[-58.543706,-34.402382],[-58.543821,-34.402528],[-58.544777,-34.402013],[-58.544661,-34.401865],[-58.543706,-34.402382]]]}},{"type":"Feature","properties":{"partida":"357000581","cca":"357000100000000000000069800F00000000055000","tipo":"Urbano","sup_m2":2121.1},"geometry":{"type":"Polygon","coordinates":[[[-58.544542,-34.401713],[-58.543585,-34.402228],[-58.543706,-34.402382],[-58.544661,-34.401865],[-58.544542,-34.401713]]]}},{"type":"Feature","properties":{"partida":"357000578","cca":"357000100000000000000069800F00000000056000","tipo":"Urbano","sup_m2":2080.6},"geometry":{"type":"Polygon","coordinates":[[[-58.544425,-34.401563],[-58.543467,-34.402078],[-58.543585,-34.402228],[-58.544542,-34.401713],[-58.544425,-34.401563]]]}},{"type":"Feature","properties":{"partida":"357000567","cca":"357000100000000000000069800F00000000057000","tipo":"Urbano","sup_m2":2140.6},"geometry":{"type":"Polygon","coordinates":[[[-58.543346,-34.401925],[-58.543467,-34.402078],[-58.544425,-34.401563],[-58.544304,-34.401408],[-58.543346,-34.401925]]]}},{"type":"Feature","properties":{"partida":"357000564","cca":"357000100000000000000069800F00000000058000","tipo":"Urbano","sup_m2":2125.5},"geometry":{"type":"Polygon","coordinates":[[[-58.543225,-34.401772],[-58.543346,-34.401925],[-58.544304,-34.401408],[-58.544186,-34.401256],[-58.543225,-34.401772]]]}},{"type":"Feature","properties":{"partida":"357000569","cca":"357000100000000000000069800F00000000059000","tipo":"Urbano","sup_m2":2063.7},"geometry":{"type":"Polygon","coordinates":[[[-58.543109,-34.401625],[-58.543225,-34.401772],[-58.544186,-34.401256],[-58.544069,-34.401107],[-58.543109,-34.401625]]]}},{"type":"Feature","properties":{"partida":"357000566","cca":"357000100000000000000069800F00000000060000","tipo":"Urbano","sup_m2":2150.0},"geometry":{"type":"Polygon","coordinates":[[[-58.542987,-34.401471],[-58.543109,-34.401625],[-58.544069,-34.401107],[-58.543949,-34.400953],[-58.542987,-34.401471]]]}},{"type":"Feature","properties":{"partida":"357000571","cca":"357000100000000000000069800F00000000061000","tipo":"Urbano","sup_m2":2122.3},"geometry":{"type":"Polygon","coordinates":[[[-58.542868,-34.401319],[-58.542987,-34.401471],[-58.543949,-34.400953],[-58.543829,-34.400801],[-58.542868,-34.401319]]]}},{"type":"Feature","properties":{"partida":"357000568","cca":"357000100000000000000069800F00000000062000","tipo":"Urbano","sup_m2":2081.6},"geometry":{"type":"Polygon","coordinates":[[[-58.54275,-34.401169],[-58.542868,-34.401319],[-58.543829,-34.400801],[-58.543713,-34.400653],[-58.54275,-34.401169]]]}},{"type":"Feature","properties":{"partida":"357000573","cca":"357000100000000000000069800F00000000063000","tipo":"Urbano","sup_m2":2039.4},"geometry":{"type":"Polygon","coordinates":[[[-58.542635,-34.401024],[-58.54275,-34.401169],[-58.543713,-34.400653],[-58.543598,-34.400506],[-58.542635,-34.401024]]]}},{"type":"Feature","properties":{"partida":"357000570","cca":"357000100000000000000069800F00000000064000","tipo":"Urbano","sup_m2":2243.9},"geometry":{"type":"Polygon","coordinates":[[[-58.542509,-34.400864],[-58.542635,-34.401024],[-58.543598,-34.400506],[-58.543471,-34.400345],[-58.542509,-34.400864]]]}},{"type":"Feature","properties":{"partida":"357000575","cca":"357000100000000000000069800F00000000065000","tipo":"Urbano","sup_m2":2051.2},"geometry":{"type":"Polygon","coordinates":[[[-58.542392,-34.400716],[-58.542509,-34.400864],[-58.543471,-34.400345],[-58.543357,-34.4002],[-58.542392,-34.400716]]]}},{"type":"Feature","properties":{"partida":"357000572","cca":"357000100000000000000069800F00000000066000","tipo":"Urbano","sup_m2":2043.7},"geometry":{"type":"Polygon","coordinates":[[[-58.542278,-34.400571],[-58.542392,-34.400716],[-58.543357,-34.4002],[-58.543242,-34.400053],[-58.542278,-34.400571]]]}},{"type":"Feature","properties":{"partida":"357000574","cca":"357000100000000000000069800F00000000067000","tipo":"Urbano","sup_m2":2212.9},"geometry":{"type":"Polygon","coordinates":[[[-58.543118,-34.399895],[-58.542153,-34.400413],[-58.542278,-34.400571],[-58.543242,-34.400053],[-58.543118,-34.399895]]]}},{"type":"Feature","properties":{"partida":"357000520","cca":"357000100000000000000069800F00000000068000","tipo":"Urbano","sup_m2":1994.8},"geometry":{"type":"Polygon","coordinates":[[[-58.542041,-34.40027],[-58.542153,-34.400413],[-58.543118,-34.399895],[-58.543007,-34.399753],[-58.542041,-34.40027]]]}},{"type":"Feature","properties":{"partida":"357000577","cca":"357000100000000000000069800F00000000069000","tipo":"Urbano","sup_m2":2141.8},"geometry":{"type":"Polygon","coordinates":[[[-58.54192,-34.400117],[-58.542041,-34.40027],[-58.543007,-34.399753],[-58.542887,-34.3996],[-58.54192,-34.400117]]]}},{"type":"Feature","properties":{"partida":"357000562","cca":"357000100000000000000069800F00000000070000","tipo":"Urbano","sup_m2":2304.6},"geometry":{"type":"Polygon","coordinates":[[[-58.542756,-34.399434],[-58.541792,-34.399955],[-58.54192,-34.400117],[-58.542887,-34.3996],[-58.542756,-34.399434]]]}},{"type":"Feature","properties":{"partida":"357000565","cca":"357000100000000000000069800F00000000071000","tipo":"Urbano","sup_m2":3636.9},"geometry":{"type":"Polygon","coordinates":[[[-58.542234,-34.399202],[-58.541679,-34.399811],[-58.541792,-34.399955],[-58.542756,-34.399434],[-58.542586,-34.399223],[-58.542526,-34.399216],[-58.542387,-34.39922],[-58.542234,-34.399202]]]}},{"type":"Feature","properties":{"partida":"357000563","cca":"357000100000000000000069800F00000000072000","tipo":"Urbano","sup_m2":2111.2},"geometry":{"type":"Polygon","coordinates":[[[-58.541924,-34.399112],[-58.541501,-34.399586],[-58.541679,-34.399811],[-58.542234,-34.399202],[-58.542108,-34.399179],[-58.542019,-34.39915],[-58.541924,-34.399112]]]}},{"type":"Feature","properties":{"partida":"357000521","cca":"357000100000000000000069800F00000000073000","tipo":"Urbano","sup_m2":2132.8},"geometry":{"type":"Polygon","coordinates":[[[-58.541501,-34.399586],[-58.541924,-34.399112],[-58.541589,-34.398929],[-58.541264,-34.399285],[-58.541501,-34.399586]]]}},{"type":"Feature","properties":{"partida":"357000519","cca":"357000100000000000000069800F00000000074000","tipo":"Urbano","sup_m2":3049.2},"geometry":{"type":"Polygon","coordinates":[[[-58.541264,-34.399285],[-58.541589,-34.398929],[-58.540433,-34.398355],[-58.541264,-34.399285]]]}},{"type":"Feature","properties":{"partida":"357016766","cca":"357000100000000000000069800G00000000037000","tipo":"Urbano","sup_m2":5748.4},"geometry":{"type":"Polygon","coordinates":[[[-58.533839,-34.404212],[-58.536588,-34.403263],[-58.536505,-34.403096],[-58.533813,-34.404002],[-58.533839,-34.404212]]]}},{"type":"Feature","properties":{"partida":"357016768","cca":"357000100000000000000069800G00000000038000","tipo":"Urbano","sup_m2":5539.6},"geometry":{"type":"Polygon","coordinates":[[[-58.533885,-34.404393],[-58.536671,-34.403429],[-58.536588,-34.403263],[-58.533839,-34.404212],[-58.533885,-34.404393]]]}},{"type":"Feature","properties":{"partida":"357016770","cca":"357000100000000000000069800G00000000039000","tipo":"Urbano","sup_m2":5518.6},"geometry":{"type":"Polygon","coordinates":[[[-58.533943,-34.404564],[-58.536754,-34.403596],[-58.536671,-34.403429],[-58.533885,-34.404393],[-58.533943,-34.404564]]]}},{"type":"Feature","properties":{"partida":"357016772","cca":"357000100000000000000069800G00000000040000","tipo":"Urbano","sup_m2":5584.5},"geometry":{"type":"Polygon","coordinates":[[[-58.534019,-34.404733],[-58.536836,-34.403763],[-58.536754,-34.403596],[-58.533943,-34.404564],[-58.533998,-34.404647],[-58.534019,-34.404733]]]}},{"type":"Feature","properties":{"partida":"357016773","cca":"357000100000000000000069800G00000000041000","tipo":"Urbano","sup_m2":5523.7},"geometry":{"type":"Polygon","coordinates":[[[-58.53404,-34.404911],[-58.536919,-34.403929],[-58.536836,-34.403763],[-58.534019,-34.404733],[-58.53404,-34.404911]]]}},{"type":"Feature","properties":{"partida":"357016775","cca":"357000100000000000000069800G00000000042000","tipo":"Urbano","sup_m2":6029.0},"geometry":{"type":"Polygon","coordinates":[[[-58.533987,-34.405135],[-58.537002,-34.404096],[-58.536919,-34.403929],[-58.53404,-34.404911],[-58.533987,-34.405135]]]}},{"type":"Feature","properties":{"partida":"357016777","cca":"357000100000000000000069800G00000000043000","tipo":"Urbano","sup_m2":6013.3},"geometry":{"type":"Polygon","coordinates":[[[-58.533907,-34.405348],[-58.537085,-34.404263],[-58.537002,-34.404096],[-58.533987,-34.405135],[-58.533907,-34.405348]]]}},{"type":"Feature","properties":{"partida":"357016779","cca":"357000100000000000000069800G00000000044000","tipo":"Urbano","sup_m2":6448.7},"geometry":{"type":"Polygon","coordinates":[[[-58.533809,-34.405555],[-58.534393,-34.405377],[-58.537168,-34.404429],[-58.537085,-34.404263],[-58.533907,-34.405348],[-58.533809,-34.405555]]]}},{"type":"Feature","properties":{"partida":"357016790","cca":"357000100000000000000069800G00000000049000","tipo":"Urbano","sup_m2":3661.2},"geometry":{"type":"Polygon","coordinates":[[[-58.534855,-34.405219],[-58.535262,-34.4061],[-58.535464,-34.406346],[-58.535814,-34.406588],[-58.535087,-34.40514],[-58.534855,-34.405219]]]}},{"type":"Feature","properties":{"partida":"357016792","cca":"357000100000000000000069800G00000000050000","tipo":"Urbano","sup_m2":4328.1},"geometry":{"type":"Polygon","coordinates":[[[-58.535087,-34.40514],[-58.535814,-34.406588],[-58.536144,-34.406684],[-58.535318,-34.405061],[-58.535087,-34.40514]]]}},{"type":"Feature","properties":{"partida":"357016794","cca":"357000100000000000000069800G00000000051000","tipo":"Urbano","sup_m2":4521.3},"geometry":{"type":"Polygon","coordinates":[[[-58.535318,-34.405061],[-58.536144,-34.406684],[-58.536433,-34.406762],[-58.535549,-34.404982],[-58.535318,-34.405061]]]}},{"type":"Feature","properties":{"partida":"357016796","cca":"357000100000000000000069800G00000000052000","tipo":"Urbano","sup_m2":4997.8},"geometry":{"type":"Polygon","coordinates":[[[-58.535549,-34.404982],[-58.536433,-34.406762],[-58.536714,-34.406799],[-58.53578,-34.404903],[-58.535549,-34.404982]]]}},{"type":"Feature","properties":{"partida":"357016797","cca":"357000100000000000000069800G00000000053000","tipo":"Urbano","sup_m2":5327.8},"geometry":{"type":"Polygon","coordinates":[[[-58.53578,-34.404903],[-58.536714,-34.406799],[-58.536829,-34.406798],[-58.536988,-34.40681],[-58.536012,-34.404824],[-58.53578,-34.404903]]]}},{"type":"Feature","properties":{"partida":"357016798","cca":"357000100000000000000069800G00000000054000","tipo":"Urbano","sup_m2":5833.1},"geometry":{"type":"Polygon","coordinates":[[[-58.536012,-34.404824],[-58.536988,-34.40681],[-58.537297,-34.406851],[-58.536243,-34.404745],[-58.536012,-34.404824]]]}},{"type":"Feature","properties":{"partida":"357016799","cca":"357000100000000000000069800G00000000055000","tipo":"Urbano","sup_m2":6072.8},"geometry":{"type":"Polygon","coordinates":[[[-58.536243,-34.404745],[-58.537297,-34.406851],[-58.537593,-34.406884],[-58.536474,-34.404666],[-58.536243,-34.404745]]]}},{"type":"Feature","properties":{"partida":"357016800","cca":"357000100000000000000069800G00000000056000","tipo":"Urbano","sup_m2":5944.5},"geometry":{"type":"Polygon","coordinates":[[[-58.536474,-34.404666],[-58.537593,-34.406884],[-58.537839,-34.406884],[-58.536705,-34.404587],[-58.536474,-34.404666]]]}},{"type":"Feature","properties":{"partida":"357016801","cca":"357000100000000000000069800G00000000057000","tipo":"Urbano","sup_m2":6242.9},"geometry":{"type":"Polygon","coordinates":[[[-58.536705,-34.404587],[-58.537839,-34.406884],[-58.538079,-34.406847],[-58.536937,-34.404508],[-58.536705,-34.404587]]]}},{"type":"Feature","properties":{"partida":"357016802","cca":"357000100000000000000069800G00000000058000","tipo":"Urbano","sup_m2":6706.7},"geometry":{"type":"Polygon","coordinates":[[[-58.538335,-34.406776],[-58.537168,-34.404429],[-58.536937,-34.404508],[-58.538079,-34.406847],[-58.538185,-34.406814],[-58.538335,-34.406776]]]}},{"type":"Feature","properties":{"partida":"357016803","cca":"357000100000000000000069800H00000000001000","tipo":"Urbano","sup_m2":5743.2},"geometry":{"type":"Polygon","coordinates":[[[-58.53882,-34.408642],[-58.538179,-34.406949],[-58.538051,-34.406996],[-58.539485,-34.410781],[-58.539622,-34.410732],[-58.53882,-34.408642]]]}},{"type":"Feature","properties":{"partida":"357016804","cca":"357000100000000000000069800H00000000002000","tipo":"Urbano","sup_m2":4994.7},"geometry":{"type":"Polygon","coordinates":[[[-58.539485,-34.410781],[-58.538051,-34.406996],[-58.537922,-34.406995],[-58.539372,-34.410822],[-58.539485,-34.410781]]]}},{"type":"Feature","properties":{"partida":"357016805","cca":"357000100000000000000069800H00000000003000","tipo":"Urbano","sup_m2":4294.3},"geometry":{"type":"Polygon","coordinates":[[[-58.539372,-34.410822],[-58.537922,-34.406995],[-58.537812,-34.406993],[-58.539275,-34.410857],[-58.539372,-34.410822]]]}},{"type":"Feature","properties":{"partida":"357016806","cca":"357000100000000000000069800H00000000004000","tipo":"Urbano","sup_m2":5207.1},"geometry":{"type":"Polygon","coordinates":[[[-58.53916,-34.410899],[-58.539275,-34.410857],[-58.537812,-34.406993],[-58.537726,-34.406992],[-58.537683,-34.407],[-58.53916,-34.410899]]]}},{"type":"Feature","properties":{"partida":"357016807","cca":"357000100000000000000069800H00000000005000","tipo":"Urbano","sup_m2":6006.5},"geometry":{"type":"Polygon","coordinates":[[[-58.539027,-34.410947],[-58.53916,-34.410899],[-58.537683,-34.407],[-58.537534,-34.406997],[-58.539027,-34.410947]]]}},{"type":"Feature","properties":{"partida":"357016808","cca":"357000100000000000000069800H00000000006000","tipo":"Urbano","sup_m2":5935.6},"geometry":{"type":"Polygon","coordinates":[[[-58.538891,-34.410996],[-58.539027,-34.410947],[-58.537534,-34.406997],[-58.537397,-34.407005],[-58.538891,-34.410996]]]}},{"type":"Feature","properties":{"partida":"357016809","cca":"357000100000000000000069800H00000000007000","tipo":"Urbano","sup_m2":4510.3},"geometry":{"type":"Polygon","coordinates":[[[-58.538891,-34.410996],[-58.537397,-34.407005],[-58.537283,-34.406985],[-58.538792,-34.411032],[-58.538891,-34.410996]]]}},{"type":"Feature","properties":{"partida":"357016810","cca":"357000100000000000000069800H00000000008000","tipo":"Urbano","sup_m2":7134.8},"geometry":{"type":"Polygon","coordinates":[[[-58.538652,-34.411082],[-58.538792,-34.411032],[-58.537283,-34.406985],[-58.537088,-34.406957],[-58.538652,-34.411082]]]}},{"type":"Feature","properties":{"partida":"357016811","cca":"357000100000000000000069800H00000000009000","tipo":"Urbano","sup_m2":7565.7},"geometry":{"type":"Polygon","coordinates":[[[-58.538491,-34.41114],[-58.538652,-34.411082],[-58.537088,-34.406957],[-58.536916,-34.406961],[-58.538491,-34.41114]]]}},{"type":"Feature","properties":{"partida":"357016812","cca":"357000100000000000000069800H00000000010000","tipo":"Urbano","sup_m2":6942.0},"geometry":{"type":"Polygon","coordinates":[[[-58.538491,-34.41114],[-58.536916,-34.406961],[-58.536765,-34.407001],[-58.538351,-34.411191],[-58.538491,-34.41114]]]}},{"type":"Feature","properties":{"partida":"357016813","cca":"357000100000000000000069800H00000000011000","tipo":"Urbano","sup_m2":8635.2},"geometry":{"type":"Polygon","coordinates":[[[-58.538172,-34.411255],[-58.538351,-34.411191],[-58.536765,-34.407001],[-58.536595,-34.407085],[-58.538172,-34.411255]]]}},{"type":"Feature","properties":{"partida":"357016814","cca":"357000100000000000000069800H00000000012000","tipo":"Urbano","sup_m2":7394.2},"geometry":{"type":"Polygon","coordinates":[[[-58.538019,-34.41131],[-58.538172,-34.411255],[-58.536595,-34.407085],[-58.536523,-34.407131],[-58.536451,-34.407166],[-58.538019,-34.41131]]]}},{"type":"Feature","properties":{"partida":"357016815","cca":"357000100000000000000069800H00000000013000","tipo":"Urbano","sup_m2":7788.1},"geometry":{"type":"Polygon","coordinates":[[[-58.538019,-34.41131],[-58.536451,-34.407166],[-58.536299,-34.407247],[-58.537855,-34.41137],[-58.538019,-34.41131]]]}},{"type":"Feature","properties":{"partida":"357016816","cca":"357000100000000000000069800H00000000014000","tipo":"Urbano","sup_m2":8921.3},"geometry":{"type":"Polygon","coordinates":[[[-58.53767,-34.411437],[-58.537855,-34.41137],[-58.536299,-34.407247],[-58.536197,-34.4073],[-58.536131,-34.407376],[-58.53767,-34.411437]]]}},{"type":"Feature","properties":{"partida":"357016817","cca":"357000100000000000000069800H00000000015000","tipo":"Urbano","sup_m2":9584.3},"geometry":{"type":"Polygon","coordinates":[[[-58.536022,-34.407716],[-58.537459,-34.411513],[-58.53767,-34.411437],[-58.536131,-34.407376],[-58.536022,-34.407716]]]}},{"type":"Feature","properties":{"partida":"357016818","cca":"357000100000000000000069800H00000000016000","tipo":"Urbano","sup_m2":44181.8},"geometry":{"type":"Polygon","coordinates":[[[-58.535004,-34.411909],[-58.535885,-34.411577],[-58.537291,-34.41107],[-58.536022,-34.407716],[-58.535944,-34.408142],[-58.53584,-34.408444],[-58.535838,-34.408575],[-58.535915,-34.409101],[-58.535857,-34.409322],[-58.535643,-34.409552],[-58.535419,-34.409782],[-58.535472,-34.410547],[-58.535322,-34.410737],[-58.535096,-34.411106],[-58.534859,-34.411334],[-58.534831,-34.411497],[-58.535004,-34.411909]]]}},{"type":"Feature","properties":{"partida":"357016819","cca":"357000100000000000000069800H00000000017000","tipo":"Urbano","sup_m2":3487.7},"geometry":{"type":"Polygon","coordinates":[[[-58.537291,-34.41107],[-58.535885,-34.411577],[-58.535004,-34.411909],[-58.535067,-34.412025],[-58.537342,-34.411204],[-58.537291,-34.41107]]]}},{"type":"Feature","properties":{"partida":"357016820","cca":"357000100000000000000069800H00000000018000","tipo":"Urbano","sup_m2":3510.9},"geometry":{"type":"Polygon","coordinates":[[[-58.535109,-34.412161],[-58.537392,-34.411336],[-58.537342,-34.411204],[-58.535067,-34.412025],[-58.535099,-34.412138],[-58.535109,-34.412161]]]}},{"type":"Feature","properties":{"partida":"357016821","cca":"357000100000000000000069800H00000000019000","tipo":"Urbano","sup_m2":4660.5},"geometry":{"type":"Polygon","coordinates":[[[-58.535184,-34.412334],[-58.537459,-34.411513],[-58.537392,-34.411336],[-58.535109,-34.412161],[-58.535184,-34.412334]]]}},{"type":"Feature","properties":{"partida":"357016822","cca":"357000100000000000000069800H00000000020000","tipo":"Urbano","sup_m2":6889.6},"geometry":{"type":"Polygon","coordinates":[[[-58.539622,-34.410732],[-58.535184,-34.412334],[-58.535241,-34.412466],[-58.539673,-34.410866],[-58.539622,-34.410732]]]}},{"type":"Feature","properties":{"partida":"357016823","cca":"357000100000000000000069800H00000000021000","tipo":"Urbano","sup_m2":6895.1},"geometry":{"type":"Polygon","coordinates":[[[-58.535241,-34.412466],[-58.535364,-34.412578],[-58.539724,-34.410998],[-58.539673,-34.410866],[-58.535241,-34.412466]]]}},{"type":"Feature","properties":{"partida":"357016824","cca":"357000100000000000000069800H00000000022000","tipo":"Urbano","sup_m2":6288.6},"geometry":{"type":"Polygon","coordinates":[[[-58.535364,-34.412578],[-58.535376,-34.412658],[-58.535431,-34.412691],[-58.539773,-34.411125],[-58.539724,-34.410998],[-58.535364,-34.412578]]]}},{"type":"Feature","properties":{"partida":"357016825","cca":"357000100000000000000069800H00000000023000","tipo":"Urbano","sup_m2":6646.5},"geometry":{"type":"Polygon","coordinates":[[[-58.535431,-34.412691],[-58.535496,-34.412818],[-58.539824,-34.411257],[-58.539773,-34.411125],[-58.535431,-34.412691]]]}},{"type":"Feature","properties":{"partida":"357016826","cca":"357000100000000000000069800H00000000024000","tipo":"Urbano","sup_m2":6238.9},"geometry":{"type":"Polygon","coordinates":[[[-58.535496,-34.412818],[-58.535577,-34.412931],[-58.539871,-34.411381],[-58.539824,-34.411257],[-58.535496,-34.412818]]]}},{"type":"Feature","properties":{"partida":"357016827","cca":"357000100000000000000069800H00000000025000","tipo":"Urbano","sup_m2":8578.8},"geometry":{"type":"Polygon","coordinates":[[[-58.535662,-34.4131],[-58.539937,-34.411553],[-58.539871,-34.411381],[-58.535577,-34.412931],[-58.535662,-34.4131]]]}},{"type":"Feature","properties":{"partida":"357016828","cca":"357000100000000000000069800H00000000026000","tipo":"Urbano","sup_m2":3226.2},"geometry":{"type":"Polygon","coordinates":[[[-58.535662,-34.4131],[-58.535721,-34.413227],[-58.537821,-34.412469],[-58.53777,-34.412335],[-58.535662,-34.4131]]]}},{"type":"Feature","properties":{"partida":"357016829","cca":"357000100000000000000069800H00000000027000","tipo":"Urbano","sup_m2":3231.6},"geometry":{"type":"Polygon","coordinates":[[[-58.535721,-34.413227],[-58.53576,-34.413363],[-58.537871,-34.412601],[-58.537821,-34.412469],[-58.535721,-34.413227]]]}},{"type":"Feature","properties":{"partida":"357016830","cca":"357000100000000000000069800H00000000028000","tipo":"Urbano","sup_m2":3042.1},"geometry":{"type":"Polygon","coordinates":[[[-58.53576,-34.413363],[-58.535803,-34.413485],[-58.53792,-34.412729],[-58.537871,-34.412601],[-58.53576,-34.413363]]]}},{"type":"Feature","properties":{"partida":"357016831","cca":"357000100000000000000069800H00000000029000","tipo":"Urbano","sup_m2":3331.5},"geometry":{"type":"Polygon","coordinates":[[[-58.535803,-34.413485],[-58.535836,-34.41363],[-58.53797,-34.412861],[-58.53792,-34.412729],[-58.535803,-34.413485]]]}},{"type":"Feature","properties":{"partida":"357016832","cca":"357000100000000000000069800H00000000030000","tipo":"Urbano","sup_m2":3050.7},"geometry":{"type":"Polygon","coordinates":[[[-58.535836,-34.41363],[-58.535906,-34.413746],[-58.538017,-34.412985],[-58.53797,-34.412861],[-58.535836,-34.41363]]]}},{"type":"Feature","properties":{"partida":"357016833","cca":"357000100000000000000069800H00000000031000","tipo":"Urbano","sup_m2":3971.7},"geometry":{"type":"Polygon","coordinates":[[[-58.535906,-34.413746],[-58.535992,-34.413909],[-58.538075,-34.41314],[-58.538017,-34.412985],[-58.535906,-34.413746]]]}},{"type":"Feature","properties":{"partida":"357016834","cca":"357000100000000000000069800H00000000032000","tipo":"Urbano","sup_m2":2818.9},"geometry":{"type":"Polygon","coordinates":[[[-58.538123,-34.413265],[-58.537709,-34.413358],[-58.537564,-34.413382],[-58.537423,-34.413399],[-58.537698,-34.413324],[-58.538106,-34.413222],[-58.538075,-34.41314],[-58.535992,-34.413909],[-58.536046,-34.414024],[-58.538126,-34.413274],[-58.538123,-34.413265]]]}},{"type":"Feature","properties":{"partida":"357016835","cca":"357000100000000000000069800H00000000033000","tipo":"Urbano","sup_m2":3175.8},"geometry":{"type":"Polygon","coordinates":[[[-58.536046,-34.414024],[-58.536077,-34.41416],[-58.538177,-34.413407],[-58.538126,-34.413274],[-58.536046,-34.414024]]]}},{"type":"Feature","properties":{"partida":"357016836","cca":"357000100000000000000069800H00000000034000","tipo":"Urbano","sup_m2":3319.7},"geometry":{"type":"Polygon","coordinates":[[[-58.538177,-34.413407],[-58.536077,-34.41416],[-58.53611,-34.414312],[-58.538225,-34.413534],[-58.538177,-34.413407]]]}},{"type":"Feature","properties":{"partida":"357016837","cca":"357000100000000000000069800H00000000035000","tipo":"Urbano","sup_m2":3078.8},"geometry":{"type":"Polygon","coordinates":[[[-58.53611,-34.414312],[-58.53615,-34.414432],[-58.538275,-34.413667],[-58.538225,-34.413534],[-58.53611,-34.414312]]]}},{"type":"Feature","properties":{"partida":null,"cca":"357000100000000000000069800H00000000036000","tipo":null,"sup_m2":3061.6},"geometry":{"type":"Polygon","coordinates":[[[-58.53615,-34.414432],[-58.536167,-34.414565],[-58.538322,-34.413791],[-58.538275,-34.413667],[-58.53615,-34.414432]]]}},{"type":"Feature","properties":{"partida":"357016839","cca":"357000100000000000000069800H00000000037000","tipo":"Urbano","sup_m2":3462.1},"geometry":{"type":"Polygon","coordinates":[[[-58.536167,-34.414565],[-58.536214,-34.41471],[-58.538373,-34.413925],[-58.538322,-34.413791],[-58.536167,-34.414565]]]}},{"type":"Feature","properties":{"partida":"357016840","cca":"357000100000000000000069800H00000000038000","tipo":"Urbano","sup_m2":3263.0},"geometry":{"type":"Polygon","coordinates":[[[-58.536214,-34.41471],[-58.536273,-34.414835],[-58.538423,-34.414057],[-58.538373,-34.413925],[-58.536214,-34.41471]]]}},{"type":"Feature","properties":{"partida":"357016841","cca":"357000100000000000000069800H00000000039000","tipo":"Urbano","sup_m2":3213.4},"geometry":{"type":"Polygon","coordinates":[[[-58.536248,-34.414987],[-58.538471,-34.414185],[-58.538423,-34.414057],[-58.536273,-34.414835],[-58.536248,-34.414987]]]}},{"type":"Feature","properties":{"partida":"357016842","cca":"357000100000000000000069800H0000000004000A","tipo":"Urbano","sup_m2":3069.5},"geometry":{"type":"Polygon","coordinates":[[[-58.537605,-34.414721],[-58.537531,-34.414524],[-58.536248,-34.414987],[-58.536232,-34.415079],[-58.536248,-34.415144],[-58.536283,-34.415207],[-58.537605,-34.414721]]]}},{"type":"Feature","properties":{"partida":"357016844","cca":"357000100000000000000069800H0000000004200A","tipo":"Urbano","sup_m2":2563.2},"geometry":{"type":"Polygon","coordinates":[[[-58.53767,-34.414892],[-58.537605,-34.414721],[-58.536283,-34.415207],[-58.536313,-34.415259],[-58.536347,-34.415369],[-58.53767,-34.414892]]]}},{"type":"Feature","properties":{"partida":"357016845","cca":"357000100000000000000069800H00000000043000","tipo":"Urbano","sup_m2":1939.9},"geometry":{"type":"Polygon","coordinates":[[[-58.537716,-34.415015],[-58.53767,-34.414892],[-58.536347,-34.415369],[-58.536369,-34.415507],[-58.537716,-34.415015]]]}},{"type":"Feature","properties":{"partida":"357016846","cca":"357000100000000000000069800H00000000044000","tipo":"Urbano","sup_m2":1829.4},"geometry":{"type":"Polygon","coordinates":[[[-58.537535,-34.415243],[-58.537481,-34.4151],[-58.536369,-34.415507],[-58.536411,-34.41565],[-58.537535,-34.415243]]]}},{"type":"Feature","properties":{"partida":"357016847","cca":"357000100000000000000069800H00000000045000","tipo":"Urbano","sup_m2":7969.1},"geometry":{"type":"Polygon","coordinates":[[[-58.537559,-34.415997],[-58.537305,-34.415327],[-58.536411,-34.41565],[-58.53644,-34.415747],[-58.536459,-34.41587],[-58.536513,-34.415966],[-58.536571,-34.416089],[-58.53665,-34.416196],[-58.537107,-34.416333],[-58.537357,-34.416353],[-58.537559,-34.415997]]]}},{"type":"Feature","properties":{"partida":"357016848","cca":"357000100000000000000069800H00000000046000","tipo":"Urbano","sup_m2":1531.6},"geometry":{"type":"Polygon","coordinates":[[[-58.537559,-34.415997],[-58.537715,-34.415719],[-58.537535,-34.415243],[-58.537305,-34.415327],[-58.537559,-34.415997]]]}},{"type":"Feature","properties":{"partida":"357016849","cca":"357000100000000000000069800H00000000047000","tipo":"Urbano","sup_m2":1416.2},"geometry":{"type":"Polygon","coordinates":[[[-58.537481,-34.4151],[-58.537535,-34.415243],[-58.537715,-34.415719],[-58.537875,-34.415435],[-58.537716,-34.415015],[-58.537481,-34.4151]]]}},{"type":"Feature","properties":{"partida":"357016850","cca":"357000100000000000000069800H00000000048000","tipo":"Urbano","sup_m2":2646.5},"geometry":{"type":"Polygon","coordinates":[[[-58.537531,-34.414524],[-58.537716,-34.415015],[-58.537875,-34.415435],[-58.538108,-34.415255],[-58.537792,-34.41443],[-58.537531,-34.414524]]]}},{"type":"Feature","properties":{"partida":"357016851","cca":"357000100000000000000069800H00000000049000","tipo":"Urbano","sup_m2":2023.1},"geometry":{"type":"Polygon","coordinates":[[[-58.538108,-34.415255],[-58.538196,-34.415182],[-58.53829,-34.415093],[-58.538022,-34.414347],[-58.537792,-34.41443],[-58.538108,-34.415255]]]}},{"type":"Feature","properties":{"partida":"357016852","cca":"357000100000000000000069800H00000000050000","tipo":"Urbano","sup_m2":1942.6},"geometry":{"type":"Polygon","coordinates":[[[-58.53829,-34.415093],[-58.538406,-34.41499],[-58.538503,-34.414911],[-58.538258,-34.414262],[-58.538022,-34.414347],[-58.53829,-34.415093]]]}},{"type":"Feature","properties":{"partida":"357016853","cca":"357000100000000000000069800H00000000051000","tipo":"Urbano","sup_m2":1484.8},"geometry":{"type":"Polygon","coordinates":[[[-58.538503,-34.414911],[-58.538679,-34.414739],[-58.538471,-34.414185],[-58.538258,-34.414262],[-58.538503,-34.414911]]]}},{"type":"Feature","properties":{"partida":"357016854","cca":"357000100000000000000069800H00000000052000","tipo":"Urbano","sup_m2":5508.8},"geometry":{"type":"MultiPolygon","coordinates":[[[[-58.53777,-34.412335],[-58.538106,-34.413222],[-58.538323,-34.413186],[-58.537981,-34.412259],[-58.53777,-34.412335]]],[[[-58.538123,-34.413265],[-58.538679,-34.414739],[-58.53885,-34.414602],[-58.53835,-34.413234],[-58.538241,-34.413245],[-58.538123,-34.413265]]]]}},{"type":"Feature","properties":{"partida":"357016855","cca":"357000100000000000000069800H00000000053000","tipo":"Urbano","sup_m2":2817.8},"geometry":{"type":"Polygon","coordinates":[[[-58.53885,-34.414602],[-58.539009,-34.414458],[-58.538553,-34.413212],[-58.538418,-34.413224],[-58.53835,-34.413234],[-58.53885,-34.414602]]]}},{"type":"Feature","properties":{"partida":"357016856","cca":"357000100000000000000069800H00000000054000","tipo":"Urbano","sup_m2":2348.4},"geometry":{"type":"Polygon","coordinates":[[[-58.539009,-34.414458],[-58.539159,-34.414323],[-58.538732,-34.413191],[-58.538553,-34.413212],[-58.539009,-34.414458]]]}},{"type":"Feature","properties":{"partida":"357016857","cca":"357000100000000000000069800H00000000055000","tipo":"Urbano","sup_m2":2003.8},"geometry":{"type":"Polygon","coordinates":[[[-58.539159,-34.414323],[-58.539216,-34.41428],[-58.539301,-34.414198],[-58.5389,-34.413178],[-58.538787,-34.413184],[-58.538732,-34.413191],[-58.539159,-34.414323]]]}},{"type":"Feature","properties":{"partida":"357016858","cca":"357000100000000000000069800H00000000056000","tipo":"Urbano","sup_m2":1598.1},"geometry":{"type":"Polygon","coordinates":[[[-58.539301,-34.414198],[-58.539424,-34.414086],[-58.539081,-34.413216],[-58.538994,-34.413204],[-58.5389,-34.413178],[-58.539301,-34.414198]]]}},{"type":"Feature","properties":{"partida":"357016859","cca":"357000100000000000000069800H00000000057000","tipo":"Urbano","sup_m2":1916.5},"geometry":{"type":"Polygon","coordinates":[[[-58.539424,-34.414086],[-58.539512,-34.413999],[-58.539596,-34.413899],[-58.539637,-34.413765],[-58.539581,-34.413634],[-58.539356,-34.413401],[-58.539206,-34.413303],[-58.539081,-34.413216],[-58.539424,-34.414086]]]}},{"type":"Feature","properties":{"partida":"357016860","cca":"357000100000000000000069800H00000000058000","tipo":"Urbano","sup_m2":2108.4},"geometry":{"type":"Polygon","coordinates":[[[-58.538323,-34.413186],[-58.538432,-34.413167],[-58.538539,-34.413153],[-58.538166,-34.412192],[-58.537981,-34.412259],[-58.538323,-34.413186]]]}},{"type":"Feature","properties":{"partida":"357016862","cca":"357000100000000000000069800H00000000059000","tipo":"Urbano","sup_m2":1797.3},"geometry":{"type":"Polygon","coordinates":[[[-58.538539,-34.413153],[-58.538704,-34.413136],[-58.538331,-34.412132],[-58.538166,-34.412192],[-58.538539,-34.413153]]]}},{"type":"Feature","properties":{"partida":"357016864","cca":"357000100000000000000069800H00000000060000","tipo":"Urbano","sup_m2":1851.0},"geometry":{"type":"Polygon","coordinates":[[[-58.538704,-34.413136],[-58.538881,-34.413128],[-58.538483,-34.412077],[-58.538331,-34.412132],[-58.538704,-34.413136]]]}},{"type":"Feature","properties":{"partida":"357016866","cca":"357000100000000000000069800H00000000061000","tipo":"Urbano","sup_m2":1693.1},"geometry":{"type":"Polygon","coordinates":[[[-58.538881,-34.413128],[-58.539041,-34.413151],[-58.538619,-34.412028],[-58.538483,-34.412077],[-58.538881,-34.413128]]]}},{"type":"Feature","properties":{"partida":"357016868","cca":"357000100000000000000069800H00000000062000","tipo":"Urbano","sup_m2":2590.0},"geometry":{"type":"Polygon","coordinates":[[[-58.539306,-34.413299],[-58.538802,-34.411962],[-58.538619,-34.412028],[-58.539041,-34.413151],[-58.539137,-34.41319],[-58.539217,-34.413234],[-58.539306,-34.413299]]]}},{"type":"Feature","properties":{"partida":"357016870","cca":"357000100000000000000069800H00000000063000","tipo":"Urbano","sup_m2":2642.1},"geometry":{"type":"Polygon","coordinates":[[[-58.539306,-34.413299],[-58.539382,-34.413351],[-58.53956,-34.413526],[-58.538963,-34.411904],[-58.538802,-34.411962],[-58.539306,-34.413299]]]}},{"type":"Feature","properties":{"partida":"357016872","cca":"357000100000000000000069800H00000000064000","tipo":"Urbano","sup_m2":2564.3},"geometry":{"type":"Polygon","coordinates":[[[-58.53956,-34.413526],[-58.539662,-34.413629],[-58.53973,-34.413606],[-58.539097,-34.411856],[-58.538963,-34.411904],[-58.53956,-34.413526]]]}},{"type":"Feature","properties":{"partida":"357016873","cca":"357000100000000000000069800H00000000065000","tipo":"Urbano","sup_m2":2156.1},"geometry":{"type":"Polygon","coordinates":[[[-58.53973,-34.413606],[-58.539817,-34.413486],[-58.539201,-34.411818],[-58.539097,-34.411856],[-58.53973,-34.413606]]]}},{"type":"Feature","properties":{"partida":"357016874","cca":"357000100000000000000069800H00000000066000","tipo":"Urbano","sup_m2":2659.3},"geometry":{"type":"Polygon","coordinates":[[[-58.539817,-34.413486],[-58.539861,-34.413448],[-58.539898,-34.413434],[-58.539945,-34.413393],[-58.539336,-34.41177],[-58.539201,-34.411818],[-58.539817,-34.413486]]]}},{"type":"Feature","properties":{"partida":"357016875","cca":"357000100000000000000069800H00000000067000","tipo":"Urbano","sup_m2":2430.8},"geometry":{"type":"Polygon","coordinates":[[[-58.539945,-34.413393],[-58.540041,-34.413251],[-58.539471,-34.411721],[-58.539336,-34.41177],[-58.539945,-34.413393]]]}},{"type":"Feature","properties":{"partida":"357016876","cca":"357000100000000000000069800H00000000068000","tipo":"Urbano","sup_m2":1988.8},"geometry":{"type":"Polygon","coordinates":[[[-58.540041,-34.413251],[-58.540111,-34.413076],[-58.539587,-34.411679],[-58.539471,-34.411721],[-58.540041,-34.413251]]]}},{"type":"Feature","properties":{"partida":"357016877","cca":"357000100000000000000069800H00000000069000","tipo":"Urbano","sup_m2":1675.9},"geometry":{"type":"Polygon","coordinates":[[[-58.540111,-34.413076],[-58.540148,-34.413046],[-58.540182,-34.413002],[-58.53971,-34.411634],[-58.539587,-34.411679],[-58.540111,-34.413076]]]}},{"type":"Feature","properties":{"partida":"357016878","cca":"357000100000000000000069800H00000000070000","tipo":"Urbano","sup_m2":1447.8},"geometry":{"type":"Polygon","coordinates":[[[-58.540257,-34.412882],[-58.539796,-34.411603],[-58.53971,-34.411634],[-58.540182,-34.413002],[-58.540257,-34.412882]]]}},{"type":"Feature","properties":{"partida":"357016879","cca":"357000100000000000000069800H00000000071000","tipo":"Urbano","sup_m2":2148.4},"geometry":{"type":"Polygon","coordinates":[[[-58.540374,-34.412679],[-58.540114,-34.412015],[-58.539937,-34.411553],[-58.539796,-34.411603],[-58.540257,-34.412882],[-58.540374,-34.412679]]]}},{"type":"Feature","properties":{"partida":"357017012","cca":"35700010000000000000007020000000000001600B","tipo":"Rural","sup_m2":171790.6},"geometry":{"type":"Polygon","coordinates":[[[-58.557279,-34.409093],[-58.55759,-34.409142],[-58.557892,-34.409178],[-58.558299,-34.408989],[-58.558931,-34.408556],[-58.559919,-34.408289],[-58.56014,-34.408222],[-58.560574,-34.407504],[-58.56065,-34.407328],[-58.560732,-34.407161],[-58.561219,-34.406041],[-58.56138,-34.405705],[-58.560789,-34.405523],[-58.560001,-34.40601],[-58.559433,-34.406464],[-58.55921,-34.406884],[-58.557627,-34.406365],[-58.556971,-34.406162],[-58.551236,-34.408231],[-58.551532,-34.408126],[-58.55381,-34.409187],[-58.553958,-34.409098],[-58.554388,-34.408484],[-58.554761,-34.408394],[-58.554996,-34.408384],[-58.555354,-34.408511],[-58.555629,-34.408512],[-58.55603,-34.408433],[-58.55643,-34.408458],[-58.556788,-34.408573],[-58.556898,-34.408562],[-58.556966,-34.408665],[-58.557186,-34.408894],[-58.557279,-34.409093]]]}},{"type":"Feature","properties":{"partida":"357017070","cca":"357000100000000000000070600A00000000000000","tipo":"Rural","sup_m2":452170.9},"geometry":{"type":"Polygon","coordinates":[[[-58.557279,-34.409093],[-58.557186,-34.408894],[-58.556966,-34.408665],[-58.556898,-34.408562],[-58.556788,-34.408573],[-58.55643,-34.408458],[-58.55603,-34.408433],[-58.555629,-34.408512],[-58.555354,-34.408511],[-58.554996,-34.408384],[-58.554761,-34.408394],[-58.554388,-34.408484],[-58.553958,-34.409098],[-58.55381,-34.409187],[-58.551532,-34.408126],[-58.551236,-34.408231],[-58.552341,-34.409308],[-58.552439,-34.4094],[-58.552264,-34.411651],[-58.547755,-34.413833],[-58.54896,-34.416413],[-58.549276,-34.416364],[-58.549724,-34.416004],[-58.549983,-34.415615],[-58.550278,-34.415453],[-58.550735,-34.415355],[-58.550828,-34.415322],[-58.550779,-34.415193],[-58.55073,-34.415047],[-58.551104,-34.414906],[-58.551477,-34.414859],[-58.553256,-34.414829],[-58.553507,-34.414861],[-58.553846,-34.414867],[-58.554278,-34.414973],[-58.554261,-34.4149],[-58.554201,-34.41479],[-58.554198,-34.414673],[-58.554221,-34.41454],[-58.554241,-34.414469],[-58.554275,-34.414392],[-58.554324,-34.414158],[-58.55434,-34.414003],[-58.554556,-34.413775],[-58.55463,-34.413676],[-58.554699,-34.413556],[-58.554706,-34.413441],[-58.554734,-34.413359],[-58.554556,-34.413153],[-58.554592,-34.412932],[-58.554733,-34.412802],[-58.554888,-34.41274],[-58.555083,-34.41272],[-58.555352,-34.412667],[-58.555559,-34.412641],[-58.556001,-34.412354],[-58.556496,-34.412343],[-58.557054,-34.413034],[-58.5573,-34.413252],[-58.557727,-34.41366],[-58.557859,-34.414011],[-58.557798,-34.414404],[-58.557852,-34.414508],[-58.55799,-34.414574],[-58.558143,-34.414285],[-58.558431,-34.414045],[-58.559089,-34.413541],[-58.560361,-34.412961],[-58.560909,-34.412516],[-58.561223,-34.412146],[-58.561441,-34.411657],[-58.561516,-34.411343],[-58.560813,-34.411351],[-58.56061,-34.411361],[-58.556753,-34.411491],[-58.55694,-34.410865],[-58.556955,-34.410648],[-58.557301,-34.410547],[-58.557522,-34.41032],[-58.557496,-34.410194],[-58.557289,-34.41008],[-58.557082,-34.410079],[-58.55689,-34.40993],[-58.556933,-34.409634],[-58.557101,-34.409258],[-58.557279,-34.409093]]]}},{"type":"Feature","properties":{"partida":"357017071","cca":"357000100000000000000070700000000000000000","tipo":"Rural","sup_m2":21419.0},"geometry":{"type":"Polygon","coordinates":[[[-58.552341,-34.409308],[-58.551236,-34.408231],[-58.551002,-34.407885],[-58.550128,-34.408422],[-58.549783,-34.408409],[-58.549861,-34.409253],[-58.552341,-34.409308]]]}},{"type":"Feature","properties":{"partida":"357000207","cca":"35700010000000000000007110000000000000100G","tipo":"Urbano","sup_m2":1281.8},"geometry":{"type":"Polygon","coordinates":[[[-58.555795,-34.415723],[-58.555607,-34.41563],[-58.555182,-34.416131],[-58.555289,-34.41614],[-58.555389,-34.416172],[-58.555406,-34.41618],[-58.555795,-34.415723]]]}},{"type":"Feature","properties":{"partida":"357017321","cca":"357000100000000000000071100A00000000001000","tipo":"Urbano","sup_m2":3084.5},"geometry":{"type":"Polygon","coordinates":[[[-58.555761,-34.412566],[-58.555874,-34.413007],[-58.556637,-34.412607],[-58.556392,-34.412413],[-58.55627,-34.412393],[-58.55597,-34.412431],[-58.555761,-34.412566]]]}},{"type":"Feature","properties":{"partida":"357017322","cca":"357000100000000000000071100A00000000002000","tipo":"Urbano","sup_m2":990.2},"geometry":{"type":"Polygon","coordinates":[[[-58.555874,-34.413007],[-58.555761,-34.412566],[-58.555559,-34.412641],[-58.555689,-34.413098],[-58.555874,-34.413007]]]}},{"type":"Feature","properties":{"partida":"357017323","cca":"357000100000000000000071100A00000000003000","tipo":"Urbano","sup_m2":1374.9},"geometry":{"type":"Polygon","coordinates":[[[-58.555575,-34.413357],[-58.555744,-34.413284],[-58.555559,-34.412641],[-58.555352,-34.412667],[-58.555575,-34.413357]]]}},{"type":"Feature","properties":{"partida":"357017324","cca":"357000100000000000000071100A00000000004000","tipo":"Urbano","sup_m2":2149.3},"geometry":{"type":"Polygon","coordinates":[[[-58.55529,-34.413208],[-58.555374,-34.413415],[-58.555455,-34.413589],[-58.555619,-34.413509],[-58.555575,-34.413357],[-58.555352,-34.412667],[-58.555083,-34.41272],[-58.55529,-34.413208]]]}},{"type":"Feature","properties":{"partida":"357017325","cca":"357000100000000000000071100A00000000005000","tipo":"Urbano","sup_m2":1097.4},"geometry":{"type":"Polygon","coordinates":[[[-58.55529,-34.413208],[-58.555083,-34.41272],[-58.554888,-34.41274],[-58.55509,-34.413264],[-58.55529,-34.413208]]]}},{"type":"Feature","properties":{"partida":"357017326","cca":"357000100000000000000071100A00000000006000","tipo":"Urbano","sup_m2":1010.2},"geometry":{"type":"Polygon","coordinates":[[[-58.554901,-34.413312],[-58.55509,-34.413264],[-58.554888,-34.41274],[-58.554733,-34.412802],[-58.554901,-34.413312]]]}},{"type":"Feature","properties":{"partida":"357017327","cca":"357000100000000000000071100A00000000007000","tipo":"Urbano","sup_m2":1116.6},"geometry":{"type":"Polygon","coordinates":[[[-58.554734,-34.413359],[-58.554901,-34.413312],[-58.554733,-34.412802],[-58.554592,-34.412932],[-58.554556,-34.413153],[-58.554734,-34.413359]]]}},{"type":"Feature","properties":{"partida":"357017328","cca":"357000100000000000000071100A00000000008000","tipo":"Urbano","sup_m2":1318.3},"geometry":{"type":"Polygon","coordinates":[[[-58.554734,-34.413359],[-58.554706,-34.413441],[-58.554699,-34.413556],[-58.555374,-34.413415],[-58.55529,-34.413208],[-58.554734,-34.413359]]]}},{"type":"Feature","properties":{"partida":"357017329","cca":"357000100000000000000071100A00000000009000","tipo":"Urbano","sup_m2":1749.1},"geometry":{"type":"Polygon","coordinates":[[[-58.554699,-34.413556],[-58.55463,-34.413676],[-58.554556,-34.413775],[-58.555473,-34.413637],[-58.555455,-34.413589],[-58.555374,-34.413415],[-58.554699,-34.413556]]]}},{"type":"Feature","properties":{"partida":"357017330","cca":"357000100000000000000071100A00000000010000","tipo":"Urbano","sup_m2":2132.8},"geometry":{"type":"Polygon","coordinates":[[[-58.555473,-34.413637],[-58.554556,-34.413775],[-58.55434,-34.414003],[-58.555553,-34.413821],[-58.555473,-34.413637]]]}},{"type":"Feature","properties":{"partida":"357017331","cca":"357000100000000000000071100A00000000011000","tipo":"Urbano","sup_m2":2402.6},"geometry":{"type":"Polygon","coordinates":[[[-58.555553,-34.413821],[-58.55434,-34.414003],[-58.554324,-34.414158],[-58.555638,-34.41403],[-58.555607,-34.413947],[-58.555553,-34.413821]]]}},{"type":"Feature","properties":{"partida":"357017332","cca":"357000100000000000000071100A00000000012000","tipo":"Urbano","sup_m2":3362.3},"geometry":{"type":"Polygon","coordinates":[[[-58.555677,-34.414116],[-58.555638,-34.41403],[-58.554324,-34.414158],[-58.554275,-34.414392],[-58.555731,-34.414268],[-58.555677,-34.414116]]]}},{"type":"Feature","properties":{"partida":"357017333","cca":"357000100000000000000071100A00000000013000","tipo":"Urbano","sup_m2":4823.1},"geometry":{"type":"Polygon","coordinates":[[[-58.556034,-34.414441],[-58.555731,-34.414268],[-58.554275,-34.414392],[-58.554241,-34.414469],[-58.554221,-34.41454],[-58.55587,-34.414666],[-58.556034,-34.414441]]]}},{"type":"Feature","properties":{"partida":"357017334","cca":"357000100000000000000071100A00000000014000","tipo":"Urbano","sup_m2":3716.2},"geometry":{"type":"Polygon","coordinates":[[[-58.55575,-34.414844],[-58.55587,-34.414666],[-58.554221,-34.41454],[-58.554198,-34.414673],[-58.555653,-34.414968],[-58.55575,-34.414844]]]}},{"type":"Feature","properties":{"partida":"357017335","cca":"357000100000000000000071100A00000000015000","tipo":"Urbano","sup_m2":3313.5},"geometry":{"type":"Polygon","coordinates":[[[-58.555653,-34.414968],[-58.554198,-34.414673],[-58.554201,-34.41479],[-58.555437,-34.415268],[-58.555566,-34.415116],[-58.555653,-34.414968]]]}},{"type":"Feature","properties":{"partida":"357017336","cca":"357000100000000000000071100A00000000016000","tipo":"Urbano","sup_m2":2393.2},"geometry":{"type":"Polygon","coordinates":[[[-58.555289,-34.415474],[-58.555437,-34.415268],[-58.554201,-34.41479],[-58.554261,-34.4149],[-58.554278,-34.414973],[-58.555289,-34.415474]]]}},{"type":"Feature","properties":{"partida":"357017337","cca":"357000100000000000000071100A00000000017000","tipo":"Urbano","sup_m2":3334.7},"geometry":{"type":"Polygon","coordinates":[[[-58.555411,-34.415303],[-58.555289,-34.415474],[-58.556675,-34.416156],[-58.556703,-34.416115],[-58.556757,-34.416072],[-58.556867,-34.416017],[-58.555411,-34.415303]]]}},{"type":"Feature","properties":{"partida":"357017338","cca":"357000100000000000000071100A00000000018000","tipo":"Urbano","sup_m2":3675.2},"geometry":{"type":"Polygon","coordinates":[[[-58.556867,-34.416017],[-58.55689,-34.415968],[-58.557011,-34.415856],[-58.555566,-34.415116],[-58.555437,-34.415268],[-58.555411,-34.415303],[-58.556867,-34.416017]]]}},{"type":"Feature","properties":{"partida":"357017339","cca":"357000100000000000000071100A00000000019000","tipo":"Urbano","sup_m2":2886.3},"geometry":{"type":"Polygon","coordinates":[[[-58.557121,-34.415716],[-58.555653,-34.414968],[-58.555566,-34.415116],[-58.557011,-34.415856],[-58.557043,-34.415811],[-58.557121,-34.415716]]]}},{"type":"Feature","properties":{"partida":"357017340","cca":"357000100000000000000071100A00000000020000","tipo":"Urbano","sup_m2":2730.5},"geometry":{"type":"Polygon","coordinates":[[[-58.557232,-34.415581],[-58.55575,-34.414844],[-58.555653,-34.414968],[-58.557121,-34.415716],[-58.557232,-34.415581]]]}},{"type":"Feature","properties":{"partida":"357017341","cca":"357000100000000000000071100A00000000021000","tipo":"Urbano","sup_m2":2622.1},"geometry":{"type":"Polygon","coordinates":[[[-58.557317,-34.415442],[-58.555835,-34.41472],[-58.55575,-34.414844],[-58.557232,-34.415581],[-58.557317,-34.415442]]]}},{"type":"Feature","properties":{"partida":"357017342","cca":"357000100000000000000071100A00000000022000","tipo":"Urbano","sup_m2":2528.4},"geometry":{"type":"Polygon","coordinates":[[[-58.555835,-34.41472],[-58.557317,-34.415442],[-58.557403,-34.415324],[-58.555927,-34.414591],[-58.55587,-34.414666],[-58.555835,-34.41472]]]}},{"type":"Feature","properties":{"partida":"357017343","cca":"357000100000000000000071100A00000000023000","tipo":"Urbano","sup_m2":3678.5},"geometry":{"type":"Polygon","coordinates":[[[-58.556384,-34.414578],[-58.556172,-34.414509],[-58.556034,-34.414441],[-58.555927,-34.414591],[-58.557403,-34.415324],[-58.557457,-34.41525],[-58.557518,-34.415118],[-58.556605,-34.414677],[-58.556384,-34.414578]]]}},{"type":"Feature","properties":{"partida":"357017348","cca":"357000100000000000000071100A00000000028000","tipo":"Urbano","sup_m2":2370.9},"geometry":{"type":"Polygon","coordinates":[[[-58.556384,-34.414578],[-58.556605,-34.414677],[-58.55683,-34.414557],[-58.557741,-34.414098],[-58.557736,-34.413929],[-58.556384,-34.414578]]]}},{"type":"Feature","properties":{"partida":"357017349","cca":"357000100000000000000071100A00000000029000","tipo":"Urbano","sup_m2":2725.0},"geometry":{"type":"Polygon","coordinates":[[[-58.556172,-34.414509],[-58.556384,-34.414578],[-58.557736,-34.413929],[-58.557706,-34.413747],[-58.556172,-34.414509]]]}},{"type":"Feature","properties":{"partida":"357017350","cca":"357000100000000000000071100A00000000030000","tipo":"Urbano","sup_m2":3496.1},"geometry":{"type":"Polygon","coordinates":[[[-58.557588,-34.413583],[-58.555967,-34.414401],[-58.556034,-34.414441],[-58.556172,-34.414509],[-58.557706,-34.413747],[-58.557588,-34.413583]]]}},{"type":"Feature","properties":{"partida":"357017351","cca":"357000100000000000000071100A00000000031000","tipo":"Urbano","sup_m2":3987.7},"geometry":{"type":"Polygon","coordinates":[[[-58.557414,-34.413447],[-58.555731,-34.414268],[-58.555967,-34.414401],[-58.557588,-34.413583],[-58.557489,-34.413498],[-58.557414,-34.413447]]]}},{"type":"Feature","properties":{"partida":"357017352","cca":"357000100000000000000071100A00000000032000","tipo":"Urbano","sup_m2":3203.7},"geometry":{"type":"Polygon","coordinates":[[[-58.555677,-34.414116],[-58.555731,-34.414268],[-58.557414,-34.413447],[-58.557262,-34.413317],[-58.555677,-34.414116]]]}},{"type":"Feature","properties":{"partida":"357017353","cca":"357000100000000000000071100A00000000033000","tipo":"Urbano","sup_m2":3184.5},"geometry":{"type":"Polygon","coordinates":[[[-58.557105,-34.413195],[-58.555607,-34.413947],[-58.555638,-34.41403],[-58.555677,-34.414116],[-58.557262,-34.413317],[-58.557105,-34.413195]]]}},{"type":"Feature","properties":{"partida":"357017354","cca":"357000100000000000000071100A00000000034000","tipo":"Urbano","sup_m2":3140.8},"geometry":{"type":"Polygon","coordinates":[[[-58.555607,-34.413947],[-58.557105,-34.413195],[-58.556979,-34.413076],[-58.555523,-34.413751],[-58.555607,-34.413947]]]}},{"type":"Feature","properties":{"partida":"357017355","cca":"357000100000000000000071100A00000000035000","tipo":"Urbano","sup_m2":3047.2},"geometry":{"type":"Polygon","coordinates":[[[-58.556878,-34.412907],[-58.555455,-34.413589],[-58.555523,-34.413751],[-58.556979,-34.413076],[-58.556946,-34.412986],[-58.556878,-34.412907]]]}},{"type":"Feature","properties":{"partida":"357017356","cca":"357000100000000000000071100A00000000036000","tipo":"Urbano","sup_m2":2280.8},"geometry":{"type":"Polygon","coordinates":[[[-58.556878,-34.412907],[-58.556743,-34.412766],[-58.555744,-34.413284],[-58.555575,-34.413357],[-58.555619,-34.413509],[-58.556878,-34.412907]]]}},{"type":"Feature","properties":{"partida":"357017357","cca":"357000100000000000000071100A00000000037000","tipo":"Urbano","sup_m2":2087.6},"geometry":{"type":"Polygon","coordinates":[[[-58.556637,-34.412607],[-58.555874,-34.413007],[-58.555689,-34.413098],[-58.555744,-34.413284],[-58.556743,-34.412766],[-58.556673,-34.412696],[-58.556637,-34.412607]]]}}]}