{"type":"FeatureCollection","features":[{"type":"Feature","properties":{"partida":"057083464","cca":"057030000000000000000000000000000000056MMM","tipo":"Rural","sup_m2":117262.7},"geometry":{"type":"Polygon","coordinates":[[[-58.663332,-34.386598],[-58.664898,-34.387426],[-58.667568,-34.383961],[-58.667109,-34.383734],[-58.666914,-34.383658],[-58.666838,-34.383657],[-58.666686,-34.383682],[-58.666522,-34.383717],[-58.66637,-34.383733],[-58.666206,-34.383749],[-58.66601,-34.383756],[-58.665793,-34.383772],[-58.665421,-34.383894],[-58.665027,-34.384043],[-58.664699,-34.384156],[-58.664284,-34.384314],[-58.663988,-34.384446],[-58.663857,-34.384508],[-58.663682,-34.384569],[-58.663103,-34.384743],[-58.663059,-34.384742],[-58.662819,-34.38483],[-58.662491,-34.384916],[-58.662011,-34.385055],[-58.661967,-34.385064],[-58.661934,-34.385064],[-58.66188,-34.385081],[-58.661792,-34.385125],[-58.661552,-34.385204],[-58.660939,-34.385422],[-58.66127,-34.385593],[-58.663332,-34.386598]]]}},{"type":"Feature","properties":{"partida":"057083465","cca":"057030000000000000000000000000000000056NNN","tipo":"Rural","sup_m2":95825.4},"geometry":{"type":"Polygon","coordinates":[[[-58.66127,-34.385593],[-58.660939,-34.385422],[-58.66048,-34.385589],[-58.660349,-34.385632],[-58.659617,-34.385859],[-58.659431,-34.38592],[-58.659168,-34.386016],[-58.659077,-34.386057],[-58.658803,-34.386173],[-58.658692,-34.38623],[-58.658555,-34.386289],[-58.658105,-34.38659],[-58.657961,-34.386724],[-58.657917,-34.386795],[-58.657715,-34.387145],[-58.657548,-34.387386],[-58.657459,-34.387502],[-58.657305,-34.387636],[-58.657125,-34.38771],[-58.656963,-34.387772],[-58.656814,-34.387797],[-58.656562,-34.387889],[-58.656442,-34.387924],[-58.656288,-34.387985],[-58.656078,-34.388055],[-58.65586,-34.388177],[-58.655636,-34.388328],[-58.655383,-34.388513],[-58.657869,-34.389854],[-58.66127,-34.385593]]]}},{"type":"Feature","properties":{"partida":"057064996","cca":"057030000000000000000000000000000000056PPP","tipo":"Rural","sup_m2":127023.1},"geometry":{"type":"Polygon","coordinates":[[[-58.659911,-34.390959],[-58.663332,-34.386598],[-58.66127,-34.385593],[-58.657869,-34.389854],[-58.659911,-34.390959]]]}},{"type":"Feature","properties":{"partida":"057083466","cca":"057030000000000000000000000000000000056QQQ","tipo":"Rural","sup_m2":100729.8},"geometry":{"type":"Polygon","coordinates":[[[-58.663332,-34.386598],[-58.659911,-34.390959],[-58.661563,-34.391811],[-58.664898,-34.387426],[-58.663332,-34.386598]]]}},{"type":"Feature","properties":{"partida":"057018408","cca":"05703000000000000000000000000000000005800Z","tipo":"Urbano","sup_m2":3866.4},"geometry":{"type":"Polygon","coordinates":[[[-58.648557,-34.379801],[-58.648732,-34.380092],[-58.649132,-34.379911],[-58.649356,-34.379819],[-58.649455,-34.379775],[-58.649619,-34.379714],[-58.649837,-34.379644],[-58.649903,-34.379618],[-58.649957,-34.379609],[-58.649879,-34.379554],[-58.649786,-34.379545],[-58.649689,-34.379501],[-58.649623,-34.379462],[-58.649586,-34.379385],[-58.648557,-34.379801]]]}},{"type":"Feature","properties":{"partida":"057018407","cca":"05703000000000000000000000000000000005900B","tipo":"Urbano","sup_m2":4448.9},"geometry":{"type":"Polygon","coordinates":[[[-58.650062,-34.379899],[-58.650062,-34.379854],[-58.650075,-34.379746],[-58.650044,-34.379664],[-58.650001,-34.379619],[-58.649957,-34.379609],[-58.649903,-34.379618],[-58.649837,-34.379644],[-58.649619,-34.379714],[-58.649455,-34.379775],[-58.649356,-34.379819],[-58.649132,-34.379911],[-58.648732,-34.380092],[-58.648918,-34.38036],[-58.650062,-34.379899]]]}},{"type":"Feature","properties":{"partida":"057018788","cca":"05703000000000000000000000000000000005900C","tipo":"Urbano","sup_m2":2332.9},"geometry":{"type":"Polygon","coordinates":[[[-58.650964,-34.379557],[-58.650149,-34.379886],[-58.650147,-34.379999],[-58.650157,-34.38008],[-58.650177,-34.380144],[-58.651058,-34.379784],[-58.650964,-34.379557]]]}},{"type":"Feature","properties":{"partida":"057018406","cca":"05703000000000000000000000000000000005900D","tipo":"Urbano","sup_m2":3113.6},"geometry":{"type":"Polygon","coordinates":[[[-58.649078,-34.380591],[-58.650046,-34.380196],[-58.650036,-34.38016],[-58.650026,-34.380079],[-58.650039,-34.379971],[-58.650062,-34.379899],[-58.648918,-34.38036],[-58.649078,-34.380591]]]}},{"type":"Feature","properties":{"partida":"057018789","cca":"05703000000000000000000000000000000005900E","tipo":"Urbano","sup_m2":2752.5},"geometry":{"type":"Polygon","coordinates":[[[-58.651058,-34.379784],[-58.650177,-34.380144],[-58.650197,-34.38027],[-58.650233,-34.380415],[-58.651163,-34.380042],[-58.651058,-34.379784]]]}},{"type":"Feature","properties":{"partida":"057018405","cca":"05703000000000000000000000000000000005900F","tipo":"Urbano","sup_m2":3292.4},"geometry":{"type":"Polygon","coordinates":[[[-58.649269,-34.380868],[-58.650117,-34.380526],[-58.650076,-34.380368],[-58.650046,-34.380196],[-58.649078,-34.380591],[-58.649269,-34.380868]]]}},{"type":"Feature","properties":{"partida":"057018790","cca":"05703000000000000000000000000000000005900G","tipo":"Urbano","sup_m2":3959.5},"geometry":{"type":"Polygon","coordinates":[[[-58.651288,-34.380359],[-58.651163,-34.380042],[-58.650233,-34.380415],[-58.650258,-34.380514],[-58.650213,-34.380595],[-58.650114,-34.380711],[-58.65007,-34.380728],[-58.650026,-34.380773],[-58.650047,-34.380809],[-58.650101,-34.380832],[-58.651288,-34.380359]]]}},{"type":"Feature","properties":{"partida":"057018404","cca":"05703000000000000000000000000000000005900H","tipo":"Urbano","sup_m2":2177.9},"geometry":{"type":"Polygon","coordinates":[[[-58.649269,-34.380868],[-58.649449,-34.381132],[-58.65004,-34.380881],[-58.649981,-34.380872],[-58.649938,-34.380844],[-58.649916,-34.380817],[-58.649917,-34.380781],[-58.650006,-34.380683],[-58.650083,-34.38062],[-58.650116,-34.380585],[-58.650117,-34.380526],[-58.649269,-34.380868]]]}},{"type":"Feature","properties":{"partida":"057018403","cca":"05703000000000000000000000000000000005900K","tipo":"Urbano","sup_m2":1863.0},"geometry":{"type":"Polygon","coordinates":[[[-58.649449,-34.381132],[-58.649615,-34.381327],[-58.650397,-34.381011],[-58.650164,-34.380946],[-58.65004,-34.380881],[-58.649449,-34.381132]]]}},{"type":"Feature","properties":{"partida":"057018402","cca":"05703000000000000000000000000000000005900M","tipo":"Urbano","sup_m2":4249.2},"geometry":{"type":"Polygon","coordinates":[[[-58.649887,-34.381655],[-58.650943,-34.381225],[-58.650933,-34.381171],[-58.650879,-34.381143],[-58.650543,-34.381058],[-58.650397,-34.381011],[-58.649615,-34.381327],[-58.649887,-34.381655]]]}},{"type":"Feature","properties":{"partida":"057018792","cca":"05703000000000000000000000000000000005900N","tipo":"Urbano","sup_m2":3531.6},"geometry":{"type":"Polygon","coordinates":[[[-58.651513,-34.380911],[-58.651212,-34.381029],[-58.651195,-34.381065],[-58.651118,-34.381119],[-58.651052,-34.381172],[-58.651041,-34.381199],[-58.651018,-34.381271],[-58.650995,-34.381361],[-58.650961,-34.381459],[-58.650937,-34.381558],[-58.650937,-34.381603],[-58.650973,-34.381694],[-58.651712,-34.381396],[-58.651513,-34.380911]]]}},{"type":"Feature","properties":{"partida":"057018401","cca":"05703000000000000000000000000000000005900P","tipo":"Urbano","sup_m2":3433.1},"geometry":{"type":"Polygon","coordinates":[[[-58.649887,-34.381655],[-58.650143,-34.381955],[-58.650816,-34.381683],[-58.650807,-34.38153],[-58.650842,-34.381422],[-58.650864,-34.381368],[-58.650943,-34.381225],[-58.649887,-34.381655]]]}},{"type":"Feature","properties":{"partida":"057018793","cca":"05703000000000000000000000000000000005900R","tipo":"Urbano","sup_m2":2258.2},"geometry":{"type":"Polygon","coordinates":[[[-58.651712,-34.381396],[-58.650973,-34.381694],[-58.650999,-34.381802],[-58.650998,-34.381856],[-58.650986,-34.381901],[-58.650941,-34.381991],[-58.651811,-34.38164],[-58.651712,-34.381396]]]}},{"type":"Feature","properties":{"partida":"057018400","cca":"05703000000000000000000000000000000005900S","tipo":"Urbano","sup_m2":2897.8},"geometry":{"type":"Polygon","coordinates":[[[-58.650816,-34.381683],[-58.650143,-34.381955],[-58.650708,-34.382637],[-58.650714,-34.382601],[-58.650693,-34.382565],[-58.650673,-34.382448],[-58.650675,-34.382331],[-58.650664,-34.382303],[-58.650633,-34.382249],[-58.650633,-34.382204],[-58.650656,-34.382159],[-58.650889,-34.381855],[-58.650901,-34.381819],[-58.65089,-34.381792],[-58.650837,-34.381728],[-58.650816,-34.381683]]]}},{"type":"Feature","properties":{"partida":"057018795","cca":"05703000000000000000000000000000000005900U","tipo":"Urbano","sup_m2":3312.2},"geometry":{"type":"Polygon","coordinates":[[[-58.651921,-34.381903],[-58.650816,-34.38235],[-58.650837,-34.382395],[-58.650836,-34.382468],[-58.650802,-34.382566],[-58.650789,-34.382647],[-58.652015,-34.382143],[-58.651921,-34.381903]]]}},{"type":"Feature","properties":{"partida":"057027584","cca":"0570300000000000000000000000000000000590AA","tipo":"Urbano","sup_m2":1329.8},"geometry":{"type":"Polygon","coordinates":[[[-58.651811,-34.38164],[-58.650941,-34.381991],[-58.650874,-34.382089],[-58.650824,-34.382174],[-58.651858,-34.381758],[-58.651811,-34.38164]]]}},{"type":"Feature","properties":{"partida":"057018791","cca":"0570300000000000000000000000000000000590AB","tipo":"Urbano","sup_m2":5039.3},"geometry":{"type":"Polygon","coordinates":[[[-58.651288,-34.380359],[-58.650208,-34.380789],[-58.650101,-34.380832],[-58.650382,-34.380939],[-58.650544,-34.380977],[-58.650642,-34.381005],[-58.650739,-34.381024],[-58.650826,-34.381025],[-58.650913,-34.381017],[-58.650968,-34.380991],[-58.651034,-34.380937],[-58.6511,-34.380902],[-58.651155,-34.380885],[-58.651209,-34.380894],[-58.651263,-34.380931],[-58.651278,-34.381003],[-58.651513,-34.380911],[-58.651288,-34.380359]]]}},{"type":"Feature","properties":{"partida":"057018794","cca":"0570300000000000000000000000000000000590BB","tipo":"Urbano","sup_m2":1898.0},"geometry":{"type":"Polygon","coordinates":[[[-58.651921,-34.381903],[-58.651858,-34.381758],[-58.650824,-34.382174],[-58.650796,-34.382242],[-58.650795,-34.382287],[-58.650816,-34.38235],[-58.651921,-34.381903]]]}},{"type":"Feature","properties":{"partida":"057018388","cca":"05703000000000000000000000000000000006000F","tipo":"Urbano","sup_m2":3109.6},"geometry":{"type":"Polygon","coordinates":[[[-58.647366,-34.379847],[-58.647574,-34.380137],[-58.648378,-34.379826],[-58.648198,-34.379522],[-58.647366,-34.379847]]]}},{"type":"Feature","properties":{"partida":"057018389","cca":"05703000000000000000000000000000000006000G","tipo":"Urbano","sup_m2":2865.9},"geometry":{"type":"Polygon","coordinates":[[[-58.64777,-34.380419],[-58.648547,-34.380112],[-58.648378,-34.379826],[-58.647574,-34.380137],[-58.64777,-34.380419]]]}},{"type":"Feature","properties":{"partida":"057018390","cca":"05703000000000000000000000000000000006000H","tipo":"Urbano","sup_m2":3120.9},"geometry":{"type":"Polygon","coordinates":[[[-58.64777,-34.380419],[-58.647993,-34.380733],[-58.648748,-34.380434],[-58.648669,-34.380325],[-58.648547,-34.380112],[-58.64777,-34.380419]]]}},{"type":"Feature","properties":{"partida":"057018391","cca":"05703000000000000000000000000000000006000J","tipo":"Urbano","sup_m2":2746.1},"geometry":{"type":"Polygon","coordinates":[[[-58.648945,-34.380716],[-58.648748,-34.380434],[-58.647993,-34.380733],[-58.64819,-34.38101],[-58.648945,-34.380716]]]}},{"type":"Feature","properties":{"partida":"057018392","cca":"05703000000000000000000000000000000006000K","tipo":"Urbano","sup_m2":2072.2},"geometry":{"type":"Polygon","coordinates":[[[-58.648344,-34.381219],[-58.649094,-34.380929],[-58.648945,-34.380716],[-58.64819,-34.38101],[-58.648344,-34.381219]]]}},{"type":"Feature","properties":{"partida":"057018393","cca":"05703000000000000000000000000000000006000M","tipo":"Urbano","sup_m2":3049.8},"geometry":{"type":"Polygon","coordinates":[[[-58.648344,-34.381219],[-58.648568,-34.381537],[-58.649312,-34.381238],[-58.649094,-34.380929],[-58.648344,-34.381219]]]}},{"type":"Feature","properties":{"partida":"057018394","cca":"05703000000000000000000000000000000006000N","tipo":"Urbano","sup_m2":2581.4},"geometry":{"type":"Polygon","coordinates":[[[-58.648568,-34.381537],[-58.648748,-34.381795],[-58.64952,-34.381493],[-58.649312,-34.381238],[-58.648568,-34.381537]]]}},{"type":"Feature","properties":{"partida":"057018395","cca":"05703000000000000000000000000000000006000P","tipo":"Urbano","sup_m2":2934.0},"geometry":{"type":"Polygon","coordinates":[[[-58.648956,-34.382082],[-58.649749,-34.38177],[-58.64952,-34.381493],[-58.648748,-34.381795],[-58.648956,-34.382082]]]}},{"type":"Feature","properties":{"partida":"057018396","cca":"05703000000000000000000000000000000006000R","tipo":"Urbano","sup_m2":3589.5},"geometry":{"type":"Polygon","coordinates":[[[-58.648956,-34.382082],[-58.649195,-34.382422],[-58.650021,-34.382098],[-58.649749,-34.38177],[-58.648956,-34.382082]]]}},{"type":"Feature","properties":{"partida":"057018397","cca":"05703000000000000000000000000000000006000S","tipo":"Urbano","sup_m2":2710.5},"geometry":{"type":"Polygon","coordinates":[[[-58.64937,-34.382668],[-58.64983,-34.382492],[-58.650218,-34.382339],[-58.650021,-34.382098],[-58.649195,-34.382422],[-58.64937,-34.382668]]]}},{"type":"Feature","properties":{"partida":"057018399","cca":"05703000000000000000000000000000000006000T","tipo":"Urbano","sup_m2":2956.7},"geometry":{"type":"Polygon","coordinates":[[[-58.64992,-34.382615],[-58.650342,-34.383201],[-58.65055,-34.383076],[-58.650605,-34.383011],[-58.650669,-34.382879],[-58.650319,-34.382457],[-58.64992,-34.382615]]]}},{"type":"Feature","properties":{"partida":"057018398","cca":"05703000000000000000000000000000000006000U","tipo":"Urbano","sup_m2":5531.8},"geometry":{"type":"Polygon","coordinates":[[[-58.64937,-34.382668],[-58.65012,-34.383722],[-58.650211,-34.383831],[-58.650288,-34.383912],[-58.650251,-34.38366],[-58.650222,-34.383488],[-58.650224,-34.383362],[-58.650243,-34.383312],[-58.650288,-34.383246],[-58.650342,-34.383201],[-58.64983,-34.382492],[-58.64937,-34.382668]]]}},{"type":"Feature","properties":{"partida":"057000090","cca":"05703000000000000000000000000000000006100D","tipo":"Urbano","sup_m2":396227.3},"geometry":{"type":"Polygon","coordinates":[[[-58.650288,-34.383912],[-58.650211,-34.383831],[-58.65012,-34.383722],[-58.649195,-34.382422],[-58.648956,-34.382082],[-58.648748,-34.381795],[-58.648344,-34.381219],[-58.64819,-34.38101],[-58.647574,-34.380137],[-58.647074,-34.379438],[-58.646305,-34.37833],[-58.643542,-34.379986],[-58.643515,-34.380008],[-58.643496,-34.380028],[-58.643477,-34.380054],[-58.643454,-34.380101],[-58.643443,-34.38015],[-58.643446,-34.380208],[-58.643464,-34.380262],[-58.643602,-34.380455],[-58.644325,-34.381421],[-58.646006,-34.383687],[-58.64627,-34.384054],[-58.64646,-34.384354],[-58.646992,-34.385271],[-58.64723,-34.385707],[-58.64754,-34.386311],[-58.647609,-34.386459],[-58.647818,-34.387039],[-58.647854,-34.387163],[-58.647917,-34.387447],[-58.647963,-34.387504],[-58.648,-34.387525],[-58.648044,-34.387536],[-58.648096,-34.387536],[-58.648155,-34.387526],[-58.648203,-34.387514],[-58.648266,-34.387491],[-58.648329,-34.387452],[-58.648357,-34.387421],[-58.648379,-34.387378],[-58.648386,-34.38732],[-58.648375,-34.387265],[-58.648339,-34.387128],[-58.648339,-34.387105],[-58.648351,-34.387066],[-58.64837,-34.387038],[-58.64843,-34.386989],[-58.648535,-34.386921],[-58.648596,-34.386887],[-58.648676,-34.386848],[-58.648755,-34.386815],[-58.6489,-34.386768],[-58.649009,-34.386742],[-58.649055,-34.386735],[-58.649089,-34.386735],[-58.649128,-34.386744],[-58.649158,-34.386756],[-58.6492,-34.386789],[-58.649229,-34.386822],[-58.649252,-34.386858],[-58.649266,-34.386893],[-58.649275,-34.38693],[-58.649277,-34.386976],[-58.649272,-34.387069],[-58.649272,-34.387185],[-58.649285,-34.387325],[-58.649301,-34.387413],[-58.649332,-34.387537],[-58.649359,-34.387619],[-58.649426,-34.387776],[-58.649454,-34.38783],[-58.649494,-34.3879],[-58.649569,-34.388013],[-58.649621,-34.388081],[-58.649667,-34.388136],[-58.649738,-34.388208],[-58.649813,-34.388272],[-58.649938,-34.388356],[-58.64998,-34.388389],[-58.650035,-34.388442],[-58.650094,-34.388508],[-58.650099,-34.388529],[-58.650133,-34.388605],[-58.650141,-34.388656],[-58.650136,-34.388725],[-58.650116,-34.388766],[-58.650077,-34.388803],[-58.650041,-34.38883],[-58.649998,-34.388851],[-58.649891,-34.388871],[-58.649803,-34.38887],[-58.649678,-34.388867],[-58.649554,-34.388855],[-58.649405,-34.388822],[-58.649276,-34.388799],[-58.649069,-34.388777],[-58.648866,-34.388747],[-58.648778,-34.388728],[-58.648685,-34.388702],[-58.64859,-34.388691],[-58.648558,-34.388656],[-58.648415,-34.388589],[-58.648287,-34.388514],[-58.648258,-34.388501],[-58.648229,-34.38849],[-58.648192,-34.388488],[-58.648156,-34.388494],[-58.648107,-34.388521],[-58.648087,-34.388548],[-58.648073,-34.388581],[-58.648076,-34.38882],[-58.648069,-34.389057],[-58.648204,-34.3893],[-58.648077,-34.389498],[-58.648475,-34.389552],[-58.649243,-34.389723],[-58.649323,-34.389747],[-58.649445,-34.389776],[-58.649611,-34.389807],[-58.649737,-34.389823],[-58.649864,-34.389832],[-58.649991,-34.389835],[-58.650145,-34.389834],[-58.650213,-34.389837],[-58.650304,-34.389847],[-58.650393,-34.389863],[-58.650458,-34.389879],[-58.650523,-34.389899],[-58.650571,-34.389917],[-58.650618,-34.389938],[-58.650661,-34.389964],[-58.650701,-34.389992],[-58.650787,-34.390063],[-58.65084,-34.390098],[-58.650896,-34.390129],[-58.650956,-34.390155],[-58.651018,-34.390177],[-58.651082,-34.390194],[-58.651148,-34.390206],[-58.651361,-34.390201],[-58.651415,-34.390322],[-58.651462,-34.39044],[-58.651503,-34.390558],[-58.65152,-34.390618],[-58.651535,-34.390679],[-58.651556,-34.3908],[-58.651563,-34.390862],[-58.651569,-34.390985],[-58.651564,-34.391108],[-58.65155,-34.39123],[-58.651525,-34.391351],[-58.651509,-34.391411],[-58.651439,-34.391757],[-58.6514,-34.392153],[-58.651645,-34.391852],[-58.651693,-34.391587],[-58.651729,-34.391411],[-58.652063,-34.391423],[-58.652136,-34.391256],[-58.652173,-34.391224],[-58.65221,-34.391163],[-58.652402,-34.391106],[-58.652654,-34.39094],[-58.652714,-34.390679],[-58.652788,-34.39064],[-58.652833,-34.390593],[-58.6529,-34.390538],[-58.652915,-34.390494],[-58.653008,-34.390465],[-58.653067,-34.390428],[-58.653124,-34.390373],[-58.653151,-34.390245],[-58.653142,-34.3902],[-58.653114,-34.390175],[-58.653062,-34.390154],[-58.653029,-34.390132],[-58.652952,-34.390059],[-58.65292,-34.390044],[-58.652885,-34.390018],[-58.652836,-34.390005],[-58.652778,-34.389986],[-58.652707,-34.389974],[-58.65263,-34.389942],[-58.65247,-34.389861],[-58.652355,-34.389867],[-58.65223,-34.389894],[-58.652104,-34.389918],[-58.651956,-34.389931],[-58.65183,-34.389917],[-58.651723,-34.389892],[-58.651668,-34.389863],[-58.651637,-34.389814],[-58.651578,-34.389768],[-58.651582,-34.389678],[-58.651591,-34.389606],[-58.651699,-34.389507],[-58.651755,-34.389417],[-58.651848,-34.389199],[-58.651903,-34.389099],[-58.651875,-34.389037],[-58.651773,-34.38898],[-58.651695,-34.388927],[-58.651613,-34.388891],[-58.651495,-34.388826],[-58.651425,-34.388817],[-58.651364,-34.388771],[-58.651279,-34.388737],[-58.651258,-34.388578],[-58.651195,-34.388412],[-58.651183,-34.388346],[-58.651165,-34.388275],[-58.651136,-34.388231],[-58.651126,-34.38818],[-58.651112,-34.388136],[-58.651103,-34.388061],[-58.651089,-34.388027],[-58.65108,-34.38799],[-58.651049,-34.38795],[-58.650961,-34.387895],[-58.650933,-34.387889],[-58.650862,-34.387864],[-58.650775,-34.387822],[-58.650742,-34.387809],[-58.650711,-34.387809],[-58.650673,-34.387799],[-58.650646,-34.387782],[-58.650623,-34.387753],[-58.650588,-34.387735],[-58.650351,-34.387627],[-58.65033,-34.387582],[-58.650354,-34.387429],[-58.650395,-34.387345],[-58.650444,-34.387268],[-58.650477,-34.387205],[-58.650541,-34.387116],[-58.65058,-34.387083],[-58.650632,-34.387069],[-58.650673,-34.387054],[-58.650709,-34.387019],[-58.650776,-34.386866],[-58.650844,-34.386677],[-58.650868,-34.386587],[-58.650869,-34.386488],[-58.650859,-34.386425],[-58.650819,-34.386226],[-58.650798,-34.386172],[-58.650758,-34.385982],[-58.65077,-34.38591],[-58.650836,-34.38583],[-58.650946,-34.385741],[-58.651024,-34.385652],[-58.651124,-34.385508],[-58.651169,-34.385401],[-58.65116,-34.38532],[-58.651096,-34.38522],[-58.651021,-34.385156],[-58.650838,-34.38501],[-58.65058,-34.384844],[-58.650516,-34.384781],[-58.650376,-34.384671],[-58.650172,-34.384533],[-58.650119,-34.384479],[-58.650087,-34.384424],[-58.650087,-34.384388],[-58.650132,-34.384317],[-58.650199,-34.384227],[-58.650277,-34.384084],[-58.650289,-34.383994],[-58.650288,-34.383912]]]}},{"type":"Feature","properties":{"partida":"057000236","cca":"05703000000000000000000000000000000006200D","tipo":"Urbano","sup_m2":83368.5},"geometry":{"type":"Polygon","coordinates":[[[-58.648077,-34.389498],[-58.648204,-34.3893],[-58.648069,-34.389057],[-58.648076,-34.38882],[-58.648073,-34.388581],[-58.648087,-34.388548],[-58.648107,-34.388521],[-58.648156,-34.388494],[-58.648192,-34.388488],[-58.648229,-34.38849],[-58.648258,-34.388501],[-58.648287,-34.388514],[-58.648415,-34.388589],[-58.648558,-34.388656],[-58.64859,-34.388691],[-58.648685,-34.388702],[-58.648778,-34.388728],[-58.648866,-34.388747],[-58.649069,-34.388777],[-58.649276,-34.388799],[-58.649405,-34.388822],[-58.649554,-34.388855],[-58.649678,-34.388867],[-58.649803,-34.38887],[-58.649891,-34.388871],[-58.649998,-34.388851],[-58.650041,-34.38883],[-58.650077,-34.388803],[-58.650116,-34.388766],[-58.650136,-34.388725],[-58.650141,-34.388656],[-58.650133,-34.388605],[-58.650099,-34.388529],[-58.650094,-34.388508],[-58.650035,-34.388442],[-58.64998,-34.388389],[-58.649938,-34.388356],[-58.649813,-34.388272],[-58.649738,-34.388208],[-58.649667,-34.388136],[-58.649621,-34.388081],[-58.649569,-34.388013],[-58.649494,-34.3879],[-58.649454,-34.38783],[-58.649426,-34.387776],[-58.649359,-34.387619],[-58.649332,-34.387537],[-58.649301,-34.387413],[-58.649285,-34.387325],[-58.649272,-34.387185],[-58.649272,-34.387069],[-58.649277,-34.386976],[-58.649275,-34.38693],[-58.649266,-34.386893],[-58.649252,-34.386858],[-58.649229,-34.386822],[-58.6492,-34.386789],[-58.649158,-34.386756],[-58.649128,-34.386744],[-58.649089,-34.386735],[-58.649055,-34.386735],[-58.649009,-34.386742],[-58.6489,-34.386768],[-58.648755,-34.386815],[-58.648676,-34.386848],[-58.648596,-34.386887],[-58.648535,-34.386921],[-58.64843,-34.386989],[-58.64837,-34.387038],[-58.648351,-34.387066],[-58.648339,-34.387105],[-58.648339,-34.387128],[-58.648375,-34.387265],[-58.648386,-34.38732],[-58.648379,-34.387378],[-58.648357,-34.387421],[-58.648329,-34.387452],[-58.648266,-34.387491],[-58.648203,-34.387514],[-58.648155,-34.387526],[-58.648096,-34.387536],[-58.648044,-34.387536],[-58.648,-34.387525],[-58.647963,-34.387504],[-58.647917,-34.387447],[-58.647854,-34.387163],[-58.647818,-34.387039],[-58.647609,-34.386459],[-58.64754,-34.386311],[-58.64723,-34.385707],[-58.646992,-34.385271],[-58.64646,-34.384354],[-58.64627,-34.384054],[-58.646006,-34.383687],[-58.644325,-34.381421],[-58.643602,-34.380455],[-58.643464,-34.380262],[-58.643446,-34.380208],[-58.643443,-34.38015],[-58.643454,-34.380101],[-58.643477,-34.380054],[-58.643496,-34.380028],[-58.643515,-34.380008],[-58.643542,-34.379986],[-58.642904,-34.380368],[-58.642796,-34.380416],[-58.643388,-34.380883],[-58.645292,-34.383424],[-58.645483,-34.383691],[-58.645595,-34.383865],[-58.645699,-34.384048],[-58.645804,-34.384259],[-58.64608,-34.384883],[-58.646385,-34.385475],[-58.646556,-34.385817],[-58.646681,-34.386086],[-58.646815,-34.386395],[-58.646992,-34.386842],[-58.647109,-34.387172],[-58.647191,-34.387421],[-58.647252,-34.387635],[-58.647285,-34.387774],[-58.64733,-34.388031],[-58.64736,-34.388291],[-58.647371,-34.38847],[-58.647373,-34.388671],[-58.647621,-34.388587],[-58.647926,-34.388495],[-58.647917,-34.388884],[-58.647899,-34.389043],[-58.648035,-34.389264],[-58.64803,-34.389347],[-58.647913,-34.389477],[-58.648077,-34.389498]]]}},{"type":"Feature","properties":{"partida":"057031146","cca":"057030D000800000000000000000000800U0012000","tipo":"Urbano","sup_m2":465.5},"geometry":{"type":"Polygon","coordinates":[[[-58.651876,-34.397183],[-58.651795,-34.397139],[-58.6515,-34.397474],[-58.651606,-34.397529],[-58.651876,-34.397183]]]}},{"type":"Feature","properties":{"partida":"057031150","cca":"057030D000800000000000000000000800U0013000","tipo":"Urbano","sup_m2":508.8},"geometry":{"type":"Polygon","coordinates":[[[-58.651978,-34.397236],[-58.651876,-34.397183],[-58.651606,-34.397529],[-58.651709,-34.397583],[-58.651978,-34.397236]]]}},{"type":"Feature","properties":{"partida":"057031151","cca":"057030D000800000000000000000000800U0014000","tipo":"Urbano","sup_m2":511.4},"geometry":{"type":"Polygon","coordinates":[[[-58.65208,-34.397292],[-58.651978,-34.397236],[-58.651709,-34.397583],[-58.651808,-34.397637],[-58.65208,-34.397292]]]}},{"type":"Feature","properties":{"partida":"057031147","cca":"057030D000800000000000000000000800U0015000","tipo":"Urbano","sup_m2":350.6},"geometry":{"type":"Polygon","coordinates":[[[-58.651898,-34.397683],[-58.652114,-34.39741],[-58.652025,-34.397363],[-58.651808,-34.397637],[-58.651898,-34.397683]]]}},{"type":"Feature","properties":{"partida":"057031148","cca":"057030D000800000000000000000000800U0016000","tipo":"Urbano","sup_m2":288.4},"geometry":{"type":"Polygon","coordinates":[[[-58.652052,-34.397487],[-58.651898,-34.397683],[-58.651999,-34.397739],[-58.652153,-34.397542],[-58.652052,-34.397487]]]}},{"type":"Feature","properties":{"partida":"057031145","cca":"057030D000800000000000000000000800U0017000","tipo":"Urbano","sup_m2":298.9},"geometry":{"type":"Polygon","coordinates":[[[-58.652259,-34.397596],[-58.652153,-34.397542],[-58.651999,-34.397739],[-58.652104,-34.397794],[-58.652259,-34.397596]]]}},{"type":"Feature","properties":{"partida":"057037277","cca":"057030D000800000000000000000000800U0018000","tipo":"Urbano","sup_m2":265.0},"geometry":{"type":"Polygon","coordinates":[[[-58.652354,-34.397646],[-58.652259,-34.397596],[-58.652104,-34.397794],[-58.652175,-34.397831],[-58.652215,-34.397822],[-58.652354,-34.397646]]]}},{"type":"Feature","properties":{"partida":"057031149","cca":"057030D000800000000000000000000800U0019000","tipo":"Urbano","sup_m2":339.4},"geometry":{"type":"Polygon","coordinates":[[[-58.652414,-34.397568],[-58.652114,-34.39741],[-58.652052,-34.397487],[-58.652354,-34.397646],[-58.652414,-34.397568]]]}},{"type":"Feature","properties":{"partida":"057005003","cca":"057030D000800000000000000000000800U0020000","tipo":"Urbano","sup_m2":395.2},"geometry":{"type":"Polygon","coordinates":[[[-58.652469,-34.397498],[-58.65208,-34.397292],[-58.652025,-34.397363],[-58.652414,-34.397568],[-58.652469,-34.397498]]]}},{"type":"Feature","properties":{"partida":"057060170","cca":"057030D000800000000000000000000800U0021000","tipo":"Urbano","sup_m2":414.7},"geometry":{"type":"Polygon","coordinates":[[[-58.652137,-34.39722],[-58.65208,-34.397292],[-58.652469,-34.397498],[-58.652528,-34.397423],[-58.652137,-34.39722]]]}},{"type":"Feature","properties":{"partida":"057060171","cca":"057030D000800000000000000000000800U0022000","tipo":"Urbano","sup_m2":318.2},"geometry":{"type":"Polygon","coordinates":[[[-58.652584,-34.397348],[-58.652291,-34.397193],[-58.65223,-34.397267],[-58.652528,-34.397423],[-58.652584,-34.397348]]]}},{"type":"Feature","properties":{"partida":"057060172","cca":"057030D000800000000000000000000800U0023000","tipo":"Urbano","sup_m2":259.1},"geometry":{"type":"Polygon","coordinates":[[[-58.652493,-34.3973],[-58.652584,-34.397348],[-58.652722,-34.397165],[-58.652718,-34.397132],[-58.652651,-34.397096],[-58.652493,-34.3973]]]}},{"type":"Feature","properties":{"partida":"057060173","cca":"057030D000800000000000000000000800U0024000","tipo":"Urbano","sup_m2":304.6},"geometry":{"type":"Polygon","coordinates":[[[-58.652651,-34.397096],[-58.652547,-34.397041],[-58.652389,-34.397245],[-58.652493,-34.3973],[-58.652651,-34.397096]]]}},{"type":"Feature","properties":{"partida":"057060174","cca":"057030D000800000000000000000000800U0025000","tipo":"Urbano","sup_m2":285.7},"geometry":{"type":"Polygon","coordinates":[[[-58.652452,-34.39699],[-58.652291,-34.397193],[-58.652389,-34.397245],[-58.652547,-34.397041],[-58.652452,-34.39699]]]}},{"type":"Feature","properties":{"partida":"057060175","cca":"057030D000800000000000000000000800U0026000","tipo":"Urbano","sup_m2":380.1},"geometry":{"type":"Polygon","coordinates":[[[-58.652356,-34.396939],[-58.652137,-34.39722],[-58.65223,-34.397267],[-58.652452,-34.39699],[-58.652356,-34.396939]]]}},{"type":"Feature","properties":{"partida":"057060176","cca":"057030D000800000000000000000000800U0027000","tipo":"Urbano","sup_m2":432.5},"geometry":{"type":"Polygon","coordinates":[[[-58.651998,-34.397247],[-58.65208,-34.397292],[-58.652356,-34.396939],[-58.652269,-34.396894],[-58.651998,-34.397247]]]}},{"type":"Feature","properties":{"partida":"057060177","cca":"057030D000800000000000000000000800U0028000","tipo":"Urbano","sup_m2":453.8},"geometry":{"type":"Polygon","coordinates":[[[-58.651908,-34.3972],[-58.651998,-34.397247],[-58.652269,-34.396894],[-58.652178,-34.396848],[-58.651908,-34.3972]]]}},{"type":"Feature","properties":{"partida":"057060178","cca":"057030D000800000000000000000000800U0029000","tipo":"Urbano","sup_m2":504.4},"geometry":{"type":"Polygon","coordinates":[[[-58.652178,-34.396848],[-58.652094,-34.3968],[-58.651795,-34.397139],[-58.651908,-34.3972],[-58.652178,-34.396848]]]}},{"type":"Feature","properties":{"partida":"057034707","cca":"057030D000800000000000000000000800V0001000","tipo":"Urbano","sup_m2":387.6},"geometry":{"type":"Polygon","coordinates":[[[-58.653075,-34.397488],[-58.653155,-34.397387],[-58.652907,-34.397257],[-58.652862,-34.397264],[-58.652805,-34.39734],[-58.653075,-34.397488]]]}},{"type":"Feature","properties":{"partida":"057032409","cca":"057030D000800000000000000000000800V0002000","tipo":"Urbano","sup_m2":320.9},"geometry":{"type":"Polygon","coordinates":[[[-58.652805,-34.39734],[-58.652742,-34.397425],[-58.653011,-34.397568],[-58.653075,-34.397488],[-58.652805,-34.39734]]]}},{"type":"Feature","properties":{"partida":"057042654","cca":"057030D000800000000000000000000800V0003000","tipo":"Urbano","sup_m2":316.9},"geometry":{"type":"Polygon","coordinates":[[[-58.652946,-34.39765],[-58.653011,-34.397568],[-58.652742,-34.397425],[-58.652679,-34.397505],[-58.652946,-34.39765]]]}},{"type":"Feature","properties":{"partida":"057042655","cca":"057030D000800000000000000000000800V0004000","tipo":"Urbano","sup_m2":335.5},"geometry":{"type":"Polygon","coordinates":[[[-58.65288,-34.397734],[-58.652946,-34.39765],[-58.652679,-34.397505],[-58.652609,-34.397593],[-58.65288,-34.397734]]]}},{"type":"Feature","properties":{"partida":"057042656","cca":"057030D000800000000000000000000800V0005000","tipo":"Urbano","sup_m2":281.8},"geometry":{"type":"Polygon","coordinates":[[[-58.652609,-34.397593],[-58.652555,-34.397666],[-58.652822,-34.397807],[-58.65288,-34.397734],[-58.652609,-34.397593]]]}},{"type":"Feature","properties":{"partida":"057032414","cca":"057030D000800000000000000000000800V0006000","tipo":"Urbano","sup_m2":283.8},"geometry":{"type":"Polygon","coordinates":[[[-58.652497,-34.39774],[-58.652766,-34.39788],[-58.652822,-34.397807],[-58.652555,-34.397666],[-58.652497,-34.39774]]]}},{"type":"Feature","properties":{"partida":"057032415","cca":"057030D000800000000000000000000800V0007000","tipo":"Urbano","sup_m2":232.8},"geometry":{"type":"Polygon","coordinates":[[[-58.652587,-34.397787],[-58.652497,-34.39774],[-58.65237,-34.397901],[-58.65238,-34.397935],[-58.652444,-34.39797],[-58.652587,-34.397787]]]}},{"type":"Feature","properties":{"partida":"057034706","cca":"057030D000800000000000000000000800V0018000","tipo":"Urbano","sup_m2":467.1},"geometry":{"type":"Polygon","coordinates":[[[-58.653681,-34.397665],[-58.65347,-34.397934],[-58.653591,-34.397999],[-58.653785,-34.39775],[-58.653771,-34.397712],[-58.653681,-34.397665]]]}},{"type":"Feature","properties":{"partida":"057034703","cca":"057030D000800000000000000000000800V0019000","tipo":"Urbano","sup_m2":346.9},"geometry":{"type":"Polygon","coordinates":[[[-58.65347,-34.397934],[-58.653681,-34.397665],[-58.653591,-34.397616],[-58.653382,-34.397888],[-58.65347,-34.397934]]]}},{"type":"Feature","properties":{"partida":"057034704","cca":"057030D000800000000000000000000800V0020000","tipo":"Urbano","sup_m2":333.3},"geometry":{"type":"Polygon","coordinates":[[[-58.653382,-34.397888],[-58.653591,-34.397616],[-58.653508,-34.397571],[-58.653296,-34.397843],[-58.653382,-34.397888]]]}},{"type":"Feature","properties":{"partida":"057042657","cca":"057030D000800000000000000000000800V0021000","tipo":"Urbano","sup_m2":443.9},"geometry":{"type":"Polygon","coordinates":[[[-58.653419,-34.397526],[-58.653146,-34.397874],[-58.653234,-34.39792],[-58.653508,-34.397571],[-58.653419,-34.397526]]]}},{"type":"Feature","properties":{"partida":"057032408","cca":"057030D000800000000000000000000800V0022000","tipo":"Urbano","sup_m2":437.3},"geometry":{"type":"Polygon","coordinates":[[[-58.653331,-34.397478],[-58.65306,-34.397829],[-58.653146,-34.397874],[-58.653419,-34.397526],[-58.653331,-34.397478]]]}},{"type":"Feature","properties":{"partida":"057034815","cca":"057030D000800000000000000000000800V0023000","tipo":"Urbano","sup_m2":458.1},"geometry":{"type":"Polygon","coordinates":[[[-58.653241,-34.397431],[-58.652968,-34.397781],[-58.65306,-34.397829],[-58.653331,-34.397478],[-58.653241,-34.397431]]]}},{"type":"Feature","properties":{"partida":"057021329","cca":"057030D000800000000000000000000800V0024000","tipo":"Urbano","sup_m2":437.3},"geometry":{"type":"Polygon","coordinates":[[[-58.653155,-34.397387],[-58.65288,-34.397734],[-58.652968,-34.397781],[-58.653241,-34.397431],[-58.653155,-34.397387]]]}},{"type":"Feature","properties":{"partida":"057005920","cca":"057030D00080000000000000100000000000001000","tipo":"Urbano","sup_m2":48764.6},"geometry":{"type":"Polygon","coordinates":[[[-58.655269,-34.38865],[-58.655244,-34.388671],[-58.655232,-34.388727],[-58.655153,-34.388779],[-58.654814,-34.388933],[-58.654624,-34.389036],[-58.65441,-34.389136],[-58.654166,-34.389264],[-58.654125,-34.389291],[-58.658427,-34.391507],[-58.659029,-34.390683],[-58.655269,-34.38865]]]}},{"type":"Feature","properties":{"partida":"057016238","cca":"057030D0008000000000000010000000000000200A","tipo":"Urbano","sup_m2":4844.4},"geometry":{"type":"Polygon","coordinates":[[[-58.651013,-34.397286],[-58.651114,-34.397324],[-58.651422,-34.397463],[-58.651973,-34.39666],[-58.651545,-34.396424],[-58.651494,-34.396558],[-58.651407,-34.396705],[-58.651365,-34.396761],[-58.651249,-34.396885],[-58.651181,-34.396936],[-58.651121,-34.396989],[-58.65106,-34.397036],[-58.651007,-34.397192],[-58.651013,-34.397286]]]}},{"type":"Feature","properties":{"partida":"057005002","cca":"057030D00080000000000000100000000000003000","tipo":"Urbano","sup_m2":26774.6},"geometry":{"type":"Polygon","coordinates":[[[-58.651842,-34.39549],[-58.651809,-34.395526],[-58.651776,-34.39558],[-58.651754,-34.395597],[-58.651719,-34.395714],[-58.651707,-34.395786],[-58.651669,-34.396128],[-58.651646,-34.396218],[-58.651623,-34.39629],[-58.651545,-34.396424],[-58.651973,-34.39666],[-58.653821,-34.397622],[-58.654386,-34.396851],[-58.651842,-34.39549]]]}},{"type":"Feature","properties":{"partida":"057060194","cca":"057030D00080000000000000100000000000004000","tipo":"Urbano","sup_m2":29820.8},"geometry":{"type":"Polygon","coordinates":[[[-58.651985,-34.394506],[-58.651965,-34.394635],[-58.651941,-34.394734],[-58.651936,-34.39505],[-58.651946,-34.395158],[-58.651944,-34.39523],[-58.651921,-34.395329],[-58.651898,-34.395383],[-58.651876,-34.395418],[-58.651842,-34.39549],[-58.654386,-34.396851],[-58.654968,-34.396092],[-58.651985,-34.394506]]]}},{"type":"Feature","properties":{"partida":"057005219","cca":"057030D00080000000000000100000000000005000","tipo":"Urbano","sup_m2":33760.2},"geometry":{"type":"Polygon","coordinates":[[[-58.651924,-34.393474],[-58.651928,-34.393544],[-58.651974,-34.393596],[-58.65199,-34.393773],[-58.652054,-34.393856],[-58.652181,-34.393921],[-58.652204,-34.394011],[-58.652164,-34.394113],[-58.652112,-34.394224],[-58.652085,-34.394263],[-58.652046,-34.394312],[-58.652035,-34.394357],[-58.652023,-34.394383],[-58.651985,-34.394506],[-58.654968,-34.396092],[-58.655551,-34.395328],[-58.651924,-34.393474]]]}},{"type":"Feature","properties":{"partida":"057060195","cca":"057030D00080000000000000100000000000006000","tipo":"Urbano","sup_m2":40520.1},"geometry":{"type":"Polygon","coordinates":[[[-58.652314,-34.392589],[-58.652287,-34.392704],[-58.652259,-34.392851],[-58.652197,-34.39303],[-58.652108,-34.393143],[-58.652054,-34.393185],[-58.651997,-34.393247],[-58.651959,-34.39331],[-58.651938,-34.393377],[-58.651924,-34.393474],[-58.655551,-34.395328],[-58.656119,-34.394558],[-58.652314,-34.392589]]]}},{"type":"Feature","properties":{"partida":"057060196","cca":"057030D00080000000000000100000000000007000","tipo":"Urbano","sup_m2":45533.6},"geometry":{"type":"Polygon","coordinates":[[[-58.652063,-34.391423],[-58.652103,-34.391595],[-58.652069,-34.391684],[-58.652094,-34.391783],[-58.652067,-34.391879],[-58.652081,-34.391996],[-58.652097,-34.392052],[-58.652194,-34.392249],[-58.652322,-34.392444],[-58.652314,-34.392589],[-58.656119,-34.394558],[-58.656683,-34.393786],[-58.652063,-34.391423]]]}},{"type":"Feature","properties":{"partida":"057005616","cca":"057030D00080000000000000100000000000008000","tipo":"Urbano","sup_m2":49742.3},"geometry":{"type":"Polygon","coordinates":[[[-58.652714,-34.390679],[-58.652654,-34.39094],[-58.652402,-34.391106],[-58.65221,-34.391163],[-58.652173,-34.391224],[-58.652136,-34.391256],[-58.652063,-34.391423],[-58.656683,-34.393786],[-58.657281,-34.393038],[-58.652714,-34.390679]]]}},{"type":"Feature","properties":{"partida":"057132497","cca":"057030D00080000000000000100000000000009000","tipo":"Urbano","sup_m2":50906.4},"geometry":{"type":"Polygon","coordinates":[[[-58.653341,-34.389875],[-58.653109,-34.389969],[-58.65294,-34.390028],[-58.65292,-34.390044],[-58.652952,-34.390059],[-58.653029,-34.390132],[-58.653062,-34.390154],[-58.653114,-34.390175],[-58.653142,-34.3902],[-58.653151,-34.390245],[-58.653124,-34.390373],[-58.653067,-34.390428],[-58.653008,-34.390465],[-58.652915,-34.390494],[-58.6529,-34.390538],[-58.652833,-34.390593],[-58.652788,-34.39064],[-58.652714,-34.390679],[-58.657281,-34.393038],[-58.657854,-34.392271],[-58.653341,-34.389875]]]}},{"type":"Feature","properties":{"partida":"057132498","cca":"057030D00080000000000000100000000000010000","tipo":"Urbano","sup_m2":46125.3},"geometry":{"type":"Polygon","coordinates":[[[-58.653341,-34.389875],[-58.657854,-34.392271],[-58.658427,-34.391507],[-58.654125,-34.389291],[-58.653949,-34.389408],[-58.653813,-34.389516],[-58.653704,-34.389628],[-58.653591,-34.389776],[-58.653341,-34.389875]]]}},{"type":"Feature","properties":{"partida":"057005612","cca":"057030D00090000000000000000000000000001000","tipo":"Urbano","sup_m2":23012.2},"geometry":{"type":"Polygon","coordinates":[[[-58.658614,-34.391518],[-58.660879,-34.392717],[-58.661419,-34.392016],[-58.659162,-34.390805],[-58.658614,-34.391518]]]}},{"type":"Feature","properties":{"partida":null,"cca":"057030D00090000000000000000000000000002000","tipo":null,"sup_m2":26879.2},"geometry":{"type":"Polygon","coordinates":[[[-58.660879,-34.392717],[-58.658614,-34.391518],[-58.657987,-34.392359],[-58.660271,-34.393545],[-58.660879,-34.392717]]]}},{"type":"Feature","properties":{"partida":"057005614","cca":"057030D0009000000000000000000000000000300A","tipo":"Urbano","sup_m2":12327.0},"geometry":{"type":"Polygon","coordinates":[[[-58.6577,-34.392743],[-58.659975,-34.393919],[-58.660271,-34.393545],[-58.657987,-34.392359],[-58.6577,-34.392743]]]}},{"type":"Feature","properties":{"partida":"057088373","cca":"057030D0009000000000000000000000000000300B","tipo":"Rural","sup_m2":11900.5},"geometry":{"type":"Polygon","coordinates":[[[-58.6577,-34.392743],[-58.657427,-34.393111],[-58.659692,-34.394291],[-58.659975,-34.393919],[-58.6577,-34.392743]]]}},{"type":"Feature","properties":{"partida":"057005615","cca":"057030D0009000000000000000000000000000400B","tipo":"Urbano","sup_m2":45237.0},"geometry":{"type":"Polygon","coordinates":[[[-58.657339,-34.393225],[-58.656284,-34.394621],[-58.658546,-34.395807],[-58.659621,-34.394415],[-58.657339,-34.393225]]]}},{"type":"Feature","properties":{"partida":"057005001","cca":"057030D00090000000000000000000000000008000","tipo":"Rural","sup_m2":24630.5},"geometry":{"type":"Polygon","coordinates":[[[-58.654483,-34.396999],[-58.656776,-34.398191],[-58.657349,-34.397437],[-58.655056,-34.396243],[-58.654483,-34.396999]]]}},{"type":"Feature","properties":{"partida":"057085265","cca":"057030D000900000000000000000000900F0001000","tipo":"Urbano","sup_m2":6353.2},"geometry":{"type":"Polygon","coordinates":[[[-58.656308,-34.395728],[-58.656852,-34.395017],[-58.656261,-34.394711],[-58.656199,-34.394722],[-58.6557,-34.395369],[-58.655721,-34.395419],[-58.656308,-34.395728]]]}},{"type":"Feature","properties":{"partida":"057085266","cca":"057030D000900000000000000000000900F0002000","tipo":"Urbano","sup_m2":4143.6},"geometry":{"type":"Polygon","coordinates":[[[-58.656308,-34.395728],[-58.65669,-34.395925],[-58.656742,-34.395913],[-58.657237,-34.395261],[-58.65723,-34.395215],[-58.656852,-34.395017],[-58.656308,-34.395728]]]}},{"type":"Feature","properties":{"partida":"057144462","cca":"057030D000900000000000000000000900G000100A","tipo":"Urbano","sup_m2":2358.4},"geometry":{"type":"Polygon","coordinates":[[[-58.656125,-34.395788],[-58.655639,-34.395538],[-58.655594,-34.395547],[-58.655368,-34.39585],[-58.655882,-34.396114],[-58.656125,-34.395788]]]}},{"type":"Feature","properties":{"partida":"057144463","cca":"057030D000900000000000000000000900G000200A","tipo":"Urbano","sup_m2":2358.6},"geometry":{"type":"Polygon","coordinates":[[[-58.655882,-34.396114],[-58.655368,-34.39585],[-58.655142,-34.396152],[-58.655152,-34.39619],[-58.655638,-34.396439],[-58.655882,-34.396114]]]}},{"type":"Feature","properties":{"partida":"057144464","cca":"057030D000900000000000000000000900G000300A","tipo":"Urbano","sup_m2":2358.7},"geometry":{"type":"Polygon","coordinates":[[[-58.655882,-34.396114],[-58.655638,-34.396439],[-58.656125,-34.396689],[-58.65617,-34.39668],[-58.656396,-34.396378],[-58.655882,-34.396114]]]}},{"type":"Feature","properties":{"partida":"057144465","cca":"057030D000900000000000000000000900G0004000","tipo":"Urbano","sup_m2":2358.3},"geometry":{"type":"Polygon","coordinates":[[[-58.656125,-34.395788],[-58.655882,-34.396114],[-58.656396,-34.396378],[-58.656622,-34.396075],[-58.656611,-34.396038],[-58.656125,-34.395788]]]}},{"type":"Feature","properties":{"partida":"057060223","cca":"057030D000900000000000000000000900T0001000","tipo":"Urbano","sup_m2":5575.4},"geometry":{"type":"Polygon","coordinates":[[[-58.657108,-34.395645],[-58.658229,-34.396216],[-58.65847,-34.395892],[-58.658463,-34.395847],[-58.657395,-34.395302],[-58.657354,-34.395316],[-58.657108,-34.395645]]]}},{"type":"Feature","properties":{"partida":"057085264","cca":"057030D000900000000000000000000900T0002000","tipo":"Urbano","sup_m2":5382.6},"geometry":{"type":"Polygon","coordinates":[[[-58.657108,-34.395645],[-58.656873,-34.395957],[-58.656885,-34.396005],[-58.657933,-34.396537],[-58.657992,-34.396524],[-58.658229,-34.396216],[-58.657108,-34.395645]]]}},{"type":"Feature","properties":{"partida":"057085262","cca":"057030D000900000000000000000000900U0001000","tipo":"Urbano","sup_m2":5096.6},"geometry":{"type":"Polygon","coordinates":[[[-58.656557,-34.396383],[-58.657693,-34.396954],[-58.65791,-34.396666],[-58.657898,-34.396617],[-58.656828,-34.396077],[-58.656778,-34.396089],[-58.656557,-34.396383]]]}},{"type":"Feature","properties":{"partida":"057085263","cca":"057030D000900000000000000000000900U0002000","tipo":"Urbano","sup_m2":6149.4},"geometry":{"type":"Polygon","coordinates":[[[-58.656557,-34.396383],[-58.656297,-34.396734],[-58.656313,-34.396788],[-58.657376,-34.397328],[-58.657434,-34.397315],[-58.657693,-34.396954],[-58.656557,-34.396383]]]}},{"type":"Feature","properties":{"partida":"057005308","cca":"057030D00100000000000000000000360000001000","tipo":"Urbano","sup_m2":484.9},"geometry":{"type":"Polygon","coordinates":[[[-58.660421,-34.394075],[-58.660566,-34.393885],[-58.660421,-34.393809],[-58.660365,-34.393819],[-58.66024,-34.393985],[-58.660421,-34.394075]]]}},{"type":"Feature","properties":{"partida":"057026277","cca":"057030D00100000000000000000000360000002000","tipo":"Urbano","sup_m2":619.8},"geometry":{"type":"Polygon","coordinates":[[[-58.660517,-34.394126],[-58.66024,-34.393985],[-58.660121,-34.394144],[-58.660396,-34.394284],[-58.660517,-34.394126]]]}},{"type":"Feature","properties":{"partida":"057026278","cca":"057030D00100000000000000000000360000003000","tipo":"Urbano","sup_m2":583.6},"geometry":{"type":"Polygon","coordinates":[[[-58.660005,-34.394293],[-58.660279,-34.394432],[-58.660396,-34.394284],[-58.660121,-34.394144],[-58.660005,-34.394293]]]}},{"type":"Feature","properties":{"partida":"057026279","cca":"057030D00100000000000000000000360000004000","tipo":"Urbano","sup_m2":592.6},"geometry":{"type":"Polygon","coordinates":[[[-58.65989,-34.394446],[-58.660163,-34.394586],[-58.660279,-34.394432],[-58.660005,-34.394293],[-58.65989,-34.394446]]]}},{"type":"Feature","properties":{"partida":"057026280","cca":"057030D00100000000000000000000360000005000","tipo":"Urbano","sup_m2":580.3},"geometry":{"type":"Polygon","coordinates":[[[-58.660163,-34.394586],[-58.65989,-34.394446],[-58.659775,-34.394596],[-58.660045,-34.394736],[-58.660163,-34.394586]]]}},{"type":"Feature","properties":{"partida":"057026281","cca":"057030D00100000000000000000000360000006000","tipo":"Urbano","sup_m2":578.9},"geometry":{"type":"Polygon","coordinates":[[[-58.659928,-34.394886],[-58.660045,-34.394736],[-58.659775,-34.394596],[-58.659661,-34.394748],[-58.659928,-34.394886]]]}},{"type":"Feature","properties":{"partida":"057026282","cca":"057030D00100000000000000000000360000007000","tipo":"Urbano","sup_m2":593.7},"geometry":{"type":"Polygon","coordinates":[[[-58.65954,-34.394902],[-58.659814,-34.39504],[-58.659928,-34.394886],[-58.659661,-34.394748],[-58.65954,-34.394902]]]}},{"type":"Feature","properties":{"partida":"057026283","cca":"057030D00100000000000000000000360000008000","tipo":"Urbano","sup_m2":484.6},"geometry":{"type":"Polygon","coordinates":[[[-58.659719,-34.394994],[-58.65954,-34.394902],[-58.659419,-34.395063],[-58.659435,-34.39512],[-58.659571,-34.395189],[-58.659719,-34.394994]]]}},{"type":"Feature","properties":{"partida":"057026284","cca":"057030D00100000000000000000000360000009000","tipo":"Urbano","sup_m2":526.8},"geometry":{"type":"Polygon","coordinates":[[[-58.659719,-34.394994],[-58.659571,-34.395189],[-58.65976,-34.395286],[-58.659909,-34.395091],[-58.659719,-34.394994]]]}},{"type":"Feature","properties":{"partida":"057026285","cca":"057030D00100000000000000000000360000010000","tipo":"Urbano","sup_m2":480.5},"geometry":{"type":"Polygon","coordinates":[[[-58.660081,-34.39518],[-58.659909,-34.395091],[-58.65976,-34.395286],[-58.659913,-34.395366],[-58.659951,-34.395356],[-58.660081,-34.39518]]]}},{"type":"Feature","properties":{"partida":"057026286","cca":"057030D00100000000000000000000360000011000","tipo":"Urbano","sup_m2":590.1},"geometry":{"type":"Polygon","coordinates":[[[-58.660081,-34.39518],[-58.660199,-34.395026],[-58.659928,-34.394886],[-58.659814,-34.39504],[-58.660081,-34.39518]]]}},{"type":"Feature","properties":{"partida":"057026287","cca":"057030D00100000000000000000000360000012000","tipo":"Urbano","sup_m2":580.4},"geometry":{"type":"Polygon","coordinates":[[[-58.660316,-34.394878],[-58.660045,-34.394736],[-58.659928,-34.394886],[-58.660199,-34.395026],[-58.660316,-34.394878]]]}},{"type":"Feature","properties":{"partida":"057026288","cca":"057030D00100000000000000000000360000013000","tipo":"Urbano","sup_m2":588.2},"geometry":{"type":"Polygon","coordinates":[[[-58.660163,-34.394586],[-58.660045,-34.394736],[-58.660316,-34.394878],[-58.660433,-34.394724],[-58.660163,-34.394586]]]}},{"type":"Feature","properties":{"partida":"057026289","cca":"057030D00100000000000000000000360000014000","tipo":"Urbano","sup_m2":584.9},"geometry":{"type":"Polygon","coordinates":[[[-58.660433,-34.394724],[-58.66055,-34.394574],[-58.660279,-34.394432],[-58.660163,-34.394586],[-58.660433,-34.394724]]]}},{"type":"Feature","properties":{"partida":"057026290","cca":"057030D00100000000000000000000360000015000","tipo":"Urbano","sup_m2":578.7},"geometry":{"type":"Polygon","coordinates":[[[-58.660665,-34.394424],[-58.660396,-34.394284],[-58.660279,-34.394432],[-58.66055,-34.394574],[-58.660665,-34.394424]]]}},{"type":"Feature","properties":{"partida":"057026291","cca":"057030D00100000000000000000000360000016000","tipo":"Urbano","sup_m2":605.5},"geometry":{"type":"Polygon","coordinates":[[[-58.660517,-34.394126],[-58.660396,-34.394284],[-58.660665,-34.394424],[-58.660787,-34.394266],[-58.660517,-34.394126]]]}},{"type":"Feature","properties":{"partida":"057026292","cca":"057030D00100000000000000000000360000017000","tipo":"Urbano","sup_m2":479.6},"geometry":{"type":"Polygon","coordinates":[[[-58.660609,-34.394175],[-58.660787,-34.394266],[-58.660908,-34.39411],[-58.660898,-34.394057],[-58.660756,-34.393982],[-58.660609,-34.394175]]]}},{"type":"Feature","properties":{"partida":"057026293","cca":"057030D00100000000000000000000360000018000","tipo":"Urbano","sup_m2":517.5},"geometry":{"type":"Polygon","coordinates":[[[-58.660421,-34.394075],[-58.660609,-34.394175],[-58.660756,-34.393982],[-58.660566,-34.393885],[-58.660421,-34.394075]]]}},{"type":"Feature","properties":{"partida":"057026294","cca":"057030D00100000000000000000000430000001000","tipo":"Urbano","sup_m2":468.1},"geometry":{"type":"Polygon","coordinates":[[[-58.661104,-34.394446],[-58.661246,-34.394258],[-58.661103,-34.394183],[-58.661047,-34.394194],[-58.660926,-34.394351],[-58.661104,-34.394446]]]}},{"type":"Feature","properties":{"partida":"057026295","cca":"057030D00100000000000000000000430000002000","tipo":"Urbano","sup_m2":588.3},"geometry":{"type":"Polygon","coordinates":[[[-58.661194,-34.39449],[-58.661104,-34.394446],[-58.660926,-34.394351],[-58.66081,-34.394507],[-58.661079,-34.394646],[-58.661194,-34.39449]]]}},{"type":"Feature","properties":{"partida":"057026296","cca":"057030D00100000000000000000000430000003000","tipo":"Urbano","sup_m2":591.1},"geometry":{"type":"Polygon","coordinates":[[[-58.660963,-34.394799],[-58.661079,-34.394646],[-58.66081,-34.394507],[-58.66069,-34.394663],[-58.660963,-34.394799]]]}},{"type":"Feature","properties":{"partida":"057026297","cca":"057030D00100000000000000000000430000004000","tipo":"Urbano","sup_m2":582.9},"geometry":{"type":"Polygon","coordinates":[[[-58.660849,-34.394952],[-58.660963,-34.394799],[-58.66069,-34.394663],[-58.660576,-34.394814],[-58.660849,-34.394952]]]}},{"type":"Feature","properties":{"partida":"057026298","cca":"057030D00100000000000000000000430000005000","tipo":"Urbano","sup_m2":596.7},"geometry":{"type":"Polygon","coordinates":[[[-58.660728,-34.395108],[-58.660849,-34.394952],[-58.660576,-34.394814],[-58.660458,-34.394965],[-58.660728,-34.395108]]]}},{"type":"Feature","properties":{"partida":"057026299","cca":"057030D00100000000000000000000430000006000","tipo":"Urbano","sup_m2":573.6},"geometry":{"type":"Polygon","coordinates":[[[-58.660345,-34.395114],[-58.660613,-34.395257],[-58.660728,-34.395108],[-58.660458,-34.394965],[-58.660345,-34.395114]]]}},{"type":"Feature","properties":{"partida":"057026300","cca":"057030D00100000000000000000000430000007000","tipo":"Urbano","sup_m2":581.0},"geometry":{"type":"Polygon","coordinates":[[[-58.660227,-34.395265],[-58.6605,-34.395404],[-58.660613,-34.395257],[-58.660345,-34.395114],[-58.660227,-34.395265]]]}},{"type":"Feature","properties":{"partida":"057026301","cca":"057030D00100000000000000000000430000008000","tipo":"Urbano","sup_m2":470.8},"geometry":{"type":"Polygon","coordinates":[[[-58.660402,-34.395356],[-58.660227,-34.395265],[-58.660114,-34.395418],[-58.660124,-34.395482],[-58.660256,-34.395552],[-58.660402,-34.395356]]]}},{"type":"Feature","properties":{"partida":"057026302","cca":"057030D00100000000000000000000430000009000","tipo":"Urbano","sup_m2":514.2},"geometry":{"type":"Polygon","coordinates":[[[-58.66059,-34.39545],[-58.660402,-34.395356],[-58.660256,-34.395552],[-58.660442,-34.395645],[-58.66059,-34.39545]]]}},{"type":"Feature","properties":{"partida":"057026303","cca":"057030D00100000000000000000000430000010000","tipo":"Urbano","sup_m2":488.8},"geometry":{"type":"Polygon","coordinates":[[[-58.66059,-34.39545],[-58.660442,-34.395645],[-58.660593,-34.395722],[-58.66064,-34.395716],[-58.660767,-34.395546],[-58.66059,-34.39545]]]}},{"type":"Feature","properties":{"partida":"057026304","cca":"057030D00100000000000000000000430000011000","tipo":"Urbano","sup_m2":566.9},"geometry":{"type":"Polygon","coordinates":[[[-58.6605,-34.395404],[-58.660767,-34.395546],[-58.66088,-34.395393],[-58.660613,-34.395257],[-58.6605,-34.395404]]]}},{"type":"Feature","properties":{"partida":"057026305","cca":"057030D00100000000000000000000430000012000","tipo":"Urbano","sup_m2":563.9},"geometry":{"type":"Polygon","coordinates":[[[-58.660996,-34.395246],[-58.660728,-34.395108],[-58.660613,-34.395257],[-58.66088,-34.395393],[-58.660996,-34.395246]]]}},{"type":"Feature","properties":{"partida":"057026306","cca":"057030D00100000000000000000000430000013000","tipo":"Urbano","sup_m2":592.0},"geometry":{"type":"Polygon","coordinates":[[[-58.661115,-34.395091],[-58.660849,-34.394952],[-58.660728,-34.395108],[-58.660996,-34.395246],[-58.661115,-34.395091]]]}},{"type":"Feature","properties":{"partida":"057026307","cca":"057030D00100000000000000000000430000014000","tipo":"Urbano","sup_m2":582.8},"geometry":{"type":"Polygon","coordinates":[[[-58.661231,-34.394938],[-58.660963,-34.394799],[-58.660849,-34.394952],[-58.661115,-34.395091],[-58.661231,-34.394938]]]}},{"type":"Feature","properties":{"partida":"057026308","cca":"057030D00100000000000000000000430000015000","tipo":"Urbano","sup_m2":582.1},"geometry":{"type":"Polygon","coordinates":[[[-58.661079,-34.394646],[-58.660963,-34.394799],[-58.661231,-34.394938],[-58.661348,-34.394788],[-58.661079,-34.394646]]]}},{"type":"Feature","properties":{"partida":"057026309","cca":"057030D00100000000000000000000430000016000","tipo":"Urbano","sup_m2":598.7},"geometry":{"type":"Polygon","coordinates":[[[-58.661194,-34.39449],[-58.661079,-34.394646],[-58.661348,-34.394788],[-58.661465,-34.394633],[-58.661194,-34.39449]]]}},{"type":"Feature","properties":{"partida":"057026310","cca":"057030D00100000000000000000000430000017000","tipo":"Urbano","sup_m2":454.2},"geometry":{"type":"Polygon","coordinates":[[[-58.66143,-34.394355],[-58.661291,-34.394541],[-58.661465,-34.394633],[-58.661583,-34.394477],[-58.661574,-34.394433],[-58.66143,-34.394355]]]}},{"type":"Feature","properties":{"partida":"057026311","cca":"057030D00100000000000000000000430000018000","tipo":"Urbano","sup_m2":489.6},"geometry":{"type":"Polygon","coordinates":[[[-58.661291,-34.394541],[-58.66143,-34.394355],[-58.661246,-34.394258],[-58.661104,-34.394446],[-58.661291,-34.394541]]]}},{"type":"Feature","properties":{"partida":"057032965","cca":"057030D00100000000000000000000500000001000","tipo":"Urbano","sup_m2":458.3},"geometry":{"type":"Polygon","coordinates":[[[-58.661799,-34.394794],[-58.661937,-34.394607],[-58.661792,-34.394535],[-58.661731,-34.394552],[-58.661622,-34.394705],[-58.661799,-34.394794]]]}},{"type":"Feature","properties":{"partida":"057032966","cca":"057030D00100000000000000000000500000002000","tipo":"Urbano","sup_m2":612.1},"geometry":{"type":"Polygon","coordinates":[[[-58.661898,-34.394847],[-58.661622,-34.394705],[-58.661502,-34.39486],[-58.661777,-34.395002],[-58.661898,-34.394847]]]}},{"type":"Feature","properties":{"partida":"057032967","cca":"057030D00100000000000000000000500000003000","tipo":"Urbano","sup_m2":610.8},"geometry":{"type":"Polygon","coordinates":[[[-58.661661,-34.395158],[-58.661777,-34.395002],[-58.661502,-34.39486],[-58.661383,-34.395016],[-58.661661,-34.395158]]]}},{"type":"Feature","properties":{"partida":"057032968","cca":"057030D00100000000000000000000500000004000","tipo":"Urbano","sup_m2":596.0},"geometry":{"type":"Polygon","coordinates":[[[-58.661661,-34.395158],[-58.661383,-34.395016],[-58.661269,-34.395167],[-58.661544,-34.39531],[-58.661661,-34.395158]]]}},{"type":"Feature","properties":{"partida":"057032969","cca":"057030D00100000000000000000000500000005000","tipo":"Urbano","sup_m2":603.1},"geometry":{"type":"Polygon","coordinates":[[[-58.661544,-34.39531],[-58.661269,-34.395167],[-58.661152,-34.395321],[-58.661429,-34.395464],[-58.661544,-34.39531]]]}},{"type":"Feature","properties":{"partida":"057032970","cca":"057030D00100000000000000000000500000006000","tipo":"Urbano","sup_m2":590.4},"geometry":{"type":"Polygon","coordinates":[[[-58.661312,-34.395616],[-58.661429,-34.395464],[-58.661152,-34.395321],[-58.66104,-34.395472],[-58.661312,-34.395616]]]}},{"type":"Feature","properties":{"partida":"057032971","cca":"057030D00100000000000000000000500000007000","tipo":"Urbano","sup_m2":603.6},"geometry":{"type":"Polygon","coordinates":[[[-58.661195,-34.395769],[-58.661312,-34.395616],[-58.66104,-34.395472],[-58.660922,-34.39563],[-58.661195,-34.395769]]]}},{"type":"Feature","properties":{"partida":"057032972","cca":"057030D00100000000000000000000500000008000","tipo":"Urbano","sup_m2":485.6},"geometry":{"type":"Polygon","coordinates":[[[-58.661098,-34.39572],[-58.660922,-34.39563],[-58.660796,-34.395793],[-58.660808,-34.39584],[-58.660956,-34.395917],[-58.661098,-34.39572]]]}},{"type":"Feature","properties":{"partida":"057032973","cca":"057030D00100000000000000000000500000009000","tipo":"Urbano","sup_m2":533.0},"geometry":{"type":"Polygon","coordinates":[[[-58.661294,-34.395822],[-58.661195,-34.395769],[-58.661098,-34.39572],[-58.660956,-34.395917],[-58.661146,-34.396014],[-58.661294,-34.395822]]]}},{"type":"Feature","properties":{"partida":"057032974","cca":"057030D00100000000000000000000500000010000","tipo":"Urbano","sup_m2":451.6},"geometry":{"type":"Polygon","coordinates":[[[-58.661294,-34.395822],[-58.661146,-34.396014],[-58.661295,-34.396089],[-58.661339,-34.396068],[-58.66146,-34.395905],[-58.661294,-34.395822]]]}},{"type":"Feature","properties":{"partida":"057032975","cca":"057030D00100000000000000000000500000011000","tipo":"Urbano","sup_m2":578.4},"geometry":{"type":"Polygon","coordinates":[[[-58.66146,-34.395905],[-58.661576,-34.395751],[-58.661312,-34.395616],[-58.661195,-34.395769],[-58.661294,-34.395822],[-58.66146,-34.395905]]]}},{"type":"Feature","properties":{"partida":"057032976","cca":"057030D00100000000000000000000500000012000","tipo":"Urbano","sup_m2":569.0},"geometry":{"type":"Polygon","coordinates":[[[-58.661692,-34.3956],[-58.661429,-34.395464],[-58.661312,-34.395616],[-58.661576,-34.395751],[-58.661692,-34.3956]]]}},{"type":"Feature","properties":{"partida":"057032977","cca":"057030D00100000000000000000000500000013000","tipo":"Urbano","sup_m2":571.1},"geometry":{"type":"Polygon","coordinates":[[[-58.661807,-34.395448],[-58.661544,-34.39531],[-58.661429,-34.395464],[-58.661692,-34.3956],[-58.661807,-34.395448]]]}},{"type":"Feature","properties":{"partida":"057032978","cca":"057030D00100000000000000000000500000014000","tipo":"Urbano","sup_m2":575.8},"geometry":{"type":"Polygon","coordinates":[[[-58.661807,-34.395448],[-58.661924,-34.395291],[-58.661661,-34.395158],[-58.661544,-34.39531],[-58.661807,-34.395448]]]}},{"type":"Feature","properties":{"partida":"057032979","cca":"057030D00100000000000000000000500000015000","tipo":"Urbano","sup_m2":574.8},"geometry":{"type":"Polygon","coordinates":[[[-58.66204,-34.395138],[-58.661777,-34.395002],[-58.661661,-34.395158],[-58.661924,-34.395291],[-58.66204,-34.395138]]]}},{"type":"Feature","properties":{"partida":"057032980","cca":"057030D00100000000000000000000500000016000","tipo":"Urbano","sup_m2":584.6},"geometry":{"type":"Polygon","coordinates":[[[-58.661777,-34.395002],[-58.66204,-34.395138],[-58.662159,-34.394981],[-58.661898,-34.394847],[-58.661777,-34.395002]]]}},{"type":"Feature","properties":{"partida":"057032981","cca":"057030D00100000000000000000000500000017000","tipo":"Urbano","sup_m2":447.4},"geometry":{"type":"Polygon","coordinates":[[[-58.662125,-34.394707],[-58.661988,-34.394892],[-58.662159,-34.394981],[-58.662281,-34.394824],[-58.662263,-34.394778],[-58.662125,-34.394707]]]}},{"type":"Feature","properties":{"partida":"057032982","cca":"057030D00100000000000000000000500000018000","tipo":"Urbano","sup_m2":499.2},"geometry":{"type":"Polygon","coordinates":[[[-58.662125,-34.394707],[-58.661937,-34.394607],[-58.661799,-34.394794],[-58.661988,-34.394892],[-58.662125,-34.394707]]]}},{"type":"Feature","properties":{"partida":"057026312","cca":"057030D00100000000000000000000570000001000","tipo":"Urbano","sup_m2":580.2},"geometry":{"type":"Polygon","coordinates":[[[-58.662305,-34.395052],[-58.662533,-34.395163],[-58.662667,-34.394979],[-58.662465,-34.394878],[-58.662424,-34.394887],[-58.662305,-34.395052]]]}},{"type":"Feature","properties":{"partida":"057026313","cca":"057030D00100000000000000000000570000002000","tipo":"Urbano","sup_m2":483.4},"geometry":{"type":"Polygon","coordinates":[[[-58.662193,-34.395206],[-58.66242,-34.395316],[-58.662533,-34.395163],[-58.662305,-34.395052],[-58.662193,-34.395206]]]}},{"type":"Feature","properties":{"partida":"057026314","cca":"057030D00100000000000000000000570000003000","tipo":"Urbano","sup_m2":480.0},"geometry":{"type":"Polygon","coordinates":[[[-58.662309,-34.395469],[-58.66242,-34.395316],[-58.662193,-34.395206],[-58.66208,-34.395359],[-58.662309,-34.395469]]]}},{"type":"Feature","properties":{"partida":"057026315","cca":"057030D00100000000000000000000570000004000","tipo":"Urbano","sup_m2":485.8},"geometry":{"type":"Polygon","coordinates":[[[-58.661966,-34.395512],[-58.662192,-34.395623],[-58.662309,-34.395469],[-58.66208,-34.395359],[-58.661966,-34.395512]]]}},{"type":"Feature","properties":{"partida":"057026316","cca":"057030D00100000000000000000000570000005000","tipo":"Urbano","sup_m2":485.0},"geometry":{"type":"Polygon","coordinates":[[[-58.662081,-34.395776],[-58.662192,-34.395623],[-58.661966,-34.395512],[-58.661852,-34.395667],[-58.662081,-34.395776]]]}},{"type":"Feature","properties":{"partida":"057026317","cca":"057030D00100000000000000000000570000006000","tipo":"Urbano","sup_m2":500.2},"geometry":{"type":"Polygon","coordinates":[[[-58.661737,-34.395824],[-58.661961,-34.395936],[-58.662081,-34.395776],[-58.661852,-34.395667],[-58.661737,-34.395824]]]}},{"type":"Feature","properties":{"partida":"057026318","cca":"057030D00100000000000000000000570000007000","tipo":"Urbano","sup_m2":484.6},"geometry":{"type":"Polygon","coordinates":[[[-58.66185,-34.39609],[-58.661961,-34.395936],[-58.661737,-34.395824],[-58.661622,-34.395981],[-58.66185,-34.39609]]]}},{"type":"Feature","properties":{"partida":"057026319","cca":"057030D00100000000000000000000570000008000","tipo":"Urbano","sup_m2":572.9},"geometry":{"type":"Polygon","coordinates":[[[-58.661622,-34.395981],[-58.661505,-34.396139],[-58.661522,-34.396183],[-58.661708,-34.396275],[-58.66185,-34.39609],[-58.661622,-34.395981]]]}},{"type":"Feature","properties":{"partida":"057005307","cca":"057030D00100000000000000100000000000001000","tipo":"Urbano","sup_m2":22566.0},"geometry":{"type":"Polygon","coordinates":[[[-58.6633,-34.394137],[-58.663811,-34.393442],[-58.661555,-34.39223],[-58.661022,-34.392928],[-58.6633,-34.394137]]]}},{"type":"Feature","properties":{"partida":"057060225","cca":"057030D00100000000000000100000000000002000","tipo":"Urbano","sup_m2":24984.8},"geometry":{"type":"Polygon","coordinates":[[[-58.6633,-34.394137],[-58.661022,-34.392928],[-58.660434,-34.393695],[-58.662725,-34.3949],[-58.6633,-34.394137]]]}},{"type":"Feature","properties":{"partida":"057005223","cca":"057030D00100000000000000100000000000005000","tipo":"Urbano","sup_m2":23885.8},"geometry":{"type":"Polygon","coordinates":[[[-58.661016,-34.397203],[-58.661595,-34.396434],[-58.659269,-34.395305],[-58.658728,-34.396],[-58.661016,-34.397203]]]}},{"type":"Feature","properties":{"partida":"057005225","cca":"057030D00100000000000000100000000000006000","tipo":"Urbano","sup_m2":24833.8},"geometry":{"type":"Polygon","coordinates":[[[-58.661016,-34.397203],[-58.658728,-34.396],[-58.65817,-34.396772],[-58.660445,-34.39797],[-58.661016,-34.397203]]]}},{"type":"Feature","properties":{"partida":"057060226","cca":"057030D0010000000000000010000000000000700A","tipo":"Urbano","sup_m2":24833.5},"geometry":{"type":"Polygon","coordinates":[[[-58.659875,-34.398737],[-58.660445,-34.39797],[-58.65817,-34.396772],[-58.657596,-34.397541],[-58.659875,-34.398737]]]}},{"type":"Feature","properties":{"partida":"057005613","cca":"057030D00100000000000000100000000000016000","tipo":"Rural","sup_m2":24649.1},"geometry":{"type":"Polygon","coordinates":[[[-58.663848,-34.397624],[-58.661595,-34.396434],[-58.661016,-34.397203],[-58.663275,-34.39839],[-58.663848,-34.397624]]]}},{"type":"Feature","properties":{"partida":"057005617","cca":"057030D00100000000000000100000000000017000","tipo":"Rural","sup_m2":24480.9},"geometry":{"type":"Polygon","coordinates":[[[-58.662162,-34.395671],[-58.661595,-34.396434],[-58.663848,-34.397624],[-58.664412,-34.396852],[-58.662162,-34.395671]]]}},{"type":"Feature","properties":{"partida":null,"cca":"057030D00100000000000000100000000000018000","tipo":null,"sup_m2":24640.3},"geometry":{"type":"Polygon","coordinates":[[[-58.66498,-34.396071],[-58.662725,-34.3949],[-58.662162,-34.395671],[-58.664412,-34.396852],[-58.66498,-34.396071]]]}},{"type":"Feature","properties":{"partida":null,"cca":"057030D00100000000000000100000000000019000","tipo":null,"sup_m2":24450.0},"geometry":{"type":"Polygon","coordinates":[[[-58.664293,-34.394649],[-58.6633,-34.394137],[-58.662725,-34.3949],[-58.66498,-34.396071],[-58.665556,-34.395311],[-58.664293,-34.394649]]]}},{"type":"Feature","properties":{"partida":"057118286","cca":"057030D0010000000000000010000000000002000B","tipo":"Urbano","sup_m2":9757.5},"geometry":{"type":"Polygon","coordinates":[[[-58.6633,-34.394137],[-58.664293,-34.394649],[-58.664812,-34.393959],[-58.663811,-34.393442],[-58.6633,-34.394137]]]}},{"type":"Feature","properties":{"partida":"057005731","cca":"057030D0010000000000000010000000000002000C","tipo":"Urbano","sup_m2":6148.0},"geometry":{"type":"Polygon","coordinates":[[[-58.665447,-34.394293],[-58.664927,-34.394982],[-58.665556,-34.395311],[-58.666045,-34.394661],[-58.666034,-34.3946],[-58.665447,-34.394293]]]}},{"type":"Feature","properties":{"partida":"057140267","cca":"057030D0010000000000000010000000000002000D","tipo":"Urbano","sup_m2":6174.7},"geometry":{"type":"Polygon","coordinates":[[[-58.664781,-34.394001],[-58.664293,-34.394649],[-58.664927,-34.394982],[-58.665447,-34.394293],[-58.665028,-34.394074],[-58.664898,-34.394029],[-58.664781,-34.394001]]]}},{"type":"Feature","properties":{"partida":"057033050","cca":"057030D00110000000000000000000010000001000","tipo":"Urbano","sup_m2":691.1},"geometry":{"type":"Polygon","coordinates":[[[-58.666281,-34.395071],[-58.666462,-34.394827],[-58.66629,-34.394734],[-58.666248,-34.394741],[-58.666081,-34.394966],[-58.666281,-34.395071]]]}},{"type":"Feature","properties":{"partida":"057036532","cca":"057030D00110000000000000000000010000002000","tipo":"Urbano","sup_m2":674.4},"geometry":{"type":"Polygon","coordinates":[[[-58.665962,-34.39512],[-58.666269,-34.39528],[-58.666387,-34.395123],[-58.666281,-34.395071],[-58.666081,-34.394966],[-58.665962,-34.39512]]]}},{"type":"Feature","properties":{"partida":"057036533","cca":"057030D00110000000000000000000010000003000","tipo":"Urbano","sup_m2":676.9},"geometry":{"type":"Polygon","coordinates":[[[-58.666149,-34.395435],[-58.666269,-34.39528],[-58.665962,-34.39512],[-58.665845,-34.395276],[-58.666149,-34.395435]]]}},{"type":"Feature","properties":{"partida":"057036534","cca":"057030D00110000000000000000000010000004000","tipo":"Urbano","sup_m2":716.9},"geometry":{"type":"Polygon","coordinates":[[[-58.666029,-34.395599],[-58.666149,-34.395435],[-58.665845,-34.395276],[-58.665718,-34.395439],[-58.666029,-34.395599]]]}},{"type":"Feature","properties":{"partida":"057036535","cca":"057030D00110000000000000000000010000014000","tipo":"Urbano","sup_m2":687.2},"geometry":{"type":"Polygon","coordinates":[[[-58.666149,-34.395435],[-58.666029,-34.395599],[-58.666325,-34.395753],[-58.666447,-34.395592],[-58.666149,-34.395435]]]}},{"type":"Feature","properties":{"partida":"057036536","cca":"057030D00110000000000000000000010000015000","tipo":"Urbano","sup_m2":664.7},"geometry":{"type":"Polygon","coordinates":[[[-58.666269,-34.39528],[-58.666149,-34.395435],[-58.666447,-34.395592],[-58.666568,-34.395435],[-58.666269,-34.39528]]]}},{"type":"Feature","properties":{"partida":"057036537","cca":"057030D00110000000000000000000010000016000","tipo":"Urbano","sup_m2":668.8},"geometry":{"type":"Polygon","coordinates":[[[-58.666568,-34.395435],[-58.666687,-34.395278],[-58.666387,-34.395123],[-58.666269,-34.39528],[-58.666568,-34.395435]]]}},{"type":"Feature","properties":{"partida":"057036538","cca":"057030D00110000000000000000000010000017000","tipo":"Urbano","sup_m2":694.4},"geometry":{"type":"Polygon","coordinates":[[[-58.666672,-34.394931],[-58.666487,-34.395174],[-58.666687,-34.395278],[-58.666861,-34.395059],[-58.666856,-34.395031],[-58.666672,-34.394931]]]}},{"type":"Feature","properties":{"partida":"057036539","cca":"057030D00110000000000000000000010000018000","tipo":"Urbano","sup_m2":710.2},"geometry":{"type":"Polygon","coordinates":[[[-58.666672,-34.394931],[-58.666462,-34.394827],[-58.666281,-34.395071],[-58.666487,-34.395174],[-58.666672,-34.394931]]]}},{"type":"Feature","properties":{"partida":"057036541","cca":"057030D00110000000000000000000060000002000","tipo":"Urbano","sup_m2":637.1},"geometry":{"type":"Polygon","coordinates":[[[-58.667099,-34.395508],[-58.666802,-34.395356],[-58.666689,-34.395504],[-58.666983,-34.395661],[-58.667099,-34.395508]]]}},{"type":"Feature","properties":{"partida":"057036542","cca":"057030D00110000000000000000000060000003000","tipo":"Urbano","sup_m2":637.0},"geometry":{"type":"Polygon","coordinates":[[[-58.666983,-34.395661],[-58.666689,-34.395504],[-58.66657,-34.395654],[-58.666868,-34.395809],[-58.666983,-34.395661]]]}},{"type":"Feature","properties":{"partida":"057036543","cca":"057030D00110000000000000000000060000004000","tipo":"Urbano","sup_m2":677.4},"geometry":{"type":"Polygon","coordinates":[[[-58.666746,-34.395968],[-58.666868,-34.395809],[-58.66657,-34.395654],[-58.666447,-34.395813],[-58.666746,-34.395968]]]}},{"type":"Feature","properties":{"partida":"057036544","cca":"057030D00110000000000000000000060000014000","tipo":"Urbano","sup_m2":684.8},"geometry":{"type":"Polygon","coordinates":[[[-58.666868,-34.395809],[-58.666746,-34.395968],[-58.667045,-34.396126],[-58.667168,-34.395965],[-58.666868,-34.395809]]]}},{"type":"Feature","properties":{"partida":"057005562","cca":"057030D00110000000000000100000000000002000","tipo":"Rural","sup_m2":24879.9},"geometry":{"type":"Polygon","coordinates":[[[-58.66716,-34.396198],[-58.667045,-34.396126],[-58.666746,-34.395968],[-58.666447,-34.395813],[-58.666325,-34.395753],[-58.665718,-34.395439],[-58.66512,-34.396241],[-58.667359,-34.397375],[-58.667937,-34.396599],[-58.66716,-34.396198]]]}},{"type":"Feature","properties":{"partida":"057017985","cca":"057030D00110000000000000100000000000003000","tipo":"Urbano","sup_m2":24064.0},"geometry":{"type":"Polygon","coordinates":[[[-58.664544,-34.397006],[-58.6668,-34.398137],[-58.667359,-34.397375],[-58.66512,-34.396241],[-58.664544,-34.397006]]]}},{"type":"Feature","properties":{"partida":"057064999","cca":"057030P00000000000000000100000000000001000","tipo":"Urbano","sup_m2":92067.9},"geometry":{"type":"Polygon","coordinates":[[[-58.653949,-34.389408],[-58.654166,-34.389264],[-58.65441,-34.389136],[-58.654624,-34.389036],[-58.654814,-34.388933],[-58.655153,-34.388779],[-58.655232,-34.388727],[-58.655244,-34.388671],[-58.655269,-34.38865],[-58.65513,-34.388498],[-58.654086,-34.387164],[-58.653812,-34.386563],[-58.651232,-34.387507],[-58.650588,-34.387735],[-58.650623,-34.387753],[-58.650646,-34.387782],[-58.650673,-34.387799],[-58.650711,-34.387809],[-58.650742,-34.387809],[-58.650775,-34.387822],[-58.650862,-34.387864],[-58.650933,-34.387889],[-58.650961,-34.387895],[-58.651049,-34.38795],[-58.65108,-34.38799],[-58.651089,-34.388027],[-58.651103,-34.388061],[-58.651112,-34.388136],[-58.651126,-34.38818],[-58.651136,-34.388231],[-58.651165,-34.388275],[-58.651183,-34.388346],[-58.651195,-34.388412],[-58.651258,-34.388578],[-58.651279,-34.388737],[-58.651364,-34.388771],[-58.651425,-34.388817],[-58.651495,-34.388826],[-58.651613,-34.388891],[-58.651695,-34.388927],[-58.651773,-34.38898],[-58.651875,-34.389037],[-58.651903,-34.389099],[-58.651848,-34.389199],[-58.651755,-34.389417],[-58.651699,-34.389507],[-58.651591,-34.389606],[-58.651582,-34.389678],[-58.651578,-34.389768],[-58.651637,-34.389814],[-58.651668,-34.389863],[-58.651723,-34.389892],[-58.65183,-34.389917],[-58.651956,-34.389931],[-58.652104,-34.389918],[-58.65223,-34.389894],[-58.652355,-34.389867],[-58.65247,-34.389861],[-58.65263,-34.389942],[-58.652707,-34.389974],[-58.652778,-34.389986],[-58.652836,-34.390005],[-58.652885,-34.390018],[-58.65292,-34.390044],[-58.65294,-34.390028],[-58.653109,-34.389969],[-58.653591,-34.389776],[-58.653704,-34.389628],[-58.653813,-34.389516],[-58.653949,-34.389408]]]}},{"type":"Feature","properties":{"partida":"057079071","cca":"057030P00000000000000000200000000000001000","tipo":"Rural","sup_m2":57740.3},"geometry":{"type":"Polygon","coordinates":[[[-58.65116,-34.38532],[-58.653066,-34.384724],[-58.652083,-34.382306],[-58.650809,-34.382827],[-58.650669,-34.382879],[-58.650605,-34.383011],[-58.65055,-34.383076],[-58.650342,-34.383201],[-58.650288,-34.383246],[-58.650243,-34.383312],[-58.650224,-34.383362],[-58.650222,-34.383488],[-58.650251,-34.38366],[-58.650288,-34.383912],[-58.650289,-34.383994],[-58.650277,-34.384084],[-58.650199,-34.384227],[-58.650132,-34.384317],[-58.650087,-34.384388],[-58.650087,-34.384424],[-58.650119,-34.384479],[-58.650172,-34.384533],[-58.650376,-34.384671],[-58.650516,-34.384781],[-58.65058,-34.384844],[-58.650838,-34.38501],[-58.651021,-34.385156],[-58.651096,-34.38522],[-58.65116,-34.38532]]]}},{"type":"Feature","properties":{"partida":"057079072","cca":"057030P00000000000000000200000000000002000","tipo":"Rural","sup_m2":52733.2},"geometry":{"type":"Polygon","coordinates":[[[-58.653066,-34.384724],[-58.65116,-34.38532],[-58.651169,-34.385401],[-58.651124,-34.385508],[-58.651024,-34.385652],[-58.650946,-34.385741],[-58.650836,-34.38583],[-58.65077,-34.38591],[-58.650758,-34.385982],[-58.650798,-34.386172],[-58.650819,-34.386226],[-58.650859,-34.386425],[-58.650869,-34.386488],[-58.650868,-34.386587],[-58.650844,-34.386677],[-58.65081,-34.386776],[-58.650776,-34.386866],[-58.650709,-34.387019],[-58.650673,-34.387054],[-58.650632,-34.387069],[-58.65058,-34.387083],[-58.650541,-34.387116],[-58.650477,-34.387205],[-58.650444,-34.387268],[-58.650395,-34.387345],[-58.650373,-34.387389],[-58.650354,-34.387429],[-58.65033,-34.387582],[-58.650351,-34.387627],[-58.653741,-34.386385],[-58.653066,-34.384724]]]}},{"type":"Feature","properties":{"partida":"057120654","cca":"057030P0000000000000000040000000000000200A","tipo":"Urbano","sup_m2":85820.1},"geometry":{"type":"Polygon","coordinates":[[[-58.647926,-34.388495],[-58.647207,-34.388725],[-58.64721,-34.388855],[-58.647209,-34.388984],[-58.647203,-34.389113],[-58.647192,-34.389242],[-58.647177,-34.389371],[-58.647157,-34.389499],[-58.647132,-34.389627],[-58.647105,-34.389747],[-58.647063,-34.389902],[-58.646849,-34.390555],[-58.646566,-34.391392],[-58.646511,-34.391617],[-58.646464,-34.391843],[-58.646419,-34.392118],[-58.646387,-34.392392],[-58.646373,-34.392438],[-58.646369,-34.392485],[-58.646357,-34.392531],[-58.646348,-34.392672],[-58.646332,-34.392729],[-58.646331,-34.392823],[-58.646338,-34.392967],[-58.646349,-34.393103],[-58.646366,-34.393233],[-58.646398,-34.393424],[-58.646438,-34.393595],[-58.646454,-34.393654],[-58.646526,-34.393871],[-58.646569,-34.39402],[-58.646604,-34.39411],[-58.646657,-34.394223],[-58.646715,-34.394334],[-58.646741,-34.394397],[-58.64678,-34.394475],[-58.646872,-34.394598],[-58.647039,-34.394893],[-58.647217,-34.395185],[-58.647425,-34.395499],[-58.647581,-34.395725],[-58.647444,-34.395897],[-58.647656,-34.396034],[-58.647879,-34.396157],[-58.647937,-34.39621],[-58.6481,-34.396427],[-58.648202,-34.39655],[-58.648318,-34.396648],[-58.648396,-34.396687],[-58.648506,-34.396752],[-58.648752,-34.396828],[-58.648921,-34.396856],[-58.649133,-34.396857],[-58.649302,-34.396835],[-58.649606,-34.396776],[-58.649699,-34.39675],[-58.649651,-34.396651],[-58.64973,-34.396607],[-58.649827,-34.396538],[-58.649891,-34.396479],[-58.64993,-34.396437],[-58.649965,-34.396392],[-58.650023,-34.396298],[-58.650056,-34.396224],[-58.65008,-34.396147],[-58.650091,-34.396095],[-58.650097,-34.396042],[-58.650096,-34.395936],[-58.650078,-34.395832],[-58.650053,-34.395755],[-58.650005,-34.395657],[-58.649975,-34.39561],[-58.649922,-34.395544],[-58.649883,-34.395502],[-58.649818,-34.395444],[-58.649746,-34.395392],[-58.649668,-34.395346],[-58.649584,-34.395307],[-58.649526,-34.395285],[-58.649496,-34.395276],[-58.648571,-34.395329],[-58.648096,-34.394981],[-58.647912,-34.39474],[-58.647735,-34.394495],[-58.647567,-34.394246],[-58.64752,-34.394141],[-58.647411,-34.394132],[-58.647173,-34.393674],[-58.647142,-34.393592],[-58.647115,-34.393509],[-58.647093,-34.393426],[-58.647075,-34.393342],[-58.647052,-34.393199],[-58.647038,-34.393084],[-58.64703,-34.392968],[-58.647031,-34.392852],[-58.647038,-34.392736],[-58.647096,-34.392195],[-58.647126,-34.392001],[-58.647167,-34.391809],[-58.647219,-34.391618],[-58.647282,-34.391429],[-58.647705,-34.390276],[-58.647756,-34.390124],[-58.647824,-34.389894],[-58.647863,-34.38974],[-58.647898,-34.389585],[-58.647913,-34.389477],[-58.64803,-34.389347],[-58.648036,-34.389264],[-58.647899,-34.389043],[-58.647916,-34.3889],[-58.647926,-34.388495]]]}},{"type":"Feature","properties":{"partida":"057120656","cca":"057030P0000000000000000040000000000000200D","tipo":"Urbano","sup_m2":2161.1},"geometry":{"type":"Polygon","coordinates":[[[-58.647656,-34.396034],[-58.647444,-34.395897],[-58.646934,-34.39657],[-58.647071,-34.396644],[-58.647167,-34.396686],[-58.647656,-34.396034]]]}},{"type":"Feature","properties":{"partida":"057000101","cca":"057030P0000000000000000040000000000000200F","tipo":"Urbano","sup_m2":25746.8},"geometry":{"type":"Polygon","coordinates":[[[-58.647155,-34.395088],[-58.647039,-34.394893],[-58.646872,-34.394598],[-58.64678,-34.394475],[-58.646741,-34.394397],[-58.646715,-34.394334],[-58.645409,-34.39477],[-58.645447,-34.394846],[-58.645543,-34.394977],[-58.645639,-34.395146],[-58.645714,-34.395271],[-58.645837,-34.395458],[-58.646001,-34.395681],[-58.646178,-34.395898],[-58.646367,-34.396107],[-58.646467,-34.396209],[-58.646666,-34.396397],[-58.646706,-34.39643],[-58.646793,-34.396491],[-58.646838,-34.396519],[-58.646934,-34.39657],[-58.647395,-34.39596],[-58.647581,-34.395725],[-58.647425,-34.395499],[-58.647155,-34.395088]]]}},{"type":"Feature","properties":{"partida":"057120657","cca":"057030P0000000000000000040000000000000200G","tipo":"Urbano","sup_m2":16406.2},"geometry":{"type":"Polygon","coordinates":[[[-58.649701,-34.397251],[-58.649812,-34.397254],[-58.649923,-34.397248],[-58.649699,-34.39675],[-58.649606,-34.396776],[-58.649302,-34.396835],[-58.649133,-34.396857],[-58.648921,-34.396856],[-58.648752,-34.396828],[-58.648506,-34.396752],[-58.648396,-34.396687],[-58.648318,-34.396648],[-58.648202,-34.39655],[-58.6481,-34.396427],[-58.647937,-34.39621],[-58.647879,-34.396157],[-58.647656,-34.396034],[-58.647167,-34.396686],[-58.647392,-34.396799],[-58.647523,-34.396922],[-58.647817,-34.397123],[-58.647969,-34.397212],[-58.648067,-34.397258],[-58.648197,-34.397308],[-58.6483,-34.397342],[-58.648371,-34.397359],[-58.648443,-34.397373],[-58.648553,-34.397385],[-58.648627,-34.397389],[-58.648738,-34.397386],[-58.648811,-34.397378],[-58.648884,-34.397367],[-58.64892,-34.39736],[-58.648987,-34.397338],[-58.649126,-34.397309],[-58.649196,-34.397298],[-58.649405,-34.39727],[-58.649521,-34.397258],[-58.649701,-34.397251]]]}},{"type":"Feature","properties":{"partida":"057131350","cca":"057030P0000000000000000040000000000000300A","tipo":"Urbano","sup_m2":10240.7},"geometry":{"type":"Polygon","coordinates":[[[-58.646484,-34.397127],[-58.646808,-34.396971],[-58.646726,-34.396831],[-58.646681,-34.396764],[-58.646583,-34.396632],[-58.646475,-34.396506],[-58.646417,-34.396445],[-58.646257,-34.39629],[-58.646104,-34.396131],[-58.645957,-34.395967],[-58.645818,-34.395799],[-58.645685,-34.395627],[-58.645561,-34.395452],[-58.645443,-34.395272],[-58.645333,-34.39509],[-58.645231,-34.394905],[-58.645137,-34.394716],[-58.644871,-34.39432],[-58.644744,-34.394188],[-58.644445,-34.394277],[-58.646484,-34.397127]]]}},{"type":"Feature","properties":{"partida":"057000133","cca":"057030P0000000000000000040000000000000300B","tipo":"Urbano","sup_m2":4810.5},"geometry":{"type":"Polygon","coordinates":[[[-58.646987,-34.397315],[-58.646808,-34.396971],[-58.646484,-34.397127],[-58.647274,-34.398259],[-58.647705,-34.398111],[-58.647413,-34.397845],[-58.647243,-34.397675],[-58.647195,-34.397618],[-58.647105,-34.3975],[-58.647024,-34.397378],[-58.646987,-34.397315]]]}},{"type":"Feature","properties":{"partida":"057000384","cca":"057030P0000000000000000040000000000000400A","tipo":"Urbano","sup_m2":7635.7},"geometry":{"type":"Polygon","coordinates":[[[-58.647919,-34.398038],[-58.649048,-34.397653],[-58.649067,-34.39762],[-58.649073,-34.397589],[-58.64907,-34.397557],[-58.649055,-34.397523],[-58.649034,-34.397497],[-58.649005,-34.397475],[-58.648966,-34.397459],[-58.648928,-34.397453],[-58.648917,-34.397452],[-58.648788,-34.397471],[-58.648657,-34.397483],[-58.648592,-34.397486],[-58.64846,-34.397486],[-58.648329,-34.397479],[-58.648264,-34.397473],[-58.648199,-34.397464],[-58.64807,-34.397442],[-58.647944,-34.397413],[-58.647882,-34.397395],[-58.64776,-34.397355],[-58.6477,-34.397333],[-58.647583,-34.397282],[-58.647527,-34.397255],[-58.647417,-34.397195],[-58.647364,-34.397162],[-58.647312,-34.397141],[-58.647256,-34.397126],[-58.647213,-34.397118],[-58.647169,-34.397115],[-58.647125,-34.397114],[-58.647182,-34.397241],[-58.647215,-34.397298],[-58.647251,-34.397354],[-58.64733,-34.397465],[-58.647414,-34.397569],[-58.647574,-34.397728],[-58.647919,-34.398038]]]}},{"type":"Feature","properties":{"partida":"057122235","cca":"057030P0000000000000000040000000000000400B","tipo":"Urbano","sup_m2":2607.8},"geometry":{"type":"Polygon","coordinates":[[[-58.647705,-34.398111],[-58.647919,-34.398038],[-58.647574,-34.397728],[-58.647414,-34.397569],[-58.64733,-34.397465],[-58.647251,-34.397354],[-58.647215,-34.397298],[-58.647182,-34.397241],[-58.647125,-34.397114],[-58.647081,-34.397118],[-58.647038,-34.397125],[-58.647005,-34.397123],[-58.646972,-34.397117],[-58.646934,-34.397104],[-58.646905,-34.39709],[-58.646872,-34.397068],[-58.646845,-34.397042],[-58.646987,-34.397315],[-58.647024,-34.397378],[-58.647105,-34.3975],[-58.647195,-34.397618],[-58.647243,-34.397675],[-58.647413,-34.397845],[-58.647705,-34.398111]]]}},{"type":"Feature","properties":{"partida":"057000385","cca":"057030P00000000000000000400000000000005000","tipo":"Urbano","sup_m2":23911.6},"geometry":{"type":"Polygon","coordinates":[[[-58.651842,-34.39549],[-58.651876,-34.395418],[-58.651898,-34.395383],[-58.651921,-34.395329],[-58.651944,-34.39523],[-58.651946,-34.395158],[-58.651936,-34.39505],[-58.651941,-34.394734],[-58.651965,-34.394635],[-58.651985,-34.394506],[-58.652023,-34.394383],[-58.652035,-34.394357],[-58.652046,-34.394312],[-58.652085,-34.394263],[-58.652112,-34.394224],[-58.652164,-34.394113],[-58.652204,-34.394011],[-58.652181,-34.393921],[-58.652054,-34.393856],[-58.65199,-34.393773],[-58.651974,-34.393596],[-58.651928,-34.393544],[-58.651924,-34.393474],[-58.651938,-34.393377],[-58.651959,-34.39331],[-58.651997,-34.393247],[-58.652054,-34.393185],[-58.652108,-34.393143],[-58.652197,-34.39303],[-58.652259,-34.392851],[-58.652273,-34.392789],[-58.652287,-34.392704],[-58.652314,-34.392589],[-58.652322,-34.392444],[-58.652194,-34.392249],[-58.652097,-34.392052],[-58.652081,-34.391996],[-58.652067,-34.391879],[-58.652094,-34.391783],[-58.652069,-34.391684],[-58.652103,-34.391595],[-58.652063,-34.391423],[-58.651729,-34.391411],[-58.651693,-34.391587],[-58.651645,-34.391852],[-58.651633,-34.391939],[-58.651613,-34.392117],[-58.651601,-34.392295],[-58.651572,-34.392824],[-58.651681,-34.393339],[-58.651744,-34.393812],[-58.651778,-34.394262],[-58.651759,-34.394652],[-58.651748,-34.394847],[-58.65169,-34.395354],[-58.651597,-34.39573],[-58.651549,-34.395904],[-58.651506,-34.39603],[-58.651416,-34.396221],[-58.651276,-34.396445],[-58.651085,-34.396665],[-58.650958,-34.396791],[-58.650698,-34.397006],[-58.65054,-34.397103],[-58.650462,-34.397141],[-58.650246,-34.397231],[-58.650185,-34.39725],[-58.650122,-34.397277],[-58.649939,-34.397326],[-58.649793,-34.397353],[-58.64953,-34.397389],[-58.64941,-34.397409],[-58.649381,-34.397418],[-58.649358,-34.39743],[-58.64934,-34.397447],[-58.649328,-34.397464],[-58.649321,-34.397486],[-58.649319,-34.397509],[-58.649325,-34.397532],[-58.649337,-34.397552],[-58.649351,-34.397568],[-58.649398,-34.397569],[-58.64972,-34.39755],[-58.651013,-34.397286],[-58.651007,-34.397192],[-58.65106,-34.397036],[-58.651121,-34.396989],[-58.651181,-34.396936],[-58.651249,-34.396885],[-58.651365,-34.396761],[-58.651407,-34.396705],[-58.651494,-34.396558],[-58.651545,-34.396424],[-58.651623,-34.39629],[-58.651646,-34.396218],[-58.651669,-34.396128],[-58.651707,-34.395786],[-58.651719,-34.395714],[-58.651754,-34.395597],[-58.651776,-34.39558],[-58.651809,-34.395526],[-58.651842,-34.39549]]]}},{"type":"Feature","properties":{"partida":"057111934","cca":"057030P0000000000000000040000000000000800A","tipo":"Urbano","sup_m2":16246.5},"geometry":{"type":"Polygon","coordinates":[[[-58.647574,-34.394034],[-58.647501,-34.393941],[-58.647469,-34.393886],[-58.647438,-34.393825],[-58.647373,-34.39366],[-58.647344,-34.393569],[-58.647297,-34.393401],[-58.647281,-34.393329],[-58.647267,-34.393251],[-58.647256,-34.393169],[-58.647242,-34.393009],[-58.647239,-34.392948],[-58.647238,-34.392828],[-58.647242,-34.392674],[-58.647253,-34.392554],[-58.647286,-34.392327],[-58.647307,-34.392219],[-58.647323,-34.392155],[-58.647337,-34.39213],[-58.647357,-34.392105],[-58.647383,-34.392081],[-58.647412,-34.39206],[-58.647474,-34.392036],[-58.647582,-34.392019],[-58.64788,-34.391982],[-58.647932,-34.391969],[-58.647954,-34.391958],[-58.64798,-34.391936],[-58.648001,-34.391908],[-58.648051,-34.391799],[-58.648108,-34.391647],[-58.648151,-34.391498],[-58.648182,-34.391338],[-58.64819,-34.391241],[-58.648192,-34.391149],[-58.648186,-34.391128],[-58.648169,-34.391092],[-58.648152,-34.391068],[-58.648111,-34.391034],[-58.648006,-34.390961],[-58.64796,-34.390941],[-58.647786,-34.390845],[-58.647757,-34.390819],[-58.647737,-34.390785],[-58.647724,-34.390749],[-58.64772,-34.39072],[-58.647731,-34.390662],[-58.64785,-34.390353],[-58.647927,-34.390117],[-58.648027,-34.389754],[-58.648077,-34.389498],[-58.647913,-34.389477],[-58.647898,-34.389585],[-58.647863,-34.38974],[-58.647824,-34.389894],[-58.647756,-34.390124],[-58.647705,-34.390276],[-58.647282,-34.391429],[-58.647219,-34.391618],[-58.647192,-34.391713],[-58.647146,-34.391905],[-58.64711,-34.392098],[-58.647085,-34.392292],[-58.647033,-34.392794],[-58.64703,-34.39291],[-58.647033,-34.393026],[-58.647052,-34.393199],[-58.647075,-34.393342],[-58.647093,-34.393426],[-58.647115,-34.393509],[-58.647142,-34.393592],[-58.647173,-34.393674],[-58.647411,-34.394132],[-58.647489,-34.394079],[-58.647574,-34.394034]]]}},{"type":"Feature","properties":{"partida":"057116651","cca":"057030P0000000000000000040000000000000900B","tipo":"Urbano","sup_m2":3305.7},"geometry":{"type":"Polygon","coordinates":[[[-58.64999,-34.395634],[-58.650884,-34.395354],[-58.650873,-34.395313],[-58.650842,-34.395232],[-58.6503,-34.395437],[-58.650249,-34.395368],[-58.650189,-34.395303],[-58.650122,-34.395244],[-58.650049,-34.395191],[-58.649961,-34.39513],[-58.649867,-34.395076],[-58.649769,-34.395029],[-58.649665,-34.394989],[-58.649496,-34.395276],[-58.649584,-34.395307],[-58.64964,-34.395332],[-58.64972,-34.395376],[-58.649771,-34.395408],[-58.64984,-34.395463],[-58.649903,-34.395523],[-58.649941,-34.395566],[-58.64999,-34.395634]]]}},{"type":"Feature","properties":{"partida":"057116652","cca":"057030P0000000000000000040000000000000900C","tipo":"Urbano","sup_m2":2797.9},"geometry":{"type":"Polygon","coordinates":[[[-58.650049,-34.395191],[-58.650122,-34.395244],[-58.650189,-34.395303],[-58.650249,-34.395368],[-58.6503,-34.395437],[-58.650842,-34.395232],[-58.65079,-34.395132],[-58.650728,-34.395035],[-58.650657,-34.394943],[-58.650577,-34.394856],[-58.650489,-34.394775],[-58.650049,-34.395191]]]}},{"type":"Feature","properties":{"partida":"057116653","cca":"057030P0000000000000000040000000000000900D","tipo":"Urbano","sup_m2":2955.0},"geometry":{"type":"Polygon","coordinates":[[[-58.650489,-34.394775],[-58.650402,-34.394712],[-58.650313,-34.394653],[-58.65022,-34.394597],[-58.650124,-34.394544],[-58.650026,-34.394496],[-58.650002,-34.394524],[-58.649665,-34.394989],[-58.649769,-34.395029],[-58.649867,-34.395076],[-58.649961,-34.39513],[-58.650049,-34.395191],[-58.650489,-34.394775]]]}},{"type":"Feature","properties":{"partida":"057116654","cca":"057030P0000000000000000040000000000000900E","tipo":"Urbano","sup_m2":11124.4},"geometry":{"type":"Polygon","coordinates":[[[-58.651482,-34.394034],[-58.651429,-34.393769],[-58.651413,-34.393739],[-58.6514,-34.393723],[-58.651375,-34.393697],[-58.651363,-34.393688],[-58.651336,-34.393672],[-58.651313,-34.393665],[-58.651281,-34.393657],[-58.651235,-34.39365],[-58.651182,-34.393652],[-58.651112,-34.393662],[-58.65103,-34.393683],[-58.650929,-34.393746],[-58.650828,-34.393825],[-58.650741,-34.393899],[-58.650706,-34.393943],[-58.650643,-34.39404],[-58.650626,-34.394081],[-58.650604,-34.394113],[-58.650576,-34.394168],[-58.650563,-34.394217],[-58.650547,-34.39425],[-58.650507,-34.394313],[-58.650459,-34.394374],[-58.650446,-34.394428],[-58.650446,-34.394473],[-58.650463,-34.394512],[-58.650522,-34.39458],[-58.650618,-34.394645],[-58.650666,-34.394689],[-58.650698,-34.39471],[-58.650721,-34.394734],[-58.650765,-34.394783],[-58.650824,-34.394861],[-58.650866,-34.394911],[-58.650959,-34.395053],[-58.650983,-34.39508],[-58.651012,-34.395104],[-58.651044,-34.395121],[-58.651082,-34.395121],[-58.651115,-34.395117],[-58.651423,-34.395017],[-58.651457,-34.395005],[-58.651472,-34.39498],[-58.651464,-34.394785],[-58.651484,-34.394276],[-58.651482,-34.394034]]]}},{"type":"Feature","properties":{"partida":"057116656","cca":"057030P0000000000000000040000000000000900H","tipo":"Urbano","sup_m2":13231.0},"geometry":{"type":"Polygon","coordinates":[[[-58.650884,-34.395354],[-58.651339,-34.395215],[-58.651347,-34.395215],[-58.651356,-34.395225],[-58.651461,-34.395272],[-58.651472,-34.39498],[-58.651457,-34.395005],[-58.651115,-34.395117],[-58.651082,-34.395121],[-58.651044,-34.395121],[-58.651012,-34.395104],[-58.650983,-34.39508],[-58.650959,-34.395053],[-58.650866,-34.394911],[-58.650824,-34.394861],[-58.650765,-34.394783],[-58.650721,-34.394734],[-58.650698,-34.39471],[-58.650666,-34.394689],[-58.650618,-34.394645],[-58.650522,-34.39458],[-58.650463,-34.394512],[-58.650446,-34.394473],[-58.650446,-34.394428],[-58.650459,-34.394374],[-58.650507,-34.394313],[-58.650547,-34.39425],[-58.650563,-34.394217],[-58.650576,-34.394168],[-58.650604,-34.394113],[-58.650626,-34.394081],[-58.650643,-34.39404],[-58.650706,-34.393943],[-58.650741,-34.393899],[-58.650828,-34.393825],[-58.650929,-34.393746],[-58.65103,-34.393683],[-58.651112,-34.393662],[-58.651182,-34.393652],[-58.651235,-34.39365],[-58.651281,-34.393657],[-58.651313,-34.393665],[-58.651336,-34.393672],[-58.651375,-34.393697],[-58.651413,-34.393739],[-58.651422,-34.393754],[-58.651429,-34.393769],[-58.651439,-34.393811],[-58.651418,-34.393578],[-58.651368,-34.393286],[-58.65134,-34.39304],[-58.651348,-34.392871],[-58.651311,-34.392967],[-58.65126,-34.393058],[-58.651229,-34.393102],[-58.651158,-34.393184],[-58.650521,-34.393767],[-58.650451,-34.39382],[-58.650373,-34.393864],[-58.650288,-34.393899],[-58.650244,-34.393914],[-58.650153,-34.393936],[-58.65006,-34.393948],[-58.649965,-34.39395],[-58.649871,-34.393942],[-58.649779,-34.393924],[-58.649516,-34.393842],[-58.649337,-34.393798],[-58.649154,-34.393767],[-58.648968,-34.393749],[-58.648782,-34.393743],[-58.648657,-34.393746],[-58.648471,-34.393761],[-58.648354,-34.393778],[-58.648395,-34.393855],[-58.648407,-34.393888],[-58.648425,-34.39392],[-58.648449,-34.393949],[-58.648478,-34.393975],[-58.648512,-34.393997],[-58.64855,-34.394014],[-58.64859,-34.394026],[-58.648632,-34.394032],[-58.648674,-34.394033],[-58.648717,-34.394028],[-58.648785,-34.394013],[-58.648833,-34.394009],[-58.64888,-34.39401],[-58.648927,-34.394016],[-58.64897,-34.393923],[-58.649073,-34.393933],[-58.649176,-34.393947],[-58.649278,-34.393964],[-58.649378,-34.393986],[-58.649527,-34.394025],[-58.649625,-34.394056],[-58.649767,-34.394109],[-58.64986,-34.394148],[-58.649994,-34.394214],[-58.650081,-34.394262],[-58.650164,-34.394313],[-58.650026,-34.394496],[-58.650124,-34.394544],[-58.65022,-34.394597],[-58.650313,-34.394653],[-58.650402,-34.394712],[-58.650489,-34.394775],[-58.650577,-34.394856],[-58.650657,-34.394943],[-58.650728,-34.395035],[-58.65079,-34.395132],[-58.650842,-34.395232],[-58.650873,-34.395313],[-58.650884,-34.395354]]]}},{"type":"Feature","properties":{"partida":"057117351","cca":"057030P0000000000000000040000000000000900M","tipo":"Urbano","sup_m2":4507.1},"geometry":{"type":"Polygon","coordinates":[[[-58.650855,-34.396661],[-58.650299,-34.396436],[-58.650259,-34.396499],[-58.650215,-34.39656],[-58.650138,-34.396646],[-58.650082,-34.3967],[-58.650033,-34.39674],[-58.649929,-34.396811],[-58.649831,-34.396865],[-58.649764,-34.396899],[-58.649923,-34.397248],[-58.649971,-34.39724],[-58.650054,-34.397219],[-58.650178,-34.397177],[-58.6503,-34.397115],[-58.650416,-34.397046],[-58.650526,-34.396971],[-58.650578,-34.396931],[-58.650678,-34.396846],[-58.650725,-34.396802],[-58.650814,-34.396709],[-58.650855,-34.396661]]]}},{"type":"Feature","properties":{"partida":"057123280","cca":"057030P0000000000000000040000000000000900N","tipo":"Urbano","sup_m2":5448.8},"geometry":{"type":"Polygon","coordinates":[[[-58.650884,-34.395354],[-58.650349,-34.395522],[-58.650404,-34.395626],[-58.65044,-34.395723],[-58.650462,-34.395807],[-58.650475,-34.395879],[-58.650483,-34.395981],[-58.650476,-34.3961],[-58.650454,-34.396216],[-58.650407,-34.39636],[-58.650355,-34.396459],[-58.650739,-34.396614],[-58.650808,-34.396489],[-58.650843,-34.396397],[-58.650894,-34.39624],[-58.650934,-34.396073],[-58.65095,-34.395943],[-58.650953,-34.395795],[-58.650944,-34.395646],[-58.650918,-34.395481],[-58.650884,-34.395354]]]}},{"type":"Feature","properties":{"partida":"057117352","cca":"057030P0000000000000000040000000000000900R","tipo":"Urbano","sup_m2":1698.2},"geometry":{"type":"Polygon","coordinates":[[[-58.651461,-34.395272],[-58.651356,-34.395225],[-58.651347,-34.395215],[-58.651339,-34.395215],[-58.651023,-34.395311],[-58.651061,-34.395437],[-58.651085,-34.395544],[-58.651108,-34.39569],[-58.651117,-34.395825],[-58.651116,-34.395929],[-58.651102,-34.396072],[-58.651086,-34.396169],[-58.651059,-34.396286],[-58.651018,-34.396426],[-58.651086,-34.396294],[-58.651131,-34.396182],[-58.65115,-34.396125],[-58.651181,-34.396009],[-58.65132,-34.395436],[-58.651461,-34.395272]]]}},{"type":"Feature","properties":{"partida":"057117353","cca":"057030P0000000000000000040000000000000900S","tipo":"Urbano","sup_m2":5067.6},"geometry":{"type":"Polygon","coordinates":[[[-58.650349,-34.395522],[-58.64999,-34.395634],[-58.650018,-34.395681],[-58.650053,-34.395755],[-58.650071,-34.395806],[-58.650084,-34.395858],[-58.650098,-34.395963],[-58.650097,-34.396042],[-58.650091,-34.396095],[-58.65008,-34.396147],[-58.650066,-34.396199],[-58.650035,-34.396274],[-58.649996,-34.396346],[-58.649948,-34.396415],[-58.649891,-34.396479],[-58.649827,-34.396538],[-58.64973,-34.396607],[-58.649651,-34.396651],[-58.649699,-34.39675],[-58.649764,-34.396899],[-58.649831,-34.396865],[-58.649929,-34.396811],[-58.649985,-34.396775],[-58.650052,-34.396725],[-58.650138,-34.396646],[-58.65019,-34.396589],[-58.650259,-34.396499],[-58.650299,-34.396436],[-58.650355,-34.396459],[-58.650407,-34.39636],[-58.650447,-34.396241],[-58.650465,-34.396168],[-58.650476,-34.3961],[-58.650483,-34.395981],[-58.650475,-34.395879],[-58.650462,-34.395807],[-58.65044,-34.395723],[-58.650404,-34.395626],[-58.650349,-34.395522]]]}},{"type":"Feature","properties":{"partida":"057117354","cca":"057030P0000000000000000040000000000000900T","tipo":"Urbano","sup_m2":2207.2},"geometry":{"type":"Polygon","coordinates":[[[-58.650855,-34.396661],[-58.650932,-34.396561],[-58.651018,-34.396426],[-58.651059,-34.396286],[-58.651086,-34.396169],[-58.651102,-34.396072],[-58.651116,-34.395929],[-58.651117,-34.395825],[-58.651108,-34.39569],[-58.651085,-34.395544],[-58.651061,-34.395437],[-58.651023,-34.395311],[-58.650884,-34.395354],[-58.650918,-34.395481],[-58.650944,-34.395646],[-58.650953,-34.395795],[-58.65095,-34.395943],[-58.650934,-34.396073],[-58.650894,-34.39624],[-58.650843,-34.396397],[-58.650808,-34.396489],[-58.650739,-34.396614],[-58.650855,-34.396661]]]}},{"type":"Feature","properties":{"partida":"057060811","cca":"057030P0000000000000000040000000000000900W","tipo":"Urbano","sup_m2":10399.3},"geometry":{"type":"Polygon","coordinates":[[[-58.647588,-34.394026],[-58.647489,-34.394079],[-58.647411,-34.394132],[-58.64752,-34.394141],[-58.647567,-34.394246],[-58.647735,-34.394495],[-58.647912,-34.39474],[-58.648096,-34.394981],[-58.648571,-34.395329],[-58.649496,-34.395276],[-58.649665,-34.394989],[-58.650002,-34.394524],[-58.650026,-34.394496],[-58.649917,-34.394433],[-58.649457,-34.395067],[-58.648845,-34.395102],[-58.64883,-34.394915],[-58.648629,-34.39477],[-58.648464,-34.394746],[-58.648442,-34.394371],[-58.648073,-34.394193],[-58.647942,-34.39412],[-58.647815,-34.394042],[-58.647708,-34.394112],[-58.647588,-34.394026]]]}},{"type":"Feature","properties":{"partida":"057116655","cca":"057030P0000000000000000040000000000000900X","tipo":"Urbano","sup_m2":13817.0},"geometry":{"type":"Polygon","coordinates":[[[-58.649917,-34.394433],[-58.649737,-34.39434],[-58.649585,-34.394273],[-58.64943,-34.394211],[-58.649216,-34.394141],[-58.648998,-34.394082],[-58.648831,-34.394047],[-58.648717,-34.394028],[-58.648674,-34.394033],[-58.648632,-34.394032],[-58.64859,-34.394026],[-58.64855,-34.394014],[-58.648512,-34.393997],[-58.648478,-34.393975],[-58.648449,-34.393949],[-58.648425,-34.39392],[-58.648407,-34.393888],[-58.648395,-34.393855],[-58.648354,-34.393778],[-58.648167,-34.393814],[-58.648048,-34.393845],[-58.647931,-34.393881],[-58.647843,-34.393913],[-58.647751,-34.39395],[-58.647588,-34.394026],[-58.647708,-34.394112],[-58.647815,-34.394042],[-58.647942,-34.39412],[-58.648073,-34.394193],[-58.648442,-34.394371],[-58.648464,-34.394746],[-58.648629,-34.39477],[-58.64883,-34.394915],[-58.648845,-34.395102],[-58.649457,-34.395067],[-58.649917,-34.394433]]]}},{"type":"Feature","properties":{"partida":"057120273","cca":"057030P0000000000000000040000000000000900Y","tipo":"Urbano","sup_m2":2639.4},"geometry":{"type":"Polygon","coordinates":[[[-58.649917,-34.394433],[-58.650026,-34.394496],[-58.650164,-34.394313],[-58.650038,-34.394238],[-58.649905,-34.394169],[-58.649767,-34.394109],[-58.649625,-34.394056],[-58.649527,-34.394025],[-58.649428,-34.393998],[-58.649278,-34.393964],[-58.649124,-34.393939],[-58.64897,-34.393923],[-58.648927,-34.394016],[-58.64888,-34.39401],[-58.648833,-34.394009],[-58.648762,-34.394017],[-58.648717,-34.394028],[-58.648831,-34.394047],[-58.648998,-34.394082],[-58.649162,-34.394125],[-58.649324,-34.394174],[-58.649482,-34.394231],[-58.649636,-34.394294],[-58.649786,-34.394365],[-58.649917,-34.394433]]]}},{"type":"Feature","properties":{"partida":"057060810","cca":"057030P00000000000000000400000000000010000","tipo":"Urbano","sup_m2":8836.4},"geometry":{"type":"Polygon","coordinates":[[[-58.649672,-34.393663],[-58.649608,-34.393689],[-58.649508,-34.393716],[-58.64942,-34.393725],[-58.649341,-34.393724],[-58.649283,-34.393719],[-58.649205,-34.393705],[-58.649187,-34.393693],[-58.649174,-34.393678],[-58.649171,-34.393661],[-58.649177,-34.393643],[-58.649192,-34.393626],[-58.649156,-34.39365],[-58.64911,-34.393666],[-58.649075,-34.393672],[-58.649032,-34.393671],[-58.648984,-34.393663],[-58.648953,-34.39365],[-58.648924,-34.393633],[-58.648905,-34.393616],[-58.648913,-34.393629],[-58.648907,-34.393658],[-58.648893,-34.393671],[-58.648876,-34.393677],[-58.64886,-34.393679],[-58.648773,-34.393679],[-58.648589,-34.393685],[-58.648436,-34.393699],[-58.648248,-34.393728],[-58.648237,-34.393726],[-58.648223,-34.393718],[-58.648212,-34.393702],[-58.648212,-34.393688],[-58.648204,-34.393713],[-58.648189,-34.393739],[-58.648162,-34.393767],[-58.648126,-34.393791],[-58.648097,-34.393804],[-58.648053,-34.393813],[-58.648012,-34.393816],[-58.647975,-34.393813],[-58.647942,-34.393804],[-58.647895,-34.393781],[-58.647915,-34.393799],[-58.647922,-34.393814],[-58.647924,-34.393841],[-58.647918,-34.393864],[-58.6479,-34.393885],[-58.647874,-34.393901],[-58.648048,-34.393845],[-58.648227,-34.393801],[-58.648354,-34.393778],[-58.648471,-34.393761],[-58.648595,-34.39375],[-58.648719,-34.393744],[-58.648844,-34.393743],[-58.648968,-34.393749],[-58.649092,-34.39376],[-58.649215,-34.393776],[-58.649337,-34.393798],[-58.649457,-34.393826],[-58.649575,-34.393859],[-58.649734,-34.393912],[-58.649779,-34.393924],[-58.649871,-34.393942],[-58.649918,-34.393947],[-58.650013,-34.39395],[-58.65006,-34.393948],[-58.650153,-34.393936],[-58.650199,-34.393926],[-58.650288,-34.393899],[-58.650373,-34.393864],[-58.650451,-34.39382],[-58.650521,-34.393767],[-58.651158,-34.393184],[-58.651229,-34.393102],[-58.651287,-34.393013],[-58.651311,-34.392967],[-58.651348,-34.392871],[-58.65137,-34.392772],[-58.651379,-34.392394],[-58.651387,-34.392273],[-58.651325,-34.3922],[-58.651293,-34.392172],[-58.651252,-34.392144],[-58.651192,-34.392112],[-58.65115,-34.392095],[-58.651103,-34.39208],[-58.650999,-34.392067],[-58.650937,-34.392067],[-58.650856,-34.39207],[-58.650885,-34.392071],[-58.650925,-34.392079],[-58.650963,-34.392091],[-58.651006,-34.392117],[-58.651043,-34.392155],[-58.651064,-34.392197],[-58.651071,-34.392255],[-58.651062,-34.392473],[-58.651074,-34.392838],[-58.651069,-34.392943],[-58.651061,-34.392992],[-58.651042,-34.39307],[-58.651025,-34.393113],[-58.650984,-34.393196],[-58.650949,-34.393249],[-58.650912,-34.393296],[-58.650863,-34.393345],[-58.650812,-34.393388],[-58.650768,-34.39342],[-58.650735,-34.393437],[-58.650697,-34.393448],[-58.65066,-34.393451],[-58.650631,-34.39345],[-58.650601,-34.393441],[-58.650571,-34.393428],[-58.65054,-34.393403],[-58.65052,-34.393379],[-58.650509,-34.393354],[-58.650503,-34.393328],[-58.650473,-34.393387],[-58.650445,-34.393414],[-58.650409,-34.393435],[-58.650365,-34.39345],[-58.650332,-34.393457],[-58.650288,-34.393456],[-58.650249,-34.393449],[-58.650204,-34.393431],[-58.650226,-34.393454],[-58.650228,-34.393492],[-58.650203,-34.39352],[-58.650183,-34.393528],[-58.650105,-34.393535],[-58.650042,-34.393545],[-58.64994,-34.393565],[-58.649869,-34.393584],[-58.649811,-34.393602],[-58.649766,-34.393619],[-58.649693,-34.393651],[-58.649672,-34.393663]]]}},{"type":"Feature","properties":{"partida":"057111935","cca":"057030P00000000000000000400000000000011000","tipo":"Urbano","sup_m2":1008.1},"geometry":{"type":"Polygon","coordinates":[[[-58.650487,-34.39316],[-58.65049,-34.393215],[-58.650502,-34.393259],[-58.650506,-34.393291],[-58.650503,-34.393328],[-58.650509,-34.393354],[-58.65052,-34.393379],[-58.65054,-34.393403],[-58.650571,-34.393428],[-58.650601,-34.393441],[-58.650631,-34.39345],[-58.65066,-34.393451],[-58.650697,-34.393448],[-58.650735,-34.393437],[-58.650768,-34.39342],[-58.650812,-34.393388],[-58.650863,-34.393345],[-58.650912,-34.393296],[-58.650949,-34.393249],[-58.650984,-34.393196],[-58.650487,-34.39316]]]}},{"type":"Feature","properties":{"partida":"057111936","cca":"057030P00000000000000000400000000000012000","tipo":"Urbano","sup_m2":974.1},"geometry":{"type":"Polygon","coordinates":[[[-58.650521,-34.392983],[-58.650495,-34.393062],[-58.650487,-34.393106],[-58.650487,-34.39316],[-58.650984,-34.393196],[-58.651025,-34.393113],[-58.651042,-34.39307],[-58.651055,-34.393019],[-58.650521,-34.392983]]]}},{"type":"Feature","properties":{"partida":"057111937","cca":"057030P00000000000000000400000000000013000","tipo":"Urbano","sup_m2":978.3},"geometry":{"type":"Polygon","coordinates":[[[-58.650521,-34.392983],[-58.651055,-34.393019],[-58.651069,-34.392943],[-58.651074,-34.392838],[-58.650553,-34.392804],[-58.650547,-34.392872],[-58.650521,-34.392983]]]}},{"type":"Feature","properties":{"partida":"057111938","cca":"057030P00000000000000000400000000000014000","tipo":"Urbano","sup_m2":970.2},"geometry":{"type":"Polygon","coordinates":[[[-58.650536,-34.39262],[-58.650552,-34.392728],[-58.650553,-34.392804],[-58.651074,-34.392838],[-58.651067,-34.392657],[-58.650536,-34.39262]]]}},{"type":"Feature","properties":{"partida":"057111939","cca":"057030P00000000000000000400000000000015000","tipo":"Urbano","sup_m2":999.0},"geometry":{"type":"Polygon","coordinates":[[[-58.650529,-34.392438],[-58.650526,-34.392516],[-58.650536,-34.39262],[-58.651067,-34.392657],[-58.651062,-34.392473],[-58.650529,-34.392438]]]}},{"type":"Feature","properties":{"partida":"057111940","cca":"057030P00000000000000000400000000000016000","tipo":"Urbano","sup_m2":979.6},"geometry":{"type":"Polygon","coordinates":[[[-58.650544,-34.392257],[-58.650535,-34.392339],[-58.650529,-34.392438],[-58.651062,-34.392473],[-58.651069,-34.392293],[-58.650544,-34.392257]]]}},{"type":"Feature","properties":{"partida":"057111941","cca":"057030P00000000000000000400000000000017000","tipo":"Urbano","sup_m2":963.4},"geometry":{"type":"Polygon","coordinates":[[[-58.650544,-34.392257],[-58.651069,-34.392293],[-58.651071,-34.392255],[-58.651064,-34.392197],[-58.651043,-34.392155],[-58.651006,-34.392117],[-58.650963,-34.392091],[-58.650925,-34.392079],[-58.650885,-34.392071],[-58.650809,-34.392071],[-58.650689,-34.392067],[-58.650656,-34.39207],[-58.650627,-34.39208],[-58.650597,-34.3921],[-58.650577,-34.392135],[-58.650556,-34.392205],[-58.650544,-34.392257]]]}},{"type":"Feature","properties":{"partida":"057111942","cca":"057030P00000000000000000400000000000018000","tipo":"Urbano","sup_m2":1150.0},"geometry":{"type":"Polygon","coordinates":[[[-58.649683,-34.393374],[-58.649667,-34.393524],[-58.649672,-34.393663],[-58.649693,-34.393651],[-58.649766,-34.393619],[-58.649811,-34.393602],[-58.649869,-34.393584],[-58.64994,-34.393565],[-58.650042,-34.393545],[-58.650105,-34.393535],[-58.650183,-34.393528],[-58.650203,-34.39352],[-58.650228,-34.393492],[-58.650226,-34.393454],[-58.650204,-34.393431],[-58.650184,-34.39342],[-58.650162,-34.393401],[-58.65014,-34.393374],[-58.650127,-34.393347],[-58.649683,-34.393374]]]}},{"type":"Feature","properties":{"partida":"057111943","cca":"057030P00000000000000000400000000000019000","tipo":"Urbano","sup_m2":941.8},"geometry":{"type":"Polygon","coordinates":[[[-58.649683,-34.393374],[-58.650127,-34.393347],[-58.650119,-34.393302],[-58.650122,-34.393273],[-58.650132,-34.393247],[-58.650144,-34.393222],[-58.650201,-34.393162],[-58.649739,-34.393135],[-58.649699,-34.393284],[-58.649683,-34.393374]]]}},{"type":"Feature","properties":{"partida":"057111944","cca":"057030P00000000000000000400000000000020000","tipo":"Urbano","sup_m2":1020.6},"geometry":{"type":"Polygon","coordinates":[[[-58.650324,-34.392976],[-58.649782,-34.392938],[-58.649754,-34.393084],[-58.649739,-34.393135],[-58.650201,-34.393162],[-58.65022,-34.393143],[-58.650282,-34.393059],[-58.650304,-34.393022],[-58.650324,-34.392976]]]}},{"type":"Feature","properties":{"partida":"057111945","cca":"057030P00000000000000000400000000000021000","tipo":"Urbano","sup_m2":1119.0},"geometry":{"type":"Polygon","coordinates":[[[-58.650361,-34.392783],[-58.649795,-34.392743],[-58.649782,-34.392938],[-58.650324,-34.392976],[-58.65034,-34.39293],[-58.65036,-34.392835],[-58.650361,-34.392783]]]}},{"type":"Feature","properties":{"partida":"057111947","cca":"057030P00000000000000000400000000000022000","tipo":"Urbano","sup_m2":1111.3},"geometry":{"type":"Polygon","coordinates":[[[-58.649787,-34.392547],[-58.649796,-34.392679],[-58.649795,-34.392743],[-58.650361,-34.392783],[-58.650359,-34.392738],[-58.650339,-34.392587],[-58.649787,-34.392547]]]}},{"type":"Feature","properties":{"partida":"057111948","cca":"057030P00000000000000000400000000000023000","tipo":"Urbano","sup_m2":1089.9},"geometry":{"type":"Polygon","coordinates":[[[-58.649787,-34.392547],[-58.650339,-34.392587],[-58.650334,-34.392484],[-58.650335,-34.39239],[-58.64979,-34.392354],[-58.649785,-34.392473],[-58.649787,-34.392547]]]}},{"type":"Feature","properties":{"partida":"057111949","cca":"057030P00000000000000000400000000000024000","tipo":"Urbano","sup_m2":1069.8},"geometry":{"type":"Polygon","coordinates":[[[-58.649822,-34.392163],[-58.649804,-34.392251],[-58.64979,-34.392354],[-58.650335,-34.39239],[-58.650344,-34.392308],[-58.650363,-34.392199],[-58.649822,-34.392163]]]}},{"type":"Feature","properties":{"partida":"057111950","cca":"057030P00000000000000000400000000000025000","tipo":"Urbano","sup_m2":1170.9},"geometry":{"type":"Polygon","coordinates":[[[-58.650363,-34.392199],[-58.650386,-34.39211],[-58.65039,-34.392077],[-58.650383,-34.392055],[-58.650369,-34.392036],[-58.650348,-34.392017],[-58.65032,-34.392004],[-58.650152,-34.391961],[-58.649919,-34.391917],[-58.649888,-34.391978],[-58.649846,-34.392084],[-58.649822,-34.392163],[-58.650363,-34.392199]]]}},{"type":"Feature","properties":{"partida":"057111951","cca":"057030P00000000000000000400000000000026000","tipo":"Urbano","sup_m2":1262.4},"geometry":{"type":"Polygon","coordinates":[[[-58.649329,-34.392128],[-58.649822,-34.392163],[-58.649846,-34.392084],[-58.649888,-34.391978],[-58.649919,-34.391917],[-58.649737,-34.391897],[-58.649504,-34.391888],[-58.649463,-34.391895],[-58.649428,-34.391912],[-58.649403,-34.391944],[-58.649355,-34.392054],[-58.649329,-34.392128]]]}},{"type":"Feature","properties":{"partida":"057111952","cca":"057030P0000000000000000040000000000002700A","tipo":"Urbano","sup_m2":1999.3},"geometry":{"type":"Polygon","coordinates":[[[-58.649329,-34.392128],[-58.649298,-34.392248],[-58.649287,-34.39232],[-58.649278,-34.392399],[-58.649276,-34.392516],[-58.649787,-34.392547],[-58.649785,-34.392473],[-58.64979,-34.392354],[-58.649804,-34.392251],[-58.649822,-34.392163],[-58.649329,-34.392128]]]}},{"type":"Feature","properties":{"partida":"057111954","cca":"057030P00000000000000000400000000000029000","tipo":"Urbano","sup_m2":1025.2},"geometry":{"type":"Polygon","coordinates":[[[-58.649297,-34.392716],[-58.649795,-34.392743],[-58.649796,-34.392679],[-58.649787,-34.392547],[-58.649276,-34.392516],[-58.649281,-34.392625],[-58.649297,-34.392716]]]}},{"type":"Feature","properties":{"partida":"057111955","cca":"057030P00000000000000000400000000000030000","tipo":"Urbano","sup_m2":974.7},"geometry":{"type":"Polygon","coordinates":[[[-58.649308,-34.392915],[-58.649782,-34.392938],[-58.649795,-34.392743],[-58.649297,-34.392716],[-58.649307,-34.392836],[-58.649308,-34.392915]]]}},{"type":"Feature","properties":{"partida":"057111956","cca":"057030P00000000000000000400000000000031000","tipo":"Urbano","sup_m2":926.2},"geometry":{"type":"Polygon","coordinates":[[[-58.649286,-34.393108],[-58.649739,-34.393135],[-58.649754,-34.393084],[-58.649782,-34.392938],[-58.649308,-34.392915],[-58.649299,-34.393053],[-58.649286,-34.393108]]]}},{"type":"Feature","properties":{"partida":"057111957","cca":"057030P00000000000000000400000000000032000","tipo":"Urbano","sup_m2":905.8},"geometry":{"type":"Polygon","coordinates":[[[-58.649286,-34.393108],[-58.649263,-34.393213],[-58.649238,-34.3933],[-58.649689,-34.393332],[-58.649739,-34.393135],[-58.649286,-34.393108]]]}},{"type":"Feature","properties":{"partida":"057111958","cca":"057030P00000000000000000400000000000033000","tipo":"Urbano","sup_m2":862.6},"geometry":{"type":"Polygon","coordinates":[[[-58.649238,-34.3933],[-58.649233,-34.393341],[-58.649234,-34.393389],[-58.649239,-34.393436],[-58.649246,-34.393469],[-58.649254,-34.393492],[-58.649667,-34.393524],[-58.649673,-34.39345],[-58.649689,-34.393332],[-58.649238,-34.3933]]]}},{"type":"Feature","properties":{"partida":"057111959","cca":"057030P00000000000000000400000000000034000","tipo":"Urbano","sup_m2":940.9},"geometry":{"type":"Polygon","coordinates":[[[-58.649192,-34.393626],[-58.649177,-34.393643],[-58.649171,-34.393661],[-58.649174,-34.393678],[-58.649187,-34.393693],[-58.649205,-34.393705],[-58.649283,-34.393719],[-58.64938,-34.393726],[-58.649462,-34.393722],[-58.649508,-34.393716],[-58.649608,-34.393689],[-58.649672,-34.393663],[-58.649667,-34.393524],[-58.649254,-34.393492],[-58.649255,-34.393526],[-58.649243,-34.393567],[-58.649221,-34.393601],[-58.649192,-34.393626]]]}},{"type":"Feature","properties":{"partida":"057111960","cca":"057030P00000000000000000400000000000035000","tipo":"Urbano","sup_m2":905.3},"geometry":{"type":"Polygon","coordinates":[[[-58.648476,-34.393452],[-58.648474,-34.393526],[-58.648485,-34.39362],[-58.648498,-34.393693],[-58.648589,-34.393685],[-58.648773,-34.393679],[-58.64886,-34.393679],[-58.648876,-34.393677],[-58.648893,-34.393671],[-58.648907,-34.393658],[-58.648913,-34.393629],[-58.64887,-34.393562],[-58.648865,-34.393532],[-58.648866,-34.393497],[-58.648871,-34.393472],[-58.648476,-34.393452]]]}},{"type":"Feature","properties":{"partida":"057111961","cca":"057030P00000000000000000400000000000036000","tipo":"Urbano","sup_m2":927.2},"geometry":{"type":"Polygon","coordinates":[[[-58.64903,-34.393285],[-58.648506,-34.393256],[-58.648477,-34.393396],[-58.648476,-34.393452],[-58.648871,-34.393472],[-58.648886,-34.393444],[-58.648908,-34.393416],[-58.648977,-34.393355],[-58.649008,-34.393318],[-58.64903,-34.393285]]]}},{"type":"Feature","properties":{"partida":"057111962","cca":"057030P00000000000000000400000000000037000","tipo":"Urbano","sup_m2":1070.2},"geometry":{"type":"Polygon","coordinates":[[[-58.64903,-34.393285],[-58.649047,-34.393256],[-58.649077,-34.393185],[-58.649094,-34.393098],[-58.648549,-34.393061],[-58.648534,-34.393153],[-58.648506,-34.393256],[-58.64903,-34.393285]]]}},{"type":"Feature","properties":{"partida":"057111963","cca":"057030P00000000000000000400000000000038000","tipo":"Urbano","sup_m2":1081.2},"geometry":{"type":"Polygon","coordinates":[[[-58.648578,-34.392866],[-58.648568,-34.392939],[-58.648566,-34.392982],[-58.648549,-34.393061],[-58.649094,-34.393098],[-58.649107,-34.393019],[-58.649114,-34.392905],[-58.648578,-34.392866]]]}},{"type":"Feature","properties":{"partida":"057111964","cca":"057030P00000000000000000400000000000039000","tipo":"Urbano","sup_m2":1034.8},"geometry":{"type":"Polygon","coordinates":[[[-58.648587,-34.392674],[-58.648585,-34.39277],[-58.648578,-34.392866],[-58.649114,-34.392905],[-58.649114,-34.392877],[-58.649102,-34.392749],[-58.649093,-34.392708],[-58.648587,-34.392674]]]}},{"type":"Feature","properties":{"partida":"057111965","cca":"057030P00000000000000000400000000000040000","tipo":"Urbano","sup_m2":991.7},"geometry":{"type":"Polygon","coordinates":[[[-58.649093,-34.392708],[-58.649079,-34.392583],[-58.649077,-34.392508],[-58.648585,-34.392481],[-58.648587,-34.392674],[-58.649093,-34.392708]]]}},{"type":"Feature","properties":{"partida":"057111966","cca":"057030P00000000000000000400000000000041000","tipo":"Urbano","sup_m2":1008.6},"geometry":{"type":"Polygon","coordinates":[[[-58.649092,-34.39231],[-58.648589,-34.392285],[-58.648579,-34.392378],[-58.648585,-34.392481],[-58.649077,-34.392508],[-58.64908,-34.392421],[-58.649092,-34.39231]]]}},{"type":"Feature","properties":{"partida":"057111967","cca":"057030P00000000000000000400000000000042000","tipo":"Urbano","sup_m2":1005.6},"geometry":{"type":"Polygon","coordinates":[[[-58.649092,-34.39231],[-58.649107,-34.392229],[-58.649136,-34.392115],[-58.648635,-34.392091],[-58.648615,-34.39216],[-58.648589,-34.392285],[-58.649092,-34.39231]]]}},{"type":"Feature","properties":{"partida":"057111968","cca":"057030P00000000000000000400000000000043000","tipo":"Urbano","sup_m2":1088.0},"geometry":{"type":"Polygon","coordinates":[[[-58.648735,-34.391854],[-58.648669,-34.391994],[-58.648635,-34.392091],[-58.649136,-34.392115],[-58.649171,-34.392012],[-58.649174,-34.391972],[-58.649167,-34.39195],[-58.649153,-34.391932],[-58.649131,-34.391914],[-58.64911,-34.391905],[-58.649079,-34.391899],[-58.64891,-34.391884],[-58.648735,-34.391854]]]}},{"type":"Feature","properties":{"partida":"057111969","cca":"057030P00000000000000000400000000000044000","tipo":"Urbano","sup_m2":975.3},"geometry":{"type":"Polygon","coordinates":[[[-58.648635,-34.392091],[-58.648669,-34.391994],[-58.648735,-34.391854],[-58.648704,-34.391846],[-58.648655,-34.391842],[-58.648559,-34.391842],[-58.648517,-34.391847],[-58.648458,-34.391859],[-58.648409,-34.391875],[-58.648334,-34.391908],[-58.648277,-34.391941],[-58.648227,-34.391979],[-58.648182,-34.392025],[-58.648159,-34.392063],[-58.648635,-34.392091]]]}},{"type":"Feature","properties":{"partida":"057111970","cca":"057030P00000000000000000400000000000045000","tipo":"Urbano","sup_m2":973.8},"geometry":{"type":"Polygon","coordinates":[[[-58.648105,-34.392253],[-58.648589,-34.392285],[-58.648615,-34.39216],[-58.648635,-34.392091],[-58.648159,-34.392063],[-58.648129,-34.392109],[-58.648118,-34.392142],[-58.648105,-34.392214],[-58.648105,-34.392253]]]}},{"type":"Feature","properties":{"partida":"057111971","cca":"057030P00000000000000000400000000000046000","tipo":"Urbano","sup_m2":949.2},"geometry":{"type":"Polygon","coordinates":[[[-58.648105,-34.392253],[-58.648103,-34.392329],[-58.648109,-34.392445],[-58.648585,-34.392481],[-58.648579,-34.392378],[-58.648589,-34.392285],[-58.648105,-34.392253]]]}},{"type":"Feature","properties":{"partida":"057111972","cca":"057030P00000000000000000400000000000047000","tipo":"Urbano","sup_m2":946.5},"geometry":{"type":"Polygon","coordinates":[[[-58.648107,-34.392643],[-58.648587,-34.392674],[-58.648585,-34.392481],[-58.648109,-34.392445],[-58.648114,-34.392553],[-58.648107,-34.392643]]]}},{"type":"Feature","properties":{"partida":"057111973","cca":"057030P00000000000000000400000000000048000","tipo":"Urbano","sup_m2":959.0},"geometry":{"type":"Polygon","coordinates":[[[-58.648107,-34.392643],[-58.648101,-34.392753],[-58.648091,-34.392839],[-58.648578,-34.392866],[-58.648585,-34.39277],[-58.648587,-34.392674],[-58.648107,-34.392643]]]}},{"type":"Feature","properties":{"partida":"057111974","cca":"057030P00000000000000000400000000000049000","tipo":"Urbano","sup_m2":982.4},"geometry":{"type":"Polygon","coordinates":[[[-58.648062,-34.393035],[-58.648549,-34.393061],[-58.648566,-34.392982],[-58.648568,-34.392939],[-58.648578,-34.392866],[-58.648091,-34.392839],[-58.648062,-34.393035]]]}},{"type":"Feature","properties":{"partida":"057111975","cca":"057030P00000000000000000400000000000050000","tipo":"Urbano","sup_m2":953.8},"geometry":{"type":"Polygon","coordinates":[[[-58.648043,-34.393226],[-58.648506,-34.393256],[-58.648534,-34.393153],[-58.648549,-34.393061],[-58.648062,-34.393035],[-58.648044,-34.393179],[-58.648043,-34.393226]]]}},{"type":"Feature","properties":{"partida":"057111976","cca":"057030P00000000000000000400000000000051000","tipo":"Urbano","sup_m2":874.7},"geometry":{"type":"Polygon","coordinates":[[[-58.648077,-34.393424],[-58.648476,-34.393452],[-58.648477,-34.393396],[-58.648506,-34.393256],[-58.648043,-34.393226],[-58.648045,-34.39332],[-58.64807,-34.39341],[-58.648077,-34.393424]]]}},{"type":"Feature","properties":{"partida":"057111977","cca":"057030P00000000000000000400000000000052000","tipo":"Urbano","sup_m2":868.1},"geometry":{"type":"Polygon","coordinates":[[[-58.648498,-34.393693],[-58.648485,-34.39362],[-58.648474,-34.393526],[-58.648476,-34.393452],[-58.648077,-34.393424],[-58.648101,-34.393467],[-58.648131,-34.393509],[-58.648195,-34.393582],[-58.64821,-34.393614],[-58.648216,-34.393646],[-58.648212,-34.393702],[-58.648223,-34.393718],[-58.648237,-34.393726],[-58.648248,-34.393728],[-58.648436,-34.393699],[-58.648498,-34.393693]]]}},{"type":"Feature","properties":{"partida":"057111978","cca":"057030P00000000000000000400000000000053000","tipo":"Urbano","sup_m2":1201.7},"geometry":{"type":"Polygon","coordinates":[[[-58.647403,-34.393742],[-58.647438,-34.393825],[-58.647469,-34.393886],[-58.647501,-34.393941],[-58.647574,-34.394034],[-58.647721,-34.393963],[-58.647874,-34.393901],[-58.6479,-34.393885],[-58.647918,-34.393864],[-58.647924,-34.393841],[-58.647922,-34.393814],[-58.647915,-34.393799],[-58.647871,-34.39376],[-58.647847,-34.393732],[-58.647833,-34.3937],[-58.647828,-34.39366],[-58.647403,-34.393742]]]}},{"type":"Feature","properties":{"partida":"057111979","cca":"057030P00000000000000000400000000000054000","tipo":"Urbano","sup_m2":1222.9},"geometry":{"type":"Polygon","coordinates":[[[-58.647403,-34.393742],[-58.647828,-34.39366],[-58.647832,-34.393633],[-58.647864,-34.393527],[-58.647867,-34.39348],[-58.647865,-34.393432],[-58.647321,-34.39349],[-58.647373,-34.39366],[-58.647403,-34.393742]]]}},{"type":"Feature","properties":{"partida":"057111980","cca":"057030P00000000000000000400000000000055000","tipo":"Urbano","sup_m2":1122.7},"geometry":{"type":"Polygon","coordinates":[[[-58.647274,-34.393288],[-58.647281,-34.393329],[-58.647321,-34.39349],[-58.647865,-34.393432],[-58.647851,-34.393282],[-58.647852,-34.393247],[-58.647274,-34.393288]]]}},{"type":"Feature","properties":{"partida":"057111981","cca":"057030P00000000000000000400000000000056000","tipo":"Urbano","sup_m2":1154.3},"geometry":{"type":"Polygon","coordinates":[[[-58.647274,-34.393288],[-58.647852,-34.393247],[-58.647852,-34.393195],[-58.647838,-34.393105],[-58.647828,-34.393064],[-58.647248,-34.393087],[-58.647256,-34.393169],[-58.647274,-34.393288]]]}},{"type":"Feature","properties":{"partida":"057111982","cca":"057030P00000000000000000400000000000057000","tipo":"Urbano","sup_m2":1114.5},"geometry":{"type":"Polygon","coordinates":[[[-58.647787,-34.392885],[-58.647239,-34.39288],[-58.647239,-34.392948],[-58.647248,-34.393087],[-58.647828,-34.393064],[-58.647801,-34.392965],[-58.647787,-34.392885]]]}},{"type":"Feature","properties":{"partida":"057111983","cca":"057030P00000000000000000400000000000058000","tipo":"Urbano","sup_m2":1073.4},"geometry":{"type":"Polygon","coordinates":[[[-58.647787,-34.392885],[-58.64778,-34.392816],[-58.647788,-34.392704],[-58.647242,-34.392674],[-58.647239,-34.39288],[-58.647787,-34.392885]]]}},{"type":"Feature","properties":{"partida":"057111984","cca":"057030P00000000000000000400000000000059000","tipo":"Urbano","sup_m2":1126.1},"geometry":{"type":"Polygon","coordinates":[[[-58.647264,-34.392471],[-58.647253,-34.392554],[-58.647242,-34.392674],[-58.647788,-34.392704],[-58.647818,-34.392587],[-58.647845,-34.392519],[-58.647264,-34.392471]]]}},{"type":"Feature","properties":{"partida":"057111985","cca":"057030P00000000000000000400000000000060000","tipo":"Urbano","sup_m2":1209.1},"geometry":{"type":"Polygon","coordinates":[[[-58.647264,-34.392471],[-58.647845,-34.392519],[-58.64787,-34.39246],[-58.647893,-34.392383],[-58.647904,-34.392333],[-58.647297,-34.39227],[-58.647264,-34.392471]]]}},{"type":"Feature","properties":{"partida":"057111986","cca":"057030P00000000000000000400000000000061000","tipo":"Urbano","sup_m2":1651.7},"geometry":{"type":"Polygon","coordinates":[[[-58.64774,-34.391999],[-58.647582,-34.392019],[-58.647474,-34.392036],[-58.647412,-34.39206],[-58.647383,-34.392081],[-58.647357,-34.392105],[-58.647337,-34.39213],[-58.647323,-34.392155],[-58.647297,-34.39227],[-58.647904,-34.392333],[-58.647923,-34.392143],[-58.647923,-34.392114],[-58.647912,-34.39208],[-58.647889,-34.392047],[-58.647862,-34.392026],[-58.647828,-34.392009],[-58.647775,-34.391998],[-58.64774,-34.391999]]]}},{"type":"Feature","properties":{"partida":"057111987","cca":"057030P00000000000000000400000000000062000","tipo":"Urbano","sup_m2":1497.7},"geometry":{"type":"Polygon","coordinates":[[[-58.648317,-34.39074],[-58.647762,-34.390585],[-58.647731,-34.390662],[-58.64772,-34.39072],[-58.647724,-34.390749],[-58.647737,-34.390785],[-58.647757,-34.390819],[-58.647786,-34.390845],[-58.647977,-34.39095],[-58.648006,-34.390961],[-58.648064,-34.39097],[-58.648092,-34.390971],[-58.648127,-34.390967],[-58.64816,-34.390958],[-58.6482,-34.390939],[-58.648229,-34.390921],[-58.648256,-34.390894],[-58.648274,-34.390869],[-58.648288,-34.390832],[-58.648317,-34.39074]]]}},{"type":"Feature","properties":{"partida":"057111988","cca":"057030P00000000000000000400000000000063000","tipo":"Urbano","sup_m2":1090.3},"geometry":{"type":"Polygon","coordinates":[[[-58.648395,-34.390557],[-58.647824,-34.390422],[-58.647762,-34.390585],[-58.648317,-34.39074],[-58.648349,-34.390654],[-58.648395,-34.390557]]]}},{"type":"Feature","properties":{"partida":"057111989","cca":"057030P00000000000000000400000000000064000","tipo":"Urbano","sup_m2":1164.0},"geometry":{"type":"Polygon","coordinates":[[[-58.648501,-34.390378],[-58.647882,-34.390252],[-58.647824,-34.390422],[-58.648395,-34.390557],[-58.648501,-34.390378]]]}},{"type":"Feature","properties":{"partida":"057111990","cca":"057030P00000000000000000400000000000065000","tipo":"Urbano","sup_m2":1211.7},"geometry":{"type":"Polygon","coordinates":[[[-58.648501,-34.390378],[-58.648531,-34.390325],[-58.648581,-34.390201],[-58.647936,-34.390081],[-58.647882,-34.390252],[-58.648501,-34.390378]]]}},{"type":"Feature","properties":{"partida":"057111991","cca":"057030P00000000000000000400000000000066000","tipo":"Urbano","sup_m2":1252.6},"geometry":{"type":"Polygon","coordinates":[[[-58.648631,-34.390013],[-58.647985,-34.389909],[-58.647936,-34.390081],[-58.648581,-34.390201],[-58.648613,-34.390119],[-58.648624,-34.390078],[-58.648631,-34.390013]]]}},{"type":"Feature","properties":{"partida":"057111992","cca":"057030P00000000000000000400000000000067000","tipo":"Urbano","sup_m2":1239.2},"geometry":{"type":"Polygon","coordinates":[[[-58.648033,-34.38972],[-58.647985,-34.389909],[-58.648631,-34.390013],[-58.648622,-34.389929],[-58.648608,-34.389877],[-58.64859,-34.389833],[-58.648583,-34.389799],[-58.648033,-34.38972]]]}},{"type":"Feature","properties":{"partida":"057111993","cca":"057030P00000000000000000400000000000068000","tipo":"Urbano","sup_m2":1294.3},"geometry":{"type":"Polygon","coordinates":[[[-58.648595,-34.389729],[-58.648629,-34.389677],[-58.648634,-34.389663],[-58.648635,-34.389629],[-58.648611,-34.389594],[-58.648566,-34.389571],[-58.648475,-34.389552],[-58.648077,-34.389498],[-58.648033,-34.38972],[-58.648583,-34.389799],[-58.648581,-34.389776],[-58.648595,-34.389729]]]}},{"type":"Feature","properties":{"partida":"057111994","cca":"057030P00000000000000000400000000000069000","tipo":"Urbano","sup_m2":874.0},"geometry":{"type":"Polygon","coordinates":[[[-58.649026,-34.38978],[-58.649013,-34.389835],[-58.649,-34.38987],[-58.648946,-34.389935],[-58.648933,-34.389958],[-58.649354,-34.390038],[-58.649357,-34.390011],[-58.649381,-34.389903],[-58.649404,-34.389829],[-58.649159,-34.38977],[-58.649078,-34.38976],[-58.649048,-34.389765],[-58.649026,-34.38978]]]}},{"type":"Feature","properties":{"partida":"057111995","cca":"057030P00000000000000000400000000000070000","tipo":"Urbano","sup_m2":983.4},"geometry":{"type":"Polygon","coordinates":[[[-58.649306,-34.390246],[-58.649325,-34.390181],[-58.649354,-34.390038],[-58.648933,-34.389958],[-58.64891,-34.389994],[-58.648888,-34.390042],[-58.648854,-34.390159],[-58.649306,-34.390246]]]}},{"type":"Feature","properties":{"partida":"057111996","cca":"057030P00000000000000000400000000000071000","tipo":"Urbano","sup_m2":930.7},"geometry":{"type":"Polygon","coordinates":[[[-58.648782,-34.390346],[-58.649242,-34.390434],[-58.649269,-34.390368],[-58.649306,-34.390246],[-58.648854,-34.390159],[-58.648829,-34.390236],[-58.648782,-34.390346]]]}},{"type":"Feature","properties":{"partida":"057111997","cca":"057030P00000000000000000400000000000072000","tipo":"Urbano","sup_m2":957.3},"geometry":{"type":"Polygon","coordinates":[[[-58.648688,-34.390527],[-58.649159,-34.390621],[-58.649216,-34.390503],[-58.649242,-34.390434],[-58.648782,-34.390346],[-58.648721,-34.39047],[-58.648688,-34.390527]]]}},{"type":"Feature","properties":{"partida":"057111998","cca":"057030P00000000000000000400000000000073000","tipo":"Urbano","sup_m2":965.6},"geometry":{"type":"Polygon","coordinates":[[[-58.649159,-34.390621],[-58.648688,-34.390527],[-58.64861,-34.390659],[-58.648587,-34.390708],[-58.649062,-34.390799],[-58.649159,-34.390621]]]}},{"type":"Feature","properties":{"partida":"057111999","cca":"057030P00000000000000000400000000000074000","tipo":"Urbano","sup_m2":959.9},"geometry":{"type":"Polygon","coordinates":[[[-58.648978,-34.390985],[-58.649025,-34.390872],[-58.649062,-34.390799],[-58.648587,-34.390708],[-58.648557,-34.390778],[-58.648537,-34.390836],[-58.64852,-34.390897],[-58.648978,-34.390985]]]}},{"type":"Feature","properties":{"partida":"057112000","cca":"057030P00000000000000000400000000000075000","tipo":"Urbano","sup_m2":912.3},"geometry":{"type":"Polygon","coordinates":[[[-58.64852,-34.390897],[-58.648496,-34.391019],[-58.64849,-34.391088],[-58.64893,-34.391177],[-58.648944,-34.391107],[-58.648978,-34.390985],[-58.64852,-34.390897]]]}},{"type":"Feature","properties":{"partida":"057112001","cca":"057030P00000000000000000400000000000076000","tipo":"Urbano","sup_m2":984.8},"geometry":{"type":"Polygon","coordinates":[[[-58.64849,-34.391088],[-58.648488,-34.391157],[-58.648491,-34.391188],[-58.648505,-34.391223],[-58.648542,-34.391281],[-58.64857,-34.39131],[-58.648595,-34.391329],[-58.64864,-34.391355],[-58.648678,-34.391371],[-58.648717,-34.391381],[-58.64876,-34.391388],[-58.648923,-34.391403],[-58.648918,-34.391314],[-58.64893,-34.391177],[-58.64849,-34.391088]]]}},{"type":"Feature","properties":{"partida":"057112002","cca":"057030P00000000000000000400000000000077000","tipo":"Urbano","sup_m2":1062.3},"geometry":{"type":"Polygon","coordinates":[[[-58.649401,-34.391266],[-58.64893,-34.391177],[-58.648918,-34.391314],[-58.648923,-34.391403],[-58.649038,-34.391421],[-58.649259,-34.391474],[-58.649286,-34.391476],[-58.649316,-34.391472],[-58.649345,-34.391458],[-58.649368,-34.391439],[-58.649383,-34.391415],[-58.649389,-34.39139],[-58.649401,-34.391266]]]}},{"type":"Feature","properties":{"partida":"057112003","cca":"057030P00000000000000000400000000000078000","tipo":"Urbano","sup_m2":956.3},"geometry":{"type":"Polygon","coordinates":[[[-58.649443,-34.391076],[-58.648978,-34.390985],[-58.648944,-34.391107],[-58.64893,-34.391177],[-58.649401,-34.391266],[-58.649443,-34.391076]]]}},{"type":"Feature","properties":{"partida":"057112004","cca":"057030P00000000000000000400000000000079000","tipo":"Urbano","sup_m2":947.1},"geometry":{"type":"Polygon","coordinates":[[[-58.649517,-34.390889],[-58.649062,-34.390799],[-58.649025,-34.390872],[-58.648978,-34.390985],[-58.649443,-34.391076],[-58.649463,-34.391012],[-58.649517,-34.390889]]]}},{"type":"Feature","properties":{"partida":"057112005","cca":"057030P0000000000000000040000000000008000A","tipo":"Urbano","sup_m2":1918.2},"geometry":{"type":"Polygon","coordinates":[[[-58.649242,-34.390434],[-58.649216,-34.390503],[-58.649159,-34.390621],[-58.649062,-34.390799],[-58.649517,-34.390889],[-58.649558,-34.39081],[-58.649621,-34.390708],[-58.6497,-34.390595],[-58.649723,-34.390556],[-58.649735,-34.390527],[-58.649242,-34.390434]]]}},{"type":"Feature","properties":{"partida":"057112007","cca":"057030P00000000000000000400000000000082000","tipo":"Urbano","sup_m2":1000.9},"geometry":{"type":"Polygon","coordinates":[[[-58.649735,-34.390527],[-58.649751,-34.390484],[-58.649778,-34.390382],[-58.649783,-34.390333],[-58.649306,-34.390246],[-58.649269,-34.390368],[-58.649242,-34.390434],[-58.649735,-34.390527]]]}},{"type":"Feature","properties":{"partida":"057112008","cca":"057030P00000000000000000400000000000083000","tipo":"Urbano","sup_m2":964.9},"geometry":{"type":"Polygon","coordinates":[[[-58.649743,-34.390112],[-58.649354,-34.390038],[-58.649325,-34.390181],[-58.649306,-34.390246],[-58.649783,-34.390333],[-58.649781,-34.39025],[-58.649772,-34.390206],[-58.649743,-34.390112]]]}},{"type":"Feature","properties":{"partida":"057112009","cca":"057030P00000000000000000400000000000084000","tipo":"Urbano","sup_m2":867.9},"geometry":{"type":"Polygon","coordinates":[[[-58.649743,-34.390112],[-58.649733,-34.390065],[-58.649738,-34.390033],[-58.649749,-34.390003],[-58.649802,-34.389939],[-58.649804,-34.389919],[-58.649799,-34.389906],[-58.649781,-34.389892],[-58.649763,-34.389887],[-58.649554,-34.389859],[-58.649404,-34.389829],[-58.649381,-34.389903],[-58.649357,-34.390011],[-58.649354,-34.390038],[-58.649743,-34.390112]]]}},{"type":"Feature","properties":{"partida":"057112010","cca":"057030P00000000000000000400000000000085000","tipo":"Urbano","sup_m2":1025.5},"geometry":{"type":"Polygon","coordinates":[[[-58.650079,-34.39016],[-58.650479,-34.39023],[-58.650474,-34.390179],[-58.650476,-34.390145],[-58.650485,-34.390095],[-58.650509,-34.390039],[-58.650537,-34.38999],[-58.650444,-34.389956],[-58.650365,-34.389936],[-58.650235,-34.389914],[-58.650203,-34.389915],[-58.650178,-34.389922],[-58.650148,-34.389938],[-58.650127,-34.389957],[-58.650113,-34.389983],[-58.65011,-34.390007],[-58.65012,-34.390063],[-58.650114,-34.3901],[-58.650099,-34.390135],[-58.650079,-34.39016]]]}},{"type":"Feature","properties":{"partida":"057112011","cca":"057030P00000000000000000400000000000086000","tipo":"Urbano","sup_m2":1135.8},"geometry":{"type":"Polygon","coordinates":[[[-58.650079,-34.39016],[-58.650015,-34.390248],[-58.649993,-34.3903],[-58.64998,-34.390345],[-58.649975,-34.390382],[-58.650461,-34.39047],[-58.650474,-34.390382],[-58.650478,-34.390328],[-58.650479,-34.39023],[-58.650079,-34.39016]]]}},{"type":"Feature","properties":{"partida":"057112012","cca":"057030P00000000000000000400000000000087000","tipo":"Urbano","sup_m2":1011.1},"geometry":{"type":"Polygon","coordinates":[[[-58.649975,-34.390382],[-58.649958,-34.390468],[-58.649942,-34.390517],[-58.649918,-34.390577],[-58.650407,-34.390664],[-58.650452,-34.390518],[-58.650461,-34.39047],[-58.649975,-34.390382]]]}},{"type":"Feature","properties":{"partida":"057112013","cca":"057030P00000000000000000400000000000088000","tipo":"Urbano","sup_m2":1096.0},"geometry":{"type":"Polygon","coordinates":[[[-58.650407,-34.390664],[-58.649918,-34.390577],[-58.649895,-34.390624],[-58.649834,-34.390725],[-58.649797,-34.390772],[-58.650307,-34.390861],[-58.650332,-34.390825],[-58.650378,-34.390732],[-58.650407,-34.390664]]]}},{"type":"Feature","properties":{"partida":"057112014","cca":"057030P00000000000000000400000000000089000","tipo":"Urbano","sup_m2":1026.5},"geometry":{"type":"Polygon","coordinates":[[[-58.650204,-34.39104],[-58.650227,-34.390993],[-58.650307,-34.390861],[-58.649797,-34.390772],[-58.649774,-34.390805],[-58.649727,-34.390886],[-58.649695,-34.39095],[-58.650204,-34.39104]]]}},{"type":"Feature","properties":{"partida":"057112015","cca":"057030P00000000000000000400000000000090000","tipo":"Urbano","sup_m2":1039.3},"geometry":{"type":"Polygon","coordinates":[[[-58.649695,-34.39095],[-58.649646,-34.391064],[-58.649623,-34.391141],[-58.650118,-34.391228],[-58.650133,-34.391187],[-58.650167,-34.391111],[-58.650204,-34.39104],[-58.649695,-34.39095]]]}},{"type":"Feature","properties":{"partida":"057112016","cca":"057030P00000000000000000400000000000091000","tipo":"Urbano","sup_m2":1047.0},"geometry":{"type":"Polygon","coordinates":[[[-58.649584,-34.391347],[-58.650048,-34.39143],[-58.650071,-34.391352],[-58.650118,-34.391228],[-58.649623,-34.391141],[-58.649611,-34.391184],[-58.649584,-34.391347]]]}},{"type":"Feature","properties":{"partida":"057112017","cca":"057030P00000000000000000400000000000092000","tipo":"Urbano","sup_m2":1112.5},"geometry":{"type":"Polygon","coordinates":[[[-58.649998,-34.391674],[-58.650005,-34.391611],[-58.650027,-34.391506],[-58.650048,-34.39143],[-58.649584,-34.391347],[-58.64958,-34.391487],[-58.649582,-34.391529],[-58.649589,-34.391552],[-58.649604,-34.391576],[-58.649624,-34.391592],[-58.649653,-34.391606],[-58.649881,-34.391656],[-58.649998,-34.391674]]]}},{"type":"Feature","properties":{"partida":"057112018","cca":"057030P00000000000000000400000000000093000","tipo":"Urbano","sup_m2":1121.2},"geometry":{"type":"Polygon","coordinates":[[[-58.650529,-34.391517],[-58.650048,-34.39143],[-58.650027,-34.391506],[-58.650005,-34.391611],[-58.649998,-34.391674],[-58.650065,-34.391683],[-58.650261,-34.391699],[-58.650403,-34.391701],[-58.650445,-34.391696],[-58.650476,-34.391679],[-58.6505,-34.391653],[-58.650509,-34.391624],[-58.650529,-34.391517]]]}},{"type":"Feature","properties":{"partida":"057112019","cca":"057030P00000000000000000400000000000094000","tipo":"Urbano","sup_m2":1054.0},"geometry":{"type":"Polygon","coordinates":[[[-58.650529,-34.391517],[-58.650572,-34.391367],[-58.650593,-34.391311],[-58.650118,-34.391228],[-58.650071,-34.391352],[-58.650048,-34.39143],[-58.650529,-34.391517]]]}},{"type":"Feature","properties":{"partida":"057112020","cca":"057030P00000000000000000400000000000095000","tipo":"Urbano","sup_m2":997.6},"geometry":{"type":"Polygon","coordinates":[[[-58.650688,-34.391122],[-58.650204,-34.39104],[-58.650167,-34.391111],[-58.650133,-34.391187],[-58.650118,-34.391228],[-58.650593,-34.391311],[-58.650617,-34.391257],[-58.650688,-34.391122]]]}},{"type":"Feature","properties":{"partida":"057112021","cca":"057030P00000000000000000400000000000096000","tipo":"Urbano","sup_m2":980.0},"geometry":{"type":"Polygon","coordinates":[[[-58.650307,-34.390861],[-58.650227,-34.390993],[-58.650204,-34.39104],[-58.650688,-34.391122],[-58.650742,-34.391037],[-58.650806,-34.390949],[-58.650307,-34.390861]]]}},{"type":"Feature","properties":{"partida":"057112022","cca":"057030P00000000000000000400000000000097000","tipo":"Urbano","sup_m2":1080.8},"geometry":{"type":"Polygon","coordinates":[[[-58.650407,-34.390664],[-58.650378,-34.390732],[-58.650332,-34.390825],[-58.650307,-34.390861],[-58.650806,-34.390949],[-58.650837,-34.390899],[-58.650863,-34.390838],[-58.650879,-34.390793],[-58.65089,-34.390748],[-58.650407,-34.390664]]]}},{"type":"Feature","properties":{"partida":"057112023","cca":"057030P00000000000000000400000000000098000","tipo":"Urbano","sup_m2":952.2},"geometry":{"type":"Polygon","coordinates":[[[-58.65089,-34.390748],[-58.650901,-34.390681],[-58.650901,-34.390637],[-58.650888,-34.390546],[-58.650461,-34.39047],[-58.650452,-34.390518],[-58.650407,-34.390664],[-58.65089,-34.390748]]]}},{"type":"Feature","properties":{"partida":"057112024","cca":"057030P00000000000000000400000000000099000","tipo":"Urbano","sup_m2":814.5},"geometry":{"type":"Polygon","coordinates":[[[-58.650888,-34.390546],[-58.650877,-34.3905],[-58.650857,-34.390437],[-58.650852,-34.390403],[-58.650856,-34.390376],[-58.650479,-34.39023],[-58.650478,-34.390328],[-58.650474,-34.390382],[-58.650461,-34.39047],[-58.650888,-34.390546]]]}},{"type":"Feature","properties":{"partida":"057112025","cca":"057030P00000000000000000400000000000100000","tipo":"Urbano","sup_m2":912.8},"geometry":{"type":"Polygon","coordinates":[[[-58.650928,-34.390279],[-58.650936,-34.390262],[-58.650934,-34.39024],[-58.650917,-34.390224],[-58.650854,-34.390196],[-58.650764,-34.390146],[-58.650716,-34.390112],[-58.650639,-34.390048],[-58.650569,-34.390004],[-58.650537,-34.38999],[-58.650509,-34.390039],[-58.650485,-34.390095],[-58.650476,-34.390145],[-58.650474,-34.390179],[-58.650479,-34.39023],[-58.650856,-34.390376],[-58.65087,-34.390339],[-58.65089,-34.390313],[-58.650928,-34.390279]]]}},{"type":"Feature","properties":{"partida":"057112026","cca":"057030P00000000000000000400000000000101000","tipo":"Urbano","sup_m2":904.2},"geometry":{"type":"Polygon","coordinates":[[[-58.651099,-34.390675],[-58.651501,-34.390768],[-58.651484,-34.390671],[-58.651459,-34.390559],[-58.651427,-34.390473],[-58.651396,-34.390439],[-58.65137,-34.390425],[-58.651342,-34.390419],[-58.651314,-34.390417],[-58.651276,-34.390425],[-58.651247,-34.390443],[-58.651202,-34.390494],[-58.651149,-34.390566],[-58.651113,-34.390636],[-58.651099,-34.390675]]]}},{"type":"Feature","properties":{"partida":"057112027","cca":"057030P00000000000000000400000000000102000","tipo":"Urbano","sup_m2":825.5},"geometry":{"type":"Polygon","coordinates":[[[-58.651058,-34.390853],[-58.651503,-34.390958],[-58.651511,-34.390913],[-58.651511,-34.390866],[-58.651507,-34.390806],[-58.651501,-34.390768],[-58.651099,-34.390675],[-58.651091,-34.390701],[-58.651076,-34.390785],[-58.651058,-34.390853]]]}},{"type":"Feature","properties":{"partida":"057112028","cca":"057030P00000000000000000400000000000103000","tipo":"Urbano","sup_m2":866.3},"geometry":{"type":"Polygon","coordinates":[[[-58.651058,-34.390853],[-58.651017,-34.39095],[-58.650979,-34.391018],[-58.651443,-34.391133],[-58.651472,-34.391064],[-58.651493,-34.391005],[-58.651503,-34.390958],[-58.651058,-34.390853]]]}},{"type":"Feature","properties":{"partida":"057112029","cca":"057030P00000000000000000400000000000104000","tipo":"Urbano","sup_m2":877.1},"geometry":{"type":"Polygon","coordinates":[[[-58.651443,-34.391133],[-58.650979,-34.391018],[-58.65091,-34.391112],[-58.650871,-34.391175],[-58.651338,-34.391289],[-58.651408,-34.391195],[-58.651443,-34.391133]]]}},{"type":"Feature","properties":{"partida":"057112030","cca":"057030P00000000000000000400000000000105000","tipo":"Urbano","sup_m2":880.9},"geometry":{"type":"Polygon","coordinates":[[[-58.650787,-34.39134],[-58.651245,-34.391455],[-58.651259,-34.391423],[-58.651302,-34.391345],[-58.651338,-34.391289],[-58.650871,-34.391175],[-58.650787,-34.39134]]]}},{"type":"Feature","properties":{"partida":"057112031","cca":"057030P00000000000000000400000000000106000","tipo":"Urbano","sup_m2":877.0},"geometry":{"type":"Polygon","coordinates":[[[-58.651194,-34.391625],[-58.651219,-34.39152],[-58.651245,-34.391455],[-58.650787,-34.39134],[-58.65074,-34.391464],[-58.650726,-34.391516],[-58.651194,-34.391625]]]}},{"type":"Feature","properties":{"partida":"057112032","cca":"057030P00000000000000000400000000000107000","tipo":"Urbano","sup_m2":953.4},"geometry":{"type":"Polygon","coordinates":[[[-58.650726,-34.391516],[-58.650708,-34.391603],[-58.650699,-34.391682],[-58.65071,-34.391712],[-58.650734,-34.391734],[-58.650771,-34.391751],[-58.650927,-34.391791],[-58.650966,-34.391796],[-58.651009,-34.391794],[-58.651048,-34.391784],[-58.651089,-34.391767],[-58.651122,-34.391746],[-58.651151,-34.39172],[-58.651177,-34.391683],[-58.651194,-34.391625],[-58.650726,-34.391516]]]}},{"type":"Feature","properties":{"partida":"057112033","cca":"057030P00000000000000000400000000000108000","tipo":"Urbano","sup_m2":4617.4},"geometry":{"type":"Polygon","coordinates":[[[-58.649404,-34.389829],[-58.649554,-34.389859],[-58.649781,-34.389892],[-58.649799,-34.389906],[-58.649804,-34.389919],[-58.649802,-34.389939],[-58.649789,-34.389956],[-58.649821,-34.389935],[-58.649862,-34.389917],[-58.6499,-34.389908],[-58.649928,-34.389907],[-58.649964,-34.38991],[-58.649992,-34.389915],[-58.650043,-34.389937],[-58.650063,-34.389951],[-58.6501,-34.389995],[-58.650113,-34.390023],[-58.65011,-34.390007],[-58.650113,-34.389983],[-58.650127,-34.389957],[-58.650148,-34.389938],[-58.650178,-34.389922],[-58.650203,-34.389915],[-58.650235,-34.389914],[-58.650291,-34.389923],[-58.650365,-34.389936],[-58.650444,-34.389956],[-58.650508,-34.389978],[-58.650569,-34.390004],[-58.650639,-34.390048],[-58.650716,-34.390112],[-58.650764,-34.390146],[-58.650854,-34.390196],[-58.650917,-34.390224],[-58.650934,-34.39024],[-58.650936,-34.390262],[-58.650928,-34.390279],[-58.650963,-34.390257],[-58.651002,-34.390246],[-58.651039,-34.39024],[-58.651111,-34.390246],[-58.651146,-34.390258],[-58.651179,-34.390277],[-58.651218,-34.390315],[-58.651234,-34.390344],[-58.65124,-34.390363],[-58.651242,-34.390416],[-58.651225,-34.390467],[-58.651247,-34.390443],[-58.651276,-34.390425],[-58.651314,-34.390417],[-58.651342,-34.390419],[-58.65137,-34.390425],[-58.651396,-34.390439],[-58.651427,-34.390473],[-58.651459,-34.390559],[-58.651484,-34.390671],[-58.651507,-34.390806],[-58.651511,-34.390913],[-58.651493,-34.391005],[-58.651472,-34.391064],[-58.651443,-34.391133],[-58.651408,-34.391195],[-58.651338,-34.391289],[-58.651302,-34.391345],[-58.651259,-34.391423],[-58.651219,-34.39152],[-58.65119,-34.39164],[-58.651177,-34.391683],[-58.651151,-34.39172],[-58.651122,-34.391746],[-58.651089,-34.391767],[-58.651048,-34.391784],[-58.651009,-34.391794],[-58.650966,-34.391796],[-58.650927,-34.391791],[-58.651072,-34.391835],[-58.651131,-34.391847],[-58.651186,-34.391848],[-58.651255,-34.391843],[-58.651315,-34.391827],[-58.651372,-34.391804],[-58.651439,-34.391757],[-58.651509,-34.391411],[-58.651525,-34.391351],[-58.65155,-34.39123],[-58.651558,-34.391169],[-58.651568,-34.391046],[-58.651567,-34.390923],[-58.651556,-34.3908],[-58.651547,-34.390739],[-58.651535,-34.390679],[-58.651503,-34.390558],[-58.651462,-34.39044],[-58.651415,-34.390322],[-58.651361,-34.390201],[-58.651148,-34.390206],[-58.651082,-34.390194],[-58.651018,-34.390177],[-58.650956,-34.390155],[-58.650896,-34.390129],[-58.65084,-34.390098],[-58.650787,-34.390063],[-58.650701,-34.389992],[-58.650661,-34.389964],[-58.650618,-34.389938],[-58.650571,-34.389917],[-58.650523,-34.389899],[-58.650458,-34.389879],[-58.650393,-34.389863],[-58.650304,-34.389847],[-58.650213,-34.389837],[-58.650145,-34.389834],[-58.649991,-34.389835],[-58.649864,-34.389832],[-58.649737,-34.389823],[-58.649569,-34.3898],[-58.649404,-34.389767],[-58.649243,-34.389723],[-58.648566,-34.389571],[-58.648611,-34.389594],[-58.648635,-34.389629],[-58.648634,-34.389663],[-58.648629,-34.389677],[-58.648604,-34.389713],[-58.648692,-34.389667],[-58.648726,-34.389653],[-58.648764,-34.389647],[-58.648803,-34.389644],[-58.648869,-34.389654],[-58.648891,-34.38966],[-58.648915,-34.389669],[-58.648946,-34.389686],[-58.648971,-34.389707],[-58.648993,-34.38973],[-58.649008,-34.389758],[-58.649018,-34.389807],[-58.649026,-34.38978],[-58.649048,-34.389765],[-58.649078,-34.38976],[-58.649159,-34.38977],[-58.649404,-34.389829]]]}},{"type":"Feature","properties":{"partida":"057111946","cca":"057030P00000000000000000400000000000109000","tipo":"Urbano","sup_m2":37674.9},"geometry":{"type":"Polygon","coordinates":[[[-58.651058,-34.390853],[-58.651076,-34.390785],[-58.651091,-34.390701],[-58.651113,-34.390636],[-58.651149,-34.390566],[-58.651202,-34.390494],[-58.651225,-34.390467],[-58.651242,-34.390416],[-58.651243,-34.390389],[-58.65124,-34.390363],[-58.651234,-34.390344],[-58.651218,-34.390315],[-58.651179,-34.390277],[-58.651146,-34.390258],[-58.651111,-34.390246],[-58.651039,-34.39024],[-58.651002,-34.390246],[-58.650963,-34.390257],[-58.650928,-34.390279],[-58.65089,-34.390313],[-58.65087,-34.390339],[-58.650861,-34.39036],[-58.650852,-34.390403],[-58.650857,-34.390437],[-58.650887,-34.390536],[-58.650901,-34.390637],[-58.650901,-34.390681],[-58.650879,-34.390793],[-58.650837,-34.390899],[-58.650706,-34.391093],[-58.650617,-34.391257],[-58.650572,-34.391367],[-58.650529,-34.391517],[-58.650509,-34.391624],[-58.6505,-34.391653],[-58.650476,-34.391679],[-58.650445,-34.391696],[-58.650403,-34.391701],[-58.650261,-34.391699],[-58.650065,-34.391683],[-58.649881,-34.391656],[-58.649779,-34.391635],[-58.649653,-34.391606],[-58.649624,-34.391592],[-58.649604,-34.391576],[-58.649589,-34.391552],[-58.649582,-34.391529],[-58.64958,-34.391487],[-58.649584,-34.391347],[-58.649611,-34.391184],[-58.649646,-34.391064],[-58.649695,-34.39095],[-58.649727,-34.390886],[-58.649774,-34.390805],[-58.649834,-34.390725],[-58.649895,-34.390624],[-58.649942,-34.390517],[-58.649958,-34.390468],[-58.649969,-34.390421],[-58.64998,-34.390345],[-58.649993,-34.3903],[-58.650015,-34.390248],[-58.650047,-34.390201],[-58.650099,-34.390135],[-58.650114,-34.3901],[-58.65012,-34.390063],[-58.650113,-34.390023],[-58.6501,-34.389995],[-58.650063,-34.389951],[-58.650043,-34.389937],[-58.649992,-34.389915],[-58.649964,-34.38991],[-58.649928,-34.389907],[-58.6499,-34.389908],[-58.649862,-34.389917],[-58.649821,-34.389935],[-58.649789,-34.389956],[-58.649768,-34.389976],[-58.649749,-34.390003],[-58.649738,-34.390033],[-58.649733,-34.390065],[-58.649738,-34.390101],[-58.649772,-34.390206],[-58.649781,-34.39025],[-58.649783,-34.390306],[-58.649778,-34.390382],[-58.649751,-34.390484],[-58.649723,-34.390556],[-58.6497,-34.390595],[-58.649639,-34.390679],[-58.649558,-34.39081],[-58.649517,-34.390889],[-58.649463,-34.391012],[-58.649443,-34.391076],[-58.649411,-34.391214],[-58.649401,-34.391266],[-58.649389,-34.39139],[-58.649383,-34.391415],[-58.649368,-34.391439],[-58.649345,-34.391458],[-58.649316,-34.391472],[-58.649286,-34.391476],[-58.649259,-34.391474],[-58.649038,-34.391421],[-58.648923,-34.391403],[-58.64876,-34.391388],[-58.648717,-34.391381],[-58.648678,-34.391371],[-58.64864,-34.391355],[-58.648595,-34.391329],[-58.64857,-34.39131],[-58.648542,-34.391281],[-58.648505,-34.391223],[-58.648491,-34.391188],[-58.648488,-34.391117],[-58.648496,-34.391019],[-58.64852,-34.390897],[-58.648537,-34.390836],[-58.648557,-34.390778],[-58.64861,-34.390659],[-58.648721,-34.39047],[-58.648754,-34.390407],[-58.648806,-34.390293],[-58.648829,-34.390236],[-58.648888,-34.390042],[-58.64891,-34.389994],[-58.648946,-34.389935],[-58.649,-34.38987],[-58.649013,-34.389835],[-58.649018,-34.389807],[-58.649008,-34.389758],[-58.648993,-34.38973],[-58.648971,-34.389707],[-58.648946,-34.389686],[-58.648915,-34.389669],[-58.648869,-34.389654],[-58.648803,-34.389644],[-58.648764,-34.389647],[-58.648726,-34.389653],[-58.648692,-34.389667],[-58.648604,-34.389713],[-58.648595,-34.389729],[-58.648581,-34.389776],[-58.64859,-34.389833],[-58.648614,-34.389896],[-58.648628,-34.389964],[-58.648631,-34.390003],[-58.648628,-34.390045],[-58.648613,-34.390119],[-58.648531,-34.390325],[-58.648395,-34.390557],[-58.648349,-34.390654],[-58.648332,-34.390694],[-58.648288,-34.390832],[-58.648274,-34.390869],[-58.648256,-34.390894],[-58.648229,-34.390921],[-58.6482,-34.390939],[-58.64816,-34.390958],[-58.648127,-34.390967],[-58.648092,-34.390971],[-58.648031,-34.390966],[-58.648006,-34.390961],[-58.648111,-34.391034],[-58.648152,-34.391068],[-58.648169,-34.391092],[-58.648186,-34.391128],[-58.648192,-34.391149],[-58.64819,-34.391241],[-58.648182,-34.391338],[-58.648171,-34.391401],[-58.648151,-34.391498],[-58.64813,-34.391579],[-58.648077,-34.391732],[-58.648001,-34.391908],[-58.64798,-34.391936],[-58.647954,-34.391958],[-58.647932,-34.391969],[-58.647907,-34.391977],[-58.64774,-34.391999],[-58.647775,-34.391998],[-58.647802,-34.392002],[-58.647828,-34.392009],[-58.647862,-34.392026],[-58.647889,-34.392047],[-58.647912,-34.39208],[-58.647923,-34.392114],[-58.647923,-34.392143],[-58.647904,-34.392333],[-58.647893,-34.392383],[-58.64787,-34.39246],[-58.647818,-34.392587],[-58.647798,-34.392661],[-58.647788,-34.392704],[-58.64778,-34.392816],[-58.647792,-34.392922],[-58.647838,-34.393105],[-58.647846,-34.393151],[-58.647852,-34.393195],[-58.647851,-34.393282],[-58.647865,-34.393432],[-58.647867,-34.39348],[-58.647864,-34.393527],[-58.647832,-34.393633],[-58.647828,-34.39366],[-58.647833,-34.3937],[-58.647847,-34.393732],[-58.647871,-34.39376],[-58.647895,-34.393781],[-58.647942,-34.393804],[-58.647975,-34.393813],[-58.648012,-34.393816],[-58.648053,-34.393813],[-58.648097,-34.393804],[-58.648126,-34.393791],[-58.648162,-34.393767],[-58.648189,-34.393739],[-58.648204,-34.393713],[-58.648216,-34.393673],[-58.648216,-34.393646],[-58.64821,-34.393614],[-58.648195,-34.393582],[-58.648131,-34.393509],[-58.648101,-34.393467],[-58.64807,-34.39341],[-58.648045,-34.39332],[-58.648042,-34.393276],[-58.648044,-34.393179],[-58.648094,-34.392817],[-58.648101,-34.392753],[-58.648114,-34.392553],[-58.648103,-34.392329],[-58.648105,-34.392214],[-58.648118,-34.392142],[-58.648129,-34.392109],[-58.648182,-34.392025],[-58.648227,-34.391979],[-58.648277,-34.391941],[-58.648334,-34.391908],[-58.648409,-34.391875],[-58.648458,-34.391859],[-58.648517,-34.391847],[-58.648559,-34.391842],[-58.648655,-34.391842],[-58.648704,-34.391846],[-58.648833,-34.391872],[-58.64891,-34.391884],[-58.649079,-34.391899],[-58.64911,-34.391905],[-58.649131,-34.391914],[-58.649153,-34.391932],[-58.649167,-34.39195],[-58.649174,-34.391972],[-58.649171,-34.392012],[-58.649136,-34.392115],[-58.649107,-34.392229],[-58.649092,-34.39231],[-58.64908,-34.392421],[-58.649077,-34.392508],[-58.649079,-34.392583],[-58.649087,-34.392664],[-58.649102,-34.392749],[-58.649114,-34.392877],[-58.649107,-34.393019],[-58.649077,-34.393185],[-58.649047,-34.393256],[-58.649008,-34.393318],[-58.648977,-34.393355],[-58.648908,-34.393416],[-58.648886,-34.393444],[-58.648871,-34.393472],[-58.648866,-34.393497],[-58.648865,-34.393532],[-58.64887,-34.393562],[-58.648884,-34.393587],[-58.648905,-34.393616],[-58.648924,-34.393633],[-58.648984,-34.393663],[-58.649032,-34.393671],[-58.649075,-34.393672],[-58.64911,-34.393666],[-58.649156,-34.39365],[-58.649192,-34.393626],[-58.649221,-34.393601],[-58.649243,-34.393567],[-58.649255,-34.393526],[-58.649254,-34.393492],[-58.649246,-34.393469],[-58.649239,-34.393436],[-58.649234,-34.393389],[-58.649235,-34.393315],[-58.649263,-34.393213],[-58.649299,-34.393053],[-58.649308,-34.392915],[-58.649303,-34.392768],[-58.649281,-34.392625],[-58.649277,-34.392554],[-58.649275,-34.392474],[-58.649278,-34.392399],[-58.649287,-34.39232],[-58.649298,-34.392248],[-58.649329,-34.392128],[-58.649355,-34.392054],[-58.649403,-34.391944],[-58.649428,-34.391912],[-58.649463,-34.391895],[-58.649504,-34.391888],[-58.649737,-34.391897],[-58.649919,-34.391917],[-58.650077,-34.391946],[-58.650228,-34.391979],[-58.65032,-34.392004],[-58.650348,-34.392017],[-58.650369,-34.392036],[-58.650383,-34.392055],[-58.65039,-34.392077],[-58.650386,-34.39211],[-58.650352,-34.392254],[-58.650335,-34.39239],[-58.650335,-34.39254],[-58.650359,-34.392738],[-58.650361,-34.392783],[-58.65036,-34.392835],[-58.65034,-34.39293],[-58.650304,-34.393022],[-58.650282,-34.393059],[-58.65022,-34.393143],[-58.650144,-34.393222],[-58.650122,-34.393273],[-58.650119,-34.393302],[-58.650127,-34.393347],[-58.65014,-34.393374],[-58.650162,-34.393401],[-58.650184,-34.39342],[-58.650228,-34.393442],[-58.650288,-34.393456],[-58.650332,-34.393457],[-58.650365,-34.39345],[-58.650409,-34.393435],[-58.650445,-34.393414],[-58.650473,-34.393387],[-58.650486,-34.393364],[-58.650503,-34.393328],[-58.650506,-34.39331],[-58.650502,-34.393259],[-58.65049,-34.393215],[-58.650487,-34.393106],[-58.650495,-34.393062],[-58.650535,-34.392932],[-58.650547,-34.392872],[-58.650553,-34.392804],[-58.650552,-34.392728],[-58.650536,-34.39262],[-58.650526,-34.392516],[-58.650535,-34.392339],[-58.650544,-34.392257],[-58.650556,-34.392205],[-58.650577,-34.392135],[-58.650597,-34.3921],[-58.650627,-34.39208],[-58.650656,-34.39207],[-58.650689,-34.392067],[-58.650809,-34.392071],[-58.650937,-34.392067],[-58.650999,-34.392067],[-58.651103,-34.39208],[-58.65115,-34.392095],[-58.651192,-34.392112],[-58.651252,-34.392144],[-58.651293,-34.392172],[-58.651325,-34.3922],[-58.651387,-34.392273],[-58.651439,-34.391757],[-58.651372,-34.391804],[-58.651315,-34.391827],[-58.651255,-34.391843],[-58.651186,-34.391848],[-58.651131,-34.391847],[-58.651072,-34.391835],[-58.650927,-34.391791],[-58.650771,-34.391751],[-58.650734,-34.391734],[-58.65071,-34.391712],[-58.650699,-34.391682],[-58.650708,-34.391603],[-58.650726,-34.391516],[-58.65074,-34.391464],[-58.650787,-34.39134],[-58.650871,-34.391175],[-58.65091,-34.391112],[-58.650979,-34.391018],[-58.651017,-34.39095],[-58.651058,-34.390853]]]}},{"type":"Feature","properties":{"partida":"057136851","cca":"057030P00000000000000000600000000000001000","tipo":"Urbano","sup_m2":1145.2},"geometry":{"type":"Polygon","coordinates":[[[-58.646232,-34.389805],[-58.646287,-34.389698],[-58.646303,-34.389659],[-58.646358,-34.389465],[-58.646408,-34.389229],[-58.646433,-34.389071],[-58.646447,-34.388953],[-58.646323,-34.38899],[-58.646308,-34.389093],[-58.646275,-34.389247],[-58.646245,-34.389348],[-58.646209,-34.389448],[-58.646167,-34.389546],[-58.646148,-34.389576],[-58.646064,-34.389683],[-58.646031,-34.389738],[-58.646042,-34.389723],[-58.646075,-34.389699],[-58.646116,-34.389689],[-58.646137,-34.389688],[-58.646159,-34.389692],[-58.646179,-34.389698],[-58.646197,-34.389708],[-58.646212,-34.389721],[-58.646224,-34.389735],[-58.646232,-34.389752],[-58.646236,-34.389769],[-58.646232,-34.389805]]]}},{"type":"Feature","properties":{"partida":"057120655","cca":"057030P00000000000000000700000000000001000","tipo":"Urbano","sup_m2":6235.2},"geometry":{"type":"Polygon","coordinates":[[[-58.646447,-34.388953],[-58.646428,-34.389111],[-58.646401,-34.389269],[-58.646367,-34.389426],[-58.646337,-34.389542],[-58.647118,-34.38969],[-58.647145,-34.389563],[-58.647167,-34.389435],[-58.647185,-34.389306],[-58.647198,-34.389178],[-58.647209,-34.388984],[-58.64721,-34.388855],[-58.647207,-34.388725],[-58.646447,-34.388953]]]}},{"type":"Feature","properties":{"partida":"057136852","cca":"057030P00000000000000000700000000000002000","tipo":"Urbano","sup_m2":9533.7},"geometry":{"type":"Polygon","coordinates":[[[-58.64624,-34.389785],[-58.646183,-34.389929],[-58.646122,-34.390067],[-58.645969,-34.390375],[-58.645963,-34.390405],[-58.645963,-34.39043],[-58.645977,-34.390566],[-58.645984,-34.390594],[-58.646006,-34.390632],[-58.646041,-34.390663],[-58.646087,-34.390682],[-58.64612,-34.390689],[-58.646488,-34.390707],[-58.646543,-34.3907],[-58.646622,-34.390682],[-58.646673,-34.390665],[-58.646745,-34.39063],[-58.64681,-34.390588],[-58.646849,-34.390555],[-58.647063,-34.389902],[-58.647118,-34.38969],[-58.646337,-34.389542],[-58.646303,-34.389659],[-58.646287,-34.389698],[-58.64624,-34.389785]]]}},{"type":"Feature","properties":{"partida":"057136831","cca":"057030P00000000000000000700000000000007000","tipo":"Urbano","sup_m2":3907.2},"geometry":{"type":"Polygon","coordinates":[[[-58.645595,-34.391053],[-58.64562,-34.391055],[-58.645511,-34.391038],[-58.645386,-34.391029],[-58.645298,-34.391028],[-58.64521,-34.391031],[-58.64508,-34.391045],[-58.644995,-34.391061],[-58.644776,-34.391117],[-58.644798,-34.391115],[-58.64482,-34.391117],[-58.64485,-34.391126],[-58.644877,-34.391142],[-58.644901,-34.391172],[-58.645127,-34.391836],[-58.645476,-34.391769],[-58.645491,-34.391131],[-58.645503,-34.391101],[-58.645526,-34.391076],[-58.645558,-34.39106],[-58.645595,-34.391053]]]}},{"type":"Feature","properties":{"partida":"057136857","cca":"057030P00000000000000000700000000000008000","tipo":"Urbano","sup_m2":10734.3},"geometry":{"type":"Polygon","coordinates":[[[-58.64562,-34.391055],[-58.645595,-34.391053],[-58.64557,-34.391056],[-58.645536,-34.39107],[-58.64551,-34.391092],[-58.645498,-34.391111],[-58.645491,-34.391131],[-58.645468,-34.392091],[-58.646239,-34.392188],[-58.646291,-34.392188],[-58.64634,-34.392174],[-58.646369,-34.392158],[-58.646393,-34.392137],[-58.646411,-34.392112],[-58.646423,-34.392085],[-58.646464,-34.391843],[-58.646501,-34.391662],[-58.646566,-34.391392],[-58.646596,-34.391297],[-58.646596,-34.391267],[-58.646584,-34.39124],[-58.64657,-34.391224],[-58.646552,-34.39121],[-58.646532,-34.391201],[-58.646509,-34.391195],[-58.64562,-34.391055]]]}},{"type":"Feature","properties":{"partida":"057136844","cca":"057030P00000000000000000700000000000009000","tipo":"Urbano","sup_m2":4577.5},"geometry":{"type":"Polygon","coordinates":[[[-58.646326,-34.392842],[-58.646333,-34.392877],[-58.646332,-34.392729],[-58.646348,-34.392672],[-58.646357,-34.392531],[-58.646369,-34.392485],[-58.646373,-34.392438],[-58.646387,-34.392392],[-58.646406,-34.392211],[-58.646426,-34.392071],[-58.646411,-34.392112],[-58.646393,-34.392137],[-58.646369,-34.392158],[-58.646325,-34.39218],[-58.646274,-34.392189],[-58.646239,-34.392188],[-58.645468,-34.392091],[-58.645417,-34.392534],[-58.645768,-34.392541],[-58.645796,-34.392544],[-58.645828,-34.392553],[-58.646272,-34.392776],[-58.646295,-34.392795],[-58.646313,-34.392817],[-58.646326,-34.392842]]]}},{"type":"Feature","properties":{"partida":"057136855","cca":"057030P00000000000000000700000000000010000","tipo":"Urbano","sup_m2":10874.7},"geometry":{"type":"Polygon","coordinates":[[[-58.646332,-34.392868],[-58.646326,-34.392842],[-58.646313,-34.392817],[-58.646295,-34.392795],[-58.646272,-34.392776],[-58.645828,-34.392553],[-58.645796,-34.392544],[-58.645768,-34.392541],[-58.645417,-34.392534],[-58.645413,-34.392616],[-58.645403,-34.392734],[-58.645388,-34.392831],[-58.645354,-34.392988],[-58.6453,-34.393162],[-58.645278,-34.393219],[-58.64517,-34.393448],[-58.645592,-34.393663],[-58.645618,-34.393674],[-58.645652,-34.393681],[-58.645694,-34.393682],[-58.646265,-34.393635],[-58.6463,-34.393629],[-58.646333,-34.393616],[-58.646361,-34.393598],[-58.646385,-34.393576],[-58.646407,-34.393535],[-58.646412,-34.393506],[-58.646409,-34.393476],[-58.646376,-34.393303],[-58.646357,-34.39317],[-58.646343,-34.393035],[-58.646332,-34.392868]]]}},{"type":"Feature","properties":{"partida":"057136832","cca":"057030P00000000000000000700000000000011000","tipo":"Urbano","sup_m2":7192.2},"geometry":{"type":"Polygon","coordinates":[[[-58.646454,-34.393654],[-58.646409,-34.393476],[-58.646412,-34.393506],[-58.646407,-34.393535],[-58.646385,-34.393576],[-58.646348,-34.393608],[-58.646317,-34.393623],[-58.646283,-34.393633],[-58.645694,-34.393682],[-58.645666,-34.393683],[-58.645631,-34.393677],[-58.645598,-34.393666],[-58.64517,-34.393448],[-58.64508,-34.393685],[-58.645025,-34.39376],[-58.644957,-34.393846],[-58.644929,-34.393893],[-58.644917,-34.393924],[-58.644913,-34.393945],[-58.644914,-34.393974],[-58.644924,-34.394002],[-58.64494,-34.394027],[-58.645173,-34.393812],[-58.645279,-34.393876],[-58.645347,-34.393902],[-58.645407,-34.39392],[-58.645454,-34.39394],[-58.645574,-34.394063],[-58.64573,-34.394109],[-58.64585,-34.394136],[-58.645972,-34.394157],[-58.646095,-34.394172],[-58.646177,-34.394179],[-58.646362,-34.394108],[-58.646634,-34.394361],[-58.646715,-34.394334],[-58.646657,-34.394223],[-58.646579,-34.394053],[-58.646526,-34.393871],[-58.646454,-34.393654]]]}},{"type":"Feature","properties":{"partida":"057136856","cca":"057030P00000000000000000700000000000012000","tipo":"Urbano","sup_m2":7648.5},"geometry":{"type":"Polygon","coordinates":[[[-58.646362,-34.394108],[-58.646177,-34.394179],[-58.646095,-34.394172],[-58.645972,-34.394157],[-58.64585,-34.394136],[-58.64573,-34.394109],[-58.645574,-34.394063],[-58.645454,-34.39394],[-58.645407,-34.39392],[-58.645347,-34.393902],[-58.645279,-34.393876],[-58.645173,-34.393812],[-58.64494,-34.394027],[-58.645038,-34.39415],[-58.64507,-34.394217],[-58.645184,-34.394383],[-58.645264,-34.39451],[-58.645339,-34.394639],[-58.645409,-34.39477],[-58.646634,-34.394361],[-58.646362,-34.394108]]]}},{"type":"Feature","properties":{"partida":"057136849","cca":"057030P00000000000000000800000000000001000","tipo":"Urbano","sup_m2":4659.4},"geometry":{"type":"Polygon","coordinates":[[[-58.645476,-34.391769],[-58.645127,-34.391836],[-58.645178,-34.391987],[-58.645231,-34.392173],[-58.645256,-34.392334],[-58.645264,-34.392455],[-58.645263,-34.392618],[-58.645247,-34.39278],[-58.645228,-34.392871],[-58.645214,-34.392916],[-58.645187,-34.392982],[-58.645142,-34.393066],[-58.644909,-34.393402],[-58.644828,-34.393502],[-58.644734,-34.393602],[-58.644692,-34.39363],[-58.644671,-34.393638],[-58.644641,-34.393645],[-58.644708,-34.393649],[-58.64474,-34.393657],[-58.644801,-34.393681],[-58.644852,-34.393716],[-58.644892,-34.393762],[-58.644916,-34.393813],[-58.644925,-34.393869],[-58.644917,-34.393924],[-58.644929,-34.393893],[-58.644949,-34.393857],[-58.64508,-34.393685],[-58.64517,-34.393448],[-58.645278,-34.393219],[-58.6453,-34.393162],[-58.645354,-34.392988],[-58.645388,-34.392831],[-58.645403,-34.392734],[-58.645413,-34.392616],[-58.645417,-34.392534],[-58.645468,-34.392091],[-58.645476,-34.391769]]]}},{"type":"Feature","properties":{"partida":"057145258","cca":"057030P00000000000000001000000000000019000","tipo":"Urbano","sup_m2":3796.1},"geometry":{"type":"Polygon","coordinates":[[[-58.644867,-34.389531],[-58.644826,-34.38954],[-58.644802,-34.389554],[-58.644787,-34.389567],[-58.644776,-34.389582],[-58.644767,-34.389605],[-58.644768,-34.38964],[-58.644989,-34.390145],[-58.644996,-34.390154],[-58.645012,-34.390164],[-58.645031,-34.390169],[-58.645051,-34.390168],[-58.645069,-34.390161],[-58.645155,-34.390106],[-58.645278,-34.390015],[-58.64539,-34.389916],[-58.645458,-34.389846],[-58.645521,-34.389772],[-58.645606,-34.389655],[-58.645622,-34.389616],[-58.645625,-34.389595],[-58.645617,-34.389554],[-58.645595,-34.389516],[-58.645559,-34.389487],[-58.645514,-34.389468],[-58.645464,-34.389462],[-58.645415,-34.38947],[-58.645274,-34.389504],[-58.645159,-34.389522],[-58.645014,-34.389533],[-58.644867,-34.389531]]]}},{"type":"Feature","properties":{"partida":"057063060","cca":"057030S00000000000000000100000000000011000","tipo":"Rural","sup_m2":1932.2},"geometry":{"type":"Polygon","coordinates":[[[-58.666357,-34.393526],[-58.666593,-34.393229],[-58.666246,-34.393039],[-58.665825,-34.393272],[-58.666357,-34.393526]]]}},{"type":"Feature","properties":{"partida":"057063061","cca":"057030S00000000000000000100000000000012000","tipo":"Urbano","sup_m2":2759.7},"geometry":{"type":"Polygon","coordinates":[[[-58.666092,-34.393859],[-58.666357,-34.393526],[-58.665825,-34.393272],[-58.665422,-34.393497],[-58.666092,-34.393859]]]}},{"type":"Feature","properties":{"partida":"057103180","cca":"057030S0000000000000000010000000000001300A","tipo":"Urbano","sup_m2":60.5},"geometry":{"type":"Polygon","coordinates":[[[-58.665636,-34.393613],[-58.665422,-34.393497],[-58.665442,-34.393518],[-58.665603,-34.393646],[-58.665636,-34.393613]]]}},{"type":"Feature","properties":{"partida":"057063062","cca":"057030S0000000000000000010000000000001300B","tipo":"Urbano","sup_m2":3502.9},"geometry":{"type":"Polygon","coordinates":[[[-58.666092,-34.393859],[-58.665636,-34.393613],[-58.665603,-34.393646],[-58.665442,-34.393518],[-58.665422,-34.393497],[-58.665,-34.393731],[-58.665833,-34.394185],[-58.666092,-34.393859]]]}},{"type":"Feature","properties":{"partida":"057063063","cca":"057030S00000000000000000100000000000014000","tipo":"Rural","sup_m2":5319.7},"geometry":{"type":"Polygon","coordinates":[[[-58.666593,-34.393229],[-58.665833,-34.394185],[-58.666217,-34.394394],[-58.666969,-34.393435],[-58.666593,-34.393229]]]}},{"type":"Feature","properties":{"partida":"057063064","cca":"057030S00000000000000000100000000000015000","tipo":"Rural","sup_m2":4949.6},"geometry":{"type":"Polygon","coordinates":[[[-58.666571,-34.394587],[-58.667323,-34.393629],[-58.666969,-34.393435],[-58.666217,-34.394394],[-58.666571,-34.394587]]]}},{"type":"Feature","properties":{"partida":"057076199","cca":"057030S0000000000000000050000000000000100C","tipo":"Urbano","sup_m2":18573.9},"geometry":{"type":"Polygon","coordinates":[[[-58.659917,-34.381206],[-58.6611,-34.380419],[-58.659502,-34.379579],[-58.659449,-34.379582],[-58.658777,-34.380028],[-58.659917,-34.381206]]]}},{"type":"Feature","properties":{"partida":"057100451","cca":"057030S0000000000000000050000000000000100D","tipo":"Urbano","sup_m2":15603.0},"geometry":{"type":"Polygon","coordinates":[[[-58.660597,-34.38191],[-58.662035,-34.380953],[-58.662033,-34.380922],[-58.6611,-34.380419],[-58.659917,-34.381206],[-58.660597,-34.38191]]]}},{"type":"Feature","properties":{"partida":"057076200","cca":"057030S00000000000000000500000000000002000","tipo":"Rural","sup_m2":39921.1},"geometry":{"type":"Polygon","coordinates":[[[-58.659325,-34.382755],[-58.660597,-34.38191],[-58.658777,-34.380028],[-58.657516,-34.380854],[-58.659325,-34.382755]]]}},{"type":"Feature","properties":{"partida":"057076201","cca":"057030S00000000000000000500000000000003000","tipo":"Rural","sup_m2":40378.3},"geometry":{"type":"Polygon","coordinates":[[[-58.659325,-34.382755],[-58.657516,-34.380854],[-58.656236,-34.381692],[-58.658052,-34.383601],[-58.659325,-34.382755]]]}},{"type":"Feature","properties":{"partida":"057076202","cca":"057030S00000000000000000500000000000004000","tipo":"Rural","sup_m2":40541.7},"geometry":{"type":"Polygon","coordinates":[[[-58.656236,-34.381692],[-58.654957,-34.38253],[-58.65678,-34.384447],[-58.658052,-34.383601],[-58.656236,-34.381692]]]}},{"type":"Feature","properties":{"partida":"057076203","cca":"057030S00000000000000000500000000000005000","tipo":"Rural","sup_m2":40710.2},"geometry":{"type":"Polygon","coordinates":[[[-58.653677,-34.383368],[-58.655508,-34.385293],[-58.65678,-34.384447],[-58.654957,-34.38253],[-58.653677,-34.383368]]]}},{"type":"Feature","properties":{"partida":"057076204","cca":"057030S0000000000000000050000000000000600A","tipo":"Urbano","sup_m2":18689.0},"geometry":{"type":"Polygon","coordinates":[[[-58.653645,-34.385363],[-58.654833,-34.384583],[-58.653677,-34.383368],[-58.653035,-34.383789],[-58.65302,-34.383831],[-58.653645,-34.385363]]]}},{"type":"Feature","properties":{"partida":"057118628","cca":"057030S0000000000000000050000000000000600B","tipo":"Urbano","sup_m2":15754.2},"geometry":{"type":"Polygon","coordinates":[[[-58.655508,-34.385293],[-58.654833,-34.384583],[-58.653645,-34.385363],[-58.654006,-34.386246],[-58.654042,-34.386255],[-58.655508,-34.385293]]]}},{"type":"Feature","properties":{"partida":"057018620","cca":"057030S00000000000000000600000000000001000","tipo":"Urbano","sup_m2":59385.4},"geometry":{"type":"Polygon","coordinates":[[[-58.655093,-34.380103],[-58.656352,-34.381423],[-58.659325,-34.379475],[-58.65755,-34.378495],[-58.655093,-34.380103]]]}},{"type":"Feature","properties":{"partida":"057076205","cca":"057030S00000000000000000600000000000002000","tipo":"Rural","sup_m2":68830.6},"geometry":{"type":"Polygon","coordinates":[[[-58.656352,-34.381423],[-58.655093,-34.380103],[-58.65229,-34.381937],[-58.652244,-34.382035],[-58.652878,-34.383578],[-58.653027,-34.383595],[-58.656352,-34.381423]]]}},{"type":"Feature","properties":{"partida":"057082004","cca":"057030S00000000000000000800000000000001000","tipo":"Rural","sup_m2":19353.8},"geometry":{"type":"Polygon","coordinates":[[[-58.662701,-34.38286],[-58.663564,-34.381808],[-58.662164,-34.381031],[-58.66141,-34.381534],[-58.662701,-34.38286]]]}},{"type":"Feature","properties":{"partida":"057082005","cca":"057030S00000000000000000800000000000002000","tipo":"Rural","sup_m2":15604.6},"geometry":{"type":"Polygon","coordinates":[[[-58.662701,-34.38286],[-58.66141,-34.381534],[-58.660753,-34.381959],[-58.662231,-34.383484],[-58.662701,-34.38286]]]}},{"type":"Feature","properties":{"partida":"057082006","cca":"057030S00000000000000000800000000000003000","tipo":"Rural","sup_m2":26095.4},"geometry":{"type":"Polygon","coordinates":[[[-58.663249,-34.38443],[-58.662742,-34.384012],[-58.660753,-34.381959],[-58.660157,-34.382349],[-58.662382,-34.384776],[-58.663249,-34.38443]]]}},{"type":"Feature","properties":{"partida":"057082007","cca":"057030S00000000000000000800000000000004000","tipo":"Rural","sup_m2":23733.3},"geometry":{"type":"Polygon","coordinates":[[[-58.659522,-34.382764],[-58.661688,-34.385052],[-58.662382,-34.384776],[-58.660157,-34.382349],[-58.659522,-34.382764]]]}},{"type":"Feature","properties":{"partida":"057082008","cca":"057030S00000000000000000800000000000005000","tipo":"Rural","sup_m2":23151.5},"geometry":{"type":"Polygon","coordinates":[[[-58.660905,-34.385347],[-58.661688,-34.385052],[-58.659522,-34.382764],[-58.65892,-34.383163],[-58.660905,-34.385347]]]}},{"type":"Feature","properties":{"partida":"057082009","cca":"057030S00000000000000000800000000000006000","tipo":"Rural","sup_m2":20425.4},"geometry":{"type":"Polygon","coordinates":[[[-58.658308,-34.383568],[-58.660219,-34.385594],[-58.660905,-34.385347],[-58.65892,-34.383163],[-58.658308,-34.383568]]]}},{"type":"Feature","properties":{"partida":"057082010","cca":"057030S00000000000000000800000000000007000","tipo":"Rural","sup_m2":21107.5},"geometry":{"type":"Polygon","coordinates":[[[-58.657659,-34.384003],[-58.659408,-34.385868],[-58.660219,-34.385594],[-58.658308,-34.383568],[-58.657659,-34.384003]]]}},{"type":"Feature","properties":{"partida":"057082011","cca":"057030S00000000000000000800000000000008000","tipo":"Rural","sup_m2":18880.0},"geometry":{"type":"Polygon","coordinates":[[[-58.658608,-34.386139],[-58.659408,-34.385868],[-58.657659,-34.384003],[-58.657033,-34.384421],[-58.658608,-34.386139]]]}},{"type":"Feature","properties":{"partida":"057082012","cca":"057030S00000000000000000800000000000009000","tipo":"Rural","sup_m2":16737.9},"geometry":{"type":"Polygon","coordinates":[[[-58.658051,-34.386537],[-58.658608,-34.386139],[-58.657033,-34.384421],[-58.656425,-34.384823],[-58.658051,-34.386537]]]}},{"type":"Feature","properties":{"partida":"057082013","cca":"057030S00000000000000000800000000000010000","tipo":"Rural","sup_m2":18283.5},"geometry":{"type":"Polygon","coordinates":[[[-58.657431,-34.386982],[-58.658051,-34.386537],[-58.656425,-34.384823],[-58.655788,-34.385235],[-58.657431,-34.386982]]]}},{"type":"Feature","properties":{"partida":"057064997","cca":"057030S0000000000000000080000000000001100A","tipo":"Rural","sup_m2":39829.2},"geometry":{"type":"Polygon","coordinates":[[[-58.65491,-34.38785],[-58.656955,-34.386479],[-58.655788,-34.385235],[-58.654117,-34.386338],[-58.654328,-34.387071],[-58.65491,-34.38785]]]}},{"type":"Feature","properties":{"partida":"057095019","cca":"057030S0000000000000000080000000000001100B","tipo":"Rural","sup_m2":17583.2},"geometry":{"type":"Polygon","coordinates":[[[-58.656955,-34.386479],[-58.65491,-34.38785],[-58.655315,-34.38841],[-58.657431,-34.386982],[-58.656955,-34.386479]]]}},{"type":"Feature","properties":{"partida":"057082014","cca":"057030S00000000000000000800000000000012000","tipo":"Rural","sup_m2":7528.9},"geometry":{"type":"Polygon","coordinates":[[[-58.665569,-34.38287],[-58.664787,-34.383882],[-58.665794,-34.383605],[-58.666663,-34.383457],[-58.665569,-34.38287]]]}},{"type":"Feature","properties":{"partida":"057082015","cca":"057030S00000000000000000800000000000013000","tipo":"Rural","sup_m2":15417.3},"geometry":{"type":"Polygon","coordinates":[[[-58.665569,-34.38287],[-58.664888,-34.382512],[-58.663249,-34.38443],[-58.664787,-34.383882],[-58.665569,-34.38287]]]}},{"type":"Feature","properties":{"partida":"057082016","cca":"057030S00000000000000000800000000000014000","tipo":"Rural","sup_m2":17639.8},"geometry":{"type":"Polygon","coordinates":[[[-58.664207,-34.38215],[-58.662742,-34.384012],[-58.663249,-34.38443],[-58.664888,-34.382512],[-58.664207,-34.38215]]]}},{"type":"Feature","properties":{"partida":"057082017","cca":"057030S00000000000000000800000000000015000","tipo":"Rural","sup_m2":16846.7},"geometry":{"type":"Polygon","coordinates":[[[-58.664207,-34.38215],[-58.663564,-34.381808],[-58.662701,-34.38286],[-58.662231,-34.383484],[-58.662742,-34.384012],[-58.664207,-34.38215]]]}},{"type":"Feature","properties":{"partida":"057071385","cca":"057030S0060000000000000000000000000000100A","tipo":"Urbano","sup_m2":132342.7},"geometry":{"type":"Polygon","coordinates":[[[-58.665742,-34.390865],[-58.667704,-34.389768],[-58.669771,-34.390853],[-58.670499,-34.390445],[-58.669078,-34.388995],[-58.665437,-34.387102],[-58.663498,-34.389659],[-58.665742,-34.390865]]]}},{"type":"Feature","properties":{"partida":"057071388","cca":"057030S00600000000000000000000000000004000","tipo":"Urbano","sup_m2":23057.3},"geometry":{"type":"Polygon","coordinates":[[[-58.664733,-34.391429],[-58.665742,-34.390865],[-58.663498,-34.389659],[-58.662898,-34.390449],[-58.664733,-34.391429]]]}},{"type":"Feature","properties":{"partida":"057071389","cca":"057030S00600000000000000000000000000005000","tipo":"Rural","sup_m2":19242.7},"geometry":{"type":"Polygon","coordinates":[[[-58.663658,-34.392029],[-58.664733,-34.391429],[-58.662898,-34.390449],[-58.662272,-34.391275],[-58.663658,-34.392029]]]}},{"type":"Feature","properties":{"partida":"057071390","cca":"057030S00600000000000000000000000000006000","tipo":"Rural","sup_m2":13394.4},"geometry":{"type":"Polygon","coordinates":[[[-58.663658,-34.392029],[-58.662272,-34.391275],[-58.661669,-34.39207],[-58.66266,-34.392587],[-58.663658,-34.392029]]]}},{"type":"Feature","properties":{"partida":"057071391","cca":"057030S0060000000000000000000000000000700A","tipo":"Urbano","sup_m2":21311.8},"geometry":{"type":"Polygon","coordinates":[[[-58.663658,-34.392029],[-58.66266,-34.392587],[-58.664154,-34.393367],[-58.665074,-34.393483],[-58.665694,-34.393136],[-58.663658,-34.392029]]]}},{"type":"Feature","properties":{"partida":"057071392","cca":"057030S00600000000000000000000000000008000","tipo":"Rural","sup_m2":24831.2},"geometry":{"type":"Polygon","coordinates":[[[-58.664733,-34.391429],[-58.663658,-34.392029],[-58.665694,-34.393136],[-58.666786,-34.392525],[-58.664733,-34.391429]]]}},{"type":"Feature","properties":{"partida":"057071393","cca":"057030S00600000000000000000000000000009000","tipo":"Rural","sup_m2":23014.2},"geometry":{"type":"Polygon","coordinates":[[[-58.665742,-34.390865],[-58.664733,-34.391429],[-58.666786,-34.392525],[-58.667787,-34.391964],[-58.665742,-34.390865]]]}}]}