{"type":"FeatureCollection","features":[{"type":"Feature","properties":{"partida":"357001280","cca":"357000100000000000000027800000000000005000","tipo":"Rural","sup_m2":32010.3},"geometry":{"type":"Polygon","coordinates":[[[-58.643596,-34.306371],[-58.640449,-34.306931],[-58.64109,-34.308049],[-58.643925,-34.307115],[-58.643759,-34.306819],[-58.643596,-34.306371]]]}},{"type":"Feature","properties":{"partida":"357001281","cca":"357000100000000000000027800000000000006000","tipo":"Rural","sup_m2":38415.2},"geometry":{"type":"Polygon","coordinates":[[[-58.64109,-34.308049],[-58.641846,-34.309368],[-58.644543,-34.307969],[-58.644449,-34.307927],[-58.644357,-34.30783],[-58.644281,-34.307803],[-58.644203,-34.307668],[-58.644196,-34.307535],[-58.643925,-34.307115],[-58.64109,-34.308049]]]}},{"type":"Feature","properties":{"partida":"357001282","cca":"35700010000000000000002780000000000000700A","tipo":"Rural","sup_m2":27860.1},"geometry":{"type":"Polygon","coordinates":[[[-58.641846,-34.309368],[-58.642442,-34.310407],[-58.6442,-34.309073],[-58.644055,-34.308941],[-58.644917,-34.308336],[-58.644543,-34.307969],[-58.641846,-34.309368]]]}},{"type":"Feature","properties":{"partida":"357001283","cca":"35700010000000000000002780000000000000700B","tipo":"Urbano","sup_m2":3996.6},"geometry":{"type":"Polygon","coordinates":[[[-58.644055,-34.308941],[-58.644337,-34.309203],[-58.645224,-34.308543],[-58.644917,-34.308336],[-58.644055,-34.308941]]]}},{"type":"Feature","properties":{"partida":"357001284","cca":"35700010000000000000002780000000000000700C","tipo":"Rural","sup_m2":39898.2},"geometry":{"type":"Polygon","coordinates":[[[-58.642671,-34.310806],[-58.642967,-34.311738],[-58.64553,-34.309228],[-58.645985,-34.308757],[-58.645671,-34.308641],[-58.645224,-34.308543],[-58.644337,-34.309203],[-58.6442,-34.309073],[-58.642442,-34.310407],[-58.642671,-34.310806]]]}},{"type":"Feature","properties":{"partida":"357001318","cca":"357000100000000000000027900000000000009000","tipo":"Rural","sup_m2":109259.8},"geometry":{"type":"Polygon","coordinates":[[[-58.641192,-34.308228],[-58.639995,-34.306139],[-58.63584,-34.307889],[-58.635855,-34.307937],[-58.635932,-34.307942],[-58.635969,-34.307958],[-58.635953,-34.307993],[-58.63592,-34.308024],[-58.63591,-34.308086],[-58.635898,-34.308112],[-58.635881,-34.308126],[-58.635887,-34.30815],[-58.635913,-34.308163],[-58.635983,-34.308233],[-58.635972,-34.308274],[-58.635967,-34.308386],[-58.636002,-34.308447],[-58.636025,-34.308498],[-58.636067,-34.30853],[-58.636084,-34.308547],[-58.636092,-34.308594],[-58.636119,-34.308604],[-58.636104,-34.308627],[-58.636078,-34.308641],[-58.636115,-34.308657],[-58.636147,-34.308683],[-58.636156,-34.308725],[-58.636151,-34.308758],[-58.636181,-34.308786],[-58.636187,-34.308826],[-58.636213,-34.308858],[-58.636268,-34.308874],[-58.63631,-34.308879],[-58.636296,-34.308936],[-58.636592,-34.309293],[-58.636623,-34.309341],[-58.636663,-34.309348],[-58.636691,-34.309344],[-58.636726,-34.309332],[-58.636757,-34.309282],[-58.636779,-34.30928],[-58.636816,-34.309293],[-58.636821,-34.309358],[-58.636946,-34.309428],[-58.637003,-34.309462],[-58.63701,-34.30951],[-58.637063,-34.309553],[-58.637065,-34.309604],[-58.63717,-34.309719],[-58.637312,-34.309817],[-58.637718,-34.309662],[-58.641192,-34.308228]]]}},{"type":"Feature","properties":{"partida":"357001319","cca":"35700010000000000000002790000000000001000D","tipo":"Rural","sup_m2":1248.1},"geometry":{"type":"Polygon","coordinates":[[[-58.638847,-34.316596],[-58.639012,-34.316437],[-58.638605,-34.316198],[-58.638358,-34.316369],[-58.638847,-34.316596]]]}},{"type":"Feature","properties":{"partida":"357001320","cca":"35700010000000000000002790000000000001000E","tipo":"Rural","sup_m2":56721.1},"geometry":{"type":"Polygon","coordinates":[[[-58.637603,-34.315835],[-58.637981,-34.31623],[-58.638358,-34.316369],[-58.638605,-34.316198],[-58.63902,-34.315928],[-58.639337,-34.316125],[-58.643194,-34.312454],[-58.643047,-34.31199],[-58.637603,-34.315835]]]}},{"type":"Feature","properties":{"partida":"357001321","cca":"35700010000000000000002790000000000001000F","tipo":"Rural","sup_m2":1900.5},"geometry":{"type":"Polygon","coordinates":[[[-58.639337,-34.316125],[-58.63902,-34.315928],[-58.638605,-34.316198],[-58.639012,-34.316437],[-58.639337,-34.316125]]]}},{"type":"Feature","properties":{"partida":"357001323","cca":"357000100000000000000027900A00000000003000","tipo":"Urbano","sup_m2":1214.5},"geometry":{"type":"Polygon","coordinates":[[[-58.641192,-34.308228],[-58.640606,-34.30847],[-58.640701,-34.308631],[-58.641288,-34.308393],[-58.641192,-34.308228]]]}},{"type":"Feature","properties":{"partida":"357001324","cca":"357000100000000000000027900A00000000004000","tipo":"Urbano","sup_m2":1197.6},"geometry":{"type":"Polygon","coordinates":[[[-58.640701,-34.308631],[-58.640796,-34.308794],[-58.64138,-34.308555],[-58.641288,-34.308393],[-58.640701,-34.308631]]]}},{"type":"Feature","properties":{"partida":"357001325","cca":"357000100000000000000027900A00000000005000","tipo":"Urbano","sup_m2":1185.9},"geometry":{"type":"Polygon","coordinates":[[[-58.64138,-34.308555],[-58.640796,-34.308794],[-58.64089,-34.308952],[-58.641474,-34.308719],[-58.64138,-34.308555]]]}},{"type":"Feature","properties":{"partida":"357001326","cca":"357000100000000000000027900A00000000006000","tipo":"Urbano","sup_m2":1188.6},"geometry":{"type":"Polygon","coordinates":[[[-58.64089,-34.308952],[-58.640986,-34.309116],[-58.641566,-34.308878],[-58.641474,-34.308719],[-58.64089,-34.308952]]]}},{"type":"Feature","properties":{"partida":"357001327","cca":"357000100000000000000027900A00000000007000","tipo":"Urbano","sup_m2":1181.6},"geometry":{"type":"Polygon","coordinates":[[[-58.641566,-34.308878],[-58.640986,-34.309116],[-58.641081,-34.309277],[-58.641659,-34.309041],[-58.641566,-34.308878]]]}},{"type":"Feature","properties":{"partida":"357001328","cca":"357000100000000000000027900A00000000008000","tipo":"Urbano","sup_m2":1189.2},"geometry":{"type":"Polygon","coordinates":[[[-58.641659,-34.309041],[-58.641081,-34.309277],[-58.641176,-34.309439],[-58.641753,-34.309205],[-58.641659,-34.309041]]]}},{"type":"Feature","properties":{"partida":"357001329","cca":"357000100000000000000027900A00000000009000","tipo":"Urbano","sup_m2":1185.3},"geometry":{"type":"Polygon","coordinates":[[[-58.641846,-34.309368],[-58.641753,-34.309205],[-58.641176,-34.309439],[-58.641272,-34.309602],[-58.641846,-34.309368]]]}},{"type":"Feature","properties":{"partida":"357001330","cca":"357000100000000000000027900B00000000001000","tipo":"Urbano","sup_m2":1803.8},"geometry":{"type":"Polygon","coordinates":[[[-58.637312,-34.309817],[-58.637398,-34.309875],[-58.637498,-34.309961],[-58.637804,-34.309825],[-58.638319,-34.309621],[-58.638222,-34.309454],[-58.637718,-34.309662],[-58.637312,-34.309817]]]}},{"type":"Feature","properties":{"partida":"357001331","cca":"357000100000000000000027900B00000000002000","tipo":"Urbano","sup_m2":1623.5},"geometry":{"type":"Polygon","coordinates":[[[-58.638412,-34.309781],[-58.638319,-34.309621],[-58.637804,-34.309825],[-58.637498,-34.309961],[-58.637651,-34.310092],[-58.638412,-34.309781]]]}},{"type":"Feature","properties":{"partida":"357001332","cca":"357000100000000000000027900B00000000003000","tipo":"Urbano","sup_m2":817.6},"geometry":{"type":"Polygon","coordinates":[[[-58.638412,-34.309781],[-58.638611,-34.3097],[-58.638418,-34.309373],[-58.638222,-34.309454],[-58.638412,-34.309781]]]}},{"type":"Feature","properties":{"partida":"357001333","cca":"357000100000000000000027900B00000000004000","tipo":"Urbano","sup_m2":809.9},"geometry":{"type":"Polygon","coordinates":[[[-58.638418,-34.309373],[-58.638611,-34.3097],[-58.638806,-34.30962],[-58.638612,-34.309293],[-58.638418,-34.309373]]]}},{"type":"Feature","properties":{"partida":"357001334","cca":"357000100000000000000027900B00000000005000","tipo":"Urbano","sup_m2":784.0},"geometry":{"type":"Polygon","coordinates":[[[-58.638612,-34.309293],[-58.638806,-34.30962],[-58.638995,-34.309543],[-58.6388,-34.309215],[-58.638612,-34.309293]]]}},{"type":"Feature","properties":{"partida":"357001335","cca":"357000100000000000000027900B00000000006000","tipo":"Urbano","sup_m2":801.6},"geometry":{"type":"Polygon","coordinates":[[[-58.6388,-34.309215],[-58.638995,-34.309543],[-58.639187,-34.309465],[-58.638992,-34.309136],[-58.6388,-34.309215]]]}},{"type":"Feature","properties":{"partida":"357001336","cca":"357000100000000000000027900B00000000007000","tipo":"Urbano","sup_m2":803.1},"geometry":{"type":"Polygon","coordinates":[[[-58.638992,-34.309136],[-58.639187,-34.309465],[-58.639379,-34.309387],[-58.639185,-34.309056],[-58.638992,-34.309136]]]}},{"type":"Feature","properties":{"partida":"357001337","cca":"357000100000000000000027900B00000000008000","tipo":"Urbano","sup_m2":814.4},"geometry":{"type":"Polygon","coordinates":[[[-58.639185,-34.309056],[-58.639379,-34.309387],[-58.639574,-34.309307],[-58.639379,-34.308976],[-58.639185,-34.309056]]]}},{"type":"Feature","properties":{"partida":"357001338","cca":"357000100000000000000027900B00000000009000","tipo":"Urbano","sup_m2":802.1},"geometry":{"type":"Polygon","coordinates":[[[-58.639379,-34.308976],[-58.639574,-34.309307],[-58.639765,-34.309229],[-58.639569,-34.308898],[-58.639379,-34.308976]]]}},{"type":"Feature","properties":{"partida":"357001339","cca":"357000100000000000000027900B00000000010000","tipo":"Urbano","sup_m2":817.6},"geometry":{"type":"Polygon","coordinates":[[[-58.639569,-34.308898],[-58.639765,-34.309229],[-58.639959,-34.30915],[-58.639764,-34.308817],[-58.639569,-34.308898]]]}},{"type":"Feature","properties":{"partida":"357001340","cca":"357000100000000000000027900B00000000011000","tipo":"Urbano","sup_m2":808.5},"geometry":{"type":"Polygon","coordinates":[[[-58.639764,-34.308817],[-58.639959,-34.30915],[-58.64015,-34.309072],[-58.639956,-34.308738],[-58.639764,-34.308817]]]}},{"type":"Feature","properties":{"partida":"357001341","cca":"357000100000000000000027900B00000000012000","tipo":"Urbano","sup_m2":823.2},"geometry":{"type":"Polygon","coordinates":[[[-58.639956,-34.308738],[-58.64015,-34.309072],[-58.640345,-34.308992],[-58.640151,-34.308657],[-58.639956,-34.308738]]]}},{"type":"Feature","properties":{"partida":"357001342","cca":"357000100000000000000027900B00000000013000","tipo":"Urbano","sup_m2":804.8},"geometry":{"type":"Polygon","coordinates":[[[-58.640151,-34.308657],[-58.640345,-34.308992],[-58.640537,-34.308914],[-58.640339,-34.30858],[-58.640151,-34.308657]]]}},{"type":"Feature","properties":{"partida":"357001343","cca":"357000100000000000000027900C00000000001000","tipo":"Urbano","sup_m2":1489.5},"geometry":{"type":"Polygon","coordinates":[[[-58.637824,-34.310371],[-58.638578,-34.310056],[-58.638484,-34.309899],[-58.637769,-34.310192],[-58.637824,-34.310371]]]}},{"type":"Feature","properties":{"partida":"357001344","cca":"357000100000000000000027900C00000000002000","tipo":"Urbano","sup_m2":1624.6},"geometry":{"type":"Polygon","coordinates":[[[-58.637824,-34.310371],[-58.637879,-34.310548],[-58.638678,-34.310224],[-58.638578,-34.310056],[-58.637824,-34.310371]]]}},{"type":"Feature","properties":{"partida":"357001345","cca":"357000100000000000000027900C00000000003000","tipo":"Urbano","sup_m2":1307.8},"geometry":{"type":"Polygon","coordinates":[[[-58.637879,-34.310548],[-58.637911,-34.310654],[-58.637919,-34.310728],[-58.638029,-34.310692],[-58.638581,-34.310467],[-58.638485,-34.310303],[-58.637879,-34.310548]]]}},{"type":"Feature","properties":{"partida":"357001346","cca":"357000100000000000000027900C00000000004000","tipo":"Urbano","sup_m2":1423.3},"geometry":{"type":"Polygon","coordinates":[[[-58.637919,-34.310728],[-58.637939,-34.310928],[-58.638675,-34.310627],[-58.638581,-34.310467],[-58.638029,-34.310692],[-58.637919,-34.310728]]]}},{"type":"Feature","properties":{"partida":"357001347","cca":"357000100000000000000027900C00000000005000","tipo":"Urbano","sup_m2":796.7},"geometry":{"type":"Polygon","coordinates":[[[-58.638485,-34.310303],[-58.638675,-34.310627],[-58.63887,-34.310547],[-58.638678,-34.310224],[-58.638485,-34.310303]]]}},{"type":"Feature","properties":{"partida":"357001348","cca":"357000100000000000000027900C00000000006000","tipo":"Urbano","sup_m2":792.1},"geometry":{"type":"Polygon","coordinates":[[[-58.639063,-34.310469],[-58.638872,-34.310145],[-58.638678,-34.310224],[-58.63887,-34.310547],[-58.639063,-34.310469]]]}},{"type":"Feature","properties":{"partida":"357001349","cca":"357000100000000000000027900C00000000007000","tipo":"Urbano","sup_m2":795.3},"geometry":{"type":"Polygon","coordinates":[[[-58.639063,-34.310469],[-58.639257,-34.310389],[-58.639066,-34.310067],[-58.638872,-34.310145],[-58.639063,-34.310469]]]}},{"type":"Feature","properties":{"partida":"357001350","cca":"357000100000000000000027900C00000000008000","tipo":"Urbano","sup_m2":798.5},"geometry":{"type":"Polygon","coordinates":[[[-58.639257,-34.310389],[-58.639453,-34.310309],[-58.639262,-34.309987],[-58.639066,-34.310067],[-58.639257,-34.310389]]]}},{"type":"Feature","properties":{"partida":"357001351","cca":"357000100000000000000027900C00000000009000","tipo":"Urbano","sup_m2":789.8},"geometry":{"type":"Polygon","coordinates":[[[-58.639453,-34.310309],[-58.639645,-34.31023],[-58.639456,-34.309908],[-58.639262,-34.309987],[-58.639453,-34.310309]]]}},{"type":"Feature","properties":{"partida":"357001352","cca":"357000100000000000000027900C00000000010000","tipo":"Urbano","sup_m2":790.5},"geometry":{"type":"Polygon","coordinates":[[[-58.639645,-34.31023],[-58.639839,-34.310151],[-58.639651,-34.309829],[-58.639456,-34.309908],[-58.639645,-34.31023]]]}},{"type":"Feature","properties":{"partida":"357001353","cca":"357000100000000000000027900C00000000011000","tipo":"Urbano","sup_m2":812.8},"geometry":{"type":"Polygon","coordinates":[[[-58.639839,-34.310151],[-58.640038,-34.31007],[-58.639851,-34.309748],[-58.639651,-34.309829],[-58.639839,-34.310151]]]}},{"type":"Feature","properties":{"partida":"357001354","cca":"357000100000000000000027900C00000000012000","tipo":"Urbano","sup_m2":789.6},"geometry":{"type":"Polygon","coordinates":[[[-58.640233,-34.30999],[-58.640045,-34.309669],[-58.639851,-34.309748],[-58.640038,-34.31007],[-58.640233,-34.30999]]]}},{"type":"Feature","properties":{"partida":"357001355","cca":"357000100000000000000027900C00000000013000","tipo":"Urbano","sup_m2":792.0},"geometry":{"type":"Polygon","coordinates":[[[-58.640233,-34.30999],[-58.640428,-34.309911],[-58.64024,-34.30959],[-58.640045,-34.309669],[-58.640233,-34.30999]]]}},{"type":"Feature","properties":{"partida":"357001356","cca":"357000100000000000000027900C00000000014000","tipo":"Urbano","sup_m2":791.4},"geometry":{"type":"Polygon","coordinates":[[[-58.640624,-34.309831],[-58.640434,-34.309511],[-58.64024,-34.30959],[-58.640428,-34.309911],[-58.640624,-34.309831]]]}},{"type":"Feature","properties":{"partida":"357001357","cca":"357000100000000000000027900C00000000015000","tipo":"Urbano","sup_m2":781.7},"geometry":{"type":"Polygon","coordinates":[[[-58.640624,-34.309831],[-58.640817,-34.309752],[-58.640627,-34.309433],[-58.640434,-34.309511],[-58.640624,-34.309831]]]}},{"type":"Feature","properties":{"partida":"357001358","cca":"357000100000000000000027900C00000000016000","tipo":"Urbano","sup_m2":773.8},"geometry":{"type":"Polygon","coordinates":[[[-58.640817,-34.309752],[-58.641007,-34.309674],[-58.64082,-34.309354],[-58.640627,-34.309433],[-58.640817,-34.309752]]]}},{"type":"Feature","properties":{"partida":"357001359","cca":"357000100000000000000027900C00000000017000","tipo":"Urbano","sup_m2":807.8},"geometry":{"type":"Polygon","coordinates":[[[-58.640433,-34.309105],[-58.640627,-34.309433],[-58.64082,-34.309354],[-58.640628,-34.309025],[-58.640433,-34.309105]]]}},{"type":"Feature","properties":{"partida":"357001360","cca":"357000100000000000000027900C00000000018000","tipo":"Urbano","sup_m2":802.4},"geometry":{"type":"Polygon","coordinates":[[[-58.64024,-34.309184],[-58.640434,-34.309511],[-58.640627,-34.309433],[-58.640433,-34.309105],[-58.64024,-34.309184]]]}},{"type":"Feature","properties":{"partida":"357001361","cca":"357000100000000000000027900C00000000019000","tipo":"Urbano","sup_m2":800.7},"geometry":{"type":"Polygon","coordinates":[[[-58.64024,-34.309184],[-58.640048,-34.309262],[-58.64024,-34.30959],[-58.640434,-34.309511],[-58.64024,-34.309184]]]}},{"type":"Feature","properties":{"partida":"357001362","cca":"357000100000000000000027900C00000000020000","tipo":"Urbano","sup_m2":810.2},"geometry":{"type":"Polygon","coordinates":[[[-58.640048,-34.309262],[-58.639853,-34.309341],[-58.640045,-34.309669],[-58.64024,-34.30959],[-58.640048,-34.309262]]]}},{"type":"Feature","properties":{"partida":"357001363","cca":"357000100000000000000027900C00000000021000","tipo":"Urbano","sup_m2":802.0},"geometry":{"type":"Polygon","coordinates":[[[-58.639853,-34.309341],[-58.63966,-34.30942],[-58.639851,-34.309748],[-58.640045,-34.309669],[-58.639853,-34.309341]]]}},{"type":"Feature","properties":{"partida":"357001364","cca":"357000100000000000000027900C00000000022000","tipo":"Urbano","sup_m2":831.8},"geometry":{"type":"Polygon","coordinates":[[[-58.63966,-34.30942],[-58.639459,-34.309502],[-58.639651,-34.309829],[-58.639851,-34.309748],[-58.63966,-34.30942]]]}},{"type":"Feature","properties":{"partida":"357001365","cca":"357000100000000000000027900C00000000023000","tipo":"Urbano","sup_m2":804.7},"geometry":{"type":"Polygon","coordinates":[[[-58.639651,-34.309829],[-58.639459,-34.309502],[-58.639264,-34.309581],[-58.639456,-34.309908],[-58.639651,-34.309829]]]}},{"type":"Feature","properties":{"partida":"357001366","cca":"357000100000000000000027900C00000000024000","tipo":"Urbano","sup_m2":805.5},"geometry":{"type":"Polygon","coordinates":[[[-58.639264,-34.309581],[-58.639069,-34.309661],[-58.639262,-34.309987],[-58.639456,-34.309908],[-58.639264,-34.309581]]]}},{"type":"Feature","properties":{"partida":"357001367","cca":"357000100000000000000027900C00000000025000","tipo":"Urbano","sup_m2":808.5},"geometry":{"type":"Polygon","coordinates":[[[-58.639262,-34.309987],[-58.639069,-34.309661],[-58.638873,-34.309741],[-58.639066,-34.310067],[-58.639262,-34.309987]]]}},{"type":"Feature","properties":{"partida":"357001368","cca":"357000100000000000000027900C00000000026000","tipo":"Urbano","sup_m2":800.1},"geometry":{"type":"Polygon","coordinates":[[[-58.638873,-34.309741],[-58.63868,-34.30982],[-58.638872,-34.310145],[-58.639066,-34.310067],[-58.638873,-34.309741]]]}},{"type":"Feature","properties":{"partida":"357001369","cca":"357000100000000000000027900C00000000027000","tipo":"Urbano","sup_m2":804.0},"geometry":{"type":"Polygon","coordinates":[[[-58.638484,-34.309899],[-58.638678,-34.310224],[-58.638872,-34.310145],[-58.63868,-34.30982],[-58.638484,-34.309899]]]}},{"type":"Feature","properties":{"partida":"357001370","cca":"357000100000000000000027900D00000000002000","tipo":"Urbano","sup_m2":1160.3},"geometry":{"type":"Polygon","coordinates":[[[-58.641924,-34.309503],[-58.641335,-34.309741],[-58.641425,-34.309897],[-58.642014,-34.30966],[-58.641924,-34.309503]]]}},{"type":"Feature","properties":{"partida":"357001371","cca":"357000100000000000000027900D00000000003000","tipo":"Urbano","sup_m2":1169.0},"geometry":{"type":"Polygon","coordinates":[[[-58.642105,-34.309818],[-58.642014,-34.30966],[-58.641425,-34.309897],[-58.641517,-34.310055],[-58.642105,-34.309818]]]}},{"type":"Feature","properties":{"partida":"357001372","cca":"357000100000000000000027900D00000000004000","tipo":"Urbano","sup_m2":1167.4},"geometry":{"type":"Polygon","coordinates":[[[-58.642105,-34.309818],[-58.641517,-34.310055],[-58.641607,-34.310212],[-58.642195,-34.309977],[-58.642105,-34.309818]]]}},{"type":"Feature","properties":{"partida":"357001373","cca":"357000100000000000000027900D00000000005000","tipo":"Urbano","sup_m2":1132.0},"geometry":{"type":"Polygon","coordinates":[[[-58.642282,-34.310128],[-58.642195,-34.309977],[-58.641607,-34.310212],[-58.641697,-34.310367],[-58.642282,-34.310128]]]}},{"type":"Feature","properties":{"partida":"357001374","cca":"357000100000000000000027900D00000000006000","tipo":"Urbano","sup_m2":1208.5},"geometry":{"type":"Polygon","coordinates":[[[-58.642282,-34.310128],[-58.641697,-34.310367],[-58.641791,-34.31053],[-58.642377,-34.310293],[-58.642282,-34.310128]]]}},{"type":"Feature","properties":{"partida":"357001375","cca":"357000100000000000000027900D00000000007000","tipo":"Urbano","sup_m2":1146.3},"geometry":{"type":"Polygon","coordinates":[[[-58.642466,-34.310449],[-58.642377,-34.310293],[-58.641791,-34.31053],[-58.641881,-34.310685],[-58.642466,-34.310449]]]}},{"type":"Feature","properties":{"partida":"357001376","cca":"357000100000000000000027900D00000000008000","tipo":"Urbano","sup_m2":1180.0},"geometry":{"type":"Polygon","coordinates":[[[-58.642466,-34.310449],[-58.641881,-34.310685],[-58.641973,-34.310846],[-58.642558,-34.310609],[-58.642466,-34.310449]]]}},{"type":"Feature","properties":{"partida":"357001377","cca":"357000100000000000000027900D00000000009000","tipo":"Urbano","sup_m2":1157.4},"geometry":{"type":"Polygon","coordinates":[[[-58.642064,-34.311002],[-58.642648,-34.310766],[-58.642558,-34.310609],[-58.641973,-34.310846],[-58.642064,-34.311002]]]}},{"type":"Feature","properties":{"partida":"357001378","cca":"357000100000000000000027900D00000000010000","tipo":"Urbano","sup_m2":1158.8},"geometry":{"type":"Polygon","coordinates":[[[-58.642712,-34.310937],[-58.642671,-34.310806],[-58.642648,-34.310766],[-58.642064,-34.311002],[-58.642157,-34.311164],[-58.642712,-34.310937]]]}},{"type":"Feature","properties":{"partida":"357001379","cca":"357000100000000000000027900E00000000001000","tipo":"Urbano","sup_m2":1338.9},"geometry":{"type":"Polygon","coordinates":[[[-58.638567,-34.310837],[-58.637956,-34.311095],[-58.637976,-34.311289],[-58.638663,-34.310997],[-58.638567,-34.310837]]]}},{"type":"Feature","properties":{"partida":"357001380","cca":"357000100000000000000027900E00000000002000","tipo":"Urbano","sup_m2":1400.2},"geometry":{"type":"Polygon","coordinates":[[[-58.637995,-34.31147],[-58.638755,-34.311149],[-58.638663,-34.310997],[-58.637976,-34.311289],[-58.637995,-34.31147]]]}},{"type":"Feature","properties":{"partida":"357001381","cca":"357000100000000000000027900E00000000003000","tipo":"Urbano","sup_m2":1226.6},"geometry":{"type":"Polygon","coordinates":[[[-58.637995,-34.31147],[-58.638015,-34.31166],[-58.638656,-34.311389],[-58.638562,-34.31123],[-58.637995,-34.31147]]]}},{"type":"Feature","properties":{"partida":"357001382","cca":"357000100000000000000027900E00000000004000","tipo":"Urbano","sup_m2":1422.0},"geometry":{"type":"Polygon","coordinates":[[[-58.638015,-34.31166],[-58.638035,-34.311846],[-58.638757,-34.311563],[-58.638656,-34.311389],[-58.638015,-34.31166]]]}},{"type":"Feature","properties":{"partida":"357001383","cca":"357000100000000000000027900E00000000005000","tipo":"Urbano","sup_m2":826.7},"geometry":{"type":"Polygon","coordinates":[[[-58.638562,-34.31123],[-58.638757,-34.311563],[-58.638955,-34.31148],[-58.638755,-34.311149],[-58.638562,-34.31123]]]}},{"type":"Feature","properties":{"partida":"357001384","cca":"357000100000000000000027900E00000000006000","tipo":"Urbano","sup_m2":789.4},"geometry":{"type":"Polygon","coordinates":[[[-58.638955,-34.31148],[-58.639141,-34.311401],[-58.638941,-34.31107],[-58.638755,-34.311149],[-58.638955,-34.31148]]]}},{"type":"Feature","properties":{"partida":"357001385","cca":"357000100000000000000027900E00000000007000","tipo":"Urbano","sup_m2":806.7},"geometry":{"type":"Polygon","coordinates":[[[-58.639141,-34.311401],[-58.639331,-34.311321],[-58.639131,-34.31099],[-58.638941,-34.31107],[-58.639141,-34.311401]]]}},{"type":"Feature","properties":{"partida":"357001386","cca":"357000100000000000000027900E00000000008000","tipo":"Urbano","sup_m2":796.9},"geometry":{"type":"Polygon","coordinates":[[[-58.639331,-34.311321],[-58.639519,-34.311241],[-58.639318,-34.310911],[-58.639131,-34.31099],[-58.639331,-34.311321]]]}},{"type":"Feature","properties":{"partida":"357001387","cca":"357000100000000000000027900E00000000009000","tipo":"Urbano","sup_m2":824.0},"geometry":{"type":"Polygon","coordinates":[[[-58.639519,-34.311241],[-58.639712,-34.31116],[-58.639514,-34.310828],[-58.639318,-34.310911],[-58.639519,-34.311241]]]}},{"type":"Feature","properties":{"partida":"357001388","cca":"357000100000000000000027900E00000000010000","tipo":"Urbano","sup_m2":788.8},"geometry":{"type":"Polygon","coordinates":[[[-58.639698,-34.31075],[-58.639514,-34.310828],[-58.639712,-34.31116],[-58.639899,-34.311081],[-58.639698,-34.31075]]]}},{"type":"Feature","properties":{"partida":"357001389","cca":"357000100000000000000027900E00000000011000","tipo":"Urbano","sup_m2":812.9},"geometry":{"type":"Polygon","coordinates":[[[-58.640092,-34.311],[-58.639888,-34.31067],[-58.639698,-34.31075],[-58.639899,-34.311081],[-58.640092,-34.311]]]}},{"type":"Feature","properties":{"partida":"357001390","cca":"357000100000000000000027900E00000000012000","tipo":"Urbano","sup_m2":839.9},"geometry":{"type":"Polygon","coordinates":[[[-58.640092,-34.311],[-58.640289,-34.310916],[-58.640087,-34.310586],[-58.639888,-34.31067],[-58.640092,-34.311]]]}},{"type":"Feature","properties":{"partida":"357001391","cca":"357000100000000000000027900E00000000013000","tipo":"Urbano","sup_m2":796.5},"geometry":{"type":"Polygon","coordinates":[[[-58.640289,-34.310916],[-58.640476,-34.310837],[-58.640275,-34.310507],[-58.640087,-34.310586],[-58.640289,-34.310916]]]}},{"type":"Feature","properties":{"partida":"357001392","cca":"357000100000000000000027900E00000000014000","tipo":"Urbano","sup_m2":830.6},"geometry":{"type":"Polygon","coordinates":[[[-58.640672,-34.310755],[-58.64047,-34.310424],[-58.640275,-34.310507],[-58.640476,-34.310837],[-58.640672,-34.310755]]]}},{"type":"Feature","properties":{"partida":"357001393","cca":"357000100000000000000027900E00000000015000","tipo":"Urbano","sup_m2":815.1},"geometry":{"type":"Polygon","coordinates":[[[-58.640672,-34.310755],[-58.640864,-34.310673],[-58.640661,-34.310343],[-58.64047,-34.310424],[-58.640672,-34.310755]]]}},{"type":"Feature","properties":{"partida":"357001394","cca":"357000100000000000000027900E00000000016000","tipo":"Urbano","sup_m2":806.1},"geometry":{"type":"Polygon","coordinates":[[[-58.640864,-34.310673],[-58.641053,-34.310594],[-58.640852,-34.310263],[-58.640661,-34.310343],[-58.640864,-34.310673]]]}},{"type":"Feature","properties":{"partida":"357001395","cca":"357000100000000000000027900E00000000017000","tipo":"Urbano","sup_m2":803.0},"geometry":{"type":"Polygon","coordinates":[[[-58.641053,-34.310594],[-58.641242,-34.310514],[-58.641041,-34.310183],[-58.640852,-34.310263],[-58.641053,-34.310594]]]}},{"type":"Feature","properties":{"partida":"357001396","cca":"357000100000000000000027900E00000000018000","tipo":"Urbano","sup_m2":859.2},"geometry":{"type":"Polygon","coordinates":[[[-58.641242,-34.310514],[-58.641443,-34.310429],[-58.641244,-34.310097],[-58.641041,-34.310183],[-58.641242,-34.310514]]]}},{"type":"Feature","properties":{"partida":"357001397","cca":"357000100000000000000027900E00000000019000","tipo":"Urbano","sup_m2":813.7},"geometry":{"type":"Polygon","coordinates":[[[-58.640852,-34.30987],[-58.641041,-34.310183],[-58.641244,-34.310097],[-58.641055,-34.309784],[-58.640852,-34.30987]]]}},{"type":"Feature","properties":{"partida":"357001398","cca":"357000100000000000000027900E00000000020000","tipo":"Urbano","sup_m2":763.8},"geometry":{"type":"Polygon","coordinates":[[[-58.641041,-34.310183],[-58.640852,-34.30987],[-58.640661,-34.309951],[-58.640852,-34.310263],[-58.641041,-34.310183]]]}},{"type":"Feature","properties":{"partida":"357001399","cca":"357000100000000000000027900E00000000021000","tipo":"Urbano","sup_m2":766.8},"geometry":{"type":"Polygon","coordinates":[[[-58.640469,-34.310032],[-58.640661,-34.310343],[-58.640852,-34.310263],[-58.640661,-34.309951],[-58.640469,-34.310032]]]}},{"type":"Feature","properties":{"partida":"357001400","cca":"357000100000000000000027900E00000000022000","tipo":"Urbano","sup_m2":763.3},"geometry":{"type":"Polygon","coordinates":[[[-58.640661,-34.310343],[-58.640469,-34.310032],[-58.64028,-34.310112],[-58.64047,-34.310424],[-58.640661,-34.310343]]]}},{"type":"Feature","properties":{"partida":"357001401","cca":"357000100000000000000027900E00000000023000","tipo":"Urbano","sup_m2":783.8},"geometry":{"type":"Polygon","coordinates":[[[-58.64047,-34.310424],[-58.64028,-34.310112],[-58.640084,-34.310195],[-58.640275,-34.310507],[-58.64047,-34.310424]]]}},{"type":"Feature","properties":{"partida":"357001402","cca":"357000100000000000000027900E00000000024000","tipo":"Urbano","sup_m2":754.6},"geometry":{"type":"Polygon","coordinates":[[[-58.640275,-34.310507],[-58.640084,-34.310195],[-58.639896,-34.310274],[-58.640087,-34.310586],[-58.640275,-34.310507]]]}},{"type":"Feature","properties":{"partida":"357001403","cca":"357000100000000000000027900E00000000025000","tipo":"Urbano","sup_m2":798.5},"geometry":{"type":"Polygon","coordinates":[[[-58.640087,-34.310586],[-58.639896,-34.310274],[-58.639696,-34.310359],[-58.639888,-34.31067],[-58.640087,-34.310586]]]}},{"type":"Feature","properties":{"partida":"357001404","cca":"357000100000000000000027900E00000000026000","tipo":"Urbano","sup_m2":757.7},"geometry":{"type":"Polygon","coordinates":[[[-58.639696,-34.310359],[-58.639508,-34.310439],[-58.639698,-34.31075],[-58.639888,-34.31067],[-58.639696,-34.310359]]]}},{"type":"Feature","properties":{"partida":"357001405","cca":"357000100000000000000027900E00000000027000","tipo":"Urbano","sup_m2":732.5},"geometry":{"type":"Polygon","coordinates":[[[-58.639698,-34.31075],[-58.639508,-34.310439],[-58.639326,-34.310515],[-58.639514,-34.310828],[-58.639698,-34.31075]]]}},{"type":"Feature","properties":{"partida":"357001406","cca":"357000100000000000000027900E00000000028000","tipo":"Urbano","sup_m2":789.0},"geometry":{"type":"Polygon","coordinates":[[[-58.639326,-34.310515],[-58.639128,-34.310599],[-58.639318,-34.310911],[-58.639514,-34.310828],[-58.639326,-34.310515]]]}},{"type":"Feature","properties":{"partida":"357001407","cca":"357000100000000000000027900E00000000029000","tipo":"Urbano","sup_m2":748.4},"geometry":{"type":"Polygon","coordinates":[[[-58.638941,-34.310678],[-58.639131,-34.31099],[-58.639318,-34.310911],[-58.639128,-34.310599],[-58.638941,-34.310678]]]}},{"type":"Feature","properties":{"partida":"357001408","cca":"357000100000000000000027900E00000000030000","tipo":"Urbano","sup_m2":759.7},"geometry":{"type":"Polygon","coordinates":[[[-58.638941,-34.310678],[-58.638751,-34.310759],[-58.638941,-34.31107],[-58.639131,-34.31099],[-58.638941,-34.310678]]]}},{"type":"Feature","properties":{"partida":"357001409","cca":"357000100000000000000027900E00000000031000","tipo":"Urbano","sup_m2":741.2},"geometry":{"type":"Polygon","coordinates":[[[-58.638941,-34.31107],[-58.638751,-34.310759],[-58.638567,-34.310837],[-58.638755,-34.311149],[-58.638941,-34.31107]]]}},{"type":"Feature","properties":{"partida":"357001410","cca":"357000100000000000000027900F00000000001000","tipo":"Urbano","sup_m2":1136.8},"geometry":{"type":"Polygon","coordinates":[[[-58.637895,-34.31222],[-58.638541,-34.311948],[-58.638446,-34.311787],[-58.638044,-34.311935],[-58.637895,-34.31222]]]}},{"type":"Feature","properties":{"partida":"357001411","cca":"357000100000000000000027900F00000000002000","tipo":"Urbano","sup_m2":1358.5},"geometry":{"type":"Polygon","coordinates":[[[-58.637895,-34.31222],[-58.637859,-34.312421],[-58.638631,-34.312101],[-58.638541,-34.311948],[-58.637895,-34.31222]]]}},{"type":"Feature","properties":{"partida":"357001412","cca":"357000100000000000000027900F00000000003000","tipo":"Urbano","sup_m2":1310.5},"geometry":{"type":"Polygon","coordinates":[[[-58.637859,-34.312421],[-58.637844,-34.312502],[-58.637807,-34.312641],[-58.638529,-34.31234],[-58.638438,-34.31218],[-58.637859,-34.312421]]]}},{"type":"Feature","properties":{"partida":"357001413","cca":"357000100000000000000027900F00000000004000","tipo":"Urbano","sup_m2":1732.6},"geometry":{"type":"Polygon","coordinates":[[[-58.638629,-34.312515],[-58.638529,-34.31234],[-58.637807,-34.312641],[-58.637743,-34.312873],[-58.638629,-34.312515]]]}},{"type":"Feature","properties":{"partida":"357001414","cca":"357000100000000000000027900F00000000005000","tipo":"Urbano","sup_m2":827.0},"geometry":{"type":"Polygon","coordinates":[[[-58.638438,-34.31218],[-58.638629,-34.312515],[-58.638827,-34.312433],[-58.638631,-34.312101],[-58.638438,-34.31218]]]}},{"type":"Feature","properties":{"partida":"357001415","cca":"357000100000000000000027900F00000000006000","tipo":"Urbano","sup_m2":789.4},"geometry":{"type":"Polygon","coordinates":[[[-58.638827,-34.312433],[-58.639014,-34.312356],[-58.638818,-34.312024],[-58.638631,-34.312101],[-58.638827,-34.312433]]]}},{"type":"Feature","properties":{"partida":"357001416","cca":"357000100000000000000027900F00000000007000","tipo":"Urbano","sup_m2":806.7},"geometry":{"type":"Polygon","coordinates":[[[-58.639206,-34.312277],[-58.639008,-34.311945],[-58.638818,-34.312024],[-58.639014,-34.312356],[-58.639206,-34.312277]]]}},{"type":"Feature","properties":{"partida":"357001417","cca":"357000100000000000000027900F00000000008000","tipo":"Urbano","sup_m2":796.9},"geometry":{"type":"Polygon","coordinates":[[[-58.639206,-34.312277],[-58.639395,-34.312199],[-58.639197,-34.311867],[-58.639008,-34.311945],[-58.639206,-34.312277]]]}},{"type":"Feature","properties":{"partida":"357001418","cca":"357000100000000000000027900F00000000009000","tipo":"Urbano","sup_m2":824.3},"geometry":{"type":"Polygon","coordinates":[[[-58.639588,-34.312119],[-58.639393,-34.311786],[-58.639197,-34.311867],[-58.639395,-34.312199],[-58.639588,-34.312119]]]}},{"type":"Feature","properties":{"partida":"357001419","cca":"357000100000000000000027900F00000000010000","tipo":"Urbano","sup_m2":789.0},"geometry":{"type":"Polygon","coordinates":[[[-58.639588,-34.312119],[-58.639776,-34.312041],[-58.639578,-34.311709],[-58.639393,-34.311786],[-58.639588,-34.312119]]]}},{"type":"Feature","properties":{"partida":"357001420","cca":"357000100000000000000027900F00000000011000","tipo":"Urbano","sup_m2":812.8},"geometry":{"type":"Polygon","coordinates":[[[-58.63997,-34.311961],[-58.639769,-34.31163],[-58.639578,-34.311709],[-58.639776,-34.312041],[-58.63997,-34.311961]]]}},{"type":"Feature","properties":{"partida":"357001421","cca":"357000100000000000000027900F00000000012000","tipo":"Urbano","sup_m2":840.2},"geometry":{"type":"Polygon","coordinates":[[[-58.63997,-34.311961],[-58.640168,-34.31188],[-58.639969,-34.311548],[-58.639769,-34.31163],[-58.63997,-34.311961]]]}},{"type":"Feature","properties":{"partida":"357001422","cca":"357000100000000000000027900F00000000013000","tipo":"Urbano","sup_m2":796.5},"geometry":{"type":"Polygon","coordinates":[[[-58.640168,-34.31188],[-58.640356,-34.311802],[-58.640158,-34.31147],[-58.639969,-34.311548],[-58.640168,-34.31188]]]}},{"type":"Feature","properties":{"partida":"357001423","cca":"357000100000000000000027900F00000000014000","tipo":"Urbano","sup_m2":830.6},"geometry":{"type":"Polygon","coordinates":[[[-58.640356,-34.311802],[-58.640552,-34.311721],[-58.640354,-34.311389],[-58.640158,-34.31147],[-58.640356,-34.311802]]]}},{"type":"Feature","properties":{"partida":"357001424","cca":"357000100000000000000027900F00000000015000","tipo":"Urbano","sup_m2":815.1},"geometry":{"type":"Polygon","coordinates":[[[-58.640552,-34.311721],[-58.640746,-34.311641],[-58.640546,-34.311309],[-58.640354,-34.311389],[-58.640552,-34.311721]]]}},{"type":"Feature","properties":{"partida":"357001425","cca":"357000100000000000000027900F00000000016000","tipo":"Urbano","sup_m2":806.2},"geometry":{"type":"Polygon","coordinates":[[[-58.640746,-34.311641],[-58.640936,-34.311563],[-58.640737,-34.31123],[-58.640546,-34.311309],[-58.640746,-34.311641]]]}},{"type":"Feature","properties":{"partida":"357001426","cca":"357000100000000000000027900F00000000017000","tipo":"Urbano","sup_m2":802.9},"geometry":{"type":"Polygon","coordinates":[[[-58.640936,-34.311563],[-58.641125,-34.311485],[-58.640928,-34.311152],[-58.640737,-34.31123],[-58.640936,-34.311563]]]}},{"type":"Feature","properties":{"partida":"357001427","cca":"357000100000000000000027900F00000000018000","tipo":"Urbano","sup_m2":818.4},"geometry":{"type":"Polygon","coordinates":[[[-58.641125,-34.311485],[-58.641319,-34.311404],[-58.64112,-34.311072],[-58.640928,-34.311152],[-58.641125,-34.311485]]]}},{"type":"Feature","properties":{"partida":"357001428","cca":"357000100000000000000027900F00000000019000","tipo":"Urbano","sup_m2":806.0},"geometry":{"type":"Polygon","coordinates":[[[-58.641319,-34.311404],[-58.641509,-34.311326],[-58.641311,-34.310993],[-58.64112,-34.311072],[-58.641319,-34.311404]]]}},{"type":"Feature","properties":{"partida":"357001429","cca":"357000100000000000000027900F00000000020000","tipo":"Urbano","sup_m2":802.9},"geometry":{"type":"Polygon","coordinates":[[[-58.641509,-34.311326],[-58.641698,-34.311248],[-58.641501,-34.310915],[-58.641311,-34.310993],[-58.641509,-34.311326]]]}},{"type":"Feature","properties":{"partida":"357001430","cca":"357000100000000000000027900F00000000021000","tipo":"Urbano","sup_m2":859.3},"geometry":{"type":"Polygon","coordinates":[[[-58.641705,-34.310831],[-58.641501,-34.310915],[-58.641698,-34.311248],[-58.641901,-34.311164],[-58.641705,-34.310831]]]}},{"type":"Feature","properties":{"partida":"357001431","cca":"357000100000000000000027900F00000000022000","tipo":"Urbano","sup_m2":813.7},"geometry":{"type":"Polygon","coordinates":[[[-58.641705,-34.310831],[-58.64152,-34.310516],[-58.641316,-34.3106],[-58.641501,-34.310915],[-58.641705,-34.310831]]]}},{"type":"Feature","properties":{"partida":"357001432","cca":"357000100000000000000027900F00000000023000","tipo":"Urbano","sup_m2":763.8},"geometry":{"type":"Polygon","coordinates":[[[-58.641316,-34.3106],[-58.641124,-34.31068],[-58.641311,-34.310993],[-58.641501,-34.310915],[-58.641316,-34.3106]]]}},{"type":"Feature","properties":{"partida":"357001433","cca":"357000100000000000000027900F00000000024000","tipo":"Urbano","sup_m2":766.7},"geometry":{"type":"Polygon","coordinates":[[[-58.641124,-34.31068],[-58.640931,-34.310759],[-58.64112,-34.311072],[-58.641311,-34.310993],[-58.641124,-34.31068]]]}},{"type":"Feature","properties":{"partida":"357001434","cca":"357000100000000000000027900F00000000025000","tipo":"Urbano","sup_m2":760.5},"geometry":{"type":"Polygon","coordinates":[[[-58.640931,-34.310759],[-58.640742,-34.310837],[-58.640928,-34.311152],[-58.64112,-34.311072],[-58.640931,-34.310759]]]}},{"type":"Feature","properties":{"partida":"357001435","cca":"357000100000000000000027900F00000000026000","tipo":"Urbano","sup_m2":763.8},"geometry":{"type":"Polygon","coordinates":[[[-58.640928,-34.311152],[-58.640742,-34.310837],[-58.64055,-34.310917],[-58.640737,-34.31123],[-58.640928,-34.311152]]]}},{"type":"Feature","properties":{"partida":"357001436","cca":"357000100000000000000027900F00000000027000","tipo":"Urbano","sup_m2":766.7},"geometry":{"type":"Polygon","coordinates":[[[-58.64055,-34.310917],[-58.640357,-34.310996],[-58.640546,-34.311309],[-58.640737,-34.31123],[-58.64055,-34.310917]]]}},{"type":"Feature","properties":{"partida":"357001437","cca":"357000100000000000000027900F00000000028000","tipo":"Urbano","sup_m2":763.3},"geometry":{"type":"Polygon","coordinates":[[[-58.640546,-34.311309],[-58.640357,-34.310996],[-58.640167,-34.311075],[-58.640354,-34.311389],[-58.640546,-34.311309]]]}},{"type":"Feature","properties":{"partida":"357001438","cca":"357000100000000000000027900F00000000029000","tipo":"Urbano","sup_m2":783.9},"geometry":{"type":"Polygon","coordinates":[[[-58.640167,-34.311075],[-58.639971,-34.311156],[-58.640158,-34.31147],[-58.640354,-34.311389],[-58.640167,-34.311075]]]}},{"type":"Feature","properties":{"partida":"357001439","cca":"357000100000000000000027900F00000000030000","tipo":"Urbano","sup_m2":754.5},"geometry":{"type":"Polygon","coordinates":[[[-58.639971,-34.311156],[-58.639781,-34.311235],[-58.639969,-34.311548],[-58.640158,-34.31147],[-58.639971,-34.311156]]]}},{"type":"Feature","properties":{"partida":"357001440","cca":"357000100000000000000027900F00000000031000","tipo":"Urbano","sup_m2":798.3},"geometry":{"type":"Polygon","coordinates":[[[-58.639769,-34.31163],[-58.639969,-34.311548],[-58.639781,-34.311235],[-58.63958,-34.311318],[-58.639769,-34.31163]]]}},{"type":"Feature","properties":{"partida":"357001441","cca":"357000100000000000000027900F00000000032000","tipo":"Urbano","sup_m2":757.9},"geometry":{"type":"Polygon","coordinates":[[[-58.639769,-34.31163],[-58.63958,-34.311318],[-58.639392,-34.311396],[-58.639578,-34.311709],[-58.639769,-34.31163]]]}},{"type":"Feature","properties":{"partida":"357001442","cca":"357000100000000000000027900F00000000033000","tipo":"Urbano","sup_m2":732.2},"geometry":{"type":"Polygon","coordinates":[[[-58.639578,-34.311709],[-58.639392,-34.311396],[-58.639209,-34.311472],[-58.639393,-34.311786],[-58.639578,-34.311709]]]}},{"type":"Feature","properties":{"partida":"357001443","cca":"357000100000000000000027900F00000000034000","tipo":"Urbano","sup_m2":788.8},"geometry":{"type":"Polygon","coordinates":[[[-58.63901,-34.311554],[-58.639197,-34.311867],[-58.639393,-34.311786],[-58.639209,-34.311472],[-58.63901,-34.311554]]]}},{"type":"Feature","properties":{"partida":"357001444","cca":"357000100000000000000027900F00000000035000","tipo":"Urbano","sup_m2":748.4},"geometry":{"type":"Polygon","coordinates":[[[-58.639197,-34.311867],[-58.63901,-34.311554],[-58.638823,-34.311632],[-58.639008,-34.311945],[-58.639197,-34.311867]]]}},{"type":"Feature","properties":{"partida":"357001445","cca":"357000100000000000000027900F00000000036000","tipo":"Urbano","sup_m2":759.6},"geometry":{"type":"Polygon","coordinates":[[[-58.638823,-34.311632],[-58.638632,-34.31171],[-58.638818,-34.312024],[-58.639008,-34.311945],[-58.638823,-34.311632]]]}},{"type":"Feature","properties":{"partida":"357001446","cca":"357000100000000000000027900F00000000037000","tipo":"Urbano","sup_m2":741.3},"geometry":{"type":"Polygon","coordinates":[[[-58.638818,-34.312024],[-58.638632,-34.31171],[-58.638446,-34.311787],[-58.638631,-34.312101],[-58.638818,-34.312024]]]}},{"type":"Feature","properties":{"partida":"357001447","cca":"357000100000000000000027900G00000000002000","tipo":"Urbano","sup_m2":1096.9},"geometry":{"type":"Polygon","coordinates":[[[-58.642738,-34.311019],[-58.642185,-34.311241],[-58.642279,-34.311405],[-58.642795,-34.311196],[-58.642738,-34.311019]]]}},{"type":"Feature","properties":{"partida":"357001448","cca":"357000100000000000000027900G00000000003000","tipo":"Urbano","sup_m2":1066.7},"geometry":{"type":"Polygon","coordinates":[[[-58.642376,-34.311573],[-58.642855,-34.311385],[-58.642795,-34.311196],[-58.642279,-34.311405],[-58.642376,-34.311573]]]}},{"type":"Feature","properties":{"partida":"357001449","cca":"357000100000000000000027900G00000000004000","tipo":"Urbano","sup_m2":1178.2},"geometry":{"type":"Polygon","coordinates":[[[-58.642926,-34.311609],[-58.642855,-34.311385],[-58.642376,-34.311573],[-58.642496,-34.311781],[-58.642926,-34.311609]]]}},{"type":"Feature","properties":{"partida":"357001450","cca":"357000100000000000000027900G00000000005000","tipo":"Urbano","sup_m2":1893.0},"geometry":{"type":"Polygon","coordinates":[[[-58.643047,-34.31199],[-58.642926,-34.311609],[-58.642496,-34.311781],[-58.642737,-34.312209],[-58.643047,-34.31199]]]}},{"type":"Feature","properties":{"partida":"357001451","cca":"357000100000000000000027900H00000000001000","tipo":"Urbano","sup_m2":949.3},"geometry":{"type":"Polygon","coordinates":[[[-58.638004,-34.312952],[-58.637675,-34.313091],[-58.637568,-34.313353],[-58.638109,-34.313118],[-58.638004,-34.312952]]]}},{"type":"Feature","properties":{"partida":"357001452","cca":"357000100000000000000027900H00000000002000","tipo":"Urbano","sup_m2":1342.4},"geometry":{"type":"Polygon","coordinates":[[[-58.637476,-34.313594],[-58.638213,-34.313281],[-58.638109,-34.313118],[-58.637568,-34.313353],[-58.637482,-34.313562],[-58.637476,-34.313594]]]}},{"type":"Feature","properties":{"partida":"357001453","cca":"357000100000000000000027900H00000000003000","tipo":"Urbano","sup_m2":1667.8},"geometry":{"type":"Polygon","coordinates":[[[-58.637476,-34.313594],[-58.637437,-34.313813],[-58.638314,-34.31344],[-58.638213,-34.313281],[-58.637476,-34.313594]]]}},{"type":"Feature","properties":{"partida":"357001454","cca":"357000100000000000000027900H00000000004000","tipo":"Urbano","sup_m2":1936.2},"geometry":{"type":"Polygon","coordinates":[[[-58.637437,-34.313813],[-58.637398,-34.314033],[-58.638423,-34.313591],[-58.638385,-34.313552],[-58.638314,-34.31344],[-58.637437,-34.313813]]]}},{"type":"Feature","properties":{"partida":"357001455","cca":"357000100000000000000027900H00000000005000","tipo":"Urbano","sup_m2":1927.9},"geometry":{"type":"Polygon","coordinates":[[[-58.637389,-34.314237],[-58.638011,-34.313972],[-58.638389,-34.313808],[-58.638251,-34.313665],[-58.637398,-34.314033],[-58.637379,-34.31414],[-58.637389,-34.314237]]]}},{"type":"Feature","properties":{"partida":"357001456","cca":"357000100000000000000027900H0000000000600A","tipo":"Urbano","sup_m2":1471.0},"geometry":{"type":"Polygon","coordinates":[[[-58.637389,-34.314237],[-58.63741,-34.314434],[-58.637928,-34.31422],[-58.638156,-34.314123],[-58.638011,-34.313972],[-58.637389,-34.314237]]]}},{"type":"Feature","properties":{"partida":"357001457","cca":"357000100000000000000027900H00000000007000","tipo":"Urbano","sup_m2":1133.8},"geometry":{"type":"Polygon","coordinates":[[[-58.63741,-34.314434],[-58.637413,-34.314471],[-58.637353,-34.314652],[-58.638015,-34.31437],[-58.637928,-34.31422],[-58.63741,-34.314434]]]}},{"type":"Feature","properties":{"partida":"357001458","cca":"357000100000000000000027900H00000000008000","tipo":"Urbano","sup_m2":1480.1},"geometry":{"type":"Polygon","coordinates":[[[-58.637308,-34.314867],[-58.638113,-34.314522],[-58.638015,-34.31437],[-58.637353,-34.314652],[-58.637295,-34.314825],[-58.637308,-34.314867]]]}},{"type":"Feature","properties":{"partida":"357001459","cca":"357000100000000000000027900H00000000009000","tipo":"Urbano","sup_m2":1227.3},"geometry":{"type":"Polygon","coordinates":[[[-58.637308,-34.314867],[-58.637373,-34.315093],[-58.638134,-34.314554],[-58.638113,-34.314522],[-58.637308,-34.314867]]]}},{"type":"Feature","properties":{"partida":"357001460","cca":"357000100000000000000027900H00000000010000","tipo":"Urbano","sup_m2":1048.1},"geometry":{"type":"Polygon","coordinates":[[[-58.638393,-34.314371],[-58.638156,-34.314123],[-58.637928,-34.31422],[-58.638015,-34.31437],[-58.638134,-34.314554],[-58.638393,-34.314371]]]}},{"type":"Feature","properties":{"partida":"357001461","cca":"357000100000000000000027900H00000000011000","tipo":"Urbano","sup_m2":1043.5},"geometry":{"type":"Polygon","coordinates":[[[-58.638011,-34.313972],[-58.638393,-34.314371],[-58.638555,-34.314256],[-58.638195,-34.313892],[-58.638011,-34.313972]]]}},{"type":"Feature","properties":{"partida":"357001462","cca":"357000100000000000000027900H00000000012000","tipo":"Urbano","sup_m2":981.0},"geometry":{"type":"Polygon","coordinates":[[[-58.638717,-34.314141],[-58.638389,-34.313808],[-58.638195,-34.313892],[-58.638555,-34.314256],[-58.638717,-34.314141]]]}},{"type":"Feature","properties":{"partida":"357001463","cca":"357000100000000000000027900H00000000013000","tipo":"Urbano","sup_m2":1200.4},"geometry":{"type":"Polygon","coordinates":[[[-58.638717,-34.314141],[-58.638872,-34.314032],[-58.638423,-34.313591],[-58.638251,-34.313665],[-58.638717,-34.314141]]]}},{"type":"Feature","properties":{"partida":"357001464","cca":"357000100000000000000027900H00000000014000","tipo":"Urbano","sup_m2":1498.2},"geometry":{"type":"Polygon","coordinates":[[[-58.639049,-34.313906],[-58.638586,-34.313438],[-58.638385,-34.313552],[-58.638872,-34.314032],[-58.639049,-34.313906]]]}},{"type":"Feature","properties":{"partida":"357001465","cca":"357000100000000000000027900H00000000015000","tipo":"Urbano","sup_m2":1400.6},"geometry":{"type":"Polygon","coordinates":[[[-58.639228,-34.31378],[-58.638773,-34.313332],[-58.638586,-34.313438],[-58.639049,-34.313906],[-58.639228,-34.31378]]]}},{"type":"Feature","properties":{"partida":"357001466","cca":"357000100000000000000027900H00000000016000","tipo":"Urbano","sup_m2":1248.2},"geometry":{"type":"Polygon","coordinates":[[[-58.639388,-34.313666],[-58.63895,-34.313231],[-58.638773,-34.313332],[-58.639228,-34.31378],[-58.639388,-34.313666]]]}},{"type":"Feature","properties":{"partida":"357001467","cca":"357000100000000000000027900H00000000017000","tipo":"Urbano","sup_m2":1205.4},"geometry":{"type":"Polygon","coordinates":[[[-58.63895,-34.313231],[-58.639388,-34.313666],[-58.639551,-34.31355],[-58.639123,-34.313133],[-58.63895,-34.313231]]]}},{"type":"Feature","properties":{"partida":"357001468","cca":"357000100000000000000027900H00000000018000","tipo":"Urbano","sup_m2":1164.8},"geometry":{"type":"Polygon","coordinates":[[[-58.639551,-34.31355],[-58.63971,-34.313438],[-58.639301,-34.313032],[-58.639123,-34.313133],[-58.639551,-34.31355]]]}},{"type":"Feature","properties":{"partida":"357001469","cca":"357000100000000000000027900H00000000019000","tipo":"Urbano","sup_m2":1189.4},"geometry":{"type":"Polygon","coordinates":[[[-58.639486,-34.312928],[-58.639301,-34.313032],[-58.63971,-34.313438],[-58.639882,-34.313316],[-58.639486,-34.312928]]]}},{"type":"Feature","properties":{"partida":"357001470","cca":"357000100000000000000027900H00000000020000","tipo":"Urbano","sup_m2":1129.5},"geometry":{"type":"Polygon","coordinates":[[[-58.640049,-34.313198],[-58.63967,-34.312823],[-58.639486,-34.312928],[-58.639882,-34.313316],[-58.640049,-34.313198]]]}},{"type":"Feature","properties":{"partida":"357001322","cca":"357000100000000000000027900H00000000021000","tipo":"Urbano","sup_m2":1096.4},"geometry":{"type":"Polygon","coordinates":[[[-58.640221,-34.313076],[-58.639855,-34.312718],[-58.63967,-34.312823],[-58.640049,-34.313198],[-58.640221,-34.313076]]]}},{"type":"Feature","properties":{"partida":"357001471","cca":"357000100000000000000027900H00000000022000","tipo":"Urbano","sup_m2":978.8},"geometry":{"type":"Polygon","coordinates":[[[-58.640221,-34.313076],[-58.640378,-34.312965],[-58.64003,-34.312619],[-58.639855,-34.312718],[-58.640221,-34.313076]]]}},{"type":"Feature","properties":{"partida":"357001472","cca":"357000100000000000000027900H00000000023000","tipo":"Urbano","sup_m2":970.3},"geometry":{"type":"Polygon","coordinates":[[[-58.640378,-34.312965],[-58.640538,-34.312852],[-58.640211,-34.312516],[-58.64003,-34.312619],[-58.640378,-34.312965]]]}},{"type":"Feature","properties":{"partida":"357001473","cca":"357000100000000000000027900H00000000024000","tipo":"Urbano","sup_m2":915.3},"geometry":{"type":"Polygon","coordinates":[[[-58.640702,-34.312736],[-58.640384,-34.312418],[-58.640211,-34.312516],[-58.640538,-34.312852],[-58.640702,-34.312736]]]}},{"type":"Feature","properties":{"partida":"357001474","cca":"357000100000000000000027900H00000000025000","tipo":"Urbano","sup_m2":893.9},"geometry":{"type":"Polygon","coordinates":[[[-58.640702,-34.312736],[-58.640869,-34.312617],[-58.640562,-34.312317],[-58.640384,-34.312418],[-58.640702,-34.312736]]]}},{"type":"Feature","properties":{"partida":"357001475","cca":"357000100000000000000027900H00000000026000","tipo":"Urbano","sup_m2":894.7},"geometry":{"type":"Polygon","coordinates":[[[-58.640869,-34.312617],[-58.64104,-34.312496],[-58.640753,-34.312208],[-58.640562,-34.312317],[-58.640869,-34.312617]]]}},{"type":"Feature","properties":{"partida":"357001476","cca":"357000100000000000000027900H00000000027000","tipo":"Urbano","sup_m2":769.4},"geometry":{"type":"Polygon","coordinates":[[[-58.64104,-34.312496],[-58.641198,-34.312385],[-58.640924,-34.312111],[-58.640753,-34.312208],[-58.64104,-34.312496]]]}},{"type":"Feature","properties":{"partida":"357001477","cca":"357000100000000000000027900H00000000028000","tipo":"Urbano","sup_m2":787.0},"geometry":{"type":"Polygon","coordinates":[[[-58.641367,-34.312265],[-58.64111,-34.312006],[-58.640924,-34.312111],[-58.641198,-34.312385],[-58.641367,-34.312265]]]}},{"type":"Feature","properties":{"partida":"357001478","cca":"357000100000000000000027900H00000000029000","tipo":"Urbano","sup_m2":926.0},"geometry":{"type":"Polygon","coordinates":[[[-58.641551,-34.312135],[-58.641375,-34.311856],[-58.64111,-34.312006],[-58.641367,-34.312265],[-58.641551,-34.312135]]]}},{"type":"Feature","properties":{"partida":"357001479","cca":"357000100000000000000027900H00000000030000","tipo":"Urbano","sup_m2":1113.4},"geometry":{"type":"Polygon","coordinates":[[[-58.641784,-34.311345],[-58.642052,-34.31178],[-58.642233,-34.311652],[-58.641996,-34.311255],[-58.641784,-34.311345]]]}},{"type":"Feature","properties":{"partida":"357001480","cca":"357000100000000000000027900H00000000031000","tipo":"Urbano","sup_m2":1135.4},"geometry":{"type":"Polygon","coordinates":[[[-58.64159,-34.311427],[-58.641882,-34.3119],[-58.642052,-34.31178],[-58.641784,-34.311345],[-58.64159,-34.311427]]]}},{"type":"Feature","properties":{"partida":"357001481","cca":"357000100000000000000027900H00000000032000","tipo":"Urbano","sup_m2":1172.2},"geometry":{"type":"Polygon","coordinates":[[[-58.64159,-34.311427],[-58.641404,-34.311506],[-58.64172,-34.312015],[-58.641882,-34.3119],[-58.64159,-34.311427]]]}},{"type":"Feature","properties":{"partida":"357001482","cca":"357000100000000000000027900H00000000033000","tipo":"Urbano","sup_m2":1327.6},"geometry":{"type":"Polygon","coordinates":[[[-58.641551,-34.312135],[-58.64172,-34.312015],[-58.641404,-34.311506],[-58.641207,-34.31159],[-58.641551,-34.312135]]]}},{"type":"Feature","properties":{"partida":"357001483","cca":"357000100000000000000027900H00000000034000","tipo":"Urbano","sup_m2":1025.5},"geometry":{"type":"Polygon","coordinates":[[[-58.640926,-34.311709],[-58.64111,-34.312006],[-58.641375,-34.311856],[-58.641207,-34.31159],[-58.640926,-34.311709]]]}},{"type":"Feature","properties":{"partida":"357001484","cca":"357000100000000000000027900H00000000035000","tipo":"Urbano","sup_m2":798.4},"geometry":{"type":"Polygon","coordinates":[[[-58.640926,-34.311709],[-58.640722,-34.311796],[-58.640924,-34.312111],[-58.64111,-34.312006],[-58.640926,-34.311709]]]}},{"type":"Feature","properties":{"partida":"357001485","cca":"357000100000000000000027900H00000000036000","tipo":"Urbano","sup_m2":768.1},"geometry":{"type":"Polygon","coordinates":[[[-58.640541,-34.311873],[-58.640753,-34.312208],[-58.640924,-34.312111],[-58.640722,-34.311796],[-58.640541,-34.311873]]]}},{"type":"Feature","properties":{"partida":"357001486","cca":"357000100000000000000027900H00000000037000","tipo":"Urbano","sup_m2":917.8},"geometry":{"type":"Polygon","coordinates":[[[-58.640541,-34.311873],[-58.640337,-34.31196],[-58.640562,-34.312317],[-58.640753,-34.312208],[-58.640541,-34.311873]]]}},{"type":"Feature","properties":{"partida":"357001487","cca":"357000100000000000000027900H00000000038000","tipo":"Urbano","sup_m2":900.2},"geometry":{"type":"Polygon","coordinates":[[[-58.640337,-34.31196],[-58.640148,-34.31204],[-58.640384,-34.312418],[-58.640562,-34.312317],[-58.640337,-34.31196]]]}},{"type":"Feature","properties":{"partida":"357001488","cca":"357000100000000000000027900H00000000039000","tipo":"Urbano","sup_m2":944.9},"geometry":{"type":"Polygon","coordinates":[[[-58.640148,-34.31204],[-58.639957,-34.312121],[-58.640211,-34.312516],[-58.640384,-34.312418],[-58.640148,-34.31204]]]}},{"type":"Feature","properties":{"partida":"357001489","cca":"357000100000000000000027900H00000000040000","tipo":"Urbano","sup_m2":1005.2},"geometry":{"type":"Polygon","coordinates":[[[-58.64003,-34.312619],[-58.640211,-34.312516],[-58.639957,-34.312121],[-58.639768,-34.312202],[-58.64003,-34.312619]]]}},{"type":"Feature","properties":{"partida":"357001490","cca":"357000100000000000000027900H00000000041000","tipo":"Urbano","sup_m2":1046.9},"geometry":{"type":"Polygon","coordinates":[[[-58.639768,-34.312202],[-58.639577,-34.312283],[-58.639855,-34.312718],[-58.64003,-34.312619],[-58.639768,-34.312202]]]}},{"type":"Feature","properties":{"partida":"357001491","cca":"357000100000000000000027900H00000000042000","tipo":"Urbano","sup_m2":1139.0},"geometry":{"type":"Polygon","coordinates":[[[-58.63938,-34.312367],[-58.63967,-34.312823],[-58.639855,-34.312718],[-58.639577,-34.312283],[-58.63938,-34.312367]]]}},{"type":"Feature","properties":{"partida":"357001492","cca":"357000100000000000000027900H00000000043000","tipo":"Urbano","sup_m2":1197.5},"geometry":{"type":"Polygon","coordinates":[[[-58.63967,-34.312823],[-58.63938,-34.312367],[-58.639183,-34.312451],[-58.639486,-34.312928],[-58.63967,-34.312823]]]}},{"type":"Feature","properties":{"partida":"357001493","cca":"357000100000000000000027900H00000000044000","tipo":"Urbano","sup_m2":1252.1},"geometry":{"type":"Polygon","coordinates":[[[-58.638985,-34.312535],[-58.639301,-34.313032],[-58.639486,-34.312928],[-58.639183,-34.312451],[-58.638985,-34.312535]]]}},{"type":"Feature","properties":{"partida":"357001494","cca":"357000100000000000000027900H00000000045000","tipo":"Urbano","sup_m2":1255.3},"geometry":{"type":"Polygon","coordinates":[[[-58.639301,-34.313032],[-58.638985,-34.312535],[-58.638794,-34.312616],[-58.639123,-34.313133],[-58.639301,-34.313032]]]}},{"type":"Feature","properties":{"partida":"357001495","cca":"357000100000000000000027900H00000000046000","tipo":"Urbano","sup_m2":1278.0},"geometry":{"type":"Polygon","coordinates":[[[-58.638605,-34.312696],[-58.63895,-34.313231],[-58.639123,-34.313133],[-58.638794,-34.312616],[-58.638605,-34.312696]]]}},{"type":"Feature","properties":{"partida":"357001496","cca":"357000100000000000000027900H00000000047000","tipo":"Urbano","sup_m2":1340.7},"geometry":{"type":"Polygon","coordinates":[[[-58.638605,-34.312696],[-58.638417,-34.312776],[-58.638773,-34.313332],[-58.63895,-34.313231],[-58.638605,-34.312696]]]}},{"type":"Feature","properties":{"partida":"357001497","cca":"357000100000000000000027900H00000000048000","tipo":"Urbano","sup_m2":1470.0},"geometry":{"type":"Polygon","coordinates":[[[-58.638217,-34.312861],[-58.638586,-34.313438],[-58.638773,-34.313332],[-58.638417,-34.312776],[-58.638217,-34.312861]]]}},{"type":"Feature","properties":{"partida":"357001498","cca":"357000100000000000000027900H00000000049000","tipo":"Urbano","sup_m2":1640.1},"geometry":{"type":"Polygon","coordinates":[[[-58.638586,-34.313438],[-58.638217,-34.312861],[-58.638004,-34.312952],[-58.638385,-34.313552],[-58.638586,-34.313438]]]}},{"type":"Feature","properties":{"partida":"357001499","cca":"357000100000000000000027900J00000000001000","tipo":"Urbano","sup_m2":992.5},"geometry":{"type":"Polygon","coordinates":[[[-58.637532,-34.315643],[-58.637987,-34.315322],[-58.637848,-34.315185],[-58.637475,-34.315448],[-58.637532,-34.315643]]]}},{"type":"Feature","properties":{"partida":"357001500","cca":"357000100000000000000027900J00000000002000","tipo":"Urbano","sup_m2":1223.3},"geometry":{"type":"Polygon","coordinates":[[[-58.637532,-34.315643],[-58.63758,-34.315811],[-58.637603,-34.315835],[-58.638129,-34.315463],[-58.637987,-34.315322],[-58.637532,-34.315643]]]}},{"type":"Feature","properties":{"partida":"357001501","cca":"357000100000000000000027900J00000000014000","tipo":"Urbano","sup_m2":3174.2},"geometry":{"type":"Polygon","coordinates":[[[-58.641981,-34.312743],[-58.642597,-34.312308],[-58.642365,-34.311982],[-58.6417,-34.312469],[-58.641981,-34.312743]]]}},{"type":"Feature","properties":{"partida":"357001502","cca":"357000100000000000000027900J00000000015000","tipo":"Urbano","sup_m2":764.0},"geometry":{"type":"Polygon","coordinates":[[[-58.641981,-34.312743],[-58.6417,-34.312469],[-58.641541,-34.312581],[-58.641824,-34.312854],[-58.641981,-34.312743]]]}},{"type":"Feature","properties":{"partida":"357001503","cca":"357000100000000000000027900J00000000016000","tipo":"Urbano","sup_m2":733.9},"geometry":{"type":"Polygon","coordinates":[[[-58.641389,-34.312688],[-58.641673,-34.312961],[-58.641824,-34.312854],[-58.641541,-34.312581],[-58.641389,-34.312688]]]}},{"type":"Feature","properties":{"partida":"357001504","cca":"357000100000000000000027900J00000000017000","tipo":"Urbano","sup_m2":747.8},"geometry":{"type":"Polygon","coordinates":[[[-58.641389,-34.312688],[-58.641232,-34.312799],[-58.64152,-34.313069],[-58.641673,-34.312961],[-58.641389,-34.312688]]]}},{"type":"Feature","properties":{"partida":"357001505","cca":"357000100000000000000027900J00000000018000","tipo":"Urbano","sup_m2":741.8},"geometry":{"type":"Polygon","coordinates":[[[-58.641082,-34.312904],[-58.641363,-34.313179],[-58.64152,-34.313069],[-58.641232,-34.312799],[-58.641082,-34.312904]]]}},{"type":"Feature","properties":{"partida":"357001506","cca":"357000100000000000000027900J00000000019000","tipo":"Urbano","sup_m2":745.9},"geometry":{"type":"Polygon","coordinates":[[[-58.641082,-34.312904],[-58.640926,-34.313014],[-58.641211,-34.313287],[-58.641363,-34.313179],[-58.641082,-34.312904]]]}},{"type":"Feature","properties":{"partida":"357001507","cca":"357000100000000000000027900J00000000020000","tipo":"Urbano","sup_m2":749.9},"geometry":{"type":"Polygon","coordinates":[[[-58.640771,-34.313124],[-58.641056,-34.313396],[-58.641211,-34.313287],[-58.640926,-34.313014],[-58.640771,-34.313124]]]}},{"type":"Feature","properties":{"partida":"357001508","cca":"357000100000000000000027900J00000000021000","tipo":"Urbano","sup_m2":790.2},"geometry":{"type":"Polygon","coordinates":[[[-58.640771,-34.313124],[-58.640609,-34.313238],[-58.640892,-34.313512],[-58.641056,-34.313396],[-58.640771,-34.313124]]]}},{"type":"Feature","properties":{"partida":"357001509","cca":"357000100000000000000027900J00000000022000","tipo":"Urbano","sup_m2":720.3},"geometry":{"type":"Polygon","coordinates":[[[-58.640741,-34.313618],[-58.640892,-34.313512],[-58.640609,-34.313238],[-58.640462,-34.313342],[-58.640741,-34.313618]]]}},{"type":"Feature","properties":{"partida":"357001510","cca":"357000100000000000000027900J00000000023000","tipo":"Urbano","sup_m2":764.2},"geometry":{"type":"Polygon","coordinates":[[[-58.640741,-34.313618],[-58.640462,-34.313342],[-58.640302,-34.313455],[-58.640586,-34.313728],[-58.640741,-34.313618]]]}},{"type":"Feature","properties":{"partida":"357001511","cca":"357000100000000000000027900J00000000024000","tipo":"Urbano","sup_m2":702.1},"geometry":{"type":"Polygon","coordinates":[[[-58.640156,-34.313557],[-58.640441,-34.31383],[-58.640586,-34.313728],[-58.640302,-34.313455],[-58.640156,-34.313557]]]}},{"type":"Feature","properties":{"partida":"357001512","cca":"357000100000000000000027900J00000000025000","tipo":"Urbano","sup_m2":754.3},"geometry":{"type":"Polygon","coordinates":[[[-58.640156,-34.313557],[-58.639999,-34.313668],[-58.640287,-34.31394],[-58.640441,-34.31383],[-58.640156,-34.313557]]]}},{"type":"Feature","properties":{"partida":"357001513","cca":"357000100000000000000027900J00000000026000","tipo":"Urbano","sup_m2":741.8},"geometry":{"type":"Polygon","coordinates":[[[-58.640133,-34.314048],[-58.640287,-34.31394],[-58.639999,-34.313668],[-58.639847,-34.313775],[-58.640133,-34.314048]]]}},{"type":"Feature","properties":{"partida":"357001514","cca":"357000100000000000000027900J00000000027000","tipo":"Urbano","sup_m2":740.7},"geometry":{"type":"Polygon","coordinates":[[[-58.640133,-34.314048],[-58.639847,-34.313775],[-58.639695,-34.313882],[-58.639979,-34.314157],[-58.640133,-34.314048]]]}},{"type":"Feature","properties":{"partida":"357001515","cca":"357000100000000000000027900J00000000028000","tipo":"Urbano","sup_m2":754.6},"geometry":{"type":"Polygon","coordinates":[[[-58.639695,-34.313882],[-58.63954,-34.313992],[-58.639823,-34.314267],[-58.639979,-34.314157],[-58.639695,-34.313882]]]}},{"type":"Feature","properties":{"partida":"357001516","cca":"357000100000000000000027900J00000000029000","tipo":"Urbano","sup_m2":734.5},"geometry":{"type":"Polygon","coordinates":[[[-58.639823,-34.314267],[-58.63954,-34.313992],[-58.639386,-34.314101],[-58.639674,-34.314372],[-58.639823,-34.314267]]]}},{"type":"Feature","properties":{"partida":"357001517","cca":"357000100000000000000027900J00000000030000","tipo":"Urbano","sup_m2":786.4},"geometry":{"type":"Polygon","coordinates":[[[-58.639674,-34.314372],[-58.639386,-34.314101],[-58.639227,-34.314213],[-58.639509,-34.314488],[-58.639674,-34.314372]]]}},{"type":"Feature","properties":{"partida":"357001518","cca":"357000100000000000000027900J00000000031000","tipo":"Urbano","sup_m2":733.4},"geometry":{"type":"Polygon","coordinates":[[[-58.639359,-34.314595],[-58.639509,-34.314488],[-58.639227,-34.314213],[-58.639075,-34.31432],[-58.639359,-34.314595]]]}},{"type":"Feature","properties":{"partida":"357001519","cca":"357000100000000000000027900J00000000032000","tipo":"Urbano","sup_m2":749.8},"geometry":{"type":"Polygon","coordinates":[[[-58.639359,-34.314595],[-58.639075,-34.31432],[-58.638922,-34.314428],[-58.639203,-34.314705],[-58.639359,-34.314595]]]}},{"type":"Feature","properties":{"partida":"357001520","cca":"357000100000000000000027900J00000000033000","tipo":"Urbano","sup_m2":735.3},"geometry":{"type":"Polygon","coordinates":[[[-58.639053,-34.314811],[-58.639203,-34.314705],[-58.638922,-34.314428],[-58.638769,-34.314536],[-58.639053,-34.314811]]]}},{"type":"Feature","properties":{"partida":"357001521","cca":"357000100000000000000027900J00000000034000","tipo":"Urbano","sup_m2":753.9},"geometry":{"type":"Polygon","coordinates":[[[-58.638897,-34.31492],[-58.639053,-34.314811],[-58.638769,-34.314536],[-58.638613,-34.314646],[-58.638897,-34.31492]]]}},{"type":"Feature","properties":{"partida":"357001522","cca":"357000100000000000000027900J00000000035000","tipo":"Urbano","sup_m2":732.9},"geometry":{"type":"Polygon","coordinates":[[[-58.638747,-34.315027],[-58.638897,-34.31492],[-58.638613,-34.314646],[-58.638462,-34.314752],[-58.638747,-34.315027]]]}},{"type":"Feature","properties":{"partida":"357001523","cca":"357000100000000000000027900J00000000036000","tipo":"Urbano","sup_m2":763.5},"geometry":{"type":"Polygon","coordinates":[[[-58.638589,-34.315138],[-58.638747,-34.315027],[-58.638462,-34.314752],[-58.638305,-34.314863],[-58.638589,-34.315138]]]}},{"type":"Feature","properties":{"partida":"357001524","cca":"357000100000000000000027900J00000000037000","tipo":"Urbano","sup_m2":721.3},"geometry":{"type":"Polygon","coordinates":[[[-58.638305,-34.314863],[-58.638157,-34.314967],[-58.638441,-34.315243],[-58.638589,-34.315138],[-58.638305,-34.314863]]]}},{"type":"Feature","properties":{"partida":"357001525","cca":"357000100000000000000027900J00000000038000","tipo":"Urbano","sup_m2":781.0},"geometry":{"type":"Polygon","coordinates":[[[-58.638,-34.315078],[-58.638276,-34.315359],[-58.638441,-34.315243],[-58.638157,-34.314967],[-58.638,-34.315078]]]}},{"type":"Feature","properties":{"partida":"357001526","cca":"357000100000000000000027900J00000000039000","tipo":"Urbano","sup_m2":726.8},"geometry":{"type":"Polygon","coordinates":[[[-58.638,-34.315078],[-58.637848,-34.315185],[-58.638129,-34.315463],[-58.638276,-34.315359],[-58.638,-34.315078]]]}},{"type":"Feature","properties":{"partida":"357001580","cca":"357000100000000000000028100000000000002000","tipo":"Rural","sup_m2":97245.5},"geometry":{"type":"Polygon","coordinates":[[[-58.642967,-34.311738],[-58.64361,-34.313763],[-58.646654,-34.312043],[-58.646215,-34.311158],[-58.646314,-34.311108],[-58.646232,-34.310941],[-58.646964,-34.310536],[-58.646649,-34.309573],[-58.646107,-34.309926],[-58.646053,-34.309744],[-58.645794,-34.309914],[-58.64553,-34.309228],[-58.642967,-34.311738]]]}},{"type":"Feature","properties":{"partida":"357001684","cca":"357000100000000000000029100A0000000000100A","tipo":"Urbano","sup_m2":13655.1},"geometry":{"type":"Polygon","coordinates":[[[-58.646875,-34.321036],[-58.645944,-34.321093],[-58.645676,-34.321119],[-58.644196,-34.321185],[-58.644172,-34.321233],[-58.644574,-34.321982],[-58.644628,-34.322005],[-58.646332,-34.321382],[-58.646981,-34.321161],[-58.647031,-34.321106],[-58.646972,-34.321037],[-58.646875,-34.321036]]]}},{"type":"Feature","properties":{"partida":"357001701","cca":"357000100000000000000029100B00000000001000","tipo":"Urbano","sup_m2":904.0},"geometry":{"type":"Polygon","coordinates":[[[-58.644104,-34.321395],[-58.644005,-34.321214],[-58.643935,-34.321183],[-58.643654,-34.321194],[-58.643815,-34.321501],[-58.644104,-34.321395]]]}},{"type":"Feature","properties":{"partida":"357001702","cca":"357000100000000000000029100B00000000002000","tipo":"Urbano","sup_m2":886.9},"geometry":{"type":"Polygon","coordinates":[[[-58.643654,-34.321194],[-58.643418,-34.321204],[-58.64363,-34.321598],[-58.643829,-34.321528],[-58.643654,-34.321194]]]}},{"type":"Feature","properties":{"partida":"357001703","cca":"357000100000000000000029100B00000000003000","tipo":"Urbano","sup_m2":1031.0},"geometry":{"type":"Polygon","coordinates":[[[-58.643185,-34.321214],[-58.64343,-34.321669],[-58.64363,-34.321598],[-58.643418,-34.321204],[-58.643185,-34.321214]]]}},{"type":"Feature","properties":{"partida":"357001704","cca":"357000100000000000000029100B00000000004000","tipo":"Urbano","sup_m2":1164.5},"geometry":{"type":"Polygon","coordinates":[[[-58.643185,-34.321214],[-58.642955,-34.321223],[-58.643233,-34.321739],[-58.64343,-34.321669],[-58.643185,-34.321214]]]}},{"type":"Feature","properties":{"partida":"357001705","cca":"357000100000000000000029100B00000000005000","tipo":"Urbano","sup_m2":1288.7},"geometry":{"type":"Polygon","coordinates":[[[-58.642955,-34.321223],[-58.64273,-34.321232],[-58.643038,-34.321808],[-58.643233,-34.321739],[-58.642955,-34.321223]]]}},{"type":"Feature","properties":{"partida":"357001706","cca":"357000100000000000000029100B00000000006000","tipo":"Urbano","sup_m2":1463.2},"geometry":{"type":"Polygon","coordinates":[[[-58.642838,-34.321879],[-58.643038,-34.321808],[-58.64273,-34.321232],[-58.6425,-34.321242],[-58.642838,-34.321879]]]}},{"type":"Feature","properties":{"partida":"357001707","cca":"357000100000000000000029100B00000000007000","tipo":"Urbano","sup_m2":1655.0},"geometry":{"type":"Polygon","coordinates":[[[-58.642636,-34.32195],[-58.642838,-34.321879],[-58.6425,-34.321242],[-58.642261,-34.321252],[-58.642636,-34.32195]]]}},{"type":"Feature","properties":{"partida":"357001708","cca":"357000100000000000000029100B00000000008000","tipo":"Urbano","sup_m2":1791.8},"geometry":{"type":"Polygon","coordinates":[[[-58.642028,-34.321261],[-58.642431,-34.322023],[-58.642636,-34.32195],[-58.642261,-34.321252],[-58.642028,-34.321261]]]}},{"type":"Feature","properties":{"partida":"357001709","cca":"357000100000000000000029100B00000000009000","tipo":"Urbano","sup_m2":1917.2},"geometry":{"type":"Polygon","coordinates":[[[-58.641794,-34.321271],[-58.642234,-34.322093],[-58.642431,-34.322023],[-58.642028,-34.321261],[-58.641794,-34.321271]]]}},{"type":"Feature","properties":{"partida":"357001710","cca":"357000100000000000000029100B00000000010000","tipo":"Urbano","sup_m2":1763.3},"geometry":{"type":"Polygon","coordinates":[[[-58.641794,-34.321271],[-58.641162,-34.321297],[-58.641168,-34.321333],[-58.641211,-34.321419],[-58.641236,-34.321638],[-58.641244,-34.32166],[-58.641879,-34.321429],[-58.641794,-34.321271]]]}},{"type":"Feature","properties":{"partida":"357001711","cca":"357000100000000000000029100B00000000011000","tipo":"Urbano","sup_m2":1266.5},"geometry":{"type":"Polygon","coordinates":[[[-58.641311,-34.321827],[-58.641965,-34.321591],[-58.641879,-34.321429],[-58.641244,-34.32166],[-58.641311,-34.321827]]]}},{"type":"Feature","properties":{"partida":"357001712","cca":"357000100000000000000029100B00000000012000","tipo":"Urbano","sup_m2":1364.0},"geometry":{"type":"Polygon","coordinates":[[[-58.641311,-34.321827],[-58.641326,-34.321862],[-58.641346,-34.321941],[-58.641372,-34.322004],[-58.642055,-34.321759],[-58.641965,-34.321591],[-58.641311,-34.321827]]]}},{"type":"Feature","properties":{"partida":"357001713","cca":"357000100000000000000029100B00000000013000","tipo":"Urbano","sup_m2":1385.9},"geometry":{"type":"Polygon","coordinates":[[[-58.641372,-34.322004],[-58.641417,-34.322069],[-58.641354,-34.322106],[-58.64141,-34.322166],[-58.641411,-34.322183],[-58.642141,-34.321919],[-58.642055,-34.321759],[-58.641372,-34.322004]]]}},{"type":"Feature","properties":{"partida":"357001714","cca":"357000100000000000000029100B00000000014000","tipo":"Urbano","sup_m2":1597.0},"geometry":{"type":"Polygon","coordinates":[[[-58.64146,-34.322366],[-58.642234,-34.322093],[-58.642141,-34.321919],[-58.641411,-34.322183],[-58.641419,-34.322275],[-58.64142,-34.322354],[-58.64146,-34.322366]]]}},{"type":"Feature","properties":{"partida":"357001715","cca":"357000100000000000000029100B00000000015000","tipo":"Urbano","sup_m2":1199.5},"geometry":{"type":"Polygon","coordinates":[[[-58.64146,-34.322366],[-58.641579,-34.322542],[-58.642118,-34.322337],[-58.642029,-34.322165],[-58.64146,-34.322366]]]}},{"type":"Feature","properties":{"partida":"357001716","cca":"357000100000000000000029100B00000000016000","tipo":"Urbano","sup_m2":1058.0},"geometry":{"type":"Polygon","coordinates":[[[-58.641579,-34.322542],[-58.641648,-34.3227],[-58.642204,-34.3225],[-58.642118,-34.322337],[-58.641579,-34.322542]]]}},{"type":"Feature","properties":{"partida":"357001717","cca":"357000100000000000000029100B00000000017000","tipo":"Urbano","sup_m2":1106.6},"geometry":{"type":"Polygon","coordinates":[[[-58.641719,-34.322865],[-58.64229,-34.322665],[-58.642204,-34.3225],[-58.641648,-34.3227],[-58.641719,-34.322865]]]}},{"type":"Feature","properties":{"partida":"357001718","cca":"357000100000000000000029100B00000000018000","tipo":"Urbano","sup_m2":1209.5},"geometry":{"type":"Polygon","coordinates":[[[-58.641719,-34.322865],[-58.641793,-34.323047],[-58.642379,-34.322835],[-58.64229,-34.322665],[-58.641719,-34.322865]]]}},{"type":"Feature","properties":{"partida":"357001719","cca":"357000100000000000000029100B0000000001900A","tipo":"Urbano","sup_m2":16892.2},"geometry":{"type":"Polygon","coordinates":[[[-58.644104,-34.321395],[-58.643815,-34.321501],[-58.643829,-34.321528],[-58.642029,-34.322165],[-58.642379,-34.322835],[-58.644175,-34.322184],[-58.644416,-34.322093],[-58.644452,-34.322035],[-58.644104,-34.321395]]]}},{"type":"Feature","properties":{"partida":"357001757","cca":"357000100000000000000029100D0000000000100A","tipo":"Urbano","sup_m2":23417.2},"geometry":{"type":"Polygon","coordinates":[[[-58.642893,-34.323818],[-58.644974,-34.323089],[-58.644995,-34.323044],[-58.644539,-34.322189],[-58.64449,-34.322167],[-58.642431,-34.322892],[-58.642893,-34.323818]]]}},{"type":"Feature","properties":{"partida":"357001767","cca":"357000100000000000000029100D00000000011000","tipo":"Urbano","sup_m2":1671.2},"geometry":{"type":"Polygon","coordinates":[[[-58.642522,-34.323075],[-58.642431,-34.322892],[-58.641676,-34.323158],[-58.641758,-34.323344],[-58.642522,-34.323075]]]}},{"type":"Feature","properties":{"partida":"357001768","cca":"357000100000000000000029100D00000000012000","tipo":"Urbano","sup_m2":1691.9},"geometry":{"type":"Polygon","coordinates":[[[-58.642614,-34.323258],[-58.642522,-34.323075],[-58.641758,-34.323344],[-58.64184,-34.323531],[-58.642614,-34.323258]]]}},{"type":"Feature","properties":{"partida":"357001769","cca":"357000100000000000000029100D00000000013000","tipo":"Urbano","sup_m2":1714.8},"geometry":{"type":"Polygon","coordinates":[[[-58.642707,-34.323441],[-58.642614,-34.323258],[-58.64184,-34.323531],[-58.641922,-34.323717],[-58.642707,-34.323441]]]}},{"type":"Feature","properties":{"partida":"357001770","cca":"357000100000000000000029100D00000000014000","tipo":"Urbano","sup_m2":1735.3},"geometry":{"type":"Polygon","coordinates":[[[-58.642797,-34.323625],[-58.642707,-34.323441],[-58.641922,-34.323717],[-58.642004,-34.323904],[-58.642797,-34.323625]]]}},{"type":"Feature","properties":{"partida":"357001771","cca":"357000100000000000000029100D00000000015000","tipo":"Urbano","sup_m2":1869.1},"geometry":{"type":"Polygon","coordinates":[[[-58.642893,-34.323818],[-58.642797,-34.323625],[-58.642004,-34.323904],[-58.642092,-34.324104],[-58.642893,-34.323818]]]}},{"type":"Feature","properties":{"partida":"357001812","cca":"357000100000000000000029100F00000000001000","tipo":"Urbano","sup_m2":756.6},"geometry":{"type":"Polygon","coordinates":[[[-58.645192,-34.32338],[-58.645101,-34.323242],[-58.64504,-34.323229],[-58.644727,-34.323344],[-58.64482,-34.323515],[-58.645192,-34.32338]]]}},{"type":"Feature","properties":{"partida":"357001813","cca":"357000100000000000000029100F00000000002000","tipo":"Urbano","sup_m2":1229.3},"geometry":{"type":"Polygon","coordinates":[[[-58.644727,-34.323344],[-58.644528,-34.323418],[-58.644799,-34.323919],[-58.645,-34.323845],[-58.644727,-34.323344]]]}},{"type":"Feature","properties":{"partida":"357001814","cca":"357000100000000000000029100F00000000003000","tipo":"Urbano","sup_m2":1166.3},"geometry":{"type":"Polygon","coordinates":[[[-58.644528,-34.323418],[-58.644337,-34.323488],[-58.644609,-34.323988],[-58.644799,-34.323919],[-58.644528,-34.323418]]]}},{"type":"Feature","properties":{"partida":"357001815","cca":"357000100000000000000029100F00000000004000","tipo":"Urbano","sup_m2":1233.5},"geometry":{"type":"Polygon","coordinates":[[[-58.644135,-34.323562],[-58.644408,-34.324062],[-58.644609,-34.323988],[-58.644337,-34.323488],[-58.644135,-34.323562]]]}},{"type":"Feature","properties":{"partida":"357001816","cca":"357000100000000000000029100F00000000005000","tipo":"Urbano","sup_m2":1242.1},"geometry":{"type":"Polygon","coordinates":[[[-58.644135,-34.323562],[-58.643933,-34.323637],[-58.644204,-34.324137],[-58.644408,-34.324062],[-58.644135,-34.323562]]]}},{"type":"Feature","properties":{"partida":"357001817","cca":"357000100000000000000029100F00000000006000","tipo":"Urbano","sup_m2":1215.0},"geometry":{"type":"Polygon","coordinates":[[[-58.643933,-34.323637],[-58.643736,-34.323709],[-58.644004,-34.32421],[-58.644204,-34.324137],[-58.643933,-34.323637]]]}},{"type":"Feature","properties":{"partida":"357001818","cca":"357000100000000000000029100F00000000007000","tipo":"Urbano","sup_m2":1191.9},"geometry":{"type":"Polygon","coordinates":[[[-58.643541,-34.323781],[-58.643809,-34.324281],[-58.644004,-34.32421],[-58.643736,-34.323709],[-58.643541,-34.323781]]]}},{"type":"Feature","properties":{"partida":"357001819","cca":"357000100000000000000029100F00000000008000","tipo":"Urbano","sup_m2":1233.9},"geometry":{"type":"Polygon","coordinates":[[[-58.643541,-34.323781],[-58.643339,-34.323856],[-58.643607,-34.324355],[-58.643809,-34.324281],[-58.643541,-34.323781]]]}},{"type":"Feature","properties":{"partida":"357001820","cca":"357000100000000000000029100F00000000009000","tipo":"Urbano","sup_m2":1203.5},"geometry":{"type":"Polygon","coordinates":[[[-58.643339,-34.323856],[-58.643143,-34.323928],[-58.643409,-34.324427],[-58.643607,-34.324355],[-58.643339,-34.323856]]]}},{"type":"Feature","properties":{"partida":"357001821","cca":"357000100000000000000029100F00000000010000","tipo":"Urbano","sup_m2":1173.3},"geometry":{"type":"Polygon","coordinates":[[[-58.642951,-34.323999],[-58.643216,-34.324498],[-58.643409,-34.324427],[-58.643143,-34.323928],[-58.642951,-34.323999]]]}},{"type":"Feature","properties":{"partida":"357001822","cca":"357000100000000000000029100F00000000011000","tipo":"Urbano","sup_m2":1267.6},"geometry":{"type":"Polygon","coordinates":[[[-58.642951,-34.323999],[-58.642324,-34.324229],[-58.642355,-34.324305],[-58.642412,-34.324394],[-58.643038,-34.324163],[-58.642951,-34.323999]]]}},{"type":"Feature","properties":{"partida":"357001823","cca":"357000100000000000000029100F00000000012000","tipo":"Urbano","sup_m2":1204.7},"geometry":{"type":"Polygon","coordinates":[[[-58.642509,-34.324547],[-58.643123,-34.324323],[-58.643038,-34.324163],[-58.642412,-34.324394],[-58.642509,-34.324547]]]}},{"type":"Feature","properties":{"partida":"357001824","cca":"357000100000000000000029100F00000000013000","tipo":"Urbano","sup_m2":1252.9},"geometry":{"type":"Polygon","coordinates":[[[-58.642509,-34.324547],[-58.642535,-34.324589],[-58.64267,-34.324698],[-58.643216,-34.324498],[-58.643123,-34.324323],[-58.642509,-34.324547]]]}},{"type":"Feature","properties":{"partida":"357001825","cca":"357000100000000000000029100F00000000014000","tipo":"Urbano","sup_m2":1058.3},"geometry":{"type":"Polygon","coordinates":[[[-58.642744,-34.324866],[-58.643305,-34.324666],[-58.643216,-34.324498],[-58.64267,-34.324698],[-58.642772,-34.32478],[-58.642744,-34.324866]]]}},{"type":"Feature","properties":{"partida":"357001826","cca":"357000100000000000000029100F00000000015000","tipo":"Urbano","sup_m2":1181.4},"geometry":{"type":"Polygon","coordinates":[[[-58.642744,-34.324866],[-58.642733,-34.3249],[-58.642831,-34.325038],[-58.643394,-34.324834],[-58.643305,-34.324666],[-58.642744,-34.324866]]]}},{"type":"Feature","properties":{"partida":"357001827","cca":"357000100000000000000029100F00000000016000","tipo":"Urbano","sup_m2":1004.1},"geometry":{"type":"Polygon","coordinates":[[[-58.642831,-34.325038],[-58.642856,-34.325074],[-58.642914,-34.325105],[-58.642988,-34.325168],[-58.643476,-34.324989],[-58.643394,-34.324834],[-58.642831,-34.325038]]]}},{"type":"Feature","properties":{"partida":"357001828","cca":"357000100000000000000029100F00000000017000","tipo":"Urbano","sup_m2":1159.9},"geometry":{"type":"Polygon","coordinates":[[[-58.643476,-34.324989],[-58.643671,-34.324917],[-58.643409,-34.324427],[-58.643216,-34.324498],[-58.643476,-34.324989]]]}},{"type":"Feature","properties":{"partida":"357001829","cca":"357000100000000000000029100F00000000018000","tipo":"Urbano","sup_m2":1184.1},"geometry":{"type":"Polygon","coordinates":[[[-58.643671,-34.324917],[-58.643869,-34.324844],[-58.643607,-34.324355],[-58.643409,-34.324427],[-58.643671,-34.324917]]]}},{"type":"Feature","properties":{"partida":"357001830","cca":"357000100000000000000029100F00000000019000","tipo":"Urbano","sup_m2":1207.7},"geometry":{"type":"Polygon","coordinates":[[[-58.643869,-34.324844],[-58.644071,-34.32477],[-58.643809,-34.324281],[-58.643607,-34.324355],[-58.643869,-34.324844]]]}},{"type":"Feature","properties":{"partida":"357001831","cca":"357000100000000000000029100F00000000020000","tipo":"Urbano","sup_m2":1165.0},"geometry":{"type":"Polygon","coordinates":[[[-58.644071,-34.32477],[-58.644266,-34.324698],[-58.644004,-34.32421],[-58.643809,-34.324281],[-58.644071,-34.32477]]]}},{"type":"Feature","properties":{"partida":"357001832","cca":"357000100000000000000029100F00000000021000","tipo":"Urbano","sup_m2":1200.5},"geometry":{"type":"Polygon","coordinates":[[[-58.644266,-34.324698],[-58.644468,-34.324624],[-58.644204,-34.324137],[-58.644004,-34.32421],[-58.644266,-34.324698]]]}},{"type":"Feature","properties":{"partida":"357001833","cca":"357000100000000000000029100F00000000022000","tipo":"Urbano","sup_m2":1220.4},"geometry":{"type":"Polygon","coordinates":[[[-58.644673,-34.324549],[-58.644408,-34.324062],[-58.644204,-34.324137],[-58.644468,-34.324624],[-58.644673,-34.324549]]]}},{"type":"Feature","properties":{"partida":"357001834","cca":"357000100000000000000029100F00000000023000","tipo":"Urbano","sup_m2":1198.8},"geometry":{"type":"Polygon","coordinates":[[[-58.644673,-34.324549],[-58.644874,-34.324475],[-58.644609,-34.323988],[-58.644408,-34.324062],[-58.644673,-34.324549]]]}},{"type":"Feature","properties":{"partida":"357001835","cca":"357000100000000000000029100F00000000024000","tipo":"Urbano","sup_m2":1124.6},"geometry":{"type":"Polygon","coordinates":[[[-58.644874,-34.324475],[-58.645062,-34.324406],[-58.644799,-34.323919],[-58.644609,-34.323988],[-58.644874,-34.324475]]]}},{"type":"Feature","properties":{"partida":"357001876","cca":"357000100000000000000029100H00000000005000","tipo":"Urbano","sup_m2":1207.1},"geometry":{"type":"Polygon","coordinates":[[[-58.644855,-34.324642],[-58.644654,-34.324716],[-58.644913,-34.32521],[-58.645113,-34.325136],[-58.644855,-34.324642]]]}},{"type":"Feature","properties":{"partida":"357001877","cca":"357000100000000000000029100H00000000006000","tipo":"Urbano","sup_m2":1240.1},"geometry":{"type":"Polygon","coordinates":[[[-58.644707,-34.325286],[-58.644913,-34.32521],[-58.644654,-34.324716],[-58.644447,-34.324792],[-58.644707,-34.325286]]]}},{"type":"Feature","properties":{"partida":"357001878","cca":"357000100000000000000029100H00000000007000","tipo":"Urbano","sup_m2":1196.4},"geometry":{"type":"Polygon","coordinates":[[[-58.644509,-34.32536],[-58.644707,-34.325286],[-58.644447,-34.324792],[-58.644249,-34.324865],[-58.644509,-34.32536]]]}},{"type":"Feature","properties":{"partida":"357001879","cca":"357000100000000000000029100H00000000008000","tipo":"Urbano","sup_m2":1193.4},"geometry":{"type":"Polygon","coordinates":[[[-58.64431,-34.325433],[-58.644509,-34.32536],[-58.644249,-34.324865],[-58.644052,-34.324938],[-58.64431,-34.325433]]]}},{"type":"Feature","properties":{"partida":"357001880","cca":"357000100000000000000029100H00000000009000","tipo":"Urbano","sup_m2":1214.6},"geometry":{"type":"Polygon","coordinates":[[[-58.643849,-34.325012],[-58.644111,-34.325507],[-58.64431,-34.325433],[-58.644052,-34.324938],[-58.643849,-34.325012]]]}},{"type":"Feature","properties":{"partida":"357001882","cca":"357000100000000000000029100H00000000011000","tipo":"Urbano","sup_m2":1004.9},"geometry":{"type":"Polygon","coordinates":[[[-58.643289,-34.325421],[-58.643739,-34.325254],[-58.64365,-34.325086],[-58.643123,-34.325281],[-58.643289,-34.325421]]]}},{"type":"Feature","properties":{"partida":"357002083","cca":"357000100000000000000029100S0000000000100A","tipo":"Rural","sup_m2":81954.8},"geometry":{"type":"Polygon","coordinates":[[[-58.643194,-34.312454],[-58.638847,-34.316596],[-58.63938,-34.316844],[-58.639483,-34.316918],[-58.639942,-34.316625],[-58.640279,-34.316857],[-58.643854,-34.31451],[-58.643815,-34.314407],[-58.643194,-34.312454]]]}},{"type":"Feature","properties":{"partida":"357002084","cca":"357000100000000000000029100S0000000000100B","tipo":"Urbano","sup_m2":2134.8},"geometry":{"type":"Polygon","coordinates":[[[-58.639483,-34.316918],[-58.639824,-34.317158],[-58.640279,-34.316857],[-58.639942,-34.316625],[-58.639483,-34.316918]]]}},{"type":"Feature","properties":{"partida":"357002085","cca":"357000100000000000000029100S00000000002000","tipo":"Rural","sup_m2":58821.4},"geometry":{"type":"Polygon","coordinates":[[[-58.639824,-34.317158],[-58.640115,-34.317438],[-58.640397,-34.317635],[-58.640671,-34.317814],[-58.644417,-34.315991],[-58.643854,-34.31451],[-58.640279,-34.316857],[-58.639824,-34.317158]]]}},{"type":"Feature","properties":{"partida":"357002086","cca":"357000100000000000000029100S00000000003000","tipo":"Rural","sup_m2":56680.0},"geometry":{"type":"Polygon","coordinates":[[[-58.641288,-34.318756],[-58.645017,-34.317567],[-58.644417,-34.315991],[-58.640671,-34.317814],[-58.640813,-34.317906],[-58.641174,-34.31839],[-58.641259,-34.318729],[-58.641288,-34.318756]]]}},{"type":"Feature","properties":{"partida":"357002087","cca":"357000100000000000000029100S0000000000400A","tipo":"Urbano","sup_m2":10941.8},"geometry":{"type":"Polygon","coordinates":[[[-58.645017,-34.317567],[-58.641288,-34.318756],[-58.641401,-34.318863],[-58.641355,-34.318951],[-58.64514,-34.31789],[-58.645017,-34.317567]]]}},{"type":"Feature","properties":{"partida":"357002088","cca":"357000100000000000000029100S0000000000400B","tipo":"Rural","sup_m2":10750.7},"geometry":{"type":"Polygon","coordinates":[[[-58.641355,-34.318951],[-58.641305,-34.319049],[-58.641335,-34.319103],[-58.641349,-34.319161],[-58.641344,-34.319206],[-58.641777,-34.319132],[-58.645224,-34.318112],[-58.64514,-34.31789],[-58.641355,-34.318951]]]}},{"type":"Feature","properties":{"partida":"357002089","cca":"357000100000000000000029100S0000000000400D","tipo":"Rural","sup_m2":43778.4},"geometry":{"type":"Polygon","coordinates":[[[-58.645524,-34.318901],[-58.645224,-34.318112],[-58.641777,-34.319132],[-58.641344,-34.319206],[-58.641338,-34.319262],[-58.641364,-34.31931],[-58.641334,-34.319337],[-58.641247,-34.319433],[-58.641294,-34.319486],[-58.641303,-34.319531],[-58.64129,-34.319593],[-58.641334,-34.319653],[-58.641333,-34.319694],[-58.641237,-34.319756],[-58.641351,-34.319815],[-58.64121,-34.319867],[-58.641154,-34.319927],[-58.645894,-34.319382],[-58.645524,-34.318901]]]}},{"type":"Feature","properties":{"partida":"357002090","cca":"357000100000000000000029100S00000000005000","tipo":"Rural","sup_m2":50881.0},"geometry":{"type":"Polygon","coordinates":[[[-58.646176,-34.319748],[-58.645894,-34.319382],[-58.641154,-34.319927],[-58.641174,-34.319967],[-58.641172,-34.320031],[-58.641209,-34.32011],[-58.64129,-34.32012],[-58.641315,-34.320135],[-58.641269,-34.320157],[-58.641203,-34.320172],[-58.641139,-34.320292],[-58.641198,-34.32031],[-58.641199,-34.32034],[-58.641141,-34.320374],[-58.641112,-34.320489],[-58.641118,-34.320519],[-58.641137,-34.320561],[-58.641207,-34.320601],[-58.64118,-34.320706],[-58.645711,-34.320593],[-58.64644,-34.320109],[-58.646176,-34.319748]]]}},{"type":"Feature","properties":{"partida":"357018723","cca":"357000100000000000000029100S0000000000600A","tipo":"Urbano","sup_m2":1180.4},"geometry":{"type":"Polygon","coordinates":[[[-58.641129,-34.3209],[-58.64174,-34.320882],[-58.641776,-34.320691],[-58.64118,-34.320706],[-58.641129,-34.3209]]]}},{"type":"Feature","properties":{"partida":"357019996","cca":"35700010000000000000004220000000000000400C","tipo":"Rural","sup_m2":9891.3},"geometry":{"type":"Polygon","coordinates":[[[-58.635597,-34.307632],[-58.635555,-34.307523],[-58.635498,-34.307487],[-58.635509,-34.307359],[-58.63549,-34.307269],[-58.631952,-34.307044],[-58.632,-34.307241],[-58.635597,-34.307632]]]}},{"type":"Feature","properties":{"partida":"357006324","cca":"35700010000000000000004230000000000000200C","tipo":"Rural","sup_m2":46357.6},"geometry":{"type":"Polygon","coordinates":[[[-58.62859,-34.307776],[-58.6211,-34.307027],[-58.621081,-34.30705],[-58.621083,-34.3071],[-58.62107,-34.307114],[-58.621049,-34.307091],[-58.621023,-34.307108],[-58.62099,-34.307095],[-58.620955,-34.307133],[-58.620957,-34.307172],[-58.620986,-34.307199],[-58.621009,-34.307193],[-58.621058,-34.307202],[-58.621079,-34.307209],[-58.621062,-34.30731],[-58.621042,-34.307331],[-58.621046,-34.307358],[-58.621074,-34.30738],[-58.621081,-34.307399],[-58.621094,-34.307403],[-58.628765,-34.308614],[-58.62859,-34.307776]]]}},{"type":"Feature","properties":{"partida":"357019791","cca":"35700010000000000000004230000000000000200D","tipo":"Rural","sup_m2":90256.3},"geometry":{"type":"Polygon","coordinates":[[[-58.628765,-34.308614],[-58.621094,-34.307403],[-58.621087,-34.307419],[-58.621083,-34.307447],[-58.621071,-34.30749],[-58.621053,-34.307539],[-58.620998,-34.307547],[-58.620961,-34.307577],[-58.62097,-34.307619],[-58.621011,-34.307632],[-58.621036,-34.307628],[-58.621046,-34.307657],[-58.621042,-34.307681],[-58.621062,-34.307771],[-58.623021,-34.307964],[-58.622622,-34.30919],[-58.623536,-34.309641],[-58.629133,-34.309377],[-58.628788,-34.308723],[-58.628765,-34.308614]]]}},{"type":"Feature","properties":{"partida":"357006393","cca":"35700010000000000000004270000000000000100A","tipo":"Rural","sup_m2":65894.8},"geometry":{"type":"Polygon","coordinates":[[[-58.628512,-34.307403],[-58.628677,-34.308193],[-58.635425,-34.308136],[-58.635647,-34.308131],[-58.635511,-34.307764],[-58.635597,-34.307632],[-58.628421,-34.306851],[-58.628512,-34.307403]]]}},{"type":"Feature","properties":{"partida":"357006394","cca":"35700010000000000000004270000000000000100B","tipo":"Rural","sup_m2":69782.8},"geometry":{"type":"Polygon","coordinates":[[[-58.635894,-34.308909],[-58.635818,-34.308853],[-58.635864,-34.308827],[-58.635882,-34.308769],[-58.635874,-34.308722],[-58.635858,-34.308694],[-58.635801,-34.308681],[-58.635774,-34.308621],[-58.635766,-34.308578],[-58.635727,-34.308558],[-58.635743,-34.308521],[-58.635732,-34.308476],[-58.635735,-34.308431],[-58.635695,-34.308338],[-58.635672,-34.308262],[-58.635699,-34.308228],[-58.635664,-34.308175],[-58.635647,-34.308131],[-58.635425,-34.308136],[-58.628677,-34.308193],[-58.628788,-34.308723],[-58.629133,-34.309377],[-58.635735,-34.30891],[-58.635894,-34.308909]]]}},{"type":"Feature","properties":{"partida":"357006395","cca":"357000100000000000000042700000000000002000","tipo":"Rural","sup_m2":105319.3},"geometry":{"type":"Polygon","coordinates":[[[-58.635894,-34.308909],[-58.635735,-34.30891],[-58.629133,-34.309377],[-58.629251,-34.311033],[-58.636931,-34.309991],[-58.636993,-34.30998],[-58.636871,-34.309889],[-58.636817,-34.30987],[-58.636752,-34.309856],[-58.636733,-34.309826],[-58.636674,-34.309815],[-58.636683,-34.309742],[-58.636641,-34.309672],[-58.636557,-34.309644],[-58.63644,-34.309618],[-58.636427,-34.309566],[-58.636425,-34.309523],[-58.636369,-34.309477],[-58.636312,-34.309447],[-58.636281,-34.309393],[-58.636246,-34.309359],[-58.63622,-34.309298],[-58.636182,-34.309279],[-58.636202,-34.309211],[-58.63615,-34.309205],[-58.636077,-34.309205],[-58.636045,-34.309155],[-58.636022,-34.309098],[-58.635942,-34.308961],[-58.635894,-34.308909]]]}},{"type":"Feature","properties":{"partida":"357006396","cca":"357000100000000000000042700000000000003000","tipo":"Rural","sup_m2":90314.2},"geometry":{"type":"Polygon","coordinates":[[[-58.636993,-34.30998],[-58.636931,-34.309991],[-58.629251,-34.311033],[-58.629505,-34.312313],[-58.633493,-34.311448],[-58.637219,-34.311032],[-58.637601,-34.31097],[-58.637528,-34.31094],[-58.637523,-34.310858],[-58.637522,-34.31079],[-58.637544,-34.310733],[-58.637547,-34.310667],[-58.637557,-34.310637],[-58.63755,-34.310569],[-58.637531,-34.310498],[-58.637351,-34.310221],[-58.637265,-34.310123],[-58.636993,-34.30998]]]}},{"type":"Feature","properties":{"partida":"357006397","cca":"357000100000000000000042700000000000004000","tipo":"Rural","sup_m2":67874.6},"geometry":{"type":"Polygon","coordinates":[[[-58.637526,-34.311994],[-58.637551,-34.311966],[-58.63761,-34.311964],[-58.637622,-34.311923],[-58.637613,-34.31188],[-58.637577,-34.311827],[-58.637586,-34.311773],[-58.637599,-34.311727],[-58.637639,-34.311677],[-58.637619,-34.311646],[-58.637616,-34.311617],[-58.637613,-34.311185],[-58.637619,-34.31112],[-58.637569,-34.311033],[-58.637578,-34.31101],[-58.637599,-34.310996],[-58.637601,-34.31097],[-58.637219,-34.311032],[-58.633493,-34.311448],[-58.629505,-34.312313],[-58.629703,-34.313311],[-58.633458,-34.312086],[-58.637343,-34.312002],[-58.637526,-34.311994]]]}},{"type":"Feature","properties":{"partida":"357006398","cca":"357000100000000000000042700000000000005000","tipo":"Rural","sup_m2":47010.8},"geometry":{"type":"Polygon","coordinates":[[[-58.637526,-34.311994],[-58.637343,-34.312002],[-58.633458,-34.312086],[-58.629703,-34.313311],[-58.629804,-34.313822],[-58.633519,-34.312378],[-58.637094,-34.313138],[-58.637232,-34.313181],[-58.637342,-34.313027],[-58.637441,-34.312729],[-58.637441,-34.312672],[-58.637492,-34.312578],[-58.637508,-34.312513],[-58.637551,-34.312456],[-58.637592,-34.312393],[-58.637577,-34.312163],[-58.637563,-34.312095],[-58.637524,-34.312056],[-58.637526,-34.311994]]]}},{"type":"Feature","properties":{"partida":"357006399","cca":"357000100000000000000042700000000000006000","tipo":"Rural","sup_m2":91743.2},"geometry":{"type":"Polygon","coordinates":[[[-58.637232,-34.313181],[-58.637094,-34.313138],[-58.633519,-34.312378],[-58.629804,-34.313822],[-58.629953,-34.314571],[-58.636992,-34.313774],[-58.637013,-34.313653],[-58.637004,-34.313635],[-58.637007,-34.313605],[-58.637032,-34.313562],[-58.637036,-34.313533],[-58.637035,-34.313512],[-58.637051,-34.313467],[-58.637064,-34.313435],[-58.637093,-34.313394],[-58.637106,-34.313317],[-58.637091,-34.313283],[-58.637103,-34.313252],[-58.637136,-34.313214],[-58.637201,-34.313207],[-58.637232,-34.313181]]]}},{"type":"Feature","properties":{"partida":"357020351","cca":"357000100000000000000042800A0000000000100B","tipo":"Rural","sup_m2":79822.8},"geometry":{"type":"Polygon","coordinates":[[[-58.623819,-34.311182],[-58.629224,-34.310653],[-58.629133,-34.309377],[-58.623536,-34.309641],[-58.623612,-34.310005],[-58.623819,-34.311182]]]}},{"type":"Feature","properties":{"partida":"357006465","cca":"357000100000000000000043300A00000000001000","tipo":"Urbano","sup_m2":1488.5},"geometry":{"type":"Polygon","coordinates":[[[-58.62902,-34.31107],[-58.62914,-34.311683],[-58.62937,-34.311635],[-58.629251,-34.311033],[-58.629117,-34.31105],[-58.62902,-34.31107]]]}},{"type":"Feature","properties":{"partida":"357006466","cca":"357000100000000000000043300A00000000002000","tipo":"Urbano","sup_m2":1360.0},"geometry":{"type":"Polygon","coordinates":[[[-58.62914,-34.311683],[-58.62902,-34.31107],[-58.628811,-34.311112],[-58.628931,-34.311726],[-58.62914,-34.311683]]]}},{"type":"Feature","properties":{"partida":"357006467","cca":"357000100000000000000043300A00000000003000","tipo":"Urbano","sup_m2":1404.7},"geometry":{"type":"Polygon","coordinates":[[[-58.628716,-34.31177],[-58.628931,-34.311726],[-58.628811,-34.311112],[-58.628596,-34.311156],[-58.628716,-34.31177]]]}},{"type":"Feature","properties":{"partida":"357006468","cca":"357000100000000000000043300A00000000004000","tipo":"Urbano","sup_m2":1404.3},"geometry":{"type":"Polygon","coordinates":[[[-58.628501,-34.311815],[-58.628716,-34.31177],[-58.628596,-34.311156],[-58.62838,-34.3112],[-58.628501,-34.311815]]]}},{"type":"Feature","properties":{"partida":"357006469","cca":"357000100000000000000043300A00000000005000","tipo":"Urbano","sup_m2":1415.5},"geometry":{"type":"Polygon","coordinates":[[[-58.628501,-34.311815],[-58.62838,-34.3112],[-58.628164,-34.311244],[-58.628285,-34.311859],[-58.628501,-34.311815]]]}},{"type":"Feature","properties":{"partida":"357006470","cca":"357000100000000000000043300A00000000006000","tipo":"Urbano","sup_m2":1374.1},"geometry":{"type":"Polygon","coordinates":[[[-58.628075,-34.311902],[-58.628285,-34.311859],[-58.628164,-34.311244],[-58.627953,-34.311287],[-58.628075,-34.311902]]]}},{"type":"Feature","properties":{"partida":"357006471","cca":"357000100000000000000043300A00000000007000","tipo":"Urbano","sup_m2":1374.2},"geometry":{"type":"Polygon","coordinates":[[[-58.627953,-34.311287],[-58.627744,-34.311329],[-58.627865,-34.311946],[-58.628075,-34.311902],[-58.627953,-34.311287]]]}},{"type":"Feature","properties":{"partida":"357006472","cca":"357000100000000000000043300A00000000008000","tipo":"Urbano","sup_m2":1426.9},"geometry":{"type":"Polygon","coordinates":[[[-58.627649,-34.311992],[-58.627865,-34.311946],[-58.627744,-34.311329],[-58.627525,-34.311374],[-58.627649,-34.311992]]]}},{"type":"Feature","properties":{"partida":"357006473","cca":"357000100000000000000043300A00000000009000","tipo":"Urbano","sup_m2":1317.8},"geometry":{"type":"Polygon","coordinates":[[[-58.627447,-34.312032],[-58.627649,-34.311992],[-58.627525,-34.311374],[-58.627326,-34.311414],[-58.627447,-34.312032]]]}},{"type":"Feature","properties":{"partida":"357006474","cca":"357000100000000000000043300A00000000010000","tipo":"Urbano","sup_m2":1397.8},"geometry":{"type":"Polygon","coordinates":[[[-58.627447,-34.312032],[-58.627326,-34.311414],[-58.627111,-34.311458],[-58.627236,-34.312075],[-58.627447,-34.312032]]]}},{"type":"Feature","properties":{"partida":"357006475","cca":"357000100000000000000043300A00000000011000","tipo":"Urbano","sup_m2":1734.2},"geometry":{"type":"Polygon","coordinates":[[[-58.626342,-34.311642],[-58.627191,-34.311853],[-58.627111,-34.311458],[-58.626343,-34.311614],[-58.626342,-34.311642]]]}},{"type":"Feature","properties":{"partida":"357006476","cca":"357000100000000000000043300A00000000012000","tipo":"Urbano","sup_m2":1918.0},"geometry":{"type":"Polygon","coordinates":[[[-58.627236,-34.312075],[-58.627191,-34.311853],[-58.626342,-34.311642],[-58.626339,-34.31186],[-58.627236,-34.312075]]]}},{"type":"Feature","properties":{"partida":"357006477","cca":"357000100000000000000043300A00000000013000","tipo":"Urbano","sup_m2":1701.1},"geometry":{"type":"Polygon","coordinates":[[[-58.62703,-34.312234],[-58.627236,-34.312075],[-58.626339,-34.31186],[-58.626336,-34.31207],[-58.62703,-34.312234]]]}},{"type":"Feature","properties":{"partida":"357006478","cca":"357000100000000000000043300A00000000014000","tipo":"Urbano","sup_m2":1648.8},"geometry":{"type":"Polygon","coordinates":[[[-58.62703,-34.312234],[-58.626336,-34.31207],[-58.626331,-34.312361],[-58.626737,-34.312459],[-58.62703,-34.312234]]]}},{"type":"Feature","properties":{"partida":"357006479","cca":"357000100000000000000043300A00000000015000","tipo":"Urbano","sup_m2":2183.8},"geometry":{"type":"Polygon","coordinates":[[[-58.626813,-34.312839],[-58.626737,-34.312459],[-58.626331,-34.312361],[-58.626322,-34.312935],[-58.626813,-34.312839]]]}},{"type":"Feature","properties":{"partida":"357006480","cca":"357000100000000000000043300A00000000016000","tipo":"Urbano","sup_m2":1578.0},"geometry":{"type":"Polygon","coordinates":[[[-58.62703,-34.312234],[-58.626737,-34.312459],[-58.626813,-34.312839],[-58.627134,-34.312776],[-58.62703,-34.312234]]]}},{"type":"Feature","properties":{"partida":"357006481","cca":"357000100000000000000043300A00000000017000","tipo":"Urbano","sup_m2":1455.8},"geometry":{"type":"Polygon","coordinates":[[[-58.627236,-34.312075],[-58.62703,-34.312234],[-58.627134,-34.312776],[-58.627364,-34.312731],[-58.627236,-34.312075]]]}},{"type":"Feature","properties":{"partida":"357006482","cca":"357000100000000000000043300A00000000018000","tipo":"Urbano","sup_m2":1467.7},"geometry":{"type":"Polygon","coordinates":[[[-58.627447,-34.312032],[-58.627236,-34.312075],[-58.627364,-34.312731],[-58.627575,-34.31269],[-58.627447,-34.312032]]]}},{"type":"Feature","properties":{"partida":"357006483","cca":"357000100000000000000043300A00000000019000","tipo":"Urbano","sup_m2":1431.0},"geometry":{"type":"Polygon","coordinates":[[[-58.627447,-34.312032],[-58.627575,-34.31269],[-58.627782,-34.31265],[-58.627649,-34.311992],[-58.627447,-34.312032]]]}},{"type":"Feature","properties":{"partida":"357006484","cca":"357000100000000000000043300A00000000020000","tipo":"Urbano","sup_m2":1507.3},"geometry":{"type":"Polygon","coordinates":[[[-58.627865,-34.311946],[-58.627649,-34.311992],[-58.627782,-34.31265],[-58.627996,-34.312608],[-58.627865,-34.311946]]]}},{"type":"Feature","properties":{"partida":"357006485","cca":"357000100000000000000043300A00000000021000","tipo":"Urbano","sup_m2":1484.2},"geometry":{"type":"Polygon","coordinates":[[[-58.627996,-34.312608],[-58.628207,-34.312567],[-58.628075,-34.311902],[-58.627865,-34.311946],[-58.627996,-34.312608]]]}},{"type":"Feature","properties":{"partida":"357006486","cca":"357000100000000000000043300A00000000022000","tipo":"Urbano","sup_m2":1480.7},"geometry":{"type":"Polygon","coordinates":[[[-58.628075,-34.311902],[-58.628207,-34.312567],[-58.628416,-34.312526],[-58.628285,-34.311859],[-58.628075,-34.311902]]]}},{"type":"Feature","properties":{"partida":"357006487","cca":"357000100000000000000043300A00000000023000","tipo":"Urbano","sup_m2":1536.8},"geometry":{"type":"Polygon","coordinates":[[[-58.628501,-34.311815],[-58.628285,-34.311859],[-58.628416,-34.312526],[-58.628633,-34.312484],[-58.628501,-34.311815]]]}},{"type":"Feature","properties":{"partida":"357006488","cca":"357000100000000000000043300A00000000024000","tipo":"Urbano","sup_m2":1528.0},"geometry":{"type":"Polygon","coordinates":[[[-58.628716,-34.31177],[-58.628501,-34.311815],[-58.628633,-34.312484],[-58.628848,-34.312442],[-58.628716,-34.31177]]]}},{"type":"Feature","properties":{"partida":"357006489","cca":"357000100000000000000043300A00000000025000","tipo":"Urbano","sup_m2":1535.7},"geometry":{"type":"Polygon","coordinates":[[[-58.628931,-34.311726],[-58.628716,-34.31177],[-58.628848,-34.312442],[-58.629063,-34.3124],[-58.628931,-34.311726]]]}},{"type":"Feature","properties":{"partida":"357006490","cca":"357000100000000000000043300A00000000026000","tipo":"Urbano","sup_m2":1493.7},"geometry":{"type":"Polygon","coordinates":[[[-58.62914,-34.311683],[-58.628931,-34.311726],[-58.629063,-34.3124],[-58.629271,-34.312359],[-58.62914,-34.311683]]]}},{"type":"Feature","properties":{"partida":"357006491","cca":"357000100000000000000043300A00000000027000","tipo":"Urbano","sup_m2":1669.0},"geometry":{"type":"Polygon","coordinates":[[[-58.62914,-34.311683],[-58.629271,-34.312359],[-58.629505,-34.312313],[-58.62937,-34.311635],[-58.62914,-34.311683]]]}},{"type":"Feature","properties":{"partida":"357006492","cca":"357000100000000000000043300B00000000001000","tipo":"Urbano","sup_m2":4710.3},"geometry":{"type":"Polygon","coordinates":[[[-58.625208,-34.31224],[-58.62617,-34.312254],[-58.626179,-34.311647],[-58.625323,-34.311822],[-58.625208,-34.31224]]]}},{"type":"Feature","properties":{"partida":"357006493","cca":"357000100000000000000043300B00000000002000","tipo":"Urbano","sup_m2":1829.1},"geometry":{"type":"Polygon","coordinates":[[[-58.625208,-34.31224],[-58.625203,-34.312259],[-58.625207,-34.312418],[-58.626167,-34.312449],[-58.62617,-34.312254],[-58.625208,-34.31224]]]}},{"type":"Feature","properties":{"partida":"357006494","cca":"357000100000000000000043300B00000000003000","tipo":"Urbano","sup_m2":1607.8},"geometry":{"type":"Polygon","coordinates":[[[-58.625215,-34.312585],[-58.626164,-34.312611],[-58.626167,-34.312449],[-58.625207,-34.312418],[-58.625212,-34.312565],[-58.625215,-34.312585]]]}},{"type":"Feature","properties":{"partida":"357006495","cca":"357000100000000000000043300B00000000004000","tipo":"Urbano","sup_m2":1381.8},"geometry":{"type":"Polygon","coordinates":[[[-58.625728,-34.312876],[-58.625725,-34.312599],[-58.625215,-34.312585],[-58.625263,-34.312864],[-58.625728,-34.312876]]]}},{"type":"Feature","properties":{"partida":"357006496","cca":"357000100000000000000043300B00000000005000","tipo":"Urbano","sup_m2":1464.6},"geometry":{"type":"Polygon","coordinates":[[[-58.62616,-34.312887],[-58.625728,-34.312876],[-58.625263,-34.312864],[-58.625274,-34.312927],[-58.625328,-34.313034],[-58.626157,-34.313049],[-58.62616,-34.312887]]]}},{"type":"Feature","properties":{"partida":"357006497","cca":"357000100000000000000043300B00000000006000","tipo":"Urbano","sup_m2":1556.2},"geometry":{"type":"Polygon","coordinates":[[[-58.62537,-34.313234],[-58.626155,-34.313232],[-58.626157,-34.313049],[-58.625328,-34.313034],[-58.625366,-34.313109],[-58.62537,-34.313234]]]}},{"type":"Feature","properties":{"partida":"357006498","cca":"357000100000000000000043300B00000000007000","tipo":"Urbano","sup_m2":1897.2},"geometry":{"type":"Polygon","coordinates":[[[-58.625376,-34.31346],[-58.626151,-34.313482],[-58.626155,-34.313232],[-58.62537,-34.313234],[-58.625376,-34.31346]]]}},{"type":"Feature","properties":{"partida":"357006499","cca":"357000100000000000000043300B00000000008000","tipo":"Urbano","sup_m2":1922.3},"geometry":{"type":"Polygon","coordinates":[[[-58.625722,-34.313919],[-58.625727,-34.31347],[-58.625376,-34.31346],[-58.62538,-34.313583],[-58.625244,-34.313853],[-58.625211,-34.313933],[-58.625722,-34.313919]]]}},{"type":"Feature","properties":{"partida":"357006500","cca":"357000100000000000000043300B00000000009000","tipo":"Urbano","sup_m2":1890.2},"geometry":{"type":"Polygon","coordinates":[[[-58.625722,-34.313919],[-58.626144,-34.313908],[-58.626151,-34.313482],[-58.625727,-34.31347],[-58.625722,-34.313919]]]}},{"type":"Feature","properties":{"partida":"357006501","cca":"357000100000000000000043300B00000000010000","tipo":"Urbano","sup_m2":1231.0},"geometry":{"type":"Polygon","coordinates":[[[-58.625728,-34.312876],[-58.62616,-34.312887],[-58.626164,-34.312611],[-58.625725,-34.312599],[-58.625728,-34.312876]]]}},{"type":"Feature","properties":{"partida":"357006502","cca":"357000100000000000000043300C00000000001000","tipo":"Urbano","sup_m2":3294.6},"geometry":{"type":"Polygon","coordinates":[[[-58.62504,-34.312262],[-58.625146,-34.311858],[-58.623971,-34.312104],[-58.623984,-34.312289],[-58.62504,-34.312262]]]}},{"type":"Feature","properties":{"partida":"357006503","cca":"357000100000000000000043300C00000000002000","tipo":"Urbano","sup_m2":959.3},"geometry":{"type":"Polygon","coordinates":[[[-58.62399,-34.312578],[-58.623984,-34.312289],[-58.623971,-34.312104],[-58.623765,-34.312147],[-58.623793,-34.312586],[-58.62399,-34.312578]]]}},{"type":"Feature","properties":{"partida":"357006504","cca":"357000100000000000000043300C00000000003000","tipo":"Urbano","sup_m2":3183.8},"geometry":{"type":"Polygon","coordinates":[[[-58.623765,-34.312147],[-58.622919,-34.312324],[-58.62297,-34.312621],[-58.623793,-34.312586],[-58.623765,-34.312147]]]}},{"type":"Feature","properties":{"partida":"357006505","cca":"357000100000000000000043300C00000000004000","tipo":"Urbano","sup_m2":2254.8},"geometry":{"type":"Polygon","coordinates":[[[-58.62391,-34.312581],[-58.62297,-34.312621],[-58.623007,-34.312841],[-58.624011,-34.312811],[-58.62391,-34.312581]]]}},{"type":"Feature","properties":{"partida":"357006506","cca":"357000100000000000000043300C00000000005000","tipo":"Urbano","sup_m2":2024.5},"geometry":{"type":"Polygon","coordinates":[[[-58.623007,-34.312841],[-58.623041,-34.313039],[-58.624091,-34.312995],[-58.624011,-34.312811],[-58.623007,-34.312841]]]}},{"type":"Feature","properties":{"partida":"357006507","cca":"357000100000000000000043300C00000000006000","tipo":"Urbano","sup_m2":1809.2},"geometry":{"type":"Polygon","coordinates":[[[-58.623041,-34.313039],[-58.62307,-34.313207],[-58.624072,-34.313172],[-58.624091,-34.312995],[-58.623041,-34.313039]]]}},{"type":"Feature","properties":{"partida":"357006508","cca":"357000100000000000000043300C00000000007000","tipo":"Urbano","sup_m2":1891.8},"geometry":{"type":"Polygon","coordinates":[[[-58.62307,-34.313207],[-58.623101,-34.313391],[-58.62405,-34.313368],[-58.624072,-34.313172],[-58.62307,-34.313207]]]}},{"type":"Feature","properties":{"partida":"357006509","cca":"357000100000000000000043300C00000000008000","tipo":"Urbano","sup_m2":1932.7},"geometry":{"type":"Polygon","coordinates":[[[-58.623136,-34.313594],[-58.624028,-34.313575],[-58.62405,-34.313368],[-58.623101,-34.313391],[-58.623136,-34.313594]]]}},{"type":"Feature","properties":{"partida":"357006510","cca":"357000100000000000000043300C00000000009000","tipo":"Urbano","sup_m2":1956.9},"geometry":{"type":"Polygon","coordinates":[[[-58.623136,-34.313594],[-58.623175,-34.313822],[-58.624004,-34.313792],[-58.624028,-34.313575],[-58.623136,-34.313594]]]}},{"type":"Feature","properties":{"partida":"357006511","cca":"357000100000000000000043300C00000000010000","tipo":"Urbano","sup_m2":1869.9},"geometry":{"type":"Polygon","coordinates":[[[-58.623175,-34.313822],[-58.623213,-34.314044],[-58.624035,-34.314011],[-58.624004,-34.313792],[-58.623175,-34.313822]]]}},{"type":"Feature","properties":{"partida":"357006512","cca":"357000100000000000000043300C00000000011000","tipo":"Urbano","sup_m2":1852.7},"geometry":{"type":"Polygon","coordinates":[[[-58.623213,-34.314044],[-58.62325,-34.314261],[-58.624067,-34.314234],[-58.624035,-34.314011],[-58.623213,-34.314044]]]}},{"type":"Feature","properties":{"partida":"357006513","cca":"357000100000000000000043300C00000000012000","tipo":"Urbano","sup_m2":1660.0},"geometry":{"type":"Polygon","coordinates":[[[-58.624095,-34.314434],[-58.624067,-34.314234],[-58.62325,-34.314261],[-58.623284,-34.314458],[-58.624095,-34.314434]]]}},{"type":"Feature","properties":{"partida":"357006514","cca":"357000100000000000000043300C00000000013000","tipo":"Urbano","sup_m2":1773.6},"geometry":{"type":"Polygon","coordinates":[[[-58.623321,-34.314674],[-58.624125,-34.314645],[-58.624095,-34.314434],[-58.623284,-34.314458],[-58.623321,-34.314674]]]}},{"type":"Feature","properties":{"partida":"357006515","cca":"357000100000000000000043300C00000000014000","tipo":"Urbano","sup_m2":1354.9},"geometry":{"type":"Polygon","coordinates":[[[-58.623321,-34.314674],[-58.623386,-34.315059],[-58.623417,-34.315051],[-58.623533,-34.314958],[-58.623594,-34.314926],[-58.62382,-34.314864],[-58.623812,-34.314656],[-58.623321,-34.314674]]]}},{"type":"Feature","properties":{"partida":"357006516","cca":"357000100000000000000043300C00000000015000","tipo":"Urbano","sup_m2":405.9},"geometry":{"type":"Polygon","coordinates":[[[-58.624022,-34.314649],[-58.623812,-34.314656],[-58.62382,-34.314864],[-58.623911,-34.314839],[-58.623986,-34.314833],[-58.624027,-34.314838],[-58.624022,-34.314649]]]}},{"type":"Feature","properties":{"partida":"357006517","cca":"357000100000000000000043300C00000000016000","tipo":"Urbano","sup_m2":531.2},"geometry":{"type":"Polygon","coordinates":[[[-58.624027,-34.314838],[-58.624277,-34.314867],[-58.624272,-34.31464],[-58.624022,-34.314649],[-58.624027,-34.314838]]]}},{"type":"Feature","properties":{"partida":"357006518","cca":"357000100000000000000043300C00000000017000","tipo":"Urbano","sup_m2":1831.7},"geometry":{"type":"Polygon","coordinates":[[[-58.625004,-34.314614],[-58.624272,-34.31464],[-58.624277,-34.314867],[-58.624463,-34.314889],[-58.624867,-34.314895],[-58.62497,-34.314792],[-58.625004,-34.314614]]]}},{"type":"Feature","properties":{"partida":"357006519","cca":"357000100000000000000043300C00000000018000","tipo":"Urbano","sup_m2":1931.3},"geometry":{"type":"Polygon","coordinates":[[[-58.624125,-34.314645],[-58.625004,-34.314614],[-58.625015,-34.314406],[-58.624095,-34.314434],[-58.624125,-34.314645]]]}},{"type":"Feature","properties":{"partida":"357006520","cca":"357000100000000000000043300C00000000019000","tipo":"Urbano","sup_m2":1923.9},"geometry":{"type":"Polygon","coordinates":[[[-58.625015,-34.314406],[-58.625016,-34.314203],[-58.624067,-34.314234],[-58.624095,-34.314434],[-58.625015,-34.314406]]]}},{"type":"Feature","properties":{"partida":"357006521","cca":"357000100000000000000043300C00000000020000","tipo":"Urbano","sup_m2":2245.0},"geometry":{"type":"Polygon","coordinates":[[[-58.625016,-34.314203],[-58.625013,-34.314036],[-58.625036,-34.313972],[-58.624035,-34.314011],[-58.624067,-34.314234],[-58.625016,-34.314203]]]}},{"type":"Feature","properties":{"partida":"357006522","cca":"357000100000000000000043300C00000000021000","tipo":"Urbano","sup_m2":2345.3},"geometry":{"type":"Polygon","coordinates":[[[-58.625036,-34.313972],[-58.625095,-34.313804],[-58.62512,-34.313753],[-58.624004,-34.313792],[-58.624035,-34.314011],[-58.625036,-34.313972]]]}},{"type":"Feature","properties":{"partida":"357006523","cca":"357000100000000000000043300C00000000022000","tipo":"Urbano","sup_m2":2410.7},"geometry":{"type":"Polygon","coordinates":[[[-58.62512,-34.313753],[-58.625216,-34.313557],[-58.624028,-34.313575],[-58.624004,-34.313792],[-58.62512,-34.313753]]]}},{"type":"Feature","properties":{"partida":"357006524","cca":"357000100000000000000043300C00000000023000","tipo":"Urbano","sup_m2":2544.2},"geometry":{"type":"Polygon","coordinates":[[[-58.625216,-34.313557],[-58.62521,-34.31334],[-58.62405,-34.313368],[-58.624028,-34.313575],[-58.625216,-34.313557]]]}},{"type":"Feature","properties":{"partida":"357006525","cca":"357000100000000000000043300C00000000024000","tipo":"Urbano","sup_m2":2332.9},"geometry":{"type":"Polygon","coordinates":[[[-58.624072,-34.313172],[-58.62405,-34.313368],[-58.62521,-34.31334],[-58.625204,-34.313137],[-58.624072,-34.313172]]]}},{"type":"Feature","properties":{"partida":"357006526","cca":"357000100000000000000043300C00000000025000","tipo":"Urbano","sup_m2":2038.8},"geometry":{"type":"Polygon","coordinates":[[[-58.625113,-34.312946],[-58.624091,-34.312995],[-58.624072,-34.313172],[-58.625204,-34.313137],[-58.625113,-34.312946]]]}},{"type":"Feature","properties":{"partida":"357006527","cca":"357000100000000000000043300C00000000026000","tipo":"Urbano","sup_m2":1896.8},"geometry":{"type":"Polygon","coordinates":[[[-58.625113,-34.312946],[-58.625084,-34.312779],[-58.624011,-34.312811],[-58.624091,-34.312995],[-58.625113,-34.312946]]]}},{"type":"Feature","properties":{"partida":"357006528","cca":"357000100000000000000043300C00000000027000","tipo":"Urbano","sup_m2":2711.8},"geometry":{"type":"Polygon","coordinates":[[[-58.62391,-34.312581],[-58.624011,-34.312811],[-58.625084,-34.312779],[-58.62505,-34.312584],[-58.625049,-34.312533],[-58.62391,-34.312581]]]}},{"type":"Feature","properties":{"partida":"357006529","cca":"357000100000000000000043300C00000000028000","tipo":"Urbano","sup_m2":3026.1},"geometry":{"type":"Polygon","coordinates":[[[-58.62504,-34.312262],[-58.623984,-34.312289],[-58.62399,-34.312578],[-58.625049,-34.312533],[-58.62504,-34.312262]]]}},{"type":"Feature","properties":{"partida":"357006541","cca":"357000100000000000000043300E00000000001000","tipo":"Urbano","sup_m2":1239.4},"geometry":{"type":"Polygon","coordinates":[[[-58.629321,-34.312488],[-58.629502,-34.313127],[-58.629653,-34.313062],[-58.629531,-34.312447],[-58.629321,-34.312488]]]}},{"type":"Feature","properties":{"partida":"357006542","cca":"357000100000000000000043300E00000000002000","tipo":"Urbano","sup_m2":1320.0},"geometry":{"type":"Polygon","coordinates":[[[-58.629073,-34.312931],[-58.629413,-34.312812],[-58.629321,-34.312488],[-58.628972,-34.312556],[-58.629073,-34.312931]]]}},{"type":"Feature","properties":{"partida":"357006543","cca":"357000100000000000000043300E00000000003000","tipo":"Urbano","sup_m2":1446.8},"geometry":{"type":"Polygon","coordinates":[[[-58.629073,-34.312931],[-58.628972,-34.312556],[-58.628634,-34.312622],[-58.628749,-34.313045],[-58.629073,-34.312931]]]}},{"type":"Feature","properties":{"partida":"357006544","cca":"357000100000000000000043300E00000000004000","tipo":"Urbano","sup_m2":1427.6},"geometry":{"type":"Polygon","coordinates":[[[-58.628463,-34.313145],[-58.628749,-34.313045],[-58.628634,-34.312622],[-58.628333,-34.312681],[-58.628463,-34.313145]]]}},{"type":"Feature","properties":{"partida":"357006545","cca":"357000100000000000000043300E00000000005000","tipo":"Urbano","sup_m2":1343.1},"geometry":{"type":"Polygon","coordinates":[[[-58.628463,-34.313145],[-58.628333,-34.312681],[-58.628073,-34.312732],[-58.628216,-34.313231],[-58.628463,-34.313145]]]}},{"type":"Feature","properties":{"partida":"357006546","cca":"357000100000000000000043300E00000000006000","tipo":"Urbano","sup_m2":1107.0},"geometry":{"type":"Polygon","coordinates":[[[-58.628024,-34.313299],[-58.628216,-34.313231],[-58.628073,-34.312732],[-58.627874,-34.312771],[-58.628024,-34.313299]]]}},{"type":"Feature","properties":{"partida":"357006547","cca":"357000100000000000000043300E00000000007000","tipo":"Urbano","sup_m2":1194.9},"geometry":{"type":"Polygon","coordinates":[[[-58.627829,-34.313367],[-58.628024,-34.313299],[-58.627874,-34.312771],[-58.627668,-34.312811],[-58.627829,-34.313367]]]}},{"type":"Feature","properties":{"partida":"357006548","cca":"357000100000000000000043300E00000000008000","tipo":"Urbano","sup_m2":1225.3},"geometry":{"type":"Polygon","coordinates":[[[-58.627637,-34.313434],[-58.627829,-34.313367],[-58.627668,-34.312811],[-58.62747,-34.31285],[-58.627637,-34.313434]]]}},{"type":"Feature","properties":{"partida":"357006549","cca":"357000100000000000000043300E00000000009000","tipo":"Urbano","sup_m2":1248.8},"geometry":{"type":"Polygon","coordinates":[[[-58.627424,-34.313448],[-58.627637,-34.313434],[-58.62747,-34.31285],[-58.62727,-34.312889],[-58.627424,-34.313448]]]}},{"type":"Feature","properties":{"partida":"357006550","cca":"357000100000000000000043300E00000000010000","tipo":"Urbano","sup_m2":1198.7},"geometry":{"type":"Polygon","coordinates":[[[-58.627215,-34.313462],[-58.627424,-34.313448],[-58.62727,-34.312889],[-58.627065,-34.312929],[-58.627215,-34.313462]]]}},{"type":"Feature","properties":{"partida":"357006551","cca":"357000100000000000000043300E00000000011000","tipo":"Urbano","sup_m2":1159.0},"geometry":{"type":"Polygon","coordinates":[[[-58.627215,-34.313462],[-58.627065,-34.312929],[-58.626859,-34.312969],[-58.627,-34.313476],[-58.627215,-34.313462]]]}},{"type":"Feature","properties":{"partida":"357006552","cca":"357000100000000000000043300E00000000012000","tipo":"Urbano","sup_m2":1141.6},"geometry":{"type":"Polygon","coordinates":[[[-58.626317,-34.313273],[-58.626911,-34.313155],[-58.626859,-34.312969],[-58.62632,-34.313074],[-58.626317,-34.313273]]]}},{"type":"Feature","properties":{"partida":"357006553","cca":"357000100000000000000043300E00000000013000","tipo":"Urbano","sup_m2":1024.5},"geometry":{"type":"Polygon","coordinates":[[[-58.626954,-34.31331],[-58.626911,-34.313155],[-58.626317,-34.313273],[-58.626314,-34.313435],[-58.626954,-34.31331]]]}},{"type":"Feature","properties":{"partida":"357006554","cca":"357000100000000000000043300E00000000014000","tipo":"Urbano","sup_m2":1150.3},"geometry":{"type":"Polygon","coordinates":[[[-58.626312,-34.3136],[-58.627,-34.313476],[-58.626954,-34.31331],[-58.626314,-34.313435],[-58.626312,-34.3136]]]}},{"type":"Feature","properties":{"partida":"357006555","cca":"357000100000000000000043300E00000000015000","tipo":"Urbano","sup_m2":1590.8},"geometry":{"type":"Polygon","coordinates":[[[-58.626831,-34.313864],[-58.626747,-34.313522],[-58.626312,-34.3136],[-58.626307,-34.313898],[-58.626831,-34.313864]]]}},{"type":"Feature","properties":{"partida":"357006556","cca":"357000100000000000000043300E00000000016000","tipo":"Urbano","sup_m2":985.6},"geometry":{"type":"Polygon","coordinates":[[[-58.627,-34.313476],[-58.626747,-34.313522],[-58.626831,-34.313864],[-58.627102,-34.313847],[-58.627,-34.313476]]]}},{"type":"Feature","properties":{"partida":"357006557","cca":"357000100000000000000043300E00000000017000","tipo":"Urbano","sup_m2":834.0},"geometry":{"type":"Polygon","coordinates":[[[-58.627,-34.313476],[-58.627102,-34.313847],[-58.627319,-34.313833],[-58.627215,-34.313462],[-58.627,-34.313476]]]}},{"type":"Feature","properties":{"partida":"357006558","cca":"357000100000000000000043300E00000000018000","tipo":"Urbano","sup_m2":803.1},"geometry":{"type":"Polygon","coordinates":[[[-58.627424,-34.313448],[-58.627215,-34.313462],[-58.627319,-34.313833],[-58.627526,-34.31382],[-58.627424,-34.313448]]]}},{"type":"Feature","properties":{"partida":"357006559","cca":"357000100000000000000043300E00000000019000","tipo":"Urbano","sup_m2":831.5},"geometry":{"type":"Polygon","coordinates":[[[-58.627637,-34.313434],[-58.627424,-34.313448],[-58.627526,-34.31382],[-58.627743,-34.313806],[-58.627637,-34.313434]]]}},{"type":"Feature","properties":{"partida":"357006560","cca":"357000100000000000000043300E00000000020000","tipo":"Urbano","sup_m2":828.1},"geometry":{"type":"Polygon","coordinates":[[[-58.627829,-34.313367],[-58.627637,-34.313434],[-58.627743,-34.313806],[-58.627936,-34.313794],[-58.627829,-34.313367]]]}},{"type":"Feature","properties":{"partida":"357006561","cca":"357000100000000000000043300E00000000021000","tipo":"Urbano","sup_m2":937.6},"geometry":{"type":"Polygon","coordinates":[[[-58.627829,-34.313367],[-58.627936,-34.313794],[-58.628139,-34.313707],[-58.628024,-34.313299],[-58.627829,-34.313367]]]}},{"type":"Feature","properties":{"partida":"357006562","cca":"357000100000000000000043300E00000000022000","tipo":"Urbano","sup_m2":871.6},"geometry":{"type":"Polygon","coordinates":[[[-58.628216,-34.313231],[-58.628024,-34.313299],[-58.628139,-34.313707],[-58.628329,-34.313626],[-58.628216,-34.313231]]]}},{"type":"Feature","properties":{"partida":"357006563","cca":"357000100000000000000043300E00000000023000","tipo":"Urbano","sup_m2":1065.8},"geometry":{"type":"Polygon","coordinates":[[[-58.628216,-34.313231],[-58.628329,-34.313626],[-58.628569,-34.313524],[-58.628463,-34.313145],[-58.628216,-34.313231]]]}},{"type":"Feature","properties":{"partida":"357006564","cca":"357000100000000000000043300E00000000024000","tipo":"Urbano","sup_m2":1180.2},"geometry":{"type":"Polygon","coordinates":[[[-58.628749,-34.313045],[-58.628463,-34.313145],[-58.628569,-34.313524],[-58.628846,-34.313406],[-58.628749,-34.313045]]]}},{"type":"Feature","properties":{"partida":"357006565","cca":"357000100000000000000043300E00000000025000","tipo":"Urbano","sup_m2":1272.6},"geometry":{"type":"Polygon","coordinates":[[[-58.629073,-34.312931],[-58.628749,-34.313045],[-58.628846,-34.313406],[-58.629165,-34.31327],[-58.629073,-34.312931]]]}},{"type":"Feature","properties":{"partida":"357006566","cca":"357000100000000000000043300E00000000026000","tipo":"Urbano","sup_m2":1250.9},"geometry":{"type":"Polygon","coordinates":[[[-58.629413,-34.312812],[-58.629073,-34.312931],[-58.629165,-34.31327],[-58.629502,-34.313127],[-58.629413,-34.312812]]]}},{"type":"Feature","properties":{"partida":"357006582","cca":"357000100000000000000043300G00000000001000","tipo":"Urbano","sup_m2":1416.6},"geometry":{"type":"Polygon","coordinates":[[[-58.629572,-34.313889],[-58.629804,-34.313822],[-58.629681,-34.313202],[-58.629485,-34.313286],[-58.629572,-34.313889]]]}},{"type":"Feature","properties":{"partida":"357006583","cca":"357000100000000000000043300G00000000002000","tipo":"Urbano","sup_m2":1066.5},"geometry":{"type":"Polygon","coordinates":[[[-58.629572,-34.313889],[-58.629485,-34.313286],[-58.62932,-34.313356],[-58.629403,-34.313942],[-58.629572,-34.313889]]]}},{"type":"Feature","properties":{"partida":"357006584","cca":"357000100000000000000043300G00000000003000","tipo":"Urbano","sup_m2":1093.1},"geometry":{"type":"Polygon","coordinates":[[[-58.629403,-34.313942],[-58.62932,-34.313356],[-58.629145,-34.313431],[-58.629226,-34.313999],[-58.629403,-34.313942]]]}},{"type":"Feature","properties":{"partida":"357006585","cca":"357000100000000000000043300G00000000004000","tipo":"Urbano","sup_m2":1087.7},"geometry":{"type":"Polygon","coordinates":[[[-58.629044,-34.314057],[-58.629226,-34.313999],[-58.629145,-34.313431],[-58.628965,-34.313507],[-58.629044,-34.314057]]]}},{"type":"Feature","properties":{"partida":"357006586","cca":"357000100000000000000043300G00000000005000","tipo":"Urbano","sup_m2":1000.8},"geometry":{"type":"Polygon","coordinates":[[[-58.629044,-34.314057],[-58.628965,-34.313507],[-58.628798,-34.313579],[-58.628867,-34.314113],[-58.629044,-34.314057]]]}},{"type":"Feature","properties":{"partida":"357006587","cca":"357000100000000000000043300G00000000006000","tipo":"Urbano","sup_m2":943.3},"geometry":{"type":"Polygon","coordinates":[[[-58.628613,-34.313657],[-58.628671,-34.314078],[-58.628867,-34.314113],[-58.628798,-34.313579],[-58.628613,-34.313657]]]}},{"type":"Feature","properties":{"partida":"357006588","cca":"357000100000000000000043300G00000000007000","tipo":"Urbano","sup_m2":534.9},"geometry":{"type":"Polygon","coordinates":[[[-58.628301,-34.313934],[-58.628632,-34.313794],[-58.628613,-34.313657],[-58.628216,-34.313827],[-58.628301,-34.313934]]]}},{"type":"Feature","properties":{"partida":"357006589","cca":"357000100000000000000043300G00000000008000","tipo":"Urbano","sup_m2":624.8},"geometry":{"type":"Polygon","coordinates":[[[-58.628632,-34.313794],[-58.628301,-34.313934],[-58.628372,-34.314023],[-58.628671,-34.314078],[-58.628632,-34.313794]]]}},{"type":"Feature","properties":{"partida":"357006590","cca":"357000100000000000000043300G00000000009000","tipo":"Urbano","sup_m2":1314.7},"geometry":{"type":"Polygon","coordinates":[[[-58.628532,-34.314415],[-58.628867,-34.314113],[-58.628372,-34.314023],[-58.628205,-34.314092],[-58.628532,-34.314415]]]}},{"type":"Feature","properties":{"partida":"357006591","cca":"357000100000000000000043300G00000000010000","tipo":"Urbano","sup_m2":1280.6},"geometry":{"type":"Polygon","coordinates":[[[-58.628353,-34.314598],[-58.628532,-34.314415],[-58.628205,-34.314092],[-58.627972,-34.314187],[-58.628353,-34.314598]]]}},{"type":"Feature","properties":{"partida":"357006592","cca":"357000100000000000000043300G00000000011000","tipo":"Urbano","sup_m2":779.9},"geometry":{"type":"Polygon","coordinates":[[[-58.6283,-34.314544],[-58.627972,-34.314187],[-58.627831,-34.314499],[-58.6283,-34.314544]]]}},{"type":"Feature","properties":{"partida":"357006593","cca":"357000100000000000000043300G00000000012000","tipo":"Urbano","sup_m2":596.7},"geometry":{"type":"Polygon","coordinates":[[[-58.628169,-34.314681],[-58.628147,-34.31453],[-58.627831,-34.314499],[-58.627839,-34.31471],[-58.628169,-34.314681]]]}},{"type":"Feature","properties":{"partida":"357006594","cca":"357000100000000000000043300G00000000013000","tipo":"Urbano","sup_m2":515.0},"geometry":{"type":"Polygon","coordinates":[[[-58.62819,-34.314826],[-58.628169,-34.314681],[-58.627839,-34.31471],[-58.627845,-34.314861],[-58.62819,-34.314826]]]}},{"type":"Feature","properties":{"partida":"357006595","cca":"357000100000000000000043300G00000000014000","tipo":"Urbano","sup_m2":770.2},"geometry":{"type":"Polygon","coordinates":[[[-58.628247,-34.315126],[-58.62819,-34.314826],[-58.627845,-34.314861],[-58.628109,-34.315147],[-58.628247,-34.315126]]]}},{"type":"Feature","properties":{"partida":"357006596","cca":"357000100000000000000043300G00000000015000","tipo":"Urbano","sup_m2":1213.4},"geometry":{"type":"Polygon","coordinates":[[[-58.628147,-34.31453],[-58.62819,-34.314826],[-58.628247,-34.315126],[-58.628463,-34.315094],[-58.628353,-34.314598],[-58.6283,-34.314544],[-58.628147,-34.31453]]]}},{"type":"Feature","properties":{"partida":"357006597","cca":"357000100000000000000043300G00000000016000","tipo":"Urbano","sup_m2":1364.8},"geometry":{"type":"Polygon","coordinates":[[[-58.628532,-34.314415],[-58.628353,-34.314598],[-58.628463,-34.315094],[-58.6287,-34.315059],[-58.628532,-34.314415]]]}},{"type":"Feature","properties":{"partida":"357006598","cca":"357000100000000000000043300G00000000017000","tipo":"Urbano","sup_m2":1431.0},"geometry":{"type":"Polygon","coordinates":[[[-58.628532,-34.314415],[-58.6287,-34.315059],[-58.628882,-34.315032],[-58.628702,-34.314264],[-58.628532,-34.314415]]]}},{"type":"Feature","properties":{"partida":"357006599","cca":"357000100000000000000043300G00000000018000","tipo":"Urbano","sup_m2":1655.8},"geometry":{"type":"Polygon","coordinates":[[[-58.628867,-34.314113],[-58.628702,-34.314264],[-58.628882,-34.315032],[-58.629067,-34.315005],[-58.628867,-34.314113]]]}},{"type":"Feature","properties":{"partida":"357006600","cca":"357000100000000000000043300G00000000019000","tipo":"Urbano","sup_m2":1690.9},"geometry":{"type":"Polygon","coordinates":[[[-58.628867,-34.314113],[-58.629067,-34.315005],[-58.629237,-34.31498],[-58.629044,-34.314057],[-58.628867,-34.314113]]]}},{"type":"Feature","properties":{"partida":"357006601","cca":"357000100000000000000043300G00000000020000","tipo":"Urbano","sup_m2":1742.9},"geometry":{"type":"Polygon","coordinates":[[[-58.629226,-34.313999],[-58.629044,-34.314057],[-58.629237,-34.31498],[-58.629402,-34.314955],[-58.629226,-34.313999]]]}},{"type":"Feature","properties":{"partida":"357006602","cca":"357000100000000000000043300G00000000021000","tipo":"Urbano","sup_m2":1751.8},"geometry":{"type":"Polygon","coordinates":[[[-58.629403,-34.313942],[-58.629226,-34.313999],[-58.629402,-34.314955],[-58.629564,-34.314932],[-58.629403,-34.313942]]]}},{"type":"Feature","properties":{"partida":"357006603","cca":"357000100000000000000043300G00000000022000","tipo":"Urbano","sup_m2":1962.4},"geometry":{"type":"Polygon","coordinates":[[[-58.629403,-34.313942],[-58.629564,-34.314932],[-58.629764,-34.314902],[-58.629572,-34.313889],[-58.629403,-34.313942]]]}},{"type":"Feature","properties":{"partida":"357006604","cca":"357000100000000000000043300G00000000023000","tipo":"Urbano","sup_m2":2612.2},"geometry":{"type":"Polygon","coordinates":[[[-58.629572,-34.313889],[-58.629764,-34.314902],[-58.630008,-34.314866],[-58.629953,-34.314571],[-58.629804,-34.313822],[-58.629572,-34.313889]]]}},{"type":"Feature","properties":{"partida":"357006605","cca":"357000100000000000000043300H00000000001000","tipo":"Urbano","sup_m2":330.5},"geometry":{"type":"Polygon","coordinates":[[[-58.627745,-34.313942],[-58.627862,-34.314071],[-58.628119,-34.313966],[-58.62806,-34.313893],[-58.62798,-34.313927],[-58.627745,-34.313942]]]}},{"type":"Feature","properties":{"partida":"357006606","cca":"357000100000000000000043300H00000000002000","tipo":"Urbano","sup_m2":759.4},"geometry":{"type":"Polygon","coordinates":[[[-58.627713,-34.314349],[-58.627833,-34.314083],[-58.627862,-34.314071],[-58.627745,-34.313942],[-58.627656,-34.313947],[-58.627546,-34.314347],[-58.627713,-34.314349]]]}},{"type":"Feature","properties":{"partida":"357006607","cca":"357000100000000000000043300H00000000003000","tipo":"Urbano","sup_m2":1058.2},"geometry":{"type":"Polygon","coordinates":[[[-58.627264,-34.314342],[-58.627546,-34.314347],[-58.627656,-34.313947],[-58.627401,-34.313964],[-58.627264,-34.314342]]]}},{"type":"Feature","properties":{"partida":"357006608","cca":"357000100000000000000043300H00000000004000","tipo":"Urbano","sup_m2":1135.5},"geometry":{"type":"Polygon","coordinates":[[[-58.627264,-34.314342],[-58.627401,-34.313964],[-58.627179,-34.313978],[-58.627011,-34.314507],[-58.627208,-34.314512],[-58.627264,-34.314342]]]}},{"type":"Feature","properties":{"partida":"357006609","cca":"357000100000000000000043300H00000000005000","tipo":"Urbano","sup_m2":1065.3},"geometry":{"type":"Polygon","coordinates":[[[-58.62681,-34.314503],[-58.627011,-34.314507],[-58.627179,-34.313978],[-58.626979,-34.313991],[-58.62681,-34.314503]]]}},{"type":"Feature","properties":{"partida":"357006610","cca":"357000100000000000000043300H00000000006000","tipo":"Urbano","sup_m2":687.7},"geometry":{"type":"Polygon","coordinates":[[[-58.626664,-34.314332],[-58.626862,-34.314338],[-58.626979,-34.313991],[-58.626781,-34.314003],[-58.626728,-34.31414],[-58.626664,-34.314332]]]}},{"type":"Feature","properties":{"partida":"357006611","cca":"357000100000000000000043300H00000000007000","tipo":"Urbano","sup_m2":290.0},"geometry":{"type":"Polygon","coordinates":[[[-58.626728,-34.31414],[-58.626781,-34.314003],[-58.626534,-34.314019],[-58.626523,-34.314134],[-58.626728,-34.31414]]]}},{"type":"Feature","properties":{"partida":"357006612","cca":"357000100000000000000043300H00000000008000","tipo":"Urbano","sup_m2":243.8},"geometry":{"type":"Polygon","coordinates":[[[-58.626303,-34.314132],[-58.626523,-34.314134],[-58.626534,-34.314019],[-58.626305,-34.314034],[-58.626303,-34.314132]]]}},{"type":"Feature","properties":{"partida":"357006613","cca":"357000100000000000000043300H00000000009000","tipo":"Urbano","sup_m2":769.6},"geometry":{"type":"Polygon","coordinates":[[[-58.626728,-34.31414],[-58.626303,-34.314132],[-58.6263,-34.314319],[-58.626664,-34.314332],[-58.626728,-34.31414]]]}},{"type":"Feature","properties":{"partida":"357006614","cca":"357000100000000000000043300H00000000010000","tipo":"Urbano","sup_m2":919.1},"geometry":{"type":"Polygon","coordinates":[[[-58.62681,-34.314503],[-58.626862,-34.314338],[-58.6263,-34.314319],[-58.626298,-34.314489],[-58.62681,-34.314503]]]}},{"type":"Feature","properties":{"partida":"357006615","cca":"357000100000000000000043300H00000000011000","tipo":"Urbano","sup_m2":1141.5},"geometry":{"type":"Polygon","coordinates":[[[-58.62696,-34.31467],[-58.627011,-34.314507],[-58.626298,-34.314489],[-58.626295,-34.314649],[-58.62696,-34.31467]]]}},{"type":"Feature","properties":{"partida":"357006616","cca":"357000100000000000000043300H00000000012000","tipo":"Urbano","sup_m2":1049.3},"geometry":{"type":"Polygon","coordinates":[[[-58.62696,-34.31467],[-58.626295,-34.314649],[-58.626293,-34.314809],[-58.626911,-34.314828],[-58.62696,-34.31467]]]}},{"type":"Feature","properties":{"partida":"357006617","cca":"357000100000000000000043300H00000000013000","tipo":"Urbano","sup_m2":815.6},"geometry":{"type":"Polygon","coordinates":[[[-58.626774,-34.314994],[-58.626713,-34.314823],[-58.626293,-34.314809],[-58.62629,-34.314992],[-58.626774,-34.314994]]]}},{"type":"Feature","properties":{"partida":"357006618","cca":"357000100000000000000043300H00000000014000","tipo":"Urbano","sup_m2":842.3},"geometry":{"type":"Polygon","coordinates":[[[-58.626831,-34.31515],[-58.626774,-34.314994],[-58.62629,-34.314992],[-58.626287,-34.315161],[-58.62656,-34.315151],[-58.626831,-34.31515]]]}},{"type":"Feature","properties":{"partida":"357006619","cca":"357000100000000000000043300H00000000015000","tipo":"Urbano","sup_m2":487.4},"geometry":{"type":"Polygon","coordinates":[[[-58.626612,-34.315294],[-58.62656,-34.315151],[-58.626287,-34.315161],[-58.626285,-34.315332],[-58.626612,-34.315294]]]}},{"type":"Feature","properties":{"partida":"357006620","cca":"357000100000000000000043300H00000000016000","tipo":"Urbano","sup_m2":274.5},"geometry":{"type":"Polygon","coordinates":[[[-58.626285,-34.315332],[-58.626283,-34.315416],[-58.626638,-34.315364],[-58.626612,-34.315294],[-58.626285,-34.315332]]]}},{"type":"Feature","properties":{"partida":"357006621","cca":"357000100000000000000043300H00000000017000","tipo":"Urbano","sup_m2":536.8},"geometry":{"type":"Polygon","coordinates":[[[-58.62656,-34.315151],[-58.626638,-34.315364],[-58.626894,-34.315326],[-58.626831,-34.31515],[-58.62656,-34.315151]]]}},{"type":"Feature","properties":{"partida":"357006622","cca":"357000100000000000000043300H00000000018000","tipo":"Urbano","sup_m2":982.0},"geometry":{"type":"Polygon","coordinates":[[[-58.626713,-34.314823],[-58.626894,-34.315326],[-58.627082,-34.315298],[-58.626911,-34.314828],[-58.626713,-34.314823]]]}},{"type":"Feature","properties":{"partida":"357006623","cca":"357000100000000000000043300H00000000019000","tipo":"Urbano","sup_m2":922.5},"geometry":{"type":"Polygon","coordinates":[[[-58.626911,-34.314828],[-58.627082,-34.315298],[-58.627273,-34.31527],[-58.627118,-34.314842],[-58.626911,-34.314828]]]}},{"type":"Feature","properties":{"partida":"357006624","cca":"357000100000000000000043300H00000000020000","tipo":"Urbano","sup_m2":850.2},"geometry":{"type":"Polygon","coordinates":[[[-58.627317,-34.314847],[-58.627118,-34.314842],[-58.627273,-34.31527],[-58.62747,-34.315241],[-58.627317,-34.314847]]]}},{"type":"Feature","properties":{"partida":"357006625","cca":"357000100000000000000043300H00000000021000","tipo":"Urbano","sup_m2":656.6},"geometry":{"type":"Polygon","coordinates":[[[-58.627795,-34.315015],[-58.627426,-34.315126],[-58.62747,-34.315241],[-58.627927,-34.315173],[-58.627795,-34.315015]]]}},{"type":"Feature","properties":{"partida":"357006626","cca":"357000100000000000000043300H00000000022000","tipo":"Urbano","sup_m2":848.4},"geometry":{"type":"Polygon","coordinates":[[[-58.627426,-34.315126],[-58.627795,-34.315015],[-58.627671,-34.314865],[-58.627317,-34.314847],[-58.627426,-34.315126]]]}},{"type":"Feature","properties":{"partida":"357006627","cca":"357000100000000000000043300H00000000023000","tipo":"Urbano","sup_m2":1269.2},"geometry":{"type":"Polygon","coordinates":[[[-58.626911,-34.314828],[-58.627118,-34.314842],[-58.627317,-34.314847],[-58.627671,-34.314865],[-58.62767,-34.314688],[-58.62696,-34.31467],[-58.626911,-34.314828]]]}},{"type":"Feature","properties":{"partida":"357006628","cca":"357000100000000000000043300H00000000024000","tipo":"Urbano","sup_m2":1154.9},"geometry":{"type":"Polygon","coordinates":[[[-58.62696,-34.31467],[-58.62767,-34.314688],[-58.627669,-34.31452],[-58.627011,-34.314507],[-58.62696,-34.31467]]]}},{"type":"Feature","properties":{"partida":"357006629","cca":"357000100000000000000043300H00000000025000","tipo":"Urbano","sup_m2":779.7},"geometry":{"type":"Polygon","coordinates":[[[-58.627713,-34.314349],[-58.627264,-34.314342],[-58.627208,-34.314512],[-58.627669,-34.31452],[-58.627668,-34.314449],[-58.627713,-34.314349]]]}},{"type":"Feature","properties":{"partida":"357006630","cca":"357000100000000000000043300J00000000001000","tipo":"Urbano","sup_m2":710.4},"geometry":{"type":"Polygon","coordinates":[[[-58.625731,-34.314054],[-58.625752,-34.314239],[-58.626146,-34.314201],[-58.626149,-34.314044],[-58.625731,-34.314054]]]}},{"type":"Feature","properties":{"partida":"357006631","cca":"357000100000000000000043300J00000000002000","tipo":"Urbano","sup_m2":511.7},"geometry":{"type":"Polygon","coordinates":[[[-58.625479,-34.314061],[-58.625491,-34.314263],[-58.625622,-34.314253],[-58.625752,-34.314239],[-58.625731,-34.314054],[-58.625479,-34.314061]]]}},{"type":"Feature","properties":{"partida":"357006632","cca":"357000100000000000000043300J00000000003000","tipo":"Urbano","sup_m2":659.8},"geometry":{"type":"Polygon","coordinates":[[[-58.625479,-34.314061],[-58.625222,-34.314068],[-58.625175,-34.314135],[-58.625158,-34.314284],[-58.625491,-34.314263],[-58.625479,-34.314061]]]}},{"type":"Feature","properties":{"partida":"357006633","cca":"357000100000000000000043300J00000000004000","tipo":"Urbano","sup_m2":603.1},"geometry":{"type":"Polygon","coordinates":[[[-58.625158,-34.314284],[-58.625161,-34.314405],[-58.625634,-34.314386],[-58.625622,-34.314253],[-58.625158,-34.314284]]]}},{"type":"Feature","properties":{"partida":"357006634","cca":"357000100000000000000043300J00000000005000","tipo":"Urbano","sup_m2":790.5},"geometry":{"type":"Polygon","coordinates":[[[-58.62514,-34.314572],[-58.625638,-34.314541],[-58.625634,-34.314386],[-58.625161,-34.314405],[-58.625162,-34.314445],[-58.62514,-34.314572]]]}},{"type":"Feature","properties":{"partida":"357006635","cca":"357000100000000000000043300J00000000006000","tipo":"Urbano","sup_m2":747.2},"geometry":{"type":"Polygon","coordinates":[[[-58.62514,-34.314572],[-58.625136,-34.314594],[-58.625136,-34.314644],[-58.625539,-34.31478],[-58.625638,-34.314541],[-58.62514,-34.314572]]]}},{"type":"Feature","properties":{"partida":"357006636","cca":"357000100000000000000043300J00000000007000","tipo":"Urbano","sup_m2":969.9},"geometry":{"type":"Polygon","coordinates":[[[-58.625125,-34.314846],[-58.625413,-34.31506],[-58.625539,-34.31478],[-58.625136,-34.314644],[-58.625125,-34.314846]]]}},{"type":"Feature","properties":{"partida":"357006637","cca":"357000100000000000000043300J00000000008000","tipo":"Urbano","sup_m2":1005.9},"geometry":{"type":"Polygon","coordinates":[[[-58.624962,-34.314948],[-58.625298,-34.315328],[-58.625331,-34.315244],[-58.625413,-34.31506],[-58.625125,-34.314846],[-58.624962,-34.314948]]]}},{"type":"Feature","properties":{"partida":"357006638","cca":"357000100000000000000043300J00000000009000","tipo":"Urbano","sup_m2":830.1},"geometry":{"type":"Polygon","coordinates":[[[-58.624962,-34.314948],[-58.624833,-34.315029],[-58.625034,-34.315343],[-58.625298,-34.315328],[-58.624962,-34.314948]]]}},{"type":"Feature","properties":{"partida":"357006639","cca":"357000100000000000000043300J00000000010000","tipo":"Urbano","sup_m2":950.0},"geometry":{"type":"Polygon","coordinates":[[[-58.624546,-34.315026],[-58.624754,-34.315359],[-58.625034,-34.315343],[-58.624833,-34.315029],[-58.624546,-34.315026]]]}},{"type":"Feature","properties":{"partida":"357006640","cca":"357000100000000000000043300J00000000011000","tipo":"Urbano","sup_m2":850.1},"geometry":{"type":"Polygon","coordinates":[[[-58.624546,-34.315026],[-58.62445,-34.315025],[-58.62433,-34.31501],[-58.624488,-34.315374],[-58.624754,-34.315359],[-58.624546,-34.315026]]]}},{"type":"Feature","properties":{"partida":"357006641","cca":"357000100000000000000043300J00000000012000","tipo":"Urbano","sup_m2":915.5},"geometry":{"type":"Polygon","coordinates":[[[-58.624119,-34.314985],[-58.624228,-34.315389],[-58.624488,-34.315374],[-58.62433,-34.31501],[-58.624119,-34.314985]]]}},{"type":"Feature","properties":{"partida":"357006642","cca":"357000100000000000000043300J00000000013000","tipo":"Urbano","sup_m2":1118.9},"geometry":{"type":"Polygon","coordinates":[[[-58.623879,-34.31499],[-58.623949,-34.315405],[-58.624228,-34.315389],[-58.624119,-34.314985],[-58.623963,-34.314967],[-58.623879,-34.31499]]]}},{"type":"Feature","properties":{"partida":"357006643","cca":"357000100000000000000043300J00000000014000","tipo":"Urbano","sup_m2":883.8},"geometry":{"type":"Polygon","coordinates":[[[-58.623879,-34.31499],[-58.623646,-34.315055],[-58.62371,-34.315366],[-58.623949,-34.315405],[-58.623879,-34.31499]]]}},{"type":"Feature","properties":{"partida":"357006644","cca":"357000100000000000000043300J00000000015000","tipo":"Urbano","sup_m2":972.5},"geometry":{"type":"Polygon","coordinates":[[[-58.623063,-34.315371],[-58.623489,-34.315336],[-58.62371,-34.315366],[-58.623646,-34.315055],[-58.623502,-34.315171],[-58.623154,-34.315258],[-58.623063,-34.315371]]]}},{"type":"Feature","properties":{"partida":"357006647","cca":"357000100000000000000043300J00000000018000","tipo":"Urbano","sup_m2":737.2},"geometry":{"type":"Polygon","coordinates":[[[-58.623375,-34.315612],[-58.623732,-34.315589],[-58.62371,-34.315366],[-58.623489,-34.315336],[-58.623375,-34.315612]]]}},{"type":"Feature","properties":{"partida":"357006648","cca":"357000100000000000000043300J00000000019000","tipo":"Urbano","sup_m2":473.5},"geometry":{"type":"Polygon","coordinates":[[[-58.623732,-34.315589],[-58.623967,-34.315575],[-58.623949,-34.315405],[-58.62371,-34.315366],[-58.623732,-34.315589]]]}},{"type":"Feature","properties":{"partida":"357006649","cca":"357000100000000000000043300J00000000020000","tipo":"Urbano","sup_m2":486.3},"geometry":{"type":"Polygon","coordinates":[[[-58.623967,-34.315575],[-58.624246,-34.315557],[-58.624228,-34.315389],[-58.623949,-34.315405],[-58.623967,-34.315575]]]}},{"type":"Feature","properties":{"partida":"357006650","cca":"357000100000000000000043300J00000000021000","tipo":"Urbano","sup_m2":446.0},"geometry":{"type":"Polygon","coordinates":[[[-58.624502,-34.315541],[-58.624488,-34.315374],[-58.624228,-34.315389],[-58.624246,-34.315557],[-58.624502,-34.315541]]]}},{"type":"Feature","properties":{"partida":"357006651","cca":"357000100000000000000043300J00000000022000","tipo":"Urbano","sup_m2":458.3},"geometry":{"type":"Polygon","coordinates":[[[-58.624502,-34.315541],[-58.624771,-34.315525],[-58.624754,-34.315359],[-58.624488,-34.315374],[-58.624502,-34.315541]]]}},{"type":"Feature","properties":{"partida":"357006652","cca":"357000100000000000000043300J00000000023000","tipo":"Urbano","sup_m2":472.5},"geometry":{"type":"Polygon","coordinates":[[[-58.625048,-34.315507],[-58.625034,-34.315343],[-58.624754,-34.315359],[-58.624771,-34.315525],[-58.625048,-34.315507]]]}},{"type":"Feature","properties":{"partida":"357006653","cca":"357000100000000000000043300J00000000024000","tipo":"Urbano","sup_m2":448.0},"geometry":{"type":"Polygon","coordinates":[[[-58.625048,-34.315507],[-58.625315,-34.315491],[-58.625298,-34.315328],[-58.625034,-34.315343],[-58.625048,-34.315507]]]}},{"type":"Feature","properties":{"partida":"357006654","cca":"357000100000000000000043300J00000000025000","tipo":"Urbano","sup_m2":473.6},"geometry":{"type":"Polygon","coordinates":[[[-58.625315,-34.315491],[-58.625508,-34.315479],[-58.625487,-34.315233],[-58.625331,-34.315244],[-58.625298,-34.315328],[-58.625315,-34.315491]]]}},{"type":"Feature","properties":{"partida":"357006655","cca":"357000100000000000000043300J00000000026000","tipo":"Urbano","sup_m2":528.1},"geometry":{"type":"Polygon","coordinates":[[[-58.625717,-34.315465],[-58.625697,-34.315219],[-58.625487,-34.315233],[-58.625508,-34.315479],[-58.625717,-34.315465]]]}},{"type":"Feature","properties":{"partida":"357006656","cca":"357000100000000000000043300J00000000027000","tipo":"Urbano","sup_m2":507.4},"geometry":{"type":"Polygon","coordinates":[[[-58.625917,-34.315453],[-58.625898,-34.315206],[-58.625697,-34.315219],[-58.625717,-34.315465],[-58.625917,-34.315453]]]}},{"type":"Feature","properties":{"partida":"357006657","cca":"357000100000000000000043300J00000000028000","tipo":"Urbano","sup_m2":545.8},"geometry":{"type":"Polygon","coordinates":[[[-58.625917,-34.315453],[-58.62612,-34.31544],[-58.626125,-34.315191],[-58.625898,-34.315206],[-58.625917,-34.315453]]]}},{"type":"Feature","properties":{"partida":"357006658","cca":"357000100000000000000043300J00000000029000","tipo":"Urbano","sup_m2":1318.5},"geometry":{"type":"Polygon","coordinates":[[[-58.626129,-34.315021],[-58.62541,-34.315067],[-58.625331,-34.315244],[-58.626125,-34.315191],[-58.626129,-34.315021]]]}},{"type":"Feature","properties":{"partida":"357006659","cca":"357000100000000000000043300J00000000030000","tipo":"Urbano","sup_m2":1158.0},"geometry":{"type":"Polygon","coordinates":[[[-58.625486,-34.314898],[-58.62541,-34.315067],[-58.626129,-34.315021],[-58.626132,-34.314853],[-58.625486,-34.314898]]]}},{"type":"Feature","properties":{"partida":"357006660","cca":"357000100000000000000043300J00000000031000","tipo":"Urbano","sup_m2":1106.8},"geometry":{"type":"Polygon","coordinates":[[[-58.626132,-34.314853],[-58.626136,-34.314675],[-58.625569,-34.314712],[-58.625486,-34.314898],[-58.626132,-34.314853]]]}},{"type":"Feature","properties":{"partida":"357006661","cca":"357000100000000000000043300J00000000032000","tipo":"Urbano","sup_m2":906.5},"geometry":{"type":"Polygon","coordinates":[[[-58.625569,-34.314712],[-58.626136,-34.314675],[-58.626139,-34.31451],[-58.625638,-34.314541],[-58.625569,-34.314712]]]}},{"type":"Feature","properties":{"partida":"357006662","cca":"357000100000000000000043300J00000000033000","tipo":"Urbano","sup_m2":805.8},"geometry":{"type":"Polygon","coordinates":[[[-58.626139,-34.31451],[-58.626143,-34.314353],[-58.625634,-34.314386],[-58.625638,-34.314541],[-58.626139,-34.31451]]]}},{"type":"Feature","properties":{"partida":"357006663","cca":"357000100000000000000043300J00000000034000","tipo":"Urbano","sup_m2":756.7},"geometry":{"type":"Polygon","coordinates":[[[-58.626146,-34.314201],[-58.625622,-34.314253],[-58.625634,-34.314386],[-58.626143,-34.314353],[-58.626146,-34.314201]]]}},{"type":"Feature","properties":{"partida":"357006664","cca":"357000100000000000000043300K00000000001000","tipo":"Urbano","sup_m2":3115.8},"geometry":{"type":"Polygon","coordinates":[[[-58.630168,-34.315658],[-58.630038,-34.315008],[-58.629592,-34.315074],[-58.629729,-34.315753],[-58.630168,-34.315658]]]}},{"type":"Feature","properties":{"partida":"357006665","cca":"357000100000000000000043300K00000000002000","tipo":"Urbano","sup_m2":3016.4},"geometry":{"type":"Polygon","coordinates":[[[-58.629181,-34.315135],[-58.629317,-34.315842],[-58.629729,-34.315753],[-58.629592,-34.315074],[-58.629181,-34.315135]]]}},{"type":"Feature","properties":{"partida":"357006666","cca":"357000100000000000000043300K00000000003000","tipo":"Urbano","sup_m2":2004.5},"geometry":{"type":"Polygon","coordinates":[[[-58.628935,-34.315171],[-58.629113,-34.316044],[-58.629317,-34.315842],[-58.629181,-34.315135],[-58.628935,-34.315171]]]}},{"type":"Feature","properties":{"partida":"357006667","cca":"357000100000000000000043300K00000000004000","tipo":"Urbano","sup_m2":1348.4},"geometry":{"type":"Polygon","coordinates":[[[-58.628992,-34.31545],[-58.628935,-34.315171],[-58.628551,-34.315228],[-58.628645,-34.315623],[-58.628992,-34.31545]]]}},{"type":"Feature","properties":{"partida":"357006668","cca":"357000100000000000000043300K00000000005000","tipo":"Urbano","sup_m2":2640.4},"geometry":{"type":"Polygon","coordinates":[[[-58.628144,-34.315978],[-58.628645,-34.315623],[-58.628551,-34.315228],[-58.628155,-34.315286],[-58.628153,-34.315436],[-58.628126,-34.315716],[-58.628144,-34.315978]]]}},{"type":"Feature","properties":{"partida":"357006669","cca":"357000100000000000000043300K00000000006000","tipo":"Urbano","sup_m2":4395.5},"geometry":{"type":"Polygon","coordinates":[[[-58.628948,-34.316361],[-58.628645,-34.315624],[-58.628645,-34.315623],[-58.628144,-34.315978],[-58.628343,-34.316186],[-58.628361,-34.316485],[-58.628742,-34.316583],[-58.628787,-34.316583],[-58.628948,-34.316361]]]}},{"type":"Feature","properties":{"partida":"357006670","cca":"357000100000000000000043300K00000000007000","tipo":"Urbano","sup_m2":2200.0},"geometry":{"type":"Polygon","coordinates":[[[-58.628948,-34.316361],[-58.629019,-34.316137],[-58.629113,-34.316044],[-58.628992,-34.31545],[-58.628645,-34.315623],[-58.628948,-34.316361]]]}},{"type":"Feature","properties":{"partida":null,"cca":"357000100000000000000043300M00000000000000","tipo":null,"sup_m2":42453.8},"geometry":{"type":"Polygon","coordinates":[[[-58.627952,-34.315316],[-58.626281,-34.315563],[-58.626254,-34.317268],[-58.626867,-34.317275],[-58.628769,-34.317488],[-58.628943,-34.317391],[-58.629187,-34.31695],[-58.62881,-34.316717],[-58.628247,-34.31654],[-58.628185,-34.316221],[-58.627986,-34.316014],[-58.627946,-34.315658],[-58.627952,-34.315316]]]}},{"type":"Feature","properties":{"partida":null,"cca":"357000100000000000000043300N00000000000000","tipo":null,"sup_m2":36683.9},"geometry":{"type":"Polygon","coordinates":[[[-58.622937,-34.315855],[-58.622934,-34.31589],[-58.622971,-34.315938],[-58.622982,-34.315969],[-58.622978,-34.31601],[-58.623006,-34.316018],[-58.623046,-34.316],[-58.623061,-34.316021],[-58.623061,-34.316044],[-58.623053,-34.316064],[-58.623083,-34.316074],[-58.623115,-34.31606],[-58.623119,-34.316089],[-58.623116,-34.316137],[-58.623136,-34.316177],[-58.623175,-34.316202],[-58.623196,-34.316225],[-58.623208,-34.316267],[-58.623288,-34.316282],[-58.623327,-34.316275],[-58.623367,-34.316286],[-58.62344,-34.316512],[-58.623388,-34.316515],[-58.623366,-34.316566],[-58.623411,-34.316586],[-58.623438,-34.316568],[-58.623477,-34.31659],[-58.623479,-34.316623],[-58.623499,-34.316638],[-58.623448,-34.316668],[-58.623445,-34.316683],[-58.623473,-34.316697],[-58.623506,-34.316702],[-58.624792,-34.316959],[-58.62581,-34.317263],[-58.626091,-34.317266],[-58.626118,-34.315587],[-58.622937,-34.315855]]]}},{"type":"Feature","properties":{"partida":"357006731","cca":"357000100000000000000043300P00000000001000","tipo":"Urbano","sup_m2":1025.7},"geometry":{"type":"Polygon","coordinates":[[[-58.630309,-34.316369],[-58.630195,-34.315792],[-58.629861,-34.315864],[-58.630309,-34.316369]]]}},{"type":"Feature","properties":{"partida":"357006732","cca":"357000100000000000000043300P00000000002000","tipo":"Urbano","sup_m2":1458.0},"geometry":{"type":"Polygon","coordinates":[[[-58.630138,-34.316473],[-58.630309,-34.316369],[-58.629861,-34.315864],[-58.629634,-34.315913],[-58.630138,-34.316473]]]}},{"type":"Feature","properties":{"partida":"357006733","cca":"357000100000000000000043300P00000000003000","tipo":"Urbano","sup_m2":1640.4},"geometry":{"type":"Polygon","coordinates":[[[-58.630138,-34.316473],[-58.629634,-34.315913],[-58.629409,-34.315962],[-58.629959,-34.316582],[-58.630138,-34.316473]]]}},{"type":"Feature","properties":{"partida":"357006734","cca":"357000100000000000000043300P00000000004000","tipo":"Urbano","sup_m2":1647.8},"geometry":{"type":"Polygon","coordinates":[[[-58.629783,-34.316688],[-58.629959,-34.316582],[-58.629409,-34.315962],[-58.629268,-34.316102],[-58.629783,-34.316688]]]}},{"type":"Feature","properties":{"partida":"357006735","cca":"357000100000000000000043300P00000000005000","tipo":"Urbano","sup_m2":1509.0},"geometry":{"type":"Polygon","coordinates":[[[-58.629145,-34.316264],[-58.629616,-34.31679],[-58.629783,-34.316688],[-58.629268,-34.316102],[-58.629167,-34.316202],[-58.629145,-34.316264]]]}},{"type":"Feature","properties":{"partida":"357006736","cca":"357000100000000000000043300P00000000006000","tipo":"Urbano","sup_m2":1968.4},"geometry":{"type":"Polygon","coordinates":[[[-58.629145,-34.316264],[-58.629088,-34.31643],[-58.628943,-34.316631],[-58.629407,-34.316917],[-58.629616,-34.31679],[-58.629145,-34.316264]]]}},{"type":"Feature","properties":{"partida":"357006737","cca":"357000100000000000000043300P00000000007000","tipo":"Urbano","sup_m2":1189.9},"geometry":{"type":"Polygon","coordinates":[[[-58.629407,-34.316917],[-58.62983,-34.317203],[-58.629885,-34.317195],[-58.629783,-34.316688],[-58.629407,-34.316917]]]}},{"type":"Feature","properties":{"partida":"357006738","cca":"357000100000000000000043300P00000000008000","tipo":"Urbano","sup_m2":1239.3},"geometry":{"type":"Polygon","coordinates":[[[-58.629783,-34.316688],[-58.629885,-34.317195],[-58.630103,-34.317163],[-58.629976,-34.316571],[-58.629783,-34.316688]]]}},{"type":"Feature","properties":{"partida":"357006739","cca":"357000100000000000000043300P00000000009000","tipo":"Urbano","sup_m2":1367.8},"geometry":{"type":"Polygon","coordinates":[[[-58.630168,-34.316455],[-58.629976,-34.316571],[-58.630103,-34.317163],[-58.630302,-34.317134],[-58.630168,-34.316455]]]}},{"type":"Feature","properties":{"partida":"357006740","cca":"357000100000000000000043300P00000000010000","tipo":"Urbano","sup_m2":1148.8},"geometry":{"type":"Polygon","coordinates":[[[-58.630168,-34.316455],[-58.630302,-34.317134],[-58.630456,-34.317111],[-58.630309,-34.316369],[-58.630168,-34.316455]]]}},{"type":"Feature","properties":{"partida":"357006741","cca":"357000100000000000000043300R00000000001000","tipo":"Urbano","sup_m2":992.1},"geometry":{"type":"Polygon","coordinates":[[[-58.630285,-34.317643],[-58.630555,-34.317609],[-58.630483,-34.317245],[-58.630231,-34.317282],[-58.630285,-34.317643]]]}},{"type":"Feature","properties":{"partida":"357006742","cca":"357000100000000000000043300R00000000002000","tipo":"Urbano","sup_m2":727.4},"geometry":{"type":"Polygon","coordinates":[[[-58.630285,-34.317643],[-58.630231,-34.317282],[-58.630036,-34.31731],[-58.630092,-34.317668],[-58.630285,-34.317643]]]}},{"type":"Feature","properties":{"partida":"357006746","cca":"357000100000000000000043300R00000000003000","tipo":"Urbano","sup_m2":689.9},"geometry":{"type":"Polygon","coordinates":[[[-58.630092,-34.317668],[-58.630036,-34.31731],[-58.629858,-34.317336],[-58.629897,-34.317692],[-58.630092,-34.317668]]]}},{"type":"Feature","properties":{"partida":"357006743","cca":"357000100000000000000043300R00000000004000","tipo":"Urbano","sup_m2":790.7},"geometry":{"type":"Polygon","coordinates":[[[-58.62961,-34.317229],[-58.629689,-34.317627],[-58.629897,-34.317692],[-58.629858,-34.317336],[-58.629727,-34.317308],[-58.62961,-34.317229]]]}},{"type":"Feature","properties":{"partida":"357006744","cca":"357000100000000000000043300R00000000005000","tipo":"Urbano","sup_m2":965.5},"geometry":{"type":"Polygon","coordinates":[[[-58.629689,-34.317627],[-58.62961,-34.317229],[-58.629363,-34.317062],[-58.629461,-34.317549],[-58.629689,-34.317627]]]}},{"type":"Feature","properties":{"partida":"357006745","cca":"357000100000000000000043300R00000000006000","tipo":"Urbano","sup_m2":970.4},"geometry":{"type":"Polygon","coordinates":[[[-58.629086,-34.317422],[-58.629461,-34.317549],[-58.629363,-34.317062],[-58.629327,-34.317038],[-58.629086,-34.317422]]]}},{"type":"Feature","properties":{"partida":"357006747","cca":"357000100000000000000043300R00000000007000","tipo":"Urbano","sup_m2":1679.3},"geometry":{"type":"Polygon","coordinates":[[[-58.629218,-34.31792],[-58.629461,-34.317549],[-58.629086,-34.317422],[-58.628829,-34.317588],[-58.629135,-34.317872],[-58.629218,-34.31792]]]}},{"type":"Feature","properties":{"partida":"357006748","cca":"357000100000000000000043300R00000000008000","tipo":"Urbano","sup_m2":1107.0},"geometry":{"type":"Polygon","coordinates":[[[-58.629461,-34.317549],[-58.629218,-34.31792],[-58.629417,-34.318036],[-58.629689,-34.317627],[-58.629461,-34.317549]]]}},{"type":"Feature","properties":{"partida":"357006749","cca":"357000100000000000000043300R00000000009000","tipo":"Urbano","sup_m2":1114.9},"geometry":{"type":"Polygon","coordinates":[[[-58.629417,-34.318036],[-58.629601,-34.318144],[-58.629897,-34.317692],[-58.629689,-34.317627],[-58.629417,-34.318036]]]}},{"type":"Feature","properties":{"partida":"357006750","cca":"357000100000000000000043300R00000000010000","tipo":"Urbano","sup_m2":1122.3},"geometry":{"type":"Polygon","coordinates":[[[-58.629897,-34.317692],[-58.629601,-34.318144],[-58.629754,-34.318233],[-58.630136,-34.317662],[-58.629897,-34.317692]]]}},{"type":"Feature","properties":{"partida":"357006751","cca":"357000100000000000000043300R00000000011000","tipo":"Urbano","sup_m2":1462.3},"geometry":{"type":"Polygon","coordinates":[[[-58.629925,-34.318318],[-58.630382,-34.317631],[-58.630136,-34.317662],[-58.629754,-34.318233],[-58.629885,-34.318309],[-58.629925,-34.318318]]]}},{"type":"Feature","properties":{"partida":"357006752","cca":"357000100000000000000043300R00000000012000","tipo":"Urbano","sup_m2":1660.0},"geometry":{"type":"Polygon","coordinates":[[[-58.630382,-34.317631],[-58.629925,-34.318318],[-58.630117,-34.318363],[-58.630572,-34.317696],[-58.630555,-34.317609],[-58.630382,-34.317631]]]}},{"type":"Feature","properties":{"partida":"357006753","cca":"357000100000000000000043300R00000000013000","tipo":"Urbano","sup_m2":1292.5},"geometry":{"type":"Polygon","coordinates":[[[-58.630623,-34.317948],[-58.630572,-34.317696],[-58.630117,-34.318363],[-58.630314,-34.318409],[-58.630623,-34.317948]]]}},{"type":"Feature","properties":{"partida":"357006754","cca":"357000100000000000000043300R00000000014000","tipo":"Urbano","sup_m2":1140.0},"geometry":{"type":"Polygon","coordinates":[[[-58.630314,-34.318409],[-58.630733,-34.318507],[-58.630623,-34.317948],[-58.630314,-34.318409]]]}},{"type":"Feature","properties":{"partida":"357006755","cca":"357000100000000000000043300S00000000001000","tipo":"Urbano","sup_m2":2067.1},"geometry":{"type":"Polygon","coordinates":[[[-58.630784,-34.318763],[-58.630524,-34.319451],[-58.631045,-34.319655],[-58.630801,-34.318848],[-58.630784,-34.318763]]]}},{"type":"Feature","properties":{"partida":"357006756","cca":"357000100000000000000043300S00000000002000","tipo":"Urbano","sup_m2":1818.8},"geometry":{"type":"Polygon","coordinates":[[[-58.630762,-34.318654],[-58.630599,-34.318616],[-58.630323,-34.319373],[-58.630524,-34.319451],[-58.630784,-34.318763],[-58.630762,-34.318654]]]}},{"type":"Feature","properties":{"partida":"357006757","cca":"357000100000000000000043300S00000000003000","tipo":"Urbano","sup_m2":1657.2},"geometry":{"type":"Polygon","coordinates":[[[-58.630599,-34.318616],[-58.630402,-34.31857],[-58.630128,-34.319297],[-58.630323,-34.319373],[-58.630599,-34.318616]]]}},{"type":"Feature","properties":{"partida":"357006758","cca":"357000100000000000000043300S00000000004000","tipo":"Urbano","sup_m2":1699.1},"geometry":{"type":"Polygon","coordinates":[[[-58.630402,-34.31857],[-58.630187,-34.31852],[-58.629925,-34.319218],[-58.630128,-34.319297],[-58.630402,-34.31857]]]}},{"type":"Feature","properties":{"partida":"357006759","cca":"357000100000000000000043300S00000000005000","tipo":"Urbano","sup_m2":1651.0},"geometry":{"type":"Polygon","coordinates":[[[-58.629969,-34.318469],[-58.629718,-34.319137],[-58.629925,-34.319218],[-58.630187,-34.31852],[-58.629969,-34.318469]]]}},{"type":"Feature","properties":{"partida":null,"cca":"357000100000000000000043300S00000000006000","tipo":null,"sup_m2":1557.1},"geometry":{"type":"Polygon","coordinates":[[[-58.629969,-34.318469],[-58.629814,-34.318433],[-58.629762,-34.318402],[-58.629516,-34.319058],[-58.629718,-34.319137],[-58.629969,-34.318469]]]}},{"type":"Feature","properties":{"partida":null,"cca":"357000100000000000000043300S00000000007000","tipo":null,"sup_m2":1611.5},"geometry":{"type":"Polygon","coordinates":[[[-58.629762,-34.318402],[-58.629572,-34.318292],[-58.629306,-34.319004],[-58.629516,-34.319058],[-58.629762,-34.318402]]]}},{"type":"Feature","properties":{"partida":"357006762","cca":"357000100000000000000043300S00000000008000","tipo":"Urbano","sup_m2":1760.9},"geometry":{"type":"Polygon","coordinates":[[[-58.629095,-34.31895],[-58.629306,-34.319004],[-58.629572,-34.318292],[-58.629379,-34.318179],[-58.629095,-34.31895]]]}},{"type":"Feature","properties":{"partida":null,"cca":"357000100000000000000043300S00000000009000","tipo":null,"sup_m2":1981.0},"geometry":{"type":"Polygon","coordinates":[[[-58.629177,-34.318062],[-58.628876,-34.318894],[-58.629095,-34.31895],[-58.629379,-34.318179],[-58.629177,-34.318062]]]}},{"type":"Feature","properties":{"partida":null,"cca":"357000100000000000000043300S00000000010000","tipo":null,"sup_m2":2551.7},"geometry":{"type":"Polygon","coordinates":[[[-58.629177,-34.318062],[-58.629026,-34.317974],[-58.628948,-34.317902],[-58.628615,-34.318811],[-58.628876,-34.318894],[-58.629177,-34.318062]]]}},{"type":"Feature","properties":{"partida":null,"cca":"357000100000000000000043300S00000000011000","tipo":null,"sup_m2":3229.3},"geometry":{"type":"Polygon","coordinates":[[[-58.628948,-34.317902],[-58.628712,-34.317682],[-58.628315,-34.318741],[-58.628615,-34.318811],[-58.628948,-34.317902]]]}},{"type":"Feature","properties":{"partida":null,"cca":"357000100000000000000043300S00000000012000","tipo":null,"sup_m2":3780.6},"geometry":{"type":"Polygon","coordinates":[[[-58.628409,-34.317584],[-58.628004,-34.318674],[-58.628315,-34.318741],[-58.628712,-34.317682],[-58.628634,-34.31761],[-58.628409,-34.317584]]]}},{"type":"Feature","properties":{"partida":null,"cca":"357000100000000000000043300S00000000013000","tipo":null,"sup_m2":4352.1},"geometry":{"type":"Polygon","coordinates":[[[-58.628409,-34.317584],[-58.628022,-34.317541],[-58.627642,-34.318576],[-58.628004,-34.318674],[-58.628409,-34.317584]]]}},{"type":"Feature","properties":{"partida":"357006768","cca":"357000100000000000000043300S00000000014000","tipo":"Urbano","sup_m2":4393.7},"geometry":{"type":"Polygon","coordinates":[[[-58.627608,-34.317494],[-58.627255,-34.318475],[-58.627642,-34.318576],[-58.628022,-34.317541],[-58.627608,-34.317494]]]}},{"type":"Feature","properties":{"partida":"357006769","cca":"357000100000000000000043300S00000000015000","tipo":"Urbano","sup_m2":5803.3},"geometry":{"type":"Polygon","coordinates":[[[-58.627608,-34.317494],[-58.626929,-34.317417],[-58.626801,-34.318359],[-58.627255,-34.318475],[-58.627608,-34.317494]]]}},{"type":"Feature","properties":{"partida":"357006770","cca":"357000100000000000000043300S00000000016000","tipo":"Urbano","sup_m2":2663.8},"geometry":{"type":"Polygon","coordinates":[[[-58.626801,-34.318359],[-58.626713,-34.319009],[-58.627034,-34.319091],[-58.627255,-34.318475],[-58.626801,-34.318359]]]}},{"type":"Feature","properties":{"partida":"357006771","cca":"357000100000000000000043300S00000000017000","tipo":"Urbano","sup_m2":2640.8},"geometry":{"type":"Polygon","coordinates":[[[-58.627034,-34.319091],[-58.627416,-34.319189],[-58.627642,-34.318576],[-58.627255,-34.318475],[-58.627034,-34.319091]]]}},{"type":"Feature","properties":{"partida":"357006772","cca":"357000100000000000000043300S00000000018000","tipo":"Urbano","sup_m2":2474.0},"geometry":{"type":"Polygon","coordinates":[[[-58.627416,-34.319189],[-58.627778,-34.319281],[-58.628004,-34.318674],[-58.627642,-34.318576],[-58.627416,-34.319189]]]}},{"type":"Feature","properties":{"partida":"357006773","cca":"357000100000000000000043300S00000000019000","tipo":"Urbano","sup_m2":2098.6},"geometry":{"type":"Polygon","coordinates":[[[-58.628083,-34.319359],[-58.628315,-34.318741],[-58.628004,-34.318674],[-58.627778,-34.319281],[-58.628083,-34.319359]]]}},{"type":"Feature","properties":{"partida":"357006774","cca":"357000100000000000000043300S00000000020000","tipo":"Urbano","sup_m2":2084.1},"geometry":{"type":"Polygon","coordinates":[[[-58.628315,-34.318741],[-58.628083,-34.319359],[-58.628386,-34.319436],[-58.628615,-34.318811],[-58.628315,-34.318741]]]}},{"type":"Feature","properties":{"partida":"357006775","cca":"357000100000000000000043300S00000000021000","tipo":"Urbano","sup_m2":1842.3},"geometry":{"type":"Polygon","coordinates":[[[-58.628386,-34.319436],[-58.628654,-34.319504],[-58.628876,-34.318894],[-58.628615,-34.318811],[-58.628386,-34.319436]]]}},{"type":"Feature","properties":{"partida":"357006776","cca":"357000100000000000000043300S00000000022000","tipo":"Urbano","sup_m2":1486.0},"geometry":{"type":"Polygon","coordinates":[[[-58.62887,-34.31956],[-58.629095,-34.31895],[-58.628876,-34.318894],[-58.628654,-34.319504],[-58.62887,-34.31956]]]}},{"type":"Feature","properties":{"partida":"357006777","cca":"357000100000000000000043300S00000000023000","tipo":"Urbano","sup_m2":1422.7},"geometry":{"type":"Polygon","coordinates":[[[-58.62887,-34.31956],[-58.629077,-34.319612],[-58.629306,-34.319004],[-58.629095,-34.31895],[-58.62887,-34.31956]]]}},{"type":"Feature","properties":{"partida":"357006778","cca":"357000100000000000000043300S00000000024000","tipo":"Urbano","sup_m2":1432.2},"geometry":{"type":"Polygon","coordinates":[[[-58.629287,-34.319666],[-58.629516,-34.319058],[-58.629306,-34.319004],[-58.629077,-34.319612],[-58.629287,-34.319666]]]}},{"type":"Feature","properties":{"partida":"357006779","cca":"357000100000000000000043300S00000000025000","tipo":"Urbano","sup_m2":1412.7},"geometry":{"type":"Polygon","coordinates":[[[-58.629287,-34.319666],[-58.629499,-34.31972],[-58.629718,-34.319137],[-58.629516,-34.319058],[-58.629287,-34.319666]]]}},{"type":"Feature","properties":{"partida":"357006780","cca":"357000100000000000000043300S00000000026000","tipo":"Urbano","sup_m2":1383.8},"geometry":{"type":"Polygon","coordinates":[[[-58.629499,-34.31972],[-58.629716,-34.319776],[-58.629925,-34.319218],[-58.629718,-34.319137],[-58.629499,-34.31972]]]}},{"type":"Feature","properties":{"partida":"357006781","cca":"357000100000000000000043300S00000000027000","tipo":"Urbano","sup_m2":1295.9},"geometry":{"type":"Polygon","coordinates":[[[-58.629928,-34.31983],[-58.630128,-34.319297],[-58.629925,-34.319218],[-58.629716,-34.319776],[-58.629928,-34.31983]]]}},{"type":"Feature","properties":{"partida":"357006782","cca":"357000100000000000000043300S00000000028000","tipo":"Urbano","sup_m2":1205.8},"geometry":{"type":"Polygon","coordinates":[[[-58.629928,-34.31983],[-58.630138,-34.319883],[-58.630323,-34.319373],[-58.630128,-34.319297],[-58.629928,-34.31983]]]}},{"type":"Feature","properties":{"partida":"357006783","cca":"357000100000000000000043300S00000000029000","tipo":"Urbano","sup_m2":1143.5},"geometry":{"type":"Polygon","coordinates":[[[-58.630341,-34.319935],[-58.630524,-34.319451],[-58.630323,-34.319373],[-58.630138,-34.319883],[-58.630341,-34.319935]]]}},{"type":"Feature","properties":{"partida":"357006784","cca":"357000100000000000000043300S00000000030000","tipo":"Urbano","sup_m2":1179.3},"geometry":{"type":"Polygon","coordinates":[[[-58.630563,-34.319992],[-58.630739,-34.319536],[-58.630524,-34.319451],[-58.630341,-34.319935],[-58.630563,-34.319992]]]}},{"type":"Feature","properties":{"partida":"357006785","cca":"357000100000000000000043300S00000000031000","tipo":"Urbano","sup_m2":2304.5},"geometry":{"type":"Polygon","coordinates":[[[-58.631195,-34.320153],[-58.631045,-34.319655],[-58.630739,-34.319536],[-58.630563,-34.319992],[-58.631195,-34.320153]]]}},{"type":"Feature","properties":{"partida":"357006786","cca":"357000100000000000000043300T00000000001000","tipo":"Urbano","sup_m2":1434.2},"geometry":{"type":"Polygon","coordinates":[[[-58.626614,-34.317407],[-58.626484,-34.31827],[-58.626643,-34.318316],[-58.626766,-34.317409],[-58.626614,-34.317407]]]}},{"type":"Feature","properties":{"partida":"357006787","cca":"357000100000000000000043300T00000000002000","tipo":"Urbano","sup_m2":1171.7},"geometry":{"type":"Polygon","coordinates":[[[-58.626484,-34.31827],[-58.626614,-34.317407],[-58.626469,-34.317405],[-58.626364,-34.318238],[-58.626484,-34.31827]]]}},{"type":"Feature","properties":{"partida":"357006788","cca":"357000100000000000000043300T00000000003000","tipo":"Urbano","sup_m2":1001.4},"geometry":{"type":"Polygon","coordinates":[[[-58.626242,-34.318214],[-58.626364,-34.318238],[-58.626469,-34.317405],[-58.626355,-34.317404],[-58.626242,-34.318214]]]}},{"type":"Feature","properties":{"partida":"357006789","cca":"357000100000000000000043300T00000000004000","tipo":"Urbano","sup_m2":1253.7},"geometry":{"type":"Polygon","coordinates":[[[-58.626082,-34.318173],[-58.626242,-34.318214],[-58.626355,-34.317404],[-58.626211,-34.317403],[-58.626082,-34.318173]]]}},{"type":"Feature","properties":{"partida":"357006790","cca":"357000100000000000000043300T00000000005000","tipo":"Urbano","sup_m2":1307.4},"geometry":{"type":"Polygon","coordinates":[[[-58.626082,-34.318173],[-58.626211,-34.317403],[-58.626054,-34.317401],[-58.625906,-34.31814],[-58.626082,-34.318173]]]}},{"type":"Feature","properties":{"partida":null,"cca":"357000100000000000000043300T00000000006000","tipo":null,"sup_m2":1430.7},"geometry":{"type":"Polygon","coordinates":[[[-58.625906,-34.31814],[-58.626054,-34.317401],[-58.625876,-34.317399],[-58.625704,-34.318089],[-58.625906,-34.31814]]]}},{"type":"Feature","properties":{"partida":null,"cca":"357000100000000000000043300T00000000007000","tipo":null,"sup_m2":1305.5},"geometry":{"type":"Polygon","coordinates":[[[-58.625726,-34.317381],[-58.625493,-34.318036],[-58.625704,-34.318089],[-58.625876,-34.317399],[-58.62578,-34.317398],[-58.625726,-34.317381]]]}},{"type":"Feature","properties":{"partida":"357006793","cca":"357000100000000000000043300T00000000008000","tipo":"Urbano","sup_m2":1450.7},"geometry":{"type":"Polygon","coordinates":[[[-58.625726,-34.317381],[-58.625536,-34.317325],[-58.625289,-34.317984],[-58.625493,-34.318036],[-58.625726,-34.317381]]]}},{"type":"Feature","properties":{"partida":"357006794","cca":"357000100000000000000043300T00000000009000","tipo":"Urbano","sup_m2":1624.9},"geometry":{"type":"Polygon","coordinates":[[[-58.625289,-34.317984],[-58.625536,-34.317325],[-58.62532,-34.31726],[-58.625071,-34.317929],[-58.625289,-34.317984]]]}},{"type":"Feature","properties":{"partida":"357006795","cca":"357000100000000000000043300T00000000010000","tipo":"Urbano","sup_m2":1421.5},"geometry":{"type":"Polygon","coordinates":[[[-58.62488,-34.317881],[-58.625071,-34.317929],[-58.62532,-34.31726],[-58.625136,-34.317205],[-58.62488,-34.317881]]]}},{"type":"Feature","properties":{"partida":"357006796","cca":"357000100000000000000043300T00000000011000","tipo":"Urbano","sup_m2":1607.7},"geometry":{"type":"Polygon","coordinates":[[[-58.62488,-34.317881],[-58.625136,-34.317205],[-58.624925,-34.317142],[-58.624672,-34.317829],[-58.62488,-34.317881]]]}},{"type":"Feature","properties":{"partida":null,"cca":"357000100000000000000043300T00000000012000","tipo":null,"sup_m2":1524.0},"geometry":{"type":"Polygon","coordinates":[[[-58.624672,-34.317829],[-58.624925,-34.317142],[-58.624736,-34.317086],[-58.624468,-34.317777],[-58.624672,-34.317829]]]}},{"type":"Feature","properties":{"partida":null,"cca":"357000100000000000000043300T00000000013000","tipo":null,"sup_m2":1625.0},"geometry":{"type":"Polygon","coordinates":[[[-58.624262,-34.317725],[-58.624468,-34.317777],[-58.624736,-34.317086],[-58.624514,-34.317045],[-58.624262,-34.317725]]]}},{"type":"Feature","properties":{"partida":"357006799","cca":"357000100000000000000043300T00000000014000","tipo":"Urbano","sup_m2":1579.4},"geometry":{"type":"Polygon","coordinates":[[[-58.624262,-34.317725],[-58.624514,-34.317045],[-58.624297,-34.317005],[-58.624054,-34.317673],[-58.624262,-34.317725]]]}},{"type":"Feature","properties":{"partida":"357006800","cca":"357000100000000000000043300T00000000015000","tipo":"Urbano","sup_m2":1571.4},"geometry":{"type":"Polygon","coordinates":[[[-58.62384,-34.317619],[-58.624054,-34.317673],[-58.624297,-34.317005],[-58.624079,-34.316965],[-58.62384,-34.317619]]]}},{"type":"Feature","properties":{"partida":"357006801","cca":"357000100000000000000043300T00000000016000","tipo":"Urbano","sup_m2":938.4},"geometry":{"type":"Polygon","coordinates":[[[-58.623714,-34.31759],[-58.62384,-34.317619],[-58.624079,-34.316965],[-58.623939,-34.31694],[-58.623865,-34.317156],[-58.623813,-34.317325],[-58.62374,-34.317504],[-58.623714,-34.31759]]]}},{"type":"Feature","properties":{"partida":null,"cca":"357000100000000000000043300T00000000017000","tipo":null,"sup_m2":319.4},"geometry":{"type":"Polygon","coordinates":[[[-58.623534,-34.316945],[-58.623918,-34.317004],[-58.623939,-34.31694],[-58.623564,-34.316858],[-58.623533,-34.316889],[-58.623533,-34.316901],[-58.623549,-34.316908],[-58.623535,-34.316917],[-58.623534,-34.316945]]]}},{"type":"Feature","properties":{"partida":"357006803","cca":"357000100000000000000043300T00000000018000","tipo":"Urbano","sup_m2":569.3},"geometry":{"type":"Polygon","coordinates":[[[-58.623512,-34.317076],[-58.623865,-34.317156],[-58.623918,-34.317004],[-58.623534,-34.316945],[-58.623508,-34.317003],[-58.623512,-34.317076]]]}},{"type":"Feature","properties":{"partida":"357006804","cca":"357000100000000000000043300T00000000019000","tipo":"Urbano","sup_m2":435.7},"geometry":{"type":"Polygon","coordinates":[[[-58.623512,-34.317076],[-58.62351,-34.317103],[-58.623524,-34.317132],[-58.623562,-34.317133],[-58.623621,-34.317119],[-58.623653,-34.317124],[-58.623655,-34.317148],[-58.623631,-34.317192],[-58.623631,-34.317217],[-58.623639,-34.317232],[-58.623614,-34.317252],[-58.623555,-34.317263],[-58.623547,-34.317268],[-58.623813,-34.317325],[-58.623865,-34.317156],[-58.623512,-34.317076]]]}},{"type":"Feature","properties":{"partida":"357006805","cca":"357000100000000000000043300T00000000020000","tipo":"Urbano","sup_m2":377.6},"geometry":{"type":"Polygon","coordinates":[[[-58.623559,-34.317463],[-58.62374,-34.317504],[-58.623813,-34.317325],[-58.623547,-34.317268],[-58.623578,-34.317319],[-58.623603,-34.317373],[-58.623615,-34.317389],[-58.623616,-34.317414],[-58.623596,-34.31743],[-58.623563,-34.317443],[-58.623559,-34.317463]]]}},{"type":"Feature","properties":{"partida":null,"cca":"357000100000000000000043300T00000000021000","tipo":null,"sup_m2":315.7},"geometry":{"type":"Polygon","coordinates":[[[-58.623484,-34.317641],[-58.623668,-34.31769],[-58.623714,-34.31759],[-58.62374,-34.317504],[-58.623559,-34.317463],[-58.623566,-34.317543],[-58.623546,-34.317567],[-58.623569,-34.317576],[-58.623549,-34.317628],[-58.623484,-34.317641]]]}},{"type":"Feature","properties":{"partida":"357006807","cca":"357000100000000000000043300T00000000022000","tipo":"Urbano","sup_m2":583.2},"geometry":{"type":"Polygon","coordinates":[[[-58.623668,-34.31769],[-58.623484,-34.317641],[-58.62349,-34.317662],[-58.623463,-34.317678],[-58.623452,-34.317693],[-58.623451,-34.317714],[-58.623441,-34.317729],[-58.623442,-34.317755],[-58.62343,-34.317766],[-58.623418,-34.317771],[-58.623419,-34.317807],[-58.623366,-34.317925],[-58.623551,-34.317967],[-58.623668,-34.31769]]]}},{"type":"Feature","properties":{"partida":"357006808","cca":"357000100000000000000043300T00000000023000","tipo":"Urbano","sup_m2":471.8},"geometry":{"type":"Polygon","coordinates":[[[-58.623465,-34.31818],[-58.623551,-34.317967],[-58.623366,-34.317925],[-58.623302,-34.318032],[-58.623253,-34.318126],[-58.623465,-34.31818]]]}},{"type":"Feature","properties":{"partida":"357006809","cca":"357000100000000000000043300T00000000024000","tipo":"Urbano","sup_m2":957.7},"geometry":{"type":"Polygon","coordinates":[[[-58.62384,-34.317619],[-58.623714,-34.31759],[-58.623668,-34.31769],[-58.623551,-34.317967],[-58.623465,-34.31818],[-58.623619,-34.318223],[-58.62384,-34.317619]]]}},{"type":"Feature","properties":{"partida":"357006810","cca":"357000100000000000000043300T00000000025000","tipo":"Urbano","sup_m2":1446.8},"geometry":{"type":"Polygon","coordinates":[[[-58.624054,-34.317673],[-58.62384,-34.317619],[-58.623619,-34.318223],[-58.623834,-34.318277],[-58.624054,-34.317673]]]}},{"type":"Feature","properties":{"partida":null,"cca":"357000100000000000000043300T00000000026000","tipo":null,"sup_m2":1384.9},"geometry":{"type":"Polygon","coordinates":[[[-58.624262,-34.317725],[-58.624054,-34.317673],[-58.623834,-34.318277],[-58.624039,-34.318326],[-58.624262,-34.317725]]]}},{"type":"Feature","properties":{"partida":null,"cca":"357000100000000000000043300T00000000027000","tipo":null,"sup_m2":1388.9},"geometry":{"type":"Polygon","coordinates":[[[-58.624262,-34.317725],[-58.624039,-34.318326],[-58.624245,-34.318379],[-58.624468,-34.317777],[-58.624262,-34.317725]]]}},{"type":"Feature","properties":{"partida":"357006813","cca":"357000100000000000000043300T00000000028000","tipo":"Urbano","sup_m2":1372.7},"geometry":{"type":"Polygon","coordinates":[[[-58.624468,-34.317777],[-58.624245,-34.318379],[-58.624449,-34.318432],[-58.624672,-34.317829],[-58.624468,-34.317777]]]}},{"type":"Feature","properties":{"partida":"357006814","cca":"357000100000000000000043300T00000000029000","tipo":"Urbano","sup_m2":1388.9},"geometry":{"type":"Polygon","coordinates":[[[-58.62488,-34.317881],[-58.624672,-34.317829],[-58.624449,-34.318432],[-58.624653,-34.318483],[-58.62488,-34.317881]]]}},{"type":"Feature","properties":{"partida":"357006815","cca":"357000100000000000000043300T00000000030000","tipo":"Urbano","sup_m2":1299.4},"geometry":{"type":"Polygon","coordinates":[[[-58.625071,-34.317929],[-58.62488,-34.317881],[-58.624653,-34.318483],[-58.624847,-34.318533],[-58.625071,-34.317929]]]}},{"type":"Feature","properties":{"partida":null,"cca":"357000100000000000000043300T00000000031000","tipo":null,"sup_m2":1613.1},"geometry":{"type":"Polygon","coordinates":[[[-58.625289,-34.317984],[-58.625071,-34.317929],[-58.624847,-34.318533],[-58.625107,-34.318599],[-58.625289,-34.317984]]]}},{"type":"Feature","properties":{"partida":"357006817","cca":"357000100000000000000043300T00000000032000","tipo":"Urbano","sup_m2":1408.6},"geometry":{"type":"Polygon","coordinates":[[[-58.625493,-34.318036],[-58.625289,-34.317984],[-58.625107,-34.318599],[-58.625321,-34.318654],[-58.625493,-34.318036]]]}},{"type":"Feature","properties":{"partida":"357006818","cca":"357000100000000000000043300T00000000033000","tipo":"Urbano","sup_m2":1489.5},"geometry":{"type":"Polygon","coordinates":[[[-58.625704,-34.318089],[-58.625493,-34.318036],[-58.625321,-34.318654],[-58.625551,-34.318712],[-58.625704,-34.318089]]]}},{"type":"Feature","properties":{"partida":"357006819","cca":"357000100000000000000043300T00000000034000","tipo":"Urbano","sup_m2":1368.9},"geometry":{"type":"Polygon","coordinates":[[[-58.625906,-34.31814],[-58.625704,-34.318089],[-58.625551,-34.318712],[-58.625753,-34.318764],[-58.625906,-34.31814]]]}},{"type":"Feature","properties":{"partida":"357006820","cca":"357000100000000000000043300T00000000035000","tipo":"Urbano","sup_m2":1269.4},"geometry":{"type":"Polygon","coordinates":[[[-58.626082,-34.318173],[-58.625906,-34.31814],[-58.625753,-34.318764],[-58.625951,-34.318815],[-58.626082,-34.318173]]]}},{"type":"Feature","properties":{"partida":"357006821","cca":"357000100000000000000043300T00000000036000","tipo":"Urbano","sup_m2":1170.4},"geometry":{"type":"Polygon","coordinates":[[[-58.626082,-34.318173],[-58.625951,-34.318815],[-58.62613,-34.31886],[-58.626242,-34.318214],[-58.626082,-34.318173]]]}},{"type":"Feature","properties":{"partida":"357006822","cca":"357000100000000000000043300T00000000037000","tipo":"Urbano","sup_m2":924.8},"geometry":{"type":"Polygon","coordinates":[[[-58.626364,-34.318238],[-58.626242,-34.318214],[-58.62613,-34.31886],[-58.626277,-34.318898],[-58.626364,-34.318238]]]}},{"type":"Feature","properties":{"partida":"357006823","cca":"357000100000000000000043300T00000000038000","tipo":"Urbano","sup_m2":860.5},"geometry":{"type":"Polygon","coordinates":[[[-58.626364,-34.318238],[-58.626277,-34.318898],[-58.626403,-34.31893],[-58.626484,-34.31827],[-58.626364,-34.318238]]]}},{"type":"Feature","properties":{"partida":"357006824","cca":"357000100000000000000043300T00000000039000","tipo":"Urbano","sup_m2":1074.1},"geometry":{"type":"Polygon","coordinates":[[[-58.626403,-34.31893],[-58.626554,-34.318969],[-58.626643,-34.318316],[-58.626484,-34.31827],[-58.626403,-34.31893]]]}},{"type":"Feature","properties":{"partida":"357006826","cca":"35700010000000000000004350000000000000100A","tipo":"Rural","sup_m2":3171.7},"geometry":{"type":"Polygon","coordinates":[[[-58.636929,-34.314012],[-58.636921,-34.313975],[-58.636898,-34.313972],[-58.636885,-34.313954],[-58.636878,-34.313934],[-58.636875,-34.313892],[-58.636938,-34.313825],[-58.636949,-34.313808],[-58.636948,-34.313794],[-58.636992,-34.313774],[-58.635618,-34.313928],[-58.635668,-34.314181],[-58.636929,-34.314012]]]}},{"type":"Feature","properties":{"partida":"357006827","cca":"35700010000000000000004350000000000000100B","tipo":"Rural","sup_m2":80017.8},"geometry":{"type":"Polygon","coordinates":[[[-58.636929,-34.314012],[-58.635668,-34.314181],[-58.635618,-34.313928],[-58.629953,-34.314571],[-58.630008,-34.314866],[-58.630294,-34.316293],[-58.637041,-34.314349],[-58.637038,-34.314285],[-58.63702,-34.314251],[-58.636992,-34.314228],[-58.636927,-34.314209],[-58.636913,-34.31419],[-58.636921,-34.314166],[-58.63691,-34.314146],[-58.636911,-34.314131],[-58.636916,-34.314122],[-58.636946,-34.314105],[-58.636929,-34.314012]]]}},{"type":"Feature","properties":{"partida":"357006828","cca":"35700010000000000000004350000000000000200A","tipo":"Rural","sup_m2":10711.5},"geometry":{"type":"Polygon","coordinates":[[[-58.636986,-34.314945],[-58.635802,-34.315231],[-58.636102,-34.316097],[-58.637309,-34.31581],[-58.637311,-34.315803],[-58.637275,-34.315784],[-58.637228,-34.315753],[-58.637221,-34.315716],[-58.637178,-34.315695],[-58.637167,-34.315656],[-58.637133,-34.315625],[-58.637164,-34.315575],[-58.637163,-34.315555],[-58.637137,-34.315547],[-58.637091,-34.315554],[-58.637062,-34.315553],[-58.63704,-34.315539],[-58.637018,-34.315456],[-58.637014,-34.315402],[-58.637037,-34.315349],[-58.63702,-34.315336],[-58.636983,-34.315323],[-58.636988,-34.315276],[-58.637006,-34.315231],[-58.636996,-34.315206],[-58.636956,-34.31519],[-58.636938,-34.315165],[-58.63693,-34.315125],[-58.63693,-34.315092],[-58.636958,-34.315073],[-58.636988,-34.315066],[-58.637037,-34.315038],[-58.637058,-34.314998],[-58.637054,-34.314973],[-58.637025,-34.314951],[-58.636986,-34.314945]]]}},{"type":"Feature","properties":{"partida":null,"cca":"35700010000000000000004350000000000000200B","tipo":null,"sup_m2":256345.5},"geometry":{"type":"Polygon","coordinates":[[[-58.630294,-34.316293],[-58.630801,-34.318848],[-58.631195,-34.320153],[-58.634532,-34.319204],[-58.637253,-34.317483],[-58.638225,-34.316626],[-58.638154,-34.3166],[-58.638081,-34.316559],[-58.638017,-34.31655],[-58.637973,-34.316551],[-58.637917,-34.316537],[-58.637864,-34.316499],[-58.637832,-34.316471],[-58.637815,-34.316449],[-58.637812,-34.316344],[-58.637741,-34.316314],[-58.637667,-34.316305],[-58.637639,-34.316274],[-58.637574,-34.316216],[-58.637521,-34.316194],[-58.637475,-34.316166],[-58.637435,-34.316131],[-58.637415,-34.316028],[-58.637393,-34.315973],[-58.637326,-34.315956],[-58.637293,-34.315921],[-58.637322,-34.315868],[-58.637311,-34.315803],[-58.637309,-34.31581],[-58.636102,-34.316097],[-58.635802,-34.315231],[-58.636986,-34.314945],[-58.63696,-34.314909],[-58.636945,-34.314706],[-58.636947,-34.314676],[-58.636961,-34.314647],[-58.637012,-34.314588],[-58.637027,-34.314552],[-58.637029,-34.314532],[-58.636993,-34.314512],[-58.636985,-34.314492],[-58.636994,-34.314463],[-58.637001,-34.314448],[-58.637035,-34.314403],[-58.637041,-34.314349],[-58.630294,-34.316293]]]}},{"type":"Feature","properties":{"partida":"357006830","cca":"35700010000000000000004350000000000000300C","tipo":"Urbano","sup_m2":2803.9},"geometry":{"type":"Polygon","coordinates":[[[-58.638701,-34.316736],[-58.638655,-34.31674],[-58.638597,-34.316764],[-58.638537,-34.316764],[-58.638454,-34.316757],[-58.638372,-34.316728],[-58.638271,-34.316683],[-58.638225,-34.316626],[-58.637768,-34.317029],[-58.638049,-34.317323],[-58.638701,-34.316736]]]}},{"type":"Feature","properties":{"partida":"357019744","cca":"35700010000000000000004350000000000000300D","tipo":"Rural","sup_m2":227006.0},"geometry":{"type":"Polygon","coordinates":[[[-58.637768,-34.317029],[-58.637253,-34.317483],[-58.634532,-34.319204],[-58.631195,-34.320153],[-58.631405,-34.321834],[-58.631796,-34.323291],[-58.633759,-34.322947],[-58.637448,-34.319778],[-58.639242,-34.31807],[-58.639873,-34.317561],[-58.639874,-34.317483],[-58.639815,-34.317403],[-58.639725,-34.317361],[-58.639604,-34.317339],[-58.639605,-34.317284],[-58.639556,-34.317232],[-58.639469,-34.317187],[-58.639422,-34.317139],[-58.639422,-34.317095],[-58.63936,-34.317071],[-58.639078,-34.316922],[-58.638981,-34.316833],[-58.638774,-34.316731],[-58.638701,-34.316736],[-58.638049,-34.317323],[-58.637768,-34.317029]]]}},{"type":"Feature","properties":{"partida":"357006831","cca":"357000100000000000000043600000000000000000","tipo":"Rural","sup_m2":251707.2},"geometry":{"type":"Polygon","coordinates":[[[-58.623465,-34.31818],[-58.623211,-34.318116],[-58.623198,-34.318154],[-58.623183,-34.318176],[-58.623178,-34.318198],[-58.623159,-34.318211],[-58.623168,-34.318235],[-58.623192,-34.318266],[-58.623143,-34.318274],[-58.623113,-34.318303],[-58.6231,-34.318332],[-58.623101,-34.318356],[-58.623037,-34.318371],[-58.623075,-34.318399],[-58.623101,-34.318401],[-58.623121,-34.318414],[-58.623109,-34.318426],[-58.623064,-34.318442],[-58.62306,-34.318456],[-58.62305,-34.318467],[-58.623065,-34.318476],[-58.623075,-34.318492],[-58.623034,-34.318484],[-58.623011,-34.318493],[-58.623009,-34.318507],[-58.623029,-34.318516],[-58.623031,-34.318531],[-58.623017,-34.318542],[-58.623017,-34.318554],[-58.62301,-34.31857],[-58.62298,-34.31858],[-58.622965,-34.318589],[-58.622947,-34.318589],[-58.62296,-34.318611],[-58.622948,-34.318624],[-58.622954,-34.318632],[-58.62297,-34.31864],[-58.622964,-34.318652],[-58.622937,-34.31868],[-58.622931,-34.31869],[-58.622937,-34.318697],[-58.622949,-34.318693],[-58.622959,-34.318698],[-58.622952,-34.318717],[-58.622939,-34.318734],[-58.622967,-34.318752],[-58.622939,-34.318778],[-58.622922,-34.318828],[-58.622937,-34.318866],[-58.622915,-34.31889],[-58.622907,-34.318917],[-58.622876,-34.318933],[-58.622862,-34.318963],[-58.622844,-34.318971],[-58.622848,-34.319011],[-58.622807,-34.319027],[-58.622774,-34.319044],[-58.62277,-34.319063],[-58.62279,-34.31912],[-58.622776,-34.31914],[-58.622754,-34.319141],[-58.622707,-34.319182],[-58.622704,-34.319226],[-58.622693,-34.319256],[-58.622691,-34.319284],[-58.622698,-34.319308],[-58.62272,-34.319321],[-58.622754,-34.319324],[-58.62276,-34.319343],[-58.622702,-34.319386],[-58.622666,-34.319421],[-58.622657,-34.319437],[-58.622668,-34.319462],[-58.62265,-34.319476],[-58.622661,-34.31952],[-58.62266,-34.319534],[-58.622652,-34.319552],[-58.622615,-34.31957],[-58.622599,-34.319595],[-58.622595,-34.319638],[-58.622574,-34.319664],[-58.622536,-34.319681],[-58.62254,-34.319698],[-58.622532,-34.319721],[-58.622556,-34.319741],[-58.62255,-34.319791],[-58.622516,-34.319778],[-58.622496,-34.319784],[-58.622503,-34.319802],[-58.622532,-34.319811],[-58.622521,-34.31982],[-58.622489,-34.31983],[-58.622471,-34.319831],[-58.622467,-34.319844],[-58.622437,-34.319848],[-58.622423,-34.319871],[-58.622439,-34.31991],[-58.622467,-34.319918],[-58.622463,-34.31993],[-58.62243,-34.319941],[-58.622439,-34.319964],[-58.622472,-34.319977],[-58.622432,-34.320001],[-58.622456,-34.32006],[-58.622444,-34.320071],[-58.622381,-34.320066],[-58.622351,-34.320074],[-58.622341,-34.320097],[-58.622362,-34.320114],[-58.622361,-34.320131],[-58.622356,-34.320123],[-58.622329,-34.320139],[-58.622312,-34.320165],[-58.622327,-34.320171],[-58.62233,-34.320188],[-58.622319,-34.320211],[-58.622295,-34.320222],[-58.622303,-34.320234],[-58.622314,-34.320244],[-58.622312,-34.320274],[-58.622305,-34.32029],[-58.62228,-34.320293],[-58.622278,-34.320315],[-58.622264,-34.320368],[-58.622239,-34.32038],[-58.622222,-34.320402],[-58.622212,-34.320424],[-58.622211,-34.320441],[-58.622224,-34.320452],[-58.622224,-34.320473],[-58.622209,-34.320472],[-58.622206,-34.320491],[-58.622191,-34.3205],[-58.622178,-34.320493],[-58.622151,-34.320528],[-58.622146,-34.32056],[-58.622162,-34.320578],[-58.622163,-34.320601],[-58.622128,-34.320598],[-58.622104,-34.320616],[-58.62211,-34.320634],[-58.622083,-34.320652],[-58.62208,-34.320679],[-58.622085,-34.320704],[-58.622075,-34.320717],[-58.622051,-34.320723],[-58.622049,-34.320739],[-58.622037,-34.320752],[-58.622018,-34.320761],[-58.622023,-34.320784],[-58.622023,-34.320807],[-58.622014,-34.320844],[-58.62197,-34.320865],[-58.621949,-34.320882],[-58.621971,-34.320899],[-58.621976,-34.320923],[-58.621956,-34.320929],[-58.621948,-34.320952],[-58.621909,-34.320948],[-58.621901,-34.320963],[-58.62193,-34.320973],[-58.621933,-34.321006],[-58.621924,-34.321026],[-58.621884,-34.321053],[-58.621892,-34.321063],[-58.621901,-34.321096],[-58.621877,-34.321144],[-58.621841,-34.321137],[-58.621862,-34.321177],[-58.6218,-34.321261],[-58.621775,-34.321286],[-58.621715,-34.321312],[-58.62173,-34.321328],[-58.621718,-34.321383],[-58.624588,-34.321952],[-58.631405,-34.321834],[-58.631195,-34.320153],[-58.624039,-34.318326],[-58.623619,-34.318223],[-58.623465,-34.31818]]]}},{"type":"Feature","properties":{"partida":"357006845","cca":"357000100000000000000044100000000000001000","tipo":"Rural","sup_m2":156436.7},"geometry":{"type":"Polygon","coordinates":[[[-58.621476,-34.322549],[-58.624246,-34.322229],[-58.624474,-34.323749],[-58.624537,-34.324128],[-58.631796,-34.323291],[-58.631405,-34.321834],[-58.624588,-34.321952],[-58.621718,-34.321383],[-58.621487,-34.322387],[-58.621476,-34.322549]]]}},{"type":"Feature","properties":{"partida":"357019890","cca":"3570001000000000000000445000000000000010AD","tipo":"Rural","sup_m2":170666.7},"geometry":{"type":"Polygon","coordinates":[[[-58.641863,-34.323771],[-58.641779,-34.323737],[-58.641689,-34.32375],[-58.641636,-34.323724],[-58.641633,-34.323702],[-58.641578,-34.323654],[-58.641561,-34.323618],[-58.641564,-34.323585],[-58.641571,-34.323548],[-58.64157,-34.32351],[-58.641562,-34.323476],[-58.641533,-34.323448],[-58.641487,-34.323384],[-58.641494,-34.323303],[-58.641489,-34.323284],[-58.641444,-34.323263],[-58.641394,-34.323236],[-58.641366,-34.323199],[-58.641329,-34.323127],[-58.641312,-34.323051],[-58.641289,-34.32302],[-58.641315,-34.32297],[-58.641318,-34.322945],[-58.641294,-34.322924],[-58.641258,-34.322899],[-58.641243,-34.32284],[-58.641261,-34.322806],[-58.641234,-34.322781],[-58.64117,-34.322752],[-58.641157,-34.322687],[-58.641102,-34.32258],[-58.641094,-34.322521],[-58.641078,-34.322486],[-58.641091,-34.322422],[-58.641103,-34.322387],[-58.641099,-34.322303],[-58.64109,-34.322267],[-58.641066,-34.322239],[-58.641014,-34.322211],[-58.640973,-34.322181],[-58.632593,-34.324733],[-58.632901,-34.325799],[-58.633067,-34.326348],[-58.63316,-34.326629],[-58.641863,-34.323771]]]}},{"type":"Feature","properties":{"partida":"357006949","cca":"3570001000000000000000445000000000000010AE","tipo":"Rural","sup_m2":13466.9},"geometry":{"type":"Polygon","coordinates":[[[-58.640791,-34.318475],[-58.640787,-34.318405],[-58.640743,-34.318347],[-58.640673,-34.318275],[-58.640591,-34.318238],[-58.640512,-34.318207],[-58.64049,-34.318186],[-58.640467,-34.318138],[-58.640423,-34.318121],[-58.640363,-34.318066],[-58.640344,-34.31802],[-58.640283,-34.31799],[-58.640282,-34.317959],[-58.640256,-34.317949],[-58.640238,-34.317925],[-58.64022,-34.317909],[-58.640169,-34.317912],[-58.64014,-34.31789],[-58.640126,-34.317856],[-58.640121,-34.317794],[-58.640105,-34.317756],[-58.639873,-34.317561],[-58.638359,-34.318896],[-58.640791,-34.318475]]]}},{"type":"Feature","properties":{"partida":"357020463","cca":"3570001000000000000000445000000000000010AF","tipo":"Rural","sup_m2":11296.5},"geometry":{"type":"Polygon","coordinates":[[[-58.640858,-34.31892],[-58.640932,-34.318883],[-58.640967,-34.318841],[-58.64095,-34.318796],[-58.640893,-34.318788],[-58.64085,-34.318795],[-58.640853,-34.318705],[-58.640828,-34.318654],[-58.64082,-34.318587],[-58.640825,-34.31853],[-58.640791,-34.318475],[-58.638359,-34.318896],[-58.637905,-34.319319],[-58.640858,-34.31892]]]}},{"type":"Feature","properties":{"partida":"357020464","cca":"3570001000000000000000445000000000000010AG","tipo":"Rural","sup_m2":12861.4},"geometry":{"type":"Polygon","coordinates":[[[-58.640964,-34.31939],[-58.64096,-34.319315],[-58.640968,-34.31926],[-58.641003,-34.319215],[-58.641004,-34.319143],[-58.640995,-34.319082],[-58.640959,-34.319058],[-58.640913,-34.319036],[-58.640879,-34.318987],[-58.640878,-34.31895],[-58.640858,-34.31892],[-58.637905,-34.319319],[-58.63769,-34.31952],[-58.639038,-34.319594],[-58.640964,-34.31939]]]}},{"type":"Feature","properties":{"partida":"357020465","cca":"3570001000000000000000445000000000000010AH","tipo":"Rural","sup_m2":16767.3},"geometry":{"type":"Polygon","coordinates":[[[-58.64088,-34.319857],[-58.640874,-34.319798],[-58.640875,-34.319751],[-58.640895,-34.319682],[-58.640932,-34.319624],[-58.640952,-34.319565],[-58.640945,-34.319485],[-58.640964,-34.31939],[-58.639038,-34.319594],[-58.63769,-34.31952],[-58.637032,-34.320136],[-58.64088,-34.319857]]]}},{"type":"Feature","properties":{"partida":"357020466","cca":"3570001000000000000000445000000000000010AM","tipo":"Rural","sup_m2":17752.3},"geometry":{"type":"Polygon","coordinates":[[[-58.640756,-34.320231],[-58.640726,-34.320167],[-58.640755,-34.320128],[-58.640826,-34.32012],[-58.640865,-34.320056],[-58.640876,-34.320014],[-58.640839,-34.319954],[-58.640846,-34.319908],[-58.64088,-34.319857],[-58.637032,-34.320136],[-58.636404,-34.320675],[-58.640756,-34.320231]]]}},{"type":"Feature","properties":{"partida":"357020467","cca":"3570001000000000000000445000000000000010AN","tipo":"Rural","sup_m2":101915.2},"geometry":{"type":"Polygon","coordinates":[[[-58.640756,-34.320231],[-58.636404,-34.320675],[-58.633759,-34.322947],[-58.631796,-34.323291],[-58.632045,-34.323737],[-58.632593,-34.324733],[-58.6335,-34.324456],[-58.637848,-34.321303],[-58.640119,-34.320863],[-58.6408,-34.320689],[-58.640805,-34.320658],[-58.640816,-34.320626],[-58.640834,-34.320603],[-58.640834,-34.320573],[-58.640812,-34.320538],[-58.64079,-34.320515],[-58.640779,-34.32049],[-58.64077,-34.320452],[-58.640801,-34.320408],[-58.640812,-34.32037],[-58.640812,-34.320328],[-58.640801,-34.320291],[-58.640756,-34.320231]]]}},{"type":"Feature","properties":{"partida":"357020468","cca":"3570001000000000000000445000000000000010AR","tipo":"Rural","sup_m2":35131.6},"geometry":{"type":"Polygon","coordinates":[[[-58.6408,-34.320689],[-58.640119,-34.320863],[-58.637848,-34.321303],[-58.634941,-34.323412],[-58.640774,-34.321139],[-58.640762,-34.321098],[-58.640691,-34.321024],[-58.640691,-34.320999],[-58.640749,-34.320957],[-58.640774,-34.320877],[-58.640757,-34.320856],[-58.64073,-34.320833],[-58.640784,-34.320797],[-58.640793,-34.320757],[-58.640792,-34.320713],[-58.6408,-34.320689]]]}},{"type":"Feature","properties":{"partida":"357020469","cca":"3570001000000000000000445000000000000010AS","tipo":"Rural","sup_m2":31903.5},"geometry":{"type":"Polygon","coordinates":[[[-58.640876,-34.321641],[-58.640837,-34.321614],[-58.640852,-34.321568],[-58.640844,-34.321518],[-58.640767,-34.321451],[-58.640732,-34.321393],[-58.640714,-34.321292],[-58.640753,-34.32125],[-58.640773,-34.321195],[-58.640774,-34.321139],[-58.634941,-34.323412],[-58.633702,-34.32431],[-58.640876,-34.321641]]]}},{"type":"Feature","properties":{"partida":"357020470","cca":"3570001000000000000000445000000000000010AT","tipo":"Rural","sup_m2":24544.3},"geometry":{"type":"Polygon","coordinates":[[[-58.6335,-34.324456],[-58.640973,-34.322181],[-58.640976,-34.322155],[-58.640962,-34.322106],[-58.640946,-34.322061],[-58.64096,-34.322024],[-58.640983,-34.321994],[-58.641015,-34.321963],[-58.641014,-34.321924],[-58.640987,-34.321879],[-58.640977,-34.321849],[-58.640967,-34.32183],[-58.640929,-34.321823],[-58.640921,-34.321775],[-58.640927,-34.321742],[-58.640927,-34.321701],[-58.640899,-34.32166],[-58.640876,-34.321641],[-58.633702,-34.32431],[-58.6335,-34.324456]]]}},{"type":"Feature","properties":{"partida":"357006989","cca":"357000100000000000000044600000000000001000","tipo":"Rural","sup_m2":232357.0},"geometry":{"type":"Polygon","coordinates":[[[-58.631796,-34.323291],[-58.621362,-34.324494],[-58.621351,-34.324538],[-58.621478,-34.324574],[-58.621487,-34.324618],[-58.621485,-34.324665],[-58.621537,-34.324735],[-58.621603,-34.324784],[-58.62163,-34.324834],[-58.621662,-34.324882],[-58.621629,-34.324965],[-58.621689,-34.325125],[-58.621707,-34.32527],[-58.621755,-34.325371],[-58.621794,-34.325382],[-58.621824,-34.325385],[-58.621836,-34.325436],[-58.621842,-34.325541],[-58.621885,-34.325591],[-58.6219,-34.325685],[-58.621916,-34.325735],[-58.621968,-34.325774],[-58.622027,-34.32583],[-58.62204,-34.325863],[-58.622135,-34.325997],[-58.6222,-34.326072],[-58.622222,-34.326128],[-58.622288,-34.326187],[-58.622317,-34.326242],[-58.622469,-34.326335],[-58.622485,-34.326341],[-58.622505,-34.326338],[-58.6226,-34.326303],[-58.622656,-34.326269],[-58.622668,-34.326243],[-58.622704,-34.326251],[-58.622764,-34.32624],[-58.622831,-34.326214],[-58.622915,-34.326177],[-58.622977,-34.32616],[-58.623139,-34.326104],[-58.623156,-34.326085],[-58.623219,-34.326074],[-58.623283,-34.326056],[-58.623362,-34.325996],[-58.623456,-34.325985],[-58.623469,-34.325956],[-58.623495,-34.325965],[-58.62353,-34.325945],[-58.623551,-34.325918],[-58.623648,-34.325869],[-58.623887,-34.32578],[-58.624068,-34.325724],[-58.624127,-34.325702],[-58.624188,-34.325693],[-58.624316,-34.325626],[-58.624391,-34.325597],[-58.624474,-34.325589],[-58.62462,-34.325585],[-58.624616,-34.325594],[-58.624546,-34.325596],[-58.624441,-34.325624],[-58.624427,-34.32564],[-58.624373,-34.325636],[-58.624351,-34.325654],[-58.624325,-34.325648],[-58.624286,-34.325663],[-58.624263,-34.325688],[-58.62424,-34.325704],[-58.624206,-34.325712],[-58.624186,-34.325702],[-58.624136,-34.325707],[-58.624076,-34.325739],[-58.624044,-34.325743],[-58.623976,-34.325777],[-58.623919,-34.32579],[-58.623857,-34.325812],[-58.623845,-34.325831],[-58.623727,-34.325872],[-58.623691,-34.325873],[-58.623675,-34.325895],[-58.623636,-34.32591],[-58.623613,-34.325927],[-58.623582,-34.325929],[-58.623582,-34.325954],[-58.623555,-34.325971],[-58.623477,-34.326006],[-58.623357,-34.32604],[-58.623272,-34.326086],[-58.623233,-34.326102],[-58.623164,-34.326125],[-58.62289,-34.326237],[-58.622812,-34.326253],[-58.622719,-34.326294],[-58.622644,-34.326332],[-58.622574,-34.326389],[-58.6225,-34.326406],[-58.622524,-34.326411],[-58.623053,-34.32639],[-58.632807,-34.325474],[-58.632593,-34.324733],[-58.632045,-34.323737],[-58.631796,-34.323291]]]}}]}