{"type":"FeatureCollection","features":[{"type":"Feature","properties":{"partida":"057000234","cca":"05703000000000000000000000000000000006300A","tipo":"Urbano","sup_m2":252866.1},"geometry":{"type":"Polygon","coordinates":[[[-58.642217,-34.38503],[-58.645173,-34.389116],[-58.645536,-34.389008],[-58.645616,-34.389191],[-58.647207,-34.388725],[-58.647373,-34.388671],[-58.647371,-34.38847],[-58.64736,-34.388291],[-58.64733,-34.388031],[-58.647285,-34.387774],[-58.647252,-34.387635],[-58.647191,-34.387421],[-58.647109,-34.387172],[-58.647036,-34.386963],[-58.646945,-34.386718],[-58.646878,-34.386548],[-58.646815,-34.386395],[-58.646681,-34.386086],[-58.646556,-34.385817],[-58.646385,-34.385475],[-58.64608,-34.384883],[-58.645804,-34.384259],[-58.645699,-34.384048],[-58.645595,-34.383865],[-58.645483,-34.383691],[-58.645347,-34.3835],[-58.643388,-34.380883],[-58.642796,-34.380416],[-58.642391,-34.380597],[-58.642281,-34.380512],[-58.642132,-34.380617],[-58.642126,-34.380716],[-58.641636,-34.380928],[-58.641533,-34.380876],[-58.641334,-34.380964],[-58.641333,-34.381062],[-58.640469,-34.381439],[-58.640488,-34.381471],[-58.640519,-34.381506],[-58.640563,-34.381543],[-58.640618,-34.381577],[-58.640682,-34.381603],[-58.640752,-34.38162],[-58.64081,-34.381626],[-58.640887,-34.381623],[-58.640995,-34.381596],[-58.641279,-34.381471],[-58.641321,-34.381459],[-58.641374,-34.381461],[-58.641415,-34.381477],[-58.641445,-34.381501],[-58.642349,-34.382492],[-58.642449,-34.382606],[-58.64253,-34.382716],[-58.642567,-34.382776],[-58.642605,-34.382848],[-58.642638,-34.382919],[-58.642895,-34.383535],[-58.642913,-34.38359],[-58.642911,-34.383621],[-58.642897,-34.383651],[-58.64288,-34.383672],[-58.642849,-34.383692],[-58.642282,-34.383968],[-58.642248,-34.383986],[-58.642223,-34.38401],[-58.642214,-34.384028],[-58.642208,-34.384046],[-58.642206,-34.384088],[-58.642228,-34.384132],[-58.642631,-34.384704],[-58.642645,-34.384731],[-58.642649,-34.384753],[-58.642648,-34.384774],[-58.642641,-34.384796],[-58.642632,-34.384812],[-58.642608,-34.384837],[-58.642585,-34.384851],[-58.642217,-34.38503]]]}},{"type":"Feature","properties":{"partida":"057000235","cca":"05703000000000000000000000000000000006400A","tipo":"Urbano","sup_m2":50981.8},"geometry":{"type":"Polygon","coordinates":[[[-58.639853,-34.381763],[-58.642217,-34.38503],[-58.642585,-34.384851],[-58.642608,-34.384837],[-58.642632,-34.384812],[-58.642641,-34.384796],[-58.642648,-34.384774],[-58.642649,-34.384753],[-58.642645,-34.384731],[-58.642631,-34.384704],[-58.642228,-34.384132],[-58.642206,-34.384088],[-58.642208,-34.384046],[-58.642214,-34.384028],[-58.642223,-34.38401],[-58.642248,-34.383986],[-58.642282,-34.383968],[-58.642849,-34.383692],[-58.64288,-34.383672],[-58.642897,-34.383651],[-58.642911,-34.383621],[-58.642913,-34.38359],[-58.642895,-34.383535],[-58.642638,-34.382919],[-58.642605,-34.382848],[-58.642567,-34.382776],[-58.64253,-34.382716],[-58.642484,-34.382651],[-58.642449,-34.382606],[-58.642349,-34.382492],[-58.641445,-34.381501],[-58.641415,-34.381477],[-58.641374,-34.381461],[-58.641321,-34.381459],[-58.641279,-34.381471],[-58.640995,-34.381596],[-58.640887,-34.381623],[-58.64081,-34.381626],[-58.640752,-34.38162],[-58.640682,-34.381603],[-58.640618,-34.381577],[-58.640563,-34.381543],[-58.640519,-34.381506],[-58.640488,-34.381471],[-58.640469,-34.381439],[-58.639761,-34.381625],[-58.639853,-34.381763]]]}},{"type":"Feature","properties":{"partida":"057000362","cca":"05703000000000000000000000000000000006600A","tipo":"Rural","sup_m2":46628.6},"geometry":{"type":"Polygon","coordinates":[[[-58.64241,-34.385296],[-58.639853,-34.381763],[-58.639805,-34.381777],[-58.639583,-34.381793],[-58.639442,-34.381819],[-58.639267,-34.38188],[-58.639038,-34.381904],[-58.638918,-34.381912],[-58.638842,-34.381902],[-58.638636,-34.38181],[-58.641372,-34.385628],[-58.642272,-34.385338],[-58.64241,-34.385296]]]}},{"type":"Feature","properties":{"partida":"057000325","cca":"05703000000000000000000000000000000006700C","tipo":"Urbano","sup_m2":190995.4},"geometry":{"type":"MultiPolygon","coordinates":[[[[-58.638636,-34.38181],[-58.637509,-34.382143],[-58.641381,-34.387625],[-58.641966,-34.387926],[-58.641981,-34.387955],[-58.643244,-34.389696],[-58.644092,-34.389428],[-58.638636,-34.38181]]],[[[-58.636607,-34.38242],[-58.642046,-34.390045],[-58.64322,-34.389704],[-58.641949,-34.387937],[-58.641364,-34.387636],[-58.637491,-34.382149],[-58.636607,-34.38242]]]]}},{"type":"Feature","properties":{"partida":"057000054","cca":"057030000000000000000000000000000000069000","tipo":"Rural","sup_m2":100853.1},"geometry":{"type":"Polygon","coordinates":[[[-58.642046,-34.390045],[-58.636607,-34.38242],[-58.636382,-34.38274],[-58.636152,-34.3829],[-58.636009,-34.382988],[-58.635943,-34.383024],[-58.635865,-34.383014],[-58.635821,-34.383031],[-58.635777,-34.383067],[-58.635737,-34.383065],[-58.636117,-34.383593],[-58.638263,-34.386646],[-58.64095,-34.390347],[-58.642046,-34.390045]]]}},{"type":"Feature","properties":{"partida":"057004994","cca":"05703000000000000000000000000000000007000A","tipo":"Rural","sup_m2":18419.2},"geometry":{"type":"Polygon","coordinates":[[[-58.638263,-34.386646],[-58.636117,-34.383593],[-58.635652,-34.383822],[-58.63653,-34.385026],[-58.636926,-34.385581],[-58.63752,-34.386398],[-58.63786,-34.386858],[-58.638263,-34.386646]]]}},{"type":"Feature","properties":{"partida":"057024696","cca":"05703000000000000000000000000000000007000B","tipo":"Rural","sup_m2":42652.0},"geometry":{"type":"Polygon","coordinates":[[[-58.638263,-34.386646],[-58.63786,-34.386858],[-58.638031,-34.387095],[-58.638073,-34.387147],[-58.637579,-34.387395],[-58.63997,-34.390632],[-58.64095,-34.390347],[-58.638263,-34.386646]]]}},{"type":"Feature","properties":{"partida":"057005406","cca":"057030000000000000000000000000000000071000","tipo":"Urbano","sup_m2":64651.5},"geometry":{"type":"Polygon","coordinates":[[[-58.634655,-34.383574],[-58.634595,-34.383595],[-58.634573,-34.383613],[-58.634518,-34.38364],[-58.634431,-34.383675],[-58.634398,-34.383701],[-58.634365,-34.383719],[-58.634332,-34.383746],[-58.634277,-34.383763],[-58.634211,-34.383789],[-58.634157,-34.383816],[-58.63408,-34.383833],[-58.634004,-34.383832],[-58.633961,-34.383841],[-58.633917,-34.383867],[-58.633873,-34.383876],[-58.633763,-34.383965],[-58.633741,-34.383992],[-58.633708,-34.384018],[-58.633686,-34.384045],[-58.633674,-34.384063],[-58.633652,-34.384126],[-58.633552,-34.38426],[-58.633507,-34.384313],[-58.633496,-34.384349],[-58.633462,-34.384421],[-58.633439,-34.384484],[-58.633438,-34.384547],[-58.633416,-34.384601],[-58.633404,-34.384646],[-58.633403,-34.384673],[-58.633381,-34.384727],[-58.63338,-34.384754],[-58.633369,-34.38479],[-58.633367,-34.384907],[-58.633377,-34.384943],[-58.633377,-34.38497],[-58.633429,-34.385106],[-58.633472,-34.38516],[-58.633503,-34.385224],[-58.633562,-34.385292],[-58.633578,-34.385328],[-58.633599,-34.38536],[-58.63362,-34.385423],[-58.633641,-34.385451],[-58.633662,-34.385496],[-58.633683,-34.385514],[-58.633705,-34.385542],[-58.633715,-34.385569],[-58.633747,-34.385623],[-58.633768,-34.38565],[-58.633789,-34.385687],[-58.63381,-34.385768],[-58.633842,-34.385813],[-58.633841,-34.38584],[-58.633852,-34.385859],[-58.633873,-34.385913],[-58.633872,-34.385931],[-58.633883,-34.385958],[-58.633893,-34.386003],[-58.633892,-34.386039],[-58.633923,-34.386157],[-58.633922,-34.386193],[-58.633943,-34.386238],[-58.633943,-34.386265],[-58.633963,-34.386347],[-58.633963,-34.386383],[-58.633973,-34.386419],[-58.633983,-34.386482],[-58.633982,-34.386545],[-58.633992,-34.38659],[-58.633989,-34.386798],[-58.633999,-34.386825],[-58.634006,-34.38705],[-58.636647,-34.386361],[-58.634655,-34.383574]]]}},{"type":"Feature","properties":{"partida":"057005407","cca":"057030000000000000000000000000000000073000","tipo":"Rural","sup_m2":67247.3},"geometry":{"type":"Polygon","coordinates":[[[-58.638391,-34.388831],[-58.635479,-34.389596],[-58.636845,-34.3915],[-58.639785,-34.390685],[-58.638391,-34.388831]]]}},{"type":"Feature","properties":{"partida":null,"cca":"057030000000000000000000000000000000074000","tipo":null,"sup_m2":55811.2},"geometry":{"type":"Polygon","coordinates":[[[-58.633938,-34.387781],[-58.633874,-34.387922],[-58.633852,-34.387949],[-58.633851,-34.387976],[-58.633829,-34.388003],[-58.633818,-34.38803],[-58.633796,-34.388047],[-58.633784,-34.388083],[-58.633762,-34.38811],[-58.633751,-34.388137],[-58.633729,-34.388164],[-58.633706,-34.388227],[-58.633684,-34.388244],[-58.63365,-34.388289],[-58.633628,-34.388334],[-58.633606,-34.388361],[-58.633591,-34.388403],[-58.63357,-34.388438],[-58.633515,-34.388594],[-58.633493,-34.388612],[-58.633482,-34.38863],[-58.633383,-34.38871],[-58.633328,-34.388736],[-58.633295,-34.388745],[-58.633273,-34.388763],[-58.633229,-34.388789],[-58.633174,-34.388834],[-58.633075,-34.388887],[-58.635286,-34.391918],[-58.635336,-34.391929],[-58.636642,-34.391567],[-58.633938,-34.387781]]]}},{"type":"Feature","properties":{"partida":"057000061","cca":"05703000000000000000000000000000000007500F","tipo":"Urbano","sup_m2":987236.1},"geometry":{"type":"Polygon","coordinates":[[[-58.637757,-34.396339],[-58.636978,-34.39537],[-58.636149,-34.394267],[-58.634716,-34.392304],[-58.634629,-34.392201],[-58.63518,-34.392049],[-58.634441,-34.391057],[-58.63378,-34.39016],[-58.633292,-34.389468],[-58.632894,-34.388921],[-58.632636,-34.389029],[-58.6325,-34.389115],[-58.632377,-34.389216],[-58.632287,-34.389317],[-58.632212,-34.389461],[-58.629262,-34.390419],[-58.628685,-34.390612],[-58.628306,-34.390735],[-58.62802,-34.390837],[-58.627974,-34.390922],[-58.627467,-34.391102],[-58.627446,-34.391192],[-58.627399,-34.391351],[-58.627357,-34.391525],[-58.62722,-34.392057],[-58.627171,-34.392232],[-58.627128,-34.39241],[-58.626362,-34.395375],[-58.62492,-34.400749],[-58.6249,-34.400805],[-58.627914,-34.401357],[-58.627996,-34.401289],[-58.628271,-34.401014],[-58.628439,-34.400939],[-58.628539,-34.400946],[-58.628599,-34.401011],[-58.628618,-34.401148],[-58.628671,-34.40121],[-58.628742,-34.401235],[-58.628772,-34.401204],[-58.628781,-34.401096],[-58.628776,-34.400971],[-58.628725,-34.400836],[-58.628819,-34.40042],[-58.628854,-34.4002],[-58.628886,-34.400096],[-58.628967,-34.399986],[-58.629495,-34.399584],[-58.629554,-34.399513],[-58.629519,-34.399456],[-58.629401,-34.399405],[-58.62904,-34.399333],[-58.628965,-34.399298],[-58.628923,-34.39927],[-58.628819,-34.39921],[-58.628703,-34.399094],[-58.628661,-34.399023],[-58.628631,-34.398959],[-58.628619,-34.398897],[-58.628625,-34.398855],[-58.628675,-34.398794],[-58.630204,-34.398356],[-58.631554,-34.397982],[-58.632475,-34.397723],[-58.63449,-34.397138],[-58.634631,-34.397332],[-58.634701,-34.39742],[-58.636133,-34.399389],[-58.636216,-34.399493],[-58.636858,-34.400374],[-58.637031,-34.400588],[-58.637438,-34.401152],[-58.638077,-34.400975],[-58.63809,-34.400976],[-58.638647,-34.400827],[-58.638925,-34.40075],[-58.640567,-34.400257],[-58.640642,-34.400228],[-58.639661,-34.398908],[-58.638765,-34.397718],[-58.637757,-34.396339]]]}},{"type":"Feature","properties":{"partida":"057000049","cca":"057030000000000000000000000000000000082000","tipo":"Rural","sup_m2":67468.3},"geometry":{"type":"Polygon","coordinates":[[[-58.641205,-34.392777],[-58.639852,-34.390921],[-58.636918,-34.391733],[-58.638283,-34.393623],[-58.641205,-34.392777]]]}},{"type":"Feature","properties":{"partida":"057111578","cca":"057030000000000000000000000000000000083000","tipo":"Rural","sup_m2":71854.2},"geometry":{"type":"Polygon","coordinates":[[[-58.638283,-34.393623],[-58.639735,-34.395609],[-58.642657,-34.394776],[-58.641205,-34.392777],[-58.638283,-34.393623]]]}},{"type":"Feature","properties":{"partida":"057024694","cca":"05703000000000000000000000000000000008400A","tipo":"Rural","sup_m2":49612.7},"geometry":{"type":"Polygon","coordinates":[[[-58.636149,-34.394267],[-58.6382,-34.39369],[-58.636753,-34.391717],[-58.634716,-34.392304],[-58.636149,-34.394267]]]}},{"type":"Feature","properties":{"partida":"057000366","cca":"05703000000000000000000000000000000010700D","tipo":"Urbano","sup_m2":320293.8},"geometry":{"type":"Polygon","coordinates":[[[-58.628288,-34.38709],[-58.627789,-34.387322],[-58.627662,-34.387369],[-58.627271,-34.387537],[-58.626561,-34.387859],[-58.625761,-34.388277],[-58.625318,-34.388478],[-58.624506,-34.38874],[-58.624248,-34.388863],[-58.624095,-34.388883],[-58.623554,-34.389132],[-58.623214,-34.389222],[-58.623076,-34.389306],[-58.623123,-34.389527],[-58.624238,-34.390494],[-58.625104,-34.391847],[-58.625041,-34.392139],[-58.624722,-34.393526],[-58.623187,-34.400661],[-58.623127,-34.401516],[-58.623188,-34.402296],[-58.623407,-34.403025],[-58.623715,-34.403736],[-58.623837,-34.403944],[-58.626524,-34.393654],[-58.626854,-34.392494],[-58.627098,-34.391616],[-58.628332,-34.387117],[-58.628288,-34.38709]]]}},{"type":"Feature","properties":{"partida":"057000245","cca":"057030P00000000000000000500000000000001000","tipo":"Urbano","sup_m2":76424.1},"geometry":{"type":"Polygon","coordinates":[[[-58.642915,-34.394735],[-58.645817,-34.398777],[-58.64733,-34.398338],[-58.646484,-34.397127],[-58.644445,-34.394277],[-58.642915,-34.394735]]]}},{"type":"Feature","properties":{"partida":"057136829","cca":"057030P00000000000000000700000000000003000","tipo":"Urbano","sup_m2":10939.1},"geometry":{"type":"Polygon","coordinates":[[[-58.644673,-34.39307],[-58.644482,-34.392875],[-58.644188,-34.393072],[-58.644162,-34.393086],[-58.644134,-34.393096],[-58.644104,-34.393101],[-58.644058,-34.3931],[-58.644028,-34.393093],[-58.644,-34.393082],[-58.643975,-34.393066],[-58.643723,-34.392867],[-58.643599,-34.392758],[-58.643519,-34.392676],[-58.643445,-34.392589],[-58.643411,-34.392544],[-58.643349,-34.392452],[-58.643322,-34.392404],[-58.643271,-34.392307],[-58.643239,-34.392205],[-58.643219,-34.392154],[-58.64321,-34.392103],[-58.643188,-34.392027],[-58.643172,-34.39195],[-58.643162,-34.391872],[-58.643158,-34.391794],[-58.643161,-34.391717],[-58.643167,-34.391663],[-58.643178,-34.39161],[-58.643193,-34.391558],[-58.643213,-34.391506],[-58.643238,-34.391457],[-58.643268,-34.391409],[-58.643301,-34.391362],[-58.643338,-34.391318],[-58.64338,-34.391277],[-58.643425,-34.391238],[-58.643473,-34.391202],[-58.643525,-34.391169],[-58.643579,-34.39114],[-58.643636,-34.391114],[-58.643794,-34.391058],[-58.643993,-34.390996],[-58.644196,-34.39094],[-58.644401,-34.390891],[-58.644607,-34.390848],[-58.644816,-34.390811],[-58.645026,-34.39078],[-58.645246,-34.390755],[-58.645287,-34.390744],[-58.645317,-34.390729],[-58.645342,-34.390709],[-58.645658,-34.390363],[-58.645676,-34.390346],[-58.645697,-34.390332],[-58.645721,-34.390321],[-58.645746,-34.390313],[-58.645773,-34.390308],[-58.645827,-34.39031],[-58.645878,-34.390326],[-58.64592,-34.390354],[-58.645937,-34.390372],[-58.64595,-34.390392],[-58.645959,-34.390414],[-58.645963,-34.390436],[-58.645964,-34.390399],[-58.645973,-34.390363],[-58.646054,-34.390207],[-58.646122,-34.390067],[-58.646183,-34.389929],[-58.646232,-34.389805],[-58.646236,-34.389769],[-58.646232,-34.389752],[-58.646224,-34.389735],[-58.646212,-34.389721],[-58.646197,-34.389708],[-58.646179,-34.389698],[-58.646159,-34.389692],[-58.646137,-34.389688],[-58.646095,-34.389692],[-58.646075,-34.389699],[-58.646042,-34.389723],[-58.645979,-34.389824],[-58.645924,-34.389903],[-58.645863,-34.389981],[-58.645798,-34.390056],[-58.645729,-34.390128],[-58.645656,-34.390197],[-58.645578,-34.390263],[-58.645496,-34.390326],[-58.645411,-34.390386],[-58.645322,-34.390441],[-58.64523,-34.390493],[-58.645135,-34.390541],[-58.645037,-34.390585],[-58.644937,-34.390625],[-58.644834,-34.390661],[-58.64473,-34.390692],[-58.64371,-34.390975],[-58.64361,-34.391007],[-58.643514,-34.391048],[-58.643424,-34.391096],[-58.643341,-34.391152],[-58.643264,-34.391214],[-58.643196,-34.391282],[-58.643136,-34.391356],[-58.643085,-34.391434],[-58.643044,-34.391516],[-58.643013,-34.391601],[-58.642993,-34.391688],[-58.642983,-34.391777],[-58.642984,-34.391866],[-58.642996,-34.391954],[-58.643018,-34.392041],[-58.6431,-34.392297],[-58.643167,-34.392428],[-58.643205,-34.392491],[-58.643288,-34.392615],[-58.643383,-34.392733],[-58.643433,-34.392791],[-58.643542,-34.3929],[-58.64366,-34.393003],[-58.643817,-34.393126],[-58.643995,-34.39326],[-58.644186,-34.393397],[-58.644673,-34.39307]]]}},{"type":"Feature","properties":{"partida":"057136853","cca":"057030P00000000000000000700000000000004000","tipo":"Urbano","sup_m2":2421.1},"geometry":{"type":"Polygon","coordinates":[[[-58.644673,-34.39307],[-58.644186,-34.393397],[-58.644333,-34.393496],[-58.644516,-34.393615],[-58.644566,-34.393636],[-58.644622,-34.393645],[-58.644641,-34.393645],[-58.644678,-34.393635],[-58.644705,-34.393623],[-58.644734,-34.393602],[-58.644785,-34.39355],[-58.644856,-34.393469],[-58.644947,-34.393351],[-58.644673,-34.39307]]]}},{"type":"Feature","properties":{"partida":"057136854","cca":"057030P00000000000000000700000000000005000","tipo":"Urbano","sup_m2":15369.3},"geometry":{"type":"Polygon","coordinates":[[[-58.644482,-34.392875],[-58.644947,-34.393351],[-58.645129,-34.393087],[-58.645166,-34.393024],[-58.645187,-34.392982],[-58.645214,-34.392916],[-58.645239,-34.392826],[-58.645252,-34.39274],[-58.64526,-34.392659],[-58.645265,-34.392496],[-58.645256,-34.392334],[-58.645231,-34.392173],[-58.645203,-34.39207],[-58.64515,-34.391902],[-58.644904,-34.39118],[-58.64489,-34.391156],[-58.644869,-34.391136],[-58.644841,-34.391122],[-58.644809,-34.391116],[-58.644776,-34.391117],[-58.644176,-34.391281],[-58.644162,-34.391288],[-58.644139,-34.391307],[-58.644123,-34.391331],[-58.644117,-34.391358],[-58.64412,-34.391385],[-58.644126,-34.391398],[-58.644143,-34.391421],[-58.644155,-34.39143],[-58.644344,-34.391528],[-58.644482,-34.392875]]]}},{"type":"Feature","properties":{"partida":"057136830","cca":"057030P00000000000000000700000000000006000","tipo":"Urbano","sup_m2":31534.9},"geometry":{"type":"Polygon","coordinates":[[[-58.645977,-34.390566],[-58.645959,-34.390414],[-58.64595,-34.390392],[-58.645937,-34.390372],[-58.64592,-34.390354],[-58.645901,-34.390339],[-58.645878,-34.390326],[-58.645853,-34.390316],[-58.645827,-34.39031],[-58.6458,-34.390307],[-58.645773,-34.390308],[-58.645746,-34.390313],[-58.645721,-34.390321],[-58.645697,-34.390332],[-58.645676,-34.390346],[-58.645658,-34.390363],[-58.645348,-34.390704],[-58.645324,-34.390725],[-58.645295,-34.390741],[-58.645246,-34.390755],[-58.645026,-34.39078],[-58.644816,-34.390811],[-58.644504,-34.390869],[-58.644196,-34.39094],[-58.643893,-34.391026],[-58.643695,-34.391091],[-58.643636,-34.391114],[-58.643579,-34.39114],[-58.643525,-34.391169],[-58.643473,-34.391202],[-58.643425,-34.391238],[-58.64338,-34.391277],[-58.643338,-34.391318],[-58.643301,-34.391362],[-58.643268,-34.391409],[-58.643238,-34.391457],[-58.643213,-34.391506],[-58.643193,-34.391558],[-58.643178,-34.39161],[-58.643167,-34.391663],[-58.643158,-34.391769],[-58.643162,-34.391872],[-58.643182,-34.392001],[-58.64321,-34.392103],[-58.643219,-34.392154],[-58.643239,-34.392205],[-58.643271,-34.392307],[-58.643322,-34.392404],[-58.643379,-34.392498],[-58.643445,-34.392589],[-58.643519,-34.392676],[-58.643599,-34.392758],[-58.643685,-34.392835],[-58.643877,-34.39299],[-58.643975,-34.393066],[-58.644,-34.393082],[-58.644042,-34.393097],[-58.644073,-34.393101],[-58.644119,-34.393099],[-58.644162,-34.393086],[-58.644188,-34.393072],[-58.644482,-34.392875],[-58.644344,-34.391528],[-58.644168,-34.391438],[-58.644143,-34.391421],[-58.644126,-34.391398],[-58.644117,-34.391371],[-58.644119,-34.391344],[-58.644123,-34.391331],[-58.644139,-34.391307],[-58.644162,-34.391288],[-58.644192,-34.391276],[-58.644944,-34.391073],[-58.645037,-34.391053],[-58.645123,-34.39104],[-58.64521,-34.391031],[-58.645298,-34.391028],[-58.645386,-34.391029],[-58.645511,-34.391038],[-58.646521,-34.391197],[-58.646552,-34.39121],[-58.64657,-34.391224],[-58.646584,-34.39124],[-58.646596,-34.391267],[-58.646597,-34.391287],[-58.646594,-34.391307],[-58.646849,-34.390555],[-58.64681,-34.390588],[-58.646768,-34.390617],[-58.646722,-34.390643],[-58.646673,-34.390665],[-58.646596,-34.390689],[-58.646543,-34.3907],[-58.646488,-34.390707],[-58.64612,-34.390689],[-58.646087,-34.390682],[-58.646041,-34.390663],[-58.646017,-34.390643],[-58.64599,-34.390607],[-58.645977,-34.390566]]]}},{"type":"Feature","properties":{"partida":"057136833","cca":"057030P00000000000000000900000000000001000","tipo":"Urbano","sup_m2":550.7},"geometry":{"type":"Polygon","coordinates":[[[-58.644445,-34.394277],[-58.644744,-34.394188],[-58.644709,-34.394151],[-58.644677,-34.394126],[-58.644631,-34.3941],[-58.644581,-34.394081],[-58.644536,-34.394071],[-58.644491,-34.394067],[-58.644436,-34.394068],[-58.644381,-34.394078],[-58.644339,-34.394091],[-58.644316,-34.394102],[-58.644445,-34.394277]]]}},{"type":"Feature","properties":{"partida":"057136834","cca":"057030P00000000000000000900000000000002000","tipo":"Urbano","sup_m2":2650.9},"geometry":{"type":"Polygon","coordinates":[[[-58.644316,-34.394102],[-58.644291,-34.394114],[-58.644253,-34.39414],[-58.644218,-34.394173],[-58.644192,-34.394208],[-58.644172,-34.394247],[-58.644156,-34.394302],[-58.644146,-34.39432],[-58.644128,-34.39434],[-58.644096,-34.394358],[-58.643859,-34.394429],[-58.643834,-34.394432],[-58.64379,-34.39443],[-58.643762,-34.394434],[-58.643142,-34.394618],[-58.643118,-34.394622],[-58.643068,-34.394625],[-58.643019,-34.39462],[-58.642971,-34.394609],[-58.642927,-34.39459],[-58.642907,-34.394578],[-58.642871,-34.39455],[-58.642841,-34.394517],[-58.641161,-34.392222],[-58.641129,-34.392194],[-58.641063,-34.392163],[-58.641033,-34.392134],[-58.642916,-34.394706],[-58.642964,-34.39472],[-58.644445,-34.394277],[-58.644316,-34.394102]]]}},{"type":"Feature","properties":{"partida":"057136858","cca":"057030P00000000000000001000000000000001000","tipo":"Urbano","sup_m2":3874.7},"geometry":{"type":"Polygon","coordinates":[[[-58.643003,-34.394335],[-58.643029,-34.394356],[-58.643068,-34.394375],[-58.643096,-34.394382],[-58.643134,-34.394385],[-58.643184,-34.394377],[-58.643354,-34.394324],[-58.643395,-34.394302],[-58.643412,-34.394289],[-58.643436,-34.394267],[-58.643464,-34.394227],[-58.643477,-34.394196],[-58.643483,-34.394171],[-58.643484,-34.394145],[-58.64348,-34.394111],[-58.643473,-34.394087],[-58.643457,-34.394056],[-58.643434,-34.394026],[-58.64341,-34.394004],[-58.643152,-34.393817],[-58.642877,-34.393604],[-58.642852,-34.393592],[-58.64283,-34.393592],[-58.642814,-34.393596],[-58.642801,-34.393604],[-58.642635,-34.393742],[-58.642618,-34.39377],[-58.642617,-34.393802],[-58.642628,-34.393825],[-58.643003,-34.394335]]]}},{"type":"Feature","properties":{"partida":"057136845","cca":"057030P00000000000000001000000000000002000","tipo":"Urbano","sup_m2":1278.1},"geometry":{"type":"Polygon","coordinates":[[[-58.644067,-34.394032],[-58.644117,-34.394007],[-58.644151,-34.393986],[-58.644212,-34.393937],[-58.644075,-34.393834],[-58.643879,-34.394014],[-58.643866,-34.394023],[-58.643851,-34.394028],[-58.64383,-34.394028],[-58.643809,-34.394022],[-58.643675,-34.393932],[-58.643698,-34.393952],[-58.643714,-34.393976],[-58.643724,-34.394002],[-58.643725,-34.394029],[-58.643718,-34.394056],[-58.643705,-34.39408],[-58.643684,-34.394101],[-58.643658,-34.394118],[-58.643628,-34.394129],[-58.643595,-34.394133],[-58.643563,-34.394132],[-58.643531,-34.394123],[-58.643504,-34.394109],[-58.64348,-34.39409],[-58.64346,-34.394061],[-58.643473,-34.394087],[-58.64348,-34.394111],[-58.643484,-34.394145],[-58.643477,-34.394196],[-58.643468,-34.394219],[-58.64345,-34.39425],[-58.643412,-34.394289],[-58.643395,-34.394302],[-58.643354,-34.394324],[-58.643184,-34.394377],[-58.643156,-34.394383],[-58.643126,-34.394385],[-58.643082,-34.394379],[-58.643054,-34.39437],[-58.643018,-34.394348],[-58.642998,-34.39433],[-58.643015,-34.394349],[-58.643047,-34.394373],[-58.643083,-34.394393],[-58.643124,-34.394406],[-58.643166,-34.394413],[-58.64321,-34.394414],[-58.643273,-34.394403],[-58.643583,-34.39431],[-58.643613,-34.394299],[-58.643641,-34.394284],[-58.643665,-34.394266],[-58.643776,-34.394149],[-58.643814,-34.394118],[-58.643842,-34.3941],[-58.643887,-34.394079],[-58.64392,-34.394068],[-58.644021,-34.394048],[-58.644067,-34.394032]]]}},{"type":"Feature","properties":{"partida":"057136859","cca":"057030P00000000000000001000000000000003000","tipo":"Urbano","sup_m2":3105.3},"geometry":{"type":"Polygon","coordinates":[[[-58.643812,-34.394023],[-58.64383,-34.394028],[-58.643846,-34.394029],[-58.643866,-34.394023],[-58.643879,-34.394014],[-58.644143,-34.393772],[-58.644152,-34.393754],[-58.644151,-34.393734],[-58.644137,-34.393713],[-58.643862,-34.393527],[-58.643611,-34.393344],[-58.643275,-34.393645],[-58.643559,-34.393852],[-58.643812,-34.394023]]]}},{"type":"Feature","properties":{"partida":"057136846","cca":"057030P00000000000000001000000000000004000","tipo":"Urbano","sup_m2":330.5},"geometry":{"type":"Polygon","coordinates":[[[-58.643611,-34.393344],[-58.643555,-34.393302],[-58.643194,-34.393625],[-58.643217,-34.393635],[-58.643257,-34.393637],[-58.643275,-34.393645],[-58.643611,-34.393344]]]}},{"type":"Feature","properties":{"partida":"057136860","cca":"057030P00000000000000001000000000000005000","tipo":"Urbano","sup_m2":3370.4},"geometry":{"type":"Polygon","coordinates":[[[-58.643555,-34.393302],[-58.643332,-34.393125],[-58.643237,-34.393041],[-58.643142,-34.392949],[-58.643066,-34.392868],[-58.642669,-34.393136],[-58.64272,-34.393201],[-58.642774,-34.393264],[-58.642873,-34.393365],[-58.64299,-34.393465],[-58.643194,-34.393625],[-58.643555,-34.393302]]]}},{"type":"Feature","properties":{"partida":"057136847","cca":"057030P00000000000000001000000000000006000","tipo":"Urbano","sup_m2":317.6},"geometry":{"type":"Polygon","coordinates":[[[-58.643066,-34.392868],[-58.643022,-34.392816],[-58.642654,-34.393065],[-58.642662,-34.393083],[-58.642661,-34.393115],[-58.642669,-34.393136],[-58.643066,-34.392868]]]}},{"type":"Feature","properties":{"partida":"057136861","cca":"057030P00000000000000001000000000000007000","tipo":"Urbano","sup_m2":3005.7},"geometry":{"type":"Polygon","coordinates":[[[-58.642654,-34.393065],[-58.643022,-34.392816],[-58.642955,-34.392733],[-58.642697,-34.392383],[-58.642681,-34.392369],[-58.642661,-34.392359],[-58.642623,-34.392353],[-58.642601,-34.392357],[-58.64221,-34.392458],[-58.642654,-34.393065]]]}},{"type":"Feature","properties":{"partida":"057136848","cca":"057030P00000000000000001000000000000008000","tipo":"Urbano","sup_m2":275.1},"geometry":{"type":"Polygon","coordinates":[[[-58.642146,-34.392371],[-58.64221,-34.392458],[-58.642459,-34.392393],[-58.642415,-34.392301],[-58.642146,-34.392371]]]}},{"type":"Feature","properties":{"partida":"057136862","cca":"057030P00000000000000001000000000000009000","tipo":"Urbano","sup_m2":6591.4},"geometry":{"type":"Polygon","coordinates":[[[-58.64162,-34.391439],[-58.64159,-34.391569],[-58.641572,-34.391701],[-58.641567,-34.391833],[-58.641574,-34.391965],[-58.641594,-34.392097],[-58.641626,-34.392226],[-58.64167,-34.392354],[-58.641697,-34.392416],[-58.64171,-34.392435],[-58.641722,-34.392446],[-58.641744,-34.392457],[-58.64177,-34.392462],[-58.641796,-34.392461],[-58.642415,-34.392301],[-58.64237,-34.39219],[-58.642331,-34.392061],[-58.642315,-34.392064],[-58.642289,-34.391922],[-58.642281,-34.391797],[-58.642309,-34.391796],[-58.642313,-34.391685],[-58.642291,-34.391664],[-58.642266,-34.391632],[-58.642249,-34.391596],[-58.64224,-34.391559],[-58.64162,-34.391439]]]}},{"type":"Feature","properties":{"partida":"057136835","cca":"057030P00000000000000001000000000000010000","tipo":"Urbano","sup_m2":781.3},"geometry":{"type":"Polygon","coordinates":[[[-58.642109,-34.391394],[-58.64163,-34.391256],[-58.641619,-34.391305],[-58.641627,-34.391391],[-58.64162,-34.391439],[-58.642072,-34.391527],[-58.642109,-34.391394]]]}},{"type":"Feature","properties":{"partida":"057136863","cca":"057030P00000000000000001000000000000011000","tipo":"Urbano","sup_m2":5903.4},"geometry":{"type":"Polygon","coordinates":[[[-58.64163,-34.391256],[-58.642263,-34.391438],[-58.642281,-34.391413],[-58.642315,-34.391385],[-58.642356,-34.391365],[-58.642402,-34.391355],[-58.642447,-34.39125],[-58.642421,-34.391242],[-58.642465,-34.391159],[-58.642514,-34.391079],[-58.642569,-34.391002],[-58.642588,-34.391012],[-58.642665,-34.39092],[-58.64274,-34.390844],[-58.642354,-34.390519],[-58.642333,-34.390506],[-58.642309,-34.390499],[-58.642283,-34.390498],[-58.642249,-34.390507],[-58.642181,-34.390555],[-58.642129,-34.390597],[-58.642029,-34.390685],[-58.641938,-34.390779],[-58.641854,-34.390878],[-58.641779,-34.390981],[-58.641744,-34.391034],[-58.641683,-34.391143],[-58.64163,-34.391256]]]}},{"type":"Feature","properties":{"partida":"057136836","cca":"057030P00000000000000001000000000000012000","tipo":"Urbano","sup_m2":180.7},"geometry":{"type":"Polygon","coordinates":[[[-58.642565,-34.390555],[-58.642441,-34.390592],[-58.642585,-34.390714],[-58.642671,-34.390644],[-58.642565,-34.390555]]]}},{"type":"Feature","properties":{"partida":"057136864","cca":"057030P00000000000000001000000000000013000","tipo":"Urbano","sup_m2":3002.5},"geometry":{"type":"Polygon","coordinates":[[[-58.643344,-34.390322],[-58.642565,-34.390555],[-58.642955,-34.390884],[-58.642977,-34.390895],[-58.642994,-34.390899],[-58.64302,-34.3909],[-58.643037,-34.390897],[-58.643061,-34.390887],[-58.643187,-34.390805],[-58.643293,-34.390749],[-58.643385,-34.390709],[-58.643512,-34.390664],[-58.643344,-34.390322]]]}},{"type":"Feature","properties":{"partida":"057136837","cca":"057030P00000000000000001000000000000014000","tipo":"Urbano","sup_m2":287.0},"geometry":{"type":"Polygon","coordinates":[[[-58.643344,-34.390322],[-58.643512,-34.390664],[-58.643584,-34.390643],[-58.643416,-34.3903],[-58.643344,-34.390322]]]}},{"type":"Feature","properties":{"partida":"057136865","cca":"057030P00000000000000001000000000000015000","tipo":"Urbano","sup_m2":2641.1},"geometry":{"type":"Polygon","coordinates":[[[-58.644216,-34.390468],[-58.644083,-34.390101],[-58.643416,-34.3903],[-58.643584,-34.390643],[-58.644216,-34.390468]]]}},{"type":"Feature","properties":{"partida":"057136838","cca":"057030P00000000000000001000000000000016000","tipo":"Urbano","sup_m2":299.8},"geometry":{"type":"Polygon","coordinates":[[[-58.644083,-34.390101],[-58.644216,-34.390468],[-58.644289,-34.390452],[-58.644154,-34.390079],[-58.644083,-34.390101]]]}},{"type":"Feature","properties":{"partida":"057136866","cca":"057030P00000000000000001000000000000017000","tipo":"Urbano","sup_m2":2593.6},"geometry":{"type":"Polygon","coordinates":[[[-58.644154,-34.390079],[-58.644289,-34.390452],[-58.644574,-34.390377],[-58.64474,-34.390323],[-58.644855,-34.390275],[-58.644876,-34.390254],[-58.644885,-34.390235],[-58.644887,-34.390214],[-58.644882,-34.390194],[-58.644754,-34.3899],[-58.644154,-34.390079]]]}},{"type":"Feature","properties":{"partida":"057136839","cca":"057030P00000000000000001000000000000018000","tipo":"Urbano","sup_m2":460.8},"geometry":{"type":"Polygon","coordinates":[[[-58.644866,-34.389866],[-58.644754,-34.3899],[-58.644887,-34.390207],[-58.644887,-34.390228],[-58.64488,-34.390248],[-58.644867,-34.390265],[-58.644841,-34.390282],[-58.644933,-34.390238],[-58.645069,-34.390161],[-58.645047,-34.390168],[-58.645024,-34.390168],[-58.645003,-34.390159],[-58.644989,-34.390145],[-58.644866,-34.389866]]]}},{"type":"Feature","properties":{"partida":"057136840","cca":"057030P00000000000000001000000000000020000","tipo":"Urbano","sup_m2":14476.4},"geometry":{"type":"Polygon","coordinates":[[[-58.644216,-34.390468],[-58.643558,-34.39065],[-58.643451,-34.390684],[-58.643349,-34.390724],[-58.643263,-34.390764],[-58.643156,-34.390824],[-58.643061,-34.390887],[-58.643046,-34.390894],[-58.64302,-34.3909],[-58.642986,-34.390897],[-58.642955,-34.390884],[-58.642671,-34.390644],[-58.642585,-34.390714],[-58.64274,-34.390844],[-58.642665,-34.39092],[-58.642588,-34.391012],[-58.642569,-34.391002],[-58.642514,-34.391079],[-58.642465,-34.391159],[-58.642421,-34.391242],[-58.642447,-34.39125],[-58.642402,-34.391355],[-58.642356,-34.391365],[-58.642315,-34.391385],[-58.642281,-34.391413],[-58.642263,-34.391438],[-58.642109,-34.391394],[-58.642072,-34.391527],[-58.64224,-34.391559],[-58.642249,-34.391596],[-58.642266,-34.391632],[-58.642291,-34.391664],[-58.642313,-34.391685],[-58.642309,-34.391796],[-58.642281,-34.391797],[-58.642289,-34.391922],[-58.642307,-34.392028],[-58.642315,-34.392064],[-58.642331,-34.392061],[-58.642349,-34.392126],[-58.642376,-34.392206],[-58.642408,-34.392285],[-58.642459,-34.392393],[-58.642601,-34.392357],[-58.642623,-34.392353],[-58.642661,-34.392359],[-58.642692,-34.392378],[-58.642955,-34.392733],[-58.643005,-34.392796],[-58.643117,-34.392923],[-58.643237,-34.393041],[-58.643325,-34.393119],[-58.64341,-34.393188],[-58.643679,-34.393395],[-58.643885,-34.393543],[-58.644141,-34.393717],[-58.644152,-34.393739],[-58.644148,-34.393763],[-58.644139,-34.393776],[-58.644075,-34.393834],[-58.644212,-34.393937],[-58.64424,-34.393909],[-58.644269,-34.393872],[-58.644296,-34.393824],[-58.644309,-34.393788],[-58.644313,-34.393747],[-58.644308,-34.39372],[-58.64429,-34.393682],[-58.644273,-34.393659],[-58.644238,-34.39363],[-58.64397,-34.39345],[-58.643762,-34.3933],[-58.643559,-34.393145],[-58.643394,-34.39301],[-58.643269,-34.392893],[-58.643154,-34.392769],[-58.643051,-34.392639],[-58.642959,-34.392503],[-58.642879,-34.392362],[-58.642811,-34.392216],[-58.642756,-34.392067],[-58.642728,-34.391961],[-58.642714,-34.391852],[-58.642712,-34.391744],[-58.642724,-34.391635],[-58.642749,-34.391528],[-58.642787,-34.391424],[-58.642837,-34.391324],[-58.6429,-34.391228],[-58.642973,-34.391138],[-58.643057,-34.391054],[-58.643151,-34.390978],[-58.643253,-34.39091],[-58.643363,-34.390851],[-58.64348,-34.390801],[-58.643603,-34.390762],[-58.644622,-34.390479],[-58.644712,-34.390452],[-58.644799,-34.390422],[-58.644885,-34.390389],[-58.644969,-34.390352],[-58.64505,-34.390311],[-58.645129,-34.390268],[-58.645205,-34.390221],[-58.645279,-34.390172],[-58.64535,-34.39012],[-58.645418,-34.390064],[-58.645482,-34.390007],[-58.645543,-34.389947],[-58.645601,-34.389884],[-58.645654,-34.389819],[-58.645713,-34.389739],[-58.645728,-34.389711],[-58.645737,-34.389681],[-58.645742,-34.389651],[-58.645742,-34.38962],[-58.645737,-34.38959],[-58.645727,-34.38956],[-58.645709,-34.389526],[-58.645688,-34.389501],[-58.645656,-34.389474],[-58.645621,-34.389454],[-58.645565,-34.389433],[-58.645525,-34.389424],[-58.645485,-34.389419],[-58.645444,-34.389418],[-58.645383,-34.389424],[-58.645344,-34.389433],[-58.645366,-34.389483],[-58.645439,-34.389465],[-58.645464,-34.389462],[-58.645514,-34.389468],[-58.645559,-34.389487],[-58.645595,-34.389516],[-58.645608,-34.389534],[-58.645623,-34.389574],[-58.645625,-34.389595],[-58.645622,-34.389616],[-58.645606,-34.389655],[-58.645551,-34.389734],[-58.645458,-34.389846],[-58.645354,-34.38995],[-58.645238,-34.390047],[-58.645113,-34.390134],[-58.644982,-34.390211],[-58.644852,-34.390277],[-58.64474,-34.390323],[-58.644616,-34.390365],[-58.644289,-34.390452],[-58.644216,-34.390468]]]}},{"type":"Feature","properties":{"partida":"057136868","cca":"057030P00000000000000001100000000000001000","tipo":"Urbano","sup_m2":2141.6},"geometry":{"type":"Polygon","coordinates":[[[-58.643744,-34.390084],[-58.644609,-34.389824],[-58.644622,-34.389815],[-58.644631,-34.389803],[-58.644634,-34.389779],[-58.644573,-34.389641],[-58.644562,-34.38963],[-58.644548,-34.389623],[-58.644531,-34.38962],[-58.644509,-34.389622],[-58.643654,-34.389878],[-58.643744,-34.390084]]]}},{"type":"Feature","properties":{"partida":"057136841","cca":"057030P00000000000000001100000000000002000","tipo":"Urbano","sup_m2":607.6},"geometry":{"type":"Polygon","coordinates":[[[-58.643488,-34.39016],[-58.643744,-34.390084],[-58.643654,-34.389878],[-58.643399,-34.389954],[-58.643488,-34.39016]]]}},{"type":"Feature","properties":{"partida":"057136869","cca":"057030P00000000000000001100000000000003000","tipo":"Urbano","sup_m2":2102.7},"geometry":{"type":"Polygon","coordinates":[[[-58.643488,-34.39016],[-58.643399,-34.389954],[-58.642804,-34.390132],[-58.642692,-34.39017],[-58.642544,-34.390232],[-58.642525,-34.390251],[-58.642521,-34.390276],[-58.642573,-34.390396],[-58.642584,-34.390407],[-58.642599,-34.390414],[-58.642627,-34.390417],[-58.643488,-34.39016]]]}},{"type":"Feature","properties":{"partida":"057136850","cca":"057030P00000000000000001200000000000001000","tipo":"Urbano","sup_m2":37389.1},"geometry":{"type":"Polygon","coordinates":[[[-58.644866,-34.389866],[-58.644768,-34.38964],[-58.644766,-34.389612],[-58.644777,-34.389581],[-58.644803,-34.389553],[-58.644826,-34.38954],[-58.644853,-34.389533],[-58.644998,-34.389533],[-58.645124,-34.389526],[-58.64524,-34.38951],[-58.645366,-34.389483],[-58.64527,-34.389263],[-58.642017,-34.390237],[-58.641977,-34.390243],[-58.641948,-34.390242],[-58.641897,-34.390234],[-58.641873,-34.390235],[-58.641845,-34.39024],[-58.640072,-34.390771],[-58.640058,-34.390803],[-58.641036,-34.392138],[-58.641068,-34.392166],[-58.641133,-34.392197],[-58.641164,-34.392226],[-58.642841,-34.394517],[-58.642871,-34.39455],[-58.642907,-34.394578],[-58.642949,-34.3946],[-58.642995,-34.394615],[-58.643019,-34.39462],[-58.643068,-34.394625],[-58.643118,-34.394622],[-58.643142,-34.394618],[-58.643762,-34.394434],[-58.64379,-34.39443],[-58.643834,-34.394432],[-58.643859,-34.394429],[-58.644096,-34.394358],[-58.644128,-34.39434],[-58.644146,-34.39432],[-58.644156,-34.394302],[-58.644172,-34.394247],[-58.644192,-34.394208],[-58.644219,-34.394172],[-58.644253,-34.39414],[-58.644293,-34.394113],[-58.644339,-34.394091],[-58.644381,-34.394078],[-58.644436,-34.394068],[-58.644491,-34.394067],[-58.644536,-34.394071],[-58.64459,-34.394084],[-58.644631,-34.3941],[-58.644677,-34.394126],[-58.644709,-34.394151],[-58.644744,-34.394188],[-58.64466,-34.39409],[-58.644628,-34.394065],[-58.6446,-34.39405],[-58.64457,-34.394039],[-58.644479,-34.39402],[-58.644434,-34.394004],[-58.644394,-34.393981],[-58.644359,-34.393952],[-58.644344,-34.393936],[-58.644331,-34.393918],[-58.644317,-34.393879],[-58.644315,-34.393859],[-58.644322,-34.393767],[-58.644318,-34.393728],[-58.644312,-34.393702],[-58.644285,-34.393668],[-58.644262,-34.393648],[-58.64425,-34.393639],[-58.644238,-34.39363],[-58.644262,-34.393649],[-58.644282,-34.39367],[-58.644303,-34.393707],[-58.644313,-34.393747],[-58.644312,-34.393775],[-58.644306,-34.393802],[-58.644279,-34.393855],[-58.64424,-34.393909],[-58.64419,-34.393957],[-58.644129,-34.394001],[-58.644089,-34.394022],[-58.644039,-34.394043],[-58.64401,-34.394051],[-58.643953,-34.39406],[-58.64392,-34.394068],[-58.643887,-34.394079],[-58.643842,-34.3941],[-58.643814,-34.394118],[-58.643776,-34.394149],[-58.64366,-34.394271],[-58.64362,-34.394295],[-58.643583,-34.39431],[-58.643273,-34.394403],[-58.64321,-34.394414],[-58.643157,-34.394412],[-58.643103,-34.3944],[-58.643065,-34.394384],[-58.643015,-34.394349],[-58.642989,-34.39432],[-58.642628,-34.393825],[-58.642617,-34.393802],[-58.642618,-34.39377],[-58.642635,-34.393742],[-58.642809,-34.393598],[-58.642825,-34.393593],[-58.642847,-34.393592],[-58.642863,-34.393596],[-58.642877,-34.393604],[-58.643152,-34.393817],[-58.64341,-34.394004],[-58.643444,-34.394037],[-58.64348,-34.39409],[-58.643504,-34.394109],[-58.643531,-34.394123],[-58.643563,-34.394132],[-58.643595,-34.394133],[-58.643628,-34.394129],[-58.643658,-34.394118],[-58.643684,-34.394101],[-58.643705,-34.39408],[-58.643718,-34.394056],[-58.643725,-34.394029],[-58.643724,-34.394002],[-58.643714,-34.393976],[-58.643698,-34.393952],[-58.643675,-34.393932],[-58.643479,-34.393795],[-58.643272,-34.393644],[-58.643252,-34.393636],[-58.643214,-34.393634],[-58.643194,-34.393625],[-58.642937,-34.393421],[-58.642873,-34.393365],[-58.642813,-34.393305],[-58.642738,-34.393222],[-58.642669,-34.393136],[-58.642661,-34.393115],[-58.642662,-34.393083],[-58.642654,-34.393065],[-58.642146,-34.392371],[-58.641787,-34.392463],[-58.641761,-34.392461],[-58.641744,-34.392457],[-58.641722,-34.392446],[-58.641705,-34.392429],[-58.64167,-34.392354],[-58.641647,-34.39229],[-58.641608,-34.392162],[-58.641582,-34.392031],[-58.641569,-34.391899],[-58.641567,-34.391833],[-58.641572,-34.391701],[-58.64159,-34.391569],[-58.641625,-34.391415],[-58.641627,-34.391379],[-58.641618,-34.391311],[-58.641622,-34.39128],[-58.64163,-34.391256],[-58.641683,-34.391143],[-58.641744,-34.391034],[-58.641815,-34.390929],[-58.641895,-34.390828],[-58.641982,-34.390731],[-58.642078,-34.390641],[-58.642181,-34.390555],[-58.642249,-34.390507],[-58.642274,-34.390499],[-58.642291,-34.390497],[-58.642317,-34.3905],[-58.642333,-34.390506],[-58.642354,-34.390519],[-58.642441,-34.390592],[-58.644866,-34.389866]],[[-58.642062,-34.392619],[-58.642546,-34.39328],[-58.642664,-34.393411],[-58.642668,-34.393432],[-58.642664,-34.393445],[-58.642655,-34.393456],[-58.642519,-34.39357],[-58.642497,-34.393581],[-58.642477,-34.393583],[-58.642464,-34.393581],[-58.642447,-34.393574],[-58.642434,-34.393561],[-58.641825,-34.392728],[-58.641823,-34.392704],[-58.641829,-34.392691],[-58.641839,-34.39268],[-58.641987,-34.392604],[-58.642003,-34.392599],[-58.642026,-34.392598],[-58.642047,-34.392606],[-58.642062,-34.392619]],[[-58.644609,-34.389824],[-58.642632,-34.390416],[-58.642615,-34.390417],[-58.642599,-34.390414],[-58.642584,-34.390407],[-58.642573,-34.390396],[-58.642521,-34.390276],[-58.642525,-34.390251],[-58.642544,-34.390232],[-58.642674,-34.390177],[-58.642804,-34.390132],[-58.644509,-34.389622],[-58.644531,-34.38962],[-58.644548,-34.389623],[-58.644562,-34.38963],[-58.644573,-34.389641],[-58.644634,-34.389779],[-58.644631,-34.389803],[-58.644622,-34.389815],[-58.644609,-34.389824]],[[-58.640427,-34.390789],[-58.640447,-34.390779],[-58.641891,-34.390346],[-58.641945,-34.390393],[-58.641842,-34.390481],[-58.641745,-34.390574],[-58.641655,-34.390671],[-58.641573,-34.390773],[-58.641499,-34.39088],[-58.641432,-34.390989],[-58.641374,-34.391102],[-58.641325,-34.391218],[-58.641284,-34.391336],[-58.641252,-34.391456],[-58.641229,-34.391577],[-58.641216,-34.3917],[-58.641211,-34.391822],[-58.641215,-34.391945],[-58.641229,-34.392067],[-58.641149,-34.392076],[-58.640357,-34.390992],[-58.640348,-34.390974],[-58.64034,-34.390936],[-58.640342,-34.390898],[-58.640347,-34.39088],[-58.640355,-34.390861],[-58.640377,-34.390828],[-58.640392,-34.390813],[-58.640427,-34.390789]]]}},{"type":"Feature","properties":{"partida":"057136842","cca":"057030P00000000000000001300000000000001000","tipo":"Urbano","sup_m2":1622.7},"geometry":{"type":"Polygon","coordinates":[[[-58.641845,-34.39024],[-58.641873,-34.390235],[-58.641897,-34.390234],[-58.641948,-34.390242],[-58.641977,-34.390243],[-58.642017,-34.390237],[-58.64527,-34.389263],[-58.645258,-34.389248],[-58.64524,-34.389237],[-58.645217,-34.389234],[-58.645201,-34.389236],[-58.641845,-34.39024]]]}},{"type":"Feature","properties":{"partida":"057136870","cca":"057030P00000000000000001400000000000001000","tipo":"Urbano","sup_m2":10780.3},"geometry":{"type":"Polygon","coordinates":[[[-58.640427,-34.390789],[-58.640392,-34.390813],[-58.640377,-34.390828],[-58.640355,-34.390861],[-58.640347,-34.39088],[-58.640342,-34.390898],[-58.64034,-34.390936],[-58.640348,-34.390974],[-58.640357,-34.390992],[-58.641149,-34.392076],[-58.641229,-34.392067],[-58.641215,-34.391945],[-58.641211,-34.391822],[-58.641216,-34.3917],[-58.641229,-34.391577],[-58.641252,-34.391456],[-58.641284,-34.391336],[-58.641325,-34.391218],[-58.641374,-34.391102],[-58.641432,-34.390989],[-58.641499,-34.39088],[-58.641573,-34.390773],[-58.641655,-34.390671],[-58.641745,-34.390574],[-58.641842,-34.390481],[-58.641945,-34.390393],[-58.641891,-34.390346],[-58.640447,-34.390779],[-58.640427,-34.390789]]]}},{"type":"Feature","properties":{"partida":"057136871","cca":"057030P00000000000000001500000000000001000","tipo":"Urbano","sup_m2":2256.8},"geometry":{"type":"Polygon","coordinates":[[[-58.642546,-34.39328],[-58.642055,-34.392612],[-58.642042,-34.392603],[-58.642026,-34.392598],[-58.641998,-34.3926],[-58.641839,-34.39268],[-58.641829,-34.392691],[-58.641823,-34.392704],[-58.641822,-34.392719],[-58.641827,-34.392732],[-58.642313,-34.393397],[-58.642546,-34.39328]]]}},{"type":"Feature","properties":{"partida":"057136843","cca":"057030P00000000000000001500000000000002000","tipo":"Urbano","sup_m2":627.0},"geometry":{"type":"Polygon","coordinates":[[[-58.642313,-34.393397],[-58.642438,-34.393566],[-58.642453,-34.393577],[-58.642471,-34.393582],[-58.642497,-34.393581],[-58.642519,-34.39357],[-58.642652,-34.39346],[-58.642661,-34.393449],[-58.642668,-34.393432],[-58.642666,-34.393415],[-58.642659,-34.393403],[-58.642546,-34.39328],[-58.642313,-34.393397]]]}},{"type":"Feature","properties":{"partida":"057014335","cca":"057030P00000000001000000000000000000001000","tipo":"Urbano","sup_m2":1008.4},"geometry":{"type":"Polygon","coordinates":[[[-58.643301,-34.388324],[-58.644099,-34.387926],[-58.644048,-34.387855],[-58.644011,-34.387844],[-58.643236,-34.388233],[-58.643301,-34.388324]]]}},{"type":"Feature","properties":{"partida":"057014334","cca":"057030P00000000001000000000000000000002000","tipo":"Urbano","sup_m2":1020.8},"geometry":{"type":"Polygon","coordinates":[[[-58.644165,-34.388018],[-58.644099,-34.387926],[-58.643301,-34.388324],[-58.643367,-34.388416],[-58.644165,-34.388018]]]}},{"type":"Feature","properties":{"partida":"057014333","cca":"057030P00000000001000000000000000000003000","tipo":"Urbano","sup_m2":969.0},"geometry":{"type":"Polygon","coordinates":[[[-58.644165,-34.388018],[-58.643367,-34.388416],[-58.64343,-34.388503],[-58.644228,-34.388107],[-58.644165,-34.388018]]]}},{"type":"Feature","properties":{"partida":"057014332","cca":"057030P00000000001000000000000000000004000","tipo":"Urbano","sup_m2":1048.9},"geometry":{"type":"Polygon","coordinates":[[[-58.643498,-34.388599],[-58.644295,-34.388202],[-58.644228,-34.388107],[-58.64343,-34.388503],[-58.643498,-34.388599]]]}},{"type":"Feature","properties":{"partida":"057014331","cca":"057030P00000000001000000000000000000005000","tipo":"Urbano","sup_m2":1018.2},"geometry":{"type":"Polygon","coordinates":[[[-58.644362,-34.388296],[-58.644295,-34.388202],[-58.643498,-34.388599],[-58.643563,-34.38869],[-58.644362,-34.388296]]]}},{"type":"Feature","properties":{"partida":"057014330","cca":"057030P00000000001000000000000000000006000","tipo":"Urbano","sup_m2":997.5},"geometry":{"type":"Polygon","coordinates":[[[-58.643629,-34.388782],[-58.644425,-34.388385],[-58.644362,-34.388296],[-58.643563,-34.38869],[-58.643629,-34.388782]]]}},{"type":"Feature","properties":{"partida":"057014329","cca":"057030P00000000001000000000000000000007000","tipo":"Urbano","sup_m2":1047.7},"geometry":{"type":"Polygon","coordinates":[[[-58.644493,-34.388481],[-58.644425,-34.388385],[-58.643629,-34.388782],[-58.643697,-34.388876],[-58.644493,-34.388481]]]}},{"type":"Feature","properties":{"partida":"057010855","cca":"057030P00000000001000000000000000000008000","tipo":"Urbano","sup_m2":1336.4},"geometry":{"type":"Polygon","coordinates":[[[-58.643784,-34.388997],[-58.64458,-34.388603],[-58.644493,-34.388481],[-58.643697,-34.388876],[-58.643784,-34.388997]]]}},{"type":"Feature","properties":{"partida":"057014328","cca":"057030P00000000001000000000000000000009000","tipo":"Urbano","sup_m2":1025.7},"geometry":{"type":"Polygon","coordinates":[[[-58.643848,-34.389088],[-58.644648,-34.388699],[-58.64458,-34.388603],[-58.643784,-34.388997],[-58.643848,-34.389088]]]}},{"type":"Feature","properties":{"partida":"057014323","cca":"057030P00000000001000000000000000000010000","tipo":"Urbano","sup_m2":718.1},"geometry":{"type":"Polygon","coordinates":[[[-58.643996,-34.389016],[-58.643848,-34.389088],[-58.644092,-34.389428],[-58.644258,-34.389381],[-58.643996,-34.389016]]]}},{"type":"Feature","properties":{"partida":"057014324","cca":"057030P00000000001000000000000000000011000","tipo":"Urbano","sup_m2":789.5},"geometry":{"type":"Polygon","coordinates":[[[-58.644149,-34.388941],[-58.643996,-34.389016],[-58.644258,-34.389381],[-58.644427,-34.389333],[-58.644149,-34.388941]]]}},{"type":"Feature","properties":{"partida":"057014325","cca":"057030P00000000001000000000000000000012000","tipo":"Urbano","sup_m2":767.7},"geometry":{"type":"Polygon","coordinates":[[[-58.644427,-34.389333],[-58.644581,-34.389289],[-58.644289,-34.388873],[-58.644149,-34.388941],[-58.644427,-34.389333]]]}},{"type":"Feature","properties":{"partida":"057014326","cca":"057030P00000000001000000000000000000013000","tipo":"Urbano","sup_m2":820.0},"geometry":{"type":"Polygon","coordinates":[[[-58.644737,-34.389244],[-58.644429,-34.388805],[-58.644289,-34.388873],[-58.644581,-34.389289],[-58.644737,-34.389244]]]}},{"type":"Feature","properties":{"partida":"057014327","cca":"057030P00000000001000000000000000000014000","tipo":"Urbano","sup_m2":1377.6},"geometry":{"type":"Polygon","coordinates":[[[-58.644737,-34.389244],[-58.644963,-34.38918],[-58.644969,-34.38915],[-58.644648,-34.388699],[-58.644429,-34.388805],[-58.644737,-34.389244]]]}},{"type":"Feature","properties":{"partida":"057014348","cca":"057030P00000000002000000000000000000001000","tipo":"Urbano","sup_m2":1033.8},"geometry":{"type":"Polygon","coordinates":[[[-58.642371,-34.387024],[-58.643172,-34.386634],[-58.64312,-34.38656],[-58.643082,-34.38655],[-58.642304,-34.386932],[-58.642371,-34.387024]]]}},{"type":"Feature","properties":{"partida":"057014347","cca":"057030P00000000002000000000000000000002000","tipo":"Urbano","sup_m2":1043.6},"geometry":{"type":"Polygon","coordinates":[[[-58.64244,-34.387121],[-58.643238,-34.386727],[-58.643172,-34.386634],[-58.642371,-34.387024],[-58.64244,-34.387121]]]}},{"type":"Feature","properties":{"partida":null,"cca":"057030P00000000002000000000000000000003000","tipo":null,"sup_m2":1042.9},"geometry":{"type":"Polygon","coordinates":[[[-58.642509,-34.387217],[-58.643303,-34.38682],[-58.643238,-34.386727],[-58.64244,-34.387121],[-58.642509,-34.387217]]]}},{"type":"Feature","properties":{"partida":null,"cca":"057030P00000000002000000000000000000004000","tipo":null,"sup_m2":1023.1},"geometry":{"type":"Polygon","coordinates":[[[-58.643369,-34.386914],[-58.643303,-34.38682],[-58.642509,-34.387217],[-58.642575,-34.38731],[-58.643369,-34.386914]]]}},{"type":"Feature","properties":{"partida":null,"cca":"057030P00000000002000000000000000000005000","tipo":null,"sup_m2":1027.7},"geometry":{"type":"Polygon","coordinates":[[[-58.642575,-34.38731],[-58.642644,-34.387406],[-58.643433,-34.387005],[-58.643369,-34.386914],[-58.642575,-34.38731]]]}},{"type":"Feature","properties":{"partida":null,"cca":"057030P00000000002000000000000000000006000","tipo":null,"sup_m2":980.9},"geometry":{"type":"Polygon","coordinates":[[[-58.642708,-34.387496],[-58.643496,-34.387095],[-58.643433,-34.387005],[-58.642644,-34.387406],[-58.642708,-34.387496]]]}},{"type":"Feature","properties":{"partida":null,"cca":"057030P00000000002000000000000000000007000","tipo":null,"sup_m2":979.4},"geometry":{"type":"Polygon","coordinates":[[[-58.643563,-34.38719],[-58.643496,-34.387095],[-58.642708,-34.387496],[-58.642768,-34.38758],[-58.643563,-34.38719]]]}},{"type":"Feature","properties":{"partida":null,"cca":"057030P00000000002000000000000000000008000","tipo":null,"sup_m2":1007.3},"geometry":{"type":"Polygon","coordinates":[[[-58.643563,-34.38719],[-58.642768,-34.38758],[-58.642835,-34.387673],[-58.643627,-34.387282],[-58.643563,-34.38719]]]}},{"type":"Feature","properties":{"partida":"057014340","cca":"057030P00000000002000000000000000000009000","tipo":"Urbano","sup_m2":1035.1},"geometry":{"type":"Polygon","coordinates":[[[-58.642904,-34.387769],[-58.643693,-34.387375],[-58.643627,-34.387282],[-58.642835,-34.387673],[-58.642904,-34.387769]]]}},{"type":"Feature","properties":{"partida":"057014339","cca":"057030P00000000002000000000000000000010000","tipo":"Urbano","sup_m2":986.1},"geometry":{"type":"Polygon","coordinates":[[[-58.642969,-34.38786],[-58.643756,-34.387465],[-58.643693,-34.387375],[-58.642904,-34.387769],[-58.642969,-34.38786]]]}},{"type":"Feature","properties":{"partida":"057014338","cca":"057030P00000000002000000000000000000011000","tipo":"Urbano","sup_m2":1051.8},"geometry":{"type":"Polygon","coordinates":[[[-58.643756,-34.387465],[-58.642969,-34.38786],[-58.643039,-34.387958],[-58.643823,-34.38756],[-58.643756,-34.387465]]]}},{"type":"Feature","properties":{"partida":"057014337","cca":"057030P00000000002000000000000000000012000","tipo":"Urbano","sup_m2":1001.9},"geometry":{"type":"Polygon","coordinates":[[[-58.643103,-34.388048],[-58.643889,-34.387655],[-58.643823,-34.38756],[-58.643039,-34.387958],[-58.643103,-34.388048]]]}},{"type":"Feature","properties":{"partida":"057014336","cca":"057030P00000000002000000000000000000013000","tipo":"Urbano","sup_m2":1006.9},"geometry":{"type":"Polygon","coordinates":[[[-58.643103,-34.388048],[-58.64317,-34.388141],[-58.643937,-34.387756],[-58.64394,-34.387726],[-58.643889,-34.387655],[-58.643103,-34.388048]]]}},{"type":"Feature","properties":{"partida":"057014359","cca":"057030P00000000003000000000000000000001000","tipo":"Urbano","sup_m2":2507.2},"geometry":{"type":"Polygon","coordinates":[[[-58.641571,-34.385907],[-58.642391,-34.385502],[-58.642272,-34.385338],[-58.641372,-34.385628],[-58.641571,-34.385907]]]}},{"type":"Feature","properties":{"partida":"057014358","cca":"057030P00000000003000000000000000000002000","tipo":"Urbano","sup_m2":1004.1},"geometry":{"type":"Polygon","coordinates":[[[-58.642456,-34.385592],[-58.642391,-34.385502],[-58.641571,-34.385907],[-58.641633,-34.385994],[-58.642456,-34.385592]]]}},{"type":"Feature","properties":{"partida":"057014357","cca":"057030P00000000003000000000000000000003000","tipo":"Urbano","sup_m2":1141.2},"geometry":{"type":"Polygon","coordinates":[[[-58.642456,-34.385592],[-58.641633,-34.385994],[-58.64171,-34.386101],[-58.642524,-34.385686],[-58.642456,-34.385592]]]}},{"type":"Feature","properties":{"partida":"057014356","cca":"057030P00000000003000000000000000000004000","tipo":"Urbano","sup_m2":1027.5},"geometry":{"type":"Polygon","coordinates":[[[-58.64171,-34.386101],[-58.641772,-34.386188],[-58.642592,-34.38578],[-58.642524,-34.385686],[-58.64171,-34.386101]]]}},{"type":"Feature","properties":{"partida":"057014355","cca":"057030P00000000003000000000000000000005000","tipo":"Urbano","sup_m2":1080.5},"geometry":{"type":"Polygon","coordinates":[[[-58.642661,-34.385873],[-58.642592,-34.38578],[-58.641772,-34.386188],[-58.641841,-34.386284],[-58.642661,-34.385873]]]}},{"type":"Feature","properties":{"partida":"057014354","cca":"057030P00000000003000000000000000000006000","tipo":"Urbano","sup_m2":1061.1},"geometry":{"type":"Polygon","coordinates":[[[-58.641909,-34.38638],[-58.642726,-34.385964],[-58.642661,-34.385873],[-58.641841,-34.386284],[-58.641909,-34.38638]]]}},{"type":"Feature","properties":{"partida":"057014353","cca":"057030P00000000003000000000000000000007000","tipo":"Urbano","sup_m2":1060.8},"geometry":{"type":"Polygon","coordinates":[[[-58.642793,-34.386056],[-58.642726,-34.385964],[-58.641909,-34.38638],[-58.641977,-34.386474],[-58.642793,-34.386056]]]}},{"type":"Feature","properties":{"partida":"057014352","cca":"057030P00000000003000000000000000000008000","tipo":"Urbano","sup_m2":1073.7},"geometry":{"type":"Polygon","coordinates":[[[-58.642793,-34.386056],[-58.641977,-34.386474],[-58.642043,-34.386567],[-58.642862,-34.386151],[-58.642793,-34.386056]]]}},{"type":"Feature","properties":{"partida":"057014351","cca":"057030P00000000003000000000000000000009000","tipo":"Urbano","sup_m2":999.6},"geometry":{"type":"Polygon","coordinates":[[[-58.642105,-34.386653],[-58.642926,-34.38624],[-58.642862,-34.386151],[-58.642043,-34.386567],[-58.642105,-34.386653]]]}},{"type":"Feature","properties":{"partida":"057014350","cca":"057030P00000000003000000000000000000010000","tipo":"Urbano","sup_m2":1075.6},"geometry":{"type":"Polygon","coordinates":[[[-58.642926,-34.38624],[-58.642105,-34.386653],[-58.642172,-34.386748],[-58.642995,-34.386334],[-58.642926,-34.38624]]]}},{"type":"Feature","properties":{"partida":"057014349","cca":"057030P00000000003000000000000000000011000","tipo":"Urbano","sup_m2":1115.1},"geometry":{"type":"Polygon","coordinates":[[[-58.642995,-34.386334],[-58.642172,-34.386748],[-58.642241,-34.386844],[-58.64304,-34.386446],[-58.643051,-34.386411],[-58.642995,-34.386334]]]}},{"type":"Feature","properties":{"partida":"057020968","cca":"057030R00000000000000000000000030000006000","tipo":"Urbano","sup_m2":3894.6},"geometry":{"type":"Polygon","coordinates":[[[-58.635216,-34.383221],[-58.635652,-34.383822],[-58.636117,-34.383593],[-58.635679,-34.382985],[-58.635216,-34.383221]]]}},{"type":"Feature","properties":{"partida":"057024080","cca":"057030R00000000000000000000000030000007000","tipo":"Urbano","sup_m2":1919.2},"geometry":{"type":"Polygon","coordinates":[[[-58.63542,-34.383934],[-58.635652,-34.383822],[-58.635216,-34.383221],[-58.63499,-34.383348],[-58.63542,-34.383934]]]}},{"type":"Feature","properties":{"partida":"057037325","cca":"057030R00000000000000000000000030000008000","tipo":"Urbano","sup_m2":1865.4},"geometry":{"type":"Polygon","coordinates":[[[-58.63542,-34.383934],[-58.63499,-34.383348],[-58.634769,-34.383474],[-58.635189,-34.38405],[-58.63542,-34.383934]]]}},{"type":"Feature","properties":{"partida":"057037326","cca":"057030R00000000000000000000000030000009000","tipo":"Urbano","sup_m2":869.0},"geometry":{"type":"Polygon","coordinates":[[[-58.635652,-34.383822],[-58.63542,-34.383934],[-58.635189,-34.38405],[-58.63529,-34.384184],[-58.635751,-34.383955],[-58.635652,-34.383822]]]}},{"type":"Feature","properties":{"partida":"057037327","cca":"057030R00000000000000000000000030000010000","tipo":"Urbano","sup_m2":883.6},"geometry":{"type":"Polygon","coordinates":[[[-58.63529,-34.384184],[-58.635387,-34.384321],[-58.635853,-34.384095],[-58.635751,-34.383955],[-58.63529,-34.384184]]]}},{"type":"Feature","properties":{"partida":"057037328","cca":"057030R00000000000000000000000030000011000","tipo":"Urbano","sup_m2":841.1},"geometry":{"type":"Polygon","coordinates":[[[-58.635483,-34.384452],[-58.635951,-34.384222],[-58.635853,-34.384095],[-58.635387,-34.384321],[-58.635483,-34.384452]]]}},{"type":"Feature","properties":{"partida":"057030395","cca":"057030R00000000000000000000000030000012000","tipo":"Urbano","sup_m2":855.0},"geometry":{"type":"Polygon","coordinates":[[[-58.635577,-34.384584],[-58.636045,-34.384356],[-58.635951,-34.384222],[-58.635483,-34.384452],[-58.635577,-34.384584]]]}},{"type":"Feature","properties":{"partida":"057037329","cca":"057030R00000000000000000000000030000013000","tipo":"Urbano","sup_m2":848.8},"geometry":{"type":"Polygon","coordinates":[[[-58.635675,-34.384716],[-58.636138,-34.384487],[-58.636045,-34.384356],[-58.635577,-34.384584],[-58.635675,-34.384716]]]}},{"type":"Feature","properties":{"partida":"057030394","cca":"057030R00000000000000000000000030000014000","tipo":"Urbano","sup_m2":862.7},"geometry":{"type":"Polygon","coordinates":[[[-58.636138,-34.384487],[-58.635675,-34.384716],[-58.63575,-34.384824],[-58.635808,-34.384834],[-58.636236,-34.384622],[-58.636138,-34.384487]]]}},{"type":"Feature","properties":{"partida":"057037330","cca":"057030R00000000000000000000000130000008000","tipo":"Urbano","sup_m2":952.5},"geometry":{"type":"Polygon","coordinates":[[[-58.635944,-34.385125],[-58.636429,-34.384887],[-58.636327,-34.384746],[-58.635881,-34.384957],[-58.635868,-34.385012],[-58.635944,-34.385125]]]}},{"type":"Feature","properties":{"partida":"057037324","cca":"057030R00000000000000000000000130000009000","tipo":"Urbano","sup_m2":929.5},"geometry":{"type":"Polygon","coordinates":[[[-58.636046,-34.385263],[-58.63653,-34.385026],[-58.636429,-34.384887],[-58.635944,-34.385125],[-58.636046,-34.385263]]]}},{"type":"Feature","properties":{"partida":"057041495","cca":"057030R00000000000000000000000130000010000","tipo":"Urbano","sup_m2":922.5},"geometry":{"type":"Polygon","coordinates":[[[-58.636146,-34.385401],[-58.636629,-34.385164],[-58.63653,-34.385026],[-58.636046,-34.385263],[-58.636146,-34.385401]]]}},{"type":"Feature","properties":{"partida":"057037331","cca":"057030R00000000000000000000000130000011000","tipo":"Urbano","sup_m2":919.0},"geometry":{"type":"Polygon","coordinates":[[[-58.636728,-34.385302],[-58.636629,-34.385164],[-58.636146,-34.385401],[-58.636244,-34.385539],[-58.636728,-34.385302]]]}},{"type":"Feature","properties":{"partida":"057037332","cca":"057030R00000000000000000000000130000012000","tipo":"Urbano","sup_m2":926.2},"geometry":{"type":"Polygon","coordinates":[[[-58.636827,-34.385441],[-58.636728,-34.385302],[-58.636244,-34.385539],[-58.636346,-34.385678],[-58.636827,-34.385441]]]}},{"type":"Feature","properties":{"partida":"057037333","cca":"057030R00000000000000000000000130000013000","tipo":"Urbano","sup_m2":932.1},"geometry":{"type":"Polygon","coordinates":[[[-58.636447,-34.385819],[-58.636926,-34.385581],[-58.636827,-34.385441],[-58.636346,-34.385678],[-58.636447,-34.385819]]]}},{"type":"Feature","properties":{"partida":"057037334","cca":"057030R00000000000000000000000130000014000","tipo":"Urbano","sup_m2":935.4},"geometry":{"type":"Polygon","coordinates":[[[-58.636447,-34.385819],[-58.636547,-34.385958],[-58.63703,-34.385722],[-58.636926,-34.385581],[-58.636447,-34.385819]]]}},{"type":"Feature","properties":{"partida":"057037335","cca":"057030R00000000000000000000000130000015000","tipo":"Urbano","sup_m2":924.8},"geometry":{"type":"Polygon","coordinates":[[[-58.63703,-34.385722],[-58.636547,-34.385958],[-58.636624,-34.386066],[-58.63669,-34.38608],[-58.63713,-34.38586],[-58.63703,-34.385722]]]}},{"type":"Feature","properties":{"partida":"057030393","cca":"057030R00000000000000000000000240000008000","tipo":"Urbano","sup_m2":951.5},"geometry":{"type":"Polygon","coordinates":[[[-58.636836,-34.386372],[-58.637323,-34.386126],[-58.637219,-34.385985],[-58.636769,-34.386214],[-58.636754,-34.38626],[-58.636836,-34.386372]]]}},{"type":"Feature","properties":{"partida":"057030392","cca":"057030R00000000000000000000000240000009000","tipo":"Urbano","sup_m2":937.5},"geometry":{"type":"Polygon","coordinates":[[[-58.636836,-34.386372],[-58.636936,-34.38651],[-58.637424,-34.386264],[-58.637323,-34.386126],[-58.636836,-34.386372]]]}},{"type":"Feature","properties":{"partida":"057037336","cca":"057030R00000000000000000000000240000010000","tipo":"Urbano","sup_m2":898.6},"geometry":{"type":"Polygon","coordinates":[[[-58.63752,-34.386398],[-58.637424,-34.386264],[-58.636936,-34.38651],[-58.637036,-34.38664],[-58.63752,-34.386398]]]}},{"type":"Feature","properties":{"partida":"057037208","cca":"057030R00000000000000000000000240000011000","tipo":"Urbano","sup_m2":965.0},"geometry":{"type":"Polygon","coordinates":[[[-58.63752,-34.386398],[-58.637036,-34.38664],[-58.63714,-34.386785],[-58.637625,-34.386538],[-58.63752,-34.386398]]]}},{"type":"Feature","properties":{"partida":"057037209","cca":"057030R00000000000000000000000240000012000","tipo":"Urbano","sup_m2":945.8},"geometry":{"type":"Polygon","coordinates":[[[-58.637243,-34.386924],[-58.637728,-34.386676],[-58.637625,-34.386538],[-58.63714,-34.386785],[-58.637243,-34.386924]]]}},{"type":"Feature","properties":{"partida":"057037210","cca":"057030R00000000000000000000000240000013000","tipo":"Urbano","sup_m2":894.5},"geometry":{"type":"Polygon","coordinates":[[[-58.637243,-34.386924],[-58.637341,-34.387054],[-58.637825,-34.386809],[-58.637728,-34.386676],[-58.637243,-34.386924]]]}},{"type":"Feature","properties":{"partida":"057037211","cca":"057030R00000000000000000000000240000014000","tipo":"Urbano","sup_m2":949.2},"geometry":{"type":"Polygon","coordinates":[[[-58.637441,-34.387194],[-58.637928,-34.386949],[-58.637825,-34.386809],[-58.637341,-34.387054],[-58.637441,-34.387194]]]}},{"type":"Feature","properties":{"partida":"057041494","cca":"057030R00000000000000000000000240000015000","tipo":"Urbano","sup_m2":974.7},"geometry":{"type":"Polygon","coordinates":[[[-58.637928,-34.386949],[-58.637441,-34.387194],[-58.637527,-34.387307],[-58.637585,-34.387322],[-58.638031,-34.387095],[-58.637928,-34.386949]]]}},{"type":"Feature","properties":{"partida":"057029232","cca":"057030R00000000000000000000001030000001000","tipo":"Urbano","sup_m2":293.0},"geometry":{"type":"Polygon","coordinates":[[[-58.642524,-34.395121],[-58.642828,-34.394974],[-58.642811,-34.39495],[-58.64276,-34.394933],[-58.642477,-34.395015],[-58.642524,-34.395121]]]}},{"type":"Feature","properties":{"partida":"057029233","cca":"057030R00000000000000000000001030000002000","tipo":"Urbano","sup_m2":351.2},"geometry":{"type":"Polygon","coordinates":[[[-58.642563,-34.39521],[-58.642477,-34.395015],[-58.642374,-34.395045],[-58.642504,-34.395349],[-58.642598,-34.395302],[-58.642563,-34.39521]]]}},{"type":"Feature","properties":{"partida":"057029234","cca":"057030R00000000000000000000001030000003000","tipo":"Urbano","sup_m2":479.5},"geometry":{"type":"Polygon","coordinates":[[[-58.64227,-34.395074],[-58.642406,-34.395396],[-58.642444,-34.395482],[-58.642541,-34.395436],[-58.642504,-34.395349],[-58.642374,-34.395045],[-58.64227,-34.395074]]]}},{"type":"Feature","properties":{"partida":"057029235","cca":"057030R00000000000000000000001030000004000","tipo":"Urbano","sup_m2":403.1},"geometry":{"type":"Polygon","coordinates":[[[-58.642406,-34.395396],[-58.64227,-34.395074],[-58.642161,-34.395106],[-58.642308,-34.395442],[-58.642406,-34.395396]]]}},{"type":"Feature","properties":{"partida":"057029236","cca":"057030R00000000000000000000001030000005000","tipo":"Urbano","sup_m2":312.9},"geometry":{"type":"Polygon","coordinates":[[[-58.642057,-34.395136],[-58.642174,-34.395404],[-58.642272,-34.395358],[-58.642161,-34.395106],[-58.642057,-34.395136]]]}},{"type":"Feature","properties":{"partida":"057029426","cca":"057030R00000000000000000000001030000006000","tipo":"Urbano","sup_m2":320.3},"geometry":{"type":"Polygon","coordinates":[[[-58.642123,-34.395287],[-58.642057,-34.395136],[-58.64189,-34.395185],[-58.641966,-34.395365],[-58.642123,-34.395287]]]}},{"type":"Feature","properties":{"partida":"057029238","cca":"057030R00000000000000000000001030000007000","tipo":"Urbano","sup_m2":311.8},"geometry":{"type":"Polygon","coordinates":[[[-58.641966,-34.395365],[-58.64189,-34.395185],[-58.641751,-34.395225],[-58.641738,-34.395259],[-58.641856,-34.395418],[-58.641966,-34.395365]]]}},{"type":"Feature","properties":{"partida":"057029239","cca":"057030R00000000000000000000001030000008000","tipo":"Urbano","sup_m2":370.6},"geometry":{"type":"Polygon","coordinates":[[[-58.642123,-34.395287],[-58.641856,-34.395418],[-58.641931,-34.395525],[-58.642174,-34.395404],[-58.642123,-34.395287]]]}},{"type":"Feature","properties":{"partida":"057029240","cca":"057030R00000000000000000000001030000009000","tipo":"Urbano","sup_m2":349.8},"geometry":{"type":"Polygon","coordinates":[[[-58.641986,-34.395601],[-58.642308,-34.395442],[-58.642272,-34.395358],[-58.641931,-34.395525],[-58.641986,-34.395601]]]}},{"type":"Feature","properties":{"partida":"057029241","cca":"057030R00000000000000000000001030000010000","tipo":"Urbano","sup_m2":443.6},"geometry":{"type":"Polygon","coordinates":[[[-58.642042,-34.395679],[-58.642444,-34.395482],[-58.642406,-34.395396],[-58.641986,-34.395601],[-58.642042,-34.395679]]]}},{"type":"Feature","properties":{"partida":"057029242","cca":"057030R00000000000000000000001030000011000","tipo":"Urbano","sup_m2":521.6},"geometry":{"type":"Polygon","coordinates":[[[-58.642577,-34.395523],[-58.642541,-34.395436],[-58.642042,-34.395679],[-58.642099,-34.395756],[-58.642577,-34.395523]]]}},{"type":"Feature","properties":{"partida":"057029243","cca":"057030R00000000000000000000001030000012000","tipo":"Urbano","sup_m2":491.0},"geometry":{"type":"Polygon","coordinates":[[[-58.642577,-34.395523],[-58.642099,-34.395756],[-58.642154,-34.395832],[-58.642613,-34.395608],[-58.642577,-34.395523]]]}},{"type":"Feature","properties":{"partida":"057029244","cca":"057030R00000000000000000000001030000013000","tipo":"Urbano","sup_m2":484.1},"geometry":{"type":"Polygon","coordinates":[[[-58.64265,-34.395696],[-58.642613,-34.395608],[-58.642154,-34.395832],[-58.642211,-34.39591],[-58.64265,-34.395696]]]}},{"type":"Feature","properties":{"partida":"057029245","cca":"057030R00000000000000000000001030000014000","tipo":"Urbano","sup_m2":363.6},"geometry":{"type":"Polygon","coordinates":[[[-58.642594,-34.395829],[-58.642559,-34.395739],[-58.642211,-34.39591],[-58.642267,-34.395987],[-58.642594,-34.395829]]]}},{"type":"Feature","properties":{"partida":"057029246","cca":"057030R00000000000000000000001030000015000","tipo":"Urbano","sup_m2":354.7},"geometry":{"type":"Polygon","coordinates":[[[-58.642631,-34.39592],[-58.642594,-34.395829],[-58.642267,-34.395987],[-58.642326,-34.396069],[-58.642631,-34.39592]]]}},{"type":"Feature","properties":{"partida":"057029247","cca":"057030R00000000000000000000001030000016000","tipo":"Urbano","sup_m2":313.2},"geometry":{"type":"Polygon","coordinates":[[[-58.642631,-34.39592],[-58.642326,-34.396069],[-58.642351,-34.396101],[-58.642397,-34.396114],[-58.642678,-34.396035],[-58.642631,-34.39592]]]}},{"type":"Feature","properties":{"partida":"057029427","cca":"057030R00000000000000000000001030000017000","tipo":"Urbano","sup_m2":348.9},"geometry":{"type":"Polygon","coordinates":[[[-58.642559,-34.395739],[-58.642678,-34.396035],[-58.642781,-34.396003],[-58.64265,-34.395696],[-58.642559,-34.395739]]]}},{"type":"Feature","properties":{"partida":"057029248","cca":"057030R00000000000000000000001030000018000","tipo":"Urbano","sup_m2":483.8},"geometry":{"type":"Polygon","coordinates":[[[-58.642613,-34.395608],[-58.642781,-34.396003],[-58.642885,-34.395975],[-58.642709,-34.395561],[-58.642613,-34.395608]]]}},{"type":"Feature","properties":{"partida":"057029237","cca":"057030R00000000000000000000001030000019000","tipo":"Urbano","sup_m2":392.4},"geometry":{"type":"Polygon","coordinates":[[[-58.642987,-34.395946],[-58.64288,-34.395688],[-58.642843,-34.395601],[-58.642748,-34.395647],[-58.642885,-34.395975],[-58.642987,-34.395946]]]}},{"type":"Feature","properties":{"partida":"057029249","cca":"057030R00000000000000000000001030000020000","tipo":"Urbano","sup_m2":317.6},"geometry":{"type":"Polygon","coordinates":[[[-58.643092,-34.395916],[-58.643065,-34.395847],[-58.642978,-34.395642],[-58.64288,-34.395688],[-58.642987,-34.395946],[-58.643092,-34.395916]]]}},{"type":"Feature","properties":{"partida":"057029250","cca":"057030R00000000000000000000001030000021000","tipo":"Urbano","sup_m2":358.5},"geometry":{"type":"Polygon","coordinates":[[[-58.643355,-34.395704],[-58.643065,-34.395847],[-58.643092,-34.395916],[-58.643406,-34.395826],[-58.643419,-34.395792],[-58.643355,-34.395704]]]}},{"type":"Feature","properties":{"partida":"057029251","cca":"057030R00000000000000000000001030000022000","tipo":"Urbano","sup_m2":325.8},"geometry":{"type":"Polygon","coordinates":[[[-58.643294,-34.395621],[-58.643023,-34.395753],[-58.643065,-34.395847],[-58.643355,-34.395704],[-58.643294,-34.395621]]]}},{"type":"Feature","properties":{"partida":"057029252","cca":"057030R00000000000000000000001030000023000","tipo":"Urbano","sup_m2":351.2},"geometry":{"type":"Polygon","coordinates":[[[-58.643223,-34.395521],[-58.642978,-34.395642],[-58.643023,-34.395753],[-58.643294,-34.395621],[-58.643223,-34.395521]]]}},{"type":"Feature","properties":{"partida":"057029253","cca":"057030R00000000000000000000001030000024000","tipo":"Urbano","sup_m2":360.4},"geometry":{"type":"Polygon","coordinates":[[[-58.643167,-34.395444],[-58.642843,-34.395601],[-58.64288,-34.395688],[-58.643223,-34.395521],[-58.643167,-34.395444]]]}},{"type":"Feature","properties":{"partida":"057029254","cca":"057030R00000000000000000000001030000025000","tipo":"Urbano","sup_m2":441.9},"geometry":{"type":"Polygon","coordinates":[[[-58.64311,-34.395366],[-58.642709,-34.395561],[-58.642748,-34.395647],[-58.643167,-34.395444],[-58.64311,-34.395366]]]}},{"type":"Feature","properties":{"partida":"057029255","cca":"057030R00000000000000000000001030000026000","tipo":"Urbano","sup_m2":511.1},"geometry":{"type":"Polygon","coordinates":[[[-58.642613,-34.395608],[-58.64311,-34.395366],[-58.643055,-34.395289],[-58.642577,-34.395523],[-58.642613,-34.395608]]]}},{"type":"Feature","properties":{"partida":"057029256","cca":"057030R00000000000000000000001030000027000","tipo":"Urbano","sup_m2":495.2},"geometry":{"type":"Polygon","coordinates":[[[-58.642541,-34.395436],[-58.642577,-34.395523],[-58.643055,-34.395289],[-58.643,-34.395213],[-58.642541,-34.395436]]]}},{"type":"Feature","properties":{"partida":"057029257","cca":"057030R00000000000000000000001030000028000","tipo":"Urbano","sup_m2":484.6},"geometry":{"type":"Polygon","coordinates":[[[-58.642943,-34.395135],[-58.642504,-34.395349],[-58.642541,-34.395436],[-58.643,-34.395213],[-58.642943,-34.395135]]]}},{"type":"Feature","properties":{"partida":"057029258","cca":"057030R00000000000000000000001030000029000","tipo":"Urbano","sup_m2":368.2},"geometry":{"type":"Polygon","coordinates":[[[-58.642563,-34.39521],[-58.642598,-34.395302],[-58.642943,-34.395135],[-58.642887,-34.395055],[-58.642563,-34.39521]]]}},{"type":"Feature","properties":{"partida":"057029259","cca":"057030R00000000000000000000001030000030000","tipo":"Urbano","sup_m2":347.8},"geometry":{"type":"Polygon","coordinates":[[[-58.642524,-34.395121],[-58.642563,-34.39521],[-58.642887,-34.395055],[-58.642828,-34.394974],[-58.642524,-34.395121]]]}},{"type":"Feature","properties":{"partida":"057029339","cca":"057030R00000000000000000000001040000001000","tipo":"Urbano","sup_m2":327.0},"geometry":{"type":"Polygon","coordinates":[[[-58.641509,-34.395495],[-58.641688,-34.395406],[-58.641609,-34.395297],[-58.64156,-34.395282],[-58.641428,-34.395321],[-58.641509,-34.395495]]]}},{"type":"Feature","properties":{"partida":"057029340","cca":"057030R00000000000000000000001040000002000","tipo":"Urbano","sup_m2":323.7},"geometry":{"type":"Polygon","coordinates":[[[-58.641509,-34.395495],[-58.641428,-34.395321],[-58.641281,-34.395365],[-58.641368,-34.395565],[-58.641509,-34.395495]]]}},{"type":"Feature","properties":{"partida":"057029341","cca":"057030R00000000000000000000001040000003000","tipo":"Urbano","sup_m2":337.7},"geometry":{"type":"Polygon","coordinates":[[[-58.64118,-34.395394],[-58.641307,-34.395691],[-58.641403,-34.395644],[-58.641281,-34.395365],[-58.64118,-34.395394]]]}},{"type":"Feature","properties":{"partida":"057029342","cca":"057030R00000000000000000000001040000004000","tipo":"Urbano","sup_m2":471.2},"geometry":{"type":"Polygon","coordinates":[[[-58.641073,-34.395426],[-58.641254,-34.395829],[-58.641346,-34.395783],[-58.64118,-34.395394],[-58.641073,-34.395426]]]}},{"type":"Feature","properties":{"partida":"057029343","cca":"057030R00000000000000000000001040000005000","tipo":"Urbano","sup_m2":379.3},"geometry":{"type":"Polygon","coordinates":[[[-58.640972,-34.395456],[-58.64112,-34.395788],[-58.641215,-34.395743],[-58.641073,-34.395426],[-58.640972,-34.395456]]]}},{"type":"Feature","properties":{"partida":"057029344","cca":"057030R00000000000000000000001040000006000","tipo":"Urbano","sup_m2":299.3},"geometry":{"type":"Polygon","coordinates":[[[-58.640983,-34.39575],[-58.641081,-34.395699],[-58.640972,-34.395456],[-58.640873,-34.395486],[-58.640983,-34.39575]]]}},{"type":"Feature","properties":{"partida":"057029345","cca":"057030R00000000000000000000001040000007000","tipo":"Urbano","sup_m2":320.6},"geometry":{"type":"Polygon","coordinates":[[[-58.640873,-34.395486],[-58.640716,-34.395532],[-58.640786,-34.395722],[-58.64094,-34.395646],[-58.640873,-34.395486]]]}},{"type":"Feature","properties":{"partida":"057029346","cca":"057030R00000000000000000000001040000008000","tipo":"Urbano","sup_m2":313.1},"geometry":{"type":"Polygon","coordinates":[[[-58.640683,-34.395772],[-58.640786,-34.395722],[-58.640716,-34.395532],[-58.640577,-34.395574],[-58.640563,-34.395607],[-58.640683,-34.395772]]]}},{"type":"Feature","properties":{"partida":"057029347","cca":"057030R00000000000000000000001040000009000","tipo":"Urbano","sup_m2":321.5},"geometry":{"type":"Polygon","coordinates":[[[-58.640755,-34.39587],[-58.640983,-34.39575],[-58.64094,-34.395646],[-58.640683,-34.395772],[-58.640755,-34.39587]]]}},{"type":"Feature","properties":{"partida":"057029348","cca":"057030R00000000000000000000001040000010000","tipo":"Urbano","sup_m2":331.0},"geometry":{"type":"Polygon","coordinates":[[[-58.641081,-34.395699],[-58.640755,-34.39587],[-58.640805,-34.395939],[-58.64112,-34.395788],[-58.641081,-34.395699]]]}},{"type":"Feature","properties":{"partida":"057029349","cca":"057030R00000000000000000000001040000011000","tipo":"Urbano","sup_m2":440.5},"geometry":{"type":"Polygon","coordinates":[[[-58.640865,-34.396021],[-58.641254,-34.395829],[-58.641215,-34.395743],[-58.640805,-34.395939],[-58.640865,-34.396021]]]}},{"type":"Feature","properties":{"partida":"057029350","cca":"057030R00000000000000000000001040000012000","tipo":"Urbano","sup_m2":475.6},"geometry":{"type":"Polygon","coordinates":[[[-58.640916,-34.396092],[-58.641382,-34.395866],[-58.641346,-34.395783],[-58.640865,-34.396021],[-58.640916,-34.396092]]]}},{"type":"Feature","properties":{"partida":"057029351","cca":"057030R00000000000000000000001040000013000","tipo":"Urbano","sup_m2":482.0},"geometry":{"type":"Polygon","coordinates":[[[-58.641382,-34.395866],[-58.640916,-34.396092],[-58.640974,-34.396171],[-58.641417,-34.395949],[-58.641382,-34.395866]]]}},{"type":"Feature","properties":{"partida":"057029352","cca":"057030R00000000000000000000001040000014000","tipo":"Urbano","sup_m2":450.4},"geometry":{"type":"Polygon","coordinates":[[[-58.641026,-34.396242],[-58.641455,-34.396037],[-58.641417,-34.395949],[-58.640974,-34.396171],[-58.641026,-34.396242]]]}},{"type":"Feature","properties":{"partida":"057029353","cca":"057030R00000000000000000000001040000015000","tipo":"Urbano","sup_m2":340.2},"geometry":{"type":"Polygon","coordinates":[[[-58.641402,-34.396163],[-58.641367,-34.396079],[-58.641026,-34.396242],[-58.64108,-34.396316],[-58.641402,-34.396163]]]}},{"type":"Feature","properties":{"partida":"057029354","cca":"057030R00000000000000000000001040000016000","tipo":"Urbano","sup_m2":329.7},"geometry":{"type":"Polygon","coordinates":[[[-58.641137,-34.396394],[-58.641438,-34.396247],[-58.641402,-34.396163],[-58.64108,-34.396316],[-58.641137,-34.396394]]]}},{"type":"Feature","properties":{"partida":"057029355","cca":"057030R00000000000000000000001040000017000","tipo":"Urbano","sup_m2":324.6},"geometry":{"type":"Polygon","coordinates":[[[-58.641438,-34.396247],[-58.641137,-34.396394],[-58.641164,-34.396431],[-58.641209,-34.396445],[-58.641487,-34.396364],[-58.641438,-34.396247]]]}},{"type":"Feature","properties":{"partida":"057029356","cca":"057030R00000000000000000000001040000018000","tipo":"Urbano","sup_m2":318.1},"geometry":{"type":"Polygon","coordinates":[[[-58.641583,-34.396336],[-58.641455,-34.396037],[-58.641367,-34.396079],[-58.641487,-34.396364],[-58.641583,-34.396336]]]}},{"type":"Feature","properties":{"partida":"057029357","cca":"057030R00000000000000000000001040000019000","tipo":"Urbano","sup_m2":470.4},"geometry":{"type":"Polygon","coordinates":[[[-58.641513,-34.395901],[-58.641417,-34.395949],[-58.641583,-34.396336],[-58.641687,-34.396306],[-58.641513,-34.395901]]]}},{"type":"Feature","properties":{"partida":"057029358","cca":"057030R00000000000000000000001040000020000","tipo":"Urbano","sup_m2":386.8},"geometry":{"type":"Polygon","coordinates":[[[-58.641645,-34.39594],[-58.64155,-34.395986],[-58.641687,-34.396306],[-58.64179,-34.396276],[-58.641645,-34.39594]]]}},{"type":"Feature","properties":{"partida":"057029359","cca":"057030R00000000000000000000001040000021000","tipo":"Urbano","sup_m2":303.5},"geometry":{"type":"Polygon","coordinates":[[[-58.641893,-34.396246],[-58.641775,-34.395979],[-58.641681,-34.396023],[-58.64179,-34.396276],[-58.641893,-34.396246]]]}},{"type":"Feature","properties":{"partida":"057029360","cca":"057030R00000000000000000000001040000022000","tipo":"Urbano","sup_m2":326.5},"geometry":{"type":"Polygon","coordinates":[[[-58.641865,-34.396182],[-58.641893,-34.396246],[-58.642187,-34.39616],[-58.642198,-34.39611],[-58.642147,-34.39604],[-58.641865,-34.396182]]]}},{"type":"Feature","properties":{"partida":"057029361","cca":"057030R00000000000000000000001040000023000","tipo":"Urbano","sup_m2":325.9},"geometry":{"type":"Polygon","coordinates":[[[-58.641822,-34.396087],[-58.641865,-34.396182],[-58.642147,-34.39604],[-58.642085,-34.395954],[-58.641822,-34.396087]]]}},{"type":"Feature","properties":{"partida":"057029362","cca":"057030R00000000000000000000001040000024000","tipo":"Urbano","sup_m2":330.5},"geometry":{"type":"Polygon","coordinates":[[[-58.641822,-34.396087],[-58.642085,-34.395954],[-58.642018,-34.395862],[-58.641775,-34.395979],[-58.641822,-34.396087]]]}},{"type":"Feature","properties":{"partida":"057029363","cca":"057030R00000000000000000000001040000025000","tipo":"Urbano","sup_m2":342.1},"geometry":{"type":"Polygon","coordinates":[[[-58.641962,-34.395785],[-58.641645,-34.39594],[-58.641681,-34.396023],[-58.642018,-34.395862],[-58.641962,-34.395785]]]}},{"type":"Feature","properties":{"partida":"057029364","cca":"057030R00000000000000000000001040000026000","tipo":"Urbano","sup_m2":436.2},"geometry":{"type":"Polygon","coordinates":[[[-58.641904,-34.395705],[-58.641513,-34.395901],[-58.64155,-34.395986],[-58.641962,-34.395785],[-58.641904,-34.395705]]]}},{"type":"Feature","properties":{"partida":"057029365","cca":"057030R00000000000000000000001040000027000","tipo":"Urbano","sup_m2":474.2},"geometry":{"type":"Polygon","coordinates":[[[-58.641855,-34.395636],[-58.641382,-34.395866],[-58.641417,-34.395949],[-58.641904,-34.395705],[-58.641855,-34.395636]]]}},{"type":"Feature","properties":{"partida":"057029366","cca":"057030R00000000000000000000001040000028000","tipo":"Urbano","sup_m2":483.1},"geometry":{"type":"Polygon","coordinates":[[[-58.641799,-34.395559],[-58.641346,-34.395783],[-58.641382,-34.395866],[-58.641855,-34.395636],[-58.641799,-34.395559]]]}},{"type":"Feature","properties":{"partida":"057029429","cca":"057030R00000000000000000000001040000029000","tipo":"Urbano","sup_m2":493.0},"geometry":{"type":"Polygon","coordinates":[[[-58.641346,-34.395783],[-58.641799,-34.395559],[-58.641742,-34.395481],[-58.641307,-34.395691],[-58.641346,-34.395783]]]}},{"type":"Feature","properties":{"partida":"057029367","cca":"057030R00000000000000000000001040000030000","tipo":"Urbano","sup_m2":331.0},"geometry":{"type":"Polygon","coordinates":[[[-58.641403,-34.395644],[-58.641742,-34.395481],[-58.641688,-34.395406],[-58.641368,-34.395565],[-58.641403,-34.395644]]]}},{"type":"Feature","properties":{"partida":"057029404","cca":"057030R00000000000000000000001050000001000","tipo":"Urbano","sup_m2":393.8},"geometry":{"type":"Polygon","coordinates":[[[-58.640279,-34.395874],[-58.64048,-34.395777],[-58.640395,-34.395657],[-58.640332,-34.395641],[-58.640197,-34.395681],[-58.640279,-34.395874]]]}},{"type":"Feature","properties":{"partida":"057029405","cca":"057030R00000000000000000000001050000002000","tipo":"Urbano","sup_m2":276.6},"geometry":{"type":"Polygon","coordinates":[[[-58.640279,-34.395874],[-58.640197,-34.395681],[-58.640079,-34.395717],[-58.640169,-34.39593],[-58.640279,-34.395874]]]}},{"type":"Feature","properties":{"partida":"057029433","cca":"057030R00000000000000000000001050000003000","tipo":"Urbano","sup_m2":543.5},"geometry":{"type":"Polygon","coordinates":[[[-58.640169,-34.39593],[-58.640079,-34.395717],[-58.639842,-34.395788],[-58.640007,-34.396011],[-58.640169,-34.39593]]]}},{"type":"Feature","properties":{"partida":"057029406","cca":"057030R00000000000000000000001050000014000","tipo":"Urbano","sup_m2":526.7},"geometry":{"type":"Polygon","coordinates":[[[-58.640671,-34.396623],[-58.640558,-34.396373],[-58.640355,-34.396474],[-58.640505,-34.396673],[-58.640671,-34.396623]]]}},{"type":"Feature","properties":{"partida":"057029434","cca":"057030R00000000000000000000001050000015000","tipo":"Urbano","sup_m2":352.3},"geometry":{"type":"Polygon","coordinates":[[[-58.640644,-34.396559],[-58.640671,-34.396623],[-58.640988,-34.396528],[-58.641003,-34.396492],[-58.64094,-34.396408],[-58.640644,-34.396559]]]}},{"type":"Feature","properties":{"partida":"057029407","cca":"057030R00000000000000000000001050000016000","tipo":"Urbano","sup_m2":305.3},"geometry":{"type":"Polygon","coordinates":[[[-58.64094,-34.396408],[-58.640885,-34.396334],[-58.640605,-34.396473],[-58.640644,-34.396559],[-58.64094,-34.396408]]]}},{"type":"Feature","properties":{"partida":"057029408","cca":"057030R00000000000000000000001050000017000","tipo":"Urbano","sup_m2":342.6},"geometry":{"type":"Polygon","coordinates":[[[-58.640818,-34.396242],[-58.640558,-34.396373],[-58.640605,-34.396473],[-58.640885,-34.396334],[-58.640818,-34.396242]]]}},{"type":"Feature","properties":{"partida":"057029409","cca":"057030R00000000000000000000001050000018000","tipo":"Urbano","sup_m2":508.3},"geometry":{"type":"Polygon","coordinates":[[[-58.640763,-34.396163],[-58.640297,-34.396396],[-58.640355,-34.396474],[-58.640818,-34.396242],[-58.640763,-34.396163]]]}},{"type":"Feature","properties":{"partida":"057029410","cca":"057030R00000000000000000000001050000019000","tipo":"Urbano","sup_m2":509.9},"geometry":{"type":"Polygon","coordinates":[[[-58.640238,-34.396318],[-58.640297,-34.396396],[-58.640763,-34.396163],[-58.640706,-34.396085],[-58.640238,-34.396318]]]}},{"type":"Feature","properties":{"partida":"057029411","cca":"057030R00000000000000000000001050000020000","tipo":"Urbano","sup_m2":495.4},"geometry":{"type":"Polygon","coordinates":[[[-58.64065,-34.396009],[-58.640182,-34.396243],[-58.640238,-34.396318],[-58.640706,-34.396085],[-58.64065,-34.396009]]]}},{"type":"Feature","properties":{"partida":"057029412","cca":"057030R00000000000000000000001050000021000","tipo":"Urbano","sup_m2":522.0},"geometry":{"type":"Polygon","coordinates":[[[-58.640123,-34.396163],[-58.640182,-34.396243],[-58.64065,-34.396009],[-58.640591,-34.395929],[-58.640123,-34.396163]]]}},{"type":"Feature","properties":{"partida":"057029413","cca":"057030R00000000000000000000001050000022000","tipo":"Urbano","sup_m2":512.9},"geometry":{"type":"Polygon","coordinates":[[[-58.640534,-34.39585],[-58.640063,-34.396086],[-58.640123,-34.396163],[-58.640591,-34.395929],[-58.640534,-34.39585]]]}},{"type":"Feature","properties":{"partida":"057029414","cca":"057030R00000000000000000000001050000023000","tipo":"Urbano","sup_m2":493.7},"geometry":{"type":"Polygon","coordinates":[[[-58.640007,-34.396011],[-58.640063,-34.396086],[-58.640534,-34.39585],[-58.64048,-34.395777],[-58.640279,-34.395874],[-58.640007,-34.396011]]]}},{"type":"Feature","properties":{"partida":"057029209","cca":"057030R00000000000000000000001170000001000","tipo":"Urbano","sup_m2":305.5},"geometry":{"type":"Polygon","coordinates":[[[-58.643254,-34.396111],[-58.643559,-34.395963],[-58.643537,-34.395932],[-58.643487,-34.395919],[-58.643207,-34.396001],[-58.643254,-34.396111]]]}},{"type":"Feature","properties":{"partida":"057029210","cca":"057030R00000000000000000000001170000002000","tipo":"Urbano","sup_m2":351.7},"geometry":{"type":"Polygon","coordinates":[[[-58.643329,-34.396288],[-58.643207,-34.396001],[-58.643103,-34.396031],[-58.643234,-34.396336],[-58.643329,-34.396288]]]}},{"type":"Feature","properties":{"partida":"057029211","cca":"057030R00000000000000000000001170000003000","tipo":"Urbano","sup_m2":465.8},"geometry":{"type":"Polygon","coordinates":[[[-58.643003,-34.396061],[-58.643176,-34.396471],[-58.643271,-34.396424],[-58.643103,-34.396031],[-58.643003,-34.396061]]]}},{"type":"Feature","properties":{"partida":"057029212","cca":"057030R00000000000000000000001170000004000","tipo":"Urbano","sup_m2":410.5},"geometry":{"type":"Polygon","coordinates":[[[-58.642895,-34.396092],[-58.643036,-34.396431],[-58.643138,-34.39638],[-58.643003,-34.396061],[-58.642895,-34.396092]]]}},{"type":"Feature","properties":{"partida":"057029213","cca":"057030R00000000000000000000001170000005000","tipo":"Urbano","sup_m2":284.2},"geometry":{"type":"Polygon","coordinates":[[[-58.642798,-34.396121],[-58.642913,-34.396389],[-58.643,-34.396345],[-58.642895,-34.396092],[-58.642798,-34.396121]]]}},{"type":"Feature","properties":{"partida":"057029214","cca":"057030R00000000000000000000001170000006000","tipo":"Urbano","sup_m2":331.6},"geometry":{"type":"Polygon","coordinates":[[[-58.642826,-34.396184],[-58.642798,-34.396121],[-58.642493,-34.39621],[-58.642476,-34.396244],[-58.642535,-34.396326],[-58.642826,-34.396184]]]}},{"type":"Feature","properties":{"partida":"057029215","cca":"057030R00000000000000000000001170000007000","tipo":"Urbano","sup_m2":338.1},"geometry":{"type":"Polygon","coordinates":[[[-58.642867,-34.396281],[-58.642826,-34.396184],[-58.642535,-34.396326],[-58.642599,-34.396414],[-58.642867,-34.396281]]]}},{"type":"Feature","properties":{"partida":"057029216","cca":"057030R00000000000000000000001170000008000","tipo":"Urbano","sup_m2":344.1},"geometry":{"type":"Polygon","coordinates":[[[-58.642913,-34.396389],[-58.642867,-34.396281],[-58.642599,-34.396414],[-58.64267,-34.396512],[-58.642913,-34.396389]]]}},{"type":"Feature","properties":{"partida":"057029217","cca":"057030R00000000000000000000001170000009000","tipo":"Urbano","sup_m2":335.7},"geometry":{"type":"Polygon","coordinates":[[[-58.642724,-34.396586],[-58.643036,-34.396431],[-58.643,-34.396345],[-58.64267,-34.396512],[-58.642724,-34.396586]]]}},{"type":"Feature","properties":{"partida":"057029218","cca":"057030R00000000000000000000001170000010000","tipo":"Urbano","sup_m2":453.2},"geometry":{"type":"Polygon","coordinates":[[[-58.642724,-34.396586],[-58.642783,-34.396667],[-58.643176,-34.396471],[-58.643138,-34.39638],[-58.642724,-34.396586]]]}},{"type":"Feature","properties":{"partida":"057029423","cca":"057030R00000000000000000000001170000011000","tipo":"Urbano","sup_m2":518.4},"geometry":{"type":"Polygon","coordinates":[[[-58.643309,-34.396511],[-58.643271,-34.396424],[-58.642783,-34.396667],[-58.642839,-34.396745],[-58.643309,-34.396511]]]}},{"type":"Feature","properties":{"partida":"057029219","cca":"057030R00000000000000000000001170000012000","tipo":"Urbano","sup_m2":465.8},"geometry":{"type":"Polygon","coordinates":[[[-58.643309,-34.396511],[-58.642839,-34.396745],[-58.642892,-34.396817],[-58.643344,-34.396594],[-58.643309,-34.396511]]]}},{"type":"Feature","properties":{"partida":"057029220","cca":"057030R00000000000000000000001170000013000","tipo":"Urbano","sup_m2":496.5},"geometry":{"type":"Polygon","coordinates":[[[-58.643383,-34.396684],[-58.643344,-34.396594],[-58.642892,-34.396817],[-58.642951,-34.396898],[-58.643383,-34.396684]]]}},{"type":"Feature","properties":{"partida":"057029419","cca":"057030R00000000000000000000001170000014000","tipo":"Urbano","sup_m2":358.7},"geometry":{"type":"Polygon","coordinates":[[[-58.64333,-34.396817],[-58.643293,-34.396729],[-58.642951,-34.396898],[-58.643007,-34.396975],[-58.64333,-34.396817]]]}},{"type":"Feature","properties":{"partida":"057029420","cca":"057030R00000000000000000000001170000015000","tipo":"Urbano","sup_m2":315.7},"geometry":{"type":"Polygon","coordinates":[[[-58.643365,-34.3969],[-58.64333,-34.396817],[-58.643007,-34.396975],[-58.643059,-34.397047],[-58.643365,-34.3969]]]}},{"type":"Feature","properties":{"partida":"057029421","cca":"057030R00000000000000000000001170000016000","tipo":"Urbano","sup_m2":344.4},"geometry":{"type":"Polygon","coordinates":[[[-58.643365,-34.3969],[-58.643059,-34.397047],[-58.643089,-34.397088],[-58.643136,-34.397102],[-58.643416,-34.397021],[-58.643365,-34.3969]]]}},{"type":"Feature","properties":{"partida":"057029422","cca":"057030R00000000000000000000001170000017000","tipo":"Urbano","sup_m2":336.4},"geometry":{"type":"Polygon","coordinates":[[[-58.643515,-34.396992],[-58.643383,-34.396684],[-58.643293,-34.396729],[-58.643416,-34.397021],[-58.643515,-34.396992]]]}},{"type":"Feature","properties":{"partida":"057029221","cca":"057030R00000000000000000000001170000018000","tipo":"Urbano","sup_m2":461.9},"geometry":{"type":"Polygon","coordinates":[[[-58.643438,-34.396548],[-58.643344,-34.396594],[-58.643515,-34.396992],[-58.643612,-34.396964],[-58.643438,-34.396548]]]}},{"type":"Feature","properties":{"partida":"057029222","cca":"057030R00000000000000000000001170000019000","tipo":"Urbano","sup_m2":399.7},"geometry":{"type":"Polygon","coordinates":[[[-58.643476,-34.396638],[-58.643612,-34.396964],[-58.643715,-34.396934],[-58.643573,-34.39659],[-58.643476,-34.396638]]]}},{"type":"Feature","properties":{"partida":"057029223","cca":"057030R00000000000000000000001170000020000","tipo":"Urbano","sup_m2":330.7},"geometry":{"type":"Polygon","coordinates":[[[-58.643822,-34.396903],[-58.643706,-34.396623],[-58.643607,-34.396673],[-58.643715,-34.396934],[-58.643822,-34.396903]]]}},{"type":"Feature","properties":{"partida":"057029224","cca":"057030R00000000000000000000001170000021000","tipo":"Urbano","sup_m2":353.8},"geometry":{"type":"Polygon","coordinates":[[[-58.643795,-34.396837],[-58.643822,-34.396903],[-58.644133,-34.396814],[-58.644148,-34.396777],[-58.644086,-34.396691],[-58.643795,-34.396837]]]}},{"type":"Feature","properties":{"partida":"057029225","cca":"057030R00000000000000000000001170000022000","tipo":"Urbano","sup_m2":345.4},"geometry":{"type":"Polygon","coordinates":[[[-58.643795,-34.396837],[-58.644086,-34.396691],[-58.644022,-34.396602],[-58.643753,-34.396737],[-58.643795,-34.396837]]]}},{"type":"Feature","properties":{"partida":"057029226","cca":"057030R00000000000000000000001170000023000","tipo":"Urbano","sup_m2":357.5},"geometry":{"type":"Polygon","coordinates":[[[-58.643706,-34.396623],[-58.643753,-34.396737],[-58.644022,-34.396602],[-58.643949,-34.396502],[-58.643706,-34.396623]]]}},{"type":"Feature","properties":{"partida":"057029227","cca":"057030R00000000000000000000001170000024000","tipo":"Urbano","sup_m2":334.9},"geometry":{"type":"Polygon","coordinates":[[[-58.643949,-34.396502],[-58.643897,-34.39643],[-58.643573,-34.39659],[-58.643607,-34.396673],[-58.643949,-34.396502]]]}},{"type":"Feature","properties":{"partida":"057029228","cca":"057030R00000000000000000000001170000025000","tipo":"Urbano","sup_m2":453.9},"geometry":{"type":"Polygon","coordinates":[[[-58.64384,-34.396351],[-58.643438,-34.396548],[-58.643476,-34.396638],[-58.643897,-34.39643],[-58.64384,-34.396351]]]}},{"type":"Feature","properties":{"partida":"057029424","cca":"057030R00000000000000000000001170000026000","tipo":"Urbano","sup_m2":506.3},"geometry":{"type":"Polygon","coordinates":[[[-58.643785,-34.396275],[-58.643309,-34.396511],[-58.643344,-34.396594],[-58.64384,-34.396351],[-58.643785,-34.396275]]]}},{"type":"Feature","properties":{"partida":"057029425","cca":"057030R00000000000000000000001170000027000","tipo":"Urbano","sup_m2":508.8},"geometry":{"type":"Polygon","coordinates":[[[-58.643271,-34.396424],[-58.643309,-34.396511],[-58.643785,-34.396275],[-58.643728,-34.396196],[-58.643271,-34.396424]]]}},{"type":"Feature","properties":{"partida":"057029229","cca":"057030R00000000000000000000001170000028000","tipo":"Urbano","sup_m2":484.6},"geometry":{"type":"Polygon","coordinates":[[[-58.643671,-34.396118],[-58.643234,-34.396336],[-58.643271,-34.396424],[-58.643728,-34.396196],[-58.643671,-34.396118]]]}},{"type":"Feature","properties":{"partida":"057029230","cca":"057030R00000000000000000000001170000029000","tipo":"Urbano","sup_m2":376.4},"geometry":{"type":"Polygon","coordinates":[[[-58.643329,-34.396288],[-58.643671,-34.396118],[-58.643612,-34.396035],[-58.643291,-34.396197],[-58.643329,-34.396288]]]}},{"type":"Feature","properties":{"partida":"057029231","cca":"057030R00000000000000000000001170000030000","tipo":"Urbano","sup_m2":325.3},"geometry":{"type":"Polygon","coordinates":[[[-58.643254,-34.396111],[-58.643291,-34.396197],[-58.643612,-34.396035],[-58.643559,-34.395963],[-58.643254,-34.396111]]]}},{"type":"Feature","properties":{"partida":"057029309","cca":"057030R00000000000000000000001180000001000","tipo":"Urbano","sup_m2":305.4},"geometry":{"type":"Polygon","coordinates":[[[-58.642038,-34.396466],[-58.642343,-34.396318],[-58.642321,-34.396287],[-58.642271,-34.396274],[-58.641991,-34.396356],[-58.642038,-34.396466]]]}},{"type":"Feature","properties":{"partida":"057029310","cca":"057030R00000000000000000000001180000002000","tipo":"Urbano","sup_m2":351.8},"geometry":{"type":"Polygon","coordinates":[[[-58.642113,-34.396643],[-58.641991,-34.396356],[-58.641887,-34.396386],[-58.642017,-34.396691],[-58.642113,-34.396643]]]}},{"type":"Feature","properties":{"partida":"057029311","cca":"057030R00000000000000000000001180000003000","tipo":"Urbano","sup_m2":465.9},"geometry":{"type":"Polygon","coordinates":[[[-58.641787,-34.396416],[-58.64196,-34.396826],[-58.642055,-34.396779],[-58.641887,-34.396386],[-58.641787,-34.396416]]]}},{"type":"Feature","properties":{"partida":"057029312","cca":"057030R00000000000000000000001180000004000","tipo":"Urbano","sup_m2":410.6},"geometry":{"type":"Polygon","coordinates":[[[-58.641921,-34.396735],[-58.641787,-34.396416],[-58.641678,-34.396447],[-58.64182,-34.396786],[-58.641921,-34.396735]]]}},{"type":"Feature","properties":{"partida":"057029313","cca":"057030R00000000000000000000001180000005000","tipo":"Urbano","sup_m2":284.2},"geometry":{"type":"Polygon","coordinates":[[[-58.641582,-34.396476],[-58.641651,-34.396636],[-58.641697,-34.396744],[-58.641784,-34.3967],[-58.641678,-34.396447],[-58.641582,-34.396476]]]}},{"type":"Feature","properties":{"partida":"057029314","cca":"057030R00000000000000000000001180000006000","tipo":"Urbano","sup_m2":331.4},"geometry":{"type":"Polygon","coordinates":[[[-58.641609,-34.396539],[-58.641582,-34.396476],[-58.641277,-34.396565],[-58.64126,-34.396599],[-58.641319,-34.396681],[-58.641609,-34.396539]]]}},{"type":"Feature","properties":{"partida":"057029315","cca":"057030R00000000000000000000001180000007000","tipo":"Urbano","sup_m2":338.2},"geometry":{"type":"Polygon","coordinates":[[[-58.641651,-34.396636],[-58.641609,-34.396539],[-58.641319,-34.396681],[-58.641383,-34.396769],[-58.641651,-34.396636]]]}},{"type":"Feature","properties":{"partida":"057029316","cca":"057030R00000000000000000000001180000008000","tipo":"Urbano","sup_m2":343.9},"geometry":{"type":"Polygon","coordinates":[[[-58.641697,-34.396744],[-58.641651,-34.396636],[-58.641383,-34.396769],[-58.641454,-34.396867],[-58.641697,-34.396744]]]}},{"type":"Feature","properties":{"partida":"057029317","cca":"057030R00000000000000000000001180000009000","tipo":"Urbano","sup_m2":335.8},"geometry":{"type":"Polygon","coordinates":[[[-58.641784,-34.3967],[-58.641454,-34.396867],[-58.641508,-34.396941],[-58.64182,-34.396786],[-58.641784,-34.3967]]]}},{"type":"Feature","properties":{"partida":"057029318","cca":"057030R00000000000000000000001180000010000","tipo":"Urbano","sup_m2":453.0},"geometry":{"type":"Polygon","coordinates":[[[-58.641921,-34.396735],[-58.641508,-34.396941],[-58.641567,-34.397022],[-58.64196,-34.396826],[-58.641921,-34.396735]]]}},{"type":"Feature","properties":{"partida":"057029319","cca":"057030R00000000000000000000001180000011000","tipo":"Urbano","sup_m2":518.5},"geometry":{"type":"Polygon","coordinates":[[[-58.642092,-34.396866],[-58.642055,-34.396779],[-58.641567,-34.397022],[-58.641623,-34.3971],[-58.642092,-34.396866]]]}},{"type":"Feature","properties":{"partida":"057029320","cca":"057030R00000000000000000000001180000012000","tipo":"Urbano","sup_m2":466.1},"geometry":{"type":"Polygon","coordinates":[[[-58.642092,-34.396866],[-58.641623,-34.3971],[-58.641675,-34.397172],[-58.642128,-34.396949],[-58.642092,-34.396866]]]}},{"type":"Feature","properties":{"partida":"057029321","cca":"057030R00000000000000000000001180000013000","tipo":"Urbano","sup_m2":496.4},"geometry":{"type":"Polygon","coordinates":[[[-58.641735,-34.397253],[-58.642166,-34.397039],[-58.642128,-34.396949],[-58.641675,-34.397172],[-58.641735,-34.397253]]]}},{"type":"Feature","properties":{"partida":"057029322","cca":"057030R00000000000000000000001180000014000","tipo":"Urbano","sup_m2":358.7},"geometry":{"type":"Polygon","coordinates":[[[-58.642114,-34.397172],[-58.642076,-34.397084],[-58.641735,-34.397253],[-58.641791,-34.39733],[-58.642114,-34.397172]]]}},{"type":"Feature","properties":{"partida":"057029323","cca":"057030R00000000000000000000001180000015000","tipo":"Urbano","sup_m2":315.8},"geometry":{"type":"Polygon","coordinates":[[[-58.642149,-34.397255],[-58.642114,-34.397172],[-58.641791,-34.39733],[-58.641843,-34.397402],[-58.642149,-34.397255]]]}},{"type":"Feature","properties":{"partida":"057029324","cca":"057030R00000000000000000000001180000016000","tipo":"Urbano","sup_m2":344.3},"geometry":{"type":"Polygon","coordinates":[[[-58.642149,-34.397255],[-58.641843,-34.397402],[-58.641872,-34.397443],[-58.64192,-34.397457],[-58.6422,-34.397376],[-58.642149,-34.397255]]]}},{"type":"Feature","properties":{"partida":"057029325","cca":"057030R00000000000000000000001180000017000","tipo":"Urbano","sup_m2":336.7},"geometry":{"type":"Polygon","coordinates":[[[-58.642076,-34.397084],[-58.6422,-34.397376],[-58.642298,-34.397347],[-58.642166,-34.397039],[-58.642076,-34.397084]]]}},{"type":"Feature","properties":{"partida":"057029326","cca":"057030R00000000000000000000001180000018000","tipo":"Urbano","sup_m2":461.5},"geometry":{"type":"Polygon","coordinates":[[[-58.642222,-34.396903],[-58.642128,-34.396949],[-58.642298,-34.397347],[-58.642396,-34.397319],[-58.642222,-34.396903]]]}},{"type":"Feature","properties":{"partida":"057029327","cca":"057030R00000000000000000000001180000019000","tipo":"Urbano","sup_m2":399.7},"geometry":{"type":"Polygon","coordinates":[[[-58.642499,-34.397289],[-58.642357,-34.396945],[-58.642259,-34.396993],[-58.642396,-34.397319],[-58.642499,-34.397289]]]}},{"type":"Feature","properties":{"partida":"057029328","cca":"057030R00000000000000000000001180000020000","tipo":"Urbano","sup_m2":330.8},"geometry":{"type":"Polygon","coordinates":[[[-58.642606,-34.397259],[-58.64249,-34.396978],[-58.642391,-34.397028],[-58.642499,-34.397289],[-58.642606,-34.397259]]]}},{"type":"Feature","properties":{"partida":"057029329","cca":"057030R00000000000000000000001180000021000","tipo":"Urbano","sup_m2":353.8},"geometry":{"type":"Polygon","coordinates":[[[-58.642578,-34.397192],[-58.642606,-34.397259],[-58.642917,-34.397169],[-58.642932,-34.397132],[-58.64287,-34.397047],[-58.642578,-34.397192]]]}},{"type":"Feature","properties":{"partida":"057029330","cca":"057030R00000000000000000000001180000022000","tipo":"Urbano","sup_m2":345.4},"geometry":{"type":"Polygon","coordinates":[[[-58.64287,-34.397047],[-58.642805,-34.396957],[-58.642537,-34.397092],[-58.642578,-34.397192],[-58.64287,-34.397047]]]}},{"type":"Feature","properties":{"partida":"057029331","cca":"057030R00000000000000000000001180000023000","tipo":"Urbano","sup_m2":357.6},"geometry":{"type":"Polygon","coordinates":[[[-58.642733,-34.396857],[-58.64249,-34.396978],[-58.642537,-34.397092],[-58.642805,-34.396957],[-58.642733,-34.396857]]]}},{"type":"Feature","properties":{"partida":"057029332","cca":"057030R00000000000000000000001180000024000","tipo":"Urbano","sup_m2":334.7},"geometry":{"type":"Polygon","coordinates":[[[-58.642733,-34.396857],[-58.642681,-34.396785],[-58.642357,-34.396945],[-58.642391,-34.397028],[-58.642733,-34.396857]]]}},{"type":"Feature","properties":{"partida":"057029333","cca":"057030R00000000000000000000001180000025000","tipo":"Urbano","sup_m2":454.0},"geometry":{"type":"Polygon","coordinates":[[[-58.642624,-34.396706],[-58.642222,-34.396903],[-58.642259,-34.396993],[-58.642681,-34.396785],[-58.642624,-34.396706]]]}},{"type":"Feature","properties":{"partida":"057029334","cca":"057030R00000000000000000000001180000026000","tipo":"Urbano","sup_m2":506.3},"geometry":{"type":"Polygon","coordinates":[[[-58.642128,-34.396949],[-58.642624,-34.396706],[-58.642568,-34.39663],[-58.642092,-34.396866],[-58.642128,-34.396949]]]}},{"type":"Feature","properties":{"partida":"057029335","cca":"057030R00000000000000000000001180000027000","tipo":"Urbano","sup_m2":508.4},"geometry":{"type":"Polygon","coordinates":[[[-58.642511,-34.396551],[-58.642055,-34.396779],[-58.642092,-34.396866],[-58.642568,-34.39663],[-58.642511,-34.396551]]]}},{"type":"Feature","properties":{"partida":"057029336","cca":"057030R00000000000000000000001180000028000","tipo":"Urbano","sup_m2":484.8},"geometry":{"type":"Polygon","coordinates":[[[-58.642455,-34.396473],[-58.642017,-34.396691],[-58.642055,-34.396779],[-58.642511,-34.396551],[-58.642455,-34.396473]]]}},{"type":"Feature","properties":{"partida":"057029337","cca":"057030R00000000000000000000001180000029000","tipo":"Urbano","sup_m2":376.5},"geometry":{"type":"Polygon","coordinates":[[[-58.642396,-34.39639],[-58.642074,-34.396552],[-58.642113,-34.396643],[-58.642455,-34.396473],[-58.642396,-34.39639]]]}},{"type":"Feature","properties":{"partida":"057029338","cca":"057030R00000000000000000000001180000030000","tipo":"Urbano","sup_m2":325.2},"geometry":{"type":"Polygon","coordinates":[[[-58.642074,-34.396552],[-58.642396,-34.39639],[-58.642343,-34.396318],[-58.642038,-34.396466],[-58.642074,-34.396552]]]}},{"type":"Feature","properties":{"partida":"057029391","cca":"057030R00000000000000000000001190000001000","tipo":"Urbano","sup_m2":336.3},"geometry":{"type":"Polygon","coordinates":[[[-58.64085,-34.396827],[-58.641135,-34.396686],[-58.641103,-34.396642],[-58.641053,-34.396627],[-58.6408,-34.396701],[-58.64085,-34.396827]]]}},{"type":"Feature","properties":{"partida":"057029392","cca":"057030R00000000000000000000001190000002000","tipo":"Urbano","sup_m2":544.1},"geometry":{"type":"Polygon","coordinates":[[[-58.640889,-34.396923],[-58.6408,-34.396701],[-58.640565,-34.396768],[-58.640735,-34.396999],[-58.640889,-34.396923]]]}},{"type":"Feature","properties":{"partida":"057029393","cca":"057030R00000000000000000000001190000014000","tipo":"Urbano","sup_m2":492.6},"geometry":{"type":"Polygon","coordinates":[[[-58.641376,-34.397612],[-58.641276,-34.397365],[-58.641076,-34.397465],[-58.641217,-34.397658],[-58.641376,-34.397612]]]}},{"type":"Feature","properties":{"partida":"057029394","cca":"057030R00000000000000000000001190000015000","tipo":"Urbano","sup_m2":321.2},"geometry":{"type":"Polygon","coordinates":[[[-58.641353,-34.397555],[-58.641376,-34.397612],[-58.641696,-34.397518],[-58.641711,-34.397484],[-58.641656,-34.397407],[-58.641353,-34.397555]]]}},{"type":"Feature","properties":{"partida":"057029395","cca":"057030R00000000000000000000001190000016000","tipo":"Urbano","sup_m2":352.5},"geometry":{"type":"Polygon","coordinates":[[[-58.641353,-34.397555],[-58.641656,-34.397407],[-58.641592,-34.397318],[-58.641313,-34.397457],[-58.641353,-34.397555]]]}},{"type":"Feature","properties":{"partida":"057029396","cca":"057030R00000000000000000000001190000017000","tipo":"Urbano","sup_m2":306.4},"geometry":{"type":"Polygon","coordinates":[[[-58.641276,-34.397365],[-58.641313,-34.397457],[-58.641592,-34.397318],[-58.641532,-34.397236],[-58.641276,-34.397365]]]}},{"type":"Feature","properties":{"partida":"057029397","cca":"057030R00000000000000000000001190000018000","tipo":"Urbano","sup_m2":513.0},"geometry":{"type":"Polygon","coordinates":[[[-58.641076,-34.397465],[-58.641532,-34.397236],[-58.641474,-34.397155],[-58.641017,-34.397385],[-58.641076,-34.397465]]]}},{"type":"Feature","properties":{"partida":"057029398","cca":"057030R00000000000000000000001190000019000","tipo":"Urbano","sup_m2":503.7},"geometry":{"type":"Polygon","coordinates":[[[-58.641418,-34.397078],[-58.640958,-34.397304],[-58.641017,-34.397385],[-58.641474,-34.397155],[-58.641418,-34.397078]]]}},{"type":"Feature","properties":{"partida":"057029399","cca":"057030R00000000000000000000001190000020000","tipo":"Urbano","sup_m2":490.6},"geometry":{"type":"Polygon","coordinates":[[[-58.641362,-34.396999],[-58.640902,-34.397228],[-58.640958,-34.397304],[-58.641418,-34.397078],[-58.641362,-34.396999]]]}},{"type":"Feature","properties":{"partida":"057029400","cca":"057030R00000000000000000000001190000021000","tipo":"Urbano","sup_m2":485.4},"geometry":{"type":"Polygon","coordinates":[[[-58.641307,-34.396924],[-58.640847,-34.397152],[-58.640902,-34.397228],[-58.641362,-34.396999],[-58.641307,-34.396924]]]}},{"type":"Feature","properties":{"partida":"057029401","cca":"057030R00000000000000000000001190000022000","tipo":"Urbano","sup_m2":480.0},"geometry":{"type":"Polygon","coordinates":[[[-58.641307,-34.396924],[-58.641253,-34.396849],[-58.640791,-34.397077],[-58.640847,-34.397152],[-58.641307,-34.396924]]]}},{"type":"Feature","properties":{"partida":"057029402","cca":"057030R00000000000000000000001190000023000","tipo":"Urbano","sup_m2":499.4},"geometry":{"type":"Polygon","coordinates":[[[-58.641196,-34.396771],[-58.640735,-34.396999],[-58.640791,-34.397077],[-58.641253,-34.396849],[-58.641196,-34.396771]]]}},{"type":"Feature","properties":{"partida":"057029403","cca":"057030R00000000000000000000001190000024000","tipo":"Urbano","sup_m2":346.4},"geometry":{"type":"Polygon","coordinates":[[[-58.640889,-34.396923],[-58.641196,-34.396771],[-58.641135,-34.396686],[-58.64085,-34.396827],[-58.640889,-34.396923]]]}},{"type":"Feature","properties":{"partida":"057029182","cca":"057030R00000000000000000000001330000001000","tipo":"Urbano","sup_m2":286.1},"geometry":{"type":"Polygon","coordinates":[[[-58.643986,-34.397123],[-58.644286,-34.396977],[-58.644272,-34.396952],[-58.644226,-34.396936],[-58.643943,-34.397014],[-58.643986,-34.397123]]]}},{"type":"Feature","properties":{"partida":"057029183","cca":"057030R00000000000000000000001330000002000","tipo":"Urbano","sup_m2":336.8},"geometry":{"type":"Polygon","coordinates":[[[-58.643943,-34.397014],[-58.643839,-34.397044],[-58.643961,-34.397339],[-58.644058,-34.397292],[-58.643943,-34.397014]]]}},{"type":"Feature","properties":{"partida":"057029184","cca":"057030R00000000000000000000001330000003000","tipo":"Urbano","sup_m2":464.1},"geometry":{"type":"Polygon","coordinates":[[[-58.643996,-34.397428],[-58.643839,-34.397044],[-58.643735,-34.397073],[-58.643865,-34.397385],[-58.643898,-34.397474],[-58.643996,-34.397428]]]}},{"type":"Feature","properties":{"partida":"057029185","cca":"057030R00000000000000000000001330000004000","tipo":"Urbano","sup_m2":373.4},"geometry":{"type":"Polygon","coordinates":[[[-58.643771,-34.397427],[-58.643865,-34.397385],[-58.643735,-34.397073],[-58.64363,-34.397102],[-58.643771,-34.397427]]]}},{"type":"Feature","properties":{"partida":"057029418","cca":"057030R00000000000000000000001330000005000","tipo":"Urbano","sup_m2":277.5},"geometry":{"type":"Polygon","coordinates":[[[-58.643643,-34.39739],[-58.643735,-34.397346],[-58.64363,-34.397102],[-58.643535,-34.39713],[-58.643643,-34.39739]]]}},{"type":"Feature","properties":{"partida":"057029186","cca":"057030R00000000000000000000001330000006000","tipo":"Urbano","sup_m2":312.4},"geometry":{"type":"Polygon","coordinates":[[[-58.643559,-34.397189],[-58.643535,-34.39713],[-58.643222,-34.397221],[-58.643213,-34.397261],[-58.643261,-34.397331],[-58.643559,-34.397189]]]}},{"type":"Feature","properties":{"partida":"057029187","cca":"057030R00000000000000000000001330000007000","tipo":"Urbano","sup_m2":338.7},"geometry":{"type":"Polygon","coordinates":[[[-58.643323,-34.397418],[-58.6436,-34.397283],[-58.643559,-34.397189],[-58.643261,-34.397331],[-58.643323,-34.397418]]]}},{"type":"Feature","properties":{"partida":"057029188","cca":"057030R00000000000000000000001330000008000","tipo":"Urbano","sup_m2":350.4},"geometry":{"type":"Polygon","coordinates":[[[-58.643392,-34.397515],[-58.643643,-34.39739],[-58.6436,-34.397283],[-58.643323,-34.397418],[-58.643392,-34.397515]]]}},{"type":"Feature","properties":{"partida":"057029189","cca":"057030R00000000000000000000001330000009000","tipo":"Urbano","sup_m2":341.8},"geometry":{"type":"Polygon","coordinates":[[[-58.643446,-34.397589],[-58.643771,-34.397427],[-58.643735,-34.397346],[-58.643392,-34.397515],[-58.643446,-34.397589]]]}},{"type":"Feature","properties":{"partida":"057029190","cca":"057030R00000000000000000000001330000010000","tipo":"Urbano","sup_m2":449.6},"geometry":{"type":"Polygon","coordinates":[[[-58.643501,-34.397669],[-58.643898,-34.397474],[-58.643865,-34.397385],[-58.643771,-34.397427],[-58.643446,-34.397589],[-58.643501,-34.397669]]]}},{"type":"Feature","properties":{"partida":"057029416","cca":"057030R00000000000000000000001330000011000","tipo":"Urbano","sup_m2":554.2},"geometry":{"type":"Polygon","coordinates":[[[-58.644034,-34.397519],[-58.643996,-34.397428],[-58.643501,-34.397669],[-58.64356,-34.397753],[-58.644034,-34.397519]]]}},{"type":"Feature","properties":{"partida":"057029417","cca":"057030R00000000000000000000001330000012000","tipo":"Urbano","sup_m2":482.8},"geometry":{"type":"Polygon","coordinates":[[[-58.64407,-34.397605],[-58.644034,-34.397519],[-58.64356,-34.397753],[-58.643613,-34.397827],[-58.64407,-34.397605]]]}},{"type":"Feature","properties":{"partida":"057029191","cca":"057030R00000000000000000000001330000013000","tipo":"Urbano","sup_m2":486.5},"geometry":{"type":"Polygon","coordinates":[[[-58.643669,-34.397905],[-58.644105,-34.397697],[-58.64407,-34.397605],[-58.643613,-34.397827],[-58.643669,-34.397905]]]}},{"type":"Feature","properties":{"partida":"057029196","cca":"057030R00000000000000000000001330000018000","tipo":"Urbano","sup_m2":484.2},"geometry":{"type":"Polygon","coordinates":[[[-58.644165,-34.397559],[-58.64407,-34.397605],[-58.644105,-34.397697],[-58.644234,-34.398006],[-58.644337,-34.397977],[-58.644165,-34.397559]]]}},{"type":"Feature","properties":{"partida":"057029197","cca":"057030R00000000000000000000001330000019000","tipo":"Urbano","sup_m2":405.0},"geometry":{"type":"Polygon","coordinates":[[[-58.644442,-34.397949],[-58.6443,-34.3976],[-58.644203,-34.39765],[-58.644337,-34.397977],[-58.644442,-34.397949]]]}},{"type":"Feature","properties":{"partida":"057029198","cca":"057030R00000000000000000000001330000020000","tipo":"Urbano","sup_m2":319.4},"geometry":{"type":"Polygon","coordinates":[[[-58.644336,-34.397688],[-58.644442,-34.397949],[-58.644546,-34.397919],[-58.644433,-34.39764],[-58.644336,-34.397688]]]}},{"type":"Feature","properties":{"partida":"057029199","cca":"057030R00000000000000000000001330000021000","tipo":"Urbano","sup_m2":340.8},"geometry":{"type":"Polygon","coordinates":[[[-58.64452,-34.397854],[-58.644546,-34.397919],[-58.644862,-34.397829],[-58.644873,-34.397797],[-58.644811,-34.397712],[-58.64452,-34.397854]]]}},{"type":"Feature","properties":{"partida":"057029200","cca":"057030R00000000000000000000001330000022000","tipo":"Urbano","sup_m2":365.1},"geometry":{"type":"Polygon","coordinates":[[[-58.64452,-34.397854],[-58.644811,-34.397712],[-58.644744,-34.397617],[-58.644477,-34.397748],[-58.64452,-34.397854]]]}},{"type":"Feature","properties":{"partida":"057029201","cca":"057030R00000000000000000000001330000023000","tipo":"Urbano","sup_m2":335.6},"geometry":{"type":"Polygon","coordinates":[[[-58.644433,-34.39764],[-58.644477,-34.397748],[-58.644744,-34.397617],[-58.644675,-34.397521],[-58.644433,-34.39764]]]}},{"type":"Feature","properties":{"partida":"057029202","cca":"057030R00000000000000000000001330000024000","tipo":"Urbano","sup_m2":348.1},"geometry":{"type":"Polygon","coordinates":[[[-58.644336,-34.397688],[-58.644675,-34.397521],[-58.64462,-34.397445],[-58.6443,-34.3976],[-58.644336,-34.397688]]]}},{"type":"Feature","properties":{"partida":"057029203","cca":"057030R00000000000000000000001330000025000","tipo":"Urbano","sup_m2":453.7},"geometry":{"type":"Polygon","coordinates":[[[-58.644563,-34.397363],[-58.644165,-34.397559],[-58.644203,-34.39765],[-58.64462,-34.397445],[-58.644563,-34.397363]]]}},{"type":"Feature","properties":{"partida":"057029204","cca":"057030R00000000000000000000001330000026000","tipo":"Urbano","sup_m2":505.9},"geometry":{"type":"Polygon","coordinates":[[[-58.64407,-34.397605],[-58.644563,-34.397363],[-58.64451,-34.397288],[-58.644034,-34.397519],[-58.64407,-34.397605]]]}},{"type":"Feature","properties":{"partida":"057029205","cca":"057030R00000000000000000000001330000027000","tipo":"Urbano","sup_m2":521.7},"geometry":{"type":"Polygon","coordinates":[[[-58.643996,-34.397428],[-58.644034,-34.397519],[-58.64451,-34.397288],[-58.644453,-34.397206],[-58.643996,-34.397428]]]}},{"type":"Feature","properties":{"partida":"057029206","cca":"057030R00000000000000000000001330000028000","tipo":"Urbano","sup_m2":480.2},"geometry":{"type":"Polygon","coordinates":[[[-58.644397,-34.397129],[-58.643961,-34.397339],[-58.643996,-34.397428],[-58.644453,-34.397206],[-58.644397,-34.397129]]]}},{"type":"Feature","properties":{"partida":"057029207","cca":"057030R00000000000000000000001330000029000","tipo":"Urbano","sup_m2":338.9},"geometry":{"type":"Polygon","coordinates":[[[-58.644397,-34.397129],[-58.644342,-34.397053],[-58.644023,-34.397209],[-58.644058,-34.397292],[-58.644397,-34.397129]]]}},{"type":"Feature","properties":{"partida":"057029208","cca":"057030R00000000000000000000001330000030000","tipo":"Urbano","sup_m2":328.8},"geometry":{"type":"Polygon","coordinates":[[[-58.644286,-34.396977],[-58.643986,-34.397123],[-58.644023,-34.397209],[-58.644342,-34.397053],[-58.644286,-34.396977]]]}},{"type":"Feature","properties":{"partida":"057029285","cca":"057030R00000000000000000000001340000001000","tipo":"Urbano","sup_m2":305.1},"geometry":{"type":"Polygon","coordinates":[[[-58.642768,-34.397482],[-58.643069,-34.397332],[-58.643045,-34.3973],[-58.643002,-34.397289],[-58.642719,-34.397371],[-58.642768,-34.397482]]]}},{"type":"Feature","properties":{"partida":"057029286","cca":"057030R00000000000000000000001340000002000","tipo":"Urbano","sup_m2":332.2},"geometry":{"type":"Polygon","coordinates":[[[-58.642839,-34.397655],[-58.642719,-34.397371],[-58.64262,-34.3974],[-58.642747,-34.397699],[-58.642839,-34.397655]]]}},{"type":"Feature","properties":{"partida":"057029439","cca":"057030R00000000000000000000001340000003000","tipo":"Urbano","sup_m2":468.6},"geometry":{"type":"Polygon","coordinates":[[[-58.642518,-34.39743],[-58.642688,-34.397836],[-58.642786,-34.397788],[-58.64262,-34.3974],[-58.642518,-34.39743]]]}},{"type":"Feature","properties":{"partida":"057029287","cca":"057030R00000000000000000000001340000004000","tipo":"Urbano","sup_m2":403.0},"geometry":{"type":"Polygon","coordinates":[[[-58.64255,-34.397797],[-58.642651,-34.397747],[-58.642518,-34.39743],[-58.642411,-34.397461],[-58.64255,-34.397797]]]}},{"type":"Feature","properties":{"partida":"057029288","cca":"057030R00000000000000000000001340000005000","tipo":"Urbano","sup_m2":319.0},"geometry":{"type":"Polygon","coordinates":[[[-58.642417,-34.397762],[-58.642515,-34.397713],[-58.642411,-34.397461],[-58.642304,-34.397492],[-58.642417,-34.397762]]]}},{"type":"Feature","properties":{"partida":"057029289","cca":"057030R00000000000000000000001340000006000","tipo":"Urbano","sup_m2":320.8},"geometry":{"type":"Polygon","coordinates":[[[-58.642046,-34.397696],[-58.642328,-34.397553],[-58.642304,-34.397492],[-58.642001,-34.397579],[-58.641986,-34.397612],[-58.642046,-34.397696]]]}},{"type":"Feature","properties":{"partida":"057029290","cca":"057030R00000000000000000000001340000007000","tipo":"Urbano","sup_m2":323.7},"geometry":{"type":"Polygon","coordinates":[[[-58.642107,-34.39778],[-58.642371,-34.39765],[-58.642328,-34.397553],[-58.642046,-34.397696],[-58.642107,-34.39778]]]}},{"type":"Feature","properties":{"partida":"057029291","cca":"057030R00000000000000000000001340000008000","tipo":"Urbano","sup_m2":345.4},"geometry":{"type":"Polygon","coordinates":[[[-58.642417,-34.397762],[-58.642371,-34.39765],[-58.642107,-34.39778],[-58.642179,-34.397879],[-58.642417,-34.397762]]]}},{"type":"Feature","properties":{"partida":"057029292","cca":"057030R00000000000000000000001340000009000","tipo":"Urbano","sup_m2":337.7},"geometry":{"type":"Polygon","coordinates":[[[-58.64255,-34.397797],[-58.642515,-34.397713],[-58.642179,-34.397879],[-58.642233,-34.397954],[-58.64255,-34.397797]]]}},{"type":"Feature","properties":{"partida":"057029304","cca":"057030R00000000000000000000001340000026000","tipo":"Urbano","sup_m2":511.7},"geometry":{"type":"Polygon","coordinates":[[[-58.642822,-34.397874],[-58.642859,-34.397963],[-58.642948,-34.397915],[-58.643346,-34.39772],[-58.64329,-34.397641],[-58.642822,-34.397874]]]}},{"type":"Feature","properties":{"partida":"057029305","cca":"057030R00000000000000000000001340000027000","tipo":"Urbano","sup_m2":488.2},"geometry":{"type":"Polygon","coordinates":[[[-58.642786,-34.397788],[-58.642822,-34.397874],[-58.64329,-34.397641],[-58.643235,-34.397564],[-58.642786,-34.397788]]]}},{"type":"Feature","properties":{"partida":"057029306","cca":"057030R00000000000000000000001340000028000","tipo":"Urbano","sup_m2":481.7},"geometry":{"type":"Polygon","coordinates":[[[-58.643179,-34.397485],[-58.642747,-34.397699],[-58.642786,-34.397788],[-58.643235,-34.397564],[-58.643179,-34.397485]]]}},{"type":"Feature","properties":{"partida":"057029307","cca":"057030R00000000000000000000001340000029000","tipo":"Urbano","sup_m2":339.2},"geometry":{"type":"Polygon","coordinates":[[[-58.643125,-34.397411],[-58.642804,-34.397571],[-58.642839,-34.397655],[-58.643179,-34.397485],[-58.643125,-34.397411]]]}},{"type":"Feature","properties":{"partida":"057029308","cca":"057030R00000000000000000000001340000030000","tipo":"Urbano","sup_m2":338.9},"geometry":{"type":"Polygon","coordinates":[[[-58.643125,-34.397411],[-58.643069,-34.397332],[-58.642768,-34.397482],[-58.642804,-34.397571],[-58.643125,-34.397411]]]}},{"type":"Feature","properties":{"partida":"057029380","cca":"057030R00000000000000000000001350000001000","tipo":"Urbano","sup_m2":318.0},"geometry":{"type":"Polygon","coordinates":[[[-58.641581,-34.39784],[-58.641866,-34.397703],[-58.641833,-34.397661],[-58.641792,-34.397646],[-58.641532,-34.397721],[-58.641581,-34.39784]]]}},{"type":"Feature","properties":{"partida":"057029390","cca":"057030R00000000000000000000001350000024000","tipo":"Urbano","sup_m2":339.7},"geometry":{"type":"Polygon","coordinates":[[[-58.64162,-34.397934],[-58.641926,-34.397787],[-58.641866,-34.397703],[-58.641581,-34.39784],[-58.64162,-34.397934]]]}},{"type":"Feature","properties":{"partida":"057005404","cca":"057030R0000000002500000000000000000000100A","tipo":"Urbano","sup_m2":22308.7},"geometry":{"type":"Polygon","coordinates":[[[-58.6367,-34.386478],[-58.63406,-34.387168],[-58.634024,-34.387202],[-58.634059,-34.387518],[-58.634294,-34.387842],[-58.634354,-34.387864],[-58.634808,-34.38774],[-58.635021,-34.387687],[-58.637146,-34.387133],[-58.637157,-34.387079],[-58.637051,-34.386922],[-58.636945,-34.386773],[-58.63684,-34.386614],[-58.636761,-34.386502],[-58.6367,-34.386478]]]}},{"type":"Feature","properties":{"partida":"057126011","cca":"057030R0000000002500000000000000000000200A","tipo":"Urbano","sup_m2":28358.1},"geometry":{"type":"Polygon","coordinates":[[[-58.636642,-34.391567],[-58.636845,-34.3915],[-58.635479,-34.389596],[-58.638391,-34.388831],[-58.638248,-34.388656],[-58.638232,-34.388713],[-58.637156,-34.388994],[-58.636532,-34.389161],[-58.636116,-34.389267],[-58.635429,-34.389451],[-58.635366,-34.389429],[-58.635058,-34.389015],[-58.634943,-34.388856],[-58.634964,-34.388808],[-58.636058,-34.388522],[-58.637791,-34.388064],[-58.637856,-34.388091],[-58.637699,-34.387834],[-58.637689,-34.387889],[-58.6368,-34.388131],[-58.635753,-34.388424],[-58.635324,-34.388538],[-58.635108,-34.388602],[-58.634858,-34.388669],[-58.634786,-34.388646],[-58.634479,-34.388211],[-58.634374,-34.388056],[-58.634388,-34.388008],[-58.637232,-34.387232],[-58.637294,-34.387255],[-58.637157,-34.387079],[-58.637146,-34.387133],[-58.635021,-34.387687],[-58.634808,-34.38774],[-58.634354,-34.387864],[-58.634294,-34.387842],[-58.634059,-34.387518],[-58.634024,-34.387202],[-58.63406,-34.387168],[-58.6367,-34.386478],[-58.636761,-34.386502],[-58.636647,-34.386361],[-58.634006,-34.38705],[-58.633938,-34.387781],[-58.636642,-34.391567]]]}},{"type":"Feature","properties":{"partida":"057066073","cca":"057030R0000000003600000000000000000000100A","tipo":"Urbano","sup_m2":23394.3},"geometry":{"type":"Polygon","coordinates":[[[-58.637232,-34.387232],[-58.634388,-34.388008],[-58.634374,-34.388056],[-58.634479,-34.388211],[-58.634786,-34.388646],[-58.634858,-34.388669],[-58.635108,-34.388602],[-58.635324,-34.388538],[-58.635753,-34.388424],[-58.6368,-34.388131],[-58.637689,-34.387889],[-58.637699,-34.387834],[-58.637594,-34.387678],[-58.637294,-34.387255],[-58.637232,-34.387232]]]}},{"type":"Feature","properties":{"partida":"057076230","cca":"057030R00000000048000000000000000000001000","tipo":"Urbano","sup_m2":732.6},"geometry":{"type":"Polygon","coordinates":[[[-58.637585,-34.388358],[-58.63793,-34.3882],[-58.637856,-34.388091],[-58.637791,-34.388064],[-58.637501,-34.38814],[-58.637585,-34.388358]]]}},{"type":"Feature","properties":{"partida":"057076231","cca":"057030R00000000048000000000000000000002000","tipo":"Urbano","sup_m2":807.5},"geometry":{"type":"Polygon","coordinates":[[[-58.637301,-34.388193],[-58.637439,-34.388552],[-58.637638,-34.388501],[-58.637501,-34.38814],[-58.637301,-34.388193]]]}},{"type":"Feature","properties":{"partida":"057076232","cca":"057030R00000000048000000000000000000003000","tipo":"Urbano","sup_m2":838.4},"geometry":{"type":"Polygon","coordinates":[[[-58.637439,-34.388552],[-58.637301,-34.388193],[-58.637096,-34.388249],[-58.637232,-34.388611],[-58.637439,-34.388552]]]}},{"type":"Feature","properties":{"partida":"057076233","cca":"057030R00000000048000000000000000000004000","tipo":"Urbano","sup_m2":827.7},"geometry":{"type":"Polygon","coordinates":[[[-58.637232,-34.388611],[-58.637096,-34.388249],[-58.636885,-34.388304],[-58.637033,-34.388661],[-58.637232,-34.388611]]]}},{"type":"Feature","properties":{"partida":"057076234","cca":"057030R00000000048000000000000000000005000","tipo":"Urbano","sup_m2":852.2},"geometry":{"type":"Polygon","coordinates":[[[-58.636813,-34.388714],[-58.637033,-34.388661],[-58.636885,-34.388304],[-58.636679,-34.388358],[-58.636813,-34.388714]]]}},{"type":"Feature","properties":{"partida":"057076235","cca":"057030R00000000048000000000000000000006000","tipo":"Urbano","sup_m2":831.5},"geometry":{"type":"Polygon","coordinates":[[[-58.636611,-34.388771],[-58.636813,-34.388714],[-58.636679,-34.388358],[-58.636469,-34.388413],[-58.636611,-34.388771]]]}},{"type":"Feature","properties":{"partida":"057076236","cca":"057030R00000000048000000000000000000007000","tipo":"Urbano","sup_m2":830.7},"geometry":{"type":"Polygon","coordinates":[[[-58.636401,-34.388824],[-58.636611,-34.388771],[-58.636469,-34.388413],[-58.636265,-34.388467],[-58.636401,-34.388824]]]}},{"type":"Feature","properties":{"partida":"057076237","cca":"057030R00000000048000000000000000000008000","tipo":"Urbano","sup_m2":826.7},"geometry":{"type":"Polygon","coordinates":[[[-58.636058,-34.388522],[-58.636195,-34.388878],[-58.636401,-34.388824],[-58.636265,-34.388467],[-58.636058,-34.388522]]]}},{"type":"Feature","properties":{"partida":"057076238","cca":"057030R00000000048000000000000000000009000","tipo":"Urbano","sup_m2":837.9},"geometry":{"type":"Polygon","coordinates":[[[-58.636195,-34.388878],[-58.636058,-34.388522],[-58.635852,-34.388575],[-58.635988,-34.388939],[-58.636195,-34.388878]]]}},{"type":"Feature","properties":{"partida":"057076239","cca":"057030R00000000048000000000000000000010000","tipo":"Urbano","sup_m2":870.4},"geometry":{"type":"Polygon","coordinates":[[[-58.635771,-34.388991],[-58.635988,-34.388939],[-58.635852,-34.388575],[-58.635638,-34.388632],[-58.635771,-34.388991]]]}},{"type":"Feature","properties":{"partida":"057076240","cca":"057030R00000000048000000000000000000011000","tipo":"Urbano","sup_m2":846.7},"geometry":{"type":"Polygon","coordinates":[[[-58.635541,-34.38899],[-58.635565,-34.389047],[-58.635771,-34.388991],[-58.635638,-34.388632],[-58.635428,-34.388688],[-58.635541,-34.38899]]]}},{"type":"Feature","properties":{"partida":"057076241","cca":"057030R00000000048000000000000000000012000","tipo":"Urbano","sup_m2":921.8},"geometry":{"type":"Polygon","coordinates":[[[-58.635058,-34.389015],[-58.635476,-34.388819],[-58.635428,-34.388688],[-58.634964,-34.388808],[-58.634943,-34.388856],[-58.635058,-34.389015]]]}},{"type":"Feature","properties":{"partida":"057076242","cca":"057030R00000000048000000000000000000013000","tipo":"Urbano","sup_m2":824.4},"geometry":{"type":"Polygon","coordinates":[[[-58.635476,-34.388819],[-58.635058,-34.389015],[-58.635174,-34.389169],[-58.635541,-34.38899],[-58.635476,-34.388819]]]}},{"type":"Feature","properties":{"partida":"057076243","cca":"057030R00000000048000000000000000000014000","tipo":"Urbano","sup_m2":698.6},"geometry":{"type":"Polygon","coordinates":[[[-58.635607,-34.389156],[-58.635541,-34.38899],[-58.635174,-34.389169],[-58.63528,-34.389313],[-58.635607,-34.389156]]]}},{"type":"Feature","properties":{"partida":"057076244","cca":"057030R00000000048000000000000000000015000","tipo":"Urbano","sup_m2":712.1},"geometry":{"type":"Polygon","coordinates":[[[-58.635607,-34.389156],[-58.63528,-34.389313],[-58.635366,-34.389429],[-58.635429,-34.389451],[-58.635694,-34.38938],[-58.635607,-34.389156]]]}},{"type":"Feature","properties":{"partida":"057076245","cca":"057030R00000000048000000000000000000016000","tipo":"Urbano","sup_m2":776.5},"geometry":{"type":"Polygon","coordinates":[[[-58.635771,-34.388991],[-58.635565,-34.389047],[-58.635694,-34.38938],[-58.635902,-34.389324],[-58.635771,-34.388991]]]}},{"type":"Feature","properties":{"partida":"057076246","cca":"057030R00000000048000000000000000000017000","tipo":"Urbano","sup_m2":799.2},"geometry":{"type":"Polygon","coordinates":[[[-58.635988,-34.388939],[-58.635771,-34.388991],[-58.635902,-34.389324],[-58.636116,-34.389267],[-58.635988,-34.388939]]]}},{"type":"Feature","properties":{"partida":"057076247","cca":"057030R00000000048000000000000000000018000","tipo":"Urbano","sup_m2":777.7},"geometry":{"type":"Polygon","coordinates":[[[-58.636324,-34.389213],[-58.636195,-34.388878],[-58.635988,-34.388939],[-58.636116,-34.389267],[-58.636324,-34.389213]]]}},{"type":"Feature","properties":{"partida":"057076248","cca":"057030R00000000048000000000000000000019000","tipo":"Urbano","sup_m2":780.9},"geometry":{"type":"Polygon","coordinates":[[[-58.636532,-34.389161],[-58.636401,-34.388824],[-58.636195,-34.388878],[-58.636324,-34.389213],[-58.636532,-34.389161]]]}},{"type":"Feature","properties":{"partida":"057076249","cca":"057030R00000000048000000000000000000020000","tipo":"Urbano","sup_m2":780.2},"geometry":{"type":"Polygon","coordinates":[[[-58.636611,-34.388771],[-58.636401,-34.388824],[-58.636532,-34.389161],[-58.636737,-34.389106],[-58.636611,-34.388771]]]}},{"type":"Feature","properties":{"partida":"057076250","cca":"057030R00000000048000000000000000000021000","tipo":"Urbano","sup_m2":773.4},"geometry":{"type":"Polygon","coordinates":[[[-58.636944,-34.38905],[-58.636813,-34.388714],[-58.636611,-34.388771],[-58.636737,-34.389106],[-58.636944,-34.38905]]]}},{"type":"Feature","properties":{"partida":"057076251","cca":"057030R00000000048000000000000000000022000","tipo":"Urbano","sup_m2":808.3},"geometry":{"type":"Polygon","coordinates":[[[-58.637033,-34.388661],[-58.636813,-34.388714],[-58.636944,-34.38905],[-58.637156,-34.388994],[-58.637033,-34.388661]]]}},{"type":"Feature","properties":{"partida":"057076252","cca":"057030R00000000048000000000000000000023000","tipo":"Urbano","sup_m2":756.0},"geometry":{"type":"Polygon","coordinates":[[[-58.637232,-34.388611],[-58.637033,-34.388661],[-58.637156,-34.388994],[-58.637363,-34.388941],[-58.637232,-34.388611]]]}},{"type":"Feature","properties":{"partida":"057076253","cca":"057030R00000000048000000000000000000024000","tipo":"Urbano","sup_m2":775.3},"geometry":{"type":"Polygon","coordinates":[[[-58.637232,-34.388611],[-58.637363,-34.388941],[-58.637569,-34.388886],[-58.637439,-34.388552],[-58.637232,-34.388611]]]}},{"type":"Feature","properties":{"partida":"057076254","cca":"057030R00000000048000000000000000000025000","tipo":"Urbano","sup_m2":761.1},"geometry":{"type":"Polygon","coordinates":[[[-58.637569,-34.388886],[-58.637773,-34.388834],[-58.637656,-34.388535],[-58.637638,-34.388501],[-58.637439,-34.388552],[-58.637569,-34.388886]]]}},{"type":"Feature","properties":{"partida":"057076255","cca":"057030R00000000048000000000000000000026000","tipo":"Urbano","sup_m2":918.6},"geometry":{"type":"Polygon","coordinates":[[[-58.638139,-34.388504],[-58.637721,-34.388704],[-58.637773,-34.388834],[-58.638232,-34.388713],[-58.638248,-34.388656],[-58.638139,-34.388504]]]}},{"type":"Feature","properties":{"partida":"057076256","cca":"057030R00000000048000000000000000000027000","tipo":"Urbano","sup_m2":808.5},"geometry":{"type":"Polygon","coordinates":[[[-58.638139,-34.388504],[-58.638036,-34.388356],[-58.637656,-34.388535],[-58.637721,-34.388704],[-58.638139,-34.388504]]]}},{"type":"Feature","properties":{"partida":"057066074","cca":"057030R00000000048000000000000000000028000","tipo":"Urbano","sup_m2":771.3},"geometry":{"type":"Polygon","coordinates":[[[-58.638036,-34.388356],[-58.63793,-34.3882],[-58.637585,-34.388358],[-58.637638,-34.388501],[-58.637656,-34.388535],[-58.638036,-34.388356]]]}},{"type":"Feature","properties":{"partida":"057032811","cca":"057030R0000000009400A000000000000000001000","tipo":"Urbano","sup_m2":558.3},"geometry":{"type":"Polygon","coordinates":[[[-58.638284,-34.394248],[-58.638455,-34.394157],[-58.638323,-34.39397],[-58.638259,-34.393951],[-58.638105,-34.394001],[-58.638284,-34.394248]]]}},{"type":"Feature","properties":{"partida":"057032810","cca":"057030R0000000009400A000000000000000002000","tipo":"Urbano","sup_m2":752.4},"geometry":{"type":"Polygon","coordinates":[[[-58.638105,-34.394001],[-58.63788,-34.394071],[-58.638076,-34.394353],[-58.638284,-34.394248],[-58.638105,-34.394001]]]}},{"type":"Feature","properties":{"partida":"057032809","cca":"057030R0000000009400A000000000000000003000","tipo":"Urbano","sup_m2":736.2},"geometry":{"type":"Polygon","coordinates":[[[-58.637899,-34.394442],[-58.638076,-34.394353],[-58.63788,-34.394071],[-58.637675,-34.394136],[-58.637899,-34.394442]]]}},{"type":"Feature","properties":{"partida":"057032808","cca":"057030R0000000009400A000000000000000004000","tipo":"Urbano","sup_m2":777.7},"geometry":{"type":"Polygon","coordinates":[[[-58.637899,-34.394442],[-58.637675,-34.394136],[-58.637519,-34.394186],[-58.637509,-34.39424],[-58.637724,-34.394532],[-58.637899,-34.394442]]]}},{"type":"Feature","properties":{"partida":"057032807","cca":"057030R0000000009400A000000000000000005000","tipo":"Urbano","sup_m2":757.1},"geometry":{"type":"Polygon","coordinates":[[[-58.638193,-34.394502],[-58.638076,-34.394353],[-58.637724,-34.394532],[-58.637839,-34.394684],[-58.638193,-34.394502]]]}},{"type":"Feature","properties":{"partida":"057032806","cca":"057030R0000000009400A000000000000000006000","tipo":"Urbano","sup_m2":782.8},"geometry":{"type":"Polygon","coordinates":[[[-58.638307,-34.394658],[-58.638193,-34.394502],[-58.637839,-34.394684],[-58.637955,-34.394843],[-58.638307,-34.394658]]]}},{"type":"Feature","properties":{"partida":"057032805","cca":"057030R0000000009400A000000000000000007000","tipo":"Urbano","sup_m2":775.6},"geometry":{"type":"Polygon","coordinates":[[[-58.638072,-34.394998],[-58.638423,-34.394813],[-58.638307,-34.394658],[-58.637955,-34.394843],[-58.638072,-34.394998]]]}},{"type":"Feature","properties":{"partida":"057032804","cca":"057030R0000000009400A000000000000000008000","tipo":"Urbano","sup_m2":759.7},"geometry":{"type":"Polygon","coordinates":[[[-58.638537,-34.394964],[-58.638423,-34.394813],[-58.638072,-34.394998],[-58.638182,-34.395151],[-58.638537,-34.394964]]]}},{"type":"Feature","properties":{"partida":"057032803","cca":"057030R0000000009400A000000000000000009000","tipo":"Urbano","sup_m2":766.9},"geometry":{"type":"Polygon","coordinates":[[[-58.638537,-34.394964],[-58.638182,-34.395151],[-58.638296,-34.395304],[-58.638647,-34.395118],[-58.638537,-34.394964]]]}},{"type":"Feature","properties":{"partida":"057032802","cca":"057030R0000000009400A000000000000000010000","tipo":"Urbano","sup_m2":761.2},"geometry":{"type":"Polygon","coordinates":[[[-58.638761,-34.395271],[-58.638647,-34.395118],[-58.638296,-34.395304],[-58.638409,-34.395456],[-58.638761,-34.395271]]]}},{"type":"Feature","properties":{"partida":"057032801","cca":"057030R0000000009400A000000000000000011000","tipo":"Urbano","sup_m2":769.5},"geometry":{"type":"Polygon","coordinates":[[[-58.638876,-34.395425],[-58.638761,-34.395271],[-58.638409,-34.395456],[-58.638521,-34.395609],[-58.638876,-34.395425]]]}},{"type":"Feature","properties":{"partida":"057032800","cca":"057030R0000000009400A000000000000000012000","tipo":"Urbano","sup_m2":572.8},"geometry":{"type":"Polygon","coordinates":[[[-58.638877,-34.395784],[-58.638689,-34.395523],[-58.638521,-34.395609],[-58.638667,-34.395814],[-58.638732,-34.395828],[-58.638877,-34.395784]]]}},{"type":"Feature","properties":{"partida":"057032799","cca":"057030R0000000009400A000000000000000013000","tipo":"Urbano","sup_m2":730.3},"geometry":{"type":"Polygon","coordinates":[[[-58.638689,-34.395523],[-58.638877,-34.395784],[-58.639088,-34.395716],[-58.638876,-34.395425],[-58.638689,-34.395523]]]}},{"type":"Feature","properties":{"partida":"057032798","cca":"057030R0000000009400A000000000000000014000","tipo":"Urbano","sup_m2":792.3},"geometry":{"type":"Polygon","coordinates":[[[-58.638876,-34.395425],[-58.639088,-34.395716],[-58.639292,-34.395651],[-58.63906,-34.395328],[-58.638876,-34.395425]]]}},{"type":"Feature","properties":{"partida":"057024695","cca":"057030R0000000009400A000000000000000015000","tipo":"Urbano","sup_m2":945.3},"geometry":{"type":"Polygon","coordinates":[[[-58.63906,-34.395328],[-58.639292,-34.395651],[-58.639481,-34.39559],[-58.639499,-34.395545],[-58.639255,-34.395227],[-58.63906,-34.395328]]]}},{"type":"Feature","properties":{"partida":"057032818","cca":"057030R0000000009400A000000000000000016000","tipo":"Urbano","sup_m2":832.5},"geometry":{"type":"Polygon","coordinates":[[[-58.638876,-34.395425],[-58.639255,-34.395227],[-58.639139,-34.39507],[-58.638761,-34.395271],[-58.638876,-34.395425]]]}},{"type":"Feature","properties":{"partida":"057032817","cca":"057030R0000000009400A000000000000000017000","tipo":"Urbano","sup_m2":831.6},"geometry":{"type":"Polygon","coordinates":[[[-58.638647,-34.395118],[-58.638761,-34.395271],[-58.639139,-34.39507],[-58.639023,-34.394915],[-58.638647,-34.395118]]]}},{"type":"Feature","properties":{"partida":"057032816","cca":"057030R0000000009400A000000000000000018000","tipo":"Urbano","sup_m2":803.2},"geometry":{"type":"Polygon","coordinates":[[[-58.638537,-34.394964],[-58.638647,-34.395118],[-58.639023,-34.394915],[-58.638912,-34.394768],[-58.638537,-34.394964]]]}},{"type":"Feature","properties":{"partida":"057032815","cca":"057030R0000000009400A000000000000000019000","tipo":"Urbano","sup_m2":808.5},"geometry":{"type":"Polygon","coordinates":[[[-58.638537,-34.394964],[-58.638912,-34.394768],[-58.638798,-34.394616],[-58.638423,-34.394813],[-58.638537,-34.394964]]]}},{"type":"Feature","properties":{"partida":"057032814","cca":"057030R0000000009400A000000000000000020000","tipo":"Urbano","sup_m2":839.3},"geometry":{"type":"Polygon","coordinates":[[[-58.638681,-34.394455],[-58.638307,-34.394658],[-58.638423,-34.394813],[-58.638798,-34.394616],[-58.638681,-34.394455]]]}},{"type":"Feature","properties":{"partida":"057032813","cca":"057030R0000000009400A000000000000000021000","tipo":"Urbano","sup_m2":818.1},"geometry":{"type":"Polygon","coordinates":[[[-58.638569,-34.394304],[-58.638193,-34.394502],[-58.638307,-34.394658],[-58.638681,-34.394455],[-58.638569,-34.394304]]]}},{"type":"Feature","properties":{"partida":"057032812","cca":"057030R0000000009400A000000000000000022000","tipo":"Urbano","sup_m2":800.2},"geometry":{"type":"Polygon","coordinates":[[[-58.638076,-34.394353],[-58.638193,-34.394502],[-58.638569,-34.394304],[-58.638455,-34.394157],[-58.638284,-34.394248],[-58.638076,-34.394353]]]}},{"type":"Feature","properties":{"partida":"057032833","cca":"057030R0000000009400B000000000000000001000","tipo":"Urbano","sup_m2":537.0},"geometry":{"type":"Polygon","coordinates":[[[-58.637239,-34.394523],[-58.637402,-34.394442],[-58.637263,-34.394251],[-58.637194,-34.39423],[-58.637051,-34.394273],[-58.637239,-34.394523]]]}},{"type":"Feature","properties":{"partida":"057032832","cca":"057030R0000000009400B000000000000000002000","tipo":"Urbano","sup_m2":709.5},"geometry":{"type":"Polygon","coordinates":[[[-58.637046,-34.394619],[-58.637239,-34.394523],[-58.637051,-34.394273],[-58.63684,-34.394337],[-58.637046,-34.394619]]]}},{"type":"Feature","properties":{"partida":"057032831","cca":"057030R0000000009400B000000000000000003000","tipo":"Urbano","sup_m2":825.0},"geometry":{"type":"Polygon","coordinates":[[[-58.637046,-34.394619],[-58.63684,-34.394337],[-58.636617,-34.394405],[-58.636843,-34.394715],[-58.637046,-34.394619]]]}},{"type":"Feature","properties":{"partida":"057032830","cca":"057030R0000000009400B000000000000000004000","tipo":"Urbano","sup_m2":850.2},"geometry":{"type":"Polygon","coordinates":[[[-58.636655,-34.394811],[-58.636843,-34.394715],[-58.636617,-34.394405],[-58.636448,-34.394458],[-58.636426,-34.394498],[-58.636655,-34.394811]]]}},{"type":"Feature","properties":{"partida":"057032829","cca":"057030R0000000009400B000000000000000005000","tipo":"Urbano","sup_m2":865.0},"geometry":{"type":"Polygon","coordinates":[[[-58.637162,-34.394775],[-58.637046,-34.394619],[-58.636843,-34.394715],[-58.636655,-34.394811],[-58.63677,-34.39497],[-58.637162,-34.394775]]]}},{"type":"Feature","properties":{"partida":"057032828","cca":"057030R0000000009400B000000000000000006000","tipo":"Urbano","sup_m2":857.3},"geometry":{"type":"Polygon","coordinates":[[[-58.637277,-34.394935],[-58.637162,-34.394775],[-58.63677,-34.39497],[-58.636888,-34.395125],[-58.637277,-34.394935]]]}},{"type":"Feature","properties":{"partida":"057032827","cca":"057030R0000000009400B000000000000000007000","tipo":"Urbano","sup_m2":840.3},"geometry":{"type":"Polygon","coordinates":[[[-58.636888,-34.395125],[-58.637,-34.39528],[-58.637391,-34.395092],[-58.637277,-34.394935],[-58.636888,-34.395125]]]}},{"type":"Feature","properties":{"partida":"057032826","cca":"057030R0000000009400B000000000000000008000","tipo":"Urbano","sup_m2":838.2},"geometry":{"type":"Polygon","coordinates":[[[-58.63712,-34.395434],[-58.637505,-34.395249],[-58.637391,-34.395092],[-58.637,-34.39528],[-58.63712,-34.395434]]]}},{"type":"Feature","properties":{"partida":"057032825","cca":"057030R0000000009400B000000000000000009000","tipo":"Urbano","sup_m2":876.4},"geometry":{"type":"Polygon","coordinates":[[[-58.637624,-34.395412],[-58.637505,-34.395249],[-58.63712,-34.395434],[-58.637241,-34.395601],[-58.637624,-34.395412]]]}},{"type":"Feature","properties":{"partida":"057032824","cca":"057030R0000000009400B000000000000000010000","tipo":"Urbano","sup_m2":792.4},"geometry":{"type":"Polygon","coordinates":[[[-58.637732,-34.395565],[-58.637624,-34.395412],[-58.637241,-34.395601],[-58.637349,-34.395749],[-58.637732,-34.395565]]]}},{"type":"Feature","properties":{"partida":"057032823","cca":"057030R0000000009400B000000000000000011000","tipo":"Urbano","sup_m2":831.2},"geometry":{"type":"Polygon","coordinates":[[[-58.637463,-34.395904],[-58.63785,-34.395722],[-58.637732,-34.395565],[-58.637349,-34.395749],[-58.637463,-34.395904]]]}},{"type":"Feature","properties":{"partida":"057032822","cca":"057030R0000000009400B000000000000000012000","tipo":"Urbano","sup_m2":669.0},"geometry":{"type":"Polygon","coordinates":[[[-58.637661,-34.395812],[-58.637463,-34.395904],[-58.637612,-34.396105],[-58.637688,-34.396122],[-58.637859,-34.396076],[-58.637661,-34.395812]]]}},{"type":"Feature","properties":{"partida":"057032821","cca":"057030R0000000009400B000000000000000013000","tipo":"Urbano","sup_m2":712.7},"geometry":{"type":"Polygon","coordinates":[[[-58.638061,-34.39602],[-58.63785,-34.395722],[-58.637661,-34.395812],[-58.637859,-34.396076],[-58.638061,-34.39602]]]}},{"type":"Feature","properties":{"partida":"057032820","cca":"057030R0000000009400B000000000000000014000","tipo":"Urbano","sup_m2":864.6},"geometry":{"type":"Polygon","coordinates":[[[-58.63785,-34.395722],[-58.638061,-34.39602],[-58.638289,-34.395954],[-58.638047,-34.395626],[-58.63785,-34.395722]]]}},{"type":"Feature","properties":{"partida":"057032819","cca":"057030R0000000009400B000000000000000015000","tipo":"Urbano","sup_m2":766.0},"geometry":{"type":"Polygon","coordinates":[[[-58.63821,-34.395548],[-58.638047,-34.395626],[-58.638289,-34.395954],[-58.638436,-34.395911],[-58.638445,-34.395861],[-58.63821,-34.395548]]]}},{"type":"Feature","properties":{"partida":"057032840","cca":"057030R0000000009400B000000000000000016000","tipo":"Urbano","sup_m2":795.9},"geometry":{"type":"Polygon","coordinates":[[[-58.63785,-34.395722],[-58.63821,-34.395548],[-58.638088,-34.395387],[-58.637732,-34.395565],[-58.63785,-34.395722]]]}},{"type":"Feature","properties":{"partida":"057032839","cca":"057030R0000000009400B000000000000000017000","tipo":"Urbano","sup_m2":754.5},"geometry":{"type":"Polygon","coordinates":[[[-58.637624,-34.395412],[-58.637732,-34.395565],[-58.638088,-34.395387],[-58.637978,-34.395233],[-58.637624,-34.395412]]]}},{"type":"Feature","properties":{"partida":"057032838","cca":"057030R0000000009400B000000000000000018000","tipo":"Urbano","sup_m2":802.6},"geometry":{"type":"Polygon","coordinates":[[[-58.637978,-34.395233],[-58.63786,-34.395072],[-58.637505,-34.395249],[-58.637624,-34.395412],[-58.637978,-34.395233]]]}},{"type":"Feature","properties":{"partida":"057032837","cca":"057030R0000000009400B000000000000000019000","tipo":"Urbano","sup_m2":773.3},"geometry":{"type":"Polygon","coordinates":[[[-58.637746,-34.394915],[-58.637391,-34.395092],[-58.637505,-34.395249],[-58.63786,-34.395072],[-58.637746,-34.394915]]]}},{"type":"Feature","properties":{"partida":"057032836","cca":"057030R0000000009400B000000000000000020000","tipo":"Urbano","sup_m2":773.7},"geometry":{"type":"Polygon","coordinates":[[[-58.637746,-34.394915],[-58.637629,-34.394759],[-58.637277,-34.394935],[-58.637391,-34.395092],[-58.637746,-34.394915]]]}},{"type":"Feature","properties":{"partida":"057032835","cca":"057030R0000000009400B000000000000000021000","tipo":"Urbano","sup_m2":779.3},"geometry":{"type":"Polygon","coordinates":[[[-58.637516,-34.394599],[-58.637162,-34.394775],[-58.637277,-34.394935],[-58.637629,-34.394759],[-58.637516,-34.394599]]]}},{"type":"Feature","properties":{"partida":"057032834","cca":"057030R0000000009400B000000000000000022000","tipo":"Urbano","sup_m2":773.0},"geometry":{"type":"Polygon","coordinates":[[[-58.637402,-34.394442],[-58.637046,-34.394619],[-58.637162,-34.394775],[-58.637516,-34.394599],[-58.637402,-34.394442]]]}},{"type":"Feature","properties":{"partida":"057029876","cca":"057030T00000000000000000000000010000001000","tipo":"Urbano","sup_m2":362.2},"geometry":{"type":"Polygon","coordinates":[[[-58.633579,-34.386142],[-58.633755,-34.386122],[-58.633725,-34.385951],[-58.633693,-34.385933],[-58.633508,-34.385994],[-58.633579,-34.386142]]]}},{"type":"Feature","properties":{"partida":"057029875","cca":"057030T00000000000000000000000010000002000","tipo":"Urbano","sup_m2":281.8},"geometry":{"type":"Polygon","coordinates":[[[-58.633579,-34.386142],[-58.633508,-34.385994],[-58.633323,-34.386056],[-58.633374,-34.386165],[-58.633579,-34.386142]]]}},{"type":"Feature","properties":{"partida":"057029874","cca":"057030T00000000000000000000000010000003000","tipo":"Urbano","sup_m2":331.1},"geometry":{"type":"Polygon","coordinates":[[[-58.633455,-34.386338],[-58.633323,-34.386056],[-58.633215,-34.386091],[-58.633347,-34.38635],[-58.633455,-34.386338]]]}},{"type":"Feature","properties":{"partida":"057066043","cca":"057030T00000000000000000000000010000004000","tipo":"Urbano","sup_m2":295.2},"geometry":{"type":"Polygon","coordinates":[[[-58.633119,-34.386123],[-58.633251,-34.386382],[-58.633347,-34.38635],[-58.633215,-34.386091],[-58.633119,-34.386123]]]}},{"type":"Feature","properties":{"partida":"057070001","cca":"057030T00000000000000000000000010000005000","tipo":"Urbano","sup_m2":295.5},"geometry":{"type":"Polygon","coordinates":[[[-58.633162,-34.386206],[-58.633119,-34.386123],[-58.63285,-34.386213],[-58.632835,-34.386246],[-58.632865,-34.386308],[-58.633162,-34.386206]]]}},{"type":"Feature","properties":{"partida":"057070002","cca":"057030T00000000000000000000000010000006000","tipo":"Urbano","sup_m2":290.9},"geometry":{"type":"Polygon","coordinates":[[[-58.633162,-34.386206],[-58.632865,-34.386308],[-58.632907,-34.38639],[-58.633203,-34.386288],[-58.633162,-34.386206]]]}},{"type":"Feature","properties":{"partida":"057066044","cca":"057030T00000000000000000000000010000007000","tipo":"Urbano","sup_m2":331.1},"geometry":{"type":"Polygon","coordinates":[[[-58.632907,-34.38639],[-58.632952,-34.386482],[-58.633251,-34.386382],[-58.633203,-34.386288],[-58.632907,-34.38639]]]}},{"type":"Feature","properties":{"partida":"057066045","cca":"057030T00000000000000000000000010000008000","tipo":"Urbano","sup_m2":368.6},"geometry":{"type":"Polygon","coordinates":[[[-58.633347,-34.38635],[-58.632952,-34.386482],[-58.632992,-34.386562],[-58.633374,-34.386434],[-58.633347,-34.38635]]]}},{"type":"Feature","properties":{"partida":"057066046","cca":"057030T00000000000000000000000010000009000","tipo":"Urbano","sup_m2":353.5},"geometry":{"type":"Polygon","coordinates":[[[-58.63303,-34.386638],[-58.633403,-34.38652],[-58.633374,-34.386434],[-58.632992,-34.386562],[-58.63303,-34.386638]]]}},{"type":"Feature","properties":{"partida":"057066047","cca":"057030T00000000000000000000000010000010000","tipo":"Urbano","sup_m2":345.1},"geometry":{"type":"Polygon","coordinates":[[[-58.63303,-34.386638],[-58.63307,-34.386719],[-58.63343,-34.386602],[-58.633403,-34.38652],[-58.63303,-34.386638]]]}},{"type":"Feature","properties":{"partida":"057013451","cca":"057030T00000000000000000000000010000011000","tipo":"Urbano","sup_m2":336.6},"geometry":{"type":"Polygon","coordinates":[[[-58.63311,-34.386798],[-58.633458,-34.386687],[-58.63343,-34.386602],[-58.63307,-34.386719],[-58.63311,-34.386798]]]}},{"type":"Feature","properties":{"partida":"057066048","cca":"057030T00000000000000000000000010000012000","tipo":"Urbano","sup_m2":343.1},"geometry":{"type":"Polygon","coordinates":[[[-58.633352,-34.386985],[-58.633239,-34.386757],[-58.63311,-34.386798],[-58.633212,-34.387002],[-58.633254,-34.387017],[-58.633352,-34.386985]]]}},{"type":"Feature","properties":{"partida":"057066049","cca":"057030T00000000000000000000000010000013000","tipo":"Urbano","sup_m2":274.9},"geometry":{"type":"Polygon","coordinates":[[[-58.633239,-34.386757],[-58.633352,-34.386985],[-58.633452,-34.386953],[-58.633343,-34.386724],[-58.633239,-34.386757]]]}},{"type":"Feature","properties":{"partida":"057066050","cca":"057030T00000000000000000000000010000014000","tipo":"Urbano","sup_m2":313.9},"geometry":{"type":"Polygon","coordinates":[[[-58.633571,-34.386915],[-58.633458,-34.386687],[-58.633343,-34.386724],[-58.633452,-34.386953],[-58.633571,-34.386915]]]}},{"type":"Feature","properties":{"partida":"057066051","cca":"057030T00000000000000000000000010000015000","tipo":"Urbano","sup_m2":419.5},"geometry":{"type":"Polygon","coordinates":[[[-58.633498,-34.386768],[-58.633571,-34.386915],[-58.633844,-34.386827],[-58.633875,-34.386789],[-58.633865,-34.386734],[-58.633498,-34.386768]]]}},{"type":"Feature","properties":{"partida":"057066052","cca":"057030T00000000000000000000000010000016000","tipo":"Urbano","sup_m2":338.9},"geometry":{"type":"Polygon","coordinates":[[[-58.633458,-34.386687],[-58.633498,-34.386768],[-58.633865,-34.386734],[-58.633849,-34.386645],[-58.633458,-34.386687]]]}},{"type":"Feature","properties":{"partida":"057066053","cca":"057030T00000000000000000000000010000017000","tipo":"Urbano","sup_m2":370.8},"geometry":{"type":"Polygon","coordinates":[[[-58.633832,-34.386552],[-58.63343,-34.386602],[-58.633458,-34.386687],[-58.633849,-34.386645],[-58.633832,-34.386552]]]}},{"type":"Feature","properties":{"partida":"057066054","cca":"057030T00000000000000000000000010000018000","tipo":"Urbano","sup_m2":352.6},"geometry":{"type":"Polygon","coordinates":[[[-58.633818,-34.386471],[-58.633403,-34.38652],[-58.63343,-34.386602],[-58.633832,-34.386552],[-58.633818,-34.386471]]]}},{"type":"Feature","properties":{"partida":"057029877","cca":"057030T00000000000000000000000010000019000","tipo":"Urbano","sup_m2":374.9},"geometry":{"type":"Polygon","coordinates":[[[-58.633818,-34.386471],[-58.633803,-34.386387],[-58.633374,-34.386434],[-58.633403,-34.38652],[-58.633818,-34.386471]]]}},{"type":"Feature","properties":{"partida":"057029878","cca":"057030T00000000000000000000000010000020000","tipo":"Urbano","sup_m2":391.7},"geometry":{"type":"Polygon","coordinates":[[[-58.633787,-34.386299],[-58.633455,-34.386338],[-58.633347,-34.38635],[-58.633374,-34.386434],[-58.633803,-34.386387],[-58.633787,-34.386299]]]}},{"type":"Feature","properties":{"partida":"057066055","cca":"057030T00000000000000000000000010000021000","tipo":"Urbano","sup_m2":308.1},"geometry":{"type":"Polygon","coordinates":[[[-58.633417,-34.386256],[-58.633455,-34.386338],[-58.633787,-34.386299],[-58.633771,-34.386212],[-58.633417,-34.386256]]]}},{"type":"Feature","properties":{"partida":"057066056","cca":"057030T00000000000000000000000010000022000","tipo":"Urbano","sup_m2":351.8},"geometry":{"type":"Polygon","coordinates":[[[-58.633771,-34.386212],[-58.633755,-34.386122],[-58.633374,-34.386165],[-58.633417,-34.386256],[-58.633771,-34.386212]]]}},{"type":"Feature","properties":{"partida":"057049687","cca":"057030T00000000000000000000000020000001000","tipo":"Urbano","sup_m2":335.5},"geometry":{"type":"Polygon","coordinates":[[[-58.632673,-34.38656],[-58.63279,-34.386518],[-58.632679,-34.386302],[-58.63264,-34.386286],[-58.63255,-34.386316],[-58.632673,-34.38656]]]}},{"type":"Feature","properties":{"partida":"057049688","cca":"057030T00000000000000000000000020000002000","tipo":"Urbano","sup_m2":354.1},"geometry":{"type":"Polygon","coordinates":[[[-58.632553,-34.386603],[-58.632673,-34.38656],[-58.63255,-34.386316],[-58.632428,-34.386358],[-58.632553,-34.386603]]]}},{"type":"Feature","properties":{"partida":"057049689","cca":"057030T00000000000000000000000020000003000","tipo":"Urbano","sup_m2":354.2},"geometry":{"type":"Polygon","coordinates":[[[-58.632553,-34.386603],[-58.632428,-34.386358],[-58.632309,-34.386398],[-58.632433,-34.386646],[-58.632553,-34.386603]]]}},{"type":"Feature","properties":{"partida":"057049713","cca":"057030T00000000000000000000000020000004000","tipo":"Urbano","sup_m2":609.1},"geometry":{"type":"Polygon","coordinates":[[[-58.632514,-34.386809],[-58.632309,-34.386398],[-58.632183,-34.386441],[-58.632391,-34.386851],[-58.632514,-34.386809]]]}},{"type":"Feature","properties":{"partida":"057023225","cca":"057030T00000000000000000000000020000005000","tipo":"Urbano","sup_m2":579.6},"geometry":{"type":"Polygon","coordinates":[[[-58.632391,-34.386851],[-58.632183,-34.386441],[-58.632064,-34.386481],[-58.632274,-34.386891],[-58.632391,-34.386851]]]}},{"type":"Feature","properties":{"partida":"057049700","cca":"057030T00000000000000000000000020000006000","tipo":"Urbano","sup_m2":478.3},"geometry":{"type":"Polygon","coordinates":[[[-58.632092,-34.386824],[-58.632243,-34.38683],[-58.632064,-34.386481],[-58.631944,-34.386522],[-58.632092,-34.386824]]]}},{"type":"Feature","properties":{"partida":"057049701","cca":"057030T00000000000000000000000020000007000","tipo":"Urbano","sup_m2":416.7},"geometry":{"type":"Polygon","coordinates":[[[-58.632092,-34.386824],[-58.631944,-34.386522],[-58.631814,-34.386566],[-58.631946,-34.386817],[-58.632092,-34.386824]]]}},{"type":"Feature","properties":{"partida":"057049702","cca":"057030T00000000000000000000000020000008000","tipo":"Urbano","sup_m2":330.5},"geometry":{"type":"Polygon","coordinates":[[[-58.631799,-34.386811],[-58.631946,-34.386817],[-58.631814,-34.386566],[-58.631693,-34.386607],[-58.631799,-34.386811]]]}},{"type":"Feature","properties":{"partida":"057049714","cca":"057030T00000000000000000000000020000009000","tipo":"Urbano","sup_m2":311.1},"geometry":{"type":"Polygon","coordinates":[[[-58.631544,-34.386658],[-58.631622,-34.386803],[-58.631799,-34.386811],[-58.631693,-34.386607],[-58.631544,-34.386658]]]}},{"type":"Feature","properties":{"partida":"057030357","cca":"057030T00000000000000000000000020000010000","tipo":"Urbano","sup_m2":636.8},"geometry":{"type":"Polygon","coordinates":[[[-58.631622,-34.386803],[-58.631544,-34.386658],[-58.631236,-34.386762],[-58.631234,-34.386812],[-58.631524,-34.386942],[-58.631622,-34.386803]]]}},{"type":"Feature","properties":{"partida":"057049703","cca":"057030T00000000000000000000000020000011000","tipo":"Urbano","sup_m2":320.0},"geometry":{"type":"Polygon","coordinates":[[[-58.63167,-34.387007],[-58.631799,-34.386811],[-58.631622,-34.386803],[-58.631524,-34.386942],[-58.63167,-34.387007]]]}},{"type":"Feature","properties":{"partida":"057049715","cca":"057030T00000000000000000000000020000012000","tipo":"Urbano","sup_m2":341.6},"geometry":{"type":"Polygon","coordinates":[[[-58.631789,-34.387061],[-58.631946,-34.386817],[-58.631799,-34.386811],[-58.63167,-34.387007],[-58.631789,-34.387061]]]}},{"type":"Feature","properties":{"partida":"057049704","cca":"057030T00000000000000000000000020000013000","tipo":"Urbano","sup_m2":401.3},"geometry":{"type":"Polygon","coordinates":[[[-58.631902,-34.387111],[-58.632092,-34.386824],[-58.631946,-34.386817],[-58.631789,-34.387061],[-58.631902,-34.387111]]]}},{"type":"Feature","properties":{"partida":"057049705","cca":"057030T00000000000000000000000020000014000","tipo":"Urbano","sup_m2":491.8},"geometry":{"type":"Polygon","coordinates":[[[-58.632022,-34.387165],[-58.632243,-34.38683],[-58.632092,-34.386824],[-58.631902,-34.387111],[-58.632022,-34.387165]]]}},{"type":"Feature","properties":{"partida":"057049706","cca":"057030T00000000000000000000000020000015000","tipo":"Urbano","sup_m2":488.5},"geometry":{"type":"Polygon","coordinates":[[[-58.632313,-34.386967],[-58.632243,-34.38683],[-58.632022,-34.387165],[-58.63215,-34.387222],[-58.632313,-34.386967]]]}},{"type":"Feature","properties":{"partida":"057049707","cca":"057030T00000000000000000000000020000016000","tipo":"Urbano","sup_m2":583.4},"geometry":{"type":"Polygon","coordinates":[[[-58.632483,-34.387301],[-58.632313,-34.386967],[-58.63215,-34.387222],[-58.632365,-34.387319],[-58.632428,-34.387319],[-58.632483,-34.387301]]]}},{"type":"Feature","properties":{"partida":"057049716","cca":"057030T00000000000000000000000020000017000","tipo":"Urbano","sup_m2":574.7},"geometry":{"type":"Polygon","coordinates":[[[-58.632274,-34.386891],[-58.632483,-34.387301],[-58.6326,-34.387261],[-58.632391,-34.386851],[-58.632274,-34.386891]]]}},{"type":"Feature","properties":{"partida":"057049708","cca":"057030T00000000000000000000000020000018000","tipo":"Urbano","sup_m2":598.1},"geometry":{"type":"Polygon","coordinates":[[[-58.63272,-34.387221],[-58.632514,-34.386809],[-58.632391,-34.386851],[-58.6326,-34.387261],[-58.63272,-34.387221]]]}},{"type":"Feature","properties":{"partida":"057049709","cca":"057030T00000000000000000000000020000019000","tipo":"Urbano","sup_m2":348.8},"geometry":{"type":"Polygon","coordinates":[[[-58.632598,-34.386976],[-58.63272,-34.387221],[-58.632839,-34.387181],[-58.632718,-34.386935],[-58.632598,-34.386976]]]}},{"type":"Feature","properties":{"partida":"057049710","cca":"057030T00000000000000000000000020000020000","tipo":"Urbano","sup_m2":373.4},"geometry":{"type":"Polygon","coordinates":[[[-58.632718,-34.386935],[-58.632839,-34.387181],[-58.632965,-34.387138],[-58.632848,-34.386891],[-58.632718,-34.386935]]]}},{"type":"Feature","properties":{"partida":"057049717","cca":"057030T00000000000000000000000020000021000","tipo":"Urbano","sup_m2":346.7},"geometry":{"type":"Polygon","coordinates":[[[-58.632848,-34.386891],[-58.632965,-34.387138],[-58.633053,-34.387109],[-58.633077,-34.387074],[-58.632963,-34.386851],[-58.632848,-34.386891]]]}},{"type":"Feature","properties":{"partida":"057049711","cca":"057030T00000000000000000000000020000022000","tipo":"Urbano","sup_m2":381.3},"geometry":{"type":"Polygon","coordinates":[[[-58.632917,-34.386762],[-58.632555,-34.38689],[-58.632598,-34.386976],[-58.632963,-34.386851],[-58.632917,-34.386762]]]}},{"type":"Feature","properties":{"partida":"057049712","cca":"057030T00000000000000000000000020000023000","tipo":"Urbano","sup_m2":344.1},"geometry":{"type":"Polygon","coordinates":[[[-58.632514,-34.386809],[-58.632555,-34.38689],[-58.632917,-34.386762],[-58.632877,-34.386686],[-58.632514,-34.386809]]]}},{"type":"Feature","properties":{"partida":"057049718","cca":"057030T00000000000000000000000020000024000","tipo":"Urbano","sup_m2":352.5},"geometry":{"type":"Polygon","coordinates":[[[-58.632877,-34.386686],[-58.632834,-34.386603],[-58.632474,-34.386729],[-58.632514,-34.386809],[-58.632877,-34.386686]]]}},{"type":"Feature","properties":{"partida":"057030358","cca":"057030T00000000000000000000000020000025000","tipo":"Urbano","sup_m2":364.2},"geometry":{"type":"Polygon","coordinates":[[[-58.63279,-34.386518],[-58.632433,-34.386646],[-58.632474,-34.386729],[-58.632834,-34.386603],[-58.63279,-34.386518]]]}},{"type":"Feature","properties":{"partida":"057062309","cca":"057030T00000000000000000000000030000000000","tipo":"Urbano","sup_m2":7196.5},"geometry":{"type":"Polygon","coordinates":[[[-58.631099,-34.386871],[-58.630736,-34.387914],[-58.63227,-34.387393],[-58.631099,-34.386871]]]}},{"type":"Feature","properties":{"partida":"057062788","cca":"057030T00000000000000000000000040000001000","tipo":"Urbano","sup_m2":583.3},"geometry":{"type":"Polygon","coordinates":[[[-58.630681,-34.387137],[-58.630858,-34.387177],[-58.630944,-34.38692],[-58.630894,-34.386895],[-58.630606,-34.386996],[-58.630681,-34.387137]]]}},{"type":"Feature","properties":{"partida":"057081477","cca":"057030T00000000000000000000000040000002000","tipo":"Urbano","sup_m2":344.3},"geometry":{"type":"Polygon","coordinates":[[[-58.630606,-34.386996],[-58.630438,-34.387055],[-58.630555,-34.387256],[-58.630681,-34.387137],[-58.630606,-34.386996]]]}},{"type":"Feature","properties":{"partida":"057081478","cca":"057030T00000000000000000000000040000003000","tipo":"Urbano","sup_m2":345.6},"geometry":{"type":"Polygon","coordinates":[[[-58.630453,-34.387352],[-58.630555,-34.387256],[-58.630438,-34.387055],[-58.630318,-34.387097],[-58.630453,-34.387352]]]}},{"type":"Feature","properties":{"partida":"057081479","cca":"057030T00000000000000000000000040000004000","tipo":"Urbano","sup_m2":386.8},"geometry":{"type":"Polygon","coordinates":[[[-58.630365,-34.387436],[-58.630453,-34.387352],[-58.630318,-34.387097],[-58.6302,-34.387139],[-58.630365,-34.387436]]]}},{"type":"Feature","properties":{"partida":"057081480","cca":"057030T00000000000000000000000040000005000","tipo":"Urbano","sup_m2":448.0},"geometry":{"type":"Polygon","coordinates":[[[-58.630089,-34.387177],[-58.630272,-34.387524],[-58.630365,-34.387436],[-58.6302,-34.387139],[-58.630089,-34.387177]]]}},{"type":"Feature","properties":{"partida":"057081481","cca":"057030T00000000000000000000000040000006000","tipo":"Urbano","sup_m2":568.5},"geometry":{"type":"Polygon","coordinates":[[[-58.630298,-34.387574],[-58.630089,-34.387177],[-58.629968,-34.38722],[-58.630183,-34.387615],[-58.630298,-34.387574]]]}},{"type":"Feature","properties":{"partida":"057081482","cca":"057030T00000000000000000000000040000007000","tipo":"Urbano","sup_m2":603.0},"geometry":{"type":"Polygon","coordinates":[[[-58.629845,-34.387263],[-58.630055,-34.387661],[-58.630183,-34.387615],[-58.629968,-34.38722],[-58.629845,-34.387263]]]}},{"type":"Feature","properties":{"partida":"057081483","cca":"057030T00000000000000000000000040000008000","tipo":"Urbano","sup_m2":339.2},"geometry":{"type":"Polygon","coordinates":[[[-58.629972,-34.387503],[-58.629845,-34.387263],[-58.629727,-34.387304],[-58.629857,-34.387544],[-58.629972,-34.387503]]]}},{"type":"Feature","properties":{"partida":"057081484","cca":"057030T00000000000000000000000040000009000","tipo":"Urbano","sup_m2":364.8},"geometry":{"type":"Polygon","coordinates":[[[-58.629605,-34.387347],[-58.629728,-34.387589],[-58.629857,-34.387544],[-58.629727,-34.387304],[-58.629605,-34.387347]]]}},{"type":"Feature","properties":{"partida":"057081485","cca":"057030T00000000000000000000000040000010000","tipo":"Urbano","sup_m2":331.4},"geometry":{"type":"Polygon","coordinates":[[[-58.629728,-34.387589],[-58.629605,-34.387347],[-58.629517,-34.387378],[-58.629501,-34.387413],[-58.629613,-34.387629],[-58.629728,-34.387589]]]}},{"type":"Feature","properties":{"partida":"057081486","cca":"057030T00000000000000000000000040000011000","tipo":"Urbano","sup_m2":343.1},"geometry":{"type":"Polygon","coordinates":[[[-58.629656,-34.387712],[-58.630012,-34.387579],[-58.629972,-34.387503],[-58.629613,-34.387629],[-58.629656,-34.387712]]]}},{"type":"Feature","properties":{"partida":"057081487","cca":"057030T00000000000000000000000040000012000","tipo":"Urbano","sup_m2":346.0},"geometry":{"type":"Polygon","coordinates":[[[-58.630012,-34.387579],[-58.629656,-34.387712],[-58.629696,-34.387789],[-58.630055,-34.387661],[-58.630012,-34.387579]]]}},{"type":"Feature","properties":{"partida":"057081488","cca":"057030T00000000000000000000000040000013000","tipo":"Urbano","sup_m2":355.8},"geometry":{"type":"Polygon","coordinates":[[[-58.630099,-34.387744],[-58.630055,-34.387661],[-58.629696,-34.387789],[-58.629738,-34.387869],[-58.630099,-34.387744]]]}},{"type":"Feature","properties":{"partida":"057081489","cca":"057030T00000000000000000000000040000014000","tipo":"Urbano","sup_m2":357.3},"geometry":{"type":"Polygon","coordinates":[[[-58.629779,-34.38795],[-58.630143,-34.387827],[-58.630099,-34.387744],[-58.629738,-34.387869],[-58.629779,-34.38795]]]}},{"type":"Feature","properties":{"partida":"057081490","cca":"057030T00000000000000000000000040000015000","tipo":"Urbano","sup_m2":343.6},"geometry":{"type":"Polygon","coordinates":[[[-58.629902,-34.387909],[-58.629779,-34.38795],[-58.62989,-34.388165],[-58.629938,-34.388181],[-58.630023,-34.388152],[-58.629902,-34.387909]]]}},{"type":"Feature","properties":{"partida":"057081491","cca":"057030T00000000000000000000000040000016000","tipo":"Urbano","sup_m2":357.6},"geometry":{"type":"Polygon","coordinates":[[[-58.630023,-34.388152],[-58.630144,-34.38811],[-58.630027,-34.387866],[-58.629902,-34.387909],[-58.630023,-34.388152]]]}},{"type":"Feature","properties":{"partida":"057081492","cca":"057030T00000000000000000000000040000017000","tipo":"Urbano","sup_m2":348.1},"geometry":{"type":"Polygon","coordinates":[[[-58.630144,-34.38811],[-58.630269,-34.388066],[-58.630143,-34.387827],[-58.630027,-34.387866],[-58.630144,-34.38811]]]}},{"type":"Feature","properties":{"partida":"057081493","cca":"057030T00000000000000000000000040000018000","tipo":"Urbano","sup_m2":640.5},"geometry":{"type":"Polygon","coordinates":[[[-58.630402,-34.38802],[-58.630183,-34.387615],[-58.630055,-34.387661],[-58.630269,-34.388066],[-58.630402,-34.38802]]]}},{"type":"Feature","properties":{"partida":"057081494","cca":"057030T00000000000000000000000040000019000","tipo":"Urbano","sup_m2":557.1},"geometry":{"type":"Polygon","coordinates":[[[-58.630513,-34.387981],[-58.630298,-34.387574],[-58.630183,-34.387615],[-58.630402,-34.38802],[-58.630513,-34.387981]]]}},{"type":"Feature","properties":{"partida":"057081495","cca":"057030T00000000000000000000000040000020000","tipo":"Urbano","sup_m2":536.0},"geometry":{"type":"Polygon","coordinates":[[[-58.630344,-34.387661],[-58.630513,-34.387981],[-58.630554,-34.387967],[-58.630606,-34.387923],[-58.630668,-34.38774],[-58.630344,-34.387661]]]}},{"type":"Feature","properties":{"partida":"057081496","cca":"057030T00000000000000000000000040000021000","tipo":"Urbano","sup_m2":493.1},"geometry":{"type":"Polygon","coordinates":[[[-58.63071,-34.387616],[-58.630272,-34.387524],[-58.630344,-34.387661],[-58.630668,-34.38774],[-58.63071,-34.387616]]]}},{"type":"Feature","properties":{"partida":"057081497","cca":"057030T00000000000000000000000040000022000","tipo":"Urbano","sup_m2":448.0},"geometry":{"type":"Polygon","coordinates":[[[-58.63071,-34.387616],[-58.630744,-34.387516],[-58.630365,-34.387436],[-58.630272,-34.387524],[-58.63071,-34.387616]]]}},{"type":"Feature","properties":{"partida":"057081498","cca":"057030T00000000000000000000000040000023000","tipo":"Urbano","sup_m2":360.4},"geometry":{"type":"Polygon","coordinates":[[[-58.630453,-34.387352],[-58.630365,-34.387436],[-58.630744,-34.387516],[-58.630775,-34.387423],[-58.630453,-34.387352]]]}},{"type":"Feature","properties":{"partida":"057081499","cca":"057030T00000000000000000000000040000024000","tipo":"Urbano","sup_m2":343.7},"geometry":{"type":"Polygon","coordinates":[[[-58.630453,-34.387352],[-58.630775,-34.387423],[-58.630811,-34.387317],[-58.630555,-34.387256],[-58.630453,-34.387352]]]}},{"type":"Feature","properties":{"partida":"057081500","cca":"057030T00000000000000000000000040000025000","tipo":"Urbano","sup_m2":331.0},"geometry":{"type":"Polygon","coordinates":[[[-58.630555,-34.387256],[-58.630811,-34.387317],[-58.630858,-34.387177],[-58.630681,-34.387137],[-58.630555,-34.387256]]]}},{"type":"Feature","properties":{"partida":"057062789","cca":"057030T00000000000000000000000050000001000","tipo":"Urbano","sup_m2":369.2},"geometry":{"type":"Polygon","coordinates":[[[-58.62936,-34.387711],[-58.629484,-34.387669],[-58.629375,-34.387453],[-58.629321,-34.387431],[-58.62923,-34.387463],[-58.62936,-34.387711]]]}},{"type":"Feature","properties":{"partida":"057087375","cca":"057030T00000000000000000000000050000002000","tipo":"Urbano","sup_m2":363.0},"geometry":{"type":"Polygon","coordinates":[[[-58.629236,-34.387753],[-58.62936,-34.387711],[-58.62923,-34.387463],[-58.629111,-34.387505],[-58.629236,-34.387753]]]}},{"type":"Feature","properties":{"partida":"057087376","cca":"057030T00000000000000000000000050000003000","tipo":"Urbano","sup_m2":355.0},"geometry":{"type":"Polygon","coordinates":[[[-58.629236,-34.387753],[-58.629111,-34.387505],[-58.628992,-34.387548],[-58.629116,-34.387794],[-58.629236,-34.387753]]]}},{"type":"Feature","properties":{"partida":"057087377","cca":"057030T00000000000000000000000050000004000","tipo":"Urbano","sup_m2":293.5},"geometry":{"type":"Polygon","coordinates":[[[-58.628893,-34.387582],[-58.629017,-34.387828],[-58.629116,-34.387794],[-58.628992,-34.387548],[-58.628893,-34.387582]]]}},{"type":"Feature","properties":{"partida":"057087378","cca":"057030T00000000000000000000000050000005000","tipo":"Urbano","sup_m2":542.2},"geometry":{"type":"Polygon","coordinates":[[[-58.628995,-34.388038],[-58.629103,-34.388],[-58.628893,-34.387582],[-58.628784,-34.387621],[-58.628995,-34.388038]]]}},{"type":"Feature","properties":{"partida":"057087379","cca":"057030T00000000000000000000000050000006000","tipo":"Urbano","sup_m2":467.3},"geometry":{"type":"Polygon","coordinates":[[[-58.628902,-34.388071],[-58.628995,-34.388038],[-58.628784,-34.387621],[-58.628691,-34.387654],[-58.628902,-34.388071]]]}},{"type":"Feature","properties":{"partida":"057087380","cca":"057030T00000000000000000000000050000007000","tipo":"Urbano","sup_m2":655.9},"geometry":{"type":"Polygon","coordinates":[[[-58.628486,-34.3879],[-58.628848,-34.387964],[-58.628691,-34.387654],[-58.62857,-34.387697],[-58.628528,-34.387734],[-58.628486,-34.3879]]]}},{"type":"Feature","properties":{"partida":"057087381","cca":"057030T00000000000000000000000050000008000","tipo":"Urbano","sup_m2":587.8},"geometry":{"type":"Polygon","coordinates":[[[-58.628848,-34.387964],[-58.628486,-34.3879],[-58.628451,-34.388034],[-58.628924,-34.388113],[-58.628848,-34.387964]]]}},{"type":"Feature","properties":{"partida":"057087382","cca":"057030T00000000000000000000000050000009000","tipo":"Urbano","sup_m2":451.9},"geometry":{"type":"Polygon","coordinates":[[[-58.628427,-34.388127],[-58.628837,-34.388201],[-58.628924,-34.388113],[-58.628451,-34.388034],[-58.628427,-34.388127]]]}},{"type":"Feature","properties":{"partida":"057087383","cca":"057030T00000000000000000000000050000010000","tipo":"Urbano","sup_m2":354.9},"geometry":{"type":"Polygon","coordinates":[[[-58.628761,-34.388279],[-58.628837,-34.388201],[-58.628427,-34.388127],[-58.628404,-34.388213],[-58.628761,-34.388279]]]}},{"type":"Feature","properties":{"partida":"057087384","cca":"057030T00000000000000000000000050000011000","tipo":"Urbano","sup_m2":404.9},"geometry":{"type":"Polygon","coordinates":[[[-58.628658,-34.388384],[-58.628761,-34.388279],[-58.628404,-34.388213],[-58.628374,-34.388332],[-58.628658,-34.388384]]]}},{"type":"Feature","properties":{"partida":"057087385","cca":"057030T00000000000000000000000050000012000","tipo":"Urbano","sup_m2":353.4},"geometry":{"type":"Polygon","coordinates":[[[-58.628658,-34.388384],[-58.628374,-34.388332],[-58.628338,-34.388469],[-58.628539,-34.388504],[-58.628658,-34.388384]]]}},{"type":"Feature","properties":{"partida":"057087386","cca":"057030T00000000000000000000000050000013000","tipo":"Urbano","sup_m2":633.1},"geometry":{"type":"Polygon","coordinates":[[[-58.628539,-34.388504],[-58.628338,-34.388469],[-58.628272,-34.388723],[-58.628327,-34.388754],[-58.628614,-34.388654],[-58.628539,-34.388504]]]}},{"type":"Feature","properties":{"partida":"057087387","cca":"057030T00000000000000000000000050000014000","tipo":"Urbano","sup_m2":340.7},"geometry":{"type":"Polygon","coordinates":[[[-58.628658,-34.388384],[-58.628539,-34.388504],[-58.628614,-34.388654],[-58.628771,-34.388599],[-58.628658,-34.388384]]]}},{"type":"Feature","properties":{"partida":"057087388","cca":"057030T00000000000000000000000050000015000","tipo":"Urbano","sup_m2":397.2},"geometry":{"type":"Polygon","coordinates":[[[-58.628906,-34.388553],[-58.628761,-34.388279],[-58.628658,-34.388384],[-58.628771,-34.388599],[-58.628906,-34.388553]]]}},{"type":"Feature","properties":{"partida":"057087389","cca":"057030T00000000000000000000000050000016000","tipo":"Urbano","sup_m2":354.3},"geometry":{"type":"Polygon","coordinates":[[[-58.629005,-34.388518],[-58.628837,-34.388201],[-58.628761,-34.388279],[-58.628906,-34.388553],[-58.629005,-34.388518]]]}},{"type":"Feature","properties":{"partida":"057087390","cca":"057030T00000000000000000000000050000017000","tipo":"Urbano","sup_m2":450.0},"geometry":{"type":"Polygon","coordinates":[[[-58.629111,-34.388481],[-58.628924,-34.388113],[-58.628837,-34.388201],[-58.629005,-34.388518],[-58.629111,-34.388481]]]}},{"type":"Feature","properties":{"partida":"057087391","cca":"057030T00000000000000000000000050000018000","tipo":"Urbano","sup_m2":458.9},"geometry":{"type":"Polygon","coordinates":[[[-58.628995,-34.388038],[-58.628902,-34.388071],[-58.629111,-34.388481],[-58.629203,-34.388449],[-58.628995,-34.388038]]]}},{"type":"Feature","properties":{"partida":"057087392","cca":"057030T00000000000000000000000050000019000","tipo":"Urbano","sup_m2":531.3},"geometry":{"type":"Polygon","coordinates":[[[-58.628995,-34.388038],[-58.629203,-34.388449],[-58.629311,-34.388412],[-58.629103,-34.388],[-58.628995,-34.388038]]]}},{"type":"Feature","properties":{"partida":"057087393","cca":"057030T00000000000000000000000050000020000","tipo":"Urbano","sup_m2":316.9},"geometry":{"type":"Polygon","coordinates":[[[-58.629414,-34.388376],[-58.62929,-34.388123],[-58.629184,-34.388161],[-58.629311,-34.388412],[-58.629414,-34.388376]]]}},{"type":"Feature","properties":{"partida":"057087394","cca":"057030T00000000000000000000000050000021000","tipo":"Urbano","sup_m2":372.7},"geometry":{"type":"Polygon","coordinates":[[[-58.62929,-34.388123],[-58.629414,-34.388376],[-58.629536,-34.388334],[-58.629413,-34.388078],[-58.62929,-34.388123]]]}},{"type":"Feature","properties":{"partida":"057087395","cca":"057030T00000000000000000000000050000022000","tipo":"Urbano","sup_m2":347.2},"geometry":{"type":"Polygon","coordinates":[[[-58.629413,-34.388078],[-58.629536,-34.388334],[-58.629649,-34.388294],[-58.629528,-34.388037],[-58.629413,-34.388078]]]}},{"type":"Feature","properties":{"partida":"057087396","cca":"057030T00000000000000000000000050000023000","tipo":"Urbano","sup_m2":374.4},"geometry":{"type":"Polygon","coordinates":[[[-58.629648,-34.387994],[-58.629528,-34.388037],[-58.629649,-34.388294],[-58.629743,-34.388262],[-58.629764,-34.388225],[-58.629648,-34.387994]]]}},{"type":"Feature","properties":{"partida":"057087397","cca":"057030T00000000000000000000000050000024000","tipo":"Urbano","sup_m2":447.7},"geometry":{"type":"Polygon","coordinates":[[[-58.629184,-34.388161],[-58.629648,-34.387994],[-58.629609,-34.387918],[-58.629142,-34.388077],[-58.629184,-34.388161]]]}},{"type":"Feature","properties":{"partida":"057087398","cca":"057030T00000000000000000000000050000025000","tipo":"Urbano","sup_m2":446.8},"geometry":{"type":"Polygon","coordinates":[[[-58.629103,-34.388],[-58.629142,-34.388077],[-58.629609,-34.387918],[-58.629568,-34.387835],[-58.629103,-34.388]]]}},{"type":"Feature","properties":{"partida":"057087399","cca":"057030T00000000000000000000000050000026000","tipo":"Urbano","sup_m2":473.1},"geometry":{"type":"Polygon","coordinates":[[[-58.629527,-34.387754],[-58.629058,-34.387911],[-58.629103,-34.388],[-58.629568,-34.387835],[-58.629527,-34.387754]]]}},{"type":"Feature","properties":{"partida":"057087400","cca":"057030T00000000000000000000000050000027000","tipo":"Urbano","sup_m2":471.0},"geometry":{"type":"Polygon","coordinates":[[[-58.629484,-34.387669],[-58.629017,-34.387828],[-58.629058,-34.387911],[-58.629527,-34.387754],[-58.629484,-34.387669]]]}},{"type":"Feature","properties":{"partida":"057029873","cca":"057030T00000000000000000000000210000001000","tipo":"Urbano","sup_m2":388.2},"geometry":{"type":"Polygon","coordinates":[[[-58.63364,-34.387112],[-58.633901,-34.387084],[-58.633875,-34.386949],[-58.633835,-34.386928],[-58.633588,-34.387013],[-58.63364,-34.387112]]]}},{"type":"Feature","properties":{"partida":"057023226","cca":"057030T00000000000000000000000210000002000","tipo":"Urbano","sup_m2":351.7},"geometry":{"type":"Polygon","coordinates":[[[-58.633707,-34.387241],[-58.633588,-34.387013],[-58.633452,-34.38706],[-58.633555,-34.387259],[-58.633707,-34.387241]]]}},{"type":"Feature","properties":{"partida":"057062790","cca":"057030T00000000000000000000000210000003000","tipo":"Urbano","sup_m2":457.1},"geometry":{"type":"Polygon","coordinates":[[[-58.633599,-34.387345],[-58.633452,-34.38706],[-58.633328,-34.387103],[-58.633493,-34.387427],[-58.633599,-34.387345]]]}},{"type":"Feature","properties":{"partida":"057062791","cca":"057030T00000000000000000000000210000004000","tipo":"Urbano","sup_m2":364.2},"geometry":{"type":"Polygon","coordinates":[[[-58.633377,-34.387422],[-58.633493,-34.387427],[-58.633328,-34.387103],[-58.633225,-34.387138],[-58.633377,-34.387422]]]}},{"type":"Feature","properties":{"partida":"057041582","cca":"057030T00000000000000000000000210000005000","tipo":"Urbano","sup_m2":336.2},"geometry":{"type":"Polygon","coordinates":[[[-58.633248,-34.387417],[-58.633377,-34.387422],[-58.633225,-34.387138],[-58.63312,-34.387175],[-58.633248,-34.387417]]]}},{"type":"Feature","properties":{"partida":"057041583","cca":"057030T00000000000000000000000210000006000","tipo":"Urbano","sup_m2":318.6},"geometry":{"type":"Polygon","coordinates":[[[-58.633104,-34.38741],[-58.633248,-34.387417],[-58.63312,-34.387175],[-58.632996,-34.387217],[-58.633104,-34.38741]]]}},{"type":"Feature","properties":{"partida":"057041584","cca":"057030T00000000000000000000000210000007000","tipo":"Urbano","sup_m2":315.1},"geometry":{"type":"Polygon","coordinates":[[[-58.633104,-34.38741],[-58.632996,-34.387217],[-58.632835,-34.387273],[-58.632908,-34.387402],[-58.633104,-34.38741]]]}},{"type":"Feature","properties":{"partida":"057041585","cca":"057030T00000000000000000000000210000008000","tipo":"Urbano","sup_m2":497.2},"geometry":{"type":"Polygon","coordinates":[[[-58.632908,-34.387402],[-58.632835,-34.387273],[-58.63257,-34.387364],[-58.632559,-34.387405],[-58.632818,-34.387524],[-58.632908,-34.387402]]]}},{"type":"Feature","properties":{"partida":"057041586","cca":"057030T00000000000000000000000210000009000","tipo":"Urbano","sup_m2":326.7},"geometry":{"type":"Polygon","coordinates":[[[-58.632978,-34.387598],[-58.633104,-34.38741],[-58.632908,-34.387402],[-58.632818,-34.387524],[-58.632978,-34.387598]]]}},{"type":"Feature","properties":{"partida":"057062792","cca":"057030T00000000000000000000000210000010000","tipo":"Urbano","sup_m2":322.3},"geometry":{"type":"Polygon","coordinates":[[[-58.633248,-34.387417],[-58.633104,-34.38741],[-58.632978,-34.387598],[-58.633095,-34.387651],[-58.633248,-34.387417]]]}},{"type":"Feature","properties":{"partida":"057062793","cca":"057030T00000000000000000000000210000011000","tipo":"Urbano","sup_m2":336.6},"geometry":{"type":"Polygon","coordinates":[[[-58.633191,-34.387696],[-58.633377,-34.387422],[-58.633248,-34.387417],[-58.633095,-34.387651],[-58.633191,-34.387696]]]}},{"type":"Feature","properties":{"partida":"057041587","cca":"057030T00000000000000000000000210000012000","tipo":"Urbano","sup_m2":385.4},"geometry":{"type":"Polygon","coordinates":[[[-58.633493,-34.387427],[-58.633377,-34.387422],[-58.633191,-34.387696],[-58.633296,-34.387744],[-58.633493,-34.387427]]]}},{"type":"Feature","properties":{"partida":"057041581","cca":"057030T00000000000000000000000210000013000","tipo":"Urbano","sup_m2":507.3},"geometry":{"type":"Polygon","coordinates":[[[-58.633716,-34.387739],[-58.633368,-34.387628],[-58.633296,-34.387744],[-58.633488,-34.387832],[-58.633551,-34.387838],[-58.633692,-34.387789],[-58.633716,-34.387739]]]}},{"type":"Feature","properties":{"partida":"057041588","cca":"057030T00000000000000000000000210000014000","tipo":"Urbano","sup_m2":406.4},"geometry":{"type":"Polygon","coordinates":[[[-58.633764,-34.387637],[-58.633428,-34.387531],[-58.633368,-34.387628],[-58.633716,-34.387739],[-58.633764,-34.387637]]]}},{"type":"Feature","properties":{"partida":"057041589","cca":"057030T00000000000000000000000210000015000","tipo":"Urbano","sup_m2":415.4},"geometry":{"type":"Polygon","coordinates":[[[-58.633764,-34.387637],[-58.633815,-34.387531],[-58.633493,-34.387427],[-58.633428,-34.387531],[-58.633764,-34.387637]]]}},{"type":"Feature","properties":{"partida":"057041590","cca":"057030T00000000000000000000000210000016000","tipo":"Urbano","sup_m2":353.4},"geometry":{"type":"Polygon","coordinates":[[[-58.633865,-34.387427],[-58.633599,-34.387345],[-58.633493,-34.387427],[-58.633815,-34.387531],[-58.633865,-34.387427]]]}},{"type":"Feature","properties":{"partida":"057041591","cca":"057030T00000000000000000000000210000017000","tipo":"Urbano","sup_m2":517.4},"geometry":{"type":"Polygon","coordinates":[[[-58.633928,-34.387215],[-58.633555,-34.387259],[-58.633599,-34.387345],[-58.633865,-34.387427],[-58.633939,-34.387272],[-58.633928,-34.387215]]]}},{"type":"Feature","properties":{"partida":"057029872","cca":"057030T00000000000000000000000210000018000","tipo":"Urbano","sup_m2":333.8},"geometry":{"type":"Polygon","coordinates":[[[-58.633928,-34.387215],[-58.633901,-34.387084],[-58.63364,-34.387112],[-58.633707,-34.387241],[-58.633928,-34.387215]]]}},{"type":"Feature","properties":{"partida":"057023227","cca":"057030T00000000000000000000000220000001000","tipo":"Urbano","sup_m2":414.2},"geometry":{"type":"Polygon","coordinates":[[[-58.632425,-34.387774],[-58.632584,-34.387543],[-58.632489,-34.387501],[-58.632438,-34.387498],[-58.632297,-34.387547],[-58.632425,-34.387774]]]}},{"type":"Feature","properties":{"partida":"057041550","cca":"057030T00000000000000000000000220000002000","tipo":"Urbano","sup_m2":322.1},"geometry":{"type":"Polygon","coordinates":[[[-58.632425,-34.387774],[-58.632297,-34.387547],[-58.632202,-34.38758],[-58.632353,-34.387878],[-58.632425,-34.387774]]]}},{"type":"Feature","properties":{"partida":"057041551","cca":"057030T00000000000000000000000220000003000","tipo":"Urbano","sup_m2":296.3},"geometry":{"type":"Polygon","coordinates":[[[-58.632101,-34.387615],[-58.632231,-34.387862],[-58.632328,-34.38783],[-58.632202,-34.38758],[-58.632101,-34.387615]]]}},{"type":"Feature","properties":{"partida":"057041552","cca":"057030T00000000000000000000000220000004000","tipo":"Urbano","sup_m2":292.3},"geometry":{"type":"Polygon","coordinates":[[[-58.632231,-34.387862],[-58.632101,-34.387615],[-58.632005,-34.387648],[-58.63213,-34.387896],[-58.632231,-34.387862]]]}},{"type":"Feature","properties":{"partida":"057041553","cca":"057030T00000000000000000000000220000005000","tipo":"Urbano","sup_m2":322.9},"geometry":{"type":"Polygon","coordinates":[[[-58.631736,-34.387839],[-58.632051,-34.387739],[-58.632005,-34.387648],[-58.631722,-34.387746],[-58.631705,-34.387778],[-58.631736,-34.387839]]]}},{"type":"Feature","properties":{"partida":"057041554","cca":"057030T00000000000000000000000220000006000","tipo":"Urbano","sup_m2":290.8},"geometry":{"type":"Polygon","coordinates":[[[-58.631776,-34.387917],[-58.63209,-34.387818],[-58.632051,-34.387739],[-58.631736,-34.387839],[-58.631776,-34.387917]]]}},{"type":"Feature","properties":{"partida":"057041555","cca":"057030T00000000000000000000000220000007000","tipo":"Urbano","sup_m2":301.7},"geometry":{"type":"Polygon","coordinates":[[[-58.631776,-34.387917],[-58.631819,-34.388001],[-58.63213,-34.387896],[-58.63209,-34.387818],[-58.631776,-34.387917]]]}},{"type":"Feature","properties":{"partida":"057041556","cca":"057030T00000000000000000000000220000008000","tipo":"Urbano","sup_m2":505.5},"geometry":{"type":"Polygon","coordinates":[[[-58.632328,-34.38783],[-58.631819,-34.388001],[-58.631862,-34.388085],[-58.63237,-34.387911],[-58.632328,-34.38783]]]}},{"type":"Feature","properties":{"partida":"057041557","cca":"057030T00000000000000000000000220000009000","tipo":"Urbano","sup_m2":474.6},"geometry":{"type":"Polygon","coordinates":[[[-58.631903,-34.388164],[-58.632409,-34.387989],[-58.63237,-34.387911],[-58.631862,-34.388085],[-58.631903,-34.388164]]]}},{"type":"Feature","properties":{"partida":"057041558","cca":"057030T00000000000000000000000220000010000","tipo":"Urbano","sup_m2":310.2},"geometry":{"type":"Polygon","coordinates":[[[-58.632206,-34.388059],[-58.631903,-34.388164],[-58.631945,-34.388246],[-58.632253,-34.388146],[-58.632206,-34.388059]]]}},{"type":"Feature","properties":{"partida":"057041559","cca":"057030T00000000000000000000000220000011000","tipo":"Urbano","sup_m2":287.2},"geometry":{"type":"Polygon","coordinates":[[[-58.632293,-34.388222],[-58.632253,-34.388146],[-58.631945,-34.388246],[-58.631986,-34.388326],[-58.632293,-34.388222]]]}},{"type":"Feature","properties":{"partida":"057041560","cca":"057030T00000000000000000000000220000012000","tipo":"Urbano","sup_m2":322.3},"geometry":{"type":"Polygon","coordinates":[[[-58.632293,-34.388222],[-58.631986,-34.388326],[-58.632018,-34.388388],[-58.632065,-34.388404],[-58.63234,-34.38831],[-58.632293,-34.388222]]]}},{"type":"Feature","properties":{"partida":"057041561","cca":"057030T00000000000000000000000220000013000","tipo":"Urbano","sup_m2":307.9},"geometry":{"type":"Polygon","coordinates":[[[-58.632206,-34.388059],[-58.63234,-34.38831],[-58.632443,-34.388276],[-58.632307,-34.388024],[-58.632206,-34.388059]]]}},{"type":"Feature","properties":{"partida":"057041562","cca":"057030T00000000000000000000000220000014000","tipo":"Urbano","sup_m2":300.6},"geometry":{"type":"Polygon","coordinates":[[[-58.632409,-34.387989],[-58.632307,-34.388024],[-58.632443,-34.388276],[-58.632538,-34.388244],[-58.632409,-34.387989]]]}},{"type":"Feature","properties":{"partida":"057041549","cca":"057030T00000000000000000000000220000015000","tipo":"Urbano","sup_m2":434.0},"geometry":{"type":"Polygon","coordinates":[[[-58.632538,-34.388244],[-58.632641,-34.388208],[-58.632482,-34.387886],[-58.632353,-34.387878],[-58.632538,-34.388244]]]}},{"type":"Feature","properties":{"partida":"057041563","cca":"057030T00000000000000000000000220000016000","tipo":"Urbano","sup_m2":361.8},"geometry":{"type":"Polygon","coordinates":[[[-58.632744,-34.388173],[-58.632601,-34.387893],[-58.632482,-34.387886],[-58.632641,-34.388208],[-58.632744,-34.388173]]]}},{"type":"Feature","properties":{"partida":"057041564","cca":"057030T00000000000000000000000220000017000","tipo":"Urbano","sup_m2":317.1},"geometry":{"type":"Polygon","coordinates":[[[-58.632601,-34.387893],[-58.632744,-34.388173],[-58.632847,-34.388139],[-58.632724,-34.3879],[-58.632601,-34.387893]]]}},{"type":"Feature","properties":{"partida":"057041565","cca":"057030T00000000000000000000000220000018000","tipo":"Urbano","sup_m2":355.0},"geometry":{"type":"Polygon","coordinates":[[[-58.632895,-34.387911],[-58.632724,-34.3879],[-58.632847,-34.388139],[-58.632989,-34.38809],[-58.632895,-34.387911]]]}},{"type":"Feature","properties":{"partida":"057030359","cca":"057030T00000000000000000000000220000019000","tipo":"Urbano","sup_m2":458.2},"geometry":{"type":"Polygon","coordinates":[[[-58.632989,-34.38809],[-58.633113,-34.388048],[-58.633031,-34.387915],[-58.633125,-34.387784],[-58.633005,-34.387731],[-58.632895,-34.387911],[-58.632989,-34.38809]]]}},{"type":"Feature","properties":{"partida":"057041566","cca":"057030T00000000000000000000000220000020000","tipo":"Urbano","sup_m2":559.6},"geometry":{"type":"Polygon","coordinates":[[[-58.633125,-34.387784],[-58.633031,-34.387915],[-58.633113,-34.388048],[-58.633395,-34.387952],[-58.6334,-34.387907],[-58.633125,-34.387784]]]}},{"type":"Feature","properties":{"partida":"057041567","cca":"057030T00000000000000000000000220000021000","tipo":"Urbano","sup_m2":360.8},"geometry":{"type":"Polygon","coordinates":[[[-58.632724,-34.3879],[-58.632895,-34.387911],[-58.633005,-34.387731],[-58.632873,-34.387672],[-58.632724,-34.3879]]]}},{"type":"Feature","properties":{"partida":"057041568","cca":"057030T00000000000000000000000220000022000","tipo":"Urbano","sup_m2":317.7},"geometry":{"type":"Polygon","coordinates":[[[-58.632601,-34.387893],[-58.632724,-34.3879],[-58.632873,-34.387672],[-58.632777,-34.387629],[-58.632601,-34.387893]]]}},{"type":"Feature","properties":{"partida":"057041569","cca":"057030T00000000000000000000000220000023000","tipo":"Urbano","sup_m2":349.9},"geometry":{"type":"Polygon","coordinates":[[[-58.632684,-34.387588],[-58.632482,-34.387886],[-58.632601,-34.387893],[-58.632777,-34.387629],[-58.632684,-34.387588]]]}},{"type":"Feature","properties":{"partida":"057041570","cca":"057030T00000000000000000000000220000024000","tipo":"Urbano","sup_m2":427.9},"geometry":{"type":"Polygon","coordinates":[[[-58.632482,-34.387886],[-58.632684,-34.387588],[-58.632584,-34.387543],[-58.632353,-34.387878],[-58.632482,-34.387886]]]}},{"type":"Feature","properties":{"partida":"057041524","cca":"057030T00000000000000000000000230000001000","tipo":"Urbano","sup_m2":348.9},"geometry":{"type":"Polygon","coordinates":[[[-58.631259,-34.388031],[-58.631575,-34.387923],[-58.631543,-34.387859],[-58.631493,-34.38784],[-58.631212,-34.387938],[-58.631259,-34.388031]]]}},{"type":"Feature","properties":{"partida":"057041525","cca":"057030T00000000000000000000000230000002000","tipo":"Urbano","sup_m2":320.9},"geometry":{"type":"Polygon","coordinates":[[[-58.631341,-34.388194],[-58.631212,-34.387938],[-58.631106,-34.387975],[-58.631237,-34.388229],[-58.631341,-34.388194]]]}},{"type":"Feature","properties":{"partida":"057041526","cca":"057030T00000000000000000000000230000003000","tipo":"Urbano","sup_m2":296.0},"geometry":{"type":"Polygon","coordinates":[[[-58.631237,-34.388229],[-58.631106,-34.387975],[-58.631011,-34.388009],[-58.631138,-34.388262],[-58.631237,-34.388229]]]}},{"type":"Feature","properties":{"partida":"057041527","cca":"057030T00000000000000000000000230000004000","tipo":"Urbano","sup_m2":336.7},"geometry":{"type":"Polygon","coordinates":[[[-58.63103,-34.388286],[-58.631166,-34.388317],[-58.631011,-34.388009],[-58.630909,-34.388044],[-58.63103,-34.388286]]]}},{"type":"Feature","properties":{"partida":"057027037","cca":"057030T00000000000000000000000230000005000","tipo":"Urbano","sup_m2":444.4},"geometry":{"type":"Polygon","coordinates":[[[-58.63103,-34.388286],[-58.630909,-34.388044],[-58.630765,-34.388095],[-58.630718,-34.388128],[-58.630691,-34.388206],[-58.63103,-34.388286]]]}},{"type":"Feature","properties":{"partida":"057041528","cca":"057030T00000000000000000000000230000006000","tipo":"Urbano","sup_m2":443.8},"geometry":{"type":"Polygon","coordinates":[[[-58.631166,-34.388317],[-58.630691,-34.388206],[-58.630661,-34.388295],[-58.631081,-34.388396],[-58.631166,-34.388317]]]}},{"type":"Feature","properties":{"partida":"057041529","cca":"057030T00000000000000000000000230000007000","tipo":"Urbano","sup_m2":388.1},"geometry":{"type":"Polygon","coordinates":[[[-58.630999,-34.388473],[-58.631081,-34.388396],[-58.630661,-34.388295],[-58.630631,-34.388383],[-58.630999,-34.388473]]]}},{"type":"Feature","properties":{"partida":"057041530","cca":"057030T00000000000000000000000230000008000","tipo":"Urbano","sup_m2":325.7},"geometry":{"type":"Polygon","coordinates":[[[-58.630923,-34.388544],[-58.630999,-34.388473],[-58.630631,-34.388383],[-58.6306,-34.388472],[-58.630923,-34.388544]]]}},{"type":"Feature","properties":{"partida":"057041531","cca":"057030T00000000000000000000000230000009000","tipo":"Urbano","sup_m2":379.5},"geometry":{"type":"Polygon","coordinates":[[[-58.630809,-34.388651],[-58.630923,-34.388544],[-58.6306,-34.388472],[-58.63056,-34.38859],[-58.630809,-34.388651]]]}},{"type":"Feature","properties":{"partida":"057041532","cca":"057030T00000000000000000000000230000010000","tipo":"Urbano","sup_m2":503.1},"geometry":{"type":"Polygon","coordinates":[[[-58.630809,-34.388651],[-58.63056,-34.38859],[-58.630522,-34.388702],[-58.630715,-34.388744],[-58.63078,-34.388885],[-58.6309,-34.388844],[-58.630809,-34.388651]]]}},{"type":"Feature","properties":{"partida":"057041533","cca":"057030T00000000000000000000000230000011000","tipo":"Urbano","sup_m2":607.6},"geometry":{"type":"Polygon","coordinates":[[[-58.63078,-34.388885],[-58.630715,-34.388744],[-58.630522,-34.388702],[-58.630436,-34.388954],[-58.630482,-34.388986],[-58.63078,-34.388885]]]}},{"type":"Feature","properties":{"partida":"057041534","cca":"057030T00000000000000000000000230000012000","tipo":"Urbano","sup_m2":381.8},"geometry":{"type":"Polygon","coordinates":[[[-58.630809,-34.388651],[-58.6309,-34.388844],[-58.631047,-34.388795],[-58.630923,-34.388544],[-58.630809,-34.388651]]]}},{"type":"Feature","properties":{"partida":"057041535","cca":"057030T00000000000000000000000230000013000","tipo":"Urbano","sup_m2":311.4},"geometry":{"type":"Polygon","coordinates":[[[-58.631145,-34.388761],[-58.630999,-34.388473],[-58.630923,-34.388544],[-58.631047,-34.388795],[-58.631145,-34.388761]]]}},{"type":"Feature","properties":{"partida":"057041536","cca":"057030T00000000000000000000000230000014000","tipo":"Urbano","sup_m2":385.2},"geometry":{"type":"Polygon","coordinates":[[[-58.63125,-34.388726],[-58.631081,-34.388396],[-58.630999,-34.388473],[-58.631145,-34.388761],[-58.63125,-34.388726]]]}},{"type":"Feature","properties":{"partida":"057041537","cca":"057030T00000000000000000000000230000015000","tipo":"Urbano","sup_m2":442.4},"geometry":{"type":"Polygon","coordinates":[[[-58.631166,-34.388317],[-58.631081,-34.388396],[-58.63125,-34.388726],[-58.631354,-34.388691],[-58.631166,-34.388317]]]}},{"type":"Feature","properties":{"partida":"057041538","cca":"057030T00000000000000000000000230000016000","tipo":"Urbano","sup_m2":300.5},"geometry":{"type":"Polygon","coordinates":[[[-58.631322,-34.388401],[-58.631225,-34.388435],[-58.631354,-34.388691],[-58.631452,-34.388658],[-58.631322,-34.388401]]]}},{"type":"Feature","properties":{"partida":"057041539","cca":"057030T00000000000000000000000230000017000","tipo":"Urbano","sup_m2":300.8},"geometry":{"type":"Polygon","coordinates":[[[-58.631421,-34.388367],[-58.631322,-34.388401],[-58.631452,-34.388658],[-58.631549,-34.388625],[-58.631421,-34.388367]]]}},{"type":"Feature","properties":{"partida":"057041540","cca":"057030T00000000000000000000000230000018000","tipo":"Urbano","sup_m2":338.2},"geometry":{"type":"Polygon","coordinates":[[[-58.631505,-34.388537],[-58.631549,-34.388625],[-58.63184,-34.388527],[-58.631861,-34.388487],[-58.63183,-34.388426],[-58.631505,-34.388537]]]}},{"type":"Feature","properties":{"partida":"057041541","cca":"057030T00000000000000000000000230000019000","tipo":"Urbano","sup_m2":327.4},"geometry":{"type":"Polygon","coordinates":[[[-58.63183,-34.388426],[-58.631788,-34.388343],[-58.631463,-34.388451],[-58.631505,-34.388537],[-58.63183,-34.388426]]]}},{"type":"Feature","properties":{"partida":"057041542","cca":"057030T00000000000000000000000230000020000","tipo":"Urbano","sup_m2":333.3},"geometry":{"type":"Polygon","coordinates":[[[-58.631421,-34.388367],[-58.631463,-34.388451],[-58.631788,-34.388343],[-58.631744,-34.388255],[-58.631421,-34.388367]]]}},{"type":"Feature","properties":{"partida":"057041543","cca":"057030T00000000000000000000000230000021000","tipo":"Urbano","sup_m2":514.7},"geometry":{"type":"Polygon","coordinates":[[[-58.631701,-34.388172],[-58.631183,-34.388352],[-58.631225,-34.388435],[-58.631744,-34.388255],[-58.631701,-34.388172]]]}},{"type":"Feature","properties":{"partida":"057041544","cca":"057030T00000000000000000000000230000022000","tipo":"Urbano","sup_m2":542.5},"geometry":{"type":"Polygon","coordinates":[[[-58.631659,-34.388087],[-58.631138,-34.388262],[-58.631183,-34.388352],[-58.631701,-34.388172],[-58.631659,-34.388087]]]}},{"type":"Feature","properties":{"partida":"057041545","cca":"057030T00000000000000000000000230000023000","tipo":"Urbano","sup_m2":311.7},"geometry":{"type":"Polygon","coordinates":[[[-58.631617,-34.388005],[-58.6313,-34.388112],[-58.631341,-34.388194],[-58.631659,-34.388087],[-58.631617,-34.388005]]]}},{"type":"Feature","properties":{"partida":"057013448","cca":"057030T00000000000000000000000230000024000","tipo":"Urbano","sup_m2":309.3},"geometry":{"type":"Polygon","coordinates":[[[-58.631259,-34.388031],[-58.6313,-34.388112],[-58.631617,-34.388005],[-58.631575,-34.387923],[-58.631259,-34.388031]]]}},{"type":"Feature","properties":{"partida":"057062794","cca":"057030T00000000000000000000000240000001000","tipo":"Urbano","sup_m2":3896.3},"geometry":{"type":"Polygon","coordinates":[[[-58.629898,-34.388733],[-58.629998,-34.388697],[-58.63018,-34.389041],[-58.630243,-34.389019],[-58.630282,-34.388988],[-58.630556,-34.388151],[-58.630506,-34.388116],[-58.629723,-34.388394],[-58.629898,-34.388733]]]}},{"type":"Feature","properties":{"partida":"057062795","cca":"057030T00000000000000000000000240000002000","tipo":"Urbano","sup_m2":418.6},"geometry":{"type":"Polygon","coordinates":[[[-58.629618,-34.388431],[-58.629797,-34.388769],[-58.629898,-34.388733],[-58.629723,-34.388394],[-58.629618,-34.388431]]]}},{"type":"Feature","properties":{"partida":"057062796","cca":"057030T00000000000000000000000240000003000","tipo":"Urbano","sup_m2":412.9},"geometry":{"type":"Polygon","coordinates":[[[-58.629797,-34.388769],[-58.629618,-34.388431],[-58.629516,-34.388467],[-58.629699,-34.388804],[-58.629797,-34.388769]]]}},{"type":"Feature","properties":{"partida":"057062797","cca":"057030T00000000000000000000000240000004000","tipo":"Urbano","sup_m2":422.5},"geometry":{"type":"Polygon","coordinates":[[[-58.629593,-34.388842],[-58.629699,-34.388804],[-58.629516,-34.388467],[-58.629416,-34.388503],[-58.629593,-34.388842]]]}},{"type":"Feature","properties":{"partida":"057062798","cca":"057030T00000000000000000000000240000005000","tipo":"Urbano","sup_m2":379.7},"geometry":{"type":"Polygon","coordinates":[[[-58.629429,-34.388803],[-58.62955,-34.38876],[-58.629416,-34.388503],[-58.629292,-34.388547],[-58.629429,-34.388803]]]}},{"type":"Feature","properties":{"partida":"057062799","cca":"057030T00000000000000000000000240000006000","tipo":"Urbano","sup_m2":387.9},"geometry":{"type":"Polygon","coordinates":[[[-58.629429,-34.388803],[-58.629292,-34.388547],[-58.629167,-34.388591],[-58.629305,-34.388847],[-58.629429,-34.388803]]]}},{"type":"Feature","properties":{"partida":"057062800","cca":"057030T00000000000000000000000240000007000","tipo":"Urbano","sup_m2":373.5},"geometry":{"type":"Polygon","coordinates":[[[-58.629167,-34.388591],[-58.629075,-34.388624],[-58.629064,-34.388669],[-58.629183,-34.388891],[-58.629305,-34.388847],[-58.629167,-34.388591]]]}},{"type":"Feature","properties":{"partida":"057062801","cca":"057030T00000000000000000000000240000008000","tipo":"Urbano","sup_m2":370.0},"geometry":{"type":"Polygon","coordinates":[[[-58.629227,-34.388974],[-58.629593,-34.388842],[-58.62955,-34.38876],[-58.629183,-34.388891],[-58.629227,-34.388974]]]}},{"type":"Feature","properties":{"partida":"057062802","cca":"057030T00000000000000000000000240000009000","tipo":"Urbano","sup_m2":372.2},"geometry":{"type":"Polygon","coordinates":[[[-58.629271,-34.389056],[-58.629638,-34.388929],[-58.629593,-34.388842],[-58.629227,-34.388974],[-58.629271,-34.389056]]]}},{"type":"Feature","properties":{"partida":"057062803","cca":"057030T00000000000000000000000240000010000","tipo":"Urbano","sup_m2":357.1},"geometry":{"type":"Polygon","coordinates":[[[-58.629271,-34.389056],[-58.629391,-34.389279],[-58.629442,-34.389299],[-58.629526,-34.38927],[-58.629389,-34.389015],[-58.629271,-34.389056]]]}},{"type":"Feature","properties":{"partida":"057062804","cca":"057030T00000000000000000000000240000011000","tipo":"Urbano","sup_m2":361.5},"geometry":{"type":"Polygon","coordinates":[[[-58.629642,-34.389229],[-58.629506,-34.388974],[-58.629389,-34.389015],[-58.629526,-34.38927],[-58.629642,-34.389229]]]}},{"type":"Feature","properties":{"partida":"057062805","cca":"057030T00000000000000000000000240000012000","tipo":"Urbano","sup_m2":403.4},"geometry":{"type":"Polygon","coordinates":[[[-58.629772,-34.389184],[-58.629638,-34.388929],[-58.629506,-34.388974],[-58.629642,-34.389229],[-58.629772,-34.389184]]]}},{"type":"Feature","properties":{"partida":"057062806","cca":"057030T00000000000000000000000240000013000","tipo":"Urbano","sup_m2":447.6},"geometry":{"type":"Polygon","coordinates":[[[-58.629883,-34.389145],[-58.629699,-34.388804],[-58.629593,-34.388842],[-58.629772,-34.389184],[-58.629883,-34.389145]]]}},{"type":"Feature","properties":{"partida":"057062807","cca":"057030T00000000000000000000000240000014000","tipo":"Urbano","sup_m2":403.6},"geometry":{"type":"Polygon","coordinates":[[[-58.629979,-34.389111],[-58.629797,-34.388769],[-58.629699,-34.388804],[-58.629883,-34.389145],[-58.629979,-34.389111]]]}},{"type":"Feature","properties":{"partida":"057062808","cca":"057030T00000000000000000000000240000015000","tipo":"Urbano","sup_m2":408.9},"geometry":{"type":"Polygon","coordinates":[[[-58.629979,-34.389111],[-58.630075,-34.389077],[-58.629898,-34.388733],[-58.629797,-34.388769],[-58.629979,-34.389111]]]}},{"type":"Feature","properties":{"partida":"057062809","cca":"057030T00000000000000000000000240000016000","tipo":"Urbano","sup_m2":426.5},"geometry":{"type":"Polygon","coordinates":[[[-58.63018,-34.389041],[-58.629998,-34.388697],[-58.629898,-34.388733],[-58.630075,-34.389077],[-58.63018,-34.389041]]]}},{"type":"Feature","properties":{"partida":"057062810","cca":"057030T00000000000000000000000250000001000","tipo":"Urbano","sup_m2":378.1},"geometry":{"type":"Polygon","coordinates":[[[-58.628945,-34.388972],[-58.629065,-34.388928],[-58.628936,-34.388689],[-58.628902,-34.388675],[-58.628805,-34.38871],[-58.628945,-34.388972]]]}},{"type":"Feature","properties":{"partida":"057090357","cca":"057030T00000000000000000000000250000002000","tipo":"Urbano","sup_m2":407.4},"geometry":{"type":"Polygon","coordinates":[[[-58.62882,-34.389017],[-58.628945,-34.388972],[-58.628805,-34.38871],[-58.628673,-34.388758],[-58.62882,-34.389017]]]}},{"type":"Feature","properties":{"partida":"057090358","cca":"057030T00000000000000000000000250000003000","tipo":"Urbano","sup_m2":396.6},"geometry":{"type":"Polygon","coordinates":[[[-58.628693,-34.389063],[-58.62882,-34.389017],[-58.628673,-34.388758],[-58.628551,-34.388803],[-58.628693,-34.389063]]]}},{"type":"Feature","properties":{"partida":"057090359","cca":"057030T00000000000000000000000250000004000","tipo":"Urbano","sup_m2":407.8},"geometry":{"type":"Polygon","coordinates":[[[-58.628643,-34.389183],[-58.628739,-34.389146],[-58.628551,-34.388803],[-58.628454,-34.388838],[-58.628643,-34.389183]]]}},{"type":"Feature","properties":{"partida":"057090360","cca":"057030T00000000000000000000000250000005000","tipo":"Urbano","sup_m2":425.1},"geometry":{"type":"Polygon","coordinates":[[[-58.628543,-34.389221],[-58.628643,-34.389183],[-58.628454,-34.388838],[-58.628353,-34.388875],[-58.628543,-34.389221]]]}},{"type":"Feature","properties":{"partida":"057090361","cca":"057030T00000000000000000000000250000006000","tipo":"Urbano","sup_m2":443.8},"geometry":{"type":"Polygon","coordinates":[[[-58.628492,-34.389129],[-58.628353,-34.388875],[-58.628263,-34.388908],[-58.628222,-34.388951],[-58.628193,-34.389082],[-58.628492,-34.389129]]]}},{"type":"Feature","properties":{"partida":"057090362","cca":"057030T00000000000000000000000250000007000","tipo":"Urbano","sup_m2":387.8},"geometry":{"type":"Polygon","coordinates":[[[-58.628561,-34.389253],[-58.628492,-34.389129],[-58.628193,-34.389082],[-58.628169,-34.389185],[-58.628561,-34.389253]]]}},{"type":"Feature","properties":{"partida":"057090363","cca":"057030T00000000000000000000000250000008000","tipo":"Urbano","sup_m2":375.9},"geometry":{"type":"Polygon","coordinates":[[[-58.628477,-34.38934],[-58.628561,-34.389253],[-58.628169,-34.389185],[-58.628147,-34.389285],[-58.628477,-34.38934]]]}},{"type":"Feature","properties":{"partida":"057090364","cca":"057030T00000000000000000000000250000009000","tipo":"Urbano","sup_m2":318.5},"geometry":{"type":"Polygon","coordinates":[[[-58.628477,-34.38934],[-58.628147,-34.389285],[-58.628125,-34.389384],[-58.628389,-34.389432],[-58.628477,-34.38934]]]}},{"type":"Feature","properties":{"partida":"057090365","cca":"057030T00000000000000000000000250000010000","tipo":"Urbano","sup_m2":328.2},"geometry":{"type":"Polygon","coordinates":[[[-58.628273,-34.389552],[-58.628389,-34.389432],[-58.628125,-34.389384],[-58.628092,-34.389528],[-58.628273,-34.389552]]]}},{"type":"Feature","properties":{"partida":"057090366","cca":"057030T00000000000000000000000250000011000","tipo":"Urbano","sup_m2":523.2},"geometry":{"type":"Polygon","coordinates":[[[-58.628273,-34.389552],[-58.628092,-34.389528],[-58.628042,-34.38975],[-58.6281,-34.389782],[-58.628352,-34.38969],[-58.628273,-34.389552]]]}},{"type":"Feature","properties":{"partida":"057090367","cca":"057030T00000000000000000000000250000012000","tipo":"Urbano","sup_m2":313.3},"geometry":{"type":"Polygon","coordinates":[[[-58.628498,-34.389637],[-58.628389,-34.389432],[-58.628273,-34.389552],[-58.628352,-34.38969],[-58.628498,-34.389637]]]}},{"type":"Feature","properties":{"partida":"057090368","cca":"057030T00000000000000000000000250000013000","tipo":"Urbano","sup_m2":335.8},"geometry":{"type":"Polygon","coordinates":[[[-58.628389,-34.389432],[-58.628498,-34.389637],[-58.628621,-34.389592],[-58.628477,-34.38934],[-58.628389,-34.389432]]]}},{"type":"Feature","properties":{"partida":"057090369","cca":"057030T00000000000000000000000250000014000","tipo":"Urbano","sup_m2":364.1},"geometry":{"type":"Polygon","coordinates":[[[-58.628561,-34.389253],[-58.628477,-34.38934],[-58.628621,-34.389592],[-58.628726,-34.389554],[-58.628561,-34.389253]]]}},{"type":"Feature","properties":{"partida":"057090370","cca":"057030T00000000000000000000000250000015000","tipo":"Urbano","sup_m2":409.3},"geometry":{"type":"Polygon","coordinates":[[[-58.628826,-34.389518],[-58.628643,-34.389183],[-58.628543,-34.389221],[-58.628726,-34.389554],[-58.628826,-34.389518]]]}},{"type":"Feature","properties":{"partida":"057090371","cca":"057030T00000000000000000000000250000016000","tipo":"Urbano","sup_m2":397.1},"geometry":{"type":"Polygon","coordinates":[[[-58.628922,-34.389482],[-58.628739,-34.389146],[-58.628643,-34.389183],[-58.628826,-34.389518],[-58.628922,-34.389482]]]}},{"type":"Feature","properties":{"partida":"057090372","cca":"057030T00000000000000000000000250000017000","tipo":"Urbano","sup_m2":389.0},"geometry":{"type":"Polygon","coordinates":[[[-58.628903,-34.389179],[-58.628781,-34.389224],[-58.628922,-34.389482],[-58.629047,-34.389437],[-58.628903,-34.389179]]]}},{"type":"Feature","properties":{"partida":"057090373","cca":"057030T00000000000000000000000250000018000","tipo":"Urbano","sup_m2":402.8},"geometry":{"type":"Polygon","coordinates":[[[-58.62903,-34.389133],[-58.628903,-34.389179],[-58.629047,-34.389437],[-58.629174,-34.389391],[-58.62903,-34.389133]]]}},{"type":"Feature","properties":{"partida":"057090374","cca":"057030T00000000000000000000000250000019000","tipo":"Urbano","sup_m2":377.8},"geometry":{"type":"Polygon","coordinates":[[[-58.62903,-34.389133],[-58.629174,-34.389391],[-58.62926,-34.389359],[-58.62928,-34.389322],[-58.629153,-34.389088],[-58.62903,-34.389133]]]}},{"type":"Feature","properties":{"partida":"057090375","cca":"057030T00000000000000000000000250000020000","tipo":"Urbano","sup_m2":364.9},"geometry":{"type":"Polygon","coordinates":[[[-58.628781,-34.389224],[-58.629153,-34.389088],[-58.629108,-34.389005],[-58.628739,-34.389146],[-58.628781,-34.389224]]]}},{"type":"Feature","properties":{"partida":"057090376","cca":"057030T00000000000000000000000250000021000","tipo":"Urbano","sup_m2":366.1},"geometry":{"type":"Polygon","coordinates":[[[-58.629065,-34.388928],[-58.628693,-34.389063],[-58.628739,-34.389146],[-58.629108,-34.389005],[-58.629065,-34.388928]]]}},{"type":"Feature","properties":{"partida":"057023228","cca":"057030T00000000000000000000000400000001000","tipo":"Urbano","sup_m2":435.3},"geometry":{"type":"Polygon","coordinates":[[[-58.633395,-34.388108],[-58.633539,-34.388376],[-58.633646,-34.388136],[-58.633615,-34.388073],[-58.633568,-34.388048],[-58.633395,-34.388108]]]}},{"type":"Feature","properties":{"partida":"057063481","cca":"057030T00000000000000000000000400000002000","tipo":"Urbano","sup_m2":661.2},"geometry":{"type":"Polygon","coordinates":[[[-58.633452,-34.388575],[-58.633539,-34.388376],[-58.633395,-34.388108],[-58.633236,-34.388163],[-58.633452,-34.388575]]]}},{"type":"Feature","properties":{"partida":"057063482","cca":"057030T00000000000000000000000400000003000","tipo":"Urbano","sup_m2":527.1},"geometry":{"type":"Polygon","coordinates":[[[-58.633452,-34.388575],[-58.633236,-34.388163],[-58.633133,-34.388199],[-58.633333,-34.388602],[-58.633452,-34.388575]]]}},{"type":"Feature","properties":{"partida":"057063483","cca":"057030T00000000000000000000000400000004000","tipo":"Urbano","sup_m2":519.2},"geometry":{"type":"Polygon","coordinates":[[[-58.633223,-34.388627],[-58.633333,-34.388602],[-58.633133,-34.388199],[-58.633018,-34.388239],[-58.633223,-34.388627]]]}},{"type":"Feature","properties":{"partida":"057063484","cca":"057030T00000000000000000000000400000005000","tipo":"Urbano","sup_m2":517.2},"geometry":{"type":"Polygon","coordinates":[[[-58.633223,-34.388627],[-58.633018,-34.388239],[-58.632907,-34.388277],[-58.633104,-34.388654],[-58.633223,-34.388627]]]}},{"type":"Feature","properties":{"partida":"057063485","cca":"057030T00000000000000000000000400000006000","tipo":"Urbano","sup_m2":519.9},"geometry":{"type":"Polygon","coordinates":[[[-58.632979,-34.388682],[-58.633104,-34.388654],[-58.632907,-34.388277],[-58.632792,-34.388317],[-58.632979,-34.388682]]]}},{"type":"Feature","properties":{"partida":"057028802","cca":"057030T00000000000000000000000400000007000","tipo":"Urbano","sup_m2":465.9},"geometry":{"type":"Polygon","coordinates":[[[-58.632792,-34.388317],[-58.632686,-34.388354],[-58.632863,-34.388708],[-58.632979,-34.388682],[-58.632792,-34.388317]]]}},{"type":"Feature","properties":{"partida":"057063486","cca":"057030T00000000000000000000000400000008000","tipo":"Urbano","sup_m2":459.4},"geometry":{"type":"Polygon","coordinates":[[[-58.632572,-34.388394],[-58.632752,-34.388734],[-58.632863,-34.388708],[-58.632686,-34.388354],[-58.632572,-34.388394]]]}},{"type":"Feature","properties":{"partida":"057063487","cca":"057030T00000000000000000000000400000009000","tipo":"Urbano","sup_m2":464.9},"geometry":{"type":"Polygon","coordinates":[[[-58.632466,-34.38843],[-58.632668,-34.388814],[-58.632752,-34.388734],[-58.632572,-34.388394],[-58.632466,-34.38843]]]}},{"type":"Feature","properties":{"partida":"057063488","cca":"057030T00000000000000000000000400000010000","tipo":"Urbano","sup_m2":566.7},"geometry":{"type":"Polygon","coordinates":[[[-58.632535,-34.388561],[-58.632466,-34.38843],[-58.632134,-34.388545],[-58.632115,-34.388583],[-58.632167,-34.388685],[-58.632535,-34.388561]]]}},{"type":"Feature","properties":{"partida":"057063489","cca":"057030T00000000000000000000000400000011000","tipo":"Urbano","sup_m2":428.8},"geometry":{"type":"Polygon","coordinates":[[[-58.632167,-34.388685],[-58.632218,-34.388782],[-58.632586,-34.388659],[-58.632535,-34.388561],[-58.632167,-34.388685]]]}},{"type":"Feature","properties":{"partida":"057063490","cca":"057030T00000000000000000000000400000012000","tipo":"Urbano","sup_m2":439.7},"geometry":{"type":"Polygon","coordinates":[[[-58.632269,-34.388882],[-58.632638,-34.388758],[-58.632586,-34.388659],[-58.632218,-34.388782],[-58.632269,-34.388882]]]}},{"type":"Feature","properties":{"partida":"057063491","cca":"057030T00000000000000000000000400000013000","tipo":"Urbano","sup_m2":587.5},"geometry":{"type":"Polygon","coordinates":[[[-58.632269,-34.388882],[-58.632364,-34.389064],[-58.632406,-34.389067],[-58.632668,-34.388814],[-58.632638,-34.388758],[-58.632269,-34.388882]]]}},{"type":"Feature","properties":{"partida":"057023229","cca":"057030T00000000000000000000000410000001000","tipo":"Urbano","sup_m2":412.9},"geometry":{"type":"Polygon","coordinates":[[[-58.631599,-34.388836],[-58.631997,-34.388693],[-58.631966,-34.388633],[-58.631921,-34.388619],[-58.631556,-34.388746],[-58.631599,-34.388836]]]}},{"type":"Feature","properties":{"partida":"057049668","cca":"057030T00000000000000000000000410000002000","tipo":"Urbano","sup_m2":310.3},"geometry":{"type":"Polygon","coordinates":[[[-58.631556,-34.388746],[-58.631451,-34.388783],[-58.631582,-34.389036],[-58.63168,-34.389002],[-58.631556,-34.388746]]]}},{"type":"Feature","properties":{"partida":"057049681","cca":"057030T00000000000000000000000410000003000","tipo":"Urbano","sup_m2":413.1},"geometry":{"type":"Polygon","coordinates":[[[-58.631621,-34.389114],[-58.631451,-34.388783],[-58.631347,-34.388819],[-58.631518,-34.38915],[-58.631621,-34.389114]]]}},{"type":"Feature","properties":{"partida":"057049669","cca":"057030T00000000000000000000000410000004000","tipo":"Urbano","sup_m2":378.3},"geometry":{"type":"Polygon","coordinates":[[[-58.631422,-34.389183],[-58.631518,-34.38915],[-58.631347,-34.388819],[-58.631253,-34.388852],[-58.631422,-34.389183]]]}},{"type":"Feature","properties":{"partida":"057049670","cca":"057030T00000000000000000000000410000005000","tipo":"Urbano","sup_m2":378.7},"geometry":{"type":"Polygon","coordinates":[[[-58.631328,-34.389216],[-58.631422,-34.389183],[-58.631253,-34.388852],[-58.631156,-34.388885],[-58.631328,-34.389216]]]}},{"type":"Feature","properties":{"partida":"057049671","cca":"057030T00000000000000000000000410000006000","tipo":"Urbano","sup_m2":415.8},"geometry":{"type":"Polygon","coordinates":[[[-58.631052,-34.388922],[-58.631225,-34.389252],[-58.631328,-34.389216],[-58.631156,-34.388885],[-58.631052,-34.388922]]]}},{"type":"Feature","properties":{"partida":"057030360","cca":"057030T00000000000000000000000410000007000","tipo":"Urbano","sup_m2":392.1},"geometry":{"type":"Polygon","coordinates":[[[-58.631125,-34.389287],[-58.631225,-34.389252],[-58.631052,-34.388922],[-58.630955,-34.388956],[-58.631125,-34.389287]]]}},{"type":"Feature","properties":{"partida":"057049682","cca":"057030T00000000000000000000000410000008000","tipo":"Urbano","sup_m2":299.9},"geometry":{"type":"Polygon","coordinates":[[[-58.630982,-34.389239],[-58.631082,-34.389203],[-58.630955,-34.388956],[-58.630854,-34.388991],[-58.630982,-34.389239]]]}},{"type":"Feature","properties":{"partida":"057062811","cca":"057030T00000000000000000000000410000009000","tipo":"Urbano","sup_m2":404.4},"geometry":{"type":"Polygon","coordinates":[[[-58.630899,-34.389078],[-58.630854,-34.388991],[-58.630487,-34.389118],[-58.630474,-34.389151],[-58.630506,-34.389213],[-58.630899,-34.389078]]]}},{"type":"Feature","properties":{"partida":"057062812","cca":"057030T00000000000000000000000410000010000","tipo":"Urbano","sup_m2":397.9},"geometry":{"type":"Polygon","coordinates":[[[-58.630506,-34.389213],[-58.630549,-34.389298],[-58.630942,-34.389162],[-58.630899,-34.389078],[-58.630506,-34.389213]]]}},{"type":"Feature","properties":{"partida":"057062813","cca":"057030T00000000000000000000000410000011000","tipo":"Urbano","sup_m2":368.9},"geometry":{"type":"Polygon","coordinates":[[[-58.630588,-34.389377],[-58.630982,-34.389239],[-58.630942,-34.389162],[-58.630549,-34.389298],[-58.630588,-34.389377]]]}},{"type":"Feature","properties":{"partida":"057062814","cca":"057030T00000000000000000000000410000012000","tipo":"Urbano","sup_m2":497.2},"geometry":{"type":"Polygon","coordinates":[[[-58.631082,-34.389203],[-58.630588,-34.389377],[-58.63063,-34.38946],[-58.631125,-34.389287],[-58.631082,-34.389203]]]}},{"type":"Feature","properties":{"partida":"057062815","cca":"057030T00000000000000000000000410000013000","tipo":"Urbano","sup_m2":470.6},"geometry":{"type":"Polygon","coordinates":[[[-58.631167,-34.389369],[-58.631125,-34.389287],[-58.63063,-34.38946],[-58.630669,-34.389537],[-58.631167,-34.389369]]]}},{"type":"Feature","properties":{"partida":"057062816","cca":"057030T00000000000000000000000410000014000","tipo":"Urbano","sup_m2":405.3},"geometry":{"type":"Polygon","coordinates":[[[-58.631111,-34.389485],[-58.631069,-34.389402],[-58.630669,-34.389537],[-58.630712,-34.389623],[-58.631111,-34.389485]]]}},{"type":"Feature","properties":{"partida":"057062817","cca":"057030T00000000000000000000000410000015000","tipo":"Urbano","sup_m2":375.3},"geometry":{"type":"Polygon","coordinates":[[[-58.631151,-34.389566],[-58.631111,-34.389485],[-58.630712,-34.389623],[-58.630751,-34.3897],[-58.631151,-34.389566]]]}},{"type":"Feature","properties":{"partida":"057062818","cca":"057030T00000000000000000000000410000016000","tipo":"Urbano","sup_m2":436.5},"geometry":{"type":"Polygon","coordinates":[[[-58.631151,-34.389566],[-58.630751,-34.3897],[-58.63078,-34.389758],[-58.630837,-34.389782],[-58.631197,-34.389657],[-58.631151,-34.389566]]]}},{"type":"Feature","properties":{"partida":"057028803","cca":"057030T00000000000000000000000410000017000","tipo":"Urbano","sup_m2":303.7},"geometry":{"type":"Polygon","coordinates":[[[-58.631069,-34.389402],[-58.631197,-34.389657],[-58.631298,-34.389622],[-58.631167,-34.389369],[-58.631069,-34.389402]]]}},{"type":"Feature","properties":{"partida":"057049672","cca":"057030T00000000000000000000000410000018000","tipo":"Urbano","sup_m2":407.6},"geometry":{"type":"Polygon","coordinates":[[[-58.6314,-34.389587],[-58.631225,-34.389252],[-58.631125,-34.389287],[-58.631298,-34.389622],[-58.6314,-34.389587]]]}},{"type":"Feature","properties":{"partida":"057049673","cca":"057030T00000000000000000000000410000019000","tipo":"Urbano","sup_m2":416.9},"geometry":{"type":"Polygon","coordinates":[[[-58.631503,-34.389552],[-58.631328,-34.389216],[-58.631225,-34.389252],[-58.6314,-34.389587],[-58.631503,-34.389552]]]}},{"type":"Feature","properties":{"partida":"057049674","cca":"057030T00000000000000000000000410000020000","tipo":"Urbano","sup_m2":374.6},"geometry":{"type":"Polygon","coordinates":[[[-58.631422,-34.389183],[-58.631328,-34.389216],[-58.631503,-34.389552],[-58.631594,-34.38952],[-58.631422,-34.389183]]]}},{"type":"Feature","properties":{"partida":"057049675","cca":"057030T00000000000000000000000410000021000","tipo":"Urbano","sup_m2":389.2},"geometry":{"type":"Polygon","coordinates":[[[-58.631691,-34.389487],[-58.631518,-34.38915],[-58.631422,-34.389183],[-58.631594,-34.38952],[-58.631691,-34.389487]]]}},{"type":"Feature","properties":{"partida":"057049676","cca":"057030T00000000000000000000000410000022000","tipo":"Urbano","sup_m2":420.4},"geometry":{"type":"Polygon","coordinates":[[[-58.631795,-34.389451],[-58.631621,-34.389114],[-58.631518,-34.38915],[-58.631691,-34.389487],[-58.631795,-34.389451]]]}},{"type":"Feature","properties":{"partida":"057049683","cca":"057030T00000000000000000000000410000023000","tipo":"Urbano","sup_m2":297.8},"geometry":{"type":"Polygon","coordinates":[[[-58.631893,-34.389417],[-58.631763,-34.389164],[-58.631665,-34.389199],[-58.631795,-34.389451],[-58.631893,-34.389417]]]}},{"type":"Feature","properties":{"partida":"057049684","cca":"057030T00000000000000000000000410000024000","tipo":"Urbano","sup_m2":407.4},"geometry":{"type":"Polygon","coordinates":[[[-58.632251,-34.389193],[-58.631849,-34.389332],[-58.631893,-34.389417],[-58.632267,-34.389288],[-58.632283,-34.389254],[-58.632251,-34.389193]]]}},{"type":"Feature","properties":{"partida":"057049685","cca":"057030T00000000000000000000000410000025000","tipo":"Urbano","sup_m2":429.9},"geometry":{"type":"Polygon","coordinates":[[[-58.631849,-34.389332],[-58.632251,-34.389193],[-58.632205,-34.389101],[-58.631805,-34.389245],[-58.631849,-34.389332]]]}},{"type":"Feature","properties":{"partida":"057049677","cca":"057030T00000000000000000000000410000026000","tipo":"Urbano","sup_m2":392.1},"geometry":{"type":"Polygon","coordinates":[[[-58.631805,-34.389245],[-58.632205,-34.389101],[-58.632164,-34.389021],[-58.631763,-34.389164],[-58.631805,-34.389245]]]}},{"type":"Feature","properties":{"partida":"057049686","cca":"057030T00000000000000000000000410000027000","tipo":"Urbano","sup_m2":504.0},"geometry":{"type":"Polygon","coordinates":[[[-58.631621,-34.389114],[-58.631665,-34.389199],[-58.632164,-34.389021],[-58.632122,-34.388938],[-58.631621,-34.389114]]]}},{"type":"Feature","properties":{"partida":"057049678","cca":"057030T00000000000000000000000410000028000","tipo":"Urbano","sup_m2":461.5},"geometry":{"type":"Polygon","coordinates":[[[-58.631621,-34.389114],[-58.632122,-34.388938],[-58.632083,-34.388862],[-58.631582,-34.389036],[-58.631621,-34.389114]]]}},{"type":"Feature","properties":{"partida":"057049679","cca":"057030T00000000000000000000000410000029000","tipo":"Urbano","sup_m2":389.3},"geometry":{"type":"Polygon","coordinates":[[[-58.632083,-34.388862],[-58.632041,-34.38878],[-58.631641,-34.388923],[-58.63168,-34.389002],[-58.632083,-34.388862]]]}},{"type":"Feature","properties":{"partida":"057049680","cca":"057030T00000000000000000000000410000030000","tipo":"Urbano","sup_m2":415.7},"geometry":{"type":"Polygon","coordinates":[[[-58.632041,-34.38878],[-58.631997,-34.388693],[-58.631599,-34.388836],[-58.631641,-34.388923],[-58.632041,-34.38878]]]}},{"type":"Feature","properties":{"partida":"057062819","cca":"057030T00000000000000000000000420000001000","tipo":"Urbano","sup_m2":311.1},"geometry":{"type":"Polygon","coordinates":[[[-58.630333,-34.389471],[-58.630436,-34.389434],[-58.630321,-34.389205],[-58.630276,-34.389189],[-58.630206,-34.389212],[-58.630333,-34.389471]]]}},{"type":"Feature","properties":{"partida":"057090377","cca":"057030T00000000000000000000000420000002000","tipo":"Urbano","sup_m2":343.1},"geometry":{"type":"Polygon","coordinates":[[[-58.630226,-34.38951],[-58.630333,-34.389471],[-58.630206,-34.389212],[-58.630092,-34.389251],[-58.630226,-34.38951]]]}},{"type":"Feature","properties":{"partida":"057090378","cca":"057030T00000000000000000000000420000003000","tipo":"Urbano","sup_m2":319.3},"geometry":{"type":"Polygon","coordinates":[[[-58.630125,-34.389547],[-58.630226,-34.38951],[-58.630092,-34.389251],[-58.62999,-34.389285],[-58.630125,-34.389547]]]}},{"type":"Feature","properties":{"partida":"057090379","cca":"057030T00000000000000000000000420000004000","tipo":"Urbano","sup_m2":405.8},"geometry":{"type":"Polygon","coordinates":[[[-58.630072,-34.389665],[-58.63017,-34.389632],[-58.62999,-34.389285],[-58.629892,-34.389318],[-58.630072,-34.389665]]]}},{"type":"Feature","properties":{"partida":"057090380","cca":"057030T00000000000000000000000420000005000","tipo":"Urbano","sup_m2":437.1},"geometry":{"type":"Polygon","coordinates":[[[-58.629787,-34.389354],[-58.629966,-34.3897],[-58.630072,-34.389665],[-58.629892,-34.389318],[-58.629787,-34.389354]]]}},{"type":"Feature","properties":{"partida":"057090381","cca":"057030T00000000000000000000000420000006000","tipo":"Urbano","sup_m2":322.7},"geometry":{"type":"Polygon","coordinates":[[[-58.629787,-34.389354],[-58.629687,-34.389388],[-58.62982,-34.389653],[-58.629923,-34.389617],[-58.629787,-34.389354]]]}},{"type":"Feature","properties":{"partida":"057090382","cca":"057030T00000000000000000000000420000007000","tipo":"Urbano","sup_m2":328.7},"geometry":{"type":"Polygon","coordinates":[[[-58.629721,-34.389687],[-58.62982,-34.389653],[-58.629687,-34.389388],[-58.629578,-34.389425],[-58.629721,-34.389687]]]}},{"type":"Feature","properties":{"partida":"057090383","cca":"057030T00000000000000000000000420000008000","tipo":"Urbano","sup_m2":324.9},"geometry":{"type":"Polygon","coordinates":[[[-58.629721,-34.389687],[-58.629578,-34.389425],[-58.629513,-34.389447],[-58.629492,-34.389488],[-58.629614,-34.389724],[-58.629721,-34.389687]]]}},{"type":"Feature","properties":{"partida":"057090384","cca":"057030T00000000000000000000000420000009000","tipo":"Urbano","sup_m2":305.9},"geometry":{"type":"Polygon","coordinates":[[[-58.629614,-34.389724],[-58.629655,-34.389805],[-58.629966,-34.3897],[-58.629923,-34.389617],[-58.629614,-34.389724]]]}},{"type":"Feature","properties":{"partida":"057090385","cca":"057030T00000000000000000000000420000010000","tipo":"Urbano","sup_m2":293.7},"geometry":{"type":"Polygon","coordinates":[[[-58.629695,-34.389883],[-58.630008,-34.38978],[-58.629966,-34.3897],[-58.629655,-34.389805],[-58.629695,-34.389883]]]}},{"type":"Feature","properties":{"partida":"057090386","cca":"057030T00000000000000000000000420000011000","tipo":"Urbano","sup_m2":321.9},"geometry":{"type":"Polygon","coordinates":[[[-58.6298,-34.389848],[-58.629695,-34.389883],[-58.629814,-34.390114],[-58.629864,-34.390127],[-58.629936,-34.390102],[-58.6298,-34.389848]]]}},{"type":"Feature","properties":{"partida":"057090387","cca":"057030T00000000000000000000000420000012000","tipo":"Urbano","sup_m2":311.7},"geometry":{"type":"Polygon","coordinates":[[[-58.629905,-34.389814],[-58.6298,-34.389848],[-58.629936,-34.390102],[-58.630036,-34.390068],[-58.629905,-34.389814]]]}},{"type":"Feature","properties":{"partida":"057090388","cca":"057030T00000000000000000000000420000013000","tipo":"Urbano","sup_m2":311.2},"geometry":{"type":"Polygon","coordinates":[[[-58.629905,-34.389814],[-58.630036,-34.390068],[-58.630138,-34.390032],[-58.630008,-34.38978],[-58.629905,-34.389814]]]}},{"type":"Feature","properties":{"partida":"057090389","cca":"057030T00000000000000000000000420000014000","tipo":"Urbano","sup_m2":417.9},"geometry":{"type":"Polygon","coordinates":[[[-58.630243,-34.389996],[-58.630072,-34.389665],[-58.629966,-34.3897],[-58.630138,-34.390032],[-58.630243,-34.389996]]]}},{"type":"Feature","properties":{"partida":"057090390","cca":"057030T00000000000000000000000420000015000","tipo":"Urbano","sup_m2":388.3},"geometry":{"type":"Polygon","coordinates":[[[-58.630072,-34.389665],[-58.630243,-34.389996],[-58.630341,-34.389962],[-58.63017,-34.389632],[-58.630072,-34.389665]]]}},{"type":"Feature","properties":{"partida":"057090391","cca":"057030T00000000000000000000000420000016000","tipo":"Urbano","sup_m2":307.7},"geometry":{"type":"Polygon","coordinates":[[[-58.630443,-34.389927],[-58.630307,-34.389674],[-58.630208,-34.389707],[-58.630341,-34.389962],[-58.630443,-34.389927]]]}},{"type":"Feature","properties":{"partida":"057090392","cca":"057030T00000000000000000000000420000017000","tipo":"Urbano","sup_m2":332.9},"geometry":{"type":"Polygon","coordinates":[[[-58.630421,-34.389636],[-58.630307,-34.389674],[-58.630443,-34.389927],[-58.630548,-34.389891],[-58.630421,-34.389636]]]}},{"type":"Feature","properties":{"partida":"057090393","cca":"057030T00000000000000000000000420000018000","tipo":"Urbano","sup_m2":299.3},"geometry":{"type":"Polygon","coordinates":[[[-58.630421,-34.389636],[-58.630548,-34.389891],[-58.630614,-34.389868],[-58.630638,-34.389834],[-58.630522,-34.389603],[-58.630421,-34.389636]]]}},{"type":"Feature","properties":{"partida":"057090394","cca":"057030T00000000000000000000000420000019000","tipo":"Urbano","sup_m2":282.6},"geometry":{"type":"Polygon","coordinates":[[[-58.630208,-34.389707],[-58.630522,-34.389603],[-58.630483,-34.389527],[-58.63017,-34.389632],[-58.630208,-34.389707]]]}},{"type":"Feature","properties":{"partida":"057090395","cca":"057030T00000000000000000000000420000020000","tipo":"Urbano","sup_m2":335.7},"geometry":{"type":"Polygon","coordinates":[[[-58.630436,-34.389434],[-58.630125,-34.389547],[-58.63017,-34.389632],[-58.630483,-34.389527],[-58.630436,-34.389434]]]}},{"type":"Feature","properties":{"partida":"057023230","cca":"057030T00000000000000000000000430000001000","tipo":"Urbano","sup_m2":334.6},"geometry":{"type":"Polygon","coordinates":[[[-58.629383,-34.389801],[-58.629498,-34.389763],[-58.629379,-34.389523],[-58.629338,-34.389511],[-58.629265,-34.389536],[-58.629383,-34.389801]]]}},{"type":"Feature","properties":{"partida":"057062820","cca":"057030T00000000000000000000000430000002000","tipo":"Urbano","sup_m2":330.7},"geometry":{"type":"Polygon","coordinates":[[[-58.629383,-34.389801],[-58.629265,-34.389536],[-58.629152,-34.389574],[-58.629285,-34.389834],[-58.629383,-34.389801]]]}},{"type":"Feature","properties":{"partida":"057062821","cca":"057030T00000000000000000000000430000003000","tipo":"Urbano","sup_m2":334.4},"geometry":{"type":"Polygon","coordinates":[[[-58.629176,-34.389871],[-58.629285,-34.389834],[-58.629152,-34.389574],[-58.629045,-34.38961],[-58.629176,-34.389871]]]}},{"type":"Feature","properties":{"partida":"057062822","cca":"057030T00000000000000000000000430000004000","tipo":"Urbano","sup_m2":397.2},"geometry":{"type":"Polygon","coordinates":[[[-58.628946,-34.389643],[-58.629123,-34.389985],[-58.629218,-34.389954],[-58.629045,-34.38961],[-58.628946,-34.389643]]]}},{"type":"Feature","properties":{"partida":"057062823","cca":"057030T00000000000000000000000430000005000","tipo":"Urbano","sup_m2":434.7},"geometry":{"type":"Polygon","coordinates":[[[-58.628946,-34.389643],[-58.628844,-34.389677],[-58.629012,-34.390021],[-58.629123,-34.389985],[-58.628946,-34.389643]]]}},{"type":"Feature","properties":{"partida":"057062824","cca":"057030T00000000000000000000000430000006000","tipo":"Urbano","sup_m2":287.3},"geometry":{"type":"Polygon","coordinates":[[[-58.628873,-34.389962],[-58.628967,-34.389928],[-58.628844,-34.389677],[-58.628747,-34.38971],[-58.628873,-34.389962]]]}},{"type":"Feature","properties":{"partida":"057062825","cca":"057030T00000000000000000000000430000007000","tipo":"Urbano","sup_m2":294.4},"geometry":{"type":"Polygon","coordinates":[[[-58.628775,-34.389996],[-58.628873,-34.389962],[-58.628747,-34.38971],[-58.62865,-34.389743],[-58.628775,-34.389996]]]}},{"type":"Feature","properties":{"partida":"057062826","cca":"057030T00000000000000000000000430000008000","tipo":"Urbano","sup_m2":328.8},"geometry":{"type":"Polygon","coordinates":[[[-58.628775,-34.389996],[-58.62865,-34.389743],[-58.62857,-34.38977],[-58.628552,-34.389802],[-58.628664,-34.390035],[-58.628775,-34.389996]]]}},{"type":"Feature","properties":{"partida":"057062827","cca":"057030T00000000000000000000000430000009000","tipo":"Urbano","sup_m2":324.7},"geometry":{"type":"Polygon","coordinates":[[[-58.628706,-34.390122],[-58.629012,-34.390021],[-58.628967,-34.389928],[-58.628664,-34.390035],[-58.628706,-34.390122]]]}},{"type":"Feature","properties":{"partida":"057062828","cca":"057030T00000000000000000000000430000010000","tipo":"Urbano","sup_m2":288.4},"geometry":{"type":"Polygon","coordinates":[[[-58.628745,-34.390203],[-58.62905,-34.390099],[-58.629012,-34.390021],[-58.628706,-34.390122],[-58.628745,-34.390203]]]}},{"type":"Feature","properties":{"partida":"057030361","cca":"057030T00000000000000000000000430000011000","tipo":"Urbano","sup_m2":325.0},"geometry":{"type":"Polygon","coordinates":[[[-58.62885,-34.390167],[-58.628745,-34.390203],[-58.628857,-34.390435],[-58.628898,-34.390457],[-58.628979,-34.390429],[-58.62885,-34.390167]]]}},{"type":"Feature","properties":{"partida":"057062829","cca":"057030T00000000000000000000000430000012000","tipo":"Urbano","sup_m2":335.4},"geometry":{"type":"Polygon","coordinates":[[[-58.628954,-34.390132],[-58.62885,-34.390167],[-58.628979,-34.390429],[-58.629089,-34.390392],[-58.628954,-34.390132]]]}},{"type":"Feature","properties":{"partida":"057062830","cca":"057030T00000000000000000000000430000013000","tipo":"Urbano","sup_m2":289.4},"geometry":{"type":"Polygon","coordinates":[[[-58.629089,-34.390392],[-58.629178,-34.390361],[-58.62905,-34.390099],[-58.628954,-34.390132],[-58.629089,-34.390392]]]}},{"type":"Feature","properties":{"partida":"057062831","cca":"057030T00000000000000000000000430000014000","tipo":"Urbano","sup_m2":459.9},"geometry":{"type":"Polygon","coordinates":[[[-58.629296,-34.390321],[-58.629123,-34.389985],[-58.629012,-34.390021],[-58.629178,-34.390361],[-58.629296,-34.390321]]]}},{"type":"Feature","properties":{"partida":"057062832","cca":"057030T00000000000000000000000430000015000","tipo":"Urbano","sup_m2":373.4},"geometry":{"type":"Polygon","coordinates":[[[-58.629387,-34.39029],[-58.629218,-34.389954],[-58.629123,-34.389985],[-58.629296,-34.390321],[-58.629387,-34.39029]]]}},{"type":"Feature","properties":{"partida":"057062833","cca":"057030T00000000000000000000000430000016000","tipo":"Urbano","sup_m2":356.9},"geometry":{"type":"Polygon","coordinates":[[[-58.629374,-34.389993],[-58.629257,-34.390031],[-58.629387,-34.39029],[-58.629503,-34.390251],[-58.629374,-34.389993]]]}},{"type":"Feature","properties":{"partida":"057062834","cca":"057030T00000000000000000000000430000017000","tipo":"Urbano","sup_m2":289.3},"geometry":{"type":"Polygon","coordinates":[[[-58.629471,-34.389962],[-58.629374,-34.389993],[-58.629503,-34.390251],[-58.629594,-34.390219],[-58.629471,-34.389962]]]}},{"type":"Feature","properties":{"partida":"057062835","cca":"057030T00000000000000000000000430000018000","tipo":"Urbano","sup_m2":329.4},"geometry":{"type":"Polygon","coordinates":[[[-58.629579,-34.389927],[-58.629471,-34.389962],[-58.629594,-34.390219],[-58.629685,-34.390189],[-58.629694,-34.390158],[-58.629579,-34.389927]]]}},{"type":"Feature","properties":{"partida":"057062836","cca":"057030T00000000000000000000000430000019000","tipo":"Urbano","sup_m2":295.5},"geometry":{"type":"Polygon","coordinates":[[[-58.629257,-34.390031],[-58.629579,-34.389927],[-58.62954,-34.389849],[-58.629218,-34.389954],[-58.629257,-34.390031]]]}},{"type":"Feature","properties":{"partida":"057062837","cca":"057030T00000000000000000000000430000020000","tipo":"Urbano","sup_m2":323.7},"geometry":{"type":"Polygon","coordinates":[[[-58.629498,-34.389763],[-58.629176,-34.389871],[-58.629218,-34.389954],[-58.62954,-34.389849],[-58.629498,-34.389763]]]}},{"type":"Feature","properties":{"partida":"057023231","cca":"057030T00000000000000000000000440000001000","tipo":"Urbano","sup_m2":328.4},"geometry":{"type":"Polygon","coordinates":[[[-58.628496,-34.390105],[-58.6286,-34.390065],[-58.628482,-34.389836],[-58.628433,-34.389824],[-58.628358,-34.38985],[-58.628496,-34.390105]]]}},{"type":"Feature","properties":{"partida":"057050330","cca":"057030T00000000000000000000000440000002000","tipo":"Urbano","sup_m2":310.3},"geometry":{"type":"Polygon","coordinates":[[[-58.628496,-34.390105],[-58.628358,-34.38985],[-58.628261,-34.389882],[-58.628396,-34.390144],[-58.628496,-34.390105]]]}},{"type":"Feature","properties":{"partida":"057050331","cca":"057030T00000000000000000000000440000003000","tipo":"Urbano","sup_m2":326.4},"geometry":{"type":"Polygon","coordinates":[[[-58.628296,-34.390183],[-58.628396,-34.390144],[-58.628261,-34.389882],[-58.628156,-34.389917],[-58.628296,-34.390183]]]}},{"type":"Feature","properties":{"partida":"057050332","cca":"057030T00000000000000000000000440000004000","tipo":"Urbano","sup_m2":392.6},"geometry":{"type":"Polygon","coordinates":[[[-58.628296,-34.390183],[-58.628156,-34.389917],[-58.628105,-34.389934],[-58.628062,-34.389978],[-58.628024,-34.390124],[-58.628296,-34.390183]]]}},{"type":"Feature","properties":{"partida":"057050333","cca":"057030T00000000000000000000000440000005000","tipo":"Urbano","sup_m2":383.9},"geometry":{"type":"Polygon","coordinates":[[[-58.628296,-34.390183],[-58.628024,-34.390124],[-58.627994,-34.39024],[-58.628362,-34.390309],[-58.628296,-34.390183]]]}},{"type":"Feature","properties":{"partida":"057050334","cca":"057030T00000000000000000000000440000006000","tipo":"Urbano","sup_m2":404.7},"geometry":{"type":"Polygon","coordinates":[[[-58.628263,-34.390408],[-58.628362,-34.390309],[-58.627994,-34.39024],[-58.627965,-34.390356],[-58.628263,-34.390408]]]}},{"type":"Feature","properties":{"partida":"057050335","cca":"057030T00000000000000000000000440000007000","tipo":"Urbano","sup_m2":364.0},"geometry":{"type":"Polygon","coordinates":[[[-58.628145,-34.390527],[-58.628263,-34.390408],[-58.627965,-34.390356],[-58.627931,-34.390488],[-58.628145,-34.390527]]]}},{"type":"Feature","properties":{"partida":"057033510","cca":"057030T00000000000000000000000440000008000","tipo":"Urbano","sup_m2":767.5},"geometry":{"type":"Polygon","coordinates":[[[-58.628232,-34.390696],[-58.628145,-34.390527],[-58.627931,-34.390488],[-58.627859,-34.390768],[-58.627907,-34.390808],[-58.628232,-34.390696]]]}},{"type":"Feature","properties":{"partida":"057050336","cca":"057030T00000000000000000000000440000009000","tipo":"Urbano","sup_m2":382.7},"geometry":{"type":"Polygon","coordinates":[[[-58.628263,-34.390408],[-58.628145,-34.390527],[-58.628232,-34.390696],[-58.628393,-34.390641],[-58.628263,-34.390408]]]}},{"type":"Feature","properties":{"partida":"057050337","cca":"057030T00000000000000000000000440000010000","tipo":"Urbano","sup_m2":393.5},"geometry":{"type":"Polygon","coordinates":[[[-58.628514,-34.390599],[-58.628362,-34.390309],[-58.628263,-34.390408],[-58.628393,-34.390641],[-58.628514,-34.390599]]]}},{"type":"Feature","properties":{"partida":"057050338","cca":"057030T00000000000000000000000440000011000","tipo":"Urbano","sup_m2":303.7},"geometry":{"type":"Polygon","coordinates":[[[-58.628381,-34.390346],[-58.628514,-34.390599],[-58.628611,-34.390566],[-58.628483,-34.390311],[-58.628381,-34.390346]]]}},{"type":"Feature","properties":{"partida":"057050339","cca":"057030T00000000000000000000000440000012000","tipo":"Urbano","sup_m2":304.4},"geometry":{"type":"Polygon","coordinates":[[[-58.628581,-34.390276],[-58.628483,-34.390311],[-58.628611,-34.390566],[-58.628712,-34.390531],[-58.628581,-34.390276]]]}},{"type":"Feature","properties":{"partida":"057050340","cca":"057030T00000000000000000000000440000013000","tipo":"Urbano","sup_m2":324.4},"geometry":{"type":"Polygon","coordinates":[[[-58.628581,-34.390276],[-58.628712,-34.390531],[-58.628787,-34.390505],[-58.628809,-34.390474],[-58.628689,-34.390239],[-58.628581,-34.390276]]]}},{"type":"Feature","properties":{"partida":"057050341","cca":"057030T00000000000000000000000440000014000","tipo":"Urbano","sup_m2":328.2},"geometry":{"type":"Polygon","coordinates":[[[-58.628381,-34.390346],[-58.628689,-34.390239],[-58.628643,-34.390149],[-58.628335,-34.390259],[-58.628381,-34.390346]]]}},{"type":"Feature","properties":{"partida":"057050342","cca":"057030T00000000000000000000000440000015000","tipo":"Urbano","sup_m2":297.2},"geometry":{"type":"Polygon","coordinates":[[[-58.6286,-34.390065],[-58.628296,-34.390183],[-58.628335,-34.390259],[-58.628643,-34.390149],[-58.6286,-34.390065]]]}},{"type":"Feature","properties":{"partida":"057013449","cca":"057030T0000000000000000010000000000000100A","tipo":"Urbano","sup_m2":6100.1},"geometry":{"type":"Polygon","coordinates":[[[-58.632879,-34.384523],[-58.632869,-34.384578],[-58.63284,-34.384604],[-58.632805,-34.384629],[-58.633423,-34.385866],[-58.633719,-34.385765],[-58.633709,-34.385729],[-58.633673,-34.385653],[-58.633642,-34.385593],[-58.633614,-34.38555],[-58.633598,-34.385503],[-58.633566,-34.385448],[-58.633521,-34.385338],[-58.633499,-34.385271],[-58.63346,-34.385222],[-58.633424,-34.385185],[-58.633394,-34.385138],[-58.63334,-34.385001],[-58.633279,-34.384933],[-58.63327,-34.384892],[-58.633257,-34.384856],[-58.633263,-34.384795],[-58.633257,-34.384697],[-58.633229,-34.384657],[-58.633232,-34.384635],[-58.633245,-34.384602],[-58.63328,-34.384575],[-58.633308,-34.384532],[-58.633308,-34.384486],[-58.633316,-34.384445],[-58.633341,-34.384417],[-58.633375,-34.38435],[-58.633404,-34.384306],[-58.633419,-34.384257],[-58.633414,-34.384218],[-58.633437,-34.384151],[-58.633532,-34.384016],[-58.633555,-34.383973],[-58.633543,-34.383963],[-58.633515,-34.383988],[-58.633507,-34.383999],[-58.633439,-34.38404],[-58.633422,-34.384063],[-58.633362,-34.384112],[-58.633284,-34.384186],[-58.633236,-34.384211],[-58.63318,-34.384263],[-58.633148,-34.384288],[-58.633116,-34.384304],[-58.633092,-34.384328],[-58.633006,-34.384367],[-58.632927,-34.384379],[-58.632908,-34.384418],[-58.6329,-34.384487],[-58.632879,-34.384523]]]}},{"type":"Feature","properties":{"partida":"057062777","cca":"057030T00000000000000000100000000000003000","tipo":"Urbano","sup_m2":2105.3},"geometry":{"type":"Polygon","coordinates":[[[-58.632664,-34.38468],[-58.633279,-34.385915],[-58.633423,-34.385866],[-58.632805,-34.384629],[-58.632702,-34.384672],[-58.632664,-34.38468]]]}},{"type":"Feature","properties":{"partida":"057029883","cca":"057030T0000000000000000010000000000000400A","tipo":"Urbano","sup_m2":1308.2},"geometry":{"type":"Polygon","coordinates":[[[-58.632537,-34.384799],[-58.633129,-34.385966],[-58.633162,-34.385955],[-58.632835,-34.385303],[-58.632955,-34.385264],[-58.632664,-34.38468],[-58.632636,-34.384694],[-58.632565,-34.384775],[-58.632537,-34.384799]]]}},{"type":"Feature","properties":{"partida":"057072959","cca":"057030T0000000000000000010000000000000400B","tipo":"Urbano","sup_m2":918.9},"geometry":{"type":"Polygon","coordinates":[[[-58.632955,-34.385264],[-58.632835,-34.385303],[-58.633162,-34.385955],[-58.633279,-34.385915],[-58.632955,-34.385264]]]}},{"type":"Feature","properties":{"partida":"057029884","cca":"057030T00000000000000000100000000000005000","tipo":"Urbano","sup_m2":1993.6},"geometry":{"type":"Polygon","coordinates":[[[-58.632986,-34.386015],[-58.633129,-34.385966],[-58.632537,-34.384799],[-58.632527,-34.384809],[-58.632513,-34.384838],[-58.632485,-34.384857],[-58.632409,-34.384895],[-58.632986,-34.386015]]]}},{"type":"Feature","properties":{"partida":"057031907","cca":"057030T00000000000000000100000000000006000","tipo":"Urbano","sup_m2":2068.5},"geometry":{"type":"Polygon","coordinates":[[[-58.632409,-34.384895],[-58.632344,-34.384932],[-58.632274,-34.384983],[-58.632827,-34.386069],[-58.632986,-34.386015],[-58.632409,-34.384895]]]}},{"type":"Feature","properties":{"partida":"057029888","cca":"057030T00000000000000000100000000000007000","tipo":"Urbano","sup_m2":1987.8},"geometry":{"type":"Polygon","coordinates":[[[-58.632131,-34.385049],[-58.632671,-34.386122],[-58.632827,-34.386069],[-58.632274,-34.384983],[-58.632211,-34.385009],[-58.632169,-34.385032],[-58.632131,-34.385049]]]}},{"type":"Feature","properties":{"partida":"057029881","cca":"057030T00000000000000000100000000000008000","tipo":"Urbano","sup_m2":1957.7},"geometry":{"type":"Polygon","coordinates":[[[-58.632131,-34.385049],[-58.632005,-34.385095],[-58.631974,-34.385114],[-58.632527,-34.386171],[-58.632671,-34.386122],[-58.632131,-34.385049]]]}},{"type":"Feature","properties":{"partida":"057029886","cca":"057030T00000000000000000100000000000009000","tipo":"Urbano","sup_m2":1807.1},"geometry":{"type":"Polygon","coordinates":[[[-58.631864,-34.385211],[-58.632371,-34.386224],[-58.632527,-34.386171],[-58.631974,-34.385114],[-58.631893,-34.385194],[-58.631864,-34.385211]]]}},{"type":"Feature","properties":{"partida":"057029889","cca":"057030T00000000000000000100000000000010000","tipo":"Urbano","sup_m2":1787.9},"geometry":{"type":"Polygon","coordinates":[[[-58.63173,-34.38529],[-58.632221,-34.386276],[-58.632371,-34.386224],[-58.631864,-34.385211],[-58.631767,-34.385253],[-58.63173,-34.38529]]]}},{"type":"Feature","properties":{"partida":"057013450","cca":"057030T00000000000000000100000000000011000","tipo":"Urbano","sup_m2":1750.4},"geometry":{"type":"Polygon","coordinates":[[[-58.631591,-34.385367],[-58.632073,-34.386326],[-58.632221,-34.386276],[-58.63173,-34.38529],[-58.631613,-34.385345],[-58.631591,-34.385367]]]}},{"type":"Feature","properties":{"partida":"057062775","cca":"057030T00000000000000000100000000000012000","tipo":"Urbano","sup_m2":1645.8},"geometry":{"type":"Polygon","coordinates":[[[-58.631452,-34.385424],[-58.631927,-34.386376],[-58.632073,-34.386326],[-58.631591,-34.385367],[-58.631477,-34.385418],[-58.631452,-34.385424]]]}},{"type":"Feature","properties":{"partida":"057029885","cca":"057030T00000000000000000100000000000013000","tipo":"Urbano","sup_m2":1661.4},"geometry":{"type":"Polygon","coordinates":[[[-58.631314,-34.385497],[-58.631781,-34.386425],[-58.631927,-34.386376],[-58.631452,-34.385424],[-58.631405,-34.385438],[-58.631356,-34.385467],[-58.631314,-34.385497]]]}},{"type":"Feature","properties":{"partida":"057029887","cca":"057030T00000000000000000100000000000014000","tipo":"Urbano","sup_m2":1661.5},"geometry":{"type":"Polygon","coordinates":[[[-58.631314,-34.385497],[-58.631253,-34.385543],[-58.631181,-34.385569],[-58.631621,-34.38648],[-58.631781,-34.386425],[-58.631314,-34.385497]]]}},{"type":"Feature","properties":{"partida":"057029882","cca":"057030T00000000000000000100000000000015000","tipo":"Urbano","sup_m2":2194.6},"geometry":{"type":"Polygon","coordinates":[[[-58.630984,-34.385648],[-58.631417,-34.386549],[-58.631621,-34.38648],[-58.631181,-34.385569],[-58.631085,-34.385599],[-58.631015,-34.385631],[-58.630984,-34.385648]]]}},{"type":"Feature","properties":{"partida":"057029880","cca":"057030T00000000000000000100000000000016000","tipo":"Urbano","sup_m2":2209.3},"geometry":{"type":"Polygon","coordinates":[[[-58.630773,-34.385726],[-58.631219,-34.386617],[-58.631417,-34.386549],[-58.630984,-34.385648],[-58.630846,-34.385689],[-58.630773,-34.385726]]]}},{"type":"Feature","properties":{"partida":"057029879","cca":"057030T00000000000000000100000000000017000","tipo":"Urbano","sup_m2":1840.5},"geometry":{"type":"Polygon","coordinates":[[[-58.631219,-34.386617],[-58.630773,-34.385726],[-58.63068,-34.385983],[-58.631,-34.386652],[-58.631076,-34.386666],[-58.631219,-34.386617]]]}},{"type":"Feature","properties":{"partida":"057062778","cca":"057030T00000000000000000200000000000001000","tipo":"Urbano","sup_m2":1748.9},"geometry":{"type":"Polygon","coordinates":[[[-58.630363,-34.386033],[-58.630744,-34.386812],[-58.63091,-34.386755],[-58.63093,-34.386704],[-58.630612,-34.386064],[-58.630363,-34.386033]]]}},{"type":"Feature","properties":{"partida":"057062779","cca":"057030T00000000000000000200000000000002000","tipo":"Urbano","sup_m2":1873.5},"geometry":{"type":"Polygon","coordinates":[[[-58.630543,-34.386881],[-58.630744,-34.386812],[-58.630363,-34.386033],[-58.630304,-34.386074],[-58.630257,-34.386095],[-58.630158,-34.386117],[-58.630543,-34.386881]]]}},{"type":"Feature","properties":{"partida":"057062780","cca":"057030T00000000000000000200000000000003000","tipo":"Urbano","sup_m2":1895.3},"geometry":{"type":"Polygon","coordinates":[[[-58.630543,-34.386881],[-58.630158,-34.386117],[-58.630096,-34.386115],[-58.629936,-34.386138],[-58.630342,-34.386951],[-58.630543,-34.386881]]]}},{"type":"Feature","properties":{"partida":"057062781","cca":"057030T00000000000000000200000000000004000","tipo":"Urbano","sup_m2":1918.8},"geometry":{"type":"Polygon","coordinates":[[[-58.630138,-34.387021],[-58.630342,-34.386951],[-58.629936,-34.386138],[-58.629899,-34.386151],[-58.629871,-34.386175],[-58.62984,-34.386221],[-58.629773,-34.386302],[-58.630138,-34.387021]]]}},{"type":"Feature","properties":{"partida":"057062782","cca":"057030T00000000000000000200000000000005000","tipo":"Urbano","sup_m2":1576.9},"geometry":{"type":"Polygon","coordinates":[[[-58.629943,-34.387088],[-58.630138,-34.387021],[-58.629773,-34.386302],[-58.629618,-34.386434],[-58.629943,-34.387088]]]}},{"type":"Feature","properties":{"partida":"057062783","cca":"057030T00000000000000000200000000000006000","tipo":"Urbano","sup_m2":1523.3},"geometry":{"type":"Polygon","coordinates":[[[-58.629747,-34.387156],[-58.629943,-34.387088],[-58.629618,-34.386434],[-58.629571,-34.386459],[-58.629508,-34.386478],[-58.629415,-34.386481],[-58.629747,-34.387156]]]}},{"type":"Feature","properties":{"partida":"057062784","cca":"057030T00000000000000000200000000000007000","tipo":"Urbano","sup_m2":1718.7},"geometry":{"type":"Polygon","coordinates":[[[-58.629747,-34.387156],[-58.629415,-34.386481],[-58.629344,-34.386487],[-58.629296,-34.386496],[-58.629248,-34.386512],[-58.629201,-34.386545],[-58.62954,-34.387228],[-58.629747,-34.387156]]]}},{"type":"Feature","properties":{"partida":"057062785","cca":"057030T00000000000000000200000000000008000","tipo":"Urbano","sup_m2":1527.0},"geometry":{"type":"Polygon","coordinates":[[[-58.62954,-34.387228],[-58.629201,-34.386545],[-58.629116,-34.386597],[-58.629067,-34.386614],[-58.629018,-34.386626],[-58.629349,-34.387294],[-58.62954,-34.387228]]]}},{"type":"Feature","properties":{"partida":"057062786","cca":"057030T00000000000000000200000000000009000","tipo":"Urbano","sup_m2":1651.3},"geometry":{"type":"Polygon","coordinates":[[[-58.629138,-34.387366],[-58.629349,-34.387294],[-58.629018,-34.386626],[-58.628958,-34.38664],[-58.62891,-34.386664],[-58.628875,-34.386688],[-58.628833,-34.386745],[-58.629138,-34.387366]]]}},{"type":"Feature","properties":{"partida":"057062787","cca":"057030T00000000000000000200000000000010000","tipo":"Urbano","sup_m2":2382.2},"geometry":{"type":"Polygon","coordinates":[[[-58.628833,-34.386745],[-58.628748,-34.386808],[-58.628578,-34.387505],[-58.628627,-34.387543],[-58.629138,-34.387366],[-58.628833,-34.386745]]]}},{"type":"Feature","properties":{"partida":"357003357","cca":"357000100000000000000032100000000000000000","tipo":"Rural","sup_m2":53984.0},"geometry":{"type":"Polygon","coordinates":[[[-58.623877,-34.3798],[-58.623712,-34.379902],[-58.623462,-34.380129],[-58.623351,-34.380334],[-58.623266,-34.380835],[-58.62314,-34.381233],[-58.622986,-34.38162],[-58.622737,-34.381927],[-58.622599,-34.382007],[-58.622445,-34.382451],[-58.622444,-34.382622],[-58.622429,-34.382918],[-58.622235,-34.383156],[-58.622013,-34.383327],[-58.621681,-34.383519],[-58.62154,-34.383622],[-58.621819,-34.383543],[-58.622219,-34.383578],[-58.622591,-34.383568],[-58.623005,-34.383535],[-58.623079,-34.383507],[-58.623295,-34.383399],[-58.623503,-34.383206],[-58.62371,-34.38307],[-58.623877,-34.382809],[-58.624016,-34.382604],[-58.624333,-34.382331],[-58.624473,-34.382036],[-58.624737,-34.381695],[-58.624849,-34.381376],[-58.624836,-34.381114],[-58.6247,-34.380817],[-58.624453,-34.380508],[-58.624041,-34.380188],[-58.623987,-34.379926],[-58.623877,-34.3798]]]}},{"type":"Feature","properties":{"partida":"357004190","cca":"357000100000000000000034900H00000000002000","tipo":"Urbano","sup_m2":1036.6},"geometry":{"type":"Polygon","coordinates":[[[-58.629072,-34.379995],[-58.62929,-34.380012],[-58.629324,-34.379549],[-58.629104,-34.379534],[-58.629072,-34.379995]]]}},{"type":"Feature","properties":{"partida":"357004191","cca":"357000100000000000000034900H00000000003000","tipo":"Urbano","sup_m2":1027.1},"geometry":{"type":"Polygon","coordinates":[[[-58.628856,-34.379979],[-58.629072,-34.379995],[-58.629104,-34.379534],[-58.628886,-34.379519],[-58.628856,-34.379979]]]}},{"type":"Feature","properties":{"partida":"357004192","cca":"357000100000000000000034900H00000000004000","tipo":"Urbano","sup_m2":1024.6},"geometry":{"type":"Polygon","coordinates":[[[-58.628638,-34.379963],[-58.628856,-34.379979],[-58.628886,-34.379519],[-58.628669,-34.379504],[-58.628638,-34.379963]]]}},{"type":"Feature","properties":{"partida":"357004194","cca":"357000100000000000000034900H00000000006000","tipo":"Urbano","sup_m2":624.2},"geometry":{"type":"Polygon","coordinates":[[[-58.628644,-34.379868],[-58.628656,-34.379685],[-58.628326,-34.379661],[-58.628311,-34.379845],[-58.628644,-34.379868]]]}},{"type":"Feature","properties":{"partida":"357004195","cca":"357000100000000000000034900H00000000007000","tipo":"Urbano","sup_m2":638.3},"geometry":{"type":"Polygon","coordinates":[[[-58.628631,-34.380053],[-58.628644,-34.379868],[-58.628311,-34.379845],[-58.628295,-34.380031],[-58.628631,-34.380053]]]}},{"type":"Feature","properties":{"partida":"357004196","cca":"357000100000000000000034900H00000000008000","tipo":"Urbano","sup_m2":642.2},"geometry":{"type":"Polygon","coordinates":[[[-58.628619,-34.38024],[-58.628631,-34.380053],[-58.628295,-34.380031],[-58.628279,-34.380214],[-58.628619,-34.38024]]]}},{"type":"Feature","properties":{"partida":"357004197","cca":"357000100000000000000034900H00000000009000","tipo":"Urbano","sup_m2":485.0},"geometry":{"type":"Polygon","coordinates":[[[-58.628609,-34.380377],[-58.628619,-34.38024],[-58.628279,-34.380214],[-58.628267,-34.380355],[-58.628609,-34.380377]]]}},{"type":"Feature","properties":{"partida":"357004198","cca":"357000100000000000000034900H00000000010000","tipo":"Urbano","sup_m2":924.4},"geometry":{"type":"Polygon","coordinates":[[[-58.628856,-34.379979],[-58.628638,-34.379963],[-58.628609,-34.380377],[-58.628829,-34.38039],[-58.628856,-34.379979]]]}},{"type":"Feature","properties":{"partida":"357004199","cca":"357000100000000000000034900H00000000011000","tipo":"Urbano","sup_m2":903.6},"geometry":{"type":"Polygon","coordinates":[[[-58.629072,-34.379995],[-58.628856,-34.379979],[-58.628829,-34.38039],[-58.629043,-34.380403],[-58.629072,-34.379995]]]}},{"type":"Feature","properties":{"partida":"357004200","cca":"357000100000000000000034900H00000000012000","tipo":"Urbano","sup_m2":911.2},"geometry":{"type":"Polygon","coordinates":[[[-58.629072,-34.379995],[-58.629043,-34.380403],[-58.629261,-34.380417],[-58.62929,-34.380012],[-58.629072,-34.379995]]]}},{"type":"Feature","properties":{"partida":"357004201","cca":"357000100000000000000034900H00000000013000","tipo":"Urbano","sup_m2":880.9},"geometry":{"type":"Polygon","coordinates":[[[-58.629767,-34.380279],[-58.629274,-34.380244],[-58.629261,-34.380417],[-58.629772,-34.380449],[-58.629767,-34.380279]]]}},{"type":"Feature","properties":{"partida":"357004202","cca":"357000100000000000000034900H00000000014000","tipo":"Urbano","sup_m2":1139.3},"geometry":{"type":"Polygon","coordinates":[[[-58.62929,-34.380012],[-58.629274,-34.380244],[-58.629767,-34.380279],[-58.629761,-34.380048],[-58.62929,-34.380012]]]}},{"type":"Feature","properties":{"partida":"357004203","cca":"357000100000000000000034900H00000000015000","tipo":"Urbano","sup_m2":1057.5},"geometry":{"type":"Polygon","coordinates":[[[-58.62929,-34.380012],[-58.629761,-34.380048],[-58.629754,-34.379822],[-58.629306,-34.379787],[-58.62929,-34.380012]]]}},{"type":"Feature","properties":{"partida":"357004207","cca":"357000100000000000000034900J00000000004000","tipo":"Urbano","sup_m2":745.9},"geometry":{"type":"Polygon","coordinates":[[[-58.627776,-34.379976],[-58.627795,-34.379797],[-58.62739,-34.379768],[-58.627373,-34.379947],[-58.627776,-34.379976]]]}},{"type":"Feature","properties":{"partida":"357004208","cca":"357000100000000000000034900J00000000005000","tipo":"Urbano","sup_m2":744.0},"geometry":{"type":"Polygon","coordinates":[[[-58.627776,-34.379976],[-58.627373,-34.379947],[-58.627355,-34.380127],[-58.627758,-34.380156],[-58.627776,-34.379976]]]}},{"type":"Feature","properties":{"partida":null,"cca":"357000100000000000000034900J00000000006000","tipo":null,"sup_m2":703.7},"geometry":{"type":"Polygon","coordinates":[[[-58.627355,-34.380127],[-58.627339,-34.3803],[-58.62774,-34.380324],[-58.627758,-34.380156],[-58.627355,-34.380127]]]}},{"type":"Feature","properties":{"partida":"357004210","cca":"357000100000000000000034900J00000000007000","tipo":"Urbano","sup_m2":712.5},"geometry":{"type":"Polygon","coordinates":[[[-58.62774,-34.380324],[-58.628159,-34.38035],[-58.628174,-34.380185],[-58.627758,-34.380156],[-58.62774,-34.380324]]]}},{"type":"Feature","properties":{"partida":"357004211","cca":"357000100000000000000034900J00000000008000","tipo":"Urbano","sup_m2":766.2},"geometry":{"type":"Polygon","coordinates":[[[-58.627776,-34.379976],[-58.627758,-34.380156],[-58.628174,-34.380185],[-58.62819,-34.380006],[-58.627776,-34.379976]]]}},{"type":"Feature","properties":{"partida":"357004212","cca":"357000100000000000000034900J00000000009000","tipo":"Urbano","sup_m2":762.1},"geometry":{"type":"Polygon","coordinates":[[[-58.627795,-34.379797],[-58.627776,-34.379976],[-58.62819,-34.380006],[-58.628206,-34.379826],[-58.627795,-34.379797]]]}},{"type":"Feature","properties":{"partida":"357004213","cca":"357000100000000000000034900J00000000010000","tipo":"Urbano","sup_m2":757.9},"geometry":{"type":"Polygon","coordinates":[[[-58.627795,-34.379797],[-58.628206,-34.379826],[-58.628223,-34.379646],[-58.627814,-34.379617],[-58.627795,-34.379797]]]}},{"type":"Feature","properties":{"partida":"357004217","cca":"357000100000000000000034900K00000000004000","tipo":"Urbano","sup_m2":689.2},"geometry":{"type":"Polygon","coordinates":[[[-58.626829,-34.379908],[-58.626848,-34.379729],[-58.626476,-34.379701],[-58.626454,-34.37988],[-58.626829,-34.379908]]]}},{"type":"Feature","properties":{"partida":"357004218","cca":"357000100000000000000034900K00000000005000","tipo":"Urbano","sup_m2":693.5},"geometry":{"type":"Polygon","coordinates":[[[-58.626809,-34.380088],[-58.626829,-34.379908],[-58.626454,-34.37988],[-58.626433,-34.38006],[-58.626809,-34.380088]]]}},{"type":"Feature","properties":{"partida":null,"cca":"357000100000000000000034900K00000000006000","tipo":null,"sup_m2":707.8},"geometry":{"type":"Polygon","coordinates":[[[-58.626789,-34.380267],[-58.626809,-34.380088],[-58.626433,-34.38006],[-58.62641,-34.380244],[-58.626789,-34.380267]]]}},{"type":"Feature","properties":{"partida":null,"cca":"357000100000000000000034900K00000000007000","tipo":null,"sup_m2":799.0},"geometry":{"type":"Polygon","coordinates":[[[-58.626789,-34.380267],[-58.62723,-34.380294],[-58.627249,-34.380121],[-58.626809,-34.380088],[-58.626789,-34.380267]]]}},{"type":"Feature","properties":{"partida":"357004221","cca":"357000100000000000000034900K00000000008000","tipo":"Urbano","sup_m2":812.9},"geometry":{"type":"Polygon","coordinates":[[[-58.626809,-34.380088],[-58.627249,-34.380121],[-58.627269,-34.379941],[-58.626829,-34.379908],[-58.626809,-34.380088]]]}},{"type":"Feature","properties":{"partida":"357004222","cca":"357000100000000000000034900K00000000009000","tipo":"Urbano","sup_m2":813.1},"geometry":{"type":"Polygon","coordinates":[[[-58.626848,-34.379729],[-58.626829,-34.379908],[-58.627269,-34.379941],[-58.627288,-34.379762],[-58.626848,-34.379729]]]}},{"type":"Feature","properties":{"partida":"357004227","cca":"357000100000000000000034900M00000000004000","tipo":"Urbano","sup_m2":847.4},"geometry":{"type":"Polygon","coordinates":[[[-58.625909,-34.379861],[-58.625926,-34.379682],[-58.625469,-34.379651],[-58.625448,-34.379831],[-58.625909,-34.379861]]]}},{"type":"Feature","properties":{"partida":"357004228","cca":"357000100000000000000034900M00000000005000","tipo":"Urbano","sup_m2":854.8},"geometry":{"type":"Polygon","coordinates":[[[-58.625909,-34.379861],[-58.625448,-34.379831],[-58.625426,-34.38001],[-58.625892,-34.380041],[-58.625909,-34.379861]]]}},{"type":"Feature","properties":{"partida":"357004229","cca":"357000100000000000000034900M00000000006000","tipo":"Urbano","sup_m2":822.6},"geometry":{"type":"Polygon","coordinates":[[[-58.625875,-34.38021],[-58.625892,-34.380041],[-58.625426,-34.38001],[-58.625406,-34.380183],[-58.625875,-34.38021]]]}},{"type":"Feature","properties":{"partida":"357004230","cca":"357000100000000000000034900M00000000007000","tipo":"Urbano","sup_m2":733.9},"geometry":{"type":"Polygon","coordinates":[[[-58.625875,-34.38021],[-58.626302,-34.380234],[-58.626321,-34.380069],[-58.625892,-34.380041],[-58.625875,-34.38021]]]}},{"type":"Feature","properties":{"partida":"357004231","cca":"357000100000000000000034900M00000000008000","tipo":"Urbano","sup_m2":797.3},"geometry":{"type":"Polygon","coordinates":[[[-58.625909,-34.379861],[-58.625892,-34.380041],[-58.626321,-34.380069],[-58.626343,-34.37989],[-58.625909,-34.379861]]]}},{"type":"Feature","properties":{"partida":"357004232","cca":"357000100000000000000034900M00000000009000","tipo":"Urbano","sup_m2":805.5},"geometry":{"type":"Polygon","coordinates":[[[-58.625926,-34.379682],[-58.625909,-34.379861],[-58.626343,-34.37989],[-58.626365,-34.379711],[-58.625926,-34.379682]]]}},{"type":"Feature","properties":{"partida":"357004238","cca":"357000100000000000000034900N00000000005000","tipo":"Urbano","sup_m2":1222.8},"geometry":{"type":"Polygon","coordinates":[[[-58.624835,-34.379882],[-58.624839,-34.379759],[-58.623895,-34.379728],[-58.623877,-34.3798],[-58.623931,-34.379861],[-58.624835,-34.379882]]]}},{"type":"Feature","properties":{"partida":"357004239","cca":"357000100000000000000034900N00000000006000","tipo":"Urbano","sup_m2":454.3},"geometry":{"type":"Polygon","coordinates":[[[-58.624177,-34.380105],[-58.624186,-34.379867],[-58.623931,-34.379861],[-58.623987,-34.379926],[-58.624022,-34.380095],[-58.624177,-34.380105]]]}},{"type":"Feature","properties":{"partida":"357004240","cca":"357000100000000000000034900N00000000007000","tipo":"Urbano","sup_m2":530.3},"geometry":{"type":"Polygon","coordinates":[[[-58.624177,-34.380105],[-58.624389,-34.38012],[-58.6244,-34.379872],[-58.624186,-34.379867],[-58.624177,-34.380105]]]}},{"type":"Feature","properties":{"partida":"357004241","cca":"357000100000000000000034900N00000000008000","tipo":"Urbano","sup_m2":568.7},"geometry":{"type":"Polygon","coordinates":[[[-58.624389,-34.38012],[-58.62461,-34.380135],[-58.624618,-34.379877],[-58.6244,-34.379872],[-58.624389,-34.38012]]]}},{"type":"Feature","properties":{"partida":"357004242","cca":"357000100000000000000034900N00000000009000","tipo":"Urbano","sup_m2":584.4},"geometry":{"type":"Polygon","coordinates":[[[-58.62461,-34.380135],[-58.624827,-34.38015],[-58.624835,-34.379882],[-58.624618,-34.379877],[-58.62461,-34.380135]]]}},{"type":"Feature","properties":{"partida":"357004243","cca":"357000100000000000000034900N00000000010000","tipo":"Urbano","sup_m2":703.0},"geometry":{"type":"Polygon","coordinates":[[[-58.624837,-34.379829],[-58.624827,-34.38015],[-58.625033,-34.380164],[-58.625045,-34.380006],[-58.625051,-34.379836],[-58.624837,-34.379829]]]}},{"type":"Feature","properties":{"partida":"357004244","cca":"357000100000000000000034900N00000000011000","tipo":"Urbano","sup_m2":468.6},"geometry":{"type":"Polygon","coordinates":[[[-58.625033,-34.380164],[-58.625318,-34.380184],[-58.625336,-34.380025],[-58.625045,-34.380006],[-58.625033,-34.380164]]]}},{"type":"Feature","properties":{"partida":"357004245","cca":"357000100000000000000034900N00000000012000","tipo":"Urbano","sup_m2":359.3},"geometry":{"type":"Polygon","coordinates":[[[-58.625045,-34.380006],[-58.625336,-34.380025],[-58.62535,-34.379904],[-58.625049,-34.37989],[-58.625045,-34.380006]]]}},{"type":"Feature","properties":{"partida":"357004246","cca":"357000100000000000000034900N00000000013000","tipo":"Urbano","sup_m2":399.8},"geometry":{"type":"Polygon","coordinates":[[[-58.625053,-34.379763],[-58.625049,-34.37989],[-58.62535,-34.379904],[-58.625365,-34.379777],[-58.625053,-34.379763]]]}},{"type":"Feature","properties":{"partida":"357004247","cca":"357000100000000000000034900N00000000014000","tipo":"Urbano","sup_m2":331.5},"geometry":{"type":"Polygon","coordinates":[[[-58.625053,-34.379763],[-58.625365,-34.379777],[-58.625377,-34.379673],[-58.625056,-34.379662],[-58.625053,-34.379763]]]}},{"type":"Feature","properties":{"partida":"357004248","cca":"357000100000000000000034900P00000000001000","tipo":"Urbano","sup_m2":1107.1},"geometry":{"type":"Polygon","coordinates":[[[-58.629252,-34.380513],[-58.629238,-34.380716],[-58.629775,-34.380755],[-58.62977,-34.380548],[-58.629252,-34.380513]]]}},{"type":"Feature","properties":{"partida":"357004249","cca":"357000100000000000000034900P00000000002000","tipo":"Urbano","sup_m2":1085.5},"geometry":{"type":"Polygon","coordinates":[[[-58.629001,-34.380982],[-58.629219,-34.380998],[-58.629252,-34.380513],[-58.629033,-34.380498],[-58.629001,-34.380982]]]}},{"type":"Feature","properties":{"partida":"357004250","cca":"357000100000000000000034900P00000000003000","tipo":"Urbano","sup_m2":1077.0},"geometry":{"type":"Polygon","coordinates":[[[-58.629001,-34.380982],[-58.629033,-34.380498],[-58.628815,-34.380483],[-58.628784,-34.380965],[-58.629001,-34.380982]]]}},{"type":"Feature","properties":{"partida":"357004251","cca":"357000100000000000000034900P00000000004000","tipo":"Urbano","sup_m2":1096.2},"geometry":{"type":"Polygon","coordinates":[[[-58.628562,-34.380948],[-58.628784,-34.380965],[-58.628815,-34.380483],[-58.628592,-34.380468],[-58.628562,-34.380948]]]}},{"type":"Feature","properties":{"partida":"357004252","cca":"357000100000000000000034900P00000000005000","tipo":"Urbano","sup_m2":680.1},"geometry":{"type":"Polygon","coordinates":[[[-58.628592,-34.380468],[-58.628255,-34.380445],[-58.62824,-34.38064],[-58.62858,-34.380665],[-58.628592,-34.380468]]]}},{"type":"Feature","properties":{"partida":"357004253","cca":"357000100000000000000034900P00000000006000","tipo":"Urbano","sup_m2":655.0},"geometry":{"type":"Polygon","coordinates":[[[-58.628568,-34.380853],[-58.62858,-34.380665],[-58.62824,-34.38064],[-58.628225,-34.380825],[-58.628568,-34.380853]]]}},{"type":"Feature","properties":{"partida":"357004254","cca":"357000100000000000000034900P00000000007000","tipo":"Urbano","sup_m2":651.6},"geometry":{"type":"Polygon","coordinates":[[[-58.628556,-34.381036],[-58.628568,-34.380853],[-58.628225,-34.380825],[-58.62821,-34.381011],[-58.628556,-34.381036]]]}},{"type":"Feature","properties":{"partida":"357004255","cca":"357000100000000000000034900P00000000008000","tipo":"Urbano","sup_m2":663.4},"geometry":{"type":"Polygon","coordinates":[[[-58.628545,-34.381223],[-58.628556,-34.381036],[-58.62821,-34.381011],[-58.628195,-34.381194],[-58.628545,-34.381223]]]}},{"type":"Feature","properties":{"partida":"357004256","cca":"357000100000000000000034900P00000000009000","tipo":"Urbano","sup_m2":690.5},"geometry":{"type":"Polygon","coordinates":[[[-58.628195,-34.381194],[-58.62818,-34.381386],[-58.628532,-34.381415],[-58.628545,-34.381223],[-58.628195,-34.381194]]]}},{"type":"Feature","properties":{"partida":"357004257","cca":"357000100000000000000034900P00000000010000","tipo":"Urbano","sup_m2":1062.2},"geometry":{"type":"Polygon","coordinates":[[[-58.628784,-34.380965],[-58.628562,-34.380948],[-58.628532,-34.381415],[-58.628754,-34.381433],[-58.628784,-34.380965]]]}},{"type":"Feature","properties":{"partida":"357004258","cca":"357000100000000000000034900P00000000011000","tipo":"Urbano","sup_m2":1043.8},"geometry":{"type":"Polygon","coordinates":[[[-58.629001,-34.380982],[-58.628784,-34.380965],[-58.628754,-34.381433],[-58.628971,-34.381451],[-58.629001,-34.380982]]]}},{"type":"Feature","properties":{"partida":"357004259","cca":"357000100000000000000034900P00000000012000","tipo":"Urbano","sup_m2":1047.2},"geometry":{"type":"Polygon","coordinates":[[[-58.629188,-34.381468],[-58.629219,-34.380998],[-58.629001,-34.380982],[-58.628971,-34.381451],[-58.629188,-34.381468]]]}},{"type":"Feature","properties":{"partida":"357004260","cca":"357000100000000000000034900P00000000013000","tipo":"Urbano","sup_m2":1178.9},"geometry":{"type":"Polygon","coordinates":[[[-58.629788,-34.381322],[-58.629201,-34.381276],[-58.629188,-34.381468],[-58.629792,-34.381517],[-58.629788,-34.381322]]]}},{"type":"Feature","properties":{"partida":"357004261","cca":"357000100000000000000034900P00000000014000","tipo":"Urbano","sup_m2":1103.0},"geometry":{"type":"Polygon","coordinates":[[[-58.629213,-34.381089],[-58.629201,-34.381276],[-58.629788,-34.381322],[-58.629784,-34.381136],[-58.629213,-34.381089]]]}},{"type":"Feature","properties":{"partida":"357004262","cca":"357000100000000000000034900P00000000015000","tipo":"Urbano","sup_m2":1056.0},"geometry":{"type":"Polygon","coordinates":[[[-58.629213,-34.381089],[-58.629784,-34.381136],[-58.629779,-34.380951],[-58.629225,-34.380906],[-58.629213,-34.381089]]]}},{"type":"Feature","properties":{"partida":"357004263","cca":"357000100000000000000034900P00000000016000","tipo":"Urbano","sup_m2":1077.2},"geometry":{"type":"Polygon","coordinates":[[[-58.629225,-34.380906],[-58.629779,-34.380951],[-58.629775,-34.380755],[-58.629238,-34.380716],[-58.629225,-34.380906]]]}},{"type":"Feature","properties":{"partida":"357004264","cca":"357000100000000000000034900R00000000001000","tipo":"Urbano","sup_m2":746.3},"geometry":{"type":"Polygon","coordinates":[[[-58.628137,-34.380614],[-58.628152,-34.38044],[-58.627741,-34.380413],[-58.627727,-34.380592],[-58.628137,-34.380614]]]}},{"type":"Feature","properties":{"partida":null,"cca":"357000100000000000000034900R00000000002000","tipo":null,"sup_m2":778.6},"geometry":{"type":"Polygon","coordinates":[[[-58.627309,-34.38057],[-58.627727,-34.380592],[-58.627741,-34.380413],[-58.627327,-34.380385],[-58.627309,-34.38057]]]}},{"type":"Feature","properties":{"partida":"357004266","cca":"357000100000000000000034900R00000000003000","tipo":"Urbano","sup_m2":772.5},"geometry":{"type":"Polygon","coordinates":[[[-58.627713,-34.380772],[-58.627727,-34.380592],[-58.627309,-34.38057],[-58.627293,-34.38075],[-58.627713,-34.380772]]]}},{"type":"Feature","properties":{"partida":"357004267","cca":"357000100000000000000034900R00000000004000","tipo":"Urbano","sup_m2":777.7},"geometry":{"type":"Polygon","coordinates":[[[-58.627713,-34.380772],[-58.627293,-34.38075],[-58.627276,-34.38093],[-58.627699,-34.380952],[-58.627713,-34.380772]]]}},{"type":"Feature","properties":{"partida":"357004268","cca":"357000100000000000000034900R00000000005000","tipo":"Urbano","sup_m2":782.5},"geometry":{"type":"Polygon","coordinates":[[[-58.627685,-34.381132],[-58.627699,-34.380952],[-58.627276,-34.38093],[-58.627259,-34.381109],[-58.627685,-34.381132]]]}},{"type":"Feature","properties":{"partida":"357004269","cca":"357000100000000000000034900R00000000006000","tipo":"Urbano","sup_m2":898.0},"geometry":{"type":"Polygon","coordinates":[[[-58.627669,-34.381343],[-58.627685,-34.381132],[-58.627259,-34.381109],[-58.627241,-34.381308],[-58.627669,-34.381343]]]}},{"type":"Feature","properties":{"partida":"357004270","cca":"357000100000000000000034900R00000000007000","tipo":"Urbano","sup_m2":898.6},"geometry":{"type":"Polygon","coordinates":[[[-58.62809,-34.381154],[-58.627685,-34.381132],[-58.627669,-34.381343],[-58.628071,-34.381376],[-58.62809,-34.381154]]]}},{"type":"Feature","properties":{"partida":"357004271","cca":"357000100000000000000034900R00000000008000","tipo":"Urbano","sup_m2":748.6},"geometry":{"type":"Polygon","coordinates":[[[-58.627685,-34.381132],[-58.62809,-34.381154],[-58.628106,-34.380974],[-58.627699,-34.380952],[-58.627685,-34.381132]]]}},{"type":"Feature","properties":{"partida":"357004272","cca":"357000100000000000000034900R00000000009000","tipo":"Urbano","sup_m2":751.5},"geometry":{"type":"Polygon","coordinates":[[[-58.627713,-34.380772],[-58.627699,-34.380952],[-58.628106,-34.380974],[-58.628121,-34.380794],[-58.627713,-34.380772]]]}},{"type":"Feature","properties":{"partida":"357004273","cca":"357000100000000000000034900R00000000010000","tipo":"Urbano","sup_m2":754.0},"geometry":{"type":"Polygon","coordinates":[[[-58.627727,-34.380592],[-58.627713,-34.380772],[-58.628121,-34.380794],[-58.628137,-34.380614],[-58.627727,-34.380592]]]}},{"type":"Feature","properties":{"partida":null,"cca":"357000100000000000000034900S00000000000000","tipo":null,"sup_m2":7738.1},"geometry":{"type":"Polygon","coordinates":[[[-58.626403,-34.380321],[-58.626296,-34.38123],[-58.627121,-34.381298],[-58.627223,-34.38038],[-58.626403,-34.380321]]]}},{"type":"Feature","properties":{"partida":"357004275","cca":"357000100000000000000034900T00000000001000","tipo":"Urbano","sup_m2":814.4},"geometry":{"type":"Polygon","coordinates":[[[-58.626275,-34.38048],[-58.626295,-34.380315],[-58.625818,-34.380283],[-58.625805,-34.380454],[-58.626275,-34.38048]]]}},{"type":"Feature","properties":{"partida":"357004276","cca":"357000100000000000000034900T00000000002000","tipo":"Urbano","sup_m2":748.5},"geometry":{"type":"Polygon","coordinates":[[[-58.625378,-34.38043],[-58.625805,-34.380454],[-58.625818,-34.380283],[-58.625399,-34.380255],[-58.625378,-34.38043]]]}},{"type":"Feature","properties":{"partida":"357004277","cca":"357000100000000000000034900T00000000003000","tipo":"Urbano","sup_m2":793.0},"geometry":{"type":"Polygon","coordinates":[[[-58.62579,-34.380633],[-58.625805,-34.380454],[-58.625378,-34.38043],[-58.625356,-34.380609],[-58.62579,-34.380633]]]}},{"type":"Feature","properties":{"partida":"357004278","cca":"357000100000000000000034900T00000000004000","tipo":"Urbano","sup_m2":806.0},"geometry":{"type":"Polygon","coordinates":[[[-58.625775,-34.380813],[-58.62579,-34.380633],[-58.625356,-34.380609],[-58.625335,-34.380789],[-58.625775,-34.380813]]]}},{"type":"Feature","properties":{"partida":"357004279","cca":"357000100000000000000034900T00000000005000","tipo":"Urbano","sup_m2":818.9},"geometry":{"type":"Polygon","coordinates":[[[-58.625761,-34.380993],[-58.625775,-34.380813],[-58.625335,-34.380789],[-58.625313,-34.380968],[-58.625761,-34.380993]]]}},{"type":"Feature","properties":{"partida":"357004280","cca":"357000100000000000000034900T00000000006000","tipo":"Urbano","sup_m2":853.9},"geometry":{"type":"Polygon","coordinates":[[[-58.625313,-34.380968],[-58.625292,-34.381147],[-58.625746,-34.381184],[-58.625761,-34.380993],[-58.625313,-34.380968]]]}},{"type":"Feature","properties":{"partida":"357004281","cca":"357000100000000000000034900T00000000007000","tipo":"Urbano","sup_m2":899.0},"geometry":{"type":"Polygon","coordinates":[[[-58.625746,-34.381184],[-58.626188,-34.38122],[-58.626212,-34.381018],[-58.625761,-34.380993],[-58.625746,-34.381184]]]}},{"type":"Feature","properties":{"partida":"357004282","cca":"357000100000000000000034900T00000000008000","tipo":"Urbano","sup_m2":837.1},"geometry":{"type":"Polygon","coordinates":[[[-58.625761,-34.380993],[-58.626212,-34.381018],[-58.626233,-34.380839],[-58.625775,-34.380813],[-58.625761,-34.380993]]]}},{"type":"Feature","properties":{"partida":"357004283","cca":"357000100000000000000034900T00000000009000","tipo":"Urbano","sup_m2":849.5},"geometry":{"type":"Polygon","coordinates":[[[-58.62579,-34.380633],[-58.625775,-34.380813],[-58.626233,-34.380839],[-58.626254,-34.380659],[-58.62579,-34.380633]]]}},{"type":"Feature","properties":{"partida":"357004284","cca":"357000100000000000000034900T00000000010000","tipo":"Urbano","sup_m2":862.1},"geometry":{"type":"Polygon","coordinates":[[[-58.62579,-34.380633],[-58.626254,-34.380659],[-58.626275,-34.38048],[-58.625805,-34.380454],[-58.62579,-34.380633]]]}},{"type":"Feature","properties":{"partida":"357004285","cca":"357000100000000000000034900U00000000001000","tipo":"Urbano","sup_m2":296.3},"geometry":{"type":"Polygon","coordinates":[[[-58.625139,-34.380226],[-58.62512,-34.380387],[-58.625296,-34.380401],[-58.625317,-34.380237],[-58.625139,-34.380226]]]}},{"type":"Feature","properties":{"partida":"357004286","cca":"357000100000000000000034900U00000000002000","tipo":"Urbano","sup_m2":760.3},"geometry":{"type":"Polygon","coordinates":[[[-58.625086,-34.380664],[-58.625139,-34.380226],[-58.624972,-34.380215],[-58.624918,-34.380656],[-58.625086,-34.380664]]]}},{"type":"Feature","properties":{"partida":"357004287","cca":"357000100000000000000034900U00000000003000","tipo":"Urbano","sup_m2":757.0},"geometry":{"type":"Polygon","coordinates":[[[-58.624715,-34.380545],[-58.624928,-34.380562],[-58.624972,-34.380215],[-58.624758,-34.380202],[-58.624715,-34.380545]]]}},{"type":"Feature","properties":{"partida":"357004288","cca":"357000100000000000000034900U00000000004000","tipo":"Urbano","sup_m2":726.3},"geometry":{"type":"Polygon","coordinates":[[[-58.624715,-34.380545],[-58.624758,-34.380202],[-58.624551,-34.380188],[-58.624508,-34.380524],[-58.624715,-34.380545]]]}},{"type":"Feature","properties":{"partida":"357004289","cca":"357000100000000000000034900U00000000005000","tipo":"Urbano","sup_m2":715.9},"geometry":{"type":"Polygon","coordinates":[[[-58.624464,-34.380522],[-58.624508,-34.380524],[-58.624551,-34.380188],[-58.6243,-34.380172],[-58.624275,-34.38037],[-58.624453,-34.380508],[-58.624464,-34.380522]]]}},{"type":"Feature","properties":{"partida":"357004290","cca":"357000100000000000000034900U00000000006000","tipo":"Urbano","sup_m2":303.6},"geometry":{"type":"Polygon","coordinates":[[[-58.6243,-34.380172],[-58.624034,-34.380155],[-58.624041,-34.380188],[-58.624275,-34.38037],[-58.6243,-34.380172]]]}},{"type":"Feature","properties":{"partida":"357004291","cca":"357000100000000000000034900U00000000007000","tipo":"Urbano","sup_m2":424.0},"geometry":{"type":"Polygon","coordinates":[[[-58.624918,-34.380656],[-58.624928,-34.380562],[-58.624715,-34.380545],[-58.624464,-34.380522],[-58.624555,-34.380636],[-58.624918,-34.380656]]]}},{"type":"Feature","properties":{"partida":"357004292","cca":"357000100000000000000034900U00000000008000","tipo":"Urbano","sup_m2":691.2},"geometry":{"type":"Polygon","coordinates":[[[-58.624747,-34.380921],[-58.624902,-34.380929],[-58.624918,-34.380656],[-58.624555,-34.380636],[-58.6247,-34.380817],[-58.624747,-34.380921]]]}},{"type":"Feature","properties":{"partida":"357004293","cca":"357000100000000000000034900U00000000009000","tipo":"Urbano","sup_m2":206.2},"geometry":{"type":"Polygon","coordinates":[[[-58.624894,-34.381121],[-58.624902,-34.380929],[-58.624747,-34.380921],[-58.624836,-34.381117],[-58.624894,-34.381121]]]}},{"type":"Feature","properties":{"partida":"357004294","cca":"357000100000000000000034900U00000000010000","tipo":"Urbano","sup_m2":726.9},"geometry":{"type":"Polygon","coordinates":[[[-58.625029,-34.381129],[-58.625086,-34.380664],[-58.624918,-34.380656],[-58.624894,-34.381121],[-58.625029,-34.381129]]]}},{"type":"Feature","properties":{"partida":"357004295","cca":"357000100000000000000034900U00000000011000","tipo":"Urbano","sup_m2":346.7},"geometry":{"type":"Polygon","coordinates":[[[-58.625029,-34.381129],[-58.625205,-34.381141],[-58.625228,-34.380952],[-58.625052,-34.380936],[-58.625029,-34.381129]]]}},{"type":"Feature","properties":{"partida":"357004296","cca":"357000100000000000000034900U00000000012000","tipo":"Urbano","sup_m2":337.0},"geometry":{"type":"Polygon","coordinates":[[[-58.625075,-34.380751],[-58.625052,-34.380936],[-58.625228,-34.380952],[-58.625251,-34.380766],[-58.625075,-34.380751]]]}},{"type":"Feature","properties":{"partida":"357004297","cca":"357000100000000000000034900U00000000013000","tipo":"Urbano","sup_m2":325.2},"geometry":{"type":"Polygon","coordinates":[[[-58.625097,-34.380571],[-58.625075,-34.380751],[-58.625251,-34.380766],[-58.625273,-34.380589],[-58.625097,-34.380571]]]}},{"type":"Feature","properties":{"partida":"357004298","cca":"357000100000000000000034900U00000000014000","tipo":"Urbano","sup_m2":337.9},"geometry":{"type":"Polygon","coordinates":[[[-58.625097,-34.380571],[-58.625273,-34.380589],[-58.625296,-34.380401],[-58.62512,-34.380387],[-58.625097,-34.380571]]]}},{"type":"Feature","properties":{"partida":"357004299","cca":"357000100000000000000034900W00000000001000","tipo":"Urbano","sup_m2":982.4},"geometry":{"type":"Polygon","coordinates":[[[-58.625686,-34.381304],[-58.625668,-34.381507],[-58.626147,-34.381536],[-58.626169,-34.381341],[-58.625686,-34.381304]]]}},{"type":"Feature","properties":{"partida":"357004300","cca":"357000100000000000000034900W00000000002000","tipo":"Urbano","sup_m2":878.4},"geometry":{"type":"Polygon","coordinates":[[[-58.625686,-34.381304],[-58.625274,-34.381273],[-58.625249,-34.381481],[-58.625668,-34.381507],[-58.625686,-34.381304]]]}},{"type":"Feature","properties":{"partida":"357004301","cca":"357000100000000000000034900W00000000003000","tipo":"Urbano","sup_m2":778.2},"geometry":{"type":"Polygon","coordinates":[[[-58.625668,-34.381507],[-58.625249,-34.381481],[-58.625227,-34.381661],[-58.625652,-34.381687],[-58.625668,-34.381507]]]}},{"type":"Feature","properties":{"partida":"357004302","cca":"357000100000000000000034900W00000000004000","tipo":"Urbano","sup_m2":788.5},"geometry":{"type":"Polygon","coordinates":[[[-58.625652,-34.381687],[-58.625227,-34.381661],[-58.625206,-34.38184],[-58.625636,-34.381866],[-58.625652,-34.381687]]]}},{"type":"Feature","properties":{"partida":"357004303","cca":"357000100000000000000034900W00000000005000","tipo":"Urbano","sup_m2":798.7},"geometry":{"type":"Polygon","coordinates":[[[-58.625636,-34.381866],[-58.625206,-34.38184],[-58.625184,-34.38202],[-58.62562,-34.382046],[-58.625636,-34.381866]]]}},{"type":"Feature","properties":{"partida":"357004304","cca":"357000100000000000000034900W00000000006000","tipo":"Urbano","sup_m2":889.8},"geometry":{"type":"Polygon","coordinates":[[[-58.625603,-34.382238],[-58.62562,-34.382046],[-58.625184,-34.38202],[-58.62516,-34.382222],[-58.625603,-34.382238]]]}},{"type":"Feature","properties":{"partida":"357004305","cca":"357000100000000000000034900W00000000007000","tipo":"Urbano","sup_m2":881.9},"geometry":{"type":"Polygon","coordinates":[[[-58.626083,-34.382074],[-58.62562,-34.382046],[-58.625603,-34.382238],[-58.626062,-34.382255],[-58.626083,-34.382074]]]}},{"type":"Feature","properties":{"partida":"357004306","cca":"357000100000000000000034900W00000000008000","tipo":"Urbano","sup_m2":859.1},"geometry":{"type":"Polygon","coordinates":[[[-58.625636,-34.381866],[-58.62562,-34.382046],[-58.626083,-34.382074],[-58.626104,-34.381895],[-58.625636,-34.381866]]]}},{"type":"Feature","properties":{"partida":"357004307","cca":"357000100000000000000034900W00000000009000","tipo":"Urbano","sup_m2":868.8},"geometry":{"type":"Polygon","coordinates":[[[-58.625652,-34.381687],[-58.625636,-34.381866],[-58.626104,-34.381895],[-58.626125,-34.381715],[-58.625652,-34.381687]]]}},{"type":"Feature","properties":{"partida":"357004308","cca":"357000100000000000000034900W00000000010000","tipo":"Urbano","sup_m2":878.7},"geometry":{"type":"Polygon","coordinates":[[[-58.625668,-34.381507],[-58.625652,-34.381687],[-58.626125,-34.381715],[-58.626147,-34.381536],[-58.625668,-34.381507]]]}},{"type":"Feature","properties":{"partida":"357004309","cca":"357000100000000000000034900X00000000001000","tipo":"Urbano","sup_m2":327.4},"geometry":{"type":"Polygon","coordinates":[[[-58.625027,-34.381234],[-58.625004,-34.381441],[-58.625152,-34.381452],[-58.625182,-34.381239],[-58.625027,-34.381234]]]}},{"type":"Feature","properties":{"partida":"357004310","cca":"357000100000000000000034900X00000000002000","tipo":"Urbano","sup_m2":367.8},"geometry":{"type":"Polygon","coordinates":[[[-58.624984,-34.381618],[-58.625027,-34.381234],[-58.624936,-34.381231],[-58.624886,-34.381606],[-58.624984,-34.381618]]]}},{"type":"Feature","properties":{"partida":"357004311","cca":"357000100000000000000034900X00000000003000","tipo":"Urbano","sup_m2":334.6},"geometry":{"type":"Polygon","coordinates":[[[-58.624772,-34.381596],[-58.624886,-34.381606],[-58.624936,-34.381231],[-58.624842,-34.381228],[-58.624849,-34.381376],[-58.624772,-34.381596]]]}},{"type":"Feature","properties":{"partida":"357004312","cca":"357000100000000000000034900X00000000004000","tipo":"Urbano","sup_m2":483.7},"geometry":{"type":"Polygon","coordinates":[[[-58.624673,-34.381778],[-58.624962,-34.381813],[-58.624984,-34.381618],[-58.624772,-34.381596],[-58.624737,-34.381695],[-58.624673,-34.381778]]]}},{"type":"Feature","properties":{"partida":"357004313","cca":"357000100000000000000034900X00000000005000","tipo":"Urbano","sup_m2":1743.3},"geometry":{"type":"Polygon","coordinates":[[[-58.624918,-34.382208],[-58.624962,-34.381813],[-58.624673,-34.381778],[-58.624473,-34.382036],[-58.624404,-34.382182],[-58.624918,-34.382208]]]}},{"type":"Feature","properties":{"partida":"357004314","cca":"357000100000000000000034900X00000000006000","tipo":"Urbano","sup_m2":298.7},"geometry":{"type":"Polygon","coordinates":[[[-58.624918,-34.382208],[-58.625047,-34.382214],[-58.625077,-34.381997],[-58.624943,-34.381984],[-58.624918,-34.382208]]]}},{"type":"Feature","properties":{"partida":"357004315","cca":"357000100000000000000034900X00000000007000","tipo":"Urbano","sup_m2":261.8},"geometry":{"type":"Polygon","coordinates":[[[-58.624943,-34.381984],[-58.625077,-34.381997],[-58.625102,-34.381811],[-58.624964,-34.381798],[-58.624943,-34.381984]]]}},{"type":"Feature","properties":{"partida":"357004316","cca":"357000100000000000000034900X00000000008000","tipo":"Urbano","sup_m2":260.6},"geometry":{"type":"Polygon","coordinates":[[[-58.624984,-34.381618],[-58.624964,-34.381798],[-58.625102,-34.381811],[-58.625127,-34.381633],[-58.624984,-34.381618]]]}},{"type":"Feature","properties":{"partida":"357004317","cca":"357000100000000000000034900X00000000009000","tipo":"Urbano","sup_m2":270.3},"geometry":{"type":"Polygon","coordinates":[[[-58.625004,-34.381441],[-58.624984,-34.381618],[-58.625127,-34.381633],[-58.625152,-34.381452],[-58.625004,-34.381441]]]}},{"type":"Feature","properties":{"partida":"357000672","cca":"357000100000000000000034900Y00000000001000","tipo":"Urbano","sup_m2":1263.8},"geometry":{"type":"Polygon","coordinates":[[[-58.629138,-34.381562],[-58.629115,-34.381745],[-58.6298,-34.381796],[-58.629796,-34.381612],[-58.629138,-34.381562]]]}},{"type":"Feature","properties":{"partida":"357004318","cca":"357000100000000000000034900Y00000000002000","tipo":"Urbano","sup_m2":786.9},"geometry":{"type":"Polygon","coordinates":[[[-58.629093,-34.38192],[-58.629138,-34.381562],[-58.628924,-34.381546],[-58.628879,-34.381903],[-58.629093,-34.38192]]]}},{"type":"Feature","properties":{"partida":"357004319","cca":"357000100000000000000034900Y00000000003000","tipo":"Urbano","sup_m2":1006.6},"geometry":{"type":"Polygon","coordinates":[[[-58.628651,-34.381973],[-58.628868,-34.381992],[-58.628924,-34.381546],[-58.628701,-34.381529],[-58.628651,-34.381973]]]}},{"type":"Feature","properties":{"partida":"357004320","cca":"357000100000000000000034900Y00000000004000","tipo":"Urbano","sup_m2":948.0},"geometry":{"type":"Polygon","coordinates":[[[-58.628651,-34.381973],[-58.628701,-34.381529],[-58.628494,-34.381514],[-58.628442,-34.381955],[-58.628651,-34.381973]]]}},{"type":"Feature","properties":{"partida":"357004321","cca":"357000100000000000000034900Y00000000005000","tipo":"Urbano","sup_m2":607.2},"geometry":{"type":"Polygon","coordinates":[[[-58.628152,-34.38167],[-58.628473,-34.381695],[-58.628494,-34.381514],[-58.628162,-34.381489],[-58.628152,-34.38167]]]}},{"type":"Feature","properties":{"partida":"357004322","cca":"357000100000000000000034900Y00000000006000","tipo":"Urbano","sup_m2":569.3},"geometry":{"type":"Polygon","coordinates":[[[-58.628131,-34.381842],[-58.628453,-34.381867],[-58.628473,-34.381695],[-58.628152,-34.38167],[-58.628131,-34.381842]]]}},{"type":"Feature","properties":{"partida":"357004323","cca":"357000100000000000000034900Y00000000007000","tipo":"Urbano","sup_m2":578.5},"geometry":{"type":"Polygon","coordinates":[[[-58.628432,-34.382044],[-58.628453,-34.381867],[-58.628131,-34.381842],[-58.62812,-34.38202],[-58.628432,-34.382044]]]}},{"type":"Feature","properties":{"partida":"357004324","cca":"357000100000000000000034900Y00000000008000","tipo":"Urbano","sup_m2":577.3},"geometry":{"type":"Polygon","coordinates":[[[-58.62841,-34.382227],[-58.628432,-34.382044],[-58.62812,-34.38202],[-58.628105,-34.382201],[-58.62841,-34.382227]]]}},{"type":"Feature","properties":{"partida":"357004325","cca":"357000100000000000000034900Y00000000009000","tipo":"Urbano","sup_m2":413.8},"geometry":{"type":"Polygon","coordinates":[[[-58.628105,-34.382201],[-58.628094,-34.382332],[-58.628395,-34.382361],[-58.62841,-34.382227],[-58.628105,-34.382201]]]}},{"type":"Feature","properties":{"partida":"357004326","cca":"357000100000000000000034900Y00000000010000","tipo":"Urbano","sup_m2":881.3},"geometry":{"type":"Polygon","coordinates":[[[-58.628442,-34.381955],[-58.628395,-34.382361],[-58.628605,-34.382382],[-58.628651,-34.381973],[-58.628442,-34.381955]]]}},{"type":"Feature","properties":{"partida":"357004327","cca":"357000100000000000000034900Y00000000011000","tipo":"Urbano","sup_m2":907.5},"geometry":{"type":"Polygon","coordinates":[[[-58.628817,-34.382402],[-58.628868,-34.381992],[-58.628651,-34.381973],[-58.628605,-34.382382],[-58.628817,-34.382402]]]}},{"type":"Feature","properties":{"partida":"357004328","cca":"357000100000000000000034900Y00000000012000","tipo":"Urbano","sup_m2":728.4},"geometry":{"type":"Polygon","coordinates":[[[-58.629075,-34.382096],[-58.628857,-34.382078],[-58.628817,-34.382402],[-58.629033,-34.382424],[-58.629075,-34.382096]]]}},{"type":"Feature","properties":{"partida":"357004329","cca":"357000100000000000000034900Y00000000013000","tipo":"Urbano","sup_m2":1209.5},"geometry":{"type":"Polygon","coordinates":[[[-58.629811,-34.382339],[-58.629051,-34.382279],[-58.629033,-34.382424],[-58.629814,-34.3825],[-58.629811,-34.382339]]]}},{"type":"Feature","properties":{"partida":"357004330","cca":"357000100000000000000034900Y00000000014000","tipo":"Urbano","sup_m2":1390.2},"geometry":{"type":"Polygon","coordinates":[[[-58.629051,-34.382279],[-58.629811,-34.382339],[-58.629807,-34.382157],[-58.629075,-34.382096],[-58.629051,-34.382279]]]}},{"type":"Feature","properties":{"partida":"357004331","cca":"357000100000000000000034900Y00000000015000","tipo":"Urbano","sup_m2":1708.5},"geometry":{"type":"Polygon","coordinates":[[[-58.629804,-34.381977],[-58.628879,-34.381903],[-58.628857,-34.382078],[-58.629807,-34.382157],[-58.629804,-34.381977]]]}},{"type":"Feature","properties":{"partida":"357004332","cca":"357000100000000000000034900Y00000000016000","tipo":"Urbano","sup_m2":1270.9},"geometry":{"type":"Polygon","coordinates":[[[-58.629093,-34.38192],[-58.629804,-34.381977],[-58.6298,-34.381796],[-58.629115,-34.381745],[-58.629093,-34.38192]]]}},{"type":"Feature","properties":{"partida":"357004333","cca":"357000100000000000000034900Z00000000001000","tipo":"Urbano","sup_m2":678.3},"geometry":{"type":"Polygon","coordinates":[[[-58.627626,-34.381448],[-58.62761,-34.381606],[-58.628032,-34.381636],[-58.628046,-34.38148],[-58.627626,-34.381448]]]}},{"type":"Feature","properties":{"partida":"357004334","cca":"357000100000000000000034900Z00000000002000","tipo":"Urbano","sup_m2":660.1},"geometry":{"type":"Polygon","coordinates":[[[-58.627626,-34.381448],[-58.627221,-34.381418],[-58.627206,-34.381578],[-58.62761,-34.381606],[-58.627626,-34.381448]]]}},{"type":"Feature","properties":{"partida":"357004335","cca":"357000100000000000000034900Z00000000003000","tipo":"Urbano","sup_m2":744.0},"geometry":{"type":"Polygon","coordinates":[[[-58.627591,-34.381786],[-58.62761,-34.381606],[-58.627206,-34.381578],[-58.627189,-34.381758],[-58.627591,-34.381786]]]}},{"type":"Feature","properties":{"partida":"357004336","cca":"357000100000000000000034900Z00000000004000","tipo":"Urbano","sup_m2":740.9},"geometry":{"type":"Polygon","coordinates":[[[-58.627591,-34.381786],[-58.627189,-34.381758],[-58.627173,-34.381937],[-58.627573,-34.381965],[-58.627591,-34.381786]]]}},{"type":"Feature","properties":{"partida":"357004337","cca":"357000100000000000000034900Z00000000005000","tipo":"Urbano","sup_m2":737.8},"geometry":{"type":"Polygon","coordinates":[[[-58.627555,-34.382145],[-58.627573,-34.381965],[-58.627173,-34.381937],[-58.627156,-34.382117],[-58.627555,-34.382145]]]}},{"type":"Feature","properties":{"partida":"357004338","cca":"357000100000000000000034900Z00000000006000","tipo":"Urbano","sup_m2":707.0},"geometry":{"type":"Polygon","coordinates":[[[-58.627156,-34.382117],[-58.627139,-34.382297],[-58.627538,-34.382311],[-58.627555,-34.382145],[-58.627156,-34.382117]]]}},{"type":"Feature","properties":{"partida":"357004339","cca":"357000100000000000000034900Z00000000007000","tipo":"Urbano","sup_m2":707.0},"geometry":{"type":"Polygon","coordinates":[[[-58.627538,-34.382311],[-58.627973,-34.382327],[-58.627986,-34.382175],[-58.627555,-34.382145],[-58.627538,-34.382311]]]}},{"type":"Feature","properties":{"partida":"357004340","cca":"357000100000000000000034900Z00000000008000","tipo":"Urbano","sup_m2":793.1},"geometry":{"type":"Polygon","coordinates":[[[-58.627555,-34.382145],[-58.627986,-34.382175],[-58.628001,-34.381996],[-58.627573,-34.381965],[-58.627555,-34.382145]]]}},{"type":"Feature","properties":{"partida":"357004341","cca":"357000100000000000000034900Z00000000009000","tipo":"Urbano","sup_m2":788.0},"geometry":{"type":"Polygon","coordinates":[[[-58.627591,-34.381786],[-58.627573,-34.381965],[-58.628001,-34.381996],[-58.628017,-34.381816],[-58.627591,-34.381786]]]}},{"type":"Feature","properties":{"partida":"357004342","cca":"357000100000000000000034900Z00000000010000","tipo":"Urbano","sup_m2":782.7},"geometry":{"type":"Polygon","coordinates":[[[-58.627591,-34.381786],[-58.628017,-34.381816],[-58.628032,-34.381636],[-58.62761,-34.381606],[-58.627591,-34.381786]]]}},{"type":"Feature","properties":{"partida":"357004107","cca":"35700010000000000000003490AA00000000001000","tipo":"Urbano","sup_m2":805.0},"geometry":{"type":"Polygon","coordinates":[[[-58.627098,-34.381588],[-58.627118,-34.38141],[-58.626679,-34.381377],[-58.626661,-34.381558],[-58.627098,-34.381588]]]}},{"type":"Feature","properties":{"partida":"357004108","cca":"35700010000000000000003490AA00000000002000","tipo":"Urbano","sup_m2":753.0},"geometry":{"type":"Polygon","coordinates":[[[-58.626257,-34.38153],[-58.626661,-34.381558],[-58.626679,-34.381377],[-58.626278,-34.381347],[-58.626257,-34.38153]]]}},{"type":"Feature","properties":{"partida":"357004109","cca":"35700010000000000000003490AA00000000003000","tipo":"Urbano","sup_m2":750.3},"geometry":{"type":"Polygon","coordinates":[[[-58.626661,-34.381558],[-58.626257,-34.38153],[-58.626235,-34.381709],[-58.626643,-34.381737],[-58.626661,-34.381558]]]}},{"type":"Feature","properties":{"partida":"357004110","cca":"35700010000000000000003490AA00000000004000","tipo":"Urbano","sup_m2":755.8},"geometry":{"type":"Polygon","coordinates":[[[-58.626625,-34.381917],[-58.626643,-34.381737],[-58.626235,-34.381709],[-58.626214,-34.381889],[-58.626625,-34.381917]]]}},{"type":"Feature","properties":{"partida":"357004111","cca":"35700010000000000000003490AA00000000005000","tipo":"Urbano","sup_m2":761.8},"geometry":{"type":"Polygon","coordinates":[[[-58.626607,-34.382097],[-58.626625,-34.381917],[-58.626214,-34.381889],[-58.626193,-34.382068],[-58.626607,-34.382097]]]}},{"type":"Feature","properties":{"partida":"357004112","cca":"35700010000000000000003490AA00000000006000","tipo":"Urbano","sup_m2":795.7},"geometry":{"type":"Polygon","coordinates":[[[-58.626589,-34.382276],[-58.626607,-34.382097],[-58.626193,-34.382068],[-58.626171,-34.382261],[-58.626589,-34.382276]]]}},{"type":"Feature","properties":{"partida":"357004113","cca":"35700010000000000000003490AA00000000007000","tipo":"Urbano","sup_m2":763.7},"geometry":{"type":"Polygon","coordinates":[[[-58.626589,-34.382276],[-58.62702,-34.382292],[-58.627038,-34.382126],[-58.626607,-34.382097],[-58.626589,-34.382276]]]}},{"type":"Feature","properties":{"partida":"357004114","cca":"35700010000000000000003490AA00000000008000","tipo":"Urbano","sup_m2":797.3},"geometry":{"type":"Polygon","coordinates":[[[-58.626625,-34.381917],[-58.626607,-34.382097],[-58.627038,-34.382126],[-58.627058,-34.381947],[-58.626625,-34.381917]]]}},{"type":"Feature","properties":{"partida":"357004115","cca":"35700010000000000000003490AA00000000009000","tipo":"Urbano","sup_m2":800.9},"geometry":{"type":"Polygon","coordinates":[[[-58.626625,-34.381917],[-58.627058,-34.381947],[-58.627078,-34.381767],[-58.626643,-34.381737],[-58.626625,-34.381917]]]}},{"type":"Feature","properties":{"partida":"357004116","cca":"35700010000000000000003490AA00000000010000","tipo":"Urbano","sup_m2":804.7},"geometry":{"type":"Polygon","coordinates":[[[-58.626661,-34.381558],[-58.626643,-34.381737],[-58.627078,-34.381767],[-58.627098,-34.381588],[-58.626661,-34.381558]]]}},{"type":"Feature","properties":{"partida":"357004343","cca":"357000100000000000000035000A00000000001000","tipo":"Urbano","sup_m2":1338.6},"geometry":{"type":"Polygon","coordinates":[[[-58.628099,-34.382709],[-58.628573,-34.382745],[-58.628575,-34.382477],[-58.628087,-34.382431],[-58.628099,-34.382709]]]}},{"type":"Feature","properties":{"partida":"357004344","cca":"357000100000000000000035000A00000000002000","tipo":"Urbano","sup_m2":873.0},"geometry":{"type":"Polygon","coordinates":[[[-58.628572,-34.382928],[-58.628573,-34.382745],[-58.628099,-34.382709],[-58.628107,-34.382891],[-58.628572,-34.382928]]]}},{"type":"Feature","properties":{"partida":"357004345","cca":"357000100000000000000035000A00000000003000","tipo":"Urbano","sup_m2":829.4},"geometry":{"type":"Polygon","coordinates":[[[-58.628572,-34.383105],[-58.628572,-34.382928],[-58.628107,-34.382891],[-58.628115,-34.383067],[-58.628572,-34.383105]]]}},{"type":"Feature","properties":{"partida":"357004346","cca":"357000100000000000000035000A00000000004000","tipo":"Urbano","sup_m2":854.1},"geometry":{"type":"Polygon","coordinates":[[[-58.628571,-34.383288],[-58.628572,-34.383105],[-58.628115,-34.383067],[-58.628123,-34.383255],[-58.628571,-34.383288]]]}},{"type":"Feature","properties":{"partida":"357004347","cca":"357000100000000000000035000A00000000005000","tipo":"Urbano","sup_m2":804.5},"geometry":{"type":"Polygon","coordinates":[[[-58.628571,-34.383288],[-58.628123,-34.383255],[-58.628131,-34.383432],[-58.62857,-34.383467],[-58.628571,-34.383288]]]}},{"type":"Feature","properties":{"partida":"357004348","cca":"357000100000000000000035000A00000000006000","tipo":"Urbano","sup_m2":956.5},"geometry":{"type":"Polygon","coordinates":[[[-58.62857,-34.383556],[-58.62857,-34.383467],[-58.628131,-34.383432],[-58.628146,-34.383775],[-58.62857,-34.383556]]]}},{"type":"Feature","properties":{"partida":"357004349","cca":"357000100000000000000035000A00000000007000","tipo":"Urbano","sup_m2":975.5},"geometry":{"type":"Polygon","coordinates":[[[-58.628572,-34.383011],[-58.62857,-34.383556],[-58.628866,-34.383404],[-58.628632,-34.382989],[-58.628572,-34.383011]]]}},{"type":"Feature","properties":{"partida":"357004350","cca":"357000100000000000000035000A00000000008000","tipo":"Urbano","sup_m2":939.4},"geometry":{"type":"Polygon","coordinates":[[[-58.62881,-34.382925],[-58.628632,-34.382989],[-58.628866,-34.383404],[-58.629054,-34.383307],[-58.62881,-34.382925]]]}},{"type":"Feature","properties":{"partida":"357004351","cca":"357000100000000000000035000A00000000009000","tipo":"Urbano","sup_m2":899.9},"geometry":{"type":"Polygon","coordinates":[[[-58.62881,-34.382925],[-58.629054,-34.383307],[-58.629232,-34.383215],[-58.629005,-34.382855],[-58.62881,-34.382925]]]}},{"type":"Feature","properties":{"partida":"357004352","cca":"357000100000000000000035000A00000000010000","tipo":"Urbano","sup_m2":1543.2},"geometry":{"type":"Polygon","coordinates":[[[-58.629005,-34.382855],[-58.629232,-34.383215],[-58.629426,-34.383115],[-58.629225,-34.382807],[-58.629228,-34.382539],[-58.629012,-34.382518],[-58.629005,-34.382855]]]}},{"type":"Feature","properties":{"partida":"357004353","cca":"357000100000000000000035000A00000000011000","tipo":"Urbano","sup_m2":1218.8},"geometry":{"type":"Polygon","coordinates":[[[-58.629426,-34.383115],[-58.629613,-34.383018],[-58.629436,-34.382757],[-58.629437,-34.382558],[-58.629228,-34.382539],[-58.629225,-34.382807],[-58.629426,-34.383115]]]}},{"type":"Feature","properties":{"partida":"357004354","cca":"357000100000000000000035000A00000000012000","tipo":"Urbano","sup_m2":1873.0},"geometry":{"type":"Polygon","coordinates":[[[-58.629956,-34.382607],[-58.629437,-34.382558],[-58.629436,-34.382757],[-58.629613,-34.383018],[-58.630047,-34.382795],[-58.629956,-34.382607]]]}},{"type":"Feature","properties":{"partida":"357004355","cca":"357000100000000000000035000A00000000013000","tipo":"Urbano","sup_m2":842.1},"geometry":{"type":"Polygon","coordinates":[[[-58.629005,-34.382855],[-58.629012,-34.382518],[-58.628796,-34.382498],[-58.628791,-34.382932],[-58.629005,-34.382855]]]}},{"type":"Feature","properties":{"partida":"357004356","cca":"357000100000000000000035000A00000000014000","tipo":"Urbano","sup_m2":1087.7},"geometry":{"type":"Polygon","coordinates":[[[-58.628575,-34.382477],[-58.628572,-34.383011],[-58.628791,-34.382932],[-58.628796,-34.382498],[-58.628575,-34.382477]]]}},{"type":"Feature","properties":{"partida":"357004357","cca":"357000100000000000000035000B00000000001000","tipo":"Urbano","sup_m2":804.0},"geometry":{"type":"Polygon","coordinates":[[[-58.627135,-34.382583],[-58.62758,-34.382597],[-58.627566,-34.382416],[-58.627136,-34.382402],[-58.627135,-34.382583]]]}},{"type":"Feature","properties":{"partida":"357004358","cca":"357000100000000000000035000B00000000002000","tipo":"Urbano","sup_m2":824.2},"geometry":{"type":"Polygon","coordinates":[[[-58.62758,-34.382597],[-58.627135,-34.382583],[-58.627135,-34.382762],[-58.627593,-34.382776],[-58.62758,-34.382597]]]}},{"type":"Feature","properties":{"partida":"357004359","cca":"357000100000000000000035000B00000000003000","tipo":"Urbano","sup_m2":845.0},"geometry":{"type":"Polygon","coordinates":[[[-58.627606,-34.382955],[-58.627593,-34.382776],[-58.627135,-34.382762],[-58.627134,-34.382939],[-58.627606,-34.382955]]]}},{"type":"Feature","properties":{"partida":"357004360","cca":"357000100000000000000035000B00000000004000","tipo":"Urbano","sup_m2":865.9},"geometry":{"type":"Polygon","coordinates":[[[-58.627619,-34.383134],[-58.627606,-34.382955],[-58.627134,-34.382939],[-58.627133,-34.383115],[-58.627619,-34.383134]]]}},{"type":"Feature","properties":{"partida":"357004361","cca":"357000100000000000000035000B00000000005000","tipo":"Urbano","sup_m2":902.7},"geometry":{"type":"Polygon","coordinates":[[[-58.627633,-34.383314],[-58.627619,-34.383134],[-58.627133,-34.383115],[-58.627133,-34.383294],[-58.627633,-34.383314]]]}},{"type":"Feature","properties":{"partida":"357004362","cca":"357000100000000000000035000B00000000006000","tipo":"Urbano","sup_m2":947.7},"geometry":{"type":"Polygon","coordinates":[[[-58.627633,-34.383314],[-58.627133,-34.383294],[-58.627132,-34.383479],[-58.627646,-34.383496],[-58.627633,-34.383314]]]}},{"type":"Feature","properties":{"partida":"357004363","cca":"357000100000000000000035000B00000000007000","tipo":"Urbano","sup_m2":1115.8},"geometry":{"type":"Polygon","coordinates":[[[-58.627132,-34.383479],[-58.627131,-34.383682],[-58.627662,-34.383712],[-58.627646,-34.383496],[-58.627132,-34.383479]]]}},{"type":"Feature","properties":{"partida":"357004364","cca":"357000100000000000000035000B00000000008000","tipo":"Urbano","sup_m2":835.2},"geometry":{"type":"Polygon","coordinates":[[[-58.628021,-34.383508],[-58.627646,-34.383496],[-58.627662,-34.383712],[-58.628033,-34.383733],[-58.628021,-34.383508]]]}},{"type":"Feature","properties":{"partida":"357004365","cca":"357000100000000000000035000B00000000009000","tipo":"Urbano","sup_m2":691.6},"geometry":{"type":"Polygon","coordinates":[[[-58.627633,-34.383314],[-58.627646,-34.383496],[-58.628021,-34.383508],[-58.628011,-34.383329],[-58.627633,-34.383314]]]}},{"type":"Feature","properties":{"partida":"357004366","cca":"357000100000000000000035000B00000000010000","tipo":"Urbano","sup_m2":699.2},"geometry":{"type":"Polygon","coordinates":[[[-58.627619,-34.383134],[-58.627633,-34.383314],[-58.628011,-34.383329],[-58.628001,-34.383148],[-58.627619,-34.383134]]]}},{"type":"Feature","properties":{"partida":"357004367","cca":"357000100000000000000035000B00000000011000","tipo":"Urbano","sup_m2":697.4},"geometry":{"type":"Polygon","coordinates":[[[-58.627606,-34.382955],[-58.627619,-34.383134],[-58.628001,-34.383148],[-58.627991,-34.382969],[-58.627606,-34.382955]]]}},{"type":"Feature","properties":{"partida":"357004368","cca":"357000100000000000000035000B00000000012000","tipo":"Urbano","sup_m2":712.0},"geometry":{"type":"Polygon","coordinates":[[[-58.627593,-34.382776],[-58.627606,-34.382955],[-58.627991,-34.382969],[-58.627981,-34.382787],[-58.627593,-34.382776]]]}},{"type":"Feature","properties":{"partida":"357004369","cca":"357000100000000000000035000B00000000013000","tipo":"Urbano","sup_m2":709.1},"geometry":{"type":"Polygon","coordinates":[[[-58.627593,-34.382776],[-58.627981,-34.382787],[-58.627972,-34.382609],[-58.62758,-34.382597],[-58.627593,-34.382776]]]}},{"type":"Feature","properties":{"partida":"357004370","cca":"357000100000000000000035000B00000000014000","tipo":"Urbano","sup_m2":721.8},"geometry":{"type":"Polygon","coordinates":[[[-58.627972,-34.382609],[-58.627962,-34.38243],[-58.627566,-34.382416],[-58.62758,-34.382597],[-58.627972,-34.382609]]]}},{"type":"Feature","properties":{"partida":"357004371","cca":"357000100000000000000035000C0000000000100A","tipo":"Urbano","sup_m2":3104.3},"geometry":{"type":"Polygon","coordinates":[[[-58.62704,-34.382756],[-58.627038,-34.382401],[-58.626125,-34.382373],[-58.626138,-34.382689],[-58.62704,-34.382756]]]}},{"type":"Feature","properties":{"partida":"357004372","cca":"357000100000000000000035000C00000000003000","tipo":"Urbano","sup_m2":918.2},"geometry":{"type":"Polygon","coordinates":[[[-58.626633,-34.382907],[-58.62664,-34.382726],[-58.626138,-34.382689],[-58.626146,-34.382872],[-58.626633,-34.382907]]]}},{"type":"Feature","properties":{"partida":"357004373","cca":"357000100000000000000035000C00000000004000","tipo":"Urbano","sup_m2":895.8},"geometry":{"type":"Polygon","coordinates":[[[-58.626633,-34.382907],[-58.626146,-34.382872],[-58.626153,-34.383055],[-58.626627,-34.38309],[-58.626633,-34.382907]]]}},{"type":"Feature","properties":{"partida":"357004374","cca":"357000100000000000000035000C00000000005000","tipo":"Urbano","sup_m2":871.1},"geometry":{"type":"Polygon","coordinates":[[[-58.626627,-34.38309],[-58.626153,-34.383055],[-58.626161,-34.38324],[-58.62662,-34.383271],[-58.626627,-34.38309]]]}},{"type":"Feature","properties":{"partida":"357004375","cca":"357000100000000000000035000C00000000006000","tipo":"Urbano","sup_m2":819.8},"geometry":{"type":"Polygon","coordinates":[[[-58.626614,-34.383447],[-58.62662,-34.383271],[-58.626161,-34.38324],[-58.626168,-34.383419],[-58.626614,-34.383447]]]}},{"type":"Feature","properties":{"partida":"357004376","cca":"357000100000000000000035000C00000000007000","tipo":"Urbano","sup_m2":869.9},"geometry":{"type":"Polygon","coordinates":[[[-58.626168,-34.383419],[-58.626176,-34.383608],[-58.626606,-34.383647],[-58.626614,-34.383447],[-58.626168,-34.383419]]]}},{"type":"Feature","properties":{"partida":"357004377","cca":"357000100000000000000035000C00000000008000","tipo":"Urbano","sup_m2":910.0},"geometry":{"type":"Polygon","coordinates":[[[-58.627043,-34.383475],[-58.626614,-34.383447],[-58.626606,-34.383647],[-58.627044,-34.383686],[-58.627043,-34.383475]]]}},{"type":"Feature","properties":{"partida":"357004378","cca":"357000100000000000000035000C00000000009000","tipo":"Urbano","sup_m2":766.3},"geometry":{"type":"Polygon","coordinates":[[[-58.62662,-34.383271],[-58.626614,-34.383447],[-58.627043,-34.383475],[-58.627042,-34.383299],[-58.62662,-34.383271]]]}},{"type":"Feature","properties":{"partida":"357004379","cca":"357000100000000000000035000C00000000010000","tipo":"Urbano","sup_m2":770.9},"geometry":{"type":"Polygon","coordinates":[[[-58.62662,-34.383271],[-58.627042,-34.383299],[-58.627042,-34.38312],[-58.626627,-34.38309],[-58.62662,-34.383271]]]}},{"type":"Feature","properties":{"partida":"357004380","cca":"357000100000000000000035000C00000000011000","tipo":"Urbano","sup_m2":765.7},"geometry":{"type":"Polygon","coordinates":[[[-58.626633,-34.382907],[-58.626627,-34.38309],[-58.627042,-34.38312],[-58.627041,-34.382937],[-58.626633,-34.382907]]]}},{"type":"Feature","properties":{"partida":"357004381","cca":"357000100000000000000035000C00000000012000","tipo":"Urbano","sup_m2":746.2},"geometry":{"type":"Polygon","coordinates":[[[-58.626633,-34.382907],[-58.627041,-34.382937],[-58.62704,-34.382756],[-58.62664,-34.382726],[-58.626633,-34.382907]]]}},{"type":"Feature","properties":{"partida":"357004382","cca":"357000100000000000000035000D00000000001000","tipo":"Urbano","sup_m2":662.8},"geometry":{"type":"Polygon","coordinates":[[[-58.625568,-34.382353],[-58.625555,-34.382502],[-58.625985,-34.382527],[-58.625979,-34.382367],[-58.625568,-34.382353]]]}},{"type":"Feature","properties":{"partida":"357004383","cca":"357000100000000000000035000D00000000002000","tipo":"Urbano","sup_m2":618.6},"geometry":{"type":"Polygon","coordinates":[[[-58.625568,-34.382353],[-58.625147,-34.382339],[-58.625131,-34.382476],[-58.625555,-34.382502],[-58.625568,-34.382353]]]}},{"type":"Feature","properties":{"partida":"357004384","cca":"357000100000000000000035000D00000000003000","tipo":"Urbano","sup_m2":788.0},"geometry":{"type":"Polygon","coordinates":[[[-58.62554,-34.382682],[-58.625555,-34.382502],[-58.625131,-34.382476],[-58.62511,-34.382656],[-58.62554,-34.382682]]]}},{"type":"Feature","properties":{"partida":"357004385","cca":"357000100000000000000035000D00000000004000","tipo":"Urbano","sup_m2":798.4},"geometry":{"type":"Polygon","coordinates":[[[-58.625524,-34.382861],[-58.62554,-34.382682],[-58.62511,-34.382656],[-58.625088,-34.382835],[-58.625524,-34.382861]]]}},{"type":"Feature","properties":{"partida":"357004386","cca":"357000100000000000000035000D00000000005000","tipo":"Urbano","sup_m2":808.8},"geometry":{"type":"Polygon","coordinates":[[[-58.625524,-34.382861],[-58.625088,-34.382835],[-58.625067,-34.383015],[-58.625508,-34.383041],[-58.625524,-34.382861]]]}},{"type":"Feature","properties":{"partida":"357004387","cca":"357000100000000000000035000D00000000006000","tipo":"Urbano","sup_m2":819.2},"geometry":{"type":"Polygon","coordinates":[[[-58.625493,-34.383221],[-58.625508,-34.383041],[-58.625067,-34.383015],[-58.625046,-34.383194],[-58.625493,-34.383221]]]}},{"type":"Feature","properties":{"partida":"357004388","cca":"357000100000000000000035000D00000000007000","tipo":"Urbano","sup_m2":829.6},"geometry":{"type":"Polygon","coordinates":[[[-58.625477,-34.383401],[-58.625493,-34.383221],[-58.625046,-34.383194],[-58.625024,-34.383374],[-58.625477,-34.383401]]]}},{"type":"Feature","properties":{"partida":"357004389","cca":"357000100000000000000035000D00000000008000","tipo":"Urbano","sup_m2":647.8},"geometry":{"type":"Polygon","coordinates":[[[-58.625024,-34.383374],[-58.625009,-34.383505],[-58.625464,-34.383547],[-58.625477,-34.383401],[-58.625024,-34.383374]]]}},{"type":"Feature","properties":{"partida":"357004390","cca":"357000100000000000000035000D00000000009000","tipo":"Urbano","sup_m2":873.0},"geometry":{"type":"Polygon","coordinates":[[[-58.625464,-34.383547],[-58.626024,-34.383598],[-58.626018,-34.383433],[-58.625477,-34.383401],[-58.625464,-34.383547]]]}},{"type":"Feature","properties":{"partida":"357004391","cca":"357000100000000000000035000D00000000010000","tipo":"Urbano","sup_m2":976.7},"geometry":{"type":"Polygon","coordinates":[[[-58.625477,-34.383401],[-58.626018,-34.383433],[-58.626011,-34.383252],[-58.625493,-34.383221],[-58.625477,-34.383401]]]}},{"type":"Feature","properties":{"partida":"357004392","cca":"357000100000000000000035000D00000000011000","tipo":"Urbano","sup_m2":935.5},"geometry":{"type":"Polygon","coordinates":[[[-58.625508,-34.383041],[-58.625493,-34.383221],[-58.626011,-34.383252],[-58.626004,-34.383071],[-58.625508,-34.383041]]]}},{"type":"Feature","properties":{"partida":"357004393","cca":"357000100000000000000035000D00000000012000","tipo":"Urbano","sup_m2":894.6},"geometry":{"type":"Polygon","coordinates":[[[-58.625524,-34.382861],[-58.625508,-34.383041],[-58.626004,-34.383071],[-58.625998,-34.38289],[-58.625524,-34.382861]]]}},{"type":"Feature","properties":{"partida":"357004394","cca":"357000100000000000000035000D00000000013000","tipo":"Urbano","sup_m2":853.1},"geometry":{"type":"Polygon","coordinates":[[[-58.62554,-34.382682],[-58.625524,-34.382861],[-58.625998,-34.38289],[-58.625991,-34.382709],[-58.62554,-34.382682]]]}},{"type":"Feature","properties":{"partida":"357004395","cca":"357000100000000000000035000D00000000014000","tipo":"Urbano","sup_m2":812.3},"geometry":{"type":"Polygon","coordinates":[[[-58.62554,-34.382682],[-58.625991,-34.382709],[-58.625985,-34.382527],[-58.625555,-34.382502],[-58.62554,-34.382682]]]}},{"type":"Feature","properties":{"partida":"357004396","cca":"357000100000000000000035000E00000000001000","tipo":"Urbano","sup_m2":499.4},"geometry":{"type":"Polygon","coordinates":[[[-58.624706,-34.382328],[-58.624697,-34.382455],[-58.625061,-34.382473],[-58.625076,-34.382335],[-58.624706,-34.382328]]]}},{"type":"Feature","properties":{"partida":"357004397","cca":"357000100000000000000035000E00000000002000","tipo":"Urbano","sup_m2":353.1},"geometry":{"type":"Polygon","coordinates":[[[-58.624706,-34.382328],[-58.624436,-34.382323],[-58.624406,-34.382441],[-58.624697,-34.382455],[-58.624706,-34.382328]]]}},{"type":"Feature","properties":{"partida":"357004398","cca":"357000100000000000000035000E00000000003000","tipo":"Urbano","sup_m2":565.8},"geometry":{"type":"Polygon","coordinates":[[[-58.624684,-34.382635],[-58.624697,-34.382455],[-58.624406,-34.382441],[-58.624361,-34.382619],[-58.624684,-34.382635]]]}},{"type":"Feature","properties":{"partida":"357004399","cca":"357000100000000000000035000E00000000004000","tipo":"Urbano","sup_m2":625.7},"geometry":{"type":"Polygon","coordinates":[[[-58.624671,-34.382815],[-58.624684,-34.382635],[-58.624361,-34.382619],[-58.624315,-34.382797],[-58.624671,-34.382815]]]}},{"type":"Feature","properties":{"partida":"357004400","cca":"357000100000000000000035000E00000000005000","tipo":"Urbano","sup_m2":685.2},"geometry":{"type":"Polygon","coordinates":[[[-58.624671,-34.382815],[-58.624315,-34.382797],[-58.62427,-34.382976],[-58.624658,-34.382995],[-58.624671,-34.382815]]]}},{"type":"Feature","properties":{"partida":"357004401","cca":"357000100000000000000035000E00000000006000","tipo":"Urbano","sup_m2":745.3},"geometry":{"type":"Polygon","coordinates":[[[-58.624645,-34.383175],[-58.624658,-34.382995],[-58.62427,-34.382976],[-58.624225,-34.383154],[-58.624645,-34.383175]]]}},{"type":"Feature","properties":{"partida":"357004402","cca":"357000100000000000000035000E00000000007000","tipo":"Urbano","sup_m2":805.2},"geometry":{"type":"Polygon","coordinates":[[[-58.624632,-34.383355],[-58.624645,-34.383175],[-58.624225,-34.383154],[-58.624179,-34.383332],[-58.624632,-34.383355]]]}},{"type":"Feature","properties":{"partida":"357004403","cca":"357000100000000000000035000E00000000008000","tipo":"Urbano","sup_m2":665.5},"geometry":{"type":"Polygon","coordinates":[[[-58.624622,-34.383491],[-58.624632,-34.383355],[-58.624179,-34.383332],[-58.624143,-34.383474],[-58.624622,-34.383491]]]}},{"type":"Feature","properties":{"partida":"357004404","cca":"357000100000000000000035000E00000000009000","tipo":"Urbano","sup_m2":449.4},"geometry":{"type":"Polygon","coordinates":[[[-58.624622,-34.383491],[-58.624948,-34.383502],[-58.624963,-34.383371],[-58.624632,-34.383355],[-58.624622,-34.383491]]]}},{"type":"Feature","properties":{"partida":"357004405","cca":"357000100000000000000035000E00000000010000","tipo":"Urbano","sup_m2":615.5},"geometry":{"type":"Polygon","coordinates":[[[-58.624645,-34.383175],[-58.624632,-34.383355],[-58.624963,-34.383371],[-58.624982,-34.383192],[-58.624645,-34.383175]]]}},{"type":"Feature","properties":{"partida":"357004406","cca":"357000100000000000000035000E00000000011000","tipo":"Urbano","sup_m2":627.2},"geometry":{"type":"Polygon","coordinates":[[[-58.624645,-34.383175],[-58.624982,-34.383192],[-58.625002,-34.383012],[-58.624658,-34.382995],[-58.624645,-34.383175]]]}},{"type":"Feature","properties":{"partida":"357004407","cca":"357000100000000000000035000E00000000012000","tipo":"Urbano","sup_m2":639.3},"geometry":{"type":"Polygon","coordinates":[[[-58.624671,-34.382815],[-58.624658,-34.382995],[-58.625002,-34.383012],[-58.625021,-34.382832],[-58.624671,-34.382815]]]}},{"type":"Feature","properties":{"partida":"357004408","cca":"357000100000000000000035000E00000000013000","tipo":"Urbano","sup_m2":651.8},"geometry":{"type":"Polygon","coordinates":[[[-58.624684,-34.382635],[-58.624671,-34.382815],[-58.625021,-34.382832],[-58.625041,-34.382653],[-58.624684,-34.382635]]]}},{"type":"Feature","properties":{"partida":"357004409","cca":"357000100000000000000035000E00000000014000","tipo":"Urbano","sup_m2":664.2},"geometry":{"type":"Polygon","coordinates":[[[-58.624697,-34.382455],[-58.624684,-34.382635],[-58.625041,-34.382653],[-58.625061,-34.382473],[-58.624697,-34.382455]]]}},{"type":"Feature","properties":{"partida":"357004410","cca":"357000100000000000000035000F00000000001000","tipo":"Urbano","sup_m2":1235.5},"geometry":{"type":"Polygon","coordinates":[[[-58.623836,-34.382873],[-58.62419,-34.382899],[-58.624333,-34.382331],[-58.624016,-34.382604],[-58.623836,-34.382873]]]}},{"type":"Feature","properties":{"partida":"357004411","cca":"357000100000000000000035000F00000000002000","tipo":"Urbano","sup_m2":682.9},"geometry":{"type":"Polygon","coordinates":[[[-58.623811,-34.383057],[-58.624146,-34.383077],[-58.62419,-34.382899],[-58.623836,-34.382873],[-58.623783,-34.382955],[-58.623811,-34.383057]]]}},{"type":"Feature","properties":{"partida":"357004412","cca":"357000100000000000000035000F00000000003000","tipo":"Urbano","sup_m2":807.9},"geometry":{"type":"Polygon","coordinates":[[[-58.623783,-34.382955],[-58.62371,-34.38307],[-58.623608,-34.383138],[-58.62369,-34.383427],[-58.623859,-34.383405],[-58.62391,-34.383424],[-58.623783,-34.382955]]]}},{"type":"Feature","properties":{"partida":"357017720","cca":"357000100000000000000035000F00000000004000","tipo":"Urbano","sup_m2":523.2},"geometry":{"type":"Polygon","coordinates":[[[-58.623608,-34.383138],[-58.623503,-34.383206],[-58.623434,-34.38327],[-58.623483,-34.383454],[-58.62369,-34.383427],[-58.623608,-34.383138]]]}},{"type":"Feature","properties":{"partida":"357004413","cca":"357000100000000000000035000F00000000005000","tipo":"Urbano","sup_m2":326.8},"geometry":{"type":"Polygon","coordinates":[[[-58.623434,-34.38327],[-58.623295,-34.383399],[-58.623079,-34.383507],[-58.623483,-34.383454],[-58.623434,-34.38327]]]}},{"type":"Feature","properties":{"partida":"357004414","cca":"357000100000000000000035000F00000000006000","tipo":"Urbano","sup_m2":380.9},"geometry":{"type":"Polygon","coordinates":[[[-58.6241,-34.383257],[-58.623861,-34.383243],[-58.62391,-34.383424],[-58.624046,-34.383473],[-58.6241,-34.383257]]]}},{"type":"Feature","properties":{"partida":"357004415","cca":"357000100000000000000035000F00000000007000","tipo":"Urbano","sup_m2":534.1},"geometry":{"type":"Polygon","coordinates":[[[-58.623811,-34.383057],[-58.623861,-34.383243],[-58.6241,-34.383257],[-58.624146,-34.383077],[-58.623811,-34.383057]]]}},{"type":"Feature","properties":{"partida":"357004416","cca":"357000100000000000000035000G00000000001000","tipo":"Urbano","sup_m2":1370.8},"geometry":{"type":"Polygon","coordinates":[[[-58.627482,-34.383856],[-58.627194,-34.383841],[-58.627184,-34.384292],[-58.627492,-34.384307],[-58.627482,-34.383856]]]}},{"type":"Feature","properties":{"partida":"357004417","cca":"357000100000000000000035000G00000000002000","tipo":"Urbano","sup_m2":1231.5},"geometry":{"type":"Polygon","coordinates":[[[-58.627492,-34.384307],[-58.627659,-34.384315],[-58.627763,-34.384305],[-58.627752,-34.383871],[-58.627482,-34.383856],[-58.627492,-34.384307]]]}},{"type":"Feature","properties":{"partida":"357004418","cca":"357000100000000000000035000G00000000003000","tipo":"Urbano","sup_m2":1079.2},"geometry":{"type":"Polygon","coordinates":[[[-58.628013,-34.384278],[-58.628014,-34.383886],[-58.627752,-34.383871],[-58.627763,-34.384305],[-58.628013,-34.384278]]]}},{"type":"Feature","properties":{"partida":"357004419","cca":"357000100000000000000035000H00000000001000","tipo":"Urbano","sup_m2":1818.2},"geometry":{"type":"Polygon","coordinates":[[[-58.626475,-34.384256],[-58.626514,-34.38372],[-58.626174,-34.38369],[-58.62616,-34.384239],[-58.626475,-34.384256]]]}},{"type":"Feature","properties":{"partida":"357007600","cca":"357000100000000000000035000H00000000002000","tipo":"Urbano","sup_m2":1189.6},"geometry":{"type":"Polygon","coordinates":[[[-58.626695,-34.384267],[-58.626729,-34.383739],[-58.626514,-34.38372],[-58.626475,-34.384256],[-58.626695,-34.384267]]]}},{"type":"Feature","properties":{"partida":"357004420","cca":"357000100000000000000035000H00000000003000","tipo":"Urbano","sup_m2":729.0},"geometry":{"type":"Polygon","coordinates":[[[-58.627044,-34.383979],[-58.627043,-34.383767],[-58.626729,-34.383739],[-58.626715,-34.38397],[-58.627044,-34.383979]]]}},{"type":"Feature","properties":{"partida":"357004421","cca":"357000100000000000000035000H00000000004000","tipo":"Urbano","sup_m2":1047.2},"geometry":{"type":"Polygon","coordinates":[[[-58.626715,-34.38397],[-58.626695,-34.384267],[-58.627045,-34.384285],[-58.627044,-34.383979],[-58.626715,-34.38397]]]}},{"type":"Feature","properties":{"partida":"357004422","cca":"357000100000000000000035000J00000000001000","tipo":"Urbano","sup_m2":2438.1},"geometry":{"type":"Polygon","coordinates":[[[-58.626008,-34.384229],[-58.626023,-34.383674],[-58.62562,-34.38364],[-58.625578,-34.38403],[-58.625564,-34.384203],[-58.626008,-34.384229]]]}},{"type":"Feature","properties":{"partida":"357004423","cca":"357000100000000000000035000J00000000002000","tipo":"Urbano","sup_m2":1272.6},"geometry":{"type":"Polygon","coordinates":[[[-58.625351,-34.384199],[-58.625564,-34.384203],[-58.625578,-34.38403],[-58.62562,-34.38364],[-58.625395,-34.38362],[-58.625351,-34.384199]]]}},{"type":"Feature","properties":{"partida":"357004424","cca":"357000100000000000000035000J00000000003000","tipo":"Urbano","sup_m2":2439.1},"geometry":{"type":"Polygon","coordinates":[[[-58.625395,-34.38362],[-58.624997,-34.383586],[-58.624946,-34.384191],[-58.625351,-34.384199],[-58.625395,-34.38362]]]}},{"type":"Feature","properties":{"partida":"357004425","cca":"357000100000000000000035100000000000001000","tipo":"Urbano","sup_m2":1407.9},"geometry":{"type":"Polygon","coordinates":[[[-58.624845,-34.384099],[-58.624808,-34.384065],[-58.624777,-34.384031],[-58.62474,-34.383951],[-58.624768,-34.383872],[-58.624777,-34.383803],[-58.624755,-34.383769],[-58.624732,-34.383757],[-58.624686,-34.383757],[-58.62441,-34.383802],[-58.624227,-34.383809],[-58.624234,-34.383996],[-58.624845,-34.384099]]]}},{"type":"Feature","properties":{"partida":"357004426","cca":"357000100000000000000035100000000000002000","tipo":"Urbano","sup_m2":815.5},"geometry":{"type":"Polygon","coordinates":[[[-58.623987,-34.383741],[-58.624101,-34.384235],[-58.624243,-34.384211],[-58.624227,-34.383809],[-58.624148,-34.383812],[-58.624038,-34.383778],[-58.623987,-34.383741]]]}},{"type":"Feature","properties":{"partida":"357004427","cca":"357000100000000000000035100000000000003000","tipo":"Urbano","sup_m2":819.2},"geometry":{"type":"Polygon","coordinates":[[[-58.624072,-34.38411],[-58.623987,-34.383741],[-58.623902,-34.383679],[-58.623773,-34.384143],[-58.624072,-34.38411]]]}},{"type":"Feature","properties":{"partida":"357004428","cca":"357000100000000000000035100000000000004000","tipo":"Urbano","sup_m2":1759.3},"geometry":{"type":"Polygon","coordinates":[[[-58.623902,-34.383679],[-58.623818,-34.383618],[-58.623769,-34.383607],[-58.623666,-34.383617],[-58.623642,-34.383629],[-58.623525,-34.384339],[-58.623602,-34.384363],[-58.623646,-34.384381],[-58.623705,-34.384391],[-58.623902,-34.383679]]]}},{"type":"Feature","properties":{"partida":"357004429","cca":"357000100000000000000035100000000000005000","tipo":"Urbano","sup_m2":1307.1},"geometry":{"type":"Polygon","coordinates":[[[-58.623425,-34.383714],[-58.623334,-34.384315],[-58.623418,-34.384314],[-58.623462,-34.38432],[-58.623525,-34.384339],[-58.623642,-34.383629],[-58.623528,-34.383685],[-58.623425,-34.383714]]]}},{"type":"Feature","properties":{"partida":"357004430","cca":"357000100000000000000035100000000000006000","tipo":"Urbano","sup_m2":1467.4},"geometry":{"type":"Polygon","coordinates":[[[-58.623334,-34.384315],[-58.623425,-34.383714],[-58.623376,-34.383707],[-58.623211,-34.383593],[-58.623176,-34.383751],[-58.623146,-34.384169],[-58.623146,-34.384235],[-58.623154,-34.384282],[-58.623172,-34.384304],[-58.6232,-34.384315],[-58.62328,-34.384319],[-58.623334,-34.384315]]]}},{"type":"Feature","properties":{"partida":"357004433","cca":"357000100000000000000035100000000000009000","tipo":"Urbano","sup_m2":1444.5},"geometry":{"type":"Polygon","coordinates":[[[-58.62361,-34.384908],[-58.623658,-34.384667],[-58.623115,-34.384853],[-58.623096,-34.38519],[-58.623384,-34.385018],[-58.62361,-34.384908]]]}},{"type":"Feature","properties":{"partida":"357004434","cca":"357000100000000000000035100000000000010000","tipo":"Urbano","sup_m2":591.0},"geometry":{"type":"Polygon","coordinates":[[[-58.623952,-34.384778],[-58.623868,-34.384595],[-58.623658,-34.384667],[-58.62361,-34.384908],[-58.623757,-34.384837],[-58.623952,-34.384778]]]}},{"type":"Feature","properties":{"partida":"357004435","cca":"357000100000000000000035100000000000011000","tipo":"Urbano","sup_m2":834.5},"geometry":{"type":"Polygon","coordinates":[[[-58.623868,-34.384595],[-58.623952,-34.384778],[-58.624333,-34.384664],[-58.624268,-34.384542],[-58.624242,-34.384466],[-58.623868,-34.384595]]]}},{"type":"Feature","properties":{"partida":"357004436","cca":"357000100000000000000035100000000000012000","tipo":"Urbano","sup_m2":1245.2},"geometry":{"type":"Polygon","coordinates":[[[-58.62315,-34.384314],[-58.623146,-34.384328],[-58.623127,-34.384668],[-58.623686,-34.384479],[-58.623702,-34.384408],[-58.623662,-34.384398],[-58.62363,-34.3844],[-58.623561,-34.38437],[-58.623518,-34.384356],[-58.623492,-34.384341],[-58.623372,-34.384334],[-58.623285,-34.384342],[-58.623239,-34.384341],[-58.623207,-34.384336],[-58.62318,-34.384324],[-58.623166,-34.384313],[-58.62315,-34.384314]]]}},{"type":"Feature","properties":{"partida":"357004437","cca":"357000100000000000000035100000000000013000","tipo":"Urbano","sup_m2":1038.2},"geometry":{"type":"Polygon","coordinates":[[[-58.623773,-34.384143],[-58.623722,-34.384325],[-58.623686,-34.384479],[-58.624123,-34.384332],[-58.624072,-34.38411],[-58.623773,-34.384143]]]}},{"type":"Feature","properties":{"partida":"357004438","cca":"357000100000000000000035100000000000014000","tipo":"Urbano","sup_m2":1316.0},"geometry":{"type":"Polygon","coordinates":[[[-58.624845,-34.384099],[-58.624234,-34.383996],[-58.624243,-34.384211],[-58.624101,-34.384235],[-58.624123,-34.384332],[-58.624242,-34.384314],[-58.624317,-34.384258],[-58.624504,-34.384213],[-58.624863,-34.384214],[-58.624946,-34.384191],[-58.624845,-34.384099]]]}},{"type":"Feature","properties":{"partida":"357005098","cca":"35700010000000000000003770000000000002700B","tipo":"Urbano","sup_m2":2766.2},"geometry":{"type":"Polygon","coordinates":[[[-58.641113,-34.380532],[-58.64112,-34.380517],[-58.64111,-34.380474],[-58.641138,-34.380434],[-58.641177,-34.380411],[-58.641242,-34.380407],[-58.640355,-34.379124],[-58.640199,-34.3792],[-58.641113,-34.380532]]]}},{"type":"Feature","properties":{"partida":"357005099","cca":"35700010000000000000003770000000000002700C","tipo":"Urbano","sup_m2":2623.4},"geometry":{"type":"Polygon","coordinates":[[[-58.641113,-34.380532],[-58.640344,-34.379413],[-58.640331,-34.379434],[-58.640318,-34.379478],[-58.640312,-34.379601],[-58.64032,-34.379688],[-58.640352,-34.379777],[-58.640373,-34.379823],[-58.640383,-34.379862],[-58.640415,-34.379936],[-58.640578,-34.380202],[-58.64063,-34.380242],[-58.640698,-34.380341],[-58.64074,-34.380429],[-58.640849,-34.380493],[-58.640933,-34.380458],[-58.641052,-34.38051],[-58.641113,-34.380532]]]}},{"type":"Feature","properties":{"partida":"357005101","cca":"357000100000000000000037700000000000030000","tipo":"Urbano","sup_m2":4628.3},"geometry":{"type":"Polygon","coordinates":[[[-58.640447,-34.38075],[-58.640481,-34.380633],[-58.640514,-34.380623],[-58.640548,-34.380655],[-58.640571,-34.380605],[-58.640612,-34.38062],[-58.639384,-34.378709],[-58.639234,-34.378841],[-58.640447,-34.38075]]]}},{"type":"Feature","properties":{"partida":"357005102","cca":"357000100000000000000037700000000000031000","tipo":"Urbano","sup_m2":4519.5},"geometry":{"type":"Polygon","coordinates":[[[-58.639078,-34.378975],[-58.640282,-34.380847],[-58.640325,-34.380814],[-58.640447,-34.38075],[-58.639234,-34.378841],[-58.639078,-34.378975]]]}},{"type":"Feature","properties":{"partida":"357005103","cca":"357000100000000000000037700000000000032000","tipo":"Urbano","sup_m2":4280.6},"geometry":{"type":"Polygon","coordinates":[[[-58.640082,-34.380895],[-58.64015,-34.380869],[-58.640236,-34.380877],[-58.640282,-34.380847],[-58.639078,-34.378975],[-58.638923,-34.379083],[-58.640082,-34.380895]]]}},{"type":"Feature","properties":{"partida":"357005104","cca":"357000100000000000000037700000000000033000","tipo":"Urbano","sup_m2":4422.2},"geometry":{"type":"Polygon","coordinates":[[[-58.640082,-34.380895],[-58.638923,-34.379083],[-58.638757,-34.379193],[-58.63994,-34.381035],[-58.640045,-34.380998],[-58.640082,-34.380895]]]}},{"type":"Feature","properties":{"partida":"357005105","cca":"357000100000000000000037700000000000034000","tipo":"Urbano","sup_m2":4238.3},"geometry":{"type":"Polygon","coordinates":[[[-58.639719,-34.381043],[-58.639791,-34.381036],[-58.639828,-34.381083],[-58.63988,-34.381065],[-58.63994,-34.381035],[-58.638757,-34.379193],[-58.638594,-34.379304],[-58.639719,-34.381043]]]}},{"type":"Feature","properties":{"partida":"357005106","cca":"357000100000000000000037700000000000035000","tipo":"Urbano","sup_m2":4139.2},"geometry":{"type":"Polygon","coordinates":[[[-58.639504,-34.381087],[-58.639532,-34.381091],[-58.6396,-34.381057],[-58.63964,-34.38105],[-58.639671,-34.381051],[-58.639719,-34.381043],[-58.638594,-34.379304],[-58.638431,-34.379411],[-58.639504,-34.381087]]]}},{"type":"Feature","properties":{"partida":"357005107","cca":"357000100000000000000037700000000000036000","tipo":"Urbano","sup_m2":6208.7},"geometry":{"type":"Polygon","coordinates":[[[-58.639504,-34.381087],[-58.638431,-34.379411],[-58.638317,-34.379479],[-58.638169,-34.37958],[-58.639191,-34.381177],[-58.639428,-34.38112],[-58.639504,-34.381087]]]}},{"type":"Feature","properties":{"partida":"357005108","cca":"357000100000000000000037700000000000037000","tipo":"Urbano","sup_m2":4265.4},"geometry":{"type":"Polygon","coordinates":[[[-58.638925,-34.381192],[-58.638996,-34.381168],[-58.639045,-34.381165],[-58.639146,-34.381168],[-58.639191,-34.381177],[-58.638169,-34.37958],[-58.63798,-34.37971],[-58.638925,-34.381192]]]}},{"type":"Feature","properties":{"partida":"357005109","cca":"357000100000000000000037700000000000038000","tipo":"Urbano","sup_m2":4444.9},"geometry":{"type":"Polygon","coordinates":[[[-58.638683,-34.381276],[-58.638744,-34.381262],[-58.638881,-34.381202],[-58.638925,-34.381192],[-58.63798,-34.37971],[-58.637767,-34.37985],[-58.638683,-34.381276]]]}},{"type":"Feature","properties":{"partida":"357005110","cca":"357000100000000000000037700000000000039000","tipo":"Urbano","sup_m2":4637.0},"geometry":{"type":"Polygon","coordinates":[[[-58.637767,-34.37985],[-58.637529,-34.380006],[-58.638323,-34.381246],[-58.638453,-34.381229],[-58.638538,-34.381319],[-58.638597,-34.381296],[-58.638683,-34.381276],[-58.637767,-34.37985]]]}},{"type":"Feature","properties":{"partida":"357005111","cca":"357000100000000000000037700000000000040000","tipo":"Urbano","sup_m2":3790.2},"geometry":{"type":"Polygon","coordinates":[[[-58.638025,-34.381285],[-58.638089,-34.381231],[-58.638172,-34.381214],[-58.638247,-34.38119],[-58.638323,-34.381246],[-58.637529,-34.380006],[-58.6373,-34.380155],[-58.638025,-34.381285]]]}},{"type":"Feature","properties":{"partida":"357005112","cca":"357000100000000000000037700000000000041000","tipo":"Urbano","sup_m2":4143.2},"geometry":{"type":"Polygon","coordinates":[[[-58.637793,-34.381465],[-58.637919,-34.381444],[-58.638025,-34.381285],[-58.6373,-34.380155],[-58.637111,-34.380268],[-58.637053,-34.380308],[-58.637793,-34.381465]]]}},{"type":"Feature","properties":{"partida":"357005113","cca":"357000100000000000000037700000000000042000","tipo":"Urbano","sup_m2":2830.7},"geometry":{"type":"Polygon","coordinates":[[[-58.637793,-34.381465],[-58.637053,-34.380308],[-58.636883,-34.38042],[-58.637518,-34.3815],[-58.637538,-34.381436],[-58.637602,-34.381391],[-58.637648,-34.381382],[-58.637703,-34.381362],[-58.637793,-34.381465]]]}},{"type":"Feature","properties":{"partida":"357005114","cca":"357000100000000000000037800000000000001000","tipo":"Urbano","sup_m2":3852.9},"geometry":{"type":"Polygon","coordinates":[[[-58.635839,-34.379165],[-58.636658,-34.380513],[-58.636883,-34.38042],[-58.636071,-34.379088],[-58.63599,-34.379109],[-58.635949,-34.379099],[-58.635921,-34.37912],[-58.635839,-34.379165]]]}},{"type":"Feature","properties":{"partida":"357005115","cca":"357000100000000000000037800000000000002000","tipo":"Urbano","sup_m2":3785.7},"geometry":{"type":"Polygon","coordinates":[[[-58.635656,-34.379329],[-58.636434,-34.380607],[-58.636658,-34.380513],[-58.635839,-34.379165],[-58.63581,-34.379182],[-58.635688,-34.379307],[-58.635656,-34.379329]]]}},{"type":"Feature","properties":{"partida":"357005116","cca":"357000100000000000000037800000000000003000","tipo":"Urbano","sup_m2":3576.4},"geometry":{"type":"Polygon","coordinates":[[[-58.635466,-34.379479],[-58.636209,-34.380701],[-58.636434,-34.380607],[-58.635656,-34.379329],[-58.635611,-34.37936],[-58.635541,-34.379442],[-58.635466,-34.379479]]]}},{"type":"Feature","properties":{"partida":"357005117","cca":"357000100000000000000037800000000000004000","tipo":"Urbano","sup_m2":3413.5},"geometry":{"type":"Polygon","coordinates":[[[-58.635277,-34.379638],[-58.635984,-34.380795],[-58.636209,-34.380701],[-58.635466,-34.379479],[-58.635407,-34.379529],[-58.635348,-34.37963],[-58.635277,-34.379638]]]}},{"type":"Feature","properties":{"partida":"357005118","cca":"357000100000000000000037800000000000005000","tipo":"Urbano","sup_m2":3267.5},"geometry":{"type":"Polygon","coordinates":[[[-58.63508,-34.379771],[-58.63576,-34.380889],[-58.635984,-34.380795],[-58.635277,-34.379638],[-58.635167,-34.379697],[-58.63508,-34.379771]]]}},{"type":"Feature","properties":{"partida":"357005119","cca":"357000100000000000000037800000000000006000","tipo":"Urbano","sup_m2":2896.6},"geometry":{"type":"Polygon","coordinates":[[[-58.637518,-34.3815],[-58.636883,-34.38042],[-58.636658,-34.380513],[-58.637321,-34.381582],[-58.637518,-34.3815]]]}},{"type":"Feature","properties":{"partida":"357005120","cca":"357000100000000000000037800000000000007000","tipo":"Urbano","sup_m2":2969.1},"geometry":{"type":"Polygon","coordinates":[[[-58.637051,-34.381615],[-58.637226,-34.381546],[-58.637321,-34.381582],[-58.636658,-34.380513],[-58.636434,-34.380607],[-58.637051,-34.381615]]]}},{"type":"Feature","properties":{"partida":"357005121","cca":"357000100000000000000037800000000000008000","tipo":"Urbano","sup_m2":2924.4},"geometry":{"type":"Polygon","coordinates":[[[-58.636769,-34.381634],[-58.636791,-34.381607],[-58.636798,-34.381584],[-58.636843,-34.381584],[-58.636871,-34.38162],[-58.636886,-34.381649],[-58.636891,-34.381677],[-58.63692,-34.381713],[-58.63697,-34.381716],[-58.637051,-34.381615],[-58.636434,-34.380607],[-58.636209,-34.380701],[-58.636769,-34.381634]]]}},{"type":"Feature","properties":{"partida":"357005122","cca":"357000100000000000000037800000000000009000","tipo":"Urbano","sup_m2":2821.4},"geometry":{"type":"Polygon","coordinates":[[[-58.636542,-34.381776],[-58.636656,-34.381659],[-58.636752,-34.381631],[-58.636769,-34.381634],[-58.636209,-34.380701],[-58.635984,-34.380795],[-58.636542,-34.381776]]]}},{"type":"Feature","properties":{"partida":"357005123","cca":"357000100000000000000037800000000000010000","tipo":"Urbano","sup_m2":2557.0},"geometry":{"type":"Polygon","coordinates":[[[-58.63576,-34.380889],[-58.636343,-34.381842],[-58.636542,-34.381776],[-58.635984,-34.380795],[-58.63576,-34.380889]]]}},{"type":"Feature","properties":{"partida":"357005124","cca":"35700010000000000000003780000000000001100B","tipo":"Urbano","sup_m2":1311.4},"geometry":{"type":"Polygon","coordinates":[[[-58.636279,-34.381972],[-58.636316,-34.381955],[-58.636302,-34.381936],[-58.636328,-34.381882],[-58.636343,-34.381842],[-58.635771,-34.380908],[-58.635688,-34.380973],[-58.636279,-34.381972]]]}},{"type":"Feature","properties":{"partida":"357005125","cca":"35700010000000000000003780000000000001100C","tipo":"Urbano","sup_m2":1483.4},"geometry":{"type":"Polygon","coordinates":[[[-58.636279,-34.381972],[-58.635688,-34.380973],[-58.635581,-34.381058],[-58.636128,-34.381958],[-58.636193,-34.381998],[-58.636279,-34.381972]]]}},{"type":"Feature","properties":{"partida":"357005126","cca":"35700010000000000000003780000000000001100D","tipo":"Urbano","sup_m2":3229.4},"geometry":{"type":"Polygon","coordinates":[[[-58.63508,-34.379771],[-58.634907,-34.37995],[-58.635581,-34.381058],[-58.635771,-34.380908],[-58.63508,-34.379771]]]}},{"type":"Feature","properties":{"partida":"357005127","cca":"35700010000000000000003780000000000001100E","tipo":"Urbano","sup_m2":1453.3},"geometry":{"type":"Polygon","coordinates":[[[-58.634829,-34.380034],[-58.635496,-34.381131],[-58.635581,-34.381058],[-58.634907,-34.37995],[-58.634829,-34.380034]]]}},{"type":"Feature","properties":{"partida":"357005128","cca":"357000100000000000000037800000000000012000","tipo":"Urbano","sup_m2":2761.3},"geometry":{"type":"Polygon","coordinates":[[[-58.635937,-34.382133],[-58.636017,-34.382104],[-58.636077,-34.382098],[-58.636101,-34.382054],[-58.636116,-34.382011],[-58.636128,-34.381958],[-58.635581,-34.381058],[-58.635395,-34.381217],[-58.635937,-34.382133]]]}},{"type":"Feature","properties":{"partida":"357005129","cca":"35700010000000000000003780000000000001300A","tipo":"Urbano","sup_m2":1683.8},"geometry":{"type":"Polygon","coordinates":[[[-58.634784,-34.380212],[-58.635313,-34.381081],[-58.635395,-34.381217],[-58.635496,-34.381131],[-58.634829,-34.380034],[-58.634762,-34.380108],[-58.634784,-34.380212]]]}},{"type":"Feature","properties":{"partida":"357005130","cca":"35700010000000000000003780000000000001400C","tipo":"Urbano","sup_m2":3156.6},"geometry":{"type":"Polygon","coordinates":[[[-58.635313,-34.381081],[-58.635087,-34.381242],[-58.635746,-34.382247],[-58.635784,-34.38224],[-58.635851,-34.382235],[-58.635894,-34.382198],[-58.635937,-34.382133],[-58.635313,-34.381081]]]}},{"type":"Feature","properties":{"partida":"357005131","cca":"35700010000000000000003780000000000001400D","tipo":"Urbano","sup_m2":3060.5},"geometry":{"type":"Polygon","coordinates":[[[-58.634661,-34.380294],[-58.634514,-34.38036],[-58.635087,-34.381242],[-58.635313,-34.381081],[-58.634784,-34.380212],[-58.634759,-34.380236],[-58.634661,-34.380294]]]}},{"type":"Feature","properties":{"partida":"357005132","cca":"357000100000000000000037800000000000015000","tipo":"Urbano","sup_m2":9925.0},"geometry":{"type":"Polygon","coordinates":[[[-58.634514,-34.38036],[-58.634421,-34.380417],[-58.634362,-34.380474],[-58.634316,-34.380514],[-58.634263,-34.38054],[-58.634243,-34.380557],[-58.634242,-34.380589],[-58.634193,-34.380692],[-58.63412,-34.380768],[-58.634089,-34.380826],[-58.633998,-34.380893],[-58.63394,-34.380895],[-58.633857,-34.380888],[-58.633803,-34.380908],[-58.634419,-34.381859],[-58.635124,-34.381299],[-58.634514,-34.38036]]]}},{"type":"Feature","properties":{"partida":"357005133","cca":"357000100000000000000037800000000000016000","tipo":"Urbano","sup_m2":7631.0},"geometry":{"type":"Polygon","coordinates":[[[-58.635124,-34.381299],[-58.634419,-34.381859],[-58.634761,-34.382383],[-58.634812,-34.382379],[-58.634915,-34.382354],[-58.63496,-34.382327],[-58.63497,-34.382262],[-58.635043,-34.382226],[-58.635119,-34.382227],[-58.635181,-34.382199],[-58.635247,-34.382138],[-58.635328,-34.38219],[-58.635373,-34.382302],[-58.635464,-34.382356],[-58.635527,-34.382314],[-58.635542,-34.382271],[-58.635586,-34.382253],[-58.635666,-34.382276],[-58.635703,-34.382259],[-58.635746,-34.382247],[-58.635124,-34.381299]]]}},{"type":"Feature","properties":{"partida":"357005134","cca":"357000100000000000000037800000000000017000","tipo":"Urbano","sup_m2":12000.1},"geometry":{"type":"Polygon","coordinates":[[[-58.633803,-34.380908],[-58.633781,-34.380935],[-58.633812,-34.381023],[-58.633809,-34.381079],[-58.633774,-34.381119],[-58.633741,-34.38115],[-58.633661,-34.381194],[-58.633652,-34.381219],[-58.633627,-34.381262],[-58.633587,-34.381291],[-58.633538,-34.381334],[-58.633485,-34.381385],[-58.63347,-34.38142],[-58.633423,-34.381453],[-58.633402,-34.381488],[-58.633412,-34.381569],[-58.633366,-34.381584],[-58.633361,-34.381649],[-58.633323,-34.381686],[-58.633272,-34.381751],[-58.633952,-34.382596],[-58.634048,-34.382621],[-58.634065,-34.382591],[-58.634097,-34.382568],[-58.634115,-34.382525],[-58.63415,-34.382385],[-58.634256,-34.382359],[-58.634345,-34.382467],[-58.634377,-34.382545],[-58.634477,-34.382541],[-58.634514,-34.382546],[-58.634562,-34.382528],[-58.6346,-34.382492],[-58.634602,-34.38245],[-58.634616,-34.382414],[-58.634635,-34.382385],[-58.634675,-34.382365],[-58.634701,-34.382339],[-58.634761,-34.382383],[-58.633803,-34.380908]]]}},{"type":"Feature","properties":{"partida":"357005135","cca":"357000100000000000000037800000000000018000","tipo":"Urbano","sup_m2":13365.9},"geometry":{"type":"Polygon","coordinates":[[[-58.633272,-34.381751],[-58.63325,-34.381783],[-58.633245,-34.381812],[-58.633099,-34.381851],[-58.633039,-34.381907],[-58.633022,-34.381939],[-58.633018,-34.381961],[-58.633029,-34.381993],[-58.633023,-34.382014],[-58.633008,-34.382027],[-58.633004,-34.382065],[-58.632966,-34.382101],[-58.632962,-34.382188],[-58.6329,-34.382258],[-58.632876,-34.382315],[-58.632818,-34.382366],[-58.632771,-34.382412],[-58.632767,-34.382451],[-58.632705,-34.382519],[-58.632708,-34.382559],[-58.632703,-34.382638],[-58.632681,-34.382697],[-58.63269,-34.382738],[-58.632665,-34.382754],[-58.632615,-34.382777],[-58.632537,-34.382846],[-58.632572,-34.382869],[-58.632564,-34.382905],[-58.632575,-34.382953],[-58.632566,-34.382987],[-58.632556,-34.383056],[-58.632525,-34.383128],[-58.632529,-34.383181],[-58.632566,-34.383221],[-58.632569,-34.38329],[-58.632552,-34.38333],[-58.632547,-34.38336],[-58.632567,-34.383369],[-58.632606,-34.38337],[-58.632615,-34.383379],[-58.632612,-34.383391],[-58.632617,-34.383414],[-58.632613,-34.383437],[-58.632618,-34.383459],[-58.632639,-34.383477],[-58.63267,-34.383487],[-58.632698,-34.383486],[-58.632703,-34.383512],[-58.632722,-34.38353],[-58.632771,-34.383549],[-58.632849,-34.383523],[-58.632887,-34.383495],[-58.632925,-34.383454],[-58.63297,-34.383436],[-58.633042,-34.383383],[-58.633106,-34.383326],[-58.633158,-34.383234],[-58.633191,-34.383149],[-58.633259,-34.383061],[-58.63334,-34.383021],[-58.63346,-34.383019],[-58.63349,-34.383007],[-58.633531,-34.382972],[-58.633567,-34.38295],[-58.633594,-34.382938],[-58.633701,-34.382867],[-58.633719,-34.382813],[-58.633732,-34.382739],[-58.633836,-34.382759],[-58.633876,-34.382725],[-58.633873,-34.382637],[-58.633952,-34.382596],[-58.633272,-34.381751]]]}},{"type":"Feature","properties":{"partida":"357005136","cca":"357000100000000000000037900000000000001000","tipo":"Rural","sup_m2":26781.7},"geometry":{"type":"Polygon","coordinates":[[[-58.631377,-34.384613],[-58.631454,-34.384606],[-58.631473,-34.384585],[-58.63148,-34.384545],[-58.631531,-34.384508],[-58.631591,-34.384392],[-58.631648,-34.384425],[-58.631716,-34.384413],[-58.631734,-34.384385],[-58.631752,-34.384372],[-58.631772,-34.384349],[-58.631793,-34.384341],[-58.63182,-34.38432],[-58.631884,-34.384296],[-58.631945,-34.384266],[-58.631973,-34.38423],[-58.632009,-34.384191],[-58.632013,-34.384181],[-58.63202,-34.384152],[-58.63202,-34.384113],[-58.632036,-34.384072],[-58.632015,-34.384041],[-58.631993,-34.383965],[-58.631987,-34.383921],[-58.631989,-34.383795],[-58.632005,-34.383746],[-58.632048,-34.383716],[-58.632049,-34.383678],[-58.632068,-34.383593],[-58.632001,-34.383569],[-58.632015,-34.383468],[-58.632006,-34.383432],[-58.632004,-34.383396],[-58.631986,-34.383314],[-58.631978,-34.383255],[-58.631976,-34.383186],[-58.631962,-34.383067],[-58.631963,-34.383035],[-58.631942,-34.383004],[-58.631941,-34.382972],[-58.632001,-34.382902],[-58.631979,-34.382782],[-58.631463,-34.382748],[-58.630681,-34.38269],[-58.629938,-34.382573],[-58.630443,-34.38362],[-58.63072,-34.383948],[-58.63104,-34.384339],[-58.631088,-34.384394],[-58.631377,-34.384613]]]}},{"type":"Feature","properties":{"partida":"357005138","cca":"357000100000000000000037900A00000000001000","tipo":"Urbano","sup_m2":863.4},"geometry":{"type":"Polygon","coordinates":[[[-58.630648,-34.384386],[-58.63095,-34.384228],[-58.630794,-34.384038],[-58.630471,-34.38421],[-58.630648,-34.384386]]]}},{"type":"Feature","properties":{"partida":"357005139","cca":"357000100000000000000037900A00000000002000","tipo":"Urbano","sup_m2":498.1},"geometry":{"type":"Polygon","coordinates":[[[-58.630648,-34.384386],[-58.630471,-34.38421],[-58.630289,-34.384307],[-58.630472,-34.384482],[-58.630648,-34.384386]]]}},{"type":"Feature","properties":{"partida":"357005140","cca":"357000100000000000000037900A00000000003000","tipo":"Urbano","sup_m2":526.5},"geometry":{"type":"Polygon","coordinates":[[[-58.630472,-34.384482],[-58.630289,-34.384307],[-58.630101,-34.384408],[-58.630283,-34.384584],[-58.630472,-34.384482]]]}},{"type":"Feature","properties":{"partida":"357005141","cca":"357000100000000000000037900A00000000004000","tipo":"Urbano","sup_m2":504.5},"geometry":{"type":"Polygon","coordinates":[[[-58.630283,-34.384584],[-58.630101,-34.384408],[-58.629921,-34.384504],[-58.630106,-34.384682],[-58.630283,-34.384584]]]}},{"type":"Feature","properties":{"partida":"357005142","cca":"357000100000000000000037900A00000000005000","tipo":"Urbano","sup_m2":810.3},"geometry":{"type":"Polygon","coordinates":[[[-58.629921,-34.384504],[-58.629726,-34.384608],[-58.629749,-34.384807],[-58.629745,-34.384846],[-58.630131,-34.384718],[-58.630106,-34.384682],[-58.629921,-34.384504]]]}},{"type":"Feature","properties":{"partida":"357005143","cca":"357000100000000000000037900A00000000006000","tipo":"Urbano","sup_m2":4310.8},"geometry":{"type":"Polygon","coordinates":[[[-58.629745,-34.384846],[-58.629724,-34.385014],[-58.629646,-34.385166],[-58.629606,-34.385251],[-58.629435,-34.385439],[-58.629058,-34.385722],[-58.629054,-34.385747],[-58.629059,-34.385778],[-58.62909,-34.385801],[-58.629115,-34.385801],[-58.629154,-34.385792],[-58.629297,-34.385701],[-58.629349,-34.385692],[-58.629443,-34.385729],[-58.629584,-34.385678],[-58.62967,-34.385631],[-58.629691,-34.385578],[-58.629744,-34.385498],[-58.6298,-34.385512],[-58.629863,-34.38549],[-58.629947,-34.385496],[-58.629972,-34.385462],[-58.629993,-34.385404],[-58.630107,-34.385326],[-58.630204,-34.385287],[-58.630247,-34.385264],[-58.629928,-34.384786],[-58.629745,-34.384846]]]}},{"type":"Feature","properties":{"partida":"357005144","cca":"357000100000000000000037900A00000000007000","tipo":"Urbano","sup_m2":1158.9},"geometry":{"type":"Polygon","coordinates":[[[-58.630247,-34.385264],[-58.630297,-34.385232],[-58.630359,-34.3852],[-58.6304,-34.385172],[-58.630413,-34.38514],[-58.630131,-34.384718],[-58.629928,-34.384786],[-58.630247,-34.385264]]]}},{"type":"Feature","properties":{"partida":"357005145","cca":"357000100000000000000037900A00000000008000","tipo":"Urbano","sup_m2":1263.4},"geometry":{"type":"Polygon","coordinates":[[[-58.630106,-34.384682],[-58.630413,-34.38514],[-58.630443,-34.385142],[-58.630523,-34.385158],[-58.630618,-34.385144],[-58.630605,-34.385061],[-58.630283,-34.384584],[-58.630106,-34.384682]]]}},{"type":"Feature","properties":{"partida":"357005137","cca":"357000100000000000000037900A00000000009000","tipo":"Urbano","sup_m2":1285.3},"geometry":{"type":"Polygon","coordinates":[[[-58.630605,-34.385061],[-58.630615,-34.385055],[-58.630685,-34.385049],[-58.630732,-34.385019],[-58.630795,-34.384965],[-58.630472,-34.384482],[-58.630283,-34.384584],[-58.630605,-34.385061]]]}},{"type":"Feature","properties":{"partida":"357005146","cca":"357000100000000000000037900A00000000010000","tipo":"Urbano","sup_m2":1197.6},"geometry":{"type":"Polygon","coordinates":[[[-58.630795,-34.384965],[-58.630884,-34.384908],[-58.630951,-34.384891],[-58.63098,-34.384875],[-58.630648,-34.384386],[-58.630472,-34.384482],[-58.630795,-34.384965]]]}},{"type":"Feature","properties":{"partida":"357005147","cca":"357000100000000000000037900A00000000011000","tipo":"Urbano","sup_m2":2300.8},"geometry":{"type":"Polygon","coordinates":[[[-58.631377,-34.384613],[-58.631088,-34.384394],[-58.63095,-34.384228],[-58.630648,-34.384386],[-58.63098,-34.384875],[-58.631049,-34.384814],[-58.631113,-34.38482],[-58.631182,-34.384755],[-58.631258,-34.384729],[-58.6313,-34.3847],[-58.631261,-34.384634],[-58.631377,-34.384613]]]}},{"type":"Feature","properties":{"partida":"357005148","cca":"357000100000000000000037900B00000000001000","tipo":"Urbano","sup_m2":933.0},"geometry":{"type":"Polygon","coordinates":[[[-58.630506,-34.383695],[-58.630443,-34.38362],[-58.630351,-34.383426],[-58.630083,-34.383551],[-58.63024,-34.383833],[-58.630506,-34.383695]]]}},{"type":"Feature","properties":{"partida":"357005149","cca":"357000100000000000000037900B00000000002000","tipo":"Urbano","sup_m2":697.2},"geometry":{"type":"Polygon","coordinates":[[[-58.63024,-34.383833],[-58.630083,-34.383551],[-58.62989,-34.383641],[-58.630056,-34.383927],[-58.63024,-34.383833]]]}},{"type":"Feature","properties":{"partida":"357005150","cca":"357000100000000000000037900B00000000003000","tipo":"Urbano","sup_m2":702.5},"geometry":{"type":"Polygon","coordinates":[[[-58.630056,-34.383927],[-58.62989,-34.383641],[-58.629705,-34.383727],[-58.629872,-34.384023],[-58.630056,-34.383927]]]}},{"type":"Feature","properties":{"partida":"357005151","cca":"357000100000000000000037900B00000000004000","tipo":"Urbano","sup_m2":722.3},"geometry":{"type":"Polygon","coordinates":[[[-58.629872,-34.384023],[-58.629705,-34.383727],[-58.629517,-34.383815],[-58.62969,-34.384117],[-58.629872,-34.384023]]]}},{"type":"Feature","properties":{"partida":"357005152","cca":"357000100000000000000037900B00000000005000","tipo":"Urbano","sup_m2":1918.8},"geometry":{"type":"Polygon","coordinates":[[[-58.629307,-34.384317],[-58.62969,-34.384117],[-58.629517,-34.383815],[-58.628957,-34.384077],[-58.629307,-34.384317]]]}},{"type":"Feature","properties":{"partida":"357005153","cca":"357000100000000000000037900B00000000006000","tipo":"Urbano","sup_m2":1333.2},"geometry":{"type":"Polygon","coordinates":[[[-58.629307,-34.384317],[-58.62964,-34.38454],[-58.629917,-34.384389],[-58.62969,-34.384117],[-58.629307,-34.384317]]]}},{"type":"Feature","properties":{"partida":"357005154","cca":"357000100000000000000037900B00000000007000","tipo":"Urbano","sup_m2":711.8},"geometry":{"type":"Polygon","coordinates":[[[-58.629917,-34.384389],[-58.630093,-34.384293],[-58.629872,-34.384023],[-58.62969,-34.384117],[-58.629917,-34.384389]]]}},{"type":"Feature","properties":{"partida":"357005155","cca":"357000100000000000000037900B00000000008000","tipo":"Urbano","sup_m2":716.6},"geometry":{"type":"Polygon","coordinates":[[[-58.629872,-34.384023],[-58.630093,-34.384293],[-58.630274,-34.384193],[-58.630056,-34.383927],[-58.629872,-34.384023]]]}},{"type":"Feature","properties":{"partida":"357005156","cca":"357000100000000000000037900B00000000009000","tipo":"Urbano","sup_m2":713.9},"geometry":{"type":"Polygon","coordinates":[[[-58.630056,-34.383927],[-58.630274,-34.384193],[-58.63046,-34.384091],[-58.63024,-34.383833],[-58.630056,-34.383927]]]}},{"type":"Feature","properties":{"partida":"357005157","cca":"357000100000000000000037900B00000000010000","tipo":"Urbano","sup_m2":997.8},"geometry":{"type":"Polygon","coordinates":[[[-58.63024,-34.383833],[-58.63046,-34.384091],[-58.63072,-34.383948],[-58.630506,-34.383695],[-58.63024,-34.383833]]]}},{"type":"Feature","properties":{"partida":"357005158","cca":"357000100000000000000037900C00000000001000","tipo":"Urbano","sup_m2":496.6},"geometry":{"type":"Polygon","coordinates":[[[-58.629944,-34.383174],[-58.630174,-34.383059],[-58.630092,-34.382888],[-58.629859,-34.383012],[-58.629944,-34.383174]]]}},{"type":"Feature","properties":{"partida":"357005159","cca":"357000100000000000000037900C00000000002000","tipo":"Urbano","sup_m2":386.7},"geometry":{"type":"Polygon","coordinates":[[[-58.629944,-34.383174],[-58.629859,-34.383012],[-58.629675,-34.383109],[-58.629758,-34.383269],[-58.629944,-34.383174]]]}},{"type":"Feature","properties":{"partida":"357005160","cca":"357000100000000000000037900C00000000003000","tipo":"Urbano","sup_m2":383.3},"geometry":{"type":"Polygon","coordinates":[[[-58.629758,-34.383269],[-58.629675,-34.383109],[-58.629489,-34.383208],[-58.62957,-34.383364],[-58.629758,-34.383269]]]}},{"type":"Feature","properties":{"partida":"357005161","cca":"357000100000000000000037900C00000000004000","tipo":"Urbano","sup_m2":372.8},"geometry":{"type":"Polygon","coordinates":[[[-58.629382,-34.383458],[-58.62957,-34.383364],[-58.629489,-34.383208],[-58.629303,-34.383307],[-58.629382,-34.383458]]]}},{"type":"Feature","properties":{"partida":"357005162","cca":"357000100000000000000037900C00000000005000","tipo":"Urbano","sup_m2":364.9},"geometry":{"type":"Polygon","coordinates":[[[-58.629382,-34.383458],[-58.629303,-34.383307],[-58.629115,-34.383406],[-58.629194,-34.383553],[-58.629382,-34.383458]]]}},{"type":"Feature","properties":{"partida":"357005163","cca":"357000100000000000000037900C00000000006000","tipo":"Urbano","sup_m2":357.1},"geometry":{"type":"Polygon","coordinates":[[[-58.629194,-34.383553],[-58.629115,-34.383406],[-58.628929,-34.383505],[-58.629004,-34.38365],[-58.629194,-34.383553]]]}},{"type":"Feature","properties":{"partida":"357005164","cca":"357000100000000000000037900C00000000007000","tipo":"Urbano","sup_m2":566.0},"geometry":{"type":"Polygon","coordinates":[[[-58.628731,-34.383789],[-58.629004,-34.38365],[-58.628929,-34.383505],[-58.628588,-34.383686],[-58.628731,-34.383789]]]}},{"type":"Feature","properties":{"partida":"357005165","cca":"357000100000000000000037900C00000000008000","tipo":"Urbano","sup_m2":1540.0},"geometry":{"type":"Polygon","coordinates":[[[-58.628588,-34.383686],[-58.62815,-34.383919],[-58.628146,-34.384122],[-58.62872,-34.383939],[-58.628839,-34.38399],[-58.628853,-34.383983],[-58.628731,-34.383789],[-58.628588,-34.383686]]]}},{"type":"Feature","properties":{"partida":"357005166","cca":"357000100000000000000037900C00000000009000","tipo":"Urbano","sup_m2":709.7},"geometry":{"type":"Polygon","coordinates":[[[-58.628731,-34.383789],[-58.628853,-34.383983],[-58.629114,-34.383864],[-58.629004,-34.38365],[-58.628731,-34.383789]]]}},{"type":"Feature","properties":{"partida":"357005167","cca":"357000100000000000000037900C00000000010000","tipo":"Urbano","sup_m2":537.9},"geometry":{"type":"Polygon","coordinates":[[[-58.629004,-34.38365],[-58.629114,-34.383864],[-58.629312,-34.383774],[-58.629194,-34.383553],[-58.629004,-34.38365]]]}},{"type":"Feature","properties":{"partida":"357005168","cca":"357000100000000000000037900C00000000011000","tipo":"Urbano","sup_m2":542.7},"geometry":{"type":"Polygon","coordinates":[[[-58.629194,-34.383553],[-58.629312,-34.383774],[-58.629502,-34.383687],[-58.629382,-34.383458],[-58.629194,-34.383553]]]}},{"type":"Feature","properties":{"partida":"357005169","cca":"357000100000000000000037900C00000000012000","tipo":"Urbano","sup_m2":558.0},"geometry":{"type":"Polygon","coordinates":[[[-58.629382,-34.383458],[-58.629502,-34.383687],[-58.629692,-34.3836],[-58.62957,-34.383364],[-58.629382,-34.383458]]]}},{"type":"Feature","properties":{"partida":"357005170","cca":"357000100000000000000037900C00000000013000","tipo":"Urbano","sup_m2":580.5},"geometry":{"type":"Polygon","coordinates":[[[-58.62957,-34.383364],[-58.629692,-34.3836],[-58.629885,-34.383511],[-58.629758,-34.383269],[-58.62957,-34.383364]]]}},{"type":"Feature","properties":{"partida":"357005171","cca":"357000100000000000000037900C00000000014000","tipo":"Urbano","sup_m2":593.7},"geometry":{"type":"Polygon","coordinates":[[[-58.629758,-34.383269],[-58.629885,-34.383511],[-58.630075,-34.383424],[-58.629944,-34.383174],[-58.629758,-34.383269]]]}},{"type":"Feature","properties":{"partida":"357005172","cca":"357000100000000000000037900C00000000015000","tipo":"Urbano","sup_m2":739.6},"geometry":{"type":"Polygon","coordinates":[[[-58.629944,-34.383174],[-58.630075,-34.383424],[-58.630301,-34.383321],[-58.630174,-34.383059],[-58.629944,-34.383174]]]}},{"type":"Feature","properties":{"partida":"357005173","cca":"357000100000000000000038000000000000001000","tipo":"Urbano","sup_m2":42530.3},"geometry":{"type":"Polygon","coordinates":[[[-58.628013,-34.384278],[-58.627659,-34.384315],[-58.626441,-34.384254],[-58.628059,-34.386452],[-58.628125,-34.386417],[-58.628159,-34.38644],[-58.628215,-34.386428],[-58.628218,-34.386412],[-58.628262,-34.386399],[-58.628284,-34.386342],[-58.628362,-34.386312],[-58.628397,-34.386286],[-58.628439,-34.386234],[-58.628539,-34.38618],[-58.628583,-34.386182],[-58.628664,-34.386093],[-58.628673,-34.386071],[-58.628763,-34.385963],[-58.628785,-34.385945],[-58.628807,-34.385909],[-58.628877,-34.385842],[-58.628984,-34.385701],[-58.629097,-34.385603],[-58.629202,-34.385469],[-58.629459,-34.385244],[-58.62957,-34.385049],[-58.629615,-34.384918],[-58.62966,-34.384867],[-58.629698,-34.384754],[-58.62967,-34.3847],[-58.629653,-34.384683],[-58.629585,-34.384631],[-58.629562,-34.384595],[-58.629515,-34.384572],[-58.629475,-34.384547],[-58.629401,-34.384511],[-58.629378,-34.384495],[-58.629367,-34.384482],[-58.629318,-34.384466],[-58.629221,-34.3844],[-58.629197,-34.384387],[-58.629179,-34.384382],[-58.629149,-34.384368],[-58.628817,-34.384116],[-58.62866,-34.384062],[-58.628297,-34.384223],[-58.628013,-34.384278]]]}},{"type":"Feature","properties":{"partida":"357005174","cca":"357000100000000000000038000000000000002000","tipo":"Urbano","sup_m2":20777.8},"geometry":{"type":"Polygon","coordinates":[[[-58.62735,-34.38671],[-58.627356,-34.38667],[-58.627389,-34.386684],[-58.627425,-34.386659],[-58.627521,-34.386636],[-58.627553,-34.386624],[-58.627622,-34.386588],[-58.62766,-34.386563],[-58.627706,-34.386547],[-58.627763,-34.386534],[-58.627816,-34.386515],[-58.627861,-34.386519],[-58.627941,-34.386547],[-58.627983,-34.386532],[-58.628017,-34.38655],[-58.628056,-34.386547],[-58.628071,-34.386534],[-58.628077,-34.386519],[-58.628067,-34.386505],[-58.628043,-34.386494],[-58.628063,-34.386488],[-58.628079,-34.386478],[-58.628075,-34.386461],[-58.628059,-34.386452],[-58.626441,-34.384254],[-58.626008,-34.384231],[-58.625564,-34.384203],[-58.626939,-34.386128],[-58.62735,-34.38671]]]}},{"type":"Feature","properties":{"partida":"357005175","cca":"357000100000000000000038100000000000001000","tipo":"Urbano","sup_m2":25065.8},"geometry":{"type":"Polygon","coordinates":[[[-58.62735,-34.38671],[-58.626939,-34.386128],[-58.625564,-34.384203],[-58.624946,-34.384191],[-58.624863,-34.384214],[-58.625599,-34.385538],[-58.625788,-34.385885],[-58.625999,-34.386253],[-58.626243,-34.38667],[-58.62647,-34.387012],[-58.626468,-34.386957],[-58.62657,-34.386871],[-58.626735,-34.386887],[-58.626891,-34.386949],[-58.626972,-34.386946],[-58.627049,-34.386894],[-58.627218,-34.386846],[-58.62733,-34.386773],[-58.62735,-34.38671]]]}},{"type":"Feature","properties":{"partida":"357005176","cca":"357000100000000000000038100000000000002000","tipo":"Urbano","sup_m2":12480.4},"geometry":{"type":"Polygon","coordinates":[[[-58.624242,-34.384314],[-58.624215,-34.384388],[-58.624268,-34.384542],[-58.624542,-34.385056],[-58.624609,-34.385512],[-58.624727,-34.385826],[-58.625366,-34.385675],[-58.625599,-34.385538],[-58.624863,-34.384214],[-58.624504,-34.384213],[-58.624317,-34.384258],[-58.624242,-34.384314]]]}},{"type":"Feature","properties":{"partida":"357005177","cca":"357000100000000000000038100000000000003000","tipo":"Urbano","sup_m2":3115.6},"geometry":{"type":"Polygon","coordinates":[[[-58.625599,-34.385538],[-58.625366,-34.385675],[-58.624727,-34.385826],[-58.624839,-34.386121],[-58.625788,-34.385885],[-58.625599,-34.385538]]]}},{"type":"Feature","properties":{"partida":"357005178","cca":"357000100000000000000038100000000000004000","tipo":"Rural","sup_m2":2641.0},"geometry":{"type":"Polygon","coordinates":[[[-58.62647,-34.387012],[-58.626243,-34.38667],[-58.625999,-34.386253],[-58.625788,-34.385885],[-58.625615,-34.385928],[-58.626317,-34.387177],[-58.62641,-34.38714],[-58.626461,-34.387051],[-58.62647,-34.387012]]]}},{"type":"Feature","properties":{"partida":"357005179","cca":"357000100000000000000038100000000000005000","tipo":"Urbano","sup_m2":2753.0},"geometry":{"type":"Polygon","coordinates":[[[-58.626317,-34.387177],[-58.625615,-34.385928],[-58.625457,-34.385968],[-58.626078,-34.387205],[-58.626155,-34.387205],[-58.626317,-34.387177]]]}},{"type":"Feature","properties":{"partida":"357005180","cca":"357000100000000000000038100000000000006000","tipo":"Urbano","sup_m2":2747.0},"geometry":{"type":"Polygon","coordinates":[[[-58.625887,-34.387287],[-58.625934,-34.387281],[-58.626035,-34.38724],[-58.626078,-34.387205],[-58.625457,-34.385968],[-58.625284,-34.38601],[-58.625887,-34.387287]]]}},{"type":"Feature","properties":{"partida":"357005181","cca":"357000100000000000000038100000000000007000","tipo":"Urbano","sup_m2":2915.3},"geometry":{"type":"Polygon","coordinates":[[[-58.625679,-34.387396],[-58.625704,-34.387359],[-58.625789,-34.387315],[-58.625846,-34.387312],[-58.625887,-34.387287],[-58.625284,-34.38601],[-58.625119,-34.386051],[-58.625679,-34.387396]]]}},{"type":"Feature","properties":{"partida":"357005182","cca":"357000100000000000000038100000000000008000","tipo":"Urbano","sup_m2":5469.0},"geometry":{"type":"Polygon","coordinates":[[[-58.625481,-34.387516],[-58.625545,-34.38745],[-58.625593,-34.387419],[-58.625679,-34.387396],[-58.625119,-34.386051],[-58.624839,-34.386121],[-58.624867,-34.386197],[-58.62492,-34.386687],[-58.625056,-34.386995],[-58.625289,-34.387304],[-58.625481,-34.387516]]]}},{"type":"Feature","properties":{"partida":"357005183","cca":"357000100000000000000038200000000000001000","tipo":"Rural","sup_m2":41007.7},"geometry":{"type":"Polygon","coordinates":[[[-58.625481,-34.387516],[-58.625289,-34.387304],[-58.625056,-34.386995],[-58.62492,-34.386687],[-58.624867,-34.386197],[-58.624609,-34.385512],[-58.624542,-34.385056],[-58.624333,-34.384664],[-58.623757,-34.384837],[-58.623384,-34.385018],[-58.623024,-34.385233],[-58.622819,-34.385428],[-58.623133,-34.386172],[-58.623228,-34.386385],[-58.623414,-34.386828],[-58.62351,-34.387038],[-58.62368,-34.38744],[-58.623973,-34.388106],[-58.623965,-34.388003],[-58.624,-34.387984],[-58.624068,-34.387975],[-58.624115,-34.387985],[-58.624276,-34.387909],[-58.624391,-34.387827],[-58.62447,-34.38773],[-58.624555,-34.387693],[-58.623949,-34.386891],[-58.624499,-34.386595],[-58.625271,-34.387598],[-58.625363,-34.387598],[-58.625375,-34.387621],[-58.625387,-34.387638],[-58.625437,-34.387633],[-58.625447,-34.387604],[-58.625441,-34.38757],[-58.625447,-34.387533],[-58.625481,-34.387516]]]}},{"type":"Feature","properties":{"partida":"357005186","cca":"35700010000000000000003820000000000000200C","tipo":"Urbano","sup_m2":2660.0},"geometry":{"type":"Polygon","coordinates":[[[-58.623973,-34.388106],[-58.62368,-34.38744],[-58.623609,-34.38727],[-58.623267,-34.387367],[-58.623293,-34.387402],[-58.623315,-34.387445],[-58.623366,-34.387521],[-58.623793,-34.388199],[-58.623845,-34.38818],[-58.623891,-34.38817],[-58.623973,-34.388106]]]}},{"type":"Feature","properties":{"partida":"357005193","cca":"35700010000000000000003820000000000000200K","tipo":"Urbano","sup_m2":1572.5},"geometry":{"type":"Polygon","coordinates":[[[-58.62351,-34.387038],[-58.623414,-34.386828],[-58.622775,-34.38702],[-58.62289,-34.387234],[-58.62351,-34.387038]]]}},{"type":"Feature","properties":{"partida":"357005194","cca":"35700010000000000000003820000000000000200M","tipo":"Urbano","sup_m2":2104.7},"geometry":{"type":"Polygon","coordinates":[[[-58.623267,-34.387367],[-58.623609,-34.38727],[-58.62351,-34.387038],[-58.62289,-34.387234],[-58.623007,-34.38745],[-58.623105,-34.387618],[-58.623366,-34.387521],[-58.623315,-34.387445],[-58.623293,-34.387402],[-58.623267,-34.387367]]]}},{"type":"Feature","properties":{"partida":"357019229","cca":"35700010000000000000003820000000000000200R","tipo":"Urbano","sup_m2":507.9},"geometry":{"type":"Polygon","coordinates":[[[-58.623464,-34.38768],[-58.623366,-34.387521],[-58.623105,-34.387618],[-58.623217,-34.387771],[-58.623464,-34.38768]]]}},{"type":"Feature","properties":{"partida":"357005195","cca":"35700010000000000000003820000000000000200S","tipo":"Urbano","sup_m2":1428.5},"geometry":{"type":"Polygon","coordinates":[[[-58.623589,-34.388246],[-58.623654,-34.388268],[-58.623793,-34.388199],[-58.623464,-34.38768],[-58.623217,-34.387771],[-58.623589,-34.388246]]]}},{"type":"Feature","properties":{"partida":"357005196","cca":"357000100000000000000038200000000000003000","tipo":"Rural","sup_m2":7972.2},"geometry":{"type":"Polygon","coordinates":[[[-58.624555,-34.387693],[-58.624607,-34.387673],[-58.624675,-34.387653],[-58.624732,-34.387685],[-58.624735,-34.387727],[-58.624776,-34.387746],[-58.624828,-34.387779],[-58.624859,-34.387818],[-58.624863,-34.387868],[-58.624904,-34.387881],[-58.624967,-34.38787],[-58.625,-34.387835],[-58.625035,-34.387772],[-58.625069,-34.387766],[-58.625077,-34.387731],[-58.625124,-34.387732],[-58.625151,-34.387759],[-58.625229,-34.387705],[-58.625271,-34.387598],[-58.624499,-34.386595],[-58.623949,-34.386891],[-58.624555,-34.387693]]]}}]}