{"type":"FeatureCollection","features":[{"type":"Feature","properties":{"partida":"057000521","cca":"057030000000000000000000000000000000096000","tipo":"Urbano","sup_m2":43148.5},"geometry":{"type":"Polygon","coordinates":[[[-58.6417,-34.399959],[-58.6426,-34.399703],[-58.639719,-34.395779],[-58.638837,-34.396033],[-58.6417,-34.399959]]]}},{"type":"Feature","properties":{"partida":"057000512","cca":"057030000000000000000000000000000000097000","tipo":"Rural","sup_m2":51275.9},"geometry":{"type":"Polygon","coordinates":[[[-58.637757,-34.396339],[-58.638765,-34.397718],[-58.639661,-34.398908],[-58.640642,-34.400228],[-58.6417,-34.399959],[-58.638837,-34.396033],[-58.637757,-34.396339]]]}},{"type":"Feature","properties":{"partida":"057051628","cca":"05703000000000000000000000000000000010100A","tipo":"Urbano","sup_m2":100483.4},"geometry":{"type":"Polygon","coordinates":[[[-58.637438,-34.401152],[-58.637031,-34.400588],[-58.636858,-34.400374],[-58.636216,-34.399493],[-58.636133,-34.399389],[-58.634701,-34.39742],[-58.634631,-34.397332],[-58.63449,-34.397138],[-58.632475,-34.397723],[-58.633663,-34.399348],[-58.635122,-34.401356],[-58.635383,-34.401724],[-58.635431,-34.401738],[-58.637438,-34.401152]]]}},{"type":"Feature","properties":{"partida":"057000433","cca":"057030000000000000000000000000000000103000","tipo":"Rural","sup_m2":51157.7},"geometry":{"type":"Polygon","coordinates":[[[-58.63226,-34.399347],[-58.633134,-34.400544],[-58.6333,-34.400782],[-58.633818,-34.401491],[-58.634267,-34.402098],[-58.635279,-34.40181],[-58.632407,-34.397805],[-58.631324,-34.39809],[-58.631405,-34.398191],[-58.632189,-34.399266],[-58.63226,-34.399347]]]}},{"type":"Feature","properties":{"partida":"057021994","cca":"05703000000000000000000000000000000010500J","tipo":"Urbano","sup_m2":1082.5},"geometry":{"type":"Polygon","coordinates":[[[-58.628401,-34.401079],[-58.628357,-34.401088],[-58.628314,-34.401105],[-58.628248,-34.401123],[-58.628182,-34.401158],[-58.628094,-34.401256],[-58.628071,-34.401301],[-58.628592,-34.401379],[-58.628627,-34.401231],[-58.628573,-34.401198],[-58.628541,-34.401171],[-58.628488,-34.401107],[-58.628466,-34.401089],[-58.628434,-34.40108],[-58.628401,-34.401079]]]}},{"type":"Feature","properties":{"partida":"057021996","cca":"05703000000000000000000000000000000010500M","tipo":"Urbano","sup_m2":1366.8},"geometry":{"type":"Polygon","coordinates":[[[-58.62802,-34.401394],[-58.62797,-34.401438],[-58.627948,-34.401483],[-58.627936,-34.401519],[-58.627957,-34.401573],[-58.627989,-34.401601],[-58.628054,-34.401628],[-58.628141,-34.401638],[-58.628195,-34.401657],[-58.628325,-34.401676],[-58.628401,-34.401695],[-58.628508,-34.401693],[-58.628568,-34.401472],[-58.62802,-34.401394]]]}},{"type":"Feature","properties":{"partida":"057033547","cca":"05703000000000000000000000000000000010500P","tipo":"Urbano","sup_m2":1944.8},"geometry":{"type":"Polygon","coordinates":[[[-58.627356,-34.404084],[-58.627065,-34.403263],[-58.627042,-34.40327],[-58.626982,-34.403273],[-58.626935,-34.403265],[-58.626898,-34.403264],[-58.626842,-34.403274],[-58.627149,-34.404138],[-58.627356,-34.404084]]]}},{"type":"Feature","properties":{"partida":"057029444","cca":"05703000000000000000000000000000000010500R","tipo":"Urbano","sup_m2":891.3},"geometry":{"type":"Polygon","coordinates":[[[-58.626547,-34.404195],[-58.626449,-34.403918],[-58.626448,-34.403967],[-58.626425,-34.403971],[-58.626374,-34.403966],[-58.626349,-34.403969],[-58.626301,-34.403985],[-58.626272,-34.40404],[-58.626221,-34.404075],[-58.626184,-34.40409],[-58.626166,-34.404108],[-58.626143,-34.404142],[-58.626081,-34.404207],[-58.62602,-34.404251],[-58.625983,-34.404265],[-58.625988,-34.40428],[-58.626547,-34.404195]]]}},{"type":"Feature","properties":{"partida":"057000475","cca":"05703000000000000000000000000000000010500U","tipo":"Urbano","sup_m2":8072.2},"geometry":{"type":"Polygon","coordinates":[[[-58.628172,-34.403865],[-58.627745,-34.402662],[-58.627707,-34.402554],[-58.627664,-34.402581],[-58.627603,-34.402636],[-58.627545,-34.402694],[-58.627504,-34.402743],[-58.627415,-34.402798],[-58.627361,-34.402822],[-58.627253,-34.402902],[-58.627189,-34.402975],[-58.627563,-34.404029],[-58.628029,-34.403907],[-58.628172,-34.403865]]]}},{"type":"Feature","properties":{"partida":"057062867","cca":"05703000000000000000000000000000000010500V","tipo":"Urbano","sup_m2":2102.3},"geometry":{"type":"Polygon","coordinates":[[[-58.627563,-34.404029],[-58.627282,-34.403234],[-58.627189,-34.402975],[-58.627173,-34.403013],[-58.627167,-34.403118],[-58.627126,-34.403206],[-58.627065,-34.403263],[-58.627356,-34.404084],[-58.627563,-34.404029]]]}},{"type":"Feature","properties":{"partida":"057062868","cca":"05703000000000000000000000000000000010500W","tipo":"Urbano","sup_m2":734.4},"geometry":{"type":"Polygon","coordinates":[[[-58.625178,-34.404189],[-58.625246,-34.404416],[-58.625458,-34.404372],[-58.625445,-34.404335],[-58.625367,-34.404047],[-58.625289,-34.404048],[-58.625238,-34.404064],[-58.62519,-34.404113],[-58.625178,-34.404189]]]}},{"type":"Feature","properties":{"partida":"057062869","cca":"05703000000000000000000000000000000010500X","tipo":"Rural","sup_m2":933.9},"geometry":{"type":"Polygon","coordinates":[[[-58.625178,-34.404189],[-58.625131,-34.40418],[-58.625092,-34.404178],[-58.625068,-34.404195],[-58.625044,-34.40422],[-58.624952,-34.404259],[-58.62492,-34.404257],[-58.624887,-34.404264],[-58.624843,-34.404261],[-58.624795,-34.404253],[-58.624865,-34.404496],[-58.625246,-34.404416],[-58.625178,-34.404189]]]}},{"type":"Feature","properties":{"partida":"057012439","cca":"05703000000000000000000000000000000010500Z","tipo":"Urbano","sup_m2":1494.5},"geometry":{"type":"Polygon","coordinates":[[[-58.627149,-34.404138],[-58.626959,-34.403602],[-58.626907,-34.403457],[-58.626881,-34.403485],[-58.626847,-34.403499],[-58.626763,-34.403543],[-58.626748,-34.40356],[-58.626724,-34.403578],[-58.626942,-34.404192],[-58.627149,-34.404138]]]}},{"type":"Feature","properties":{"partida":"057012106","cca":"0570300000000000000000000000000000001050AA","tipo":"Urbano","sup_m2":1640.2},"geometry":{"type":"Polygon","coordinates":[[[-58.626905,-34.404088],[-58.626724,-34.403578],[-58.626665,-34.403604],[-58.626637,-34.403625],[-58.626621,-34.403668],[-58.626612,-34.403715],[-58.626589,-34.403761],[-58.626498,-34.403828],[-58.626464,-34.403895],[-58.626449,-34.403918],[-58.626547,-34.404195],[-58.626905,-34.404088]]]}},{"type":"Feature","properties":{"partida":"057013443","cca":"05703000000000000000000000000000000010600M","tipo":"Urbano","sup_m2":60383.7},"geometry":{"type":"Polygon","coordinates":[[[-58.6249,-34.400805],[-58.624851,-34.400965],[-58.624366,-34.402686],[-58.627103,-34.403125],[-58.627122,-34.403077],[-58.627108,-34.403043],[-58.627093,-34.403016],[-58.627093,-34.402998],[-58.627115,-34.402972],[-58.627116,-34.402944],[-58.627138,-34.402909],[-58.627139,-34.402882],[-58.627184,-34.402774],[-58.627206,-34.402738],[-58.627228,-34.40272],[-58.627251,-34.402685],[-58.627339,-34.402613],[-58.627372,-34.402596],[-58.627383,-34.402578],[-58.627427,-34.402551],[-58.627492,-34.402525],[-58.627514,-34.402507],[-58.627547,-34.402508],[-58.62758,-34.40249],[-58.627667,-34.402491],[-58.627722,-34.402474],[-58.627744,-34.402456],[-58.627766,-34.402447],[-58.627799,-34.402402],[-58.627843,-34.402367],[-58.627854,-34.402349],[-58.627876,-34.402331],[-58.627877,-34.402304],[-58.627888,-34.402286],[-58.627899,-34.40225],[-58.627933,-34.402197],[-58.627944,-34.402161],[-58.627955,-34.402143],[-58.627978,-34.402089],[-58.628,-34.402071],[-58.628022,-34.402044],[-58.628045,-34.402008],[-58.628056,-34.401982],[-58.628122,-34.401928],[-58.628155,-34.401911],[-58.62821,-34.401866],[-58.628243,-34.401857],[-58.628276,-34.40184],[-58.628298,-34.401822],[-58.62832,-34.401795],[-58.62832,-34.401777],[-58.628299,-34.401759],[-58.628266,-34.401759],[-58.628234,-34.401749],[-58.628179,-34.401749],[-58.628136,-34.401739],[-58.628114,-34.401739],[-58.62806,-34.401729],[-58.627963,-34.401701],[-58.627909,-34.401673],[-58.627877,-34.401646],[-58.627856,-34.401601],[-58.627845,-34.401565],[-58.627846,-34.401547],[-58.627865,-34.401443],[-58.627885,-34.401402],[-58.627914,-34.401357],[-58.6249,-34.400805]]]}},{"type":"Feature","properties":{"partida":"057013442","cca":"05703000000000000000000000000000000010600N","tipo":"Rural","sup_m2":33340.5},"geometry":{"type":"Polygon","coordinates":[[[-58.627103,-34.403125],[-58.624366,-34.402686],[-58.624046,-34.403885],[-58.624247,-34.404471],[-58.624267,-34.404417],[-58.62431,-34.404369],[-58.62438,-34.404342],[-58.624497,-34.404338],[-58.624611,-34.404323],[-58.624646,-34.404322],[-58.624732,-34.404295],[-58.624779,-34.404241],[-58.624833,-34.404218],[-58.624972,-34.404191],[-58.625064,-34.404144],[-58.625105,-34.404113],[-58.625139,-34.404056],[-58.625183,-34.403998],[-58.625262,-34.403953],[-58.625324,-34.403964],[-58.625448,-34.403994],[-58.625473,-34.404059],[-58.625528,-34.404355],[-58.625938,-34.404278],[-58.625961,-34.404244],[-58.626004,-34.404214],[-58.626084,-34.404166],[-58.626126,-34.404119],[-58.62616,-34.404087],[-58.626216,-34.404053],[-58.626251,-34.404022],[-58.626286,-34.403979],[-58.626341,-34.403953],[-58.626388,-34.403936],[-58.626434,-34.403894],[-58.626457,-34.403847],[-58.626498,-34.403794],[-58.626554,-34.40375],[-58.626594,-34.403704],[-58.626622,-34.403608],[-58.626601,-34.403537],[-58.626582,-34.403508],[-58.626579,-34.403481],[-58.626606,-34.403438],[-58.626642,-34.403419],[-58.626675,-34.403361],[-58.626716,-34.403272],[-58.626747,-34.403248],[-58.626804,-34.403228],[-58.626891,-34.403232],[-58.627026,-34.40322],[-58.627103,-34.403125]]]}},{"type":"Feature","properties":{"partida":"057100100","cca":"05703000000000000000000000000000000012200D","tipo":"Urbano","sup_m2":41865.9},"geometry":{"type":"Polygon","coordinates":[[[-58.641415,-34.405029],[-58.64227,-34.404782],[-58.639456,-34.400847],[-58.638586,-34.401108],[-58.641415,-34.405029]]]}},{"type":"Feature","properties":{"partida":"057000386","cca":"05703000000000000000000000000000000012200G","tipo":"Urbano","sup_m2":294497.4},"geometry":{"type":"Polygon","coordinates":[[[-58.645759,-34.399057],[-58.639529,-34.400825],[-58.642314,-34.404679],[-58.648496,-34.402947],[-58.645759,-34.399057]]]}},{"type":"Feature","properties":{"partida":"057132776","cca":"05703000000000000000000000000000000012500B","tipo":"Urbano","sup_m2":13602.0},"geometry":{"type":"Polygon","coordinates":[[[-58.638464,-34.402626],[-58.637692,-34.401549],[-58.636692,-34.401831],[-58.636678,-34.401863],[-58.637434,-34.402915],[-58.638464,-34.402626]]]}},{"type":"Feature","properties":{"partida":"057133976","cca":"05703000000000000000000000000000000012500D","tipo":"Urbano","sup_m2":11246.0},"geometry":{"type":"Polygon","coordinates":[[[-58.639476,-34.402342],[-58.6387,-34.401266],[-58.637881,-34.401496],[-58.637867,-34.401528],[-58.638622,-34.402582],[-58.639476,-34.402342]]]}},{"type":"Feature","properties":{"partida":"057133974","cca":"05703000000000000000000000000000000012500F","tipo":"Urbano","sup_m2":11661.6},"geometry":{"type":"Polygon","coordinates":[[[-58.640601,-34.403901],[-58.63974,-34.404143],[-58.640514,-34.405223],[-58.640562,-34.405237],[-58.641396,-34.405002],[-58.640601,-34.403901]]]}},{"type":"Feature","properties":{"partida":"057000398","cca":"05703000000000000000000000000000000012500G","tipo":"Urbano","sup_m2":13812.0},"geometry":{"type":"Polygon","coordinates":[[[-58.638256,-34.403991],[-58.639295,-34.403725],[-58.638464,-34.402626],[-58.637434,-34.402915],[-58.638256,-34.403991]]]}},{"type":"Feature","properties":{"partida":"057144499","cca":"05703000000000000000000000000000000012500M","tipo":"Urbano","sup_m2":13979.1},"geometry":{"type":"Polygon","coordinates":[[[-58.639476,-34.402342],[-58.638622,-34.402582],[-58.639575,-34.403912],[-58.640435,-34.403671],[-58.639476,-34.402342]]]}},{"type":"Feature","properties":{"partida":"057144500","cca":"05703000000000000000000000000000000012500N","tipo":"Urbano","sup_m2":2428.2},"geometry":{"type":"Polygon","coordinates":[[[-58.640601,-34.403901],[-58.640435,-34.403671],[-58.639575,-34.403912],[-58.63974,-34.404143],[-58.640601,-34.403901]]]}},{"type":"Feature","properties":{"partida":"057145472","cca":"05703000000000000000000000000000000012500R","tipo":"Urbano","sup_m2":5288.9},"geometry":{"type":"Polygon","coordinates":[[[-58.639287,-34.405524],[-58.639334,-34.405539],[-58.64031,-34.405288],[-58.640325,-34.405257],[-58.640007,-34.404783],[-58.639064,-34.405192],[-58.639287,-34.405524]]]}},{"type":"Feature","properties":{"partida":"057145473","cca":"05703000000000000000000000000000000012500T","tipo":"Urbano","sup_m2":14037.8},"geometry":{"type":"Polygon","coordinates":[[[-58.638256,-34.403991],[-58.639064,-34.405192],[-58.640007,-34.404783],[-58.639295,-34.403725],[-58.638256,-34.403991]]]}},{"type":"Feature","properties":{"partida":"057000311","cca":"05703000000000000000000000000000000012700A","tipo":"Rural","sup_m2":42221.4},"geometry":{"type":"Polygon","coordinates":[[[-58.636395,-34.406469],[-58.63723,-34.40623],[-58.637217,-34.406174],[-58.6372,-34.406145],[-58.63657,-34.405271],[-58.636498,-34.405143],[-58.635563,-34.403843],[-58.635157,-34.403283],[-58.635061,-34.403173],[-58.634418,-34.402282],[-58.633565,-34.402553],[-58.636395,-34.406469]]]}},{"type":"Feature","properties":{"partida":"057059025","cca":"05703000000000000000000000000000000012700B","tipo":"Rural","sup_m2":44882.7},"geometry":{"type":"Polygon","coordinates":[[[-58.633565,-34.402553],[-58.63262,-34.402826],[-58.635482,-34.406734],[-58.636395,-34.406469],[-58.633565,-34.402553]]]}},{"type":"Feature","properties":{"partida":"057052078","cca":"05703000000000000000000000000000000012700C","tipo":"Rural","sup_m2":41202.2},"geometry":{"type":"Polygon","coordinates":[[[-58.634613,-34.406985],[-58.635482,-34.406734],[-58.63262,-34.402826],[-58.631785,-34.403069],[-58.634613,-34.406985]]]}},{"type":"Feature","properties":{"partida":"057012791","cca":"05703000000000000000000000000000000012800B","tipo":"Urbano","sup_m2":57662.1},"geometry":{"type":"Polygon","coordinates":[[[-58.633723,-34.407237],[-58.630889,-34.403325],[-58.629703,-34.403672],[-58.632521,-34.407584],[-58.633723,-34.407237]]]}},{"type":"Feature","properties":{"partida":"057000429","cca":"05703000000000000000000000000000000012800E","tipo":"Urbano","sup_m2":20107.5},"geometry":{"type":"Polygon","coordinates":[[[-58.632929,-34.404653],[-58.632208,-34.404859],[-58.633828,-34.407102],[-58.633875,-34.407116],[-58.634566,-34.406919],[-58.632929,-34.404653]]]}},{"type":"Feature","properties":{"partida":"057122183","cca":"05703000000000000000000000000000000012800F","tipo":"Urbano","sup_m2":2141.8},"geometry":{"type":"Polygon","coordinates":[[[-58.631916,-34.403251],[-58.63158,-34.403347],[-58.631953,-34.403864],[-58.63229,-34.403768],[-58.631916,-34.403251]]]}},{"type":"Feature","properties":{"partida":"057135335","cca":"05703000000000000000000000000000000012800G","tipo":"Urbano","sup_m2":5568.4},"geometry":{"type":"Polygon","coordinates":[[[-58.63229,-34.403768],[-58.631953,-34.403864],[-58.63158,-34.403347],[-58.631385,-34.403402],[-58.631355,-34.403415],[-58.631331,-34.40343],[-58.631314,-34.403445],[-58.631288,-34.403482],[-58.631281,-34.403503],[-58.631278,-34.403546],[-58.631283,-34.403565],[-58.631298,-34.4036],[-58.631829,-34.404335],[-58.63255,-34.404129],[-58.63229,-34.403768]]]}},{"type":"Feature","properties":{"partida":"057135334","cca":"05703000000000000000000000000000000012800H","tipo":"Urbano","sup_m2":4658.7},"geometry":{"type":"Polygon","coordinates":[[[-58.632208,-34.404859],[-58.632929,-34.404653],[-58.63255,-34.404129],[-58.631829,-34.404335],[-58.632208,-34.404859]]]}},{"type":"Feature","properties":{"partida":"057000312","cca":"057030000000000000000000000000000000129000","tipo":"Rural","sup_m2":109824.1},"geometry":{"type":"Polygon","coordinates":[[[-58.632521,-34.407584],[-58.629703,-34.403672],[-58.627429,-34.404315],[-58.628064,-34.405207],[-58.628693,-34.406077],[-58.628756,-34.406176],[-58.629377,-34.407049],[-58.630226,-34.408236],[-58.632521,-34.407584]]]}},{"type":"Feature","properties":{"partida":"057113967","cca":"0570300000000000000000000000000000001310AS","tipo":"Urbano","sup_m2":37796.0},"geometry":{"type":"Polygon","coordinates":[[[-58.625816,-34.418099],[-58.626111,-34.417907],[-58.62695,-34.417459],[-58.627241,-34.416695],[-58.627522,-34.416163],[-58.627741,-34.41573],[-58.627967,-34.415384],[-58.628344,-34.414743],[-58.628731,-34.413149],[-58.62856,-34.413119],[-58.627681,-34.414122],[-58.627212,-34.415132],[-58.626843,-34.416186],[-58.62623,-34.41682],[-58.626536,-34.417019],[-58.625804,-34.417507],[-58.625726,-34.417577],[-58.625459,-34.417836],[-58.625816,-34.418099]]]}},{"type":"Feature","properties":{"partida":"057119931","cca":"0570300000000000000000000000000000001310AX","tipo":"Urbano","sup_m2":108047.9},"geometry":{"type":"Polygon","coordinates":[[[-58.647094,-34.403956],[-58.646305,-34.404186],[-58.642571,-34.405336],[-58.639364,-34.40631],[-58.63763,-34.406779],[-58.637671,-34.406785],[-58.637723,-34.406799],[-58.637766,-34.406817],[-58.63781,-34.406845],[-58.637839,-34.406867],[-58.637874,-34.406903],[-58.637894,-34.406939],[-58.637906,-34.406993],[-58.637902,-34.407027],[-58.637879,-34.407085],[-58.637862,-34.407104],[-58.637822,-34.40714],[-58.637771,-34.40717],[-58.637698,-34.407205],[-58.637619,-34.407249],[-58.637552,-34.407279],[-58.637435,-34.407342],[-58.637321,-34.407415],[-58.637249,-34.407469],[-58.637188,-34.407522],[-58.637096,-34.407608],[-58.63702,-34.407694],[-58.636969,-34.407766],[-58.636943,-34.407828],[-58.636931,-34.407866],[-58.63692,-34.407941],[-58.636921,-34.407986],[-58.636938,-34.408069],[-58.636971,-34.408145],[-58.637023,-34.408217],[-58.637059,-34.408252],[-58.637099,-34.408283],[-58.63717,-34.408356],[-58.637204,-34.408403],[-58.637229,-34.408448],[-58.637274,-34.408548],[-58.637446,-34.408426],[-58.637554,-34.408361],[-58.637531,-34.408368],[-58.637486,-34.408369],[-58.637449,-34.408356],[-58.637422,-34.408336],[-58.637382,-34.408282],[-58.637274,-34.408125],[-58.637267,-34.408106],[-58.637265,-34.408083],[-58.637277,-34.408053],[-58.637301,-34.408031],[-58.637385,-34.407979],[-58.637431,-34.407955],[-58.637483,-34.407932],[-58.637743,-34.407843],[-58.63909,-34.407403],[-58.639545,-34.407257],[-58.640002,-34.407119],[-58.64069,-34.406929],[-58.641235,-34.406787],[-58.641311,-34.406782],[-58.641407,-34.406759],[-58.641561,-34.407062],[-58.641561,-34.407091],[-58.641556,-34.407104],[-58.641532,-34.407133],[-58.641649,-34.407082],[-58.6419,-34.406958],[-58.641871,-34.406961],[-58.641846,-34.406957],[-58.641819,-34.406945],[-58.641804,-34.406932],[-58.641584,-34.406664],[-58.641606,-34.406635],[-58.641651,-34.406565],[-58.641668,-34.406544],[-58.641689,-34.406525],[-58.641787,-34.406455],[-58.641894,-34.406391],[-58.642031,-34.406327],[-58.642147,-34.406283],[-58.642216,-34.406262],[-58.642402,-34.406218],[-58.642568,-34.406185],[-58.642846,-34.406141],[-58.643774,-34.406015],[-58.643983,-34.405978],[-58.644217,-34.405927],[-58.644447,-34.405868],[-58.644674,-34.405798],[-58.646381,-34.405261],[-58.646612,-34.405207],[-58.646856,-34.405168],[-58.646909,-34.405164],[-58.646938,-34.405168],[-58.646967,-34.405174],[-58.647014,-34.405194],[-58.647059,-34.405227],[-58.64708,-34.40525],[-58.647102,-34.405295],[-58.64711,-34.405349],[-58.647107,-34.405365],[-58.6471,-34.405379],[-58.647076,-34.405401],[-58.647101,-34.405398],[-58.647169,-34.405406],[-58.647228,-34.405429],[-58.647255,-34.405433],[-58.64746,-34.405374],[-58.64743,-34.405339],[-58.647403,-34.405302],[-58.647381,-34.405263],[-58.647363,-34.405223],[-58.64735,-34.405181],[-58.647341,-34.405139],[-58.647337,-34.405096],[-58.647338,-34.405053],[-58.647343,-34.405011],[-58.647353,-34.404969],[-58.647383,-34.404885],[-58.647402,-34.404798],[-58.647405,-34.404709],[-58.647391,-34.404621],[-58.647362,-34.404536],[-58.647316,-34.404456],[-58.647094,-34.403956]]]}},{"type":"Feature","properties":{"partida":"057119932","cca":"0570300000000000000000000000000000001310AY","tipo":"Urbano","sup_m2":313099.4},"geometry":{"type":"Polygon","coordinates":[[[-58.647485,-34.40673],[-58.647856,-34.40578],[-58.647865,-34.405741],[-58.647865,-34.405702],[-58.647858,-34.405663],[-58.647843,-34.405625],[-58.647821,-34.40559],[-58.647788,-34.405554],[-58.647744,-34.405519],[-58.647694,-34.40549],[-58.647639,-34.405468],[-58.647419,-34.405533],[-58.647334,-34.405559],[-58.647308,-34.40557],[-58.647292,-34.405581],[-58.647265,-34.405627],[-58.647241,-34.405656],[-58.647223,-34.405671],[-58.647175,-34.405695],[-58.647151,-34.405696],[-58.647086,-34.405684],[-58.646974,-34.405697],[-58.647032,-34.405698],[-58.647152,-34.40572],[-58.647171,-34.405729],[-58.647198,-34.405753],[-58.647208,-34.405771],[-58.647212,-34.40585],[-58.647203,-34.405919],[-58.647182,-34.405985],[-58.64714,-34.406058],[-58.64711,-34.406097],[-58.647078,-34.406132],[-58.647037,-34.406165],[-58.646966,-34.406213],[-58.646917,-34.406236],[-58.64685,-34.406261],[-58.64602,-34.406499],[-58.643577,-34.407244],[-58.64308,-34.407389],[-58.642337,-34.407596],[-58.642227,-34.407627],[-58.642201,-34.407632],[-58.642163,-34.407636],[-58.642141,-34.407634],[-58.642116,-34.407628],[-58.642075,-34.407611],[-58.642038,-34.407581],[-58.642017,-34.40755],[-58.641899,-34.407287],[-58.641899,-34.407261],[-58.641904,-34.407247],[-58.641913,-34.407233],[-58.641945,-34.407209],[-58.641802,-34.407233],[-58.641583,-34.40728],[-58.641613,-34.407282],[-58.641628,-34.407286],[-58.64165,-34.407298],[-58.641668,-34.407317],[-58.641745,-34.407469],[-58.641765,-34.407515],[-58.641789,-34.407581],[-58.64182,-34.407686],[-58.641855,-34.40781],[-58.641887,-34.407954],[-58.641944,-34.408152],[-58.642034,-34.408383],[-58.642133,-34.408591],[-58.642185,-34.40873],[-58.642234,-34.408911],[-58.64226,-34.409042],[-58.642273,-34.409181],[-58.642277,-34.40931],[-58.642259,-34.409338],[-58.642244,-34.40935],[-58.642215,-34.409363],[-58.642546,-34.409373],[-58.642512,-34.409355],[-58.642497,-34.409339],[-58.642486,-34.409313],[-58.642487,-34.409098],[-58.64249,-34.409073],[-58.642506,-34.409028],[-58.642518,-34.409006],[-58.642536,-34.408984],[-58.642574,-34.408954],[-58.642635,-34.408927],[-58.642668,-34.408921],[-58.642702,-34.408918],[-58.642924,-34.408938],[-58.643044,-34.408943],[-58.643164,-34.408948],[-58.643292,-34.408949],[-58.643391,-34.408946],[-58.643527,-34.408937],[-58.643761,-34.408912],[-58.64399,-34.408873],[-58.644215,-34.408818],[-58.644438,-34.408749],[-58.644653,-34.408669],[-58.644861,-34.408579],[-58.644992,-34.408515],[-58.645102,-34.408454],[-58.645161,-34.408426],[-58.645411,-34.408375],[-58.645825,-34.40827],[-58.645853,-34.408265],[-58.645879,-34.408267],[-58.645924,-34.408284],[-58.645967,-34.408324],[-58.645993,-34.408353],[-58.646022,-34.408394],[-58.646045,-34.408435],[-58.646062,-34.408476],[-58.646074,-34.408522],[-58.646081,-34.408577],[-58.646079,-34.408679],[-58.646063,-34.408737],[-58.646021,-34.408809],[-58.64564,-34.409367],[-58.645562,-34.409458],[-58.645496,-34.409515],[-58.645425,-34.409561],[-58.645289,-34.409639],[-58.645099,-34.409736],[-58.645008,-34.409777],[-58.644828,-34.409848],[-58.644412,-34.409963],[-58.644262,-34.409993],[-58.644096,-34.410014],[-58.643947,-34.410029],[-58.643733,-34.410039],[-58.64352,-34.410032],[-58.643261,-34.410012],[-58.642998,-34.410002],[-58.642827,-34.41],[-58.642697,-34.410001],[-58.642638,-34.409995],[-58.642608,-34.409987],[-58.642511,-34.409949],[-58.642437,-34.409931],[-58.642425,-34.409626],[-58.642428,-34.409606],[-58.642447,-34.409579],[-58.642478,-34.40956],[-58.642499,-34.409555],[-58.642139,-34.409509],[-58.642158,-34.409516],[-58.642176,-34.409529],[-58.642186,-34.409539],[-58.642197,-34.409562],[-58.642218,-34.409875],[-58.642148,-34.409898],[-58.642074,-34.409935],[-58.642036,-34.40995],[-58.641993,-34.409962],[-58.641962,-34.409967],[-58.64143,-34.410012],[-58.641177,-34.410042],[-58.640926,-34.410079],[-58.640579,-34.410135],[-58.640552,-34.410134],[-58.640514,-34.410128],[-58.640478,-34.410114],[-58.640462,-34.410103],[-58.640501,-34.410196],[-58.640641,-34.410458],[-58.640701,-34.410636],[-58.640704,-34.410618],[-58.640718,-34.410592],[-58.640736,-34.410575],[-58.640753,-34.410566],[-58.64077,-34.410562],[-58.640975,-34.410526],[-58.64147,-34.41045],[-58.641721,-34.410419],[-58.642065,-34.410384],[-58.642212,-34.410355],[-58.642404,-34.410323],[-58.642472,-34.410317],[-58.642609,-34.410308],[-58.642764,-34.41031],[-58.64282,-34.410312],[-58.64307,-34.41034],[-58.643089,-34.410345],[-58.643126,-34.410366],[-58.643152,-34.410401],[-58.643156,-34.410417],[-58.643155,-34.410449],[-58.64314,-34.410477],[-58.642947,-34.410731],[-58.642931,-34.410748],[-58.642726,-34.411027],[-58.642641,-34.411124],[-58.64241,-34.411412],[-58.642381,-34.411435],[-58.642347,-34.411444],[-58.642276,-34.411436],[-58.642228,-34.411435],[-58.64178,-34.411483],[-58.641713,-34.411484],[-58.641638,-34.411476],[-58.641586,-34.411466],[-58.64155,-34.411456],[-58.641485,-34.411431],[-58.641428,-34.411403],[-58.641388,-34.411379],[-58.641335,-34.411336],[-58.641185,-34.411172],[-58.641172,-34.411153],[-58.64117,-34.41112],[-58.641181,-34.411093],[-58.641208,-34.41107],[-58.641224,-34.411063],[-58.641134,-34.41108],[-58.641096,-34.411099],[-58.640989,-34.411191],[-58.640954,-34.411241],[-58.640903,-34.411367],[-58.640893,-34.411425],[-58.640893,-34.411468],[-58.640904,-34.411507],[-58.640903,-34.411484],[-58.640906,-34.411473],[-58.640914,-34.411458],[-58.640936,-34.411439],[-58.640966,-34.411428],[-58.641043,-34.411429],[-58.641119,-34.411442],[-58.641212,-34.411471],[-58.641274,-34.411501],[-58.641331,-34.411536],[-58.641379,-34.411575],[-58.641423,-34.411622],[-58.641443,-34.411647],[-58.64147,-34.411693],[-58.641516,-34.411799],[-58.641551,-34.411855],[-58.641575,-34.411886],[-58.641641,-34.411951],[-58.641714,-34.412051],[-58.641749,-34.412119],[-58.641754,-34.41214],[-58.641751,-34.412156],[-58.641746,-34.412174],[-58.641737,-34.412189],[-58.64171,-34.412215],[-58.641696,-34.412223],[-58.641376,-34.412379],[-58.641352,-34.412385],[-58.641132,-34.412495],[-58.641019,-34.412558],[-58.640901,-34.412614],[-58.640837,-34.412638],[-58.640766,-34.412655],[-58.640677,-34.412667],[-58.640623,-34.412669],[-58.640598,-34.412666],[-58.640555,-34.412655],[-58.640535,-34.412646],[-58.640509,-34.412626],[-58.640481,-34.412597],[-58.640467,-34.412557],[-58.640367,-34.412018],[-58.640249,-34.411431],[-58.640118,-34.410858],[-58.640089,-34.410744],[-58.640052,-34.410648],[-58.640013,-34.410591],[-58.639975,-34.410545],[-58.639844,-34.410399],[-58.63955,-34.410083],[-58.63948,-34.410014],[-58.639395,-34.409935],[-58.639315,-34.409869],[-58.638866,-34.409517],[-58.638773,-34.409437],[-58.638706,-34.409369],[-58.63863,-34.409274],[-58.638561,-34.409171],[-58.638336,-34.408788],[-58.63829,-34.408719],[-58.638265,-34.408691],[-58.638224,-34.408654],[-58.638171,-34.408621],[-58.638099,-34.408584],[-58.638061,-34.408554],[-58.638044,-34.408528],[-58.637991,-34.408379],[-58.637767,-34.40847],[-58.637544,-34.408582],[-58.637404,-34.408641],[-58.637279,-34.408721],[-58.637243,-34.408753],[-58.637212,-34.408811],[-58.637203,-34.408844],[-58.637203,-34.408874],[-58.637213,-34.408921],[-58.637321,-34.409095],[-58.637405,-34.409247],[-58.637438,-34.409309],[-58.637535,-34.409521],[-58.637575,-34.409635],[-58.637629,-34.409825],[-58.637649,-34.409923],[-58.637662,-34.410017],[-58.637675,-34.410179],[-58.637676,-34.410287],[-58.637658,-34.41049],[-58.637628,-34.410679],[-58.6376,-34.410794],[-58.637581,-34.410852],[-58.637565,-34.410924],[-58.637551,-34.411001],[-58.637544,-34.411077],[-58.637543,-34.411193],[-58.637548,-34.411297],[-58.637563,-34.411372],[-58.637597,-34.411505],[-58.637652,-34.411628],[-58.637699,-34.411718],[-58.63827,-34.412566],[-58.638628,-34.413113],[-58.638666,-34.413312],[-58.638716,-34.413765],[-58.638732,-34.413788],[-58.638761,-34.413812],[-58.638793,-34.413832],[-58.638821,-34.413843],[-58.638862,-34.413852],[-58.638887,-34.413854],[-58.638939,-34.41385],[-58.638976,-34.413837],[-58.63936,-34.413664],[-58.639425,-34.413641],[-58.639472,-34.413628],[-58.63952,-34.41362],[-58.63958,-34.413612],[-58.639625,-34.413609],[-58.639739,-34.413611],[-58.639796,-34.41362],[-58.6399,-34.413643],[-58.640046,-34.413699],[-58.640198,-34.413734],[-58.640495,-34.413846],[-58.640648,-34.413863],[-58.640882,-34.413838],[-58.641332,-34.413769],[-58.641311,-34.413764],[-58.641297,-34.413756],[-58.641281,-34.413743],[-58.641271,-34.413731],[-58.641263,-34.413707],[-58.641262,-34.413644],[-58.641276,-34.413571],[-58.641288,-34.41354],[-58.641334,-34.413456],[-58.641372,-34.413412],[-58.641409,-34.413377],[-58.641444,-34.413351],[-58.641497,-34.413319],[-58.642194,-34.413018],[-58.642301,-34.412966],[-58.642388,-34.412913],[-58.642498,-34.412839],[-58.642555,-34.412791],[-58.642622,-34.412728],[-58.642703,-34.412641],[-58.642747,-34.412588],[-58.642846,-34.412455],[-58.643036,-34.412182],[-58.643138,-34.412001],[-58.64318,-34.411935],[-58.643236,-34.411859],[-58.643337,-34.411743],[-58.643426,-34.41166],[-58.643523,-34.41158],[-58.643641,-34.411501],[-58.643697,-34.411469],[-58.644843,-34.410875],[-58.644967,-34.410815],[-58.645096,-34.410758],[-58.64524,-34.410701],[-58.64586,-34.410461],[-58.645887,-34.410456],[-58.645926,-34.410456],[-58.645959,-34.410462],[-58.645985,-34.410474],[-58.646011,-34.410487],[-58.646026,-34.410499],[-58.646041,-34.410515],[-58.646062,-34.410552],[-58.646068,-34.410585],[-58.64608,-34.410885],[-58.646071,-34.410922],[-58.64606,-34.410938],[-58.646046,-34.410952],[-58.646023,-34.410967],[-58.646167,-34.410909],[-58.646237,-34.410898],[-58.646385,-34.410895],[-58.646349,-34.410886],[-58.646337,-34.410878],[-58.646312,-34.41085],[-58.646306,-34.410826],[-58.646335,-34.410531],[-58.646368,-34.410398],[-58.646485,-34.41001],[-58.646556,-34.409825],[-58.646615,-34.409684],[-58.646653,-34.409597],[-58.646747,-34.409396],[-58.646884,-34.409135],[-58.647069,-34.408832],[-58.647139,-34.408691],[-58.647217,-34.408489],[-58.647242,-34.408414],[-58.647265,-34.408331],[-58.647289,-34.408213],[-58.647307,-34.408063],[-58.647314,-34.407842],[-58.647294,-34.407514],[-58.647309,-34.407308],[-58.647333,-34.407176],[-58.647356,-34.407076],[-58.647374,-34.407016],[-58.64742,-34.406877],[-58.647485,-34.40673]]]}},{"type":"Feature","properties":{"partida":"057119930","cca":"0570300000000000000000000000000000001310AZ","tipo":"Urbano","sup_m2":204520.2},"geometry":{"type":"Polygon","coordinates":[[[-58.645328,-34.417665],[-58.645466,-34.417522],[-58.645549,-34.417425],[-58.645688,-34.417243],[-58.645788,-34.417089],[-58.645865,-34.416953],[-58.645957,-34.416766],[-58.646025,-34.416603],[-58.646067,-34.416473],[-58.646122,-34.415908],[-58.646305,-34.415587],[-58.646339,-34.415411],[-58.646364,-34.415202],[-58.646305,-34.415291],[-58.646239,-34.415414],[-58.64617,-34.415581],[-58.646132,-34.415656],[-58.645975,-34.415844],[-58.645959,-34.415857],[-58.645932,-34.41587],[-58.645903,-34.415874],[-58.64587,-34.415869],[-58.645483,-34.415749],[-58.645032,-34.415563],[-58.64488,-34.41548],[-58.644808,-34.415434],[-58.64472,-34.41537],[-58.644696,-34.415346],[-58.644684,-34.415324],[-58.644675,-34.415292],[-58.644675,-34.415265],[-58.644684,-34.415239],[-58.644704,-34.415205],[-58.645068,-34.414749],[-58.645263,-34.414477],[-58.645329,-34.414376],[-58.645407,-34.414274],[-58.645532,-34.414082],[-58.645589,-34.414003],[-58.645703,-34.413814],[-58.645924,-34.413421],[-58.646015,-34.413221],[-58.646094,-34.413015],[-58.646141,-34.41289],[-58.646169,-34.412798],[-58.64621,-34.41265],[-58.646221,-34.412582],[-58.646226,-34.412465],[-58.646207,-34.412155],[-58.646188,-34.411723],[-58.646215,-34.411154],[-58.646223,-34.411121],[-58.646233,-34.411106],[-58.646275,-34.411075],[-58.646046,-34.411101],[-58.645916,-34.411138],[-58.645947,-34.411142],[-58.645988,-34.411158],[-58.646007,-34.411177],[-58.64602,-34.411197],[-58.646025,-34.411215],[-58.646025,-34.411238],[-58.645979,-34.411488],[-58.645951,-34.41155],[-58.645907,-34.411617],[-58.645874,-34.411652],[-58.645815,-34.4117],[-58.645756,-34.41174],[-58.645711,-34.411762],[-58.645553,-34.411814],[-58.645473,-34.411843],[-58.645362,-34.411891],[-58.645294,-34.411925],[-58.645206,-34.411974],[-58.645138,-34.412016],[-58.645018,-34.412103],[-58.644875,-34.412236],[-58.644794,-34.412326],[-58.64427,-34.412955],[-58.644049,-34.413214],[-58.643836,-34.413431],[-58.643641,-34.413615],[-58.643517,-34.413717],[-58.643414,-34.413788],[-58.64336,-34.413821],[-58.643268,-34.413869],[-58.643154,-34.413922],[-58.642988,-34.413974],[-58.642096,-34.414189],[-58.641716,-34.41426],[-58.641676,-34.414264],[-58.641642,-34.414263],[-58.641611,-34.414257],[-58.641553,-34.414234],[-58.641326,-34.414059],[-58.641306,-34.414036],[-58.641297,-34.414019],[-58.641292,-34.413998],[-58.641294,-34.413979],[-58.64131,-34.413943],[-58.64135,-34.413912],[-58.64063,-34.414019],[-58.640471,-34.414453],[-58.640393,-34.414581],[-58.640314,-34.414684],[-58.640284,-34.41471],[-58.64016,-34.414764],[-58.64012,-34.414789],[-58.640071,-34.414824],[-58.63999,-34.414896],[-58.639964,-34.414929],[-58.639844,-34.415055],[-58.63979,-34.415186],[-58.639733,-34.415242],[-58.63971,-34.41526],[-58.639666,-34.415286],[-58.639339,-34.415449],[-58.639288,-34.415468],[-58.63925,-34.415478],[-58.639201,-34.415483],[-58.639153,-34.415485],[-58.639101,-34.415479],[-58.639049,-34.415468],[-58.639003,-34.415448],[-58.638987,-34.415435],[-58.638917,-34.41546],[-58.638847,-34.415477],[-58.638781,-34.415505],[-58.638725,-34.415532],[-58.638654,-34.415579],[-58.638959,-34.415849],[-58.639684,-34.415698],[-58.640937,-34.41631],[-58.645226,-34.417763],[-58.645328,-34.417665]]]}},{"type":"Feature","properties":{"partida":"057128756","cca":"0570300000000000000000000000000000001310BS","tipo":"Urbano","sup_m2":84162.6},"geometry":{"type":"Polygon","coordinates":[[[-58.628647,-34.409149],[-58.647964,-34.403504],[-58.648209,-34.403451],[-58.648496,-34.403442],[-58.648746,-34.403478],[-58.648796,-34.403472],[-58.648809,-34.403464],[-58.648824,-34.403446],[-58.648826,-34.403415],[-58.648711,-34.402952],[-58.648702,-34.402928],[-58.641415,-34.405029],[-58.639306,-34.405632],[-58.636395,-34.406469],[-58.634613,-34.406985],[-58.633723,-34.407237],[-58.632521,-34.407584],[-58.630226,-34.408236],[-58.629597,-34.408422],[-58.628476,-34.408736],[-58.628647,-34.409149]]]}},{"type":"Feature","properties":{"partida":"057128757","cca":"0570300000000000000000000000000000001310BT","tipo":"Urbano","sup_m2":5511.2},"geometry":{"type":"Polygon","coordinates":[[[-58.628792,-34.409488],[-58.628476,-34.408736],[-58.627819,-34.408916],[-58.628172,-34.409669],[-58.628792,-34.409488]]]}},{"type":"Feature","properties":{"partida":"057000390","cca":"0570300000000000000000000000000000001310BX","tipo":"Urbano","sup_m2":77635.3},"geometry":{"type":"Polygon","coordinates":[[[-58.630595,-34.409095],[-58.630665,-34.409166],[-58.630745,-34.40923],[-58.630832,-34.409287],[-58.630878,-34.409312],[-58.631433,-34.409556],[-58.631476,-34.409567],[-58.631523,-34.40957],[-58.63157,-34.409566],[-58.631615,-34.409553],[-58.631728,-34.409502],[-58.631801,-34.409475],[-58.631876,-34.409451],[-58.631991,-34.409421],[-58.63212,-34.409397],[-58.632283,-34.409411],[-58.632459,-34.409437],[-58.632575,-34.409462],[-58.632689,-34.409492],[-58.632952,-34.409576],[-58.633052,-34.409601],[-58.633167,-34.409622],[-58.633285,-34.409635],[-58.633344,-34.409639],[-58.633403,-34.409641],[-58.633522,-34.409638],[-58.633641,-34.409627],[-58.633757,-34.40961],[-58.633844,-34.409592],[-58.63393,-34.409569],[-58.634151,-34.409494],[-58.634321,-34.409447],[-58.634494,-34.40941],[-58.634611,-34.409392],[-58.634729,-34.409379],[-58.634848,-34.40937],[-58.634967,-34.409367],[-58.635086,-34.409368],[-58.635205,-34.409374],[-58.635324,-34.409385],[-58.635497,-34.40941],[-58.635538,-34.409428],[-58.635579,-34.40944],[-58.635621,-34.409445],[-58.635665,-34.409446],[-58.635708,-34.40944],[-58.635749,-34.409429],[-58.635788,-34.409412],[-58.635821,-34.409392],[-58.636051,-34.40921],[-58.636098,-34.40918],[-58.636147,-34.409153],[-58.636199,-34.409129],[-58.636253,-34.409109],[-58.636308,-34.409092],[-58.636365,-34.409079],[-58.636423,-34.409069],[-58.636481,-34.409064],[-58.636541,-34.409061],[-58.6366,-34.409063],[-58.636658,-34.409069],[-58.636702,-34.409076],[-58.636744,-34.409086],[-58.636797,-34.409108],[-58.636844,-34.409138],[-58.636884,-34.409174],[-58.636915,-34.409215],[-58.636938,-34.40926],[-58.63695,-34.409308],[-58.636919,-34.409281],[-58.63691,-34.409329],[-58.636869,-34.409427],[-58.636837,-34.409457],[-58.636792,-34.40948],[-58.636898,-34.409445],[-58.637016,-34.409412],[-58.637135,-34.409383],[-58.637254,-34.409359],[-58.637181,-34.409181],[-58.637066,-34.408997],[-58.637023,-34.408971],[-58.636999,-34.408965],[-58.636972,-34.408964],[-58.636949,-34.408968],[-58.636923,-34.408978],[-58.636909,-34.408986],[-58.636857,-34.40884],[-58.636882,-34.40881],[-58.636887,-34.408792],[-58.636888,-34.408766],[-58.636877,-34.408738],[-58.636748,-34.408606],[-58.636661,-34.408537],[-58.636573,-34.408474],[-58.63641,-34.40839],[-58.636335,-34.408362],[-58.636213,-34.408326],[-58.636122,-34.408311],[-58.636077,-34.4083],[-58.636046,-34.408285],[-58.636007,-34.40826],[-58.635972,-34.408228],[-58.635949,-34.408198],[-58.635931,-34.408161],[-58.635918,-34.408094],[-58.635908,-34.408066],[-58.635893,-34.408035],[-58.635868,-34.408001],[-58.635821,-34.407958],[-58.635693,-34.407889],[-58.635627,-34.407857],[-58.635525,-34.407818],[-58.635416,-34.407784],[-58.635292,-34.407753],[-58.635044,-34.407711],[-58.634922,-34.407707],[-58.634744,-34.407716],[-58.634324,-34.40779],[-58.633887,-34.407881],[-58.633252,-34.408072],[-58.632754,-34.408344],[-58.63246,-34.408485],[-58.632334,-34.408317],[-58.631976,-34.408423],[-58.631851,-34.408463],[-58.631605,-34.408552],[-58.631425,-34.408627],[-58.631192,-34.408737],[-58.631022,-34.408826],[-58.630804,-34.408956],[-58.630595,-34.409095]]]}},{"type":"Feature","properties":{"partida":"057007177","cca":"05703000000000000000000000000000000013200A","tipo":"Rural","sup_m2":6535.5},"geometry":{"type":"Polygon","coordinates":[[[-58.624598,-34.407363],[-58.624567,-34.407272],[-58.624523,-34.407177],[-58.624496,-34.407138],[-58.624462,-34.407025],[-58.624409,-34.406926],[-58.624388,-34.406871],[-58.624356,-34.406835],[-58.624346,-34.406808],[-58.624324,-34.406771],[-58.624303,-34.406744],[-58.624293,-34.406717],[-58.62425,-34.406644],[-58.624166,-34.406454],[-58.624156,-34.406418],[-58.624125,-34.406337],[-58.624104,-34.406309],[-58.624083,-34.406264],[-58.624061,-34.406237],[-58.624051,-34.40621],[-58.624029,-34.406191],[-58.624008,-34.406146],[-58.623987,-34.406119],[-58.623902,-34.405983],[-58.62387,-34.405955],[-58.62386,-34.405937],[-58.623753,-34.405801],[-58.623715,-34.405598],[-58.623447,-34.405767],[-58.624301,-34.407497],[-58.624598,-34.407363]]]}},{"type":"Feature","properties":{"partida":"057007176","cca":"05703000000000000000000000000000000013200B","tipo":"Rural","sup_m2":8500.2},"geometry":{"type":"Polygon","coordinates":[[[-58.62308,-34.405928],[-58.622627,-34.406131],[-58.623467,-34.407785],[-58.623843,-34.40766],[-58.62308,-34.405928]]]}},{"type":"Feature","properties":{"partida":"057100523","cca":"05703000000000000000000000000000000013300B","tipo":"Urbano","sup_m2":12583.0},"geometry":{"type":"Polygon","coordinates":[[[-58.624301,-34.407497],[-58.6242,-34.407538],[-58.6247,-34.408548],[-58.624686,-34.408571],[-58.624709,-34.408564],[-58.625999,-34.411105],[-58.626038,-34.411063],[-58.626051,-34.410937],[-58.625937,-34.410548],[-58.625844,-34.410268],[-58.625792,-34.41015],[-58.625761,-34.410051],[-58.625751,-34.409996],[-58.625751,-34.409978],[-58.62573,-34.409906],[-58.625698,-34.40987],[-58.625667,-34.409815],[-58.625646,-34.40977],[-58.625646,-34.409734],[-58.625626,-34.409661],[-58.625552,-34.409525],[-58.625541,-34.409489],[-58.625478,-34.409398],[-58.625457,-34.409353],[-58.625404,-34.409262],[-58.625383,-34.409199],[-58.62532,-34.409045],[-58.625321,-34.409018],[-58.625311,-34.408973],[-58.625269,-34.408864],[-58.625259,-34.408801],[-58.625217,-34.408701],[-58.625186,-34.408602],[-58.625154,-34.408557],[-58.625133,-34.408502],[-58.62508,-34.408439],[-58.62507,-34.408411],[-58.625048,-34.408384],[-58.625038,-34.408357],[-58.624995,-34.408302],[-58.624974,-34.408257],[-58.624905,-34.408164],[-58.624838,-34.408064],[-58.624795,-34.407904],[-58.624773,-34.407866],[-58.624769,-34.407821],[-58.624729,-34.407721],[-58.62468,-34.407656],[-58.624671,-34.407618],[-58.624672,-34.407584],[-58.624659,-34.407535],[-58.624646,-34.407497],[-58.624619,-34.407455],[-58.624615,-34.407409],[-58.624598,-34.407363],[-58.624301,-34.407497]]]}},{"type":"Feature","properties":{"partida":null,"cca":"05703000000000000000000000000000000013300F","tipo":null,"sup_m2":5268.9},"geometry":{"type":"Polygon","coordinates":[[[-58.623696,-34.408908],[-58.624991,-34.411282],[-58.624063,-34.408782],[-58.623696,-34.408908]]]}},{"type":"Feature","properties":{"partida":"057006269","cca":"057030000000000000000000000000000000134000","tipo":"Rural","sup_m2":125334.2},"geometry":{"type":"Polygon","coordinates":[[[-58.621153,-34.407946],[-58.621972,-34.409528],[-58.623658,-34.41287],[-58.625248,-34.412284],[-58.624991,-34.411282],[-58.623696,-34.408908],[-58.623199,-34.407958],[-58.622322,-34.406211],[-58.62065,-34.406932],[-58.621153,-34.407946]]]}},{"type":"Feature","properties":{"partida":"057005737","cca":"05703000000000000000000000000000000013500E","tipo":"Urbano","sup_m2":231779.2},"geometry":{"type":"Polygon","coordinates":[[[-58.622368,-34.41055],[-58.619918,-34.411281],[-58.619898,-34.411318],[-58.621384,-34.414332],[-58.620983,-34.415713],[-58.621891,-34.417559],[-58.622267,-34.418448],[-58.622445,-34.418329],[-58.622581,-34.41823],[-58.62276,-34.418088],[-58.622946,-34.417926],[-58.623127,-34.417755],[-58.62332,-34.417556],[-58.623482,-34.417376],[-58.623742,-34.417058],[-58.62391,-34.416833],[-58.624102,-34.416552],[-58.624182,-34.416427],[-58.624307,-34.416222],[-58.624483,-34.415906],[-58.624649,-34.415572],[-58.624887,-34.415012],[-58.625091,-34.414391],[-58.625206,-34.413872],[-58.625287,-34.413336],[-58.625255,-34.41236],[-58.625223,-34.41234],[-58.623603,-34.412933],[-58.622407,-34.410565],[-58.622368,-34.41055]]]}},{"type":"Feature","properties":{"partida":"057060327","cca":"057030G00000000000000000000000900000014000","tipo":"Urbano","sup_m2":306.4},"geometry":{"type":"Polygon","coordinates":[[[-58.622962,-34.4074],[-58.623226,-34.40731],[-58.623176,-34.407212],[-58.622913,-34.407304],[-58.622962,-34.4074]]]}},{"type":"Feature","properties":{"partida":"057060328","cca":"057030G00000000000000000000000900000015000","tipo":"Urbano","sup_m2":302.4},"geometry":{"type":"Polygon","coordinates":[[[-58.623011,-34.407497],[-58.623273,-34.407404],[-58.623226,-34.40731],[-58.622962,-34.4074],[-58.623011,-34.407497]]]}},{"type":"Feature","properties":{"partida":"057060329","cca":"057030G00000000000000000000000900000016000","tipo":"Urbano","sup_m2":300.7},"geometry":{"type":"Polygon","coordinates":[[[-58.623323,-34.407501],[-58.623273,-34.407404],[-58.623011,-34.407497],[-58.623058,-34.407591],[-58.623323,-34.407501]]]}},{"type":"Feature","properties":{"partida":"057060330","cca":"057030G00000000000000000000000900000017000","tipo":"Urbano","sup_m2":293.8},"geometry":{"type":"Polygon","coordinates":[[[-58.623323,-34.407501],[-58.623058,-34.407591],[-58.623105,-34.407684],[-58.623369,-34.407593],[-58.623323,-34.407501]]]}},{"type":"Feature","properties":{"partida":"057060331","cca":"057030G00000000000000000000000900000018000","tipo":"Urbano","sup_m2":301.9},"geometry":{"type":"Polygon","coordinates":[[[-58.623419,-34.40769],[-58.623369,-34.407593],[-58.623105,-34.407684],[-58.623153,-34.407778],[-58.623419,-34.40769]]]}},{"type":"Feature","properties":{"partida":"057007895","cca":"057030G00000000000000000000000900000019000","tipo":"Urbano","sup_m2":302.8},"geometry":{"type":"Polygon","coordinates":[[[-58.623419,-34.40769],[-58.623153,-34.407778],[-58.623189,-34.407851],[-58.623238,-34.407865],[-58.623467,-34.407785],[-58.623419,-34.40769]]]}},{"type":"Feature","properties":{"partida":null,"cca":"057030G0000000000000000000000091000000100A","tipo":null,"sup_m2":287.9},"geometry":{"type":"Polygon","coordinates":[[[-58.624004,-34.407847],[-58.624303,-34.407748],[-58.624268,-34.407678],[-58.624245,-34.407672],[-58.623964,-34.407767],[-58.624004,-34.407847]]]}},{"type":"Feature","properties":{"partida":"057060341","cca":"057030G00000000000000000000000910000002000","tipo":"Urbano","sup_m2":289.9},"geometry":{"type":"Polygon","coordinates":[[[-58.624086,-34.408012],[-58.623964,-34.407767],[-58.623864,-34.4078],[-58.623986,-34.408045],[-58.624086,-34.408012]]]}},{"type":"Feature","properties":{"partida":"057060342","cca":"057030G00000000000000000000000910000003000","tipo":"Urbano","sup_m2":383.3},"geometry":{"type":"Polygon","coordinates":[[[-58.624027,-34.408127],[-58.623864,-34.4078],[-58.623767,-34.407833],[-58.623928,-34.408161],[-58.624027,-34.408127]]]}},{"type":"Feature","properties":{"partida":"057060343","cca":"057030G00000000000000000000000910000004000","tipo":"Urbano","sup_m2":395.4},"geometry":{"type":"Polygon","coordinates":[[[-58.623665,-34.407867],[-58.623828,-34.408195],[-58.623928,-34.408161],[-58.623767,-34.407833],[-58.623665,-34.407867]]]}},{"type":"Feature","properties":{"partida":null,"cca":"057030G0000000000000000000000091000000500A","tipo":null,"sup_m2":282.0},"geometry":{"type":"Polygon","coordinates":[[[-58.62369,-34.408146],[-58.623787,-34.408113],[-58.623665,-34.407867],[-58.623569,-34.407899],[-58.62369,-34.408146]]]}},{"type":"Feature","properties":{"partida":"057060373","cca":"057030G00000000000000000000000910000006000","tipo":"Urbano","sup_m2":296.1},"geometry":{"type":"Polygon","coordinates":[[[-58.62361,-34.407983],[-58.623569,-34.407899],[-58.62328,-34.407997],[-58.623274,-34.408019],[-58.623306,-34.408083],[-58.62361,-34.407983]]]}},{"type":"Feature","properties":{"partida":null,"cca":"057030G0000000000000000000000091000000700A","tipo":null,"sup_m2":295.9},"geometry":{"type":"Polygon","coordinates":[[[-58.623347,-34.408166],[-58.62365,-34.408064],[-58.62361,-34.407983],[-58.623306,-34.408083],[-58.623347,-34.408166]]]}},{"type":"Feature","properties":{"partida":null,"cca":"057030G0000000000000000000000091000000800A","tipo":null,"sup_m2":295.2},"geometry":{"type":"Polygon","coordinates":[[[-58.623347,-34.408166],[-58.623387,-34.408248],[-58.62369,-34.408146],[-58.62365,-34.408064],[-58.623347,-34.408166]]]}},{"type":"Feature","properties":{"partida":"057060344","cca":"057030G00000000000000000000000910000009000","tipo":"Urbano","sup_m2":389.8},"geometry":{"type":"Polygon","coordinates":[[[-58.623428,-34.40833],[-58.623828,-34.408195],[-58.623787,-34.408113],[-58.623387,-34.408248],[-58.623428,-34.40833]]]}},{"type":"Feature","properties":{"partida":"057060345","cca":"057030G00000000000000000000000910000010000","tipo":"Urbano","sup_m2":469.0},"geometry":{"type":"Polygon","coordinates":[[[-58.623968,-34.408241],[-58.623928,-34.408161],[-58.623428,-34.40833],[-58.623467,-34.408407],[-58.623968,-34.408241]]]}},{"type":"Feature","properties":{"partida":"057060346","cca":"057030G00000000000000000000000910000011000","tipo":"Urbano","sup_m2":476.1},"geometry":{"type":"Polygon","coordinates":[[[-58.623968,-34.408241],[-58.623467,-34.408407],[-58.623506,-34.408487],[-58.624007,-34.408321],[-58.623968,-34.408241]]]}},{"type":"Feature","properties":{"partida":"057060347","cca":"057030G00000000000000000000000910000012000","tipo":"Urbano","sup_m2":504.6},"geometry":{"type":"Polygon","coordinates":[[[-58.624007,-34.408321],[-58.623506,-34.408487],[-58.623549,-34.408573],[-58.624049,-34.408405],[-58.624007,-34.408321]]]}},{"type":"Feature","properties":{"partida":"057060348","cca":"057030G00000000000000000000000910000013000","tipo":"Urbano","sup_m2":402.5},"geometry":{"type":"Polygon","coordinates":[[[-58.623989,-34.408524],[-58.623948,-34.408439],[-58.623549,-34.408573],[-58.623591,-34.408658],[-58.623989,-34.408524]]]}},{"type":"Feature","properties":{"partida":"057060349","cca":"057030G00000000000000000000000910000014000","tipo":"Urbano","sup_m2":288.6},"geometry":{"type":"Polygon","coordinates":[[[-58.623893,-34.408556],[-58.623591,-34.408658],[-58.623631,-34.408738],[-58.623932,-34.408637],[-58.623893,-34.408556]]]}},{"type":"Feature","properties":{"partida":"057060350","cca":"057030G00000000000000000000000910000015000","tipo":"Urbano","sup_m2":290.5},"geometry":{"type":"Polygon","coordinates":[[[-58.623972,-34.408718],[-58.623932,-34.408637],[-58.623631,-34.408738],[-58.623671,-34.408819],[-58.623972,-34.408718]]]}},{"type":"Feature","properties":{"partida":"057060351","cca":"057030G00000000000000000000000910000016000","tipo":"Urbano","sup_m2":292.3},"geometry":{"type":"Polygon","coordinates":[[[-58.623972,-34.408718],[-58.623671,-34.408819],[-58.623704,-34.408886],[-58.623727,-34.408896],[-58.624012,-34.4088],[-58.623972,-34.408718]]]}},{"type":"Feature","properties":{"partida":"057060352","cca":"057030G00000000000000000000000910000017000","tipo":"Urbano","sup_m2":275.5},"geometry":{"type":"Polygon","coordinates":[[[-58.624107,-34.408768],[-58.623989,-34.408524],[-58.623893,-34.408556],[-58.624012,-34.4088],[-58.624107,-34.408768]]]}},{"type":"Feature","properties":{"partida":"057060353","cca":"057030G00000000000000000000000910000018000","tipo":"Urbano","sup_m2":398.8},"geometry":{"type":"Polygon","coordinates":[[[-58.62421,-34.408732],[-58.624049,-34.408405],[-58.623948,-34.408439],[-58.624107,-34.408768],[-58.62421,-34.408732]]]}},{"type":"Feature","properties":{"partida":"057060354","cca":"057030G00000000000000000000000910000019000","tipo":"Urbano","sup_m2":388.6},"geometry":{"type":"Polygon","coordinates":[[[-58.624308,-34.408699],[-58.62415,-34.408371],[-58.624049,-34.408405],[-58.62421,-34.408732],[-58.624308,-34.408699]]]}},{"type":"Feature","properties":{"partida":"057060355","cca":"057030G00000000000000000000000910000020000","tipo":"Urbano","sup_m2":289.9},"geometry":{"type":"Polygon","coordinates":[[[-58.624287,-34.40842],[-58.624189,-34.408453],[-58.624308,-34.408699],[-58.624409,-34.408665],[-58.624287,-34.40842]]]}},{"type":"Feature","properties":{"partida":"057060356","cca":"057030G00000000000000000000000910000021000","tipo":"Urbano","sup_m2":292.6},"geometry":{"type":"Polygon","coordinates":[[[-58.624368,-34.408583],[-58.624409,-34.408665],[-58.624686,-34.408571],[-58.6247,-34.408548],[-58.624667,-34.408481],[-58.624368,-34.408583]]]}},{"type":"Feature","properties":{"partida":"057060357","cca":"057030G00000000000000000000000910000022000","tipo":"Urbano","sup_m2":292.9},"geometry":{"type":"Polygon","coordinates":[[[-58.624626,-34.408399],[-58.624327,-34.4085],[-58.624368,-34.408583],[-58.624667,-34.408481],[-58.624626,-34.408399]]]}},{"type":"Feature","properties":{"partida":"057060358","cca":"057030G00000000000000000000000910000023000","tipo":"Urbano","sup_m2":286.4},"geometry":{"type":"Polygon","coordinates":[[[-58.624287,-34.40842],[-58.624327,-34.4085],[-58.624626,-34.408399],[-58.624586,-34.408319],[-58.624287,-34.40842]]]}},{"type":"Feature","properties":{"partida":"057060359","cca":"057030G00000000000000000000000910000024000","tipo":"Urbano","sup_m2":382.2},"geometry":{"type":"Polygon","coordinates":[[[-58.624586,-34.408319],[-58.624546,-34.408238],[-58.62415,-34.408371],[-58.624189,-34.408453],[-58.624586,-34.408319]]]}},{"type":"Feature","properties":{"partida":"057060360","cca":"057030G00000000000000000000000910000025000","tipo":"Urbano","sup_m2":494.5},"geometry":{"type":"Polygon","coordinates":[[[-58.624007,-34.408321],[-58.624049,-34.408405],[-58.624546,-34.408238],[-58.624505,-34.408155],[-58.624007,-34.408321]]]}},{"type":"Feature","properties":{"partida":"057060361","cca":"057030G00000000000000000000000910000026000","tipo":"Urbano","sup_m2":474.7},"geometry":{"type":"Polygon","coordinates":[[[-58.624465,-34.408075],[-58.623968,-34.408241],[-58.624007,-34.408321],[-58.624505,-34.408155],[-58.624465,-34.408075]]]}},{"type":"Feature","properties":{"partida":"057060337","cca":"057030G00000000000000000000000910000027000","tipo":"Urbano","sup_m2":477.6},"geometry":{"type":"Polygon","coordinates":[[[-58.624425,-34.407993],[-58.623928,-34.408161],[-58.623968,-34.408241],[-58.624465,-34.408075],[-58.624425,-34.407993]]]}},{"type":"Feature","properties":{"partida":"057060338","cca":"057030G00000000000000000000000910000028000","tipo":"Urbano","sup_m2":387.9},"geometry":{"type":"Polygon","coordinates":[[[-58.624384,-34.407912],[-58.623986,-34.408045],[-58.624027,-34.408127],[-58.624425,-34.407993],[-58.624384,-34.407912]]]}},{"type":"Feature","properties":{"partida":"057060339","cca":"057030G00000000000000000000000910000029000","tipo":"Urbano","sup_m2":289.0},"geometry":{"type":"Polygon","coordinates":[[[-58.624045,-34.40793],[-58.624086,-34.408012],[-58.624384,-34.407912],[-58.624344,-34.40783],[-58.624045,-34.40793]]]}},{"type":"Feature","properties":{"partida":null,"cca":"057030G0000000000000000000000091000003000A","tipo":null,"sup_m2":294.6},"geometry":{"type":"Polygon","coordinates":[[[-58.624344,-34.40783],[-58.624303,-34.407748],[-58.624004,-34.407847],[-58.624045,-34.40793],[-58.624344,-34.40783]]]}},{"type":"Feature","properties":{"partida":"057019724","cca":"057030R00000000000000000000001090000002000","tipo":"Urbano","sup_m2":1133.7},"geometry":{"type":"Polygon","coordinates":[[[-58.631249,-34.398576],[-58.631569,-34.398418],[-58.631405,-34.398191],[-58.631082,-34.39828],[-58.631063,-34.398322],[-58.631249,-34.398576]]]}},{"type":"Feature","properties":{"partida":"057019725","cca":"057030R00000000000000000000001090000003000","tipo":"Urbano","sup_m2":627.5},"geometry":{"type":"Polygon","coordinates":[[[-58.631672,-34.398558],[-58.631569,-34.398418],[-58.631249,-34.398576],[-58.631354,-34.398718],[-58.631672,-34.398558]]]}},{"type":"Feature","properties":{"partida":"057019726","cca":"057030R00000000000000000000001090000004000","tipo":"Urbano","sup_m2":623.1},"geometry":{"type":"Polygon","coordinates":[[[-58.631457,-34.398859],[-58.631774,-34.398698],[-58.631672,-34.398558],[-58.631354,-34.398718],[-58.631457,-34.398859]]]}},{"type":"Feature","properties":{"partida":"057019727","cca":"057030R00000000000000000000001090000005000","tipo":"Urbano","sup_m2":613.5},"geometry":{"type":"Polygon","coordinates":[[[-58.631557,-34.398996],[-58.631875,-34.398838],[-58.631774,-34.398698],[-58.631457,-34.398859],[-58.631557,-34.398996]]]}},{"type":"Feature","properties":{"partida":"057019728","cca":"057030R00000000000000000000001090000006000","tipo":"Urbano","sup_m2":635.5},"geometry":{"type":"Polygon","coordinates":[[[-58.631664,-34.399141],[-58.631981,-34.398979],[-58.631875,-34.398838],[-58.631557,-34.398996],[-58.631664,-34.399141]]]}},{"type":"Feature","properties":{"partida":"057019729","cca":"057030R00000000000000000000001090000007000","tipo":"Urbano","sup_m2":635.9},"geometry":{"type":"Polygon","coordinates":[[[-58.632087,-34.399123],[-58.631981,-34.398979],[-58.631664,-34.399141],[-58.631768,-34.399282],[-58.632087,-34.399123]]]}},{"type":"Feature","properties":{"partida":"057019730","cca":"057030R00000000000000000000001090000008000","tipo":"Urbano","sup_m2":630.3},"geometry":{"type":"Polygon","coordinates":[[[-58.632087,-34.399123],[-58.631768,-34.399282],[-58.631857,-34.399405],[-58.631898,-34.399413],[-58.632189,-34.399266],[-58.632087,-34.399123]]]}},{"type":"Feature","properties":{"partida":"057019698","cca":"057030R0000000000000000000000110000000100A","tipo":"Urbano","sup_m2":1264.7},"geometry":{"type":"Polygon","coordinates":[[[-58.63036,-34.398474],[-58.630532,-34.398717],[-58.630984,-34.398491],[-58.630878,-34.398347],[-58.630837,-34.398336],[-58.63036,-34.398474]]]}},{"type":"Feature","properties":{"partida":"057010334","cca":"057030R0000000000000000000000110000000100B","tipo":"Urbano","sup_m2":1040.3},"geometry":{"type":"Polygon","coordinates":[[[-58.630432,-34.398578],[-58.63036,-34.398474],[-58.629808,-34.39863],[-58.629799,-34.39866],[-58.629924,-34.398828],[-58.630432,-34.398578]]]}},{"type":"Feature","properties":{"partida":"057019694","cca":"057030R0000000000000000000000110000000100C","tipo":"Urbano","sup_m2":914.8},"geometry":{"type":"Polygon","coordinates":[[[-58.631156,-34.399578],[-58.631264,-34.399718],[-58.631688,-34.399512],[-58.6317,-34.399467],[-58.631613,-34.399348],[-58.631156,-34.399578]]]}},{"type":"Feature","properties":{"partida":"057019695","cca":"057030R0000000000000000000000110000000100D","tipo":"Urbano","sup_m2":900.6},"geometry":{"type":"Polygon","coordinates":[[[-58.631156,-34.399578],[-58.631613,-34.399348],[-58.631508,-34.399206],[-58.631057,-34.399433],[-58.631156,-34.399578]]]}},{"type":"Feature","properties":{"partida":"057019696","cca":"057030R0000000000000000000000110000000100E","tipo":"Urbano","sup_m2":926.0},"geometry":{"type":"Polygon","coordinates":[[[-58.630946,-34.399286],[-58.631057,-34.399433],[-58.631508,-34.399206],[-58.631399,-34.399061],[-58.630946,-34.399286]]]}},{"type":"Feature","properties":{"partida":"057019697","cca":"057030R0000000000000000000000110000000100F","tipo":"Urbano","sup_m2":870.0},"geometry":{"type":"Polygon","coordinates":[[[-58.631399,-34.399061],[-58.631298,-34.398923],[-58.630846,-34.399148],[-58.630946,-34.399286],[-58.631399,-34.399061]]]}},{"type":"Feature","properties":{"partida":"057052727","cca":"057030R0000000000000000000000110000000100G","tipo":"Urbano","sup_m2":904.7},"geometry":{"type":"Polygon","coordinates":[[[-58.630741,-34.399005],[-58.630846,-34.399148],[-58.631298,-34.398923],[-58.631195,-34.398778],[-58.630741,-34.399005]]]}},{"type":"Feature","properties":{"partida":"057052728","cca":"057030R0000000000000000000000110000000100H","tipo":"Urbano","sup_m2":892.2},"geometry":{"type":"Polygon","coordinates":[[[-58.630741,-34.399005],[-58.631195,-34.398778],[-58.631091,-34.398636],[-58.630641,-34.398862],[-58.630741,-34.399005]]]}},{"type":"Feature","properties":{"partida":"057058588","cca":"057030R0000000000000000000000110000000100J","tipo":"Urbano","sup_m2":917.0},"geometry":{"type":"Polygon","coordinates":[[[-58.630641,-34.398862],[-58.631091,-34.398636],[-58.630984,-34.398491],[-58.630532,-34.398717],[-58.630641,-34.398862]]]}},{"type":"Feature","properties":{"partida":"057016581","cca":"057030R00000000000000000000001100000002000","tipo":"Urbano","sup_m2":980.1},"geometry":{"type":"Polygon","coordinates":[[[-58.630027,-34.398969],[-58.630532,-34.398717],[-58.630432,-34.398578],[-58.629924,-34.398828],[-58.630027,-34.398969]]]}},{"type":"Feature","properties":{"partida":"057016582","cca":"057030R00000000000000000000001100000003000","tipo":"Urbano","sup_m2":1027.0},"geometry":{"type":"Polygon","coordinates":[[[-58.630641,-34.398862],[-58.630532,-34.398717],[-58.630027,-34.398969],[-58.630133,-34.399114],[-58.630641,-34.398862]]]}},{"type":"Feature","properties":{"partida":"057016583","cca":"057030R00000000000000000000001100000004000","tipo":"Urbano","sup_m2":998.8},"geometry":{"type":"Polygon","coordinates":[[[-58.630133,-34.399114],[-58.630236,-34.399257],[-58.630741,-34.399005],[-58.630641,-34.398862],[-58.630133,-34.399114]]]}},{"type":"Feature","properties":{"partida":"057016584","cca":"057030R00000000000000000000001100000005000","tipo":"Urbano","sup_m2":1008.0},"geometry":{"type":"Polygon","coordinates":[[[-58.630341,-34.3994],[-58.630846,-34.399148],[-58.630741,-34.399005],[-58.630236,-34.399257],[-58.630341,-34.3994]]]}},{"type":"Feature","properties":{"partida":"057016585","cca":"057030R00000000000000000000001100000006000","tipo":"Urbano","sup_m2":969.1},"geometry":{"type":"Polygon","coordinates":[[[-58.630443,-34.399538],[-58.630946,-34.399286],[-58.630846,-34.399148],[-58.630341,-34.3994],[-58.630443,-34.399538]]]}},{"type":"Feature","properties":{"partida":"057016586","cca":"057030R00000000000000000000001100000007000","tipo":"Urbano","sup_m2":1039.5},"geometry":{"type":"Polygon","coordinates":[[[-58.630443,-34.399538],[-58.630549,-34.399686],[-58.631057,-34.399433],[-58.630946,-34.399286],[-58.630443,-34.399538]]]}},{"type":"Feature","properties":{"partida":"057016587","cca":"057030R00000000000000000000001100000008000","tipo":"Urbano","sup_m2":1008.1},"geometry":{"type":"Polygon","coordinates":[[[-58.631156,-34.399578],[-58.631057,-34.399433],[-58.630549,-34.399686],[-58.630655,-34.39983],[-58.631156,-34.399578]]]}},{"type":"Feature","properties":{"partida":"057016588","cca":"057030R00000000000000000000001100000009000","tipo":"Urbano","sup_m2":999.5},"geometry":{"type":"Polygon","coordinates":[[[-58.630655,-34.39983],[-58.630745,-34.399953],[-58.630786,-34.399959],[-58.631264,-34.399718],[-58.631156,-34.399578],[-58.630655,-34.39983]]]}},{"type":"Feature","properties":{"partida":"057016600","cca":"057030R00000000000000000000001110000001000","tipo":"Urbano","sup_m2":2553.9},"geometry":{"type":"Polygon","coordinates":[[[-58.629087,-34.399222],[-58.629707,-34.398901],[-58.629569,-34.398715],[-58.629513,-34.398698],[-58.628857,-34.398893],[-58.628922,-34.399177],[-58.629087,-34.399222]]]}},{"type":"Feature","properties":{"partida":"057016589","cca":"057030R00000000000000000000001110000002000","tipo":"Urbano","sup_m2":2143.2},"geometry":{"type":"Polygon","coordinates":[[[-58.629308,-34.400661],[-58.629558,-34.400531],[-58.62921,-34.400054],[-58.629048,-34.400174],[-58.628926,-34.400492],[-58.628966,-34.40052],[-58.629308,-34.400661]]]}},{"type":"Feature","properties":{"partida":"057016590","cca":"057030R00000000000000000000001110000003000","tipo":"Urbano","sup_m2":1179.0},"geometry":{"type":"Polygon","coordinates":[[[-58.62973,-34.400445],[-58.62936,-34.399938],[-58.62921,-34.400054],[-58.629558,-34.400531],[-58.62973,-34.400445]]]}},{"type":"Feature","properties":{"partida":"057016591","cca":"057030R00000000000000000000001110000004000","tipo":"Urbano","sup_m2":1255.5},"geometry":{"type":"Polygon","coordinates":[[[-58.6299,-34.400357],[-58.629512,-34.39982],[-58.62936,-34.399938],[-58.62973,-34.400445],[-58.6299,-34.400357]]]}},{"type":"Feature","properties":{"partida":"057016592","cca":"057030R00000000000000000000001110000005000","tipo":"Urbano","sup_m2":1321.9},"geometry":{"type":"Polygon","coordinates":[[[-58.630071,-34.400273],[-58.629972,-34.400129],[-58.629659,-34.399703],[-58.629512,-34.39982],[-58.6299,-34.400357],[-58.630071,-34.400273]]]}},{"type":"Feature","properties":{"partida":"057016593","cca":"057030R00000000000000000000001110000006000","tipo":"Urbano","sup_m2":922.8},"geometry":{"type":"Polygon","coordinates":[[[-58.629972,-34.400129],[-58.630071,-34.400273],[-58.630504,-34.400054],[-58.63052,-34.400003],[-58.630435,-34.399894],[-58.629972,-34.400129]]]}},{"type":"Feature","properties":{"partida":"057016594","cca":"057030R00000000000000000000001110000007000","tipo":"Urbano","sup_m2":946.3},"geometry":{"type":"Polygon","coordinates":[[[-58.630331,-34.399746],[-58.629865,-34.399986],[-58.629972,-34.400129],[-58.630435,-34.399894],[-58.630331,-34.399746]]]}},{"type":"Feature","properties":{"partida":"057016595","cca":"057030R00000000000000000000001110000008000","tipo":"Urbano","sup_m2":902.6},"geometry":{"type":"Polygon","coordinates":[[[-58.630227,-34.39961],[-58.629765,-34.399846],[-58.629865,-34.399986],[-58.630331,-34.399746],[-58.630227,-34.39961]]]}},{"type":"Feature","properties":{"partida":"057016596","cca":"057030R00000000000000000000001110000009000","tipo":"Urbano","sup_m2":1515.8},"geometry":{"type":"Polygon","coordinates":[[[-58.630022,-34.39933],[-58.629773,-34.399448],[-58.62979,-34.399598],[-58.629659,-34.399703],[-58.629765,-34.399846],[-58.630227,-34.39961],[-58.630022,-34.39933]]]}},{"type":"Feature","properties":{"partida":"057016597","cca":"057030R00000000000000000000001110000010000","tipo":"Urbano","sup_m2":552.0},"geometry":{"type":"Polygon","coordinates":[[[-58.630022,-34.39933],[-58.629912,-34.399182],[-58.629576,-34.399354],[-58.629768,-34.399411],[-58.629773,-34.399448],[-58.630022,-34.39933]]]}},{"type":"Feature","properties":{"partida":"057016598","cca":"057030R00000000000000000000001110000011000","tipo":"Urbano","sup_m2":791.0},"geometry":{"type":"Polygon","coordinates":[[[-58.629334,-34.399289],[-58.629576,-34.399354],[-58.629912,-34.399182],[-58.629813,-34.399042],[-58.629334,-34.399289]]]}},{"type":"Feature","properties":{"partida":"057016599","cca":"057030R00000000000000000000001110000012000","tipo":"Urbano","sup_m2":1096.4},"geometry":{"type":"Polygon","coordinates":[[[-58.629707,-34.398901],[-58.629087,-34.399222],[-58.629334,-34.399289],[-58.629813,-34.399042],[-58.629707,-34.398901]]]}},{"type":"Feature","properties":{"partida":"057012107","cca":"057030R00000000000000000000001110000013000","tipo":"Urbano","sup_m2":615.0},"geometry":{"type":"Polygon","coordinates":[[[-58.629308,-34.400661],[-58.628966,-34.40052],[-58.628929,-34.400833],[-58.628988,-34.400828],[-58.629308,-34.400661]]]}},{"type":"Feature","properties":{"partida":"057019718","cca":"057030R00000000000000000000001230000002000","tipo":"Urbano","sup_m2":691.4},"geometry":{"type":"Polygon","coordinates":[[[-58.632031,-34.399666],[-58.632369,-34.399497],[-58.63226,-34.399347],[-58.631953,-34.399505],[-58.631942,-34.399544],[-58.632031,-34.399666]]]}},{"type":"Feature","properties":{"partida":"057019719","cca":"057030R00000000000000000000001230000003000","tipo":"Urbano","sup_m2":693.4},"geometry":{"type":"Polygon","coordinates":[[[-58.632139,-34.399813],[-58.632477,-34.399644],[-58.632369,-34.399497],[-58.632031,-34.399666],[-58.632139,-34.399813]]]}},{"type":"Feature","properties":{"partida":"057019720","cca":"057030R00000000000000000000001230000004000","tipo":"Urbano","sup_m2":685.4},"geometry":{"type":"Polygon","coordinates":[[[-58.632245,-34.399958],[-58.632583,-34.399789],[-58.632477,-34.399644],[-58.632139,-34.399813],[-58.632245,-34.399958]]]}},{"type":"Feature","properties":{"partida":"057019721","cca":"057030R00000000000000000000001230000005000","tipo":"Urbano","sup_m2":700.4},"geometry":{"type":"Polygon","coordinates":[[[-58.632354,-34.400107],[-58.632692,-34.399938],[-58.632583,-34.399789],[-58.632245,-34.399958],[-58.632354,-34.400107]]]}},{"type":"Feature","properties":{"partida":"057019722","cca":"057030R00000000000000000000001230000006000","tipo":"Urbano","sup_m2":706.7},"geometry":{"type":"Polygon","coordinates":[[[-58.632464,-34.400257],[-58.632802,-34.400088],[-58.632692,-34.399938],[-58.632354,-34.400107],[-58.632464,-34.400257]]]}},{"type":"Feature","properties":{"partida":"057059575","cca":"057030R00000000000000000000001230000007000","tipo":"Urbano","sup_m2":719.4},"geometry":{"type":"Polygon","coordinates":[[[-58.632464,-34.400257],[-58.632575,-34.40041],[-58.632913,-34.400241],[-58.632802,-34.400088],[-58.632464,-34.400257]]]}},{"type":"Feature","properties":{"partida":"057019723","cca":"057030R00000000000000000000001230000008000","tipo":"Urbano","sup_m2":687.2},"geometry":{"type":"Polygon","coordinates":[[[-58.632682,-34.400556],[-58.63302,-34.400387],[-58.632913,-34.400241],[-58.632575,-34.40041],[-58.632682,-34.400556]]]}},{"type":"Feature","properties":{"partida":"057059576","cca":"057030R00000000000000000000001230000009000","tipo":"Urbano","sup_m2":733.7},"geometry":{"type":"Polygon","coordinates":[[[-58.632682,-34.400556],[-58.632779,-34.400689],[-58.632826,-34.400699],[-58.633134,-34.400544],[-58.63302,-34.400387],[-58.632682,-34.400556]]]}},{"type":"Feature","properties":{"partida":"057019706","cca":"057030R0000000000000000000000124000000100A","tipo":"Urbano","sup_m2":867.5},"geometry":{"type":"Polygon","coordinates":[[[-58.63145,-34.399987],[-58.631898,-34.399762],[-58.631819,-34.399653],[-58.631762,-34.399641],[-58.631347,-34.399846],[-58.63145,-34.399987]]]}},{"type":"Feature","properties":{"partida":"057016629","cca":"057030R0000000000000000000000124000000100B","tipo":"Urbano","sup_m2":994.3},"geometry":{"type":"Polygon","coordinates":[[[-58.63145,-34.399987],[-58.631347,-34.399846],[-58.630868,-34.400083],[-58.630859,-34.400116],[-58.630949,-34.400239],[-58.63145,-34.399987]]]}},{"type":"Feature","properties":{"partida":"057019699","cca":"057030R0000000000000000000000124000000100C","tipo":"Urbano","sup_m2":921.2},"geometry":{"type":"Polygon","coordinates":[[[-58.632074,-34.400851],[-58.63218,-34.400997],[-58.632606,-34.400786],[-58.632616,-34.400745],[-58.632527,-34.400624],[-58.632074,-34.400851]]]}},{"type":"Feature","properties":{"partida":"057019700","cca":"057030R0000000000000000000000124000000100D","tipo":"Urbano","sup_m2":924.4},"geometry":{"type":"Polygon","coordinates":[[[-58.632074,-34.400851],[-58.632527,-34.400624],[-58.63242,-34.400477],[-58.631968,-34.400705],[-58.632074,-34.400851]]]}},{"type":"Feature","properties":{"partida":"057019701","cca":"057030R0000000000000000000000124000000100E","tipo":"Urbano","sup_m2":901.6},"geometry":{"type":"Polygon","coordinates":[[[-58.631968,-34.400705],[-58.63242,-34.400477],[-58.632316,-34.400334],[-58.631865,-34.400561],[-58.631968,-34.400705]]]}},{"type":"Feature","properties":{"partida":"057019702","cca":"057030R0000000000000000000000124000000100F","tipo":"Urbano","sup_m2":899.6},"geometry":{"type":"Polygon","coordinates":[[[-58.631865,-34.400561],[-58.632316,-34.400334],[-58.632212,-34.400191],[-58.631761,-34.400418],[-58.631865,-34.400561]]]}},{"type":"Feature","properties":{"partida":"057019703","cca":"057030R0000000000000000000000124000000100G","tipo":"Urbano","sup_m2":886.8},"geometry":{"type":"Polygon","coordinates":[[[-58.631761,-34.400418],[-58.632212,-34.400191],[-58.632109,-34.40005],[-58.631659,-34.400276],[-58.631761,-34.400418]]]}},{"type":"Feature","properties":{"partida":"057019704","cca":"057030R0000000000000000000000124000000100H","tipo":"Urbano","sup_m2":898.6},"geometry":{"type":"Polygon","coordinates":[[[-58.631659,-34.400276],[-58.632109,-34.40005],[-58.632004,-34.399907],[-58.631555,-34.400133],[-58.631659,-34.400276]]]}},{"type":"Feature","properties":{"partida":"057019705","cca":"057030R0000000000000000000000124000000100J","tipo":"Urbano","sup_m2":909.2},"geometry":{"type":"Polygon","coordinates":[[[-58.631555,-34.400133],[-58.632004,-34.399907],[-58.631898,-34.399762],[-58.63145,-34.399987],[-58.631555,-34.400133]]]}},{"type":"Feature","properties":{"partida":"057016630","cca":"057030R00000000000000000000001240000002000","tipo":"Urbano","sup_m2":1013.9},"geometry":{"type":"Polygon","coordinates":[[[-58.631555,-34.400133],[-58.63145,-34.399987],[-58.630949,-34.400239],[-58.631054,-34.400384],[-58.631555,-34.400133]]]}},{"type":"Feature","properties":{"partida":"057016631","cca":"057030R00000000000000000000001240000003000","tipo":"Urbano","sup_m2":999.3},"geometry":{"type":"Polygon","coordinates":[[[-58.631659,-34.400276],[-58.631555,-34.400133],[-58.631054,-34.400384],[-58.631159,-34.400528],[-58.631659,-34.400276]]]}},{"type":"Feature","properties":{"partida":"057016632","cca":"057030R00000000000000000000001240000004000","tipo":"Urbano","sup_m2":983.2},"geometry":{"type":"Polygon","coordinates":[[[-58.631761,-34.400418],[-58.631659,-34.400276],[-58.631159,-34.400528],[-58.631262,-34.400669],[-58.631761,-34.400418]]]}},{"type":"Feature","properties":{"partida":"057016633","cca":"057030R00000000000000000000001240000005000","tipo":"Urbano","sup_m2":994.7},"geometry":{"type":"Polygon","coordinates":[[[-58.631865,-34.400561],[-58.631761,-34.400418],[-58.631262,-34.400669],[-58.631366,-34.400812],[-58.631865,-34.400561]]]}},{"type":"Feature","properties":{"partida":"057016634","cca":"057030R00000000000000000000001240000006000","tipo":"Urbano","sup_m2":993.8},"geometry":{"type":"Polygon","coordinates":[[[-58.631968,-34.400705],[-58.631865,-34.400561],[-58.631366,-34.400812],[-58.63147,-34.400955],[-58.631968,-34.400705]]]}},{"type":"Feature","properties":{"partida":"057016635","cca":"057030R00000000000000000000001240000007000","tipo":"Urbano","sup_m2":1016.6},"geometry":{"type":"Polygon","coordinates":[[[-58.632074,-34.400851],[-58.631968,-34.400705],[-58.63147,-34.400955],[-58.631577,-34.401101],[-58.632074,-34.400851]]]}},{"type":"Feature","properties":{"partida":"057016636","cca":"057030R00000000000000000000001240000008000","tipo":"Urbano","sup_m2":1000.7},"geometry":{"type":"Polygon","coordinates":[[[-58.632074,-34.400851],[-58.631577,-34.401101],[-58.631673,-34.401233],[-58.631702,-34.401235],[-58.63218,-34.400997],[-58.632074,-34.400851]]]}},{"type":"Feature","properties":{"partida":"057016601","cca":"057030R00000000000000000000001250000001000","tipo":"Urbano","sup_m2":900.1},"geometry":{"type":"Polygon","coordinates":[[[-58.630371,-34.400535],[-58.630826,-34.400308],[-58.630741,-34.400191],[-58.630694,-34.400178],[-58.630266,-34.400393],[-58.630371,-34.400535]]]}},{"type":"Feature","properties":{"partida":"057016602","cca":"057030R00000000000000000000001250000002000","tipo":"Urbano","sup_m2":1073.5},"geometry":{"type":"Polygon","coordinates":[[[-58.630584,-34.400822],[-58.630266,-34.400393],[-58.630089,-34.400482],[-58.630406,-34.400913],[-58.630584,-34.400822]]]}},{"type":"Feature","properties":{"partida":"057016603","cca":"057030R00000000000000000000001250000003000","tipo":"Urbano","sup_m2":1266.4},"geometry":{"type":"Polygon","coordinates":[[[-58.630508,-34.401051],[-58.630089,-34.400482],[-58.629923,-34.400565],[-58.630245,-34.401014],[-58.630427,-34.401092],[-58.630508,-34.401051]]]}},{"type":"Feature","properties":{"partida":"057016604","cca":"057030R0000000000000000000000125000000400A","tipo":"Urbano","sup_m2":1029.7},"geometry":{"type":"Polygon","coordinates":[[[-58.630245,-34.401014],[-58.629923,-34.400565],[-58.629593,-34.400731],[-58.630164,-34.400978],[-58.630245,-34.401014]]]}},{"type":"Feature","properties":{"partida":"057031707","cca":"057030R0000000000000000000000125000000400B","tipo":"Urbano","sup_m2":515.7},"geometry":{"type":"Polygon","coordinates":[[[-58.629727,-34.400975],[-58.629819,-34.400829],[-58.629593,-34.400731],[-58.629403,-34.400826],[-58.629727,-34.400975]]]}},{"type":"Feature","properties":{"partida":"057031706","cca":"057030R00000000000000000000001250000005000","tipo":"Urbano","sup_m2":744.1},"geometry":{"type":"Polygon","coordinates":[[[-58.629727,-34.400975],[-58.629403,-34.400826],[-58.629229,-34.400913],[-58.629228,-34.400944],[-58.629635,-34.401123],[-58.629727,-34.400975]]]}},{"type":"Feature","properties":{"partida":"057031705","cca":"057030R00000000000000000000001250000006000","tipo":"Urbano","sup_m2":681.2},"geometry":{"type":"Polygon","coordinates":[[[-58.629819,-34.400829],[-58.629635,-34.401123],[-58.62981,-34.4012],[-58.63,-34.400907],[-58.629819,-34.400829]]]}},{"type":"Feature","properties":{"partida":"057031704","cca":"057030R00000000000000000000001250000007000","tipo":"Urbano","sup_m2":630.8},"geometry":{"type":"Polygon","coordinates":[[[-58.63,-34.400907],[-58.62981,-34.4012],[-58.629976,-34.401272],[-58.630164,-34.400978],[-58.63,-34.400907]]]}},{"type":"Feature","properties":{"partida":"057031703","cca":"057030R00000000000000000000001250000008000","tipo":"Urbano","sup_m2":664.3},"geometry":{"type":"Polygon","coordinates":[[[-58.630337,-34.401053],[-58.630164,-34.400978],[-58.629976,-34.401272],[-58.630149,-34.401348],[-58.630337,-34.401053]]]}},{"type":"Feature","properties":{"partida":"057031702","cca":"057030R00000000000000000000001250000009000","tipo":"Urbano","sup_m2":668.5},"geometry":{"type":"Polygon","coordinates":[[[-58.630512,-34.401129],[-58.630337,-34.401053],[-58.630149,-34.401348],[-58.63032,-34.401423],[-58.630512,-34.401129]]]}},{"type":"Feature","properties":{"partida":"057031701","cca":"057030R00000000000000000000001250000010000","tipo":"Urbano","sup_m2":637.7},"geometry":{"type":"Polygon","coordinates":[[[-58.630676,-34.4012],[-58.630512,-34.401129],[-58.63032,-34.401423],[-58.630486,-34.401496],[-58.630676,-34.4012]]]}},{"type":"Feature","properties":{"partida":"057031700","cca":"057030R00000000000000000000001250000011000","tipo":"Urbano","sup_m2":1014.0},"geometry":{"type":"Polygon","coordinates":[[[-58.630676,-34.4012],[-58.630486,-34.401496],[-58.630569,-34.401613],[-58.630946,-34.401421],[-58.630837,-34.40127],[-58.630676,-34.4012]]]}},{"type":"Feature","properties":{"partida":"057031699","cca":"057030R00000000000000000000001250000012000","tipo":"Urbano","sup_m2":687.1},"geometry":{"type":"Polygon","coordinates":[[[-58.630946,-34.401421],[-58.630569,-34.401613],[-58.630647,-34.401724],[-58.630697,-34.401727],[-58.63104,-34.401553],[-58.630946,-34.401421]]]}},{"type":"Feature","properties":{"partida":"057016605","cca":"057030R00000000000000000000001250000013000","tipo":"Urbano","sup_m2":1002.1},"geometry":{"type":"Polygon","coordinates":[[[-58.630939,-34.401412],[-58.63104,-34.401553],[-58.631521,-34.401311],[-58.631534,-34.401276],[-58.631445,-34.401154],[-58.630939,-34.401412]]]}},{"type":"Feature","properties":{"partida":"057016606","cca":"057030R00000000000000000000001250000014000","tipo":"Urbano","sup_m2":1008.0},"geometry":{"type":"Polygon","coordinates":[[[-58.630939,-34.401412],[-58.631445,-34.401154],[-58.631339,-34.40101],[-58.630837,-34.40127],[-58.630939,-34.401412]]]}},{"type":"Feature","properties":{"partida":"057016607","cca":"057030R00000000000000000000001250000015000","tipo":"Urbano","sup_m2":1058.9},"geometry":{"type":"Polygon","coordinates":[[[-58.630837,-34.40127],[-58.631339,-34.40101],[-58.631241,-34.400875],[-58.630636,-34.401183],[-58.630837,-34.40127]]]}},{"type":"Feature","properties":{"partida":"057016608","cca":"057030R00000000000000000000001250000016000","tipo":"Urbano","sup_m2":1311.4},"geometry":{"type":"Polygon","coordinates":[[[-58.631137,-34.400733],[-58.630427,-34.401092],[-58.630636,-34.401183],[-58.631241,-34.400875],[-58.631137,-34.400733]]]}},{"type":"Feature","properties":{"partida":"057016609","cca":"057030R00000000000000000000001250000017000","tipo":"Urbano","sup_m2":1229.0},"geometry":{"type":"Polygon","coordinates":[[[-58.631034,-34.400592],[-58.630406,-34.400913],[-58.630508,-34.401051],[-58.631137,-34.400733],[-58.631034,-34.400592]]]}},{"type":"Feature","properties":{"partida":"057016610","cca":"057030R00000000000000000000001250000018000","tipo":"Urbano","sup_m2":933.3},"geometry":{"type":"Polygon","coordinates":[[[-58.630475,-34.400674],[-58.630584,-34.400822],[-58.631034,-34.400592],[-58.630927,-34.400445],[-58.630475,-34.400674]]]}},{"type":"Feature","properties":{"partida":"057016611","cca":"057030R00000000000000000000001250000019000","tipo":"Urbano","sup_m2":877.8},"geometry":{"type":"Polygon","coordinates":[[[-58.630371,-34.400535],[-58.630475,-34.400674],[-58.630927,-34.400445],[-58.630826,-34.400308],[-58.630371,-34.400535]]]}},{"type":"Feature","properties":{"partida":"057031708","cca":"057030R00000000000000000000001260000001000","tipo":"Urbano","sup_m2":914.0},"geometry":{"type":"Polygon","coordinates":[[[-58.629137,-34.401374],[-58.629306,-34.401105],[-58.628987,-34.400964],[-58.628936,-34.40129],[-58.629137,-34.401374]]]}},{"type":"Feature","properties":{"partida":"057010270","cca":"057030R00000000000000000000001260000002000","tipo":"Urbano","sup_m2":510.7},"geometry":{"type":"Polygon","coordinates":[[[-58.629352,-34.401559],[-58.629449,-34.401511],[-58.629042,-34.401334],[-58.62901,-34.401514],[-58.629352,-34.401559]]]}},{"type":"Feature","properties":{"partida":"057021927","cca":"057030R00000000000000000000001260000003000","tipo":"Urbano","sup_m2":385.3},"geometry":{"type":"Polygon","coordinates":[[[-58.629352,-34.401559],[-58.62901,-34.401514],[-58.628989,-34.401648],[-58.629037,-34.401715],[-58.629352,-34.401559]]]}},{"type":"Feature","properties":{"partida":"057021928","cca":"057030R00000000000000000000001260000004000","tipo":"Urbano","sup_m2":471.0},"geometry":{"type":"Polygon","coordinates":[[[-58.629561,-34.401558],[-58.629449,-34.401511],[-58.629037,-34.401715],[-58.629094,-34.401794],[-58.629561,-34.401558]]]}},{"type":"Feature","properties":{"partida":"057021929","cca":"057030R00000000000000000000001260000005000","tipo":"Urbano","sup_m2":545.8},"geometry":{"type":"Polygon","coordinates":[[[-58.62968,-34.401609],[-58.629561,-34.401558],[-58.629094,-34.401794],[-58.62915,-34.40187],[-58.62968,-34.401609]]]}},{"type":"Feature","properties":{"partida":"057021930","cca":"057030R00000000000000000000001260000006000","tipo":"Urbano","sup_m2":566.6},"geometry":{"type":"Polygon","coordinates":[[[-58.62968,-34.401609],[-58.62915,-34.40187],[-58.629205,-34.401943],[-58.629786,-34.401655],[-58.62968,-34.401609]]]}},{"type":"Feature","properties":{"partida":"057021931","cca":"057030R00000000000000000000001260000007000","tipo":"Urbano","sup_m2":587.1},"geometry":{"type":"Polygon","coordinates":[[[-58.629776,-34.401772],[-58.629717,-34.401691],[-58.629205,-34.401943],[-58.629266,-34.402027],[-58.629776,-34.401772]]]}},{"type":"Feature","properties":{"partida":"057021932","cca":"057030R00000000000000000000001260000008000","tipo":"Urbano","sup_m2":431.9},"geometry":{"type":"Polygon","coordinates":[[[-58.629724,-34.401904],[-58.629669,-34.401826],[-58.629266,-34.402027],[-58.629321,-34.402104],[-58.629724,-34.401904]]]}},{"type":"Feature","properties":{"partida":"057021933","cca":"057030R00000000000000000000001260000009000","tipo":"Urbano","sup_m2":307.0},"geometry":{"type":"Polygon","coordinates":[[[-58.629658,-34.402043],[-58.629602,-34.401965],[-58.629321,-34.402104],[-58.629378,-34.402184],[-58.629658,-34.402043]]]}},{"type":"Feature","properties":{"partida":"057021934","cca":"057030R00000000000000000000001260000010000","tipo":"Urbano","sup_m2":310.6},"geometry":{"type":"Polygon","coordinates":[[[-58.629716,-34.402121],[-58.629658,-34.402043],[-58.629378,-34.402184],[-58.629439,-34.402263],[-58.629716,-34.402121]]]}},{"type":"Feature","properties":{"partida":"057021935","cca":"057030R00000000000000000000001260000011000","tipo":"Urbano","sup_m2":289.4},"geometry":{"type":"Polygon","coordinates":[[[-58.629716,-34.402121],[-58.629439,-34.402263],[-58.629473,-34.402313],[-58.629525,-34.402324],[-58.629768,-34.402199],[-58.629716,-34.402121]]]}},{"type":"Feature","properties":{"partida":"057021936","cca":"057030R00000000000000000000001260000012000","tipo":"Urbano","sup_m2":391.7},"geometry":{"type":"Polygon","coordinates":[[[-58.629768,-34.402199],[-58.62989,-34.402139],[-58.629724,-34.401904],[-58.629602,-34.401965],[-58.629716,-34.402121],[-58.629768,-34.402199]]]}},{"type":"Feature","properties":{"partida":"057021937","cca":"057030R00000000000000000000001260000013000","tipo":"Urbano","sup_m2":482.5},"geometry":{"type":"Polygon","coordinates":[[[-58.629776,-34.401772],[-58.629669,-34.401826],[-58.62989,-34.402139],[-58.630005,-34.40208],[-58.629776,-34.401772]]]}},{"type":"Feature","properties":{"partida":"057021938","cca":"057030R00000000000000000000001260000014000","tipo":"Urbano","sup_m2":552.8},"geometry":{"type":"Polygon","coordinates":[[[-58.629856,-34.401684],[-58.629786,-34.401655],[-58.629717,-34.401691],[-58.630005,-34.40208],[-58.630106,-34.402029],[-58.629856,-34.401684]]]}},{"type":"Feature","properties":{"partida":"057021939","cca":"057030R00000000000000000000001260000015000","tipo":"Urbano","sup_m2":391.2},"geometry":{"type":"Polygon","coordinates":[[[-58.629856,-34.401684],[-58.630106,-34.402029],[-58.630207,-34.40198],[-58.63011,-34.401843],[-58.63005,-34.401765],[-58.629856,-34.401684]]]}},{"type":"Feature","properties":{"partida":"057031715","cca":"057030R00000000000000000000001260000016000","tipo":"Urbano","sup_m2":630.8},"geometry":{"type":"Polygon","coordinates":[[[-58.630447,-34.401673],[-58.63011,-34.401843],[-58.630207,-34.40198],[-58.630516,-34.401821],[-58.630526,-34.401778],[-58.630447,-34.401673]]]}},{"type":"Feature","properties":{"partida":"057031714","cca":"057030R00000000000000000000001260000017000","tipo":"Urbano","sup_m2":685.8},"geometry":{"type":"Polygon","coordinates":[[[-58.630208,-34.401509],[-58.63005,-34.401765],[-58.63011,-34.401843],[-58.630447,-34.401673],[-58.630379,-34.401582],[-58.630208,-34.401509]]]}},{"type":"Feature","properties":{"partida":"057031713","cca":"057030R00000000000000000000001260000018000","tipo":"Urbano","sup_m2":591.0},"geometry":{"type":"Polygon","coordinates":[[[-58.630032,-34.401431],[-58.629871,-34.40169],[-58.63005,-34.401765],[-58.630208,-34.401509],[-58.630032,-34.401431]]]}},{"type":"Feature","properties":{"partida":"057031712","cca":"057030R00000000000000000000001260000019000","tipo":"Urbano","sup_m2":598.4},"geometry":{"type":"Polygon","coordinates":[[[-58.629853,-34.401351],[-58.629696,-34.401615],[-58.629871,-34.40169],[-58.630032,-34.401431],[-58.629853,-34.401351]]]}},{"type":"Feature","properties":{"partida":"057031711","cca":"057030R00000000000000000000001260000020000","tipo":"Urbano","sup_m2":589.5},"geometry":{"type":"Polygon","coordinates":[[[-58.629522,-34.401541],[-58.629696,-34.401615],[-58.629853,-34.401351],[-58.629682,-34.401275],[-58.629522,-34.401541]]]}},{"type":"Feature","properties":{"partida":"057031710","cca":"057030R00000000000000000000001260000021000","tipo":"Urbano","sup_m2":592.8},"geometry":{"type":"Polygon","coordinates":[[[-58.629515,-34.401198],[-58.629347,-34.401467],[-58.629522,-34.401541],[-58.629682,-34.401275],[-58.629515,-34.401198]]]}},{"type":"Feature","properties":{"partida":"057031709","cca":"057030R00000000000000000000001260000022000","tipo":"Urbano","sup_m2":734.3},"geometry":{"type":"Polygon","coordinates":[[[-58.629515,-34.401198],[-58.629306,-34.401105],[-58.629137,-34.401374],[-58.629347,-34.401467],[-58.629515,-34.401198]]]}},{"type":"Feature","properties":{"partida":"057021940","cca":"057030R00000000000000000000001270000001000","tipo":"Urbano","sup_m2":476.9},"geometry":{"type":"Polygon","coordinates":[[[-58.628929,-34.402075],[-58.629082,-34.402002],[-58.628942,-34.401808],[-58.628888,-34.401801],[-58.628758,-34.401883],[-58.628929,-34.402075]]]}},{"type":"Feature","properties":{"partida":"057021941","cca":"057030R00000000000000000000001270000002000","tipo":"Urbano","sup_m2":338.1},"geometry":{"type":"Polygon","coordinates":[[[-58.628929,-34.402075],[-58.628758,-34.401883],[-58.628643,-34.401953],[-58.628812,-34.402137],[-58.628929,-34.402075]]]}},{"type":"Feature","properties":{"partida":"057021942","cca":"057030R00000000000000000000001270000003000","tipo":"Urbano","sup_m2":355.9},"geometry":{"type":"Polygon","coordinates":[[[-58.628794,-34.402264],[-58.628885,-34.402217],[-58.628643,-34.401953],[-58.628558,-34.402004],[-58.628794,-34.402264]]]}},{"type":"Feature","properties":{"partida":"057021943","cca":"057030R00000000000000000000001270000004000","tipo":"Urbano","sup_m2":476.8},"geometry":{"type":"Polygon","coordinates":[[[-58.628826,-34.402354],[-58.628856,-34.402336],[-58.628794,-34.402264],[-58.628558,-34.402004],[-58.628468,-34.40206],[-58.628759,-34.402386],[-58.628826,-34.402354]]]}},{"type":"Feature","properties":{"partida":"057021944","cca":"057030R00000000000000000000001270000005000","tipo":"Urbano","sup_m2":765.3},"geometry":{"type":"Polygon","coordinates":[[[-58.628529,-34.402502],[-58.628759,-34.402386],[-58.628468,-34.40206],[-58.628382,-34.402113],[-58.628529,-34.402502]]]}},{"type":"Feature","properties":{"partida":"057050539","cca":"057030R00000000000000000000001270000006000","tipo":"Urbano","sup_m2":1176.9},"geometry":{"type":"Polygon","coordinates":[[[-58.628578,-34.402626],[-58.628382,-34.402113],[-58.628327,-34.40198],[-58.628286,-34.402023],[-58.628248,-34.40208],[-58.628239,-34.402105],[-58.628236,-34.40213],[-58.628242,-34.402172],[-58.628237,-34.402214],[-58.628229,-34.402243],[-58.628393,-34.402676],[-58.628578,-34.402626]]]}},{"type":"Feature","properties":{"partida":"057066034","cca":"057030R00000000000000000000001270000007000","tipo":"Urbano","sup_m2":488.7},"geometry":{"type":"Polygon","coordinates":[[[-58.628285,-34.402705],[-58.628393,-34.402676],[-58.628229,-34.402243],[-58.628206,-34.402276],[-58.6282,-34.402295],[-58.62818,-34.402311],[-58.628136,-34.402319],[-58.628285,-34.402705]]]}},{"type":"Feature","properties":{"partida":"057066035","cca":"057030R00000000000000000000001270000008000","tipo":"Urbano","sup_m2":470.4},"geometry":{"type":"Polygon","coordinates":[[[-58.628173,-34.402737],[-58.628285,-34.402705],[-58.628136,-34.402319],[-58.628092,-34.402347],[-58.628084,-34.40236],[-58.628068,-34.402371],[-58.628035,-34.402384],[-58.628173,-34.402737]]]}},{"type":"Feature","properties":{"partida":"057066036","cca":"057030R0000000000000000000000127000000900A","tipo":"Urbano","sup_m2":410.4},"geometry":{"type":"Polygon","coordinates":[[[-58.628173,-34.402737],[-58.628035,-34.402384],[-58.627993,-34.402396],[-58.627956,-34.402413],[-58.627934,-34.402418],[-58.628068,-34.402764],[-58.628173,-34.402737]]]}},{"type":"Feature","properties":{"partida":"057066037","cca":"057030R0000000000000000000000127000000900B","tipo":"Urbano","sup_m2":378.8},"geometry":{"type":"Polygon","coordinates":[[[-58.628068,-34.402764],[-58.627934,-34.402418],[-58.627889,-34.402425],[-58.627879,-34.402433],[-58.627868,-34.402436],[-58.62785,-34.402446],[-58.627839,-34.402446],[-58.627972,-34.402794],[-58.628068,-34.402764]]]}},{"type":"Feature","properties":{"partida":"057021945","cca":"057030R0000000000000000000000127000001000A","tipo":"Urbano","sup_m2":467.9},"geometry":{"type":"Polygon","coordinates":[[[-58.628641,-34.402445],[-58.628529,-34.402502],[-58.628614,-34.402725],[-58.628677,-34.402751],[-58.628813,-34.402683],[-58.628641,-34.402445]]]}},{"type":"Feature","properties":{"partida":"057021946","cca":"057030R00000000000000000000001270000011000","tipo":"Urbano","sup_m2":304.0},"geometry":{"type":"Polygon","coordinates":[[[-58.628641,-34.402445],[-58.628813,-34.402683],[-58.628903,-34.402636],[-58.628735,-34.402399],[-58.628641,-34.402445]]]}},{"type":"Feature","properties":{"partida":"057021947","cca":"057030R00000000000000000000001270000012000","tipo":"Urbano","sup_m2":298.6},"geometry":{"type":"Polygon","coordinates":[[[-58.628826,-34.402354],[-58.628735,-34.402399],[-58.628903,-34.402636],[-58.628994,-34.40259],[-58.628826,-34.402354]]]}},{"type":"Feature","properties":{"partida":"057021948","cca":"057030R00000000000000000000001270000013000","tipo":"Urbano","sup_m2":309.7},"geometry":{"type":"Polygon","coordinates":[[[-58.628921,-34.402308],[-58.628856,-34.402336],[-58.628826,-34.402354],[-58.628994,-34.40259],[-58.629089,-34.402542],[-58.628921,-34.402308]]]}},{"type":"Feature","properties":{"partida":"057021949","cca":"057030R00000000000000000000001270000014000","tipo":"Urbano","sup_m2":299.1},"geometry":{"type":"Polygon","coordinates":[[[-58.629034,-34.402464],[-58.629089,-34.402542],[-58.629345,-34.40241],[-58.629354,-34.402376],[-58.629314,-34.40232],[-58.629034,-34.402464]]]}},{"type":"Feature","properties":{"partida":"057021950","cca":"057030R00000000000000000000001270000015000","tipo":"Urbano","sup_m2":315.6},"geometry":{"type":"Polygon","coordinates":[[[-58.629256,-34.402241],[-58.628974,-34.402383],[-58.629034,-34.402464],[-58.629314,-34.40232],[-58.629256,-34.402241]]]}},{"type":"Feature","properties":{"partida":"057021951","cca":"057030R00000000000000000000001270000016000","tipo":"Urbano","sup_m2":296.2},"geometry":{"type":"Polygon","coordinates":[[[-58.629201,-34.402164],[-58.628921,-34.402308],[-58.628974,-34.402383],[-58.629256,-34.402241],[-58.629201,-34.402164]]]}},{"type":"Feature","properties":{"partida":"057021952","cca":"057030R00000000000000000000001270000017000","tipo":"Urbano","sup_m2":382.4},"geometry":{"type":"Polygon","coordinates":[[[-58.629201,-34.402164],[-58.629142,-34.402086],[-58.628794,-34.402264],[-58.628856,-34.402336],[-58.628921,-34.402308],[-58.629201,-34.402164]]]}},{"type":"Feature","properties":{"partida":"057021953","cca":"057030R00000000000000000000001270000018000","tipo":"Urbano","sup_m2":315.2},"geometry":{"type":"Polygon","coordinates":[[[-58.629142,-34.402086],[-58.629082,-34.402002],[-58.628929,-34.402075],[-58.628812,-34.402137],[-58.628885,-34.402217],[-58.629142,-34.402086]]]}},{"type":"Feature","properties":{"partida":"057029192","cca":"057030R00000000000000000000001330000014000","tipo":"Urbano","sup_m2":362.3},"geometry":{"type":"Polygon","coordinates":[[[-58.644019,-34.397738],[-58.643669,-34.397905],[-58.643726,-34.397983],[-58.644053,-34.397826],[-58.644019,-34.397738]]]}},{"type":"Feature","properties":{"partida":"057029193","cca":"057030R00000000000000000000001330000015000","tipo":"Urbano","sup_m2":339.4},"geometry":{"type":"Polygon","coordinates":[[[-58.644089,-34.397913],[-58.644053,-34.397826],[-58.643726,-34.397983],[-58.643781,-34.398061],[-58.644089,-34.397913]]]}},{"type":"Feature","properties":{"partida":"057029194","cca":"057030R00000000000000000000001330000016000","tipo":"Urbano","sup_m2":339.8},"geometry":{"type":"Polygon","coordinates":[[[-58.644089,-34.397913],[-58.643781,-34.398061],[-58.643807,-34.398098],[-58.643856,-34.398116],[-58.644137,-34.398032],[-58.644089,-34.397913]]]}},{"type":"Feature","properties":{"partida":"057029195","cca":"057030R00000000000000000000001330000017000","tipo":"Urbano","sup_m2":325.4},"geometry":{"type":"Polygon","coordinates":[[[-58.644137,-34.398032],[-58.644234,-34.398006],[-58.644105,-34.397697],[-58.644019,-34.397738],[-58.644137,-34.398032]]]}},{"type":"Feature","properties":{"partida":"057029435","cca":"057030R00000000000000000000001340000010000","tipo":"Urbano","sup_m2":448.9},"geometry":{"type":"Polygon","coordinates":[[[-58.642291,-34.398033],[-58.642688,-34.397836],[-58.642651,-34.397747],[-58.642233,-34.397954],[-58.642291,-34.398033]]]}},{"type":"Feature","properties":{"partida":"057029436","cca":"057030R00000000000000000000001340000011000","tipo":"Urbano","sup_m2":514.3},"geometry":{"type":"Polygon","coordinates":[[[-58.642822,-34.397874],[-58.642786,-34.397788],[-58.642291,-34.398033],[-58.642347,-34.398109],[-58.642822,-34.397874]]]}},{"type":"Feature","properties":{"partida":"057029437","cca":"057030R00000000000000000000001340000012000","tipo":"Urbano","sup_m2":498.9},"geometry":{"type":"Polygon","coordinates":[[[-58.642859,-34.397963],[-58.642822,-34.397874],[-58.642347,-34.398109],[-58.642403,-34.398186],[-58.642859,-34.397963]]]}},{"type":"Feature","properties":{"partida":"057029438","cca":"057030R00000000000000000000001340000013000","tipo":"Urbano","sup_m2":481.4},"geometry":{"type":"Polygon","coordinates":[[[-58.642795,-34.398098],[-58.642896,-34.398051],[-58.642859,-34.397963],[-58.642403,-34.398186],[-58.642459,-34.398265],[-58.642795,-34.398098]]]}},{"type":"Feature","properties":{"partida":"057029293","cca":"057030R00000000000000000000001340000014000","tipo":"Urbano","sup_m2":351.5},"geometry":{"type":"Polygon","coordinates":[[[-58.642832,-34.398186],[-58.642795,-34.398098],[-58.642459,-34.398265],[-58.642514,-34.398342],[-58.642832,-34.398186]]]}},{"type":"Feature","properties":{"partida":"057029294","cca":"057030R00000000000000000000001340000015000","tipo":"Urbano","sup_m2":329.7},"geometry":{"type":"Polygon","coordinates":[[[-58.642868,-34.398273],[-58.642832,-34.398186],[-58.642514,-34.398342],[-58.64257,-34.39842],[-58.642868,-34.398273]]]}},{"type":"Feature","properties":{"partida":"057029295","cca":"057030R00000000000000000000001340000016000","tipo":"Urbano","sup_m2":319.9},"geometry":{"type":"Polygon","coordinates":[[[-58.642868,-34.398273],[-58.64257,-34.39842],[-58.642599,-34.398459],[-58.642638,-34.398471],[-58.642917,-34.398389],[-58.642868,-34.398273]]]}},{"type":"Feature","properties":{"partida":"057029296","cca":"057030R00000000000000000000001340000017000","tipo":"Urbano","sup_m2":358.9},"geometry":{"type":"Polygon","coordinates":[[[-58.642896,-34.398051],[-58.642795,-34.398098],[-58.642917,-34.398389],[-58.64302,-34.398358],[-58.642896,-34.398051]]]}},{"type":"Feature","properties":{"partida":"057029297","cca":"057030R00000000000000000000001340000018000","tipo":"Urbano","sup_m2":456.6},"geometry":{"type":"Polygon","coordinates":[[[-58.64302,-34.398358],[-58.64312,-34.398329],[-58.642948,-34.397915],[-58.642859,-34.397963],[-58.64302,-34.398358]]]}},{"type":"Feature","properties":{"partida":"057029428","cca":"057030R00000000000000000000001340000019000","tipo":"Urbano","sup_m2":404.7},"geometry":{"type":"Polygon","coordinates":[[[-58.643082,-34.397956],[-58.642986,-34.398006],[-58.64312,-34.398329],[-58.643228,-34.398297],[-58.643082,-34.397956]]]}},{"type":"Feature","properties":{"partida":"057029298","cca":"057030R00000000000000000000001340000020000","tipo":"Urbano","sup_m2":326.3},"geometry":{"type":"Polygon","coordinates":[[[-58.643221,-34.397997],[-58.643121,-34.398045],[-58.643228,-34.398297],[-58.643338,-34.398266],[-58.643221,-34.397997]]]}},{"type":"Feature","properties":{"partida":"057029299","cca":"057030R00000000000000000000001340000021000","tipo":"Urbano","sup_m2":339.2},"geometry":{"type":"Polygon","coordinates":[[[-58.643593,-34.39806],[-58.64331,-34.3982],[-58.643338,-34.398266],[-58.643639,-34.398181],[-58.643655,-34.398146],[-58.643593,-34.39806]]]}},{"type":"Feature","properties":{"partida":"057029300","cca":"057030R00000000000000000000001340000022000","tipo":"Urbano","sup_m2":325.6},"geometry":{"type":"Polygon","coordinates":[[[-58.643593,-34.39806],[-58.64353,-34.397974],[-58.643268,-34.398104],[-58.64331,-34.3982],[-58.643593,-34.39806]]]}},{"type":"Feature","properties":{"partida":"057029301","cca":"057030R00000000000000000000001340000023000","tipo":"Urbano","sup_m2":333.8},"geometry":{"type":"Polygon","coordinates":[[[-58.64346,-34.397877],[-58.643221,-34.397997],[-58.643268,-34.398104],[-58.64353,-34.397974],[-58.64346,-34.397877]]]}},{"type":"Feature","properties":{"partida":"057029302","cca":"057030R00000000000000000000001340000024000","tipo":"Urbano","sup_m2":362.8},"geometry":{"type":"Polygon","coordinates":[[[-58.643082,-34.397956],[-58.643121,-34.398045],[-58.64346,-34.397877],[-58.643404,-34.397799],[-58.643082,-34.397956]]]}},{"type":"Feature","properties":{"partida":"057029303","cca":"057030R00000000000000000000001340000025000","tipo":"Urbano","sup_m2":448.4},"geometry":{"type":"Polygon","coordinates":[[[-58.643082,-34.397956],[-58.643404,-34.397799],[-58.643346,-34.39772],[-58.642948,-34.397915],[-58.642986,-34.398006],[-58.643082,-34.397956]]]}},{"type":"Feature","properties":{"partida":"057029381","cca":"057030R00000000000000000000001350000002000","tipo":"Urbano","sup_m2":509.1},"geometry":{"type":"Polygon","coordinates":[[[-58.64162,-34.397934],[-58.641532,-34.397721],[-58.641308,-34.397785],[-58.641467,-34.39801],[-58.64162,-34.397934]]]}},{"type":"Feature","properties":{"partida":"057029382","cca":"057030R00000000000000000000001350000014000","tipo":"Urbano","sup_m2":484.3},"geometry":{"type":"Polygon","coordinates":[[[-58.642002,-34.398383],[-58.641807,-34.398475],[-58.641953,-34.398676],[-58.642105,-34.398631],[-58.642002,-34.398383]]]}},{"type":"Feature","properties":{"partida":"057029383","cca":"057030R00000000000000000000001350000015000","tipo":"Urbano","sup_m2":322.5},"geometry":{"type":"Polygon","coordinates":[[[-58.642083,-34.398575],[-58.642105,-34.398631],[-58.642429,-34.39854],[-58.642442,-34.398506],[-58.642385,-34.398428],[-58.642083,-34.398575]]]}},{"type":"Feature","properties":{"partida":"057029384","cca":"057030R00000000000000000000001350000016000","tipo":"Urbano","sup_m2":325.8},"geometry":{"type":"Polygon","coordinates":[[[-58.642327,-34.398346],[-58.642044,-34.398486],[-58.642083,-34.398575],[-58.642385,-34.398428],[-58.642327,-34.398346]]]}},{"type":"Feature","properties":{"partida":"057029385","cca":"057030R00000000000000000000001350000017000","tipo":"Urbano","sup_m2":342.1},"geometry":{"type":"Polygon","coordinates":[[[-58.642002,-34.398383],[-58.642044,-34.398486],[-58.642327,-34.398346],[-58.64226,-34.398255],[-58.642002,-34.398383]]]}},{"type":"Feature","properties":{"partida":"057029386","cca":"057030R00000000000000000000001350000018000","tipo":"Urbano","sup_m2":520.4},"geometry":{"type":"Polygon","coordinates":[[[-58.641747,-34.398395],[-58.641807,-34.398475],[-58.642002,-34.398383],[-58.64226,-34.398255],[-58.642202,-34.398171],[-58.641747,-34.398395]]]}},{"type":"Feature","properties":{"partida":"057029387","cca":"057030R00000000000000000000001350000019000","tipo":"Urbano","sup_m2":461.6},"geometry":{"type":"Polygon","coordinates":[[[-58.642151,-34.398098],[-58.641694,-34.39832],[-58.641747,-34.398395],[-58.642202,-34.398171],[-58.642151,-34.398098]]]}},{"type":"Feature","properties":{"partida":"057029388","cca":"057030R00000000000000000000001350000020000","tipo":"Urbano","sup_m2":518.0},"geometry":{"type":"Polygon","coordinates":[[[-58.64209,-34.398016],[-58.641634,-34.398239],[-58.641694,-34.39832],[-58.642151,-34.398098],[-58.64209,-34.398016]]]}},{"type":"Feature","properties":{"partida":"057029389","cca":"057030R00000000000000000000001350000021000","tipo":"Urbano","sup_m2":474.6},"geometry":{"type":"Polygon","coordinates":[[[-58.641579,-34.398163],[-58.641634,-34.398239],[-58.64209,-34.398016],[-58.642037,-34.397941],[-58.641579,-34.398163]]]}},{"type":"Feature","properties":{"partida":"057029431","cca":"057030R00000000000000000000001350000022000","tipo":"Urbano","sup_m2":499.9},"geometry":{"type":"Polygon","coordinates":[[[-58.641522,-34.398083],[-58.641579,-34.398163],[-58.642037,-34.397941],[-58.64198,-34.397862],[-58.641522,-34.398083]]]}},{"type":"Feature","properties":{"partida":"057029432","cca":"057030R00000000000000000000001350000023000","tipo":"Urbano","sup_m2":472.6},"geometry":{"type":"Polygon","coordinates":[[[-58.641522,-34.398083],[-58.64198,-34.397862],[-58.641926,-34.397787],[-58.641467,-34.39801],[-58.641522,-34.398083]]]}},{"type":"Feature","properties":{"partida":"057019340","cca":"057030R00000000000000000000001390000002000","tipo":"Urbano","sup_m2":647.4},"geometry":{"type":"Polygon","coordinates":[[[-58.632973,-34.400942],[-58.6333,-34.400782],[-58.633196,-34.400636],[-58.632899,-34.400782],[-58.632893,-34.400829],[-58.632973,-34.400942]]]}},{"type":"Feature","properties":{"partida":"057019713","cca":"057030R00000000000000000000001390000003000","tipo":"Urbano","sup_m2":650.6},"geometry":{"type":"Polygon","coordinates":[[[-58.63308,-34.401086],[-58.633405,-34.400924],[-58.6333,-34.400782],[-58.632973,-34.400942],[-58.63308,-34.401086]]]}},{"type":"Feature","properties":{"partida":"057019714","cca":"057030R00000000000000000000001390000004000","tipo":"Urbano","sup_m2":644.7},"geometry":{"type":"Polygon","coordinates":[[[-58.633185,-34.401229],[-58.63351,-34.401066],[-58.633405,-34.400924],[-58.63308,-34.401086],[-58.633185,-34.401229]]]}},{"type":"Feature","properties":{"partida":"057019715","cca":"057030R00000000000000000000001390000005000","tipo":"Urbano","sup_m2":641.9},"geometry":{"type":"Polygon","coordinates":[[[-58.633614,-34.401209],[-58.63351,-34.401066],[-58.633185,-34.401229],[-58.63329,-34.401369],[-58.633614,-34.401209]]]}},{"type":"Feature","properties":{"partida":"057066062","cca":"057030R00000000000000000000001390000006000","tipo":"Urbano","sup_m2":634.6},"geometry":{"type":"Polygon","coordinates":[[[-58.633391,-34.401512],[-58.633715,-34.40135],[-58.633614,-34.401209],[-58.63329,-34.401369],[-58.633391,-34.401512]]]}},{"type":"Feature","properties":{"partida":"057019716","cca":"057030R00000000000000000000001390000007000","tipo":"Urbano","sup_m2":634.1},"geometry":{"type":"Polygon","coordinates":[[[-58.633818,-34.401491],[-58.633715,-34.40135],[-58.633391,-34.401512],[-58.633496,-34.401652],[-58.633818,-34.401491]]]}},{"type":"Feature","properties":{"partida":"057066063","cca":"057030R0000000000000000000000139000000800A","tipo":"Urbano","sup_m2":2606.9},"geometry":{"type":"Polygon","coordinates":[[[-58.633818,-34.401491],[-58.633496,-34.401652],[-58.633883,-34.40218],[-58.633935,-34.402191],[-58.634267,-34.402098],[-58.633818,-34.401491]]]}},{"type":"Feature","properties":{"partida":"057019712","cca":"057030R0000000000000000000000140000000100A","tipo":"Urbano","sup_m2":902.5},"geometry":{"type":"Polygon","coordinates":[[[-58.63237,-34.40125],[-58.632821,-34.401025],[-58.632734,-34.400909],[-58.632678,-34.400898],[-58.632264,-34.401106],[-58.63237,-34.40125]]]}},{"type":"Feature","properties":{"partida":"057016621","cca":"057030R0000000000000000000000140000000100B","tipo":"Urbano","sup_m2":1011.6},"geometry":{"type":"Polygon","coordinates":[[[-58.63237,-34.40125],[-58.632264,-34.401106],[-58.631788,-34.401347],[-58.631774,-34.401386],[-58.631861,-34.401505],[-58.63237,-34.40125]]]}},{"type":"Feature","properties":{"partida":"057019707","cca":"057030R0000000000000000000000140000000100C","tipo":"Urbano","sup_m2":1912.1},"geometry":{"type":"Polygon","coordinates":[[[-58.633477,-34.402332],[-58.633015,-34.401705],[-58.632791,-34.401818],[-58.633218,-34.402403],[-58.633477,-34.402332]]]}},{"type":"Feature","properties":{"partida":"057019339","cca":"057030R0000000000000000000000140000000100D","tipo":"Urbano","sup_m2":2032.9},"geometry":{"type":"Polygon","coordinates":[[[-58.633239,-34.401591],[-58.633015,-34.401705],[-58.633477,-34.402332],[-58.633699,-34.402269],[-58.633708,-34.402225],[-58.633239,-34.401591]]]}},{"type":"Feature","properties":{"partida":"057019708","cca":"057030R0000000000000000000000140000000100E","tipo":"Urbano","sup_m2":876.4},"geometry":{"type":"Polygon","coordinates":[[[-58.632687,-34.401678],[-58.632791,-34.401818],[-58.633239,-34.401591],[-58.633136,-34.401453],[-58.632687,-34.401678]]]}},{"type":"Feature","properties":{"partida":"057019709","cca":"057030R0000000000000000000000140000000100F","tipo":"Urbano","sup_m2":899.3},"geometry":{"type":"Polygon","coordinates":[[[-58.633136,-34.401453],[-58.63303,-34.401309],[-58.63258,-34.401537],[-58.632687,-34.401678],[-58.633136,-34.401453]]]}},{"type":"Feature","properties":{"partida":"057019710","cca":"057030R0000000000000000000000140000000100G","tipo":"Urbano","sup_m2":882.7},"geometry":{"type":"Polygon","coordinates":[[[-58.632476,-34.401395],[-58.63258,-34.401537],[-58.63303,-34.401309],[-58.632927,-34.401171],[-58.632476,-34.401395]]]}},{"type":"Feature","properties":{"partida":"057019711","cca":"057030R0000000000000000000000140000000100H","tipo":"Urbano","sup_m2":912.3},"geometry":{"type":"Polygon","coordinates":[[[-58.632476,-34.401395],[-58.632927,-34.401171],[-58.632821,-34.401025],[-58.63237,-34.40125],[-58.632476,-34.401395]]]}},{"type":"Feature","properties":{"partida":"057016622","cca":"057030R00000000000000000000001400000002000","tipo":"Urbano","sup_m2":1032.4},"geometry":{"type":"Polygon","coordinates":[[[-58.63237,-34.40125],[-58.631861,-34.401505],[-58.631972,-34.40165],[-58.632476,-34.401395],[-58.63237,-34.40125]]]}},{"type":"Feature","properties":{"partida":"057016623","cca":"057030R00000000000000000000001400000003000","tipo":"Urbano","sup_m2":996.6},"geometry":{"type":"Polygon","coordinates":[[[-58.632476,-34.401395],[-58.631972,-34.40165],[-58.632075,-34.401791],[-58.63258,-34.401537],[-58.632476,-34.401395]]]}},{"type":"Feature","properties":{"partida":"057016624","cca":"057030R00000000000000000000001400000004000","tipo":"Urbano","sup_m2":1010.3},"geometry":{"type":"Polygon","coordinates":[[[-58.632179,-34.401934],[-58.632687,-34.401678],[-58.63258,-34.401537],[-58.632075,-34.401791],[-58.632179,-34.401934]]]}},{"type":"Feature","properties":{"partida":"057016625","cca":"057030R00000000000000000000001400000005000","tipo":"Urbano","sup_m2":997.9},"geometry":{"type":"Polygon","coordinates":[[[-58.632282,-34.402074],[-58.632791,-34.401818],[-58.632687,-34.401678],[-58.632179,-34.401934],[-58.632282,-34.402074]]]}},{"type":"Feature","properties":{"partida":"057016626","cca":"057030R0000000000000000000000140000000600A","tipo":"Urbano","sup_m2":569.8},"geometry":{"type":"Polygon","coordinates":[[[-58.632456,-34.401987],[-58.632282,-34.402074],[-58.632457,-34.402309],[-58.63263,-34.402224],[-58.632456,-34.401987]]]}},{"type":"Feature","properties":{"partida":"057027556","cca":"057030R0000000000000000000000140000000600B","tipo":"Urbano","sup_m2":640.6},"geometry":{"type":"Polygon","coordinates":[[[-58.632838,-34.402508],[-58.63263,-34.402224],[-58.632457,-34.402309],[-58.632633,-34.402547],[-58.632673,-34.402554],[-58.632838,-34.402508]]]}},{"type":"Feature","properties":{"partida":"057016627","cca":"057030R00000000000000000000001400000007000","tipo":"Urbano","sup_m2":1238.1},"geometry":{"type":"Polygon","coordinates":[[[-58.632456,-34.401987],[-58.632838,-34.402508],[-58.633027,-34.402456],[-58.632621,-34.401905],[-58.632456,-34.401987]]]}},{"type":"Feature","properties":{"partida":"057016628","cca":"057030R00000000000000000000001400000008000","tipo":"Urbano","sup_m2":1342.4},"geometry":{"type":"Polygon","coordinates":[[[-58.633027,-34.402456],[-58.633218,-34.402403],[-58.632791,-34.401818],[-58.632621,-34.401905],[-58.633027,-34.402456]]]}},{"type":"Feature","properties":{"partida":"057016619","cca":"057030R00000000000000000000001410000001000","tipo":"Urbano","sup_m2":985.5},"geometry":{"type":"Polygon","coordinates":[[[-58.631741,-34.401567],[-58.631663,-34.401454],[-58.631606,-34.401444],[-58.631127,-34.401683],[-58.631229,-34.40182],[-58.631741,-34.401567]]]}},{"type":"Feature","properties":{"partida":"057031722","cca":"057030R0000000000000000000000141000000200B","tipo":"Urbano","sup_m2":7286.9},"geometry":{"type":"Polygon","coordinates":[[[-58.631439,-34.402108],[-58.631127,-34.401683],[-58.630798,-34.401843],[-58.630787,-34.401878],[-58.631511,-34.402867],[-58.631552,-34.402885],[-58.631925,-34.402777],[-58.631648,-34.402396],[-58.631988,-34.402227],[-58.632158,-34.402138],[-58.631952,-34.401851],[-58.631439,-34.402108]]]}},{"type":"Feature","properties":{"partida":"057016612","cca":"057030R0000000000000000000000141000001000A","tipo":"Urbano","sup_m2":1947.5},"geometry":{"type":"Polygon","coordinates":[[[-58.631988,-34.402227],[-58.631648,-34.402396],[-58.631925,-34.402777],[-58.632309,-34.402671],[-58.631988,-34.402227]]]}},{"type":"Feature","properties":{"partida":"057016614","cca":"057030R0000000000000000000000141000001200A","tipo":"Urbano","sup_m2":845.0},"geometry":{"type":"Polygon","coordinates":[[[-58.632241,-34.402248],[-58.632068,-34.402334],[-58.632309,-34.402671],[-58.632474,-34.402624],[-58.632485,-34.402584],[-58.632241,-34.402248]]]}},{"type":"Feature","properties":{"partida":"057062774","cca":"057030R0000000000000000000000141000001200B","tipo":"Urbano","sup_m2":261.3},"geometry":{"type":"Polygon","coordinates":[[[-58.632068,-34.402334],[-58.632241,-34.402248],[-58.632158,-34.402138],[-58.631988,-34.402227],[-58.632068,-34.402334]]]}},{"type":"Feature","properties":{"partida":"057016617","cca":"057030R00000000000000000000001410000015000","tipo":"Urbano","sup_m2":1025.5},"geometry":{"type":"Polygon","coordinates":[[[-58.631335,-34.401966],[-58.631439,-34.402108],[-58.631952,-34.401851],[-58.631847,-34.401706],[-58.631335,-34.401966]]]}},{"type":"Feature","properties":{"partida":"057016618","cca":"057030R00000000000000000000001410000016000","tipo":"Urbano","sup_m2":1022.8},"geometry":{"type":"Polygon","coordinates":[[[-58.631847,-34.401706],[-58.631741,-34.401567],[-58.631229,-34.40182],[-58.631335,-34.401966],[-58.631847,-34.401706]]]}},{"type":"Feature","properties":{"partida":"057031723","cca":"057030R0000000000000000000000142000000100A","tipo":"Urbano","sup_m2":4795.1},"geometry":{"type":"Polygon","coordinates":[[[-58.630304,-34.402091],[-58.630997,-34.403048],[-58.631356,-34.40295],[-58.631372,-34.402908],[-58.630675,-34.401946],[-58.630625,-34.401933],[-58.630304,-34.402091]]]}},{"type":"Feature","properties":{"partida":"057021975","cca":"057030R00000000000000000000001420000002000","tipo":"Urbano","sup_m2":643.2},"geometry":{"type":"Polygon","coordinates":[[[-58.630304,-34.402091],[-58.630202,-34.402141],[-58.630539,-34.402601],[-58.630639,-34.402554],[-58.630304,-34.402091]]]}},{"type":"Feature","properties":{"partida":"057021976","cca":"057030R00000000000000000000001420000003000","tipo":"Urbano","sup_m2":670.8},"geometry":{"type":"Polygon","coordinates":[[[-58.630433,-34.402656],[-58.630539,-34.402601],[-58.630202,-34.402141],[-58.630099,-34.402191],[-58.630433,-34.402656]]]}},{"type":"Feature","properties":{"partida":"057021977","cca":"057030R00000000000000000000001420000004000","tipo":"Urbano","sup_m2":479.2},"geometry":{"type":"Polygon","coordinates":[[[-58.63021,-34.402556],[-58.630322,-34.4025],[-58.630099,-34.402191],[-58.629988,-34.402246],[-58.63021,-34.402556]]]}},{"type":"Feature","properties":{"partida":"057021978","cca":"057030R00000000000000000000001420000005000","tipo":"Urbano","sup_m2":394.0},"geometry":{"type":"Polygon","coordinates":[[[-58.630031,-34.402539],[-58.630153,-34.402479],[-58.629988,-34.402246],[-58.629864,-34.402306],[-58.630031,-34.402539]]]}},{"type":"Feature","properties":{"partida":"057021979","cca":"057030R00000000000000000000001420000006000","tipo":"Urbano","sup_m2":290.1},"geometry":{"type":"Polygon","coordinates":[[[-58.629638,-34.402522],[-58.629918,-34.402382],[-58.629864,-34.402306],[-58.629605,-34.402437],[-58.629598,-34.40247],[-58.629638,-34.402522]]]}},{"type":"Feature","properties":{"partida":"057021980","cca":"057030R00000000000000000000001420000007000","tipo":"Urbano","sup_m2":298.9},"geometry":{"type":"Polygon","coordinates":[[[-58.629974,-34.402457],[-58.629918,-34.402382],[-58.629638,-34.402522],[-58.629694,-34.402599],[-58.629974,-34.402457]]]}},{"type":"Feature","properties":{"partida":"057021981","cca":"057030R00000000000000000000001420000008000","tipo":"Urbano","sup_m2":311.9},"geometry":{"type":"Polygon","coordinates":[[[-58.629751,-34.402678],[-58.630031,-34.402539],[-58.629974,-34.402457],[-58.629694,-34.402599],[-58.629751,-34.402678]]]}},{"type":"Feature","properties":{"partida":"057021982","cca":"057030R00000000000000000000001420000009000","tipo":"Urbano","sup_m2":426.8},"geometry":{"type":"Polygon","coordinates":[[[-58.629806,-34.402754],[-58.63021,-34.402556],[-58.630153,-34.402479],[-58.629751,-34.402678],[-58.629806,-34.402754]]]}},{"type":"Feature","properties":{"partida":"057021983","cca":"057030R00000000000000000000001420000010000","tipo":"Urbano","sup_m2":557.2},"geometry":{"type":"Polygon","coordinates":[[[-58.629863,-34.402832],[-58.630377,-34.402579],[-58.630322,-34.4025],[-58.629806,-34.402754],[-58.629863,-34.402832]]]}},{"type":"Feature","properties":{"partida":"057021984","cca":"057030R00000000000000000000001420000011000","tipo":"Urbano","sup_m2":548.8},"geometry":{"type":"Polygon","coordinates":[[[-58.629919,-34.40291],[-58.630433,-34.402656],[-58.630377,-34.402579],[-58.629863,-34.402832],[-58.629919,-34.40291]]]}},{"type":"Feature","properties":{"partida":"057021985","cca":"057030R00000000000000000000001420000012000","tipo":"Urbano","sup_m2":529.7},"geometry":{"type":"Polygon","coordinates":[[[-58.630468,-34.402741],[-58.630433,-34.402656],[-58.629919,-34.40291],[-58.629974,-34.402985],[-58.630468,-34.402741]]]}},{"type":"Feature","properties":{"partida":"057021986","cca":"057030R00000000000000000000001420000013000","tipo":"Urbano","sup_m2":325.0},"geometry":{"type":"Polygon","coordinates":[[[-58.630034,-34.403067],[-58.630316,-34.402923],[-58.630281,-34.402834],[-58.629974,-34.402985],[-58.630034,-34.403067]]]}},{"type":"Feature","properties":{"partida":"057021987","cca":"057030R00000000000000000000001420000014000","tipo":"Urbano","sup_m2":490.2},"geometry":{"type":"Polygon","coordinates":[[[-58.630221,-34.40297],[-58.630034,-34.403067],[-58.630172,-34.403258],[-58.630211,-34.403268],[-58.63033,-34.403234],[-58.630221,-34.40297]]]}},{"type":"Feature","properties":{"partida":"057021988","cca":"057030R00000000000000000000001420000015000","tipo":"Urbano","sup_m2":316.8},"geometry":{"type":"Polygon","coordinates":[[[-58.630316,-34.402923],[-58.630221,-34.40297],[-58.63033,-34.403234],[-58.630431,-34.403204],[-58.630316,-34.402923]]]}},{"type":"Feature","properties":{"partida":"057021989","cca":"057030R00000000000000000000001420000016000","tipo":"Urbano","sup_m2":422.7},"geometry":{"type":"Polygon","coordinates":[[[-58.63053,-34.403177],[-58.630371,-34.402789],[-58.630281,-34.402834],[-58.630431,-34.403204],[-58.63053,-34.403177]]]}},{"type":"Feature","properties":{"partida":"057021990","cca":"057030R00000000000000000000001420000017000","tipo":"Urbano","sup_m2":480.8},"geometry":{"type":"Polygon","coordinates":[[[-58.630639,-34.403147],[-58.630468,-34.402741],[-58.630371,-34.402789],[-58.63053,-34.403177],[-58.630639,-34.403147]]]}},{"type":"Feature","properties":{"partida":"057021991","cca":"057030R00000000000000000000001420000018000","tipo":"Urbano","sup_m2":660.4},"geometry":{"type":"Polygon","coordinates":[[[-58.630753,-34.403116],[-58.630539,-34.402601],[-58.630433,-34.402656],[-58.630468,-34.402741],[-58.630639,-34.403147],[-58.630753,-34.403116]]]}},{"type":"Feature","properties":{"partida":"057021992","cca":"057030R00000000000000000000001420000019000","tipo":"Urbano","sup_m2":639.4},"geometry":{"type":"Polygon","coordinates":[[[-58.630861,-34.403086],[-58.630639,-34.402554],[-58.630539,-34.402601],[-58.630753,-34.403116],[-58.630861,-34.403086]]]}},{"type":"Feature","properties":{"partida":"057021993","cca":"057030R00000000000000000000001420000020000","tipo":"Urbano","sup_m2":414.6},"geometry":{"type":"Polygon","coordinates":[[[-58.630997,-34.403048],[-58.630707,-34.402647],[-58.630639,-34.402554],[-58.630861,-34.403086],[-58.630997,-34.403048]]]}},{"type":"Feature","properties":{"partida":"057021954","cca":"057030R00000000000000000000001430000001000","tipo":"Urbano","sup_m2":286.9},"geometry":{"type":"Polygon","coordinates":[[[-58.629221,-34.402743],[-58.629497,-34.402603],[-58.629463,-34.402553],[-58.629415,-34.402541],[-58.629165,-34.402668],[-58.629221,-34.402743]]]}},{"type":"Feature","properties":{"partida":"057021955","cca":"057030R00000000000000000000001430000002000","tipo":"Urbano","sup_m2":308.9},"geometry":{"type":"Polygon","coordinates":[[[-58.629333,-34.402896],[-58.629165,-34.402668],[-58.629069,-34.402716],[-58.629236,-34.402944],[-58.629333,-34.402896]]]}},{"type":"Feature","properties":{"partida":"057021956","cca":"057030R00000000000000000000001430000003000","tipo":"Urbano","sup_m2":380.4},"geometry":{"type":"Polygon","coordinates":[[[-58.629202,-34.403064],[-58.629292,-34.403019],[-58.629069,-34.402716],[-58.628979,-34.402762],[-58.629202,-34.403064]]]}},{"type":"Feature","properties":{"partida":"057021957","cca":"057030R00000000000000000000001430000004000","tipo":"Urbano","sup_m2":393.2},"geometry":{"type":"Polygon","coordinates":[[[-58.629108,-34.403111],[-58.629202,-34.403064],[-58.628979,-34.402762],[-58.628887,-34.402808],[-58.629108,-34.403111]]]}},{"type":"Feature","properties":{"partida":"057021958","cca":"057030R00000000000000000000001430000005000","tipo":"Urbano","sup_m2":410.4},"geometry":{"type":"Polygon","coordinates":[[[-58.629108,-34.403111],[-58.628887,-34.402808],[-58.628788,-34.402859],[-58.629011,-34.403158],[-58.629108,-34.403111]]]}},{"type":"Feature","properties":{"partida":"057021959","cca":"057030R00000000000000000000001430000006000","tipo":"Urbano","sup_m2":633.5},"geometry":{"type":"Polygon","coordinates":[[[-58.628815,-34.403259],[-58.629011,-34.403158],[-58.628788,-34.402859],[-58.628683,-34.402911],[-58.628815,-34.403259]]]}},{"type":"Feature","properties":{"partida":"057012436","cca":"057030R0000000000000000000000143000000700A","tipo":"Urbano","sup_m2":725.1},"geometry":{"type":"Polygon","coordinates":[[[-58.628624,-34.403259],[-58.628796,-34.403205],[-58.628683,-34.402911],[-58.62845,-34.402832],[-58.628624,-34.403259]]]}},{"type":"Feature","properties":{"partida":"057012435","cca":"057030R0000000000000000000000143000000800A","tipo":"Urbano","sup_m2":490.6},"geometry":{"type":"Polygon","coordinates":[[[-58.628519,-34.403289],[-58.628624,-34.403259],[-58.62845,-34.402832],[-58.628354,-34.40286],[-58.628519,-34.403289]]]}},{"type":"Feature","properties":{"partida":"057066038","cca":"057030R0000000000000000000000143000000800B","tipo":"Urbano","sup_m2":487.4},"geometry":{"type":"Polygon","coordinates":[[[-58.628519,-34.403289],[-58.628354,-34.40286],[-58.628254,-34.402891],[-58.628419,-34.403318],[-58.628519,-34.403289]]]}},{"type":"Feature","properties":{"partida":"057012438","cca":"057030R0000000000000000000000143000000900A","tipo":"Urbano","sup_m2":463.8},"geometry":{"type":"Polygon","coordinates":[[[-58.628419,-34.403318],[-58.628254,-34.402891],[-58.628159,-34.402921],[-58.628323,-34.403347],[-58.628419,-34.403318]]]}},{"type":"Feature","properties":{"partida":"057066039","cca":"057030R0000000000000000000000143000000900B","tipo":"Urbano","sup_m2":734.3},"geometry":{"type":"Polygon","coordinates":[[[-58.628167,-34.403392],[-58.628323,-34.403347],[-58.628159,-34.402921],[-58.628011,-34.402967],[-58.628167,-34.403392]]]}},{"type":"Feature","properties":{"partida":"057012440","cca":"057030R0000000000000000000000143000000900C","tipo":"Urbano","sup_m2":758.4},"geometry":{"type":"Polygon","coordinates":[[[-58.628323,-34.403347],[-58.628167,-34.403392],[-58.628325,-34.403819],[-58.628484,-34.403772],[-58.628323,-34.403347]]]}},{"type":"Feature","properties":{"partida":"057012437","cca":"057030R0000000000000000000000143000001000A","tipo":"Urbano","sup_m2":472.6},"geometry":{"type":"Polygon","coordinates":[[[-58.628584,-34.403741],[-58.628419,-34.403318],[-58.628323,-34.403347],[-58.628484,-34.403772],[-58.628584,-34.403741]]]}},{"type":"Feature","properties":{"partida":"057066040","cca":"057030R0000000000000000000000143000001000B","tipo":"Urbano","sup_m2":472.4},"geometry":{"type":"Polygon","coordinates":[[[-58.62868,-34.403713],[-58.628519,-34.403289],[-58.628419,-34.403318],[-58.628584,-34.403741],[-58.62868,-34.403713]]]}},{"type":"Feature","properties":{"partida":"057066041","cca":"057030R0000000000000000000000143000001000C","tipo":"Urbano","sup_m2":522.1},"geometry":{"type":"Polygon","coordinates":[[[-58.628792,-34.40368],[-58.628624,-34.403259],[-58.628519,-34.403289],[-58.62868,-34.403713],[-58.628792,-34.40368]]]}},{"type":"Feature","properties":{"partida":"057066042","cca":"057030R0000000000000000000000143000001000D","tipo":"Urbano","sup_m2":820.2},"geometry":{"type":"Polygon","coordinates":[[[-58.628961,-34.403632],[-58.628796,-34.403205],[-58.628624,-34.403259],[-58.628792,-34.40368],[-58.628961,-34.403632]]]}},{"type":"Feature","properties":{"partida":"057021960","cca":"057030R00000000000000000000001430000011000","tipo":"Urbano","sup_m2":524.8},"geometry":{"type":"Polygon","coordinates":[[[-58.629088,-34.403596],[-58.62892,-34.403204],[-58.628815,-34.403259],[-58.628961,-34.403632],[-58.629088,-34.403596]]]}},{"type":"Feature","properties":{"partida":"057021961","cca":"057030R00000000000000000000001430000012000","tipo":"Urbano","sup_m2":452.5},"geometry":{"type":"Polygon","coordinates":[[[-58.629186,-34.403566],[-58.629011,-34.403158],[-58.62892,-34.403204],[-58.629088,-34.403596],[-58.629186,-34.403566]]]}},{"type":"Feature","properties":{"partida":"057021962","cca":"057030R00000000000000000000001430000013000","tipo":"Urbano","sup_m2":494.3},"geometry":{"type":"Polygon","coordinates":[[[-58.629108,-34.403111],[-58.629011,-34.403158],[-58.629186,-34.403566],[-58.629288,-34.403536],[-58.629108,-34.403111]]]}},{"type":"Feature","properties":{"partida":"057021963","cca":"057030R00000000000000000000001430000014000","tipo":"Urbano","sup_m2":510.2},"geometry":{"type":"Polygon","coordinates":[[[-58.629392,-34.403507],[-58.629202,-34.403064],[-58.629108,-34.403111],[-58.629288,-34.403536],[-58.629392,-34.403507]]]}},{"type":"Feature","properties":{"partida":"057021964","cca":"057030R00000000000000000000001430000015000","tipo":"Urbano","sup_m2":523.2},"geometry":{"type":"Polygon","coordinates":[[[-58.629297,-34.403017],[-58.629202,-34.403064],[-58.629392,-34.403507],[-58.629493,-34.403477],[-58.629297,-34.403017]]]}},{"type":"Feature","properties":{"partida":"057021965","cca":"057030R00000000000000000000001430000016000","tipo":"Urbano","sup_m2":342.9},"geometry":{"type":"Polygon","coordinates":[[[-58.629464,-34.403145],[-58.62937,-34.403192],[-58.629493,-34.403477],[-58.629595,-34.403447],[-58.629464,-34.403145]]]}},{"type":"Feature","properties":{"partida":"057021966","cca":"057030R00000000000000000000001430000017000","tipo":"Urbano","sup_m2":371.2},"geometry":{"type":"Polygon","coordinates":[[[-58.629562,-34.403096],[-58.629464,-34.403145],[-58.629595,-34.403447],[-58.629697,-34.403417],[-58.629562,-34.403096]]]}},{"type":"Feature","properties":{"partida":"057021967","cca":"057030R0000000000000000000000143000001800B","tipo":"Urbano","sup_m2":1542.4},"geometry":{"type":"Polygon","coordinates":[[[-58.629724,-34.40291],[-58.629334,-34.403107],[-58.62937,-34.403192],[-58.629562,-34.403096],[-58.629697,-34.403417],[-58.629998,-34.403329],[-58.630009,-34.403293],[-58.629724,-34.40291]]]}},{"type":"Feature","properties":{"partida":"057021971","cca":"057030R00000000000000000000001430000022000","tipo":"Urbano","sup_m2":421.9},"geometry":{"type":"Polygon","coordinates":[[[-58.629666,-34.40283],[-58.629297,-34.403017],[-58.629334,-34.403107],[-58.629724,-34.40291],[-58.629666,-34.40283]]]}},{"type":"Feature","properties":{"partida":"057021972","cca":"057030R00000000000000000000001430000023000","tipo":"Urbano","sup_m2":392.9},"geometry":{"type":"Polygon","coordinates":[[[-58.629292,-34.403019],[-58.629666,-34.40283],[-58.629611,-34.402755],[-58.629236,-34.402944],[-58.629292,-34.403019]]]}},{"type":"Feature","properties":{"partida":"057021973","cca":"057030R00000000000000000000001430000024000","tipo":"Urbano","sup_m2":296.7},"geometry":{"type":"Polygon","coordinates":[[[-58.629333,-34.402896],[-58.629611,-34.402755],[-58.629554,-34.402678],[-58.629279,-34.40282],[-58.629333,-34.402896]]]}},{"type":"Feature","properties":{"partida":"057021974","cca":"057030R00000000000000000000001430000025000","tipo":"Urbano","sup_m2":295.0},"geometry":{"type":"Polygon","coordinates":[[[-58.629279,-34.40282],[-58.629554,-34.402678],[-58.629497,-34.402603],[-58.629221,-34.402743],[-58.629279,-34.40282]]]}},{"type":"Feature","properties":{"partida":"057000410","cca":"057030R00000000000000000000001530000001000","tipo":"Urbano","sup_m2":312.4},"geometry":{"type":"Polygon","coordinates":[[[-58.644709,-34.398136],[-58.645009,-34.397992],[-58.644986,-34.39796],[-58.644938,-34.397944],[-58.644659,-34.398023],[-58.644709,-34.398136]]]}},{"type":"Feature","properties":{"partida":"057029153","cca":"057030R00000000000000000000001530000002000","tipo":"Urbano","sup_m2":361.9},"geometry":{"type":"Polygon","coordinates":[[[-58.644783,-34.398312],[-58.644659,-34.398023],[-58.644554,-34.398052],[-58.644683,-34.39836],[-58.644783,-34.398312]]]}},{"type":"Feature","properties":{"partida":"057029154","cca":"057030R00000000000000000000001530000003000","tipo":"Urbano","sup_m2":469.8},"geometry":{"type":"Polygon","coordinates":[[[-58.64472,-34.398447],[-58.644554,-34.398052],[-58.644449,-34.398082],[-58.644625,-34.398492],[-58.64472,-34.398447]]]}},{"type":"Feature","properties":{"partida":"057029155","cca":"057030R00000000000000000000001530000004000","tipo":"Urbano","sup_m2":391.9},"geometry":{"type":"Polygon","coordinates":[[[-58.644346,-34.398112],[-58.644495,-34.398452],[-58.64459,-34.398406],[-58.644449,-34.398082],[-58.644346,-34.398112]]]}},{"type":"Feature","properties":{"partida":"057029156","cca":"057030R00000000000000000000001530000005000","tipo":"Urbano","sup_m2":305.2},"geometry":{"type":"Polygon","coordinates":[[[-58.64436,-34.398409],[-58.644457,-34.398362],[-58.644346,-34.398112],[-58.644244,-34.398139],[-58.64436,-34.398409]]]}},{"type":"Feature","properties":{"partida":"057029157","cca":"057030R00000000000000000000001530000006000","tipo":"Urbano","sup_m2":341.2},"geometry":{"type":"Polygon","coordinates":[[[-58.643981,-34.398346],[-58.644272,-34.398203],[-58.644244,-34.398139],[-58.64394,-34.398226],[-58.643921,-34.398271],[-58.643981,-34.398346]]]}},{"type":"Feature","properties":{"partida":"057029158","cca":"057030R00000000000000000000001530000007000","tipo":"Urbano","sup_m2":348.4},"geometry":{"type":"Polygon","coordinates":[[[-58.644044,-34.398436],[-58.644316,-34.398304],[-58.644272,-34.398203],[-58.643981,-34.398346],[-58.644044,-34.398436]]]}},{"type":"Feature","properties":{"partida":"057029159","cca":"057030R00000000000000000000001530000008000","tipo":"Urbano","sup_m2":335.3},"geometry":{"type":"Polygon","coordinates":[[[-58.644316,-34.398304],[-58.644044,-34.398436],[-58.644112,-34.39853],[-58.64436,-34.398409],[-58.644316,-34.398304]]]}},{"type":"Feature","properties":{"partida":"057029160","cca":"057030R00000000000000000000001530000009000","tipo":"Urbano","sup_m2":370.7},"geometry":{"type":"Polygon","coordinates":[[[-58.644457,-34.398362],[-58.644112,-34.39853],[-58.644172,-34.39861],[-58.644495,-34.398452],[-58.644457,-34.398362]]]}},{"type":"Feature","properties":{"partida":"057029161","cca":"057030R00000000000000000000001530000010000","tipo":"Urbano","sup_m2":427.5},"geometry":{"type":"Polygon","coordinates":[[[-58.644172,-34.39861],[-58.644229,-34.398685],[-58.644625,-34.398492],[-58.64459,-34.398406],[-58.644172,-34.39861]]]}},{"type":"Feature","properties":{"partida":"057029162","cca":"057030R00000000000000000000001530000011000","tipo":"Urbano","sup_m2":511.9},"geometry":{"type":"Polygon","coordinates":[[[-58.644756,-34.398532],[-58.64472,-34.398447],[-58.644229,-34.398685],[-58.644285,-34.398762],[-58.644756,-34.398532]]]}},{"type":"Feature","properties":{"partida":"057029163","cca":"057030R00000000000000000000001530000012000","tipo":"Urbano","sup_m2":507.7},"geometry":{"type":"Polygon","coordinates":[[[-58.644793,-34.398622],[-58.644756,-34.398532],[-58.644285,-34.398762],[-58.644343,-34.398842],[-58.644793,-34.398622]]]}},{"type":"Feature","properties":{"partida":"057029164","cca":"057030R00000000000000000000001530000013000","tipo":"Urbano","sup_m2":478.8},"geometry":{"type":"Polygon","coordinates":[[[-58.644793,-34.398622],[-58.644343,-34.398842],[-58.644401,-34.398921],[-58.644831,-34.398711],[-58.644793,-34.398622]]]}},{"type":"Feature","properties":{"partida":"057029165","cca":"057030R00000000000000000000001530000014000","tipo":"Urbano","sup_m2":324.2},"geometry":{"type":"Polygon","coordinates":[[[-58.644646,-34.399102],[-58.644535,-34.398854],[-58.644401,-34.398921],[-58.644535,-34.399106],[-58.644577,-34.399122],[-58.644646,-34.399102]]]}},{"type":"Feature","properties":{"partida":"057029166","cca":"057030R00000000000000000000001530000015000","tipo":"Urbano","sup_m2":331.5},"geometry":{"type":"Polygon","coordinates":[[[-58.644755,-34.399071],[-58.644641,-34.398803],[-58.644535,-34.398854],[-58.644646,-34.399102],[-58.644755,-34.399071]]]}},{"type":"Feature","properties":{"partida":"057029167","cca":"057030R00000000000000000000001530000016000","tipo":"Urbano","sup_m2":330.7},"geometry":{"type":"Polygon","coordinates":[[[-58.644755,-34.399071],[-58.644859,-34.399042],[-58.644738,-34.398755],[-58.644641,-34.398803],[-58.644755,-34.399071]]]}},{"type":"Feature","properties":{"partida":"057029168","cca":"057030R00000000000000000000001530000017000","tipo":"Urbano","sup_m2":339.8},"geometry":{"type":"Polygon","coordinates":[[[-58.644859,-34.399042],[-58.644961,-34.399013],[-58.644831,-34.398711],[-58.644738,-34.398755],[-58.644859,-34.399042]]]}},{"type":"Feature","properties":{"partida":"057029169","cca":"057030R00000000000000000000001530000018000","tipo":"Urbano","sup_m2":476.5},"geometry":{"type":"Polygon","coordinates":[[[-58.645063,-34.398984],[-58.644928,-34.398663],[-58.644892,-34.398574],[-58.644793,-34.398622],[-58.644961,-34.399013],[-58.645063,-34.398984]]]}},{"type":"Feature","properties":{"partida":"057029178","cca":"057030R00000000000000000000001530000027000","tipo":"Urbano","sup_m2":491.8},"geometry":{"type":"Polygon","coordinates":[[[-58.645233,-34.398299],[-58.645178,-34.398223],[-58.64472,-34.398447],[-58.644756,-34.398532],[-58.645233,-34.398299]]]}},{"type":"Feature","properties":{"partida":"057029179","cca":"057030R00000000000000000000001530000028000","tipo":"Urbano","sup_m2":473.4},"geometry":{"type":"Polygon","coordinates":[[[-58.645121,-34.398147],[-58.644683,-34.39836],[-58.64472,-34.398447],[-58.645178,-34.398223],[-58.645121,-34.398147]]]}},{"type":"Feature","properties":{"partida":"057029180","cca":"057030R00000000000000000000001530000029000","tipo":"Urbano","sup_m2":359.7},"geometry":{"type":"Polygon","coordinates":[[[-58.644744,-34.398224],[-58.644783,-34.398312],[-58.645121,-34.398147],[-58.645063,-34.398068],[-58.644744,-34.398224]]]}},{"type":"Feature","properties":{"partida":"057029181","cca":"057030R00000000000000000000001530000030000","tipo":"Urbano","sup_m2":327.9},"geometry":{"type":"Polygon","coordinates":[[[-58.644744,-34.398224],[-58.645063,-34.398068],[-58.645009,-34.397992],[-58.644709,-34.398136],[-58.644744,-34.398224]]]}},{"type":"Feature","properties":{"partida":"057029260","cca":"057030R00000000000000000000001540000001000","tipo":"Urbano","sup_m2":311.6},"geometry":{"type":"Polygon","coordinates":[[[-58.643495,-34.398498],[-58.643797,-34.398348],[-58.643779,-34.398322],[-58.643726,-34.398304],[-58.643445,-34.398383],[-58.643495,-34.398498]]]}},{"type":"Feature","properties":{"partida":"057029261","cca":"057030R0000000000000000000000154000000200B","tipo":"Urbano","sup_m2":2525.4},"geometry":{"type":"Polygon","coordinates":[[[-58.643163,-34.398462],[-58.643565,-34.399364],[-58.643827,-34.399286],[-58.643677,-34.398932],[-58.643587,-34.398978],[-58.643476,-34.398719],[-58.643566,-34.398675],[-58.643445,-34.398383],[-58.643163,-34.398462]]]}},{"type":"Feature","properties":{"partida":"057029264","cca":"057030R0000000000000000000000154000000500A","tipo":"Urbano","sup_m2":3734.1},"geometry":{"type":"Polygon","coordinates":[[[-58.643163,-34.398462],[-58.642726,-34.398589],[-58.642712,-34.398631],[-58.643301,-34.399411],[-58.643348,-34.399429],[-58.643565,-34.399364],[-58.643163,-34.398462]]]}},{"type":"Feature","properties":{"partida":"057029278","cca":"057030R0000000000000000000000154000001900A","tipo":"Urbano","sup_m2":879.2},"geometry":{"type":"Polygon","coordinates":[[[-58.643892,-34.398932],[-58.643713,-34.399022],[-58.643853,-34.399344],[-58.644078,-34.399279],[-58.644047,-34.399177],[-58.644002,-34.399083],[-58.643892,-34.398932]]]}},{"type":"Feature","properties":{"partida":"057089961","cca":"057030R0000000000000000000000154000001900B","tipo":"Urbano","sup_m2":581.9},"geometry":{"type":"Polygon","coordinates":[[[-58.644027,-34.398865],[-58.643892,-34.398932],[-58.644002,-34.399083],[-58.644047,-34.399177],[-58.644078,-34.399279],[-58.644226,-34.399237],[-58.644168,-34.399111],[-58.644027,-34.398865]]]}},{"type":"Feature","properties":{"partida":"057089962","cca":"057030R0000000000000000000000154000001900C","tipo":"Urbano","sup_m2":628.2},"geometry":{"type":"Polygon","coordinates":[[[-58.644131,-34.398812],[-58.644027,-34.398865],[-58.644168,-34.399111],[-58.644226,-34.399237],[-58.644366,-34.399198],[-58.644377,-34.399156],[-58.644131,-34.398812]]]}},{"type":"Feature","properties":{"partida":"057029279","cca":"057030R00000000000000000000001540000020000","tipo":"Urbano","sup_m2":440.5},"geometry":{"type":"Polygon","coordinates":[[[-58.644075,-34.398736],[-58.643677,-34.398932],[-58.643713,-34.399022],[-58.644131,-34.398812],[-58.644075,-34.398736]]]}},{"type":"Feature","properties":{"partida":"057029280","cca":"057030R00000000000000000000001540000021000","tipo":"Urbano","sup_m2":514.1},"geometry":{"type":"Polygon","coordinates":[[[-58.644018,-34.398658],[-58.64355,-34.398891],[-58.643587,-34.398978],[-58.644075,-34.398736],[-58.644018,-34.398658]]]}},{"type":"Feature","properties":{"partida":"057029281","cca":"057030R00000000000000000000001540000022000","tipo":"Urbano","sup_m2":489.1},"geometry":{"type":"Polygon","coordinates":[[[-58.643963,-34.398581],[-58.643514,-34.398805],[-58.64355,-34.398891],[-58.644018,-34.398658],[-58.643963,-34.398581]]]}},{"type":"Feature","properties":{"partida":"057029282","cca":"057030R00000000000000000000001540000023000","tipo":"Urbano","sup_m2":469.4},"geometry":{"type":"Polygon","coordinates":[[[-58.643909,-34.398504],[-58.643476,-34.398719],[-58.643514,-34.398805],[-58.643963,-34.398581],[-58.643909,-34.398504]]]}},{"type":"Feature","properties":{"partida":"057029283","cca":"057030R00000000000000000000001540000024000","tipo":"Urbano","sup_m2":365.5},"geometry":{"type":"Polygon","coordinates":[[[-58.643528,-34.398586],[-58.643566,-34.398675],[-58.643909,-34.398504],[-58.643851,-34.398425],[-58.643528,-34.398586]]]}},{"type":"Feature","properties":{"partida":"057029284","cca":"057030R00000000000000000000001540000025000","tipo":"Urbano","sup_m2":333.2},"geometry":{"type":"Polygon","coordinates":[[[-58.643528,-34.398586],[-58.643851,-34.398425],[-58.643797,-34.398348],[-58.643495,-34.398498],[-58.643528,-34.398586]]]}},{"type":"Feature","properties":{"partida":"057029430","cca":"057030R00000000000000000000001550000001000","tipo":"Urbano","sup_m2":345.1},"geometry":{"type":"Polygon","coordinates":[[[-58.642296,-34.39885],[-58.642582,-34.398712],[-58.642547,-34.398662],[-58.642498,-34.398649],[-58.642246,-34.398722],[-58.642296,-34.39885]]]}},{"type":"Feature","properties":{"partida":"057029368","cca":"057030R00000000000000000000001550000002000","tipo":"Urbano","sup_m2":493.4},"geometry":{"type":"Polygon","coordinates":[[[-58.642333,-34.398943],[-58.642246,-34.398722],[-58.642028,-34.398786],[-58.642194,-34.399013],[-58.642333,-34.398943]]]}},{"type":"Feature","properties":{"partida":"057029369","cca":"057030R00000000000000000000001550000014000","tipo":"Urbano","sup_m2":386.1},"geometry":{"type":"Polygon","coordinates":[[[-58.642695,-34.399398],[-58.642536,-34.399474],[-58.642682,-34.399677],[-58.6428,-34.399642],[-58.642695,-34.399398]]]}},{"type":"Feature","properties":{"partida":"057029370","cca":"057030R00000000000000000000001550000015000","tipo":"Urbano","sup_m2":336.5},"geometry":{"type":"Polygon","coordinates":[[[-58.642695,-34.399398],[-58.6428,-34.399642],[-58.642917,-34.399607],[-58.6428,-34.399346],[-58.642695,-34.399398]]]}},{"type":"Feature","properties":{"partida":"057029371","cca":"057030R00000000000000000000001550000016000","tipo":"Urbano","sup_m2":357.4},"geometry":{"type":"Polygon","coordinates":[[[-58.643029,-34.399576],[-58.642907,-34.399292],[-58.6428,-34.399346],[-58.642917,-34.399607],[-58.643029,-34.399576]]]}},{"type":"Feature","properties":{"partida":"057029372","cca":"057030R00000000000000000000001550000017000","tipo":"Urbano","sup_m2":370.9},"geometry":{"type":"Polygon","coordinates":[[[-58.642907,-34.399292],[-58.643029,-34.399576],[-58.643144,-34.399539],[-58.64316,-34.399505],[-58.642977,-34.399258],[-58.642907,-34.399292]]]}},{"type":"Feature","properties":{"partida":"057029373","cca":"057030R00000000000000000000001550000018000","tipo":"Urbano","sup_m2":476.5},"geometry":{"type":"Polygon","coordinates":[[[-58.642977,-34.399258],[-58.642924,-34.399179],[-58.642479,-34.399398],[-58.642536,-34.399474],[-58.642977,-34.399258]]]}},{"type":"Feature","properties":{"partida":"057029374","cca":"057030R00000000000000000000001550000019000","tipo":"Urbano","sup_m2":480.0},"geometry":{"type":"Polygon","coordinates":[[[-58.642865,-34.399101],[-58.642419,-34.399322],[-58.642479,-34.399398],[-58.642924,-34.399179],[-58.642865,-34.399101]]]}},{"type":"Feature","properties":{"partida":"057029375","cca":"057030R00000000000000000000001550000020000","tipo":"Urbano","sup_m2":481.5},"geometry":{"type":"Polygon","coordinates":[[[-58.642419,-34.399322],[-58.642865,-34.399101],[-58.642809,-34.399023],[-58.642364,-34.399244],[-58.642419,-34.399322]]]}},{"type":"Feature","properties":{"partida":"057029376","cca":"057030R00000000000000000000001550000021000","tipo":"Urbano","sup_m2":480.2},"geometry":{"type":"Polygon","coordinates":[[[-58.642752,-34.398946],[-58.642306,-34.399167],[-58.642364,-34.399244],[-58.642809,-34.399023],[-58.642752,-34.398946]]]}},{"type":"Feature","properties":{"partida":"057029377","cca":"057030R00000000000000000000001550000022000","tipo":"Urbano","sup_m2":480.0},"geometry":{"type":"Polygon","coordinates":[[[-58.642697,-34.398869],[-58.642249,-34.39909],[-58.642306,-34.399167],[-58.642752,-34.398946],[-58.642697,-34.398869]]]}},{"type":"Feature","properties":{"partida":"057029378","cca":"057030R00000000000000000000001550000023000","tipo":"Urbano","sup_m2":479.1},"geometry":{"type":"Polygon","coordinates":[[[-58.642249,-34.39909],[-58.642697,-34.398869],[-58.642641,-34.398791],[-58.642194,-34.399013],[-58.642249,-34.39909]]]}},{"type":"Feature","properties":{"partida":"057029379","cca":"057030R00000000000000000000001550000024000","tipo":"Urbano","sup_m2":332.0},"geometry":{"type":"Polygon","coordinates":[[[-58.642296,-34.39885],[-58.642333,-34.398943],[-58.642641,-34.398791],[-58.642582,-34.398712],[-58.642296,-34.39885]]]}},{"type":"Feature","properties":{"partida":"057119945","cca":"057030X00000000000000019800000000000010000","tipo":"Urbano","sup_m2":951.4},"geometry":{"type":"Polygon","coordinates":[[[-58.644833,-34.406161],[-58.645058,-34.406092],[-58.644901,-34.405727],[-58.644674,-34.405798],[-58.644833,-34.406161]]]}},{"type":"Feature","properties":{"partida":"057119946","cca":"057030X00000000000000019800000000000011000","tipo":"Urbano","sup_m2":943.5},"geometry":{"type":"Polygon","coordinates":[[[-58.644833,-34.406161],[-58.644674,-34.405798],[-58.644447,-34.405868],[-58.644609,-34.406228],[-58.644833,-34.406161]]]}},{"type":"Feature","properties":{"partida":"057119947","cca":"057030X00000000000000019800000000000012000","tipo":"Urbano","sup_m2":960.2},"geometry":{"type":"Polygon","coordinates":[[[-58.644383,-34.406299],[-58.644609,-34.406228],[-58.644447,-34.405868],[-58.644217,-34.405927],[-58.644383,-34.406299]]]}},{"type":"Feature","properties":{"partida":"057119948","cca":"057030X00000000000000019800000000000013000","tipo":"Urbano","sup_m2":999.8},"geometry":{"type":"Polygon","coordinates":[[[-58.644383,-34.406299],[-58.644217,-34.405927],[-58.643983,-34.405978],[-58.644158,-34.406369],[-58.644383,-34.406299]]]}},{"type":"Feature","properties":{"partida":"057119949","cca":"057030X00000000000000019800000000000014000","tipo":"Urbano","sup_m2":1007.9},"geometry":{"type":"Polygon","coordinates":[[[-58.643983,-34.405978],[-58.643774,-34.406015],[-58.643923,-34.406436],[-58.644037,-34.406406],[-58.644158,-34.406369],[-58.643983,-34.405978]]]}},{"type":"Feature","properties":{"partida":"057119950","cca":"057030X00000000000000019800000000000015000","tipo":"Urbano","sup_m2":1040.0},"geometry":{"type":"Polygon","coordinates":[[[-58.643572,-34.406043],[-58.643676,-34.406484],[-58.643776,-34.406467],[-58.643923,-34.406436],[-58.643774,-34.406015],[-58.643572,-34.406043]]]}},{"type":"Feature","properties":{"partida":"057119951","cca":"057030X00000000000000019800000000000016000","tipo":"Urbano","sup_m2":1048.9},"geometry":{"type":"Polygon","coordinates":[[[-58.643357,-34.406071],[-58.64344,-34.406515],[-58.643676,-34.406484],[-58.643572,-34.406043],[-58.643357,-34.406071]]]}},{"type":"Feature","properties":{"partida":"057119952","cca":"057030X00000000000000019800000000000017000","tipo":"Urbano","sup_m2":1083.4},"geometry":{"type":"Polygon","coordinates":[[[-58.643357,-34.406071],[-58.64312,-34.406103],[-58.643203,-34.406538],[-58.64344,-34.406515],[-58.643357,-34.406071]]]}},{"type":"Feature","properties":{"partida":"057119953","cca":"057030X00000000000000019800000000000018000","tipo":"Urbano","sup_m2":1174.8},"geometry":{"type":"Polygon","coordinates":[[[-58.642846,-34.406141],[-58.642966,-34.406578],[-58.643203,-34.406538],[-58.64312,-34.406103],[-58.642846,-34.406141]]]}},{"type":"Feature","properties":{"partida":"057119954","cca":"057030X00000000000000019800000000000019000","tipo":"Urbano","sup_m2":1213.8},"geometry":{"type":"Polygon","coordinates":[[[-58.642568,-34.406185],[-58.642735,-34.40663],[-58.64285,-34.406602],[-58.642966,-34.406578],[-58.642846,-34.406141],[-58.642568,-34.406185]]]}},{"type":"Feature","properties":{"partida":"057119955","cca":"057030X00000000000000019800000000000020000","tipo":"Urbano","sup_m2":1259.5},"geometry":{"type":"Polygon","coordinates":[[[-58.642294,-34.406242],[-58.64251,-34.406696],[-58.64262,-34.406661],[-58.642735,-34.40663],[-58.642568,-34.406185],[-58.642294,-34.406242]]]}},{"type":"Feature","properties":{"partida":"057119956","cca":"057030X00000000000000019800000000000021000","tipo":"Urbano","sup_m2":1326.3},"geometry":{"type":"Polygon","coordinates":[[[-58.642031,-34.406327],[-58.64229,-34.406778],[-58.64236,-34.40675],[-58.64251,-34.406696],[-58.642294,-34.406242],[-58.642147,-34.406283],[-58.642031,-34.406327]]]}},{"type":"Feature","properties":{"partida":"057119957","cca":"057030X00000000000000019800000000000022000","tipo":"Urbano","sup_m2":1329.2},"geometry":{"type":"Polygon","coordinates":[[[-58.641787,-34.406455],[-58.642077,-34.406871],[-58.642184,-34.406822],[-58.64229,-34.406778],[-58.642031,-34.406327],[-58.641894,-34.406391],[-58.641787,-34.406455]]]}},{"type":"Feature","properties":{"partida":"057119958","cca":"057030X00000000000000019800000000000023000","tipo":"Urbano","sup_m2":1298.8},"geometry":{"type":"Polygon","coordinates":[[[-58.642077,-34.406871],[-58.641787,-34.406455],[-58.641689,-34.406525],[-58.641668,-34.406544],[-58.641651,-34.406565],[-58.641606,-34.406635],[-58.641584,-34.406664],[-58.641791,-34.406918],[-58.641819,-34.406945],[-58.641832,-34.406951],[-58.641846,-34.406957],[-58.641871,-34.406961],[-58.6419,-34.406958],[-58.642077,-34.406871]]]}},{"type":"Feature","properties":{"partida":"057119959","cca":"057030X00000000000000019900000000000001000","tipo":"Urbano","sup_m2":1125.1},"geometry":{"type":"Polygon","coordinates":[[[-58.641139,-34.406812],[-58.641339,-34.407208],[-58.641504,-34.407146],[-58.641532,-34.407133],[-58.641556,-34.407104],[-58.641561,-34.407091],[-58.641561,-34.407062],[-58.641407,-34.406759],[-58.641311,-34.406782],[-58.641254,-34.406785],[-58.641208,-34.406793],[-58.641139,-34.406812]]]}},{"type":"Feature","properties":{"partida":"057119960","cca":"057030X00000000000000019900000000000002000","tipo":"Urbano","sup_m2":1123.3},"geometry":{"type":"Polygon","coordinates":[[[-58.641339,-34.407208],[-58.641139,-34.406812],[-58.64092,-34.406869],[-58.641076,-34.407287],[-58.641339,-34.407208]]]}},{"type":"Feature","properties":{"partida":"057119961","cca":"057030X00000000000000019900000000000003000","tipo":"Urbano","sup_m2":1073.8},"geometry":{"type":"Polygon","coordinates":[[[-58.64092,-34.406869],[-58.64069,-34.406929],[-58.640848,-34.407347],[-58.641076,-34.407287],[-58.64092,-34.406869]]]}},{"type":"Feature","properties":{"partida":"057119962","cca":"057030X00000000000000019900000000000004000","tipo":"Urbano","sup_m2":1076.2},"geometry":{"type":"Polygon","coordinates":[[[-58.64046,-34.406992],[-58.640619,-34.407408],[-58.640848,-34.407347],[-58.64069,-34.406929],[-58.64046,-34.406992]]]}},{"type":"Feature","properties":{"partida":"057119963","cca":"057030X00000000000000019900000000000005000","tipo":"Urbano","sup_m2":1072.2},"geometry":{"type":"Polygon","coordinates":[[[-58.64023,-34.407054],[-58.640392,-34.407471],[-58.640619,-34.407408],[-58.64046,-34.406992],[-58.64023,-34.407054]]]}},{"type":"Feature","properties":{"partida":"057119964","cca":"057030X00000000000000019900000000000006000","tipo":"Urbano","sup_m2":1072.7},"geometry":{"type":"Polygon","coordinates":[[[-58.640166,-34.407533],[-58.640392,-34.407471],[-58.64023,-34.407054],[-58.64,-34.407119],[-58.640166,-34.407533]]]}},{"type":"Feature","properties":{"partida":"057119965","cca":"057030X00000000000000019900000000000007000","tipo":"Urbano","sup_m2":1066.0},"geometry":{"type":"Polygon","coordinates":[[[-58.639938,-34.407596],[-58.640166,-34.407533],[-58.64,-34.407119],[-58.639773,-34.407188],[-58.639938,-34.407596]]]}},{"type":"Feature","properties":{"partida":"057119966","cca":"057030X00000000000000019900000000000008000","tipo":"Urbano","sup_m2":1060.6},"geometry":{"type":"Polygon","coordinates":[[[-58.639711,-34.407664],[-58.639938,-34.407596],[-58.639773,-34.407188],[-58.639545,-34.407257],[-58.639711,-34.407664]]]}},{"type":"Feature","properties":{"partida":"057119967","cca":"057030X00000000000000019900000000000009000","tipo":"Urbano","sup_m2":1057.8},"geometry":{"type":"Polygon","coordinates":[[[-58.639545,-34.407257],[-58.639318,-34.40733],[-58.639483,-34.407731],[-58.639711,-34.407664],[-58.639545,-34.407257]]]}},{"type":"Feature","properties":{"partida":"057119968","cca":"057030X00000000000000019900000000000010000","tipo":"Urbano","sup_m2":1014.9},"geometry":{"type":"Polygon","coordinates":[[[-58.63909,-34.407403],[-58.639264,-34.407793],[-58.639331,-34.407771],[-58.639483,-34.407731],[-58.639318,-34.40733],[-58.63909,-34.407403]]]}},{"type":"Feature","properties":{"partida":"057119969","cca":"057030X00000000000000019900000000000011000","tipo":"Urbano","sup_m2":1006.6},"geometry":{"type":"Polygon","coordinates":[[[-58.639037,-34.407862],[-58.639264,-34.407793],[-58.63909,-34.407403],[-58.638871,-34.407474],[-58.639037,-34.407862]]]}},{"type":"Feature","properties":{"partida":"057119970","cca":"057030X00000000000000019900000000000012000","tipo":"Urbano","sup_m2":1006.2},"geometry":{"type":"Polygon","coordinates":[[[-58.639037,-34.407862],[-58.638871,-34.407474],[-58.638645,-34.407549],[-58.638815,-34.407933],[-58.639037,-34.407862]]]}},{"type":"Feature","properties":{"partida":"057119971","cca":"057030X00000000000000019900000000000013000","tipo":"Urbano","sup_m2":1004.6},"geometry":{"type":"Polygon","coordinates":[[[-58.638589,-34.408004],[-58.638815,-34.407933],[-58.638645,-34.407549],[-58.63842,-34.407623],[-58.638589,-34.408004]]]}},{"type":"Feature","properties":{"partida":"057119972","cca":"057030X00000000000000019900000000000014000","tipo":"Urbano","sup_m2":994.7},"geometry":{"type":"Polygon","coordinates":[[[-58.638366,-34.408074],[-58.638589,-34.408004],[-58.63842,-34.407623],[-58.638193,-34.407698],[-58.638366,-34.408074]]]}},{"type":"Feature","properties":{"partida":"057119973","cca":"057030X00000000000000019900000000000015000","tipo":"Urbano","sup_m2":982.7},"geometry":{"type":"Polygon","coordinates":[[[-58.638366,-34.408074],[-58.638193,-34.407698],[-58.637969,-34.40777],[-58.638144,-34.408145],[-58.638366,-34.408074]]]}},{"type":"Feature","properties":{"partida":"057119974","cca":"057030X00000000000000019900000000000016000","tipo":"Urbano","sup_m2":1000.6},"geometry":{"type":"Polygon","coordinates":[[[-58.637918,-34.40822],[-58.638144,-34.408145],[-58.637969,-34.40777],[-58.637743,-34.407843],[-58.637918,-34.40822]]]}},{"type":"Feature","properties":{"partida":"057119975","cca":"057030X00000000000000019900000000000017000","tipo":"Urbano","sup_m2":1013.2},"geometry":{"type":"Polygon","coordinates":[[[-58.637743,-34.407843],[-58.637511,-34.407922],[-58.637698,-34.4083],[-58.637918,-34.40822],[-58.637743,-34.407843]]]}},{"type":"Feature","properties":{"partida":"057119976","cca":"057030X00000000000000019900000000000018000","tipo":"Urbano","sup_m2":1167.2},"geometry":{"type":"Polygon","coordinates":[[[-58.637698,-34.4083],[-58.637511,-34.407922],[-58.637431,-34.407955],[-58.637385,-34.407979],[-58.637301,-34.408031],[-58.637277,-34.408053],[-58.637265,-34.408083],[-58.637267,-34.408106],[-58.637274,-34.408125],[-58.637411,-34.408323],[-58.637422,-34.408336],[-58.637449,-34.408356],[-58.637486,-34.408369],[-58.637531,-34.408368],[-58.637554,-34.408361],[-58.637698,-34.4083]]]}},{"type":"Feature","properties":{"partida":"057119977","cca":"057030X00000000000000020000000000000000000","tipo":"Urbano","sup_m2":13282.3},"geometry":{"type":"Polygon","coordinates":[[[-58.636606,-34.407028],[-58.636527,-34.407064],[-58.636466,-34.407098],[-58.636435,-34.407121],[-58.63639,-34.407161],[-58.636319,-34.407238],[-58.636296,-34.407272],[-58.636258,-34.407342],[-58.636235,-34.4074],[-58.636225,-34.407455],[-58.636224,-34.407479],[-58.636226,-34.407513],[-58.636234,-34.407538],[-58.636253,-34.407584],[-58.636396,-34.407769],[-58.636478,-34.40787],[-58.636488,-34.407895],[-58.636493,-34.407918],[-58.636496,-34.408027],[-58.636512,-34.408057],[-58.636553,-34.408104],[-58.636569,-34.408114],[-58.63667,-34.408194],[-58.636758,-34.408274],[-58.636862,-34.408384],[-58.636932,-34.408474],[-58.636996,-34.40858],[-58.63702,-34.408604],[-58.637062,-34.408621],[-58.637087,-34.408623],[-58.637119,-34.408621],[-58.637274,-34.408548],[-58.637229,-34.408448],[-58.637204,-34.408403],[-58.63717,-34.408356],[-58.637139,-34.408322],[-58.637023,-34.408217],[-58.636971,-34.408145],[-58.636938,-34.408069],[-58.636921,-34.407986],[-58.63692,-34.407941],[-58.636931,-34.407866],[-58.636943,-34.407828],[-58.636969,-34.407766],[-58.63702,-34.407694],[-58.637096,-34.407608],[-58.637188,-34.407522],[-58.637249,-34.407469],[-58.637321,-34.407415],[-58.637435,-34.407342],[-58.637552,-34.407279],[-58.637619,-34.407249],[-58.637698,-34.407205],[-58.637771,-34.40717],[-58.637822,-34.40714],[-58.637845,-34.40712],[-58.637879,-34.407085],[-58.637902,-34.407027],[-58.637906,-34.406993],[-58.637894,-34.406939],[-58.637874,-34.406903],[-58.637839,-34.406867],[-58.63781,-34.406845],[-58.637766,-34.406817],[-58.637723,-34.406799],[-58.637671,-34.406785],[-58.63763,-34.406779],[-58.637417,-34.406815],[-58.636696,-34.407],[-58.636606,-34.407028]]]}},{"type":"Feature","properties":{"partida":"057119987","cca":"057030X00000000000000020100000000000010000","tipo":"Urbano","sup_m2":1374.5},"geometry":{"type":"Polygon","coordinates":[[[-58.644582,-34.406392],[-58.644797,-34.406872],[-58.645042,-34.406797],[-58.64483,-34.406315],[-58.644582,-34.406392]]]}},{"type":"Feature","properties":{"partida":"057119988","cca":"057030X00000000000000020100000000000011000","tipo":"Urbano","sup_m2":1360.2},"geometry":{"type":"Polygon","coordinates":[[[-58.644338,-34.406467],[-58.644553,-34.406946],[-58.644797,-34.406872],[-58.644582,-34.406392],[-58.644338,-34.406467]]]}},{"type":"Feature","properties":{"partida":"057119989","cca":"057030X00000000000000020100000000000012000","tipo":"Urbano","sup_m2":1354.5},"geometry":{"type":"Polygon","coordinates":[[[-58.644092,-34.406545],[-58.644309,-34.40702],[-58.644553,-34.406946],[-58.644338,-34.406467],[-58.644092,-34.406545]]]}},{"type":"Feature","properties":{"partida":"057119990","cca":"057030X00000000000000020100000000000013000","tipo":"Urbano","sup_m2":1346.5},"geometry":{"type":"Polygon","coordinates":[[[-58.643848,-34.40662],[-58.644067,-34.407095],[-58.644309,-34.40702],[-58.644092,-34.406545],[-58.643848,-34.40662]]]}},{"type":"Feature","properties":{"partida":"057119991","cca":"057030X00000000000000020100000000000014000","tipo":"Urbano","sup_m2":1342.9},"geometry":{"type":"Polygon","coordinates":[[[-58.643605,-34.406699],[-58.643823,-34.407169],[-58.644067,-34.407095],[-58.643848,-34.40662],[-58.643605,-34.406699]]]}},{"type":"Feature","properties":{"partida":"057119992","cca":"057030X00000000000000020100000000000015000","tipo":"Urbano","sup_m2":1340.2},"geometry":{"type":"Polygon","coordinates":[[[-58.64336,-34.406777],[-58.643577,-34.407244],[-58.643823,-34.407169],[-58.643605,-34.406699],[-58.64336,-34.406777]]]}},{"type":"Feature","properties":{"partida":"057119993","cca":"057030X00000000000000020100000000000016000","tipo":"Urbano","sup_m2":1326.3},"geometry":{"type":"Polygon","coordinates":[[[-58.643118,-34.406855],[-58.643328,-34.407316],[-58.643577,-34.407244],[-58.64336,-34.406777],[-58.643118,-34.406855]]]}},{"type":"Feature","properties":{"partida":"057119994","cca":"057030X00000000000000020100000000000017000","tipo":"Urbano","sup_m2":1311.4},"geometry":{"type":"Polygon","coordinates":[[[-58.642875,-34.406929],[-58.64308,-34.407389],[-58.643328,-34.407316],[-58.643118,-34.406855],[-58.642875,-34.406929]]]}},{"type":"Feature","properties":{"partida":"057119995","cca":"057030X00000000000000020100000000000018000","tipo":"Urbano","sup_m2":1300.9},"geometry":{"type":"Polygon","coordinates":[[[-58.64263,-34.407006],[-58.642831,-34.407458],[-58.64308,-34.407389],[-58.642875,-34.406929],[-58.64263,-34.407006]]]}},{"type":"Feature","properties":{"partida":"057119996","cca":"057030X00000000000000020100000000000019000","tipo":"Urbano","sup_m2":1281.3},"geometry":{"type":"Polygon","coordinates":[[[-58.642383,-34.407082],[-58.642583,-34.407527],[-58.642831,-34.407458],[-58.64263,-34.407006],[-58.642383,-34.407082]]]}},{"type":"Feature","properties":{"partida":"057119997","cca":"057030X00000000000000020100000000000020000","tipo":"Urbano","sup_m2":1261.4},"geometry":{"type":"Polygon","coordinates":[[[-58.642136,-34.407153],[-58.642337,-34.407596],[-58.642583,-34.407527],[-58.642383,-34.407082],[-58.642136,-34.407153]]]}},{"type":"Feature","properties":{"partida":"057119998","cca":"057030X00000000000000020100000000000021000","tipo":"Urbano","sup_m2":1288.3},"geometry":{"type":"Polygon","coordinates":[[[-58.642337,-34.407596],[-58.642136,-34.407153],[-58.641957,-34.407205],[-58.641927,-34.40722],[-58.641913,-34.407233],[-58.641899,-34.407261],[-58.641897,-34.407275],[-58.641903,-34.4073],[-58.642017,-34.40755],[-58.642027,-34.407568],[-58.642051,-34.407595],[-58.642088,-34.407619],[-58.642141,-34.407634],[-58.642163,-34.407636],[-58.642201,-34.407632],[-58.642227,-34.407627],[-58.642337,-34.407596]]]}},{"type":"Feature","properties":{"partida":"057119999","cca":"057030X00000000000000020200000000000001000","tipo":"Urbano","sup_m2":1439.8},"geometry":{"type":"Polygon","coordinates":[[[-58.641529,-34.407766],[-58.64182,-34.407686],[-58.641789,-34.407581],[-58.641765,-34.407515],[-58.641745,-34.407469],[-58.641668,-34.407317],[-58.64165,-34.407298],[-58.64164,-34.407292],[-58.641628,-34.407286],[-58.641599,-34.40728],[-58.641583,-34.40728],[-58.641557,-34.407284],[-58.641349,-34.407345],[-58.641529,-34.407766]]]}},{"type":"Feature","properties":{"partida":"057120000","cca":"057030X00000000000000020200000000000002000","tipo":"Urbano","sup_m2":1212.0},"geometry":{"type":"Polygon","coordinates":[[[-58.641529,-34.407766],[-58.641349,-34.407345],[-58.641102,-34.407413],[-58.641272,-34.407839],[-58.641529,-34.407766]]]}},{"type":"Feature","properties":{"partida":"057120001","cca":"057030X00000000000000020200000000000003000","tipo":"Urbano","sup_m2":1199.3},"geometry":{"type":"Polygon","coordinates":[[[-58.641272,-34.407839],[-58.641102,-34.407413],[-58.640855,-34.407481],[-58.641025,-34.40791],[-58.641272,-34.407839]]]}},{"type":"Feature","properties":{"partida":"057120002","cca":"057030X00000000000000020200000000000004000","tipo":"Urbano","sup_m2":1228.7},"geometry":{"type":"Polygon","coordinates":[[[-58.640775,-34.407981],[-58.641025,-34.40791],[-58.640855,-34.407481],[-58.6406,-34.407553],[-58.640775,-34.407981]]]}},{"type":"Feature","properties":{"partida":"057120003","cca":"057030X00000000000000020200000000000005000","tipo":"Urbano","sup_m2":1222.5},"geometry":{"type":"Polygon","coordinates":[[[-58.640525,-34.408051],[-58.640775,-34.407981],[-58.6406,-34.407553],[-58.640348,-34.407627],[-58.640525,-34.408051]]]}},{"type":"Feature","properties":{"partida":"057120004","cca":"057030X00000000000000020200000000000006000","tipo":"Urbano","sup_m2":1228.1},"geometry":{"type":"Polygon","coordinates":[[[-58.640273,-34.408125],[-58.640525,-34.408051],[-58.640348,-34.407627],[-58.640094,-34.4077],[-58.640273,-34.408125]]]}},{"type":"Feature","properties":{"partida":"057120005","cca":"057030X00000000000000020200000000000007000","tipo":"Urbano","sup_m2":1209.9},"geometry":{"type":"Polygon","coordinates":[[[-58.640019,-34.408188],[-58.640273,-34.408125],[-58.640094,-34.4077],[-58.63984,-34.407778],[-58.640019,-34.408188]]]}},{"type":"Feature","properties":{"partida":"057120006","cca":"057030X00000000000000020200000000000008000","tipo":"Urbano","sup_m2":1156.6},"geometry":{"type":"Polygon","coordinates":[[[-58.640019,-34.408188],[-58.63984,-34.407778],[-58.639588,-34.407855],[-58.639766,-34.408244],[-58.639813,-34.408237],[-58.640019,-34.408188]]]}},{"type":"Feature","properties":{"partida":"057120007","cca":"057030X00000000000000020200000000000009000","tipo":"Urbano","sup_m2":1096.2},"geometry":{"type":"Polygon","coordinates":[[[-58.639513,-34.408307],[-58.639766,-34.408244],[-58.639588,-34.407855],[-58.639485,-34.407886],[-58.639445,-34.407895],[-58.639343,-34.407927],[-58.639513,-34.408307]]]}},{"type":"Feature","properties":{"partida":"057120008","cca":"057030X00000000000000020200000000000010000","tipo":"Urbano","sup_m2":1139.6},"geometry":{"type":"Polygon","coordinates":[[[-58.639513,-34.408307],[-58.639343,-34.407927],[-58.63908,-34.40801],[-58.63925,-34.40838],[-58.639513,-34.408307]]]}},{"type":"Feature","properties":{"partida":"057120009","cca":"057030X00000000000000020200000000000011000","tipo":"Urbano","sup_m2":1238.9},"geometry":{"type":"Polygon","coordinates":[[[-58.638939,-34.408465],[-58.63925,-34.40838],[-58.63908,-34.40801],[-58.638951,-34.408053],[-58.638903,-34.408081],[-58.63888,-34.408101],[-58.638853,-34.408135],[-58.638831,-34.408189],[-58.638831,-34.408241],[-58.638842,-34.408278],[-58.638939,-34.408465]]]}},{"type":"Feature","properties":{"partida":"057120010","cca":"057030X00000000000000020200000000000012000","tipo":"Urbano","sup_m2":1079.8},"geometry":{"type":"Polygon","coordinates":[[[-58.63925,-34.40838],[-58.638939,-34.408465],[-58.639048,-34.408638],[-58.63908,-34.408681],[-58.639102,-34.408702],[-58.639148,-34.408734],[-58.639182,-34.408747],[-58.639232,-34.408758],[-58.639283,-34.408759],[-58.63941,-34.408732],[-58.63925,-34.40838]]]}},{"type":"Feature","properties":{"partida":"057120011","cca":"057030X00000000000000020200000000000013000","tipo":"Urbano","sup_m2":1088.8},"geometry":{"type":"Polygon","coordinates":[[[-58.63925,-34.40838],[-58.63941,-34.408732],[-58.63968,-34.408678],[-58.639513,-34.408307],[-58.63925,-34.40838]]]}},{"type":"Feature","properties":{"partida":"057120012","cca":"057030X00000000000000020200000000000014000","tipo":"Urbano","sup_m2":1076.2},"geometry":{"type":"Polygon","coordinates":[[[-58.639513,-34.408307],[-58.63968,-34.408678],[-58.639936,-34.408626],[-58.639766,-34.408244],[-58.639513,-34.408307]]]}},{"type":"Feature","properties":{"partida":"057120013","cca":"057030X00000000000000020200000000000015000","tipo":"Urbano","sup_m2":1077.7},"geometry":{"type":"Polygon","coordinates":[[[-58.640189,-34.408578],[-58.640019,-34.408188],[-58.639813,-34.408237],[-58.639766,-34.408244],[-58.639936,-34.408626],[-58.640115,-34.40859],[-58.640189,-34.408578]]]}},{"type":"Feature","properties":{"partida":"057120014","cca":"057030X00000000000000020200000000000016000","tipo":"Urbano","sup_m2":1127.9},"geometry":{"type":"Polygon","coordinates":[[[-58.640273,-34.408125],[-58.640019,-34.408188],[-58.640189,-34.408578],[-58.640444,-34.408527],[-58.640273,-34.408125]]]}},{"type":"Feature","properties":{"partida":"057120015","cca":"057030X00000000000000020200000000000017000","tipo":"Urbano","sup_m2":1177.6},"geometry":{"type":"Polygon","coordinates":[[[-58.640273,-34.408125],[-58.640444,-34.408527],[-58.640698,-34.408473],[-58.640525,-34.408051],[-58.640273,-34.408125]]]}},{"type":"Feature","properties":{"partida":"057120016","cca":"057030X00000000000000020200000000000018000","tipo":"Urbano","sup_m2":1222.0},"geometry":{"type":"Polygon","coordinates":[[[-58.640698,-34.408473],[-58.640955,-34.408421],[-58.640775,-34.407981],[-58.640525,-34.408051],[-58.640698,-34.408473]]]}},{"type":"Feature","properties":{"partida":"057120017","cca":"057030X00000000000000020200000000000019000","tipo":"Urbano","sup_m2":1276.4},"geometry":{"type":"Polygon","coordinates":[[[-58.641025,-34.40791],[-58.640775,-34.407981],[-58.640955,-34.408421],[-58.64121,-34.408371],[-58.641025,-34.40791]]]}},{"type":"Feature","properties":{"partida":"057120018","cca":"057030X00000000000000020200000000000020000","tipo":"Urbano","sup_m2":1282.6},"geometry":{"type":"Polygon","coordinates":[[[-58.641025,-34.40791],[-58.64121,-34.408371],[-58.641393,-34.408335],[-58.641447,-34.408313],[-58.641272,-34.407839],[-58.641025,-34.40791]]]}},{"type":"Feature","properties":{"partida":"057120019","cca":"057030X00000000000000020200000000000021000","tipo":"Urbano","sup_m2":1220.3},"geometry":{"type":"Polygon","coordinates":[[[-58.641529,-34.407766],[-58.641272,-34.407839],[-58.641447,-34.408313],[-58.641481,-34.408293],[-58.641533,-34.408249],[-58.64157,-34.408228],[-58.641609,-34.408214],[-58.641666,-34.408208],[-58.641529,-34.407766]]]}},{"type":"Feature","properties":{"partida":"057120020","cca":"057030X00000000000000020200000000000022000","tipo":"Urbano","sup_m2":1548.8},"geometry":{"type":"Polygon","coordinates":[[[-58.641666,-34.408208],[-58.641685,-34.408208],[-58.641736,-34.408221],[-58.641763,-34.408233],[-58.641795,-34.408254],[-58.641965,-34.408211],[-58.641909,-34.408037],[-58.641871,-34.40789],[-58.641855,-34.40781],[-58.64182,-34.407686],[-58.641529,-34.407766],[-58.641666,-34.408208]]]}},{"type":"Feature","properties":{"partida":"057120021","cca":"057030X00000000000000020300000000000001000","tipo":"Urbano","sup_m2":1657.4},"geometry":{"type":"Polygon","coordinates":[[[-58.641934,-34.408929],[-58.642234,-34.408911],[-58.642212,-34.408824],[-58.642168,-34.408682],[-58.642133,-34.408591],[-58.642034,-34.408383],[-58.641842,-34.408408],[-58.641824,-34.408442],[-58.64181,-34.40846],[-58.641793,-34.408476],[-58.641765,-34.408495],[-58.641934,-34.408929]]]}},{"type":"Feature","properties":{"partida":"057120022","cca":"057030X00000000000000020300000000000002000","tipo":"Urbano","sup_m2":1249.0},"geometry":{"type":"Polygon","coordinates":[[[-58.641647,-34.408952],[-58.641934,-34.408929],[-58.641765,-34.408495],[-58.641743,-34.408506],[-58.641703,-34.408518],[-58.641658,-34.408523],[-58.641612,-34.408518],[-58.641539,-34.408495],[-58.64149,-34.408486],[-58.641647,-34.408952]]]}},{"type":"Feature","properties":{"partida":"057120023","cca":"057030X00000000000000020300000000000003000","tipo":"Urbano","sup_m2":1277.2},"geometry":{"type":"Polygon","coordinates":[[[-58.641647,-34.408952],[-58.64149,-34.408486],[-58.641441,-34.408486],[-58.641395,-34.408493],[-58.641233,-34.408526],[-58.641386,-34.408978],[-58.641647,-34.408952]]]}},{"type":"Feature","properties":{"partida":"057120024","cca":"057030X00000000000000020300000000000004000","tipo":"Urbano","sup_m2":1237.0},"geometry":{"type":"Polygon","coordinates":[[[-58.641123,-34.409012],[-58.641386,-34.408978],[-58.641233,-34.408526],[-58.640978,-34.408576],[-58.641123,-34.409012]]]}},{"type":"Feature","properties":{"partida":"057120025","cca":"057030X00000000000000020300000000000005000","tipo":"Urbano","sup_m2":1194.2},"geometry":{"type":"Polygon","coordinates":[[[-58.640865,-34.409048],[-58.641123,-34.409012],[-58.640978,-34.408576],[-58.64072,-34.408627],[-58.640865,-34.409048]]]}},{"type":"Feature","properties":{"partida":"057120026","cca":"057030X00000000000000020300000000000006000","tipo":"Urbano","sup_m2":1141.5},"geometry":{"type":"Polygon","coordinates":[[[-58.64061,-34.409088],[-58.640865,-34.409048],[-58.64072,-34.408627],[-58.640468,-34.40868],[-58.64061,-34.409088]]]}},{"type":"Feature","properties":{"partida":"057120027","cca":"057030X00000000000000020300000000000007000","tipo":"Urbano","sup_m2":1110.0},"geometry":{"type":"Polygon","coordinates":[[[-58.640354,-34.409129],[-58.64061,-34.409088],[-58.640468,-34.40868],[-58.640299,-34.408714],[-58.640216,-34.408726],[-58.640354,-34.409129]]]}},{"type":"Feature","properties":{"partida":"057120028","cca":"057030X00000000000000020300000000000008000","tipo":"Urbano","sup_m2":1114.9},"geometry":{"type":"Polygon","coordinates":[[[-58.640354,-34.409129],[-58.640216,-34.408726],[-58.639963,-34.40878],[-58.640099,-34.40918],[-58.640354,-34.409129]]]}},{"type":"Feature","properties":{"partida":"057120029","cca":"057030X00000000000000020300000000000009000","tipo":"Urbano","sup_m2":1124.2},"geometry":{"type":"Polygon","coordinates":[[[-58.639842,-34.409233],[-58.640099,-34.40918],[-58.639963,-34.40878],[-58.639706,-34.40883],[-58.639842,-34.409233]]]}},{"type":"Feature","properties":{"partida":"057120030","cca":"057030X00000000000000020300000000000010000","tipo":"Urbano","sup_m2":1258.6},"geometry":{"type":"Polygon","coordinates":[[[-58.639842,-34.409233],[-58.639706,-34.40883],[-58.639517,-34.408869],[-58.639488,-34.408878],[-58.639461,-34.408894],[-58.63944,-34.408911],[-58.63942,-34.408934],[-58.639409,-34.40896],[-58.639403,-34.408984],[-58.639402,-34.409011],[-58.639411,-34.409048],[-58.639425,-34.40907],[-58.639442,-34.409089],[-58.63953,-34.409167],[-58.639659,-34.409272],[-58.639842,-34.409233]]]}},{"type":"Feature","properties":{"partida":"057120031","cca":"057030X00000000000000020300000000000011000","tipo":"Urbano","sup_m2":1163.4},"geometry":{"type":"Polygon","coordinates":[[[-58.640104,-34.409179],[-58.639659,-34.409272],[-58.639895,-34.409469],[-58.639961,-34.409514],[-58.639998,-34.409534],[-58.640044,-34.409553],[-58.640139,-34.40958],[-58.640186,-34.409589],[-58.640104,-34.409179]]]}},{"type":"Feature","properties":{"partida":"057120032","cca":"057030X00000000000000020300000000000012000","tipo":"Urbano","sup_m2":1176.4},"geometry":{"type":"Polygon","coordinates":[[[-58.640186,-34.409589],[-58.640259,-34.409593],[-58.640297,-34.409592],[-58.64039,-34.409582],[-58.640461,-34.409568],[-58.640349,-34.40913],[-58.640104,-34.409179],[-58.640186,-34.409589]]]}},{"type":"Feature","properties":{"partida":"057120033","cca":"057030X00000000000000020300000000000013000","tipo":"Urbano","sup_m2":1202.7},"geometry":{"type":"Polygon","coordinates":[[[-58.640617,-34.409087],[-58.640349,-34.40913],[-58.640461,-34.409568],[-58.640577,-34.409543],[-58.640714,-34.409521],[-58.640617,-34.409087]]]}},{"type":"Feature","properties":{"partida":"057120034","cca":"057030X00000000000000020300000000000014000","tipo":"Urbano","sup_m2":1204.1},"geometry":{"type":"Polygon","coordinates":[[[-58.640884,-34.409046],[-58.640617,-34.409087],[-58.640714,-34.409521],[-58.640973,-34.409482],[-58.640884,-34.409046]]]}},{"type":"Feature","properties":{"partida":"057120035","cca":"057030X00000000000000020300000000000015000","tipo":"Urbano","sup_m2":1198.3},"geometry":{"type":"Polygon","coordinates":[[[-58.640884,-34.409046],[-58.640973,-34.409482],[-58.641225,-34.40945],[-58.641153,-34.409008],[-58.640884,-34.409046]]]}},{"type":"Feature","properties":{"partida":"057120036","cca":"057030X00000000000000020300000000000016000","tipo":"Urbano","sup_m2":1233.4},"geometry":{"type":"Polygon","coordinates":[[[-58.641486,-34.40942],[-58.641426,-34.408974],[-58.641153,-34.409008],[-58.641225,-34.40945],[-58.641486,-34.40942]]]}},{"type":"Feature","properties":{"partida":"057120037","cca":"057030X00000000000000020300000000000017000","tipo":"Urbano","sup_m2":1231.2},"geometry":{"type":"Polygon","coordinates":[[[-58.641426,-34.408974],[-58.641486,-34.40942],[-58.641749,-34.409394],[-58.641697,-34.408948],[-58.641426,-34.408974]]]}},{"type":"Feature","properties":{"partida":"057120038","cca":"057030X00000000000000020300000000000018000","tipo":"Urbano","sup_m2":1230.5},"geometry":{"type":"Polygon","coordinates":[[[-58.641971,-34.408927],[-58.641697,-34.408948],[-58.641749,-34.409394],[-58.64201,-34.409377],[-58.641971,-34.408927]]]}},{"type":"Feature","properties":{"partida":"057120039","cca":"057030X00000000000000020300000000000019000","tipo":"Urbano","sup_m2":1252.5},"geometry":{"type":"Polygon","coordinates":[[[-58.64201,-34.409377],[-58.642215,-34.409363],[-58.642244,-34.40935],[-58.642259,-34.409338],[-58.642271,-34.409322],[-58.642277,-34.40931],[-58.642278,-34.409294],[-58.642267,-34.409111],[-58.64226,-34.409042],[-58.642234,-34.408911],[-58.641971,-34.408927],[-58.64201,-34.409377]]]}},{"type":"Feature","properties":{"partida":"057120040","cca":"057030X00000000000000020400000000000001000","tipo":"Urbano","sup_m2":1228.8},"geometry":{"type":"Polygon","coordinates":[[[-58.638224,-34.408654],[-58.638621,-34.408412],[-58.638558,-34.408384],[-58.6385,-34.408365],[-58.638433,-34.408348],[-58.638342,-34.408335],[-58.638267,-34.408334],[-58.638161,-34.40834],[-58.638082,-34.408354],[-58.637991,-34.408379],[-58.638044,-34.408528],[-58.638061,-34.408554],[-58.638099,-34.408584],[-58.638171,-34.408621],[-58.638224,-34.408654]]]}},{"type":"Feature","properties":{"partida":"057120041","cca":"057030X00000000000000020400000000000002000","tipo":"Urbano","sup_m2":1169.6},"geometry":{"type":"Polygon","coordinates":[[[-58.638224,-34.408654],[-58.638265,-34.408691],[-58.63829,-34.408719],[-58.638318,-34.408758],[-58.638364,-34.408837],[-58.638823,-34.408556],[-58.638783,-34.408518],[-58.638727,-34.408473],[-58.63865,-34.408427],[-58.638621,-34.408412],[-58.638224,-34.408654]]]}},{"type":"Feature","properties":{"partida":"057120042","cca":"057030X00000000000000020400000000000003000","tipo":"Urbano","sup_m2":1189.5},"geometry":{"type":"Polygon","coordinates":[[[-58.638471,-34.409019],[-58.638949,-34.408727],[-58.638877,-34.408619],[-58.638823,-34.408556],[-58.638364,-34.408837],[-58.638471,-34.409019]]]}},{"type":"Feature","properties":{"partida":"057120043","cca":"057030X00000000000000020400000000000004000","tipo":"Urbano","sup_m2":1223.0},"geometry":{"type":"Polygon","coordinates":[[[-58.638471,-34.409019],[-58.638579,-34.409199],[-58.639075,-34.408897],[-58.638992,-34.408788],[-58.638949,-34.408727],[-58.638471,-34.409019]]]}},{"type":"Feature","properties":{"partida":"057120044","cca":"057030X00000000000000020400000000000005000","tipo":"Urbano","sup_m2":1262.6},"geometry":{"type":"Polygon","coordinates":[[[-58.638706,-34.409369],[-58.639213,-34.409056],[-58.639075,-34.408897],[-58.638579,-34.409199],[-58.63863,-34.409274],[-58.638706,-34.409369]]]}},{"type":"Feature","properties":{"partida":"057120045","cca":"057030X00000000000000020400000000000006000","tipo":"Urbano","sup_m2":1273.3},"geometry":{"type":"Polygon","coordinates":[[[-58.638866,-34.409517],[-58.639367,-34.409207],[-58.639213,-34.409056],[-58.638706,-34.409369],[-58.638773,-34.409437],[-58.638866,-34.409517]]]}},{"type":"Feature","properties":{"partida":"057120046","cca":"057030X00000000000000020400000000000007000","tipo":"Urbano","sup_m2":1250.7},"geometry":{"type":"Polygon","coordinates":[[[-58.639042,-34.409655],[-58.639534,-34.409351],[-58.639367,-34.409207],[-58.638866,-34.409517],[-58.639042,-34.409655]]]}},{"type":"Feature","properties":{"partida":"057120047","cca":"057030X00000000000000020400000000000008000","tipo":"Urbano","sup_m2":1270.5},"geometry":{"type":"Polygon","coordinates":[[[-58.639042,-34.409655],[-58.639223,-34.409798],[-58.639706,-34.409498],[-58.639658,-34.409455],[-58.639534,-34.409351],[-58.639042,-34.409655]]]}},{"type":"Feature","properties":{"partida":"057120048","cca":"057030X00000000000000020400000000000009000","tipo":"Urbano","sup_m2":1180.7},"geometry":{"type":"Polygon","coordinates":[[[-58.639395,-34.409935],[-58.639864,-34.409643],[-58.639706,-34.409498],[-58.639223,-34.409798],[-58.639395,-34.409935]]]}},{"type":"Feature","properties":{"partida":"057120049","cca":"057030X00000000000000020400000000000010000","tipo":"Urbano","sup_m2":1162.0},"geometry":{"type":"Polygon","coordinates":[[[-58.63955,-34.410083],[-58.640014,-34.409794],[-58.639864,-34.409643],[-58.639395,-34.409935],[-58.63955,-34.410083]]]}},{"type":"Feature","properties":{"partida":"057120050","cca":"057030X00000000000000020400000000000011000","tipo":"Urbano","sup_m2":1150.8},"geometry":{"type":"Polygon","coordinates":[[[-58.639692,-34.410238],[-58.640155,-34.40995],[-58.640014,-34.409794],[-58.63955,-34.410083],[-58.639692,-34.410238]]]}},{"type":"Feature","properties":{"partida":"057120051","cca":"057030X00000000000000020400000000000012000","tipo":"Urbano","sup_m2":1144.9},"geometry":{"type":"Polygon","coordinates":[[[-58.63982,-34.410376],[-58.640303,-34.410128],[-58.640212,-34.410015],[-58.640155,-34.40995],[-58.639692,-34.410238],[-58.63982,-34.410376]]]}},{"type":"Feature","properties":{"partida":"057120052","cca":"057030X00000000000000020400000000000013000","tipo":"Urbano","sup_m2":1160.1},"geometry":{"type":"Polygon","coordinates":[[[-58.63995,-34.410518],[-58.640438,-34.410335],[-58.640363,-34.410211],[-58.640303,-34.410128],[-58.63982,-34.410376],[-58.63995,-34.410518]]]}},{"type":"Feature","properties":{"partida":"057120053","cca":"057030X00000000000000020400000000000014000","tipo":"Urbano","sup_m2":1090.4},"geometry":{"type":"Polygon","coordinates":[[[-58.640064,-34.410676],[-58.640539,-34.410554],[-58.64049,-34.410438],[-58.640438,-34.410335],[-58.63995,-34.410518],[-58.640013,-34.410591],[-58.640052,-34.410648],[-58.640064,-34.410676]]]}},{"type":"Feature","properties":{"partida":"057120054","cca":"057030X00000000000000020400000000000015000","tipo":"Urbano","sup_m2":1047.1},"geometry":{"type":"Polygon","coordinates":[[[-58.640118,-34.410858],[-58.640601,-34.410778],[-58.64057,-34.410655],[-58.640539,-34.410554],[-58.640064,-34.410676],[-58.640089,-34.410744],[-58.640118,-34.410858]]]}},{"type":"Feature","properties":{"partida":"057120055","cca":"057030X00000000000000020400000000000016000","tipo":"Urbano","sup_m2":1002.6},"geometry":{"type":"Polygon","coordinates":[[[-58.640648,-34.410985],[-58.640601,-34.410778],[-58.640118,-34.410858],[-58.64016,-34.411043],[-58.640648,-34.410985]]]}},{"type":"Feature","properties":{"partida":"057120056","cca":"057030X00000000000000020400000000000017000","tipo":"Urbano","sup_m2":995.6},"geometry":{"type":"Polygon","coordinates":[[[-58.640691,-34.411182],[-58.640648,-34.410985],[-58.64016,-34.411043],[-58.640206,-34.411237],[-58.640691,-34.411182]]]}},{"type":"Feature","properties":{"partida":"057120057","cca":"057030X00000000000000020400000000000018000","tipo":"Urbano","sup_m2":984.5},"geometry":{"type":"Polygon","coordinates":[[[-58.64073,-34.411377],[-58.640691,-34.411182],[-58.640206,-34.411237],[-58.640249,-34.411431],[-58.64073,-34.411377]]]}},{"type":"Feature","properties":{"partida":"057120058","cca":"057030X00000000000000020400000000000019000","tipo":"Urbano","sup_m2":978.1},"geometry":{"type":"Polygon","coordinates":[[[-58.64073,-34.411377],[-58.640249,-34.411431],[-58.640288,-34.411626],[-58.64077,-34.411572],[-58.64073,-34.411377]]]}},{"type":"Feature","properties":{"partida":"057120059","cca":"057030X00000000000000020400000000000020000","tipo":"Urbano","sup_m2":988.1},"geometry":{"type":"Polygon","coordinates":[[[-58.640811,-34.411767],[-58.64077,-34.411572],[-58.640288,-34.411626],[-58.640327,-34.411823],[-58.640811,-34.411767]]]}},{"type":"Feature","properties":{"partida":"057120060","cca":"057030X00000000000000020400000000000021000","tipo":"Urbano","sup_m2":988.9},"geometry":{"type":"Polygon","coordinates":[[[-58.640853,-34.411961],[-58.640811,-34.411767],[-58.640327,-34.411823],[-58.640367,-34.412018],[-58.640853,-34.411961]]]}},{"type":"Feature","properties":{"partida":"057120061","cca":"057030X00000000000000020400000000000022000","tipo":"Urbano","sup_m2":1011.9},"geometry":{"type":"Polygon","coordinates":[[[-58.640893,-34.412163],[-58.640853,-34.411961],[-58.640367,-34.412018],[-58.640404,-34.412215],[-58.640893,-34.412163]]]}},{"type":"Feature","properties":{"partida":"057120062","cca":"057030X00000000000000020400000000000023000","tipo":"Urbano","sup_m2":1035.0},"geometry":{"type":"Polygon","coordinates":[[[-58.640404,-34.412215],[-58.640445,-34.41244],[-58.640879,-34.412377],[-58.640872,-34.412353],[-58.640871,-34.41231],[-58.640894,-34.412228],[-58.640893,-34.412163],[-58.640404,-34.412215]]]}},{"type":"Feature","properties":{"partida":"057120063","cca":"057030X00000000000000020400000000000024000","tipo":"Urbano","sup_m2":1216.5},"geometry":{"type":"Polygon","coordinates":[[[-58.640879,-34.412377],[-58.640445,-34.41244],[-58.640467,-34.412557],[-58.640481,-34.412597],[-58.640509,-34.412626],[-58.640535,-34.412646],[-58.640555,-34.412655],[-58.640576,-34.412661],[-58.640623,-34.412669],[-58.640709,-34.412664],[-58.640804,-34.412646],[-58.640837,-34.412638],[-58.640901,-34.412614],[-58.640965,-34.412582],[-58.640986,-34.412567],[-58.640997,-34.412549],[-58.641004,-34.412524],[-58.641,-34.412499],[-58.640983,-34.412475],[-58.640963,-34.41246],[-58.640944,-34.412451],[-58.640915,-34.412427],[-58.6409,-34.41241],[-58.640879,-34.412377]]]}},{"type":"Feature","properties":{"partida":"057120101","cca":"057030X00000000000000020700000000000002000","tipo":"Urbano","sup_m2":1167.4},"geometry":{"type":"Polygon","coordinates":[[[-58.644892,-34.409073],[-58.645135,-34.408965],[-58.644861,-34.408579],[-58.644653,-34.408669],[-58.644892,-34.409073]]]}},{"type":"Feature","properties":{"partida":"057120102","cca":"057030X00000000000000020700000000000003000","tipo":"Urbano","sup_m2":1180.2},"geometry":{"type":"Polygon","coordinates":[[[-58.644653,-34.408669],[-58.644438,-34.408749],[-58.644643,-34.409168],[-58.644772,-34.409123],[-58.644892,-34.409073],[-58.644653,-34.408669]]]}},{"type":"Feature","properties":{"partida":"057120103","cca":"057030X00000000000000020700000000000004000","tipo":"Urbano","sup_m2":1183.9},"geometry":{"type":"Polygon","coordinates":[[[-58.644381,-34.409246],[-58.644643,-34.409168],[-58.644438,-34.408749],[-58.644215,-34.408818],[-58.644381,-34.409246]]]}},{"type":"Feature","properties":{"partida":"057120104","cca":"057030X00000000000000020700000000000005000","tipo":"Urbano","sup_m2":1158.7},"geometry":{"type":"Polygon","coordinates":[[[-58.644121,-34.409308],[-58.644381,-34.409246],[-58.644215,-34.408818],[-58.64399,-34.408873],[-58.644121,-34.409308]]]}},{"type":"Feature","properties":{"partida":"057120105","cca":"057030X00000000000000020700000000000006000","tipo":"Urbano","sup_m2":1166.9},"geometry":{"type":"Polygon","coordinates":[[[-58.643851,-34.409354],[-58.644121,-34.409308],[-58.64399,-34.408873],[-58.643761,-34.408912],[-58.643851,-34.409354]]]}},{"type":"Feature","properties":{"partida":"057120106","cca":"057030X00000000000000020700000000000007000","tipo":"Urbano","sup_m2":1169.8},"geometry":{"type":"Polygon","coordinates":[[[-58.643851,-34.409354],[-58.643761,-34.408912],[-58.643527,-34.408937],[-58.643576,-34.409383],[-58.643851,-34.409354]]]}},{"type":"Feature","properties":{"partida":"057120107","cca":"057030X00000000000000020700000000000008000","tipo":"Urbano","sup_m2":1164.9},"geometry":{"type":"Polygon","coordinates":[[[-58.6433,-34.409393],[-58.643451,-34.409391],[-58.643576,-34.409383],[-58.643527,-34.408937],[-58.643391,-34.408946],[-58.643292,-34.408949],[-58.6433,-34.409393]]]}},{"type":"Feature","properties":{"partida":"057120108","cca":"057030X00000000000000020700000000000009000","tipo":"Urbano","sup_m2":1158.9},"geometry":{"type":"Polygon","coordinates":[[[-58.6433,-34.409393],[-58.643292,-34.408949],[-58.643164,-34.408948],[-58.643044,-34.408943],[-58.643039,-34.40939],[-58.643177,-34.409396],[-58.6433,-34.409393]]]}},{"type":"Feature","properties":{"partida":"057120109","cca":"057030X00000000000000020700000000000010000","tipo":"Urbano","sup_m2":1182.5},"geometry":{"type":"Polygon","coordinates":[[[-58.642773,-34.409378],[-58.643039,-34.40939],[-58.643044,-34.408943],[-58.642924,-34.408938],[-58.642795,-34.408926],[-58.642773,-34.409378]]]}},{"type":"Feature","properties":{"partida":"057120110","cca":"057030X00000000000000020700000000000011000","tipo":"Urbano","sup_m2":1283.8},"geometry":{"type":"Polygon","coordinates":[[[-58.642773,-34.409378],[-58.642795,-34.408926],[-58.642702,-34.408918],[-58.642668,-34.408921],[-58.642635,-34.408927],[-58.642574,-34.408954],[-58.642536,-34.408984],[-58.642518,-34.409006],[-58.642506,-34.409028],[-58.64249,-34.409073],[-58.642487,-34.409098],[-58.642486,-34.409313],[-58.642497,-34.409339],[-58.642512,-34.409355],[-58.642546,-34.409373],[-58.642567,-34.409376],[-58.642773,-34.409378]]]}},{"type":"Feature","properties":{"partida":"057120116","cca":"057030X00000000000000020800000000000006000","tipo":"Urbano","sup_m2":1340.1},"geometry":{"type":"Polygon","coordinates":[[[-58.645289,-34.409639],[-58.644994,-34.409269],[-58.644878,-34.409328],[-58.644766,-34.409379],[-58.645008,-34.409777],[-58.645099,-34.409736],[-58.645289,-34.409639]]]}},{"type":"Feature","properties":{"partida":"057120117","cca":"057030X00000000000000020800000000000007000","tipo":"Urbano","sup_m2":1331.8},"geometry":{"type":"Polygon","coordinates":[[[-58.645008,-34.409777],[-58.644766,-34.409379],[-58.644592,-34.409445],[-58.644527,-34.409467],[-58.644711,-34.409882],[-58.644828,-34.409848],[-58.645008,-34.409777]]]}},{"type":"Feature","properties":{"partida":"057120118","cca":"057030X00000000000000020800000000000008000","tipo":"Urbano","sup_m2":1302.7},"geometry":{"type":"Polygon","coordinates":[[[-58.644711,-34.409882],[-58.644527,-34.409467],[-58.644341,-34.409515],[-58.644278,-34.409527],[-58.644412,-34.409963],[-58.644711,-34.409882]]]}},{"type":"Feature","properties":{"partida":"057120119","cca":"057030X00000000000000020800000000000009000","tipo":"Urbano","sup_m2":1346.2},"geometry":{"type":"Polygon","coordinates":[[[-58.644412,-34.409963],[-58.644278,-34.409527],[-58.644181,-34.409545],[-58.64402,-34.409568],[-58.644096,-34.410014],[-58.644262,-34.409993],[-58.644412,-34.409963]]]}},{"type":"Feature","properties":{"partida":"057120120","cca":"057030X00000000000000020800000000000010000","tipo":"Urbano","sup_m2":1310.5},"geometry":{"type":"Polygon","coordinates":[[[-58.643784,-34.410037],[-58.643947,-34.410029],[-58.644096,-34.410014],[-58.64402,-34.409568],[-58.643765,-34.409588],[-58.643784,-34.410037]]]}},{"type":"Feature","properties":{"partida":"057120121","cca":"057030X00000000000000020800000000000011000","tipo":"Urbano","sup_m2":1212.7},"geometry":{"type":"Polygon","coordinates":[[[-58.64352,-34.410032],[-58.643733,-34.410039],[-58.643784,-34.410037],[-58.643765,-34.409588],[-58.643502,-34.409579],[-58.64352,-34.410032]]]}},{"type":"Feature","properties":{"partida":"057120122","cca":"057030X00000000000000020800000000000012000","tipo":"Urbano","sup_m2":1205.3},"geometry":{"type":"Polygon","coordinates":[[[-58.643261,-34.410012],[-58.64352,-34.410032],[-58.643502,-34.409579],[-58.643239,-34.409561],[-58.643261,-34.410012]]]}},{"type":"Feature","properties":{"partida":"057120123","cca":"057030X00000000000000020800000000000013000","tipo":"Urbano","sup_m2":1202.6},"geometry":{"type":"Polygon","coordinates":[[[-58.642998,-34.410002],[-58.643261,-34.410012],[-58.643239,-34.409561],[-58.643105,-34.409554],[-58.642979,-34.409552],[-58.642998,-34.410002]]]}},{"type":"Feature","properties":{"partida":"057120124","cca":"057030X00000000000000020800000000000014000","tipo":"Urbano","sup_m2":1205.2},"geometry":{"type":"Polygon","coordinates":[[[-58.642735,-34.410001],[-58.642998,-34.410002],[-58.642979,-34.409552],[-58.642808,-34.409549],[-58.642717,-34.40955],[-58.642735,-34.410001]]]}},{"type":"Feature","properties":{"partida":"057120125","cca":"057030X00000000000000020800000000000015000","tipo":"Urbano","sup_m2":1252.3},"geometry":{"type":"Polygon","coordinates":[[[-58.642717,-34.40955],[-58.642499,-34.409555],[-58.642478,-34.40956],[-58.642447,-34.409579],[-58.642428,-34.409606],[-58.642425,-34.409626],[-58.642437,-34.409931],[-58.642511,-34.409949],[-58.642608,-34.409987],[-58.642638,-34.409995],[-58.642673,-34.410001],[-58.642735,-34.410001],[-58.642717,-34.40955]]]}},{"type":"Feature","properties":{"partida":"057120126","cca":"057030X00000000000000020900000000000001000","tipo":"Urbano","sup_m2":1255.3},"geometry":{"type":"Polygon","coordinates":[[[-58.641933,-34.409969],[-58.641993,-34.409962],[-58.642036,-34.40995],[-58.642074,-34.409935],[-58.642148,-34.409898],[-58.642218,-34.409875],[-58.642197,-34.409562],[-58.642186,-34.409539],[-58.642176,-34.409529],[-58.642148,-34.409511],[-58.642107,-34.409506],[-58.641892,-34.40952],[-58.641933,-34.409969]]]}},{"type":"Feature","properties":{"partida":"057120127","cca":"057030X00000000000000020900000000000002000","tipo":"Urbano","sup_m2":1211.7},"geometry":{"type":"Polygon","coordinates":[[[-58.641679,-34.40999],[-58.641933,-34.409969],[-58.641892,-34.40952],[-58.641622,-34.409541],[-58.641679,-34.40999]]]}},{"type":"Feature","properties":{"partida":"057120128","cca":"057030X00000000000000020900000000000003000","tipo":"Urbano","sup_m2":1191.7},"geometry":{"type":"Polygon","coordinates":[[[-58.641679,-34.40999],[-58.641622,-34.409541],[-58.641355,-34.409569],[-58.64143,-34.410012],[-58.641679,-34.40999]]]}},{"type":"Feature","properties":{"partida":"057120129","cca":"057030X00000000000000020900000000000004000","tipo":"Urbano","sup_m2":1186.8},"geometry":{"type":"Polygon","coordinates":[[[-58.641177,-34.410042],[-58.64143,-34.410012],[-58.641355,-34.409569],[-58.641093,-34.4096],[-58.641177,-34.410042]]]}},{"type":"Feature","properties":{"partida":"057120130","cca":"057030X00000000000000020900000000000005000","tipo":"Urbano","sup_m2":1197.3},"geometry":{"type":"Polygon","coordinates":[[[-58.640926,-34.410079],[-58.641177,-34.410042],[-58.641093,-34.4096],[-58.640828,-34.409638],[-58.640926,-34.410079]]]}},{"type":"Feature","properties":{"partida":"057120131","cca":"057030X00000000000000020900000000000006000","tipo":"Urbano","sup_m2":1201.6},"geometry":{"type":"Polygon","coordinates":[[[-58.640675,-34.410121],[-58.640926,-34.410079],[-58.640828,-34.409638],[-58.640565,-34.40968],[-58.640675,-34.410121]]]}},{"type":"Feature","properties":{"partida":"057120132","cca":"057030X00000000000000020900000000000007000","tipo":"Urbano","sup_m2":1220.1},"geometry":{"type":"Polygon","coordinates":[[[-58.640675,-34.410121],[-58.640565,-34.40968],[-58.640406,-34.409709],[-58.640358,-34.409724],[-58.640338,-34.409735],[-58.640307,-34.40976],[-58.640284,-34.409798],[-58.640275,-34.409833],[-58.640278,-34.409874],[-58.640284,-34.40989],[-58.640299,-34.409915],[-58.640448,-34.410094],[-58.640478,-34.410114],[-58.640498,-34.410122],[-58.640552,-34.410134],[-58.640597,-34.410133],[-58.640675,-34.410121]]]}},{"type":"Feature","properties":{"partida":"057120133","cca":"057030X00000000000000021000000000000001000","tipo":"Urbano","sup_m2":1273.4},"geometry":{"type":"Polygon","coordinates":[[[-58.64282,-34.410312],[-58.642739,-34.410703],[-58.642784,-34.410724],[-58.642828,-34.410756],[-58.642862,-34.410765],[-58.642878,-34.410764],[-58.642914,-34.410756],[-58.642931,-34.410748],[-58.642947,-34.410731],[-58.64314,-34.410477],[-58.643155,-34.410449],[-58.643156,-34.410417],[-58.643152,-34.410401],[-58.643126,-34.410366],[-58.643089,-34.410345],[-58.64307,-34.41034],[-58.64282,-34.410312]]]}},{"type":"Feature","properties":{"partida":"057120134","cca":"057030X00000000000000021000000000000002000","tipo":"Urbano","sup_m2":1194.9},"geometry":{"type":"Polygon","coordinates":[[[-58.642472,-34.410317],[-58.6425,-34.410755],[-58.642549,-34.41072],[-58.642567,-34.410711],[-58.642613,-34.410697],[-58.642671,-34.410691],[-58.642702,-34.410694],[-58.642739,-34.410703],[-58.64282,-34.410312],[-58.642682,-34.410307],[-58.642609,-34.410308],[-58.642472,-34.410317]]]}},{"type":"Feature","properties":{"partida":"057120135","cca":"057030X00000000000000021000000000000003000","tipo":"Urbano","sup_m2":1190.5},"geometry":{"type":"Polygon","coordinates":[[[-58.642212,-34.410355],[-58.642267,-34.410818],[-58.642339,-34.410814],[-58.6424,-34.410804],[-58.642465,-34.410778],[-58.6425,-34.410755],[-58.642472,-34.410317],[-58.642404,-34.410323],[-58.642212,-34.410355]]]}},{"type":"Feature","properties":{"partida":"057120136","cca":"057030X00000000000000021000000000000004000","tipo":"Urbano","sup_m2":1131.9},"geometry":{"type":"Polygon","coordinates":[[[-58.642032,-34.410838],[-58.642267,-34.410818],[-58.642212,-34.410355],[-58.642065,-34.410384],[-58.641963,-34.410395],[-58.642032,-34.410838]]]}},{"type":"Feature","properties":{"partida":"057120137","cca":"057030X00000000000000021000000000000005000","tipo":"Urbano","sup_m2":1108.9},"geometry":{"type":"Polygon","coordinates":[[[-58.642032,-34.410838],[-58.641963,-34.410395],[-58.641721,-34.410419],[-58.641793,-34.410864],[-58.642032,-34.410838]]]}},{"type":"Feature","properties":{"partida":"057120138","cca":"057030X00000000000000021000000000000006000","tipo":"Urbano","sup_m2":1123.4},"geometry":{"type":"Polygon","coordinates":[[[-58.641793,-34.410864],[-58.641721,-34.410419],[-58.641471,-34.41045],[-58.641558,-34.410894],[-58.641793,-34.410864]]]}},{"type":"Feature","properties":{"partida":"057120139","cca":"057030X0000000000000002100000000000000700A","tipo":"Urbano","sup_m2":2255.5},"geometry":{"type":"Polygon","coordinates":[[[-58.64132,-34.410928],[-58.641558,-34.410894],[-58.641471,-34.41045],[-58.640975,-34.410526],[-58.641087,-34.410966],[-58.64132,-34.410928]]]}},{"type":"Feature","properties":{"partida":"057120141","cca":"057030X00000000000000021000000000000009000","tipo":"Urbano","sup_m2":1277.2},"geometry":{"type":"Polygon","coordinates":[[[-58.641087,-34.410966],[-58.640975,-34.410526],[-58.64077,-34.410562],[-58.640753,-34.410566],[-58.640736,-34.410575],[-58.640711,-34.410603],[-58.640704,-34.410618],[-58.640701,-34.410636],[-58.640759,-34.410865],[-58.640771,-34.410898],[-58.640783,-34.410916],[-58.640809,-34.410942],[-58.640834,-34.41096],[-58.640867,-34.410975],[-58.640907,-34.410985],[-58.640943,-34.410988],[-58.640978,-34.410985],[-58.641087,-34.410966]]]}},{"type":"Feature","properties":{"partida":"057120142","cca":"057030X00000000000000021100000000000001000","tipo":"Urbano","sup_m2":1284.3},"geometry":{"type":"Polygon","coordinates":[[[-58.642228,-34.411435],[-58.642276,-34.411436],[-58.642347,-34.411444],[-58.642381,-34.411435],[-58.64241,-34.411412],[-58.642652,-34.411107],[-58.642655,-34.411091],[-58.642652,-34.411062],[-58.642646,-34.41105],[-58.642626,-34.411029],[-58.642599,-34.411016],[-58.642565,-34.411005],[-58.642484,-34.410959],[-58.642451,-34.410947],[-58.642423,-34.410938],[-58.642358,-34.41093],[-58.642228,-34.411435]]]}},{"type":"Feature","properties":{"partida":"057120143","cca":"057030X00000000000000021100000000000002000","tipo":"Urbano","sup_m2":1181.3},"geometry":{"type":"Polygon","coordinates":[[[-58.642086,-34.410951],[-58.642034,-34.411456],[-58.642228,-34.411435],[-58.642358,-34.41093],[-58.642086,-34.410951]]]}},{"type":"Feature","properties":{"partida":"057120144","cca":"057030X0000000000000002110000000000000300A","tipo":"Urbano","sup_m2":2362.2},"geometry":{"type":"Polygon","coordinates":[[[-58.641814,-34.410981],[-58.641542,-34.411016],[-58.641638,-34.411476],[-58.641713,-34.411484],[-58.64178,-34.411483],[-58.642034,-34.411456],[-58.642086,-34.410951],[-58.641814,-34.410981]]]}},{"type":"Feature","properties":{"partida":"057120146","cca":"057030X00000000000000021100000000000005000","tipo":"Urbano","sup_m2":1313.7},"geometry":{"type":"Polygon","coordinates":[[[-58.641638,-34.411476],[-58.641542,-34.411016],[-58.641239,-34.411059],[-58.641208,-34.41107],[-58.641181,-34.411093],[-58.641173,-34.411107],[-58.641169,-34.411139],[-58.641172,-34.411153],[-58.641185,-34.411172],[-58.641335,-34.411336],[-58.641388,-34.411379],[-58.641428,-34.411403],[-58.641485,-34.411431],[-58.64155,-34.411456],[-58.641586,-34.411466],[-58.641638,-34.411476]]]}},{"type":"Feature","properties":{"partida":"057120147","cca":"057030X00000000000000021200000000000001000","tipo":"Urbano","sup_m2":1296.7},"geometry":{"type":"Polygon","coordinates":[[[-58.640961,-34.411762],[-58.64147,-34.411693],[-58.641443,-34.411647],[-58.641423,-34.411622],[-58.641379,-34.411575],[-58.641331,-34.411536],[-58.641274,-34.411501],[-58.641212,-34.411471],[-58.641119,-34.411442],[-58.641043,-34.411429],[-58.640966,-34.411428],[-58.640936,-34.411439],[-58.640924,-34.411448],[-58.640914,-34.411458],[-58.640903,-34.411484],[-58.640904,-34.411507],[-58.640961,-34.411762]]]}},{"type":"Feature","properties":{"partida":"057120148","cca":"057030X00000000000000021200000000000002000","tipo":"Urbano","sup_m2":1155.7},"geometry":{"type":"Polygon","coordinates":[[[-58.640961,-34.411762],[-58.641015,-34.412007],[-58.641551,-34.411855],[-58.641516,-34.411799],[-58.64147,-34.411693],[-58.640961,-34.411762]]]}},{"type":"Feature","properties":{"partida":"057120149","cca":"057030X00000000000000021200000000000003000","tipo":"Urbano","sup_m2":1194.0},"geometry":{"type":"Polygon","coordinates":[[[-58.641162,-34.412194],[-58.641677,-34.411998],[-58.641641,-34.411951],[-58.641575,-34.411886],[-58.641551,-34.411855],[-58.641015,-34.412007],[-58.641029,-34.41207],[-58.641048,-34.412115],[-58.641064,-34.412134],[-58.6411,-34.412164],[-58.641162,-34.412194]]]}},{"type":"Feature","properties":{"partida":"057120150","cca":"057030X00000000000000021200000000000004000","tipo":"Urbano","sup_m2":1244.5},"geometry":{"type":"Polygon","coordinates":[[[-58.641677,-34.411998],[-58.641162,-34.412194],[-58.6412,-34.412221],[-58.641218,-34.412243],[-58.641241,-34.412291],[-58.641251,-34.412339],[-58.641265,-34.41236],[-58.641277,-34.412371],[-58.641304,-34.412384],[-58.641331,-34.412388],[-58.641376,-34.412379],[-58.641696,-34.412223],[-58.64171,-34.412215],[-58.641728,-34.4122],[-58.641746,-34.412174],[-58.641751,-34.412156],[-58.641754,-34.41214],[-58.641749,-34.412119],[-58.641714,-34.412051],[-58.641677,-34.411998]]]}},{"type":"Feature","properties":{"partida":"057120155","cca":"057030X00000000000000021300000000000005000","tipo":"Urbano","sup_m2":1450.5},"geometry":{"type":"Polygon","coordinates":[[[-58.64459,-34.411005],[-58.64495,-34.411423],[-58.645082,-34.411348],[-58.645168,-34.411303],[-58.644843,-34.410875],[-58.64459,-34.411005]]]}},{"type":"Feature","properties":{"partida":"057120156","cca":"057030X00000000000000021300000000000006000","tipo":"Urbano","sup_m2":1480.3},"geometry":{"type":"Polygon","coordinates":[[[-58.644342,-34.411134],[-58.644736,-34.411552],[-58.644855,-34.411483],[-58.64495,-34.411423],[-58.64459,-34.411005],[-58.644342,-34.411134]]]}},{"type":"Feature","properties":{"partida":"057120157","cca":"057030X00000000000000021300000000000007000","tipo":"Urbano","sup_m2":1418.0},"geometry":{"type":"Polygon","coordinates":[[[-58.644118,-34.41125],[-58.644515,-34.411667],[-58.644645,-34.411602],[-58.644736,-34.411552],[-58.644342,-34.411134],[-58.644118,-34.41125]]]}},{"type":"Feature","properties":{"partida":"057120158","cca":"057030X00000000000000021300000000000008000","tipo":"Urbano","sup_m2":1425.5},"geometry":{"type":"Polygon","coordinates":[[[-58.643886,-34.411371],[-58.644278,-34.41177],[-58.644515,-34.411667],[-58.644118,-34.41125],[-58.643886,-34.411371]]]}},{"type":"Feature","properties":{"partida":"057120159","cca":"057030X00000000000000021300000000000009000","tipo":"Urbano","sup_m2":1426.6},"geometry":{"type":"Polygon","coordinates":[[[-58.643641,-34.411501],[-58.644039,-34.411877],[-58.644115,-34.411837],[-58.644278,-34.41177],[-58.643886,-34.411371],[-58.643697,-34.411469],[-58.643641,-34.411501]]]}},{"type":"Feature","properties":{"partida":"057120160","cca":"057030X00000000000000021300000000000010000","tipo":"Urbano","sup_m2":1413.3},"geometry":{"type":"Polygon","coordinates":[[[-58.643426,-34.41166],[-58.643836,-34.412022],[-58.643902,-34.411966],[-58.643968,-34.41192],[-58.644039,-34.411877],[-58.643641,-34.411501],[-58.643523,-34.41158],[-58.643426,-34.41166]]]}},{"type":"Feature","properties":{"partida":"057120161","cca":"057030X00000000000000021300000000000011000","tipo":"Urbano","sup_m2":1427.9},"geometry":{"type":"Polygon","coordinates":[[[-58.643236,-34.411859],[-58.643687,-34.412197],[-58.643742,-34.412123],[-58.643787,-34.41207],[-58.643836,-34.412022],[-58.643426,-34.41166],[-58.643337,-34.411743],[-58.643236,-34.411859]]]}},{"type":"Feature","properties":{"partida":"057120162","cca":"057030X00000000000000021300000000000012000","tipo":"Urbano","sup_m2":1415.6},"geometry":{"type":"Polygon","coordinates":[[[-58.643102,-34.412065],[-58.64357,-34.412407],[-58.643619,-34.412313],[-58.643687,-34.412197],[-58.643236,-34.411859],[-58.64318,-34.411935],[-58.643102,-34.412065]]]}},{"type":"Feature","properties":{"partida":"057120163","cca":"057030X00000000000000021300000000000013000","tipo":"Urbano","sup_m2":1402.0},"geometry":{"type":"Polygon","coordinates":[[[-58.642981,-34.412265],[-58.643462,-34.412618],[-58.643515,-34.412527],[-58.64357,-34.412407],[-58.643102,-34.412065],[-58.643036,-34.412182],[-58.642981,-34.412265]]]}},{"type":"Feature","properties":{"partida":"057120164","cca":"057030X00000000000000021300000000000014000","tipo":"Urbano","sup_m2":1423.1},"geometry":{"type":"Polygon","coordinates":[[[-58.642846,-34.412455],[-58.64333,-34.412809],[-58.643388,-34.412733],[-58.643462,-34.412618],[-58.642981,-34.412265],[-58.642846,-34.412455]]]}},{"type":"Feature","properties":{"partida":"057120165","cca":"057030X00000000000000021300000000000015000","tipo":"Urbano","sup_m2":1416.2},"geometry":{"type":"Polygon","coordinates":[[[-58.642703,-34.412641],[-58.643173,-34.412984],[-58.643249,-34.412905],[-58.64333,-34.412809],[-58.642846,-34.412455],[-58.642747,-34.412588],[-58.642703,-34.412641]]]}},{"type":"Feature","properties":{"partida":"057120166","cca":"057030X00000000000000021300000000000016000","tipo":"Urbano","sup_m2":1455.6},"geometry":{"type":"Polygon","coordinates":[[[-58.642555,-34.412791],[-58.642944,-34.413177],[-58.643093,-34.413057],[-58.643173,-34.412984],[-58.642703,-34.412641],[-58.642622,-34.412728],[-58.642555,-34.412791]]]}},{"type":"Feature","properties":{"partida":"057120167","cca":"057030X00000000000000021300000000000017000","tipo":"Urbano","sup_m2":1304.7},"geometry":{"type":"Polygon","coordinates":[[[-58.642388,-34.412913],[-58.642712,-34.413325],[-58.64289,-34.413216],[-58.642944,-34.413177],[-58.642555,-34.412791],[-58.642498,-34.412839],[-58.642388,-34.412913]]]}},{"type":"Feature","properties":{"partida":"057120168","cca":"057030X00000000000000021300000000000018000","tipo":"Urbano","sup_m2":1266.0},"geometry":{"type":"Polygon","coordinates":[[[-58.642475,-34.413444],[-58.642668,-34.41335],[-58.642712,-34.413325],[-58.642388,-34.412913],[-58.642301,-34.412966],[-58.642194,-34.413018],[-58.642475,-34.413444]]]}},{"type":"Feature","properties":{"partida":"057120169","cca":"057030X00000000000000021300000000000019000","tipo":"Urbano","sup_m2":1293.5},"geometry":{"type":"Polygon","coordinates":[[[-58.642194,-34.413018],[-58.641983,-34.413108],[-58.64222,-34.41355],[-58.642357,-34.413496],[-58.642475,-34.413444],[-58.642194,-34.413018]]]}},{"type":"Feature","properties":{"partida":"057120170","cca":"057030X00000000000000021300000000000020000","tipo":"Urbano","sup_m2":1259.3},"geometry":{"type":"Polygon","coordinates":[[[-58.641772,-34.4132],[-58.641961,-34.413639],[-58.642105,-34.413592],[-58.64222,-34.41355],[-58.641983,-34.413108],[-58.641772,-34.4132]]]}},{"type":"Feature","properties":{"partida":"057120171","cca":"057030X00000000000000021300000000000021000","tipo":"Urbano","sup_m2":1250.2},"geometry":{"type":"Polygon","coordinates":[[[-58.641691,-34.413707],[-58.641851,-34.41367],[-58.641961,-34.413639],[-58.641772,-34.4132],[-58.641533,-34.413302],[-58.641691,-34.413707]]]}},{"type":"Feature","properties":{"partida":"057120172","cca":"057030X00000000000000021300000000000022000","tipo":"Urbano","sup_m2":1314.1},"geometry":{"type":"Polygon","coordinates":[[[-58.641533,-34.413302],[-58.641497,-34.413319],[-58.641444,-34.413351],[-58.641409,-34.413377],[-58.641372,-34.413412],[-58.641334,-34.413456],[-58.641288,-34.41354],[-58.641276,-34.413571],[-58.641262,-34.413644],[-58.641263,-34.413707],[-58.641271,-34.413731],[-58.641281,-34.413743],[-58.641311,-34.413764],[-58.641332,-34.413769],[-58.641357,-34.413769],[-58.641451,-34.413755],[-58.641608,-34.413727],[-58.641691,-34.413707],[-58.641533,-34.413302]]]}},{"type":"Feature","properties":{"partida":"057120181","cca":"057030X00000000000000021500000000000005000","tipo":"Urbano","sup_m2":1142.8},"geometry":{"type":"Polygon","coordinates":[[[-58.644672,-34.411781],[-58.645018,-34.412103],[-58.645138,-34.412016],[-58.645206,-34.411974],[-58.644884,-34.411635],[-58.644781,-34.411701],[-58.644672,-34.411781]]]}},{"type":"Feature","properties":{"partida":"057120182","cca":"057030X00000000000000021500000000000006000","tipo":"Urbano","sup_m2":1177.9},"geometry":{"type":"Polygon","coordinates":[[[-58.644469,-34.411939],[-58.644855,-34.412256],[-58.644952,-34.412161],[-58.645018,-34.412103],[-58.644672,-34.411781],[-58.644469,-34.411939]]]}},{"type":"Feature","properties":{"partida":"057120183","cca":"057030X00000000000000021500000000000007000","tipo":"Urbano","sup_m2":1250.2},"geometry":{"type":"Polygon","coordinates":[[[-58.64427,-34.412118],[-58.644718,-34.412417],[-58.644855,-34.412256],[-58.644469,-34.411939],[-58.64427,-34.412118]]]}},{"type":"Feature","properties":{"partida":"057120184","cca":"057030X00000000000000021500000000000008000","tipo":"Urbano","sup_m2":1302.4},"geometry":{"type":"Polygon","coordinates":[[[-58.644567,-34.412597],[-58.644718,-34.412417],[-58.64427,-34.412118],[-58.644101,-34.412283],[-58.644567,-34.412597]]]}},{"type":"Feature","properties":{"partida":"057120185","cca":"057030X0000000000000002150000000000000900B","tipo":"Urbano","sup_m2":1326.3},"geometry":{"type":"Polygon","coordinates":[[[-58.644101,-34.412283],[-58.64395,-34.412458],[-58.644418,-34.412775],[-58.644567,-34.412597],[-58.644101,-34.412283]]]}},{"type":"Feature","properties":{"partida":"057133005","cca":"057030X0000000000000002150000000000000900C","tipo":"Urbano","sup_m2":1345.2},"geometry":{"type":"Polygon","coordinates":[[[-58.64395,-34.412458],[-58.643799,-34.412638],[-58.64427,-34.412955],[-58.644418,-34.412775],[-58.64395,-34.412458]]]}},{"type":"Feature","properties":{"partida":"057120187","cca":"057030X00000000000000021500000000000011000","tipo":"Urbano","sup_m2":1342.9},"geometry":{"type":"Polygon","coordinates":[[[-58.64427,-34.412955],[-58.643799,-34.412638],[-58.643725,-34.412722],[-58.643642,-34.412808],[-58.64412,-34.413133],[-58.64427,-34.412955]]]}},{"type":"Feature","properties":{"partida":"057120188","cca":"057030X00000000000000021500000000000012000","tipo":"Urbano","sup_m2":1503.5},"geometry":{"type":"Polygon","coordinates":[[[-58.643642,-34.412808],[-58.643469,-34.412971],[-58.643934,-34.413332],[-58.644049,-34.413214],[-58.64412,-34.413133],[-58.643642,-34.412808]]]}},{"type":"Feature","properties":{"partida":"057120189","cca":"057030X00000000000000021500000000000013000","tipo":"Urbano","sup_m2":1569.4},"geometry":{"type":"Polygon","coordinates":[[[-58.643283,-34.413124],[-58.643735,-34.413528],[-58.643836,-34.413431],[-58.643934,-34.413332],[-58.643469,-34.412971],[-58.643373,-34.413054],[-58.643283,-34.413124]]]}},{"type":"Feature","properties":{"partida":"057120190","cca":"057030X00000000000000021500000000000014000","tipo":"Urbano","sup_m2":1671.7},"geometry":{"type":"Polygon","coordinates":[[[-58.643082,-34.413269],[-58.643517,-34.413717],[-58.643641,-34.413615],[-58.643735,-34.413528],[-58.643283,-34.413124],[-58.643082,-34.413269]]]}},{"type":"Feature","properties":{"partida":"057120191","cca":"057030X00000000000000021500000000000015000","tipo":"Urbano","sup_m2":1680.0},"geometry":{"type":"Polygon","coordinates":[[[-58.642873,-34.413397],[-58.643268,-34.413869],[-58.64336,-34.413821],[-58.643414,-34.413788],[-58.643517,-34.413717],[-58.643082,-34.413269],[-58.643005,-34.413318],[-58.642873,-34.413397]]]}},{"type":"Feature","properties":{"partida":"057120192","cca":"057030X00000000000000021500000000000016000","tipo":"Urbano","sup_m2":1597.6},"geometry":{"type":"Polygon","coordinates":[[[-58.642658,-34.41351],[-58.642988,-34.413974],[-58.643154,-34.413922],[-58.643268,-34.413869],[-58.642873,-34.413397],[-58.642751,-34.413464],[-58.642658,-34.41351]]]}},{"type":"Feature","properties":{"partida":"057120193","cca":"057030X00000000000000021500000000000017000","tipo":"Urbano","sup_m2":1476.4},"geometry":{"type":"Polygon","coordinates":[[[-58.642688,-34.414047],[-58.642988,-34.413974],[-58.642658,-34.41351],[-58.642429,-34.413616],[-58.642688,-34.414047]]]}},{"type":"Feature","properties":{"partida":"057120194","cca":"057030X00000000000000021500000000000018000","tipo":"Urbano","sup_m2":1319.7},"geometry":{"type":"Polygon","coordinates":[[[-58.642398,-34.414116],[-58.642688,-34.414047],[-58.642429,-34.413616],[-58.642192,-34.413707],[-58.642398,-34.414116]]]}},{"type":"Feature","properties":{"partida":"057120195","cca":"057030X00000000000000021500000000000019000","tipo":"Urbano","sup_m2":1294.3},"geometry":{"type":"Polygon","coordinates":[[[-58.642096,-34.414189],[-58.642398,-34.414116],[-58.642192,-34.413707],[-58.641937,-34.413785],[-58.642096,-34.414189]]]}},{"type":"Feature","properties":{"partida":"057120196","cca":"057030X00000000000000021500000000000020000","tipo":"Urbano","sup_m2":1251.7},"geometry":{"type":"Polygon","coordinates":[[[-58.641937,-34.413785],[-58.641672,-34.413853],[-58.641788,-34.414246],[-58.642096,-34.414189],[-58.641937,-34.413785]]]}},{"type":"Feature","properties":{"partida":"057120197","cca":"057030X00000000000000021500000000000021000","tipo":"Urbano","sup_m2":1329.7},"geometry":{"type":"Polygon","coordinates":[[[-58.641788,-34.414246],[-58.641672,-34.413853],[-58.641578,-34.413872],[-58.641369,-34.413905],[-58.64135,-34.413912],[-58.64131,-34.413943],[-58.641294,-34.413979],[-58.641292,-34.413998],[-58.641297,-34.414019],[-58.641306,-34.414036],[-58.641326,-34.414059],[-58.641553,-34.414234],[-58.641611,-34.414257],[-58.641642,-34.414263],[-58.641676,-34.414264],[-58.641716,-34.41426],[-58.641788,-34.414246]]]}},{"type":"Feature","properties":{"partida":"057120198","cca":"057030X00000000000000021600000000000000000","tipo":"Urbano","sup_m2":14448.7},"geometry":{"type":"Polygon","coordinates":[[[-58.638987,-34.415435],[-58.639003,-34.415448],[-58.639049,-34.415468],[-58.639101,-34.415479],[-58.639153,-34.415485],[-58.639201,-34.415483],[-58.63925,-34.415478],[-58.639288,-34.415468],[-58.639339,-34.415449],[-58.639666,-34.415286],[-58.63971,-34.41526],[-58.639733,-34.415242],[-58.63979,-34.415186],[-58.639844,-34.415055],[-58.639964,-34.414929],[-58.63999,-34.414896],[-58.640071,-34.414824],[-58.64012,-34.414789],[-58.64016,-34.414764],[-58.640284,-34.41471],[-58.640314,-34.414684],[-58.640393,-34.414581],[-58.640471,-34.414453],[-58.64063,-34.414019],[-58.640408,-34.413993],[-58.640178,-34.413885],[-58.640055,-34.413809],[-58.63987,-34.413771],[-58.639781,-34.413779],[-58.639692,-34.413798],[-58.63946,-34.413883],[-58.63938,-34.413925],[-58.639343,-34.413962],[-58.639321,-34.414013],[-58.639319,-34.414061],[-58.639325,-34.414089],[-58.639363,-34.414213],[-58.639377,-34.414314],[-58.639385,-34.41443],[-58.63938,-34.414581],[-58.639372,-34.41468],[-58.639345,-34.414782],[-58.639311,-34.414898],[-58.639279,-34.414985],[-58.639236,-34.415072],[-58.639146,-34.415294],[-58.639096,-34.415357],[-58.639042,-34.41541],[-58.638987,-34.415435]]]}},{"type":"Feature","properties":{"partida":"057120241","cca":"057030X00000000000000021800000000000021000","tipo":"Urbano","sup_m2":1442.5},"geometry":{"type":"Polygon","coordinates":[[[-58.644778,-34.415113],[-58.644704,-34.415205],[-58.644684,-34.415239],[-58.644675,-34.415265],[-58.644675,-34.415292],[-58.644684,-34.415324],[-58.644696,-34.415346],[-58.64472,-34.41537],[-58.644808,-34.415434],[-58.644926,-34.415507],[-58.645032,-34.415563],[-58.645057,-34.415566],[-58.645082,-34.415565],[-58.645109,-34.415555],[-58.645125,-34.415545],[-58.645145,-34.415521],[-58.645156,-34.415464],[-58.645171,-34.415434],[-58.645185,-34.415415],[-58.645229,-34.415379],[-58.64527,-34.415361],[-58.644778,-34.415113]]]}},{"type":"Feature","properties":{"partida":"057119934","cca":"057030X00000000000000021900000000000000000","tipo":"Urbano","sup_m2":118362.3},"geometry":{"type":"Polygon","coordinates":[[[-58.638987,-34.415435],[-58.639042,-34.41541],[-58.639096,-34.415357],[-58.639146,-34.415294],[-58.639236,-34.415072],[-58.639279,-34.414985],[-58.639311,-34.414898],[-58.639345,-34.414782],[-58.639372,-34.41468],[-58.63938,-34.414581],[-58.639385,-34.41443],[-58.639377,-34.414314],[-58.639363,-34.414213],[-58.639325,-34.414089],[-58.639319,-34.414061],[-58.639321,-34.414013],[-58.639343,-34.413962],[-58.63938,-34.413925],[-58.63946,-34.413883],[-58.639692,-34.413798],[-58.639781,-34.413779],[-58.63987,-34.413771],[-58.640055,-34.413809],[-58.640178,-34.413885],[-58.640408,-34.413993],[-58.64063,-34.414019],[-58.64135,-34.413912],[-58.641385,-34.413902],[-58.641578,-34.413872],[-58.641672,-34.413853],[-58.641937,-34.413785],[-58.642192,-34.413707],[-58.642354,-34.413646],[-58.642429,-34.413616],[-58.642658,-34.41351],[-58.642751,-34.413464],[-58.642873,-34.413397],[-58.643005,-34.413318],[-58.643082,-34.413269],[-58.643283,-34.413124],[-58.643373,-34.413054],[-58.643469,-34.412971],[-58.643642,-34.412808],[-58.643725,-34.412722],[-58.644101,-34.412283],[-58.64427,-34.412118],[-58.644469,-34.411939],[-58.644584,-34.411847],[-58.644781,-34.411701],[-58.645034,-34.411541],[-58.64518,-34.411456],[-58.645423,-34.411329],[-58.645515,-34.411287],[-58.645721,-34.411202],[-58.645881,-34.411145],[-58.645916,-34.411138],[-58.646046,-34.411101],[-58.646275,-34.411075],[-58.646304,-34.411068],[-58.646588,-34.411064],[-58.646624,-34.411066],[-58.64666,-34.411072],[-58.64671,-34.411093],[-58.646756,-34.411127],[-58.646781,-34.411157],[-58.646797,-34.41119],[-58.646807,-34.411224],[-58.646781,-34.411957],[-58.646777,-34.41239],[-58.646785,-34.412736],[-58.646781,-34.412795],[-58.646749,-34.412983],[-58.646667,-34.41323],[-58.646601,-34.413387],[-58.646497,-34.413605],[-58.64635,-34.41389],[-58.646217,-34.414118],[-58.645996,-34.414453],[-58.64585,-34.41463],[-58.645619,-34.414927],[-58.64557,-34.414997],[-58.64544,-34.415239],[-58.645405,-34.415281],[-58.64533,-34.415335],[-58.645229,-34.415379],[-58.645185,-34.415415],[-58.645171,-34.415434],[-58.645156,-34.415464],[-58.645145,-34.415521],[-58.645125,-34.415545],[-58.645109,-34.415555],[-58.645082,-34.415565],[-58.645057,-34.415566],[-58.645032,-34.415563],[-58.645459,-34.415737],[-58.645442,-34.41572],[-58.645432,-34.415699],[-58.645431,-34.415681],[-58.645435,-34.415663],[-58.645452,-34.415638],[-58.64549,-34.415605],[-58.645512,-34.415577],[-58.645525,-34.415551],[-58.64553,-34.415529],[-58.645534,-34.415463],[-58.645543,-34.415429],[-58.645634,-34.415209],[-58.645704,-34.415074],[-58.645793,-34.414949],[-58.645891,-34.414823],[-58.646189,-34.414459],[-58.646509,-34.414101],[-58.646584,-34.414022],[-58.646665,-34.413928],[-58.64679,-34.41374],[-58.646838,-34.413648],[-58.646886,-34.413537],[-58.646939,-34.413325],[-58.646959,-34.413159],[-58.64696,-34.413052],[-58.646941,-34.412465],[-58.646941,-34.412245],[-58.646944,-34.412026],[-58.646965,-34.411311],[-58.646984,-34.41122],[-58.647033,-34.411122],[-58.647047,-34.411102],[-58.64706,-34.411058],[-58.647069,-34.410887],[-58.647062,-34.410834],[-58.647042,-34.410759],[-58.64705,-34.410574],[-58.647063,-34.410461],[-58.647083,-34.41033],[-58.647105,-34.410228],[-58.64714,-34.410087],[-58.647242,-34.40979],[-58.647318,-34.409624],[-58.647432,-34.409423],[-58.64754,-34.409257],[-58.647587,-34.409191],[-58.647693,-34.409057],[-58.64778,-34.408955],[-58.647947,-34.408787],[-58.648003,-34.408726],[-58.648082,-34.408605],[-58.64811,-34.408552],[-58.648135,-34.408491],[-58.648151,-34.408445],[-58.648176,-34.408338],[-58.648183,-34.408281],[-58.648184,-34.408219],[-58.648171,-34.408112],[-58.64816,-34.408053],[-58.648143,-34.407991],[-58.648065,-34.407811],[-58.648041,-34.407724],[-58.648032,-34.407662],[-58.648029,-34.407587],[-58.648038,-34.407482],[-58.648074,-34.407354],[-58.648111,-34.407249],[-58.648125,-34.407224],[-58.648165,-34.407178],[-58.648195,-34.407153],[-58.648228,-34.407133],[-58.648296,-34.407105],[-58.64832,-34.407092],[-58.648342,-34.407074],[-58.648364,-34.407052],[-58.648364,-34.407004],[-58.648356,-34.406957],[-58.648287,-34.40689],[-58.648195,-34.406873],[-58.648143,-34.406871],[-58.648083,-34.406882],[-58.648029,-34.406926],[-58.648015,-34.406954],[-58.648004,-34.406987],[-58.648003,-34.407005],[-58.648006,-34.407086],[-58.648,-34.407112],[-58.647928,-34.407306],[-58.647873,-34.407519],[-58.647856,-34.407613],[-58.647847,-34.407802],[-58.647851,-34.407882],[-58.647863,-34.407958],[-58.647869,-34.408103],[-58.647864,-34.408246],[-58.647842,-34.4084],[-58.647811,-34.408537],[-58.647757,-34.408686],[-58.647727,-34.408756],[-58.647687,-34.408836],[-58.64761,-34.408972],[-58.647428,-34.409222],[-58.647345,-34.409347],[-58.647303,-34.409417],[-58.647195,-34.409615],[-58.647124,-34.409775],[-58.647057,-34.40996],[-58.647001,-34.410149],[-58.646981,-34.410235],[-58.646941,-34.410448],[-58.646932,-34.410531],[-58.646919,-34.410724],[-58.646913,-34.410759],[-58.646902,-34.410787],[-58.646864,-34.410836],[-58.64684,-34.410856],[-58.646813,-34.410872],[-58.646777,-34.410887],[-58.646716,-34.410897],[-58.646385,-34.410895],[-58.646237,-34.410898],[-58.646167,-34.410909],[-58.645998,-34.410975],[-58.645858,-34.41101],[-58.64578,-34.411034],[-58.645693,-34.411064],[-58.645455,-34.411163],[-58.645266,-34.411253],[-58.645082,-34.411348],[-58.644736,-34.411552],[-58.644645,-34.411602],[-58.644515,-34.411667],[-58.644278,-34.41177],[-58.644115,-34.411837],[-58.644039,-34.411877],[-58.643968,-34.41192],[-58.643902,-34.411966],[-58.643836,-34.412022],[-58.643787,-34.41207],[-58.643742,-34.412123],[-58.643687,-34.412197],[-58.643619,-34.412313],[-58.64357,-34.412407],[-58.643515,-34.412527],[-58.643482,-34.412586],[-58.643388,-34.412733],[-58.643295,-34.412853],[-58.643199,-34.412958],[-58.643093,-34.413057],[-58.642944,-34.413177],[-58.64289,-34.413216],[-58.6428,-34.413272],[-58.642668,-34.41335],[-58.642475,-34.413444],[-58.642275,-34.413529],[-58.64203,-34.413617],[-58.641851,-34.41367],[-58.641608,-34.413727],[-58.641451,-34.413755],[-58.641357,-34.413769],[-58.641332,-34.413769],[-58.640882,-34.413838],[-58.640648,-34.413863],[-58.640495,-34.413846],[-58.640198,-34.413734],[-58.640046,-34.413699],[-58.6399,-34.413643],[-58.639796,-34.41362],[-58.639739,-34.413611],[-58.639663,-34.413608],[-58.63958,-34.413612],[-58.639472,-34.413628],[-58.639425,-34.413641],[-58.63936,-34.413664],[-58.638976,-34.413837],[-58.638939,-34.41385],[-58.638887,-34.413854],[-58.638821,-34.413843],[-58.638793,-34.413832],[-58.638761,-34.413812],[-58.638732,-34.413788],[-58.638716,-34.413765],[-58.638666,-34.413312],[-58.638628,-34.413113],[-58.63827,-34.412566],[-58.637699,-34.411718],[-58.637652,-34.411628],[-58.637597,-34.411505],[-58.637563,-34.411372],[-58.637548,-34.411297],[-58.637543,-34.411193],[-58.637544,-34.411077],[-58.637551,-34.411001],[-58.637565,-34.410924],[-58.637581,-34.410852],[-58.6376,-34.410794],[-58.637628,-34.410679],[-58.637658,-34.41049],[-58.637676,-34.410287],[-58.637675,-34.410179],[-58.637662,-34.410017],[-58.637649,-34.409923],[-58.637629,-34.409825],[-58.637575,-34.409635],[-58.637535,-34.409521],[-58.637438,-34.409309],[-58.637405,-34.409247],[-58.637321,-34.409095],[-58.637213,-34.408921],[-58.637203,-34.408874],[-58.637203,-34.408844],[-58.637212,-34.408811],[-58.637243,-34.408753],[-58.637279,-34.408721],[-58.637404,-34.408641],[-58.637544,-34.408582],[-58.637767,-34.40847],[-58.637991,-34.408379],[-58.638082,-34.408354],[-58.638161,-34.40834],[-58.638267,-34.408334],[-58.638342,-34.408335],[-58.638433,-34.408348],[-58.638528,-34.408374],[-58.638621,-34.408412],[-58.638707,-34.408461],[-58.638727,-34.408473],[-58.638783,-34.408518],[-58.638823,-34.408556],[-58.638877,-34.408619],[-58.638992,-34.408788],[-58.639075,-34.408897],[-58.639213,-34.409056],[-58.639344,-34.409187],[-58.639485,-34.40931],[-58.639658,-34.409455],[-58.639864,-34.409643],[-58.639971,-34.409749],[-58.640124,-34.409914],[-58.640212,-34.410015],[-58.640303,-34.410128],[-58.640363,-34.410211],[-58.640438,-34.410335],[-58.64049,-34.410438],[-58.640539,-34.410554],[-58.64057,-34.410655],[-58.640601,-34.410778],[-58.640691,-34.411182],[-58.640893,-34.412163],[-58.640894,-34.412228],[-58.640871,-34.41231],[-58.640872,-34.412353],[-58.640879,-34.412377],[-58.6409,-34.41241],[-58.640929,-34.412441],[-58.640983,-34.412475],[-58.640993,-34.412486],[-58.641004,-34.412513],[-58.641003,-34.412535],[-58.640997,-34.412549],[-58.640986,-34.412567],[-58.640965,-34.412582],[-58.641019,-34.412558],[-58.641132,-34.412495],[-58.641352,-34.412385],[-58.641331,-34.412388],[-58.641304,-34.412384],[-58.641277,-34.412371],[-58.641265,-34.41236],[-58.641251,-34.412339],[-58.641235,-34.412275],[-58.641209,-34.412231],[-58.641181,-34.412206],[-58.641162,-34.412194],[-58.641114,-34.412172],[-58.641084,-34.412152],[-58.641048,-34.412115],[-58.641029,-34.41207],[-58.640904,-34.411507],[-58.640893,-34.411468],[-58.640893,-34.411425],[-58.640903,-34.411367],[-58.640954,-34.411241],[-58.640989,-34.411191],[-58.641096,-34.411099],[-58.641134,-34.41108],[-58.641239,-34.411059],[-58.641542,-34.411016],[-58.641814,-34.410981],[-58.642086,-34.410951],[-58.642358,-34.41093],[-58.642423,-34.410938],[-58.642451,-34.410947],[-58.642484,-34.410959],[-58.642565,-34.411005],[-58.642599,-34.411016],[-58.642626,-34.411029],[-58.642646,-34.41105],[-58.642656,-34.411075],[-58.642652,-34.411107],[-58.642641,-34.411124],[-58.642726,-34.411027],[-58.642931,-34.410748],[-58.642897,-34.410761],[-58.642862,-34.410765],[-58.642828,-34.410756],[-58.642784,-34.410724],[-58.642739,-34.410703],[-58.642687,-34.410693],[-58.642659,-34.410691],[-58.642628,-34.410693],[-58.642567,-34.410711],[-58.642549,-34.41072],[-58.642465,-34.410778],[-58.6424,-34.410804],[-58.642375,-34.41081],[-58.642032,-34.410838],[-58.641793,-34.410864],[-58.64132,-34.410928],[-58.640978,-34.410985],[-58.640924,-34.410987],[-58.640867,-34.410975],[-58.640834,-34.41096],[-58.640818,-34.41095],[-58.640783,-34.410916],[-58.640771,-34.410898],[-58.640759,-34.410865],[-58.640701,-34.410636],[-58.640641,-34.410458],[-58.640501,-34.410196],[-58.640462,-34.410103],[-58.640448,-34.410094],[-58.640299,-34.409915],[-58.640284,-34.40989],[-58.640278,-34.409874],[-58.640275,-34.409833],[-58.640284,-34.409798],[-58.640307,-34.40976],[-58.640338,-34.409735],[-58.640358,-34.409724],[-58.640406,-34.409709],[-58.640565,-34.40968],[-58.640828,-34.409638],[-58.641093,-34.4096],[-58.641355,-34.409569],[-58.641622,-34.409541],[-58.641892,-34.40952],[-58.642107,-34.409506],[-58.642499,-34.409555],[-58.642808,-34.409549],[-58.643105,-34.409554],[-58.643502,-34.409579],[-58.643765,-34.409588],[-58.64402,-34.409568],[-58.644181,-34.409545],[-58.644341,-34.409515],[-58.644527,-34.409467],[-58.644592,-34.409445],[-58.644766,-34.409379],[-58.644878,-34.409328],[-58.64502,-34.409255],[-58.645108,-34.409196],[-58.645149,-34.409163],[-58.645248,-34.409072],[-58.645286,-34.409031],[-58.645345,-34.408953],[-58.645389,-34.408884],[-58.645417,-34.408817],[-58.645455,-34.408709],[-58.645484,-34.40866],[-58.645509,-34.40863],[-58.645531,-34.408598],[-58.645543,-34.408563],[-58.645542,-34.40853],[-58.645537,-34.408504],[-58.645525,-34.408475],[-58.64549,-34.40843],[-58.645485,-34.408414],[-58.645485,-34.408391],[-58.645498,-34.408368],[-58.645514,-34.408354],[-58.645535,-34.408343],[-58.645411,-34.408375],[-58.645161,-34.408426],[-58.645102,-34.408454],[-58.644992,-34.408515],[-58.645036,-34.408509],[-58.645085,-34.40851],[-58.64513,-34.408523],[-58.645152,-34.408534],[-58.645177,-34.408552],[-58.645206,-34.408585],[-58.645235,-34.40866],[-58.64526,-34.408699],[-58.645272,-34.408726],[-58.645281,-34.408769],[-58.645281,-34.408789],[-58.645273,-34.408831],[-58.645266,-34.408849],[-58.64524,-34.408891],[-58.645218,-34.408913],[-58.645175,-34.408946],[-58.644892,-34.409073],[-58.644772,-34.409123],[-58.644643,-34.409168],[-58.644381,-34.409246],[-58.644121,-34.409308],[-58.643851,-34.409354],[-58.643576,-34.409383],[-58.643451,-34.409391],[-58.643177,-34.409396],[-58.642773,-34.409378],[-58.642567,-34.409376],[-58.642546,-34.409373],[-58.642215,-34.409363],[-58.641749,-34.409394],[-58.641486,-34.40942],[-58.640973,-34.409482],[-58.640577,-34.409543],[-58.6405,-34.409561],[-58.64039,-34.409582],[-58.640297,-34.409592],[-58.640259,-34.409593],[-58.640186,-34.409589],[-58.640139,-34.40958],[-58.640044,-34.409553],[-58.639998,-34.409534],[-58.639961,-34.409514],[-58.639895,-34.409469],[-58.639616,-34.409235],[-58.63953,-34.409167],[-58.639442,-34.409089],[-58.639425,-34.40907],[-58.639411,-34.409048],[-58.639402,-34.409011],[-58.639403,-34.408984],[-58.639409,-34.40896],[-58.63942,-34.408934],[-58.63944,-34.408911],[-58.639461,-34.408894],[-58.639488,-34.408878],[-58.639531,-34.408866],[-58.639963,-34.40878],[-58.640216,-34.408726],[-58.640299,-34.408714],[-58.64072,-34.408627],[-58.641395,-34.408493],[-58.641441,-34.408486],[-58.64149,-34.408486],[-58.641539,-34.408495],[-58.641627,-34.408521],[-58.641682,-34.408521],[-58.641725,-34.408513],[-58.641762,-34.408497],[-58.641793,-34.408476],[-58.641824,-34.408442],[-58.641842,-34.408408],[-58.642034,-34.408383],[-58.641965,-34.408211],[-58.641795,-34.408254],[-58.641763,-34.408233],[-58.641736,-34.408221],[-58.641706,-34.408213],[-58.641666,-34.408208],[-58.641609,-34.408214],[-58.641593,-34.408218],[-58.641555,-34.408235],[-58.641533,-34.408249],[-58.641481,-34.408293],[-58.641447,-34.408313],[-58.641409,-34.408329],[-58.641367,-34.408341],[-58.640955,-34.408421],[-58.640189,-34.408578],[-58.640053,-34.408601],[-58.639308,-34.408754],[-58.639283,-34.408759],[-58.639257,-34.408759],[-58.639218,-34.408756],[-58.639165,-34.408741],[-58.639133,-34.408726],[-58.639092,-34.408693],[-58.639071,-34.40867],[-58.639026,-34.408606],[-58.638939,-34.408465],[-58.638866,-34.408328],[-58.638842,-34.408278],[-58.638831,-34.408241],[-58.638829,-34.408206],[-58.638837,-34.40817],[-58.638853,-34.408135],[-58.63888,-34.408101],[-58.638924,-34.408067],[-58.638971,-34.408045],[-58.639445,-34.407895],[-58.639485,-34.407886],[-58.640094,-34.4077],[-58.6406,-34.407553],[-58.641349,-34.407345],[-58.641557,-34.407284],[-58.641802,-34.407233],[-58.641945,-34.407209],[-58.642383,-34.407082],[-58.643118,-34.406855],[-58.643848,-34.40662],[-58.644338,-34.406467],[-58.64483,-34.406315],[-58.645572,-34.406094],[-58.646914,-34.40571],[-58.646974,-34.405697],[-58.647086,-34.405684],[-58.647151,-34.405696],[-58.647175,-34.405695],[-58.647223,-34.405671],[-58.647241,-34.405656],[-58.647265,-34.405627],[-58.647292,-34.405581],[-58.647308,-34.40557],[-58.647334,-34.405559],[-58.647419,-34.405533],[-58.647639,-34.405468],[-58.647588,-34.405449],[-58.64752,-34.405414],[-58.64746,-34.405374],[-58.647255,-34.405433],[-58.647228,-34.405429],[-58.647169,-34.405406],[-58.647101,-34.405398],[-58.647076,-34.405401],[-58.647068,-34.405407],[-58.647026,-34.405423],[-58.646984,-34.40545],[-58.646966,-34.405468],[-58.646926,-34.405516],[-58.646885,-34.405547],[-58.646863,-34.40556],[-58.646797,-34.405587],[-58.645736,-34.40589],[-58.645285,-34.406024],[-58.644609,-34.406228],[-58.644037,-34.406406],[-58.643923,-34.406436],[-58.643776,-34.406467],[-58.643676,-34.406484],[-58.64344,-34.406515],[-58.643203,-34.406538],[-58.643058,-34.406561],[-58.64285,-34.406602],[-58.64262,-34.406661],[-58.64246,-34.406713],[-58.64225,-34.406793],[-58.642077,-34.406871],[-58.641649,-34.407082],[-58.641504,-34.407146],[-58.641339,-34.407208],[-58.641076,-34.407287],[-58.640619,-34.407408],[-58.639938,-34.407596],[-58.639483,-34.407731],[-58.639331,-34.407771],[-58.638366,-34.408074],[-58.637918,-34.40822],[-58.637772,-34.408271],[-58.637554,-34.408361],[-58.637446,-34.408426],[-58.637274,-34.408548],[-58.637119,-34.408621],[-58.637087,-34.408623],[-58.637062,-34.408621],[-58.63702,-34.408604],[-58.636996,-34.40858],[-58.636932,-34.408474],[-58.636862,-34.408384],[-58.636758,-34.408274],[-58.63667,-34.408194],[-58.636569,-34.408114],[-58.636553,-34.408104],[-58.636512,-34.408057],[-58.636496,-34.408027],[-58.636493,-34.407918],[-58.636488,-34.407895],[-58.636478,-34.40787],[-58.636396,-34.407769],[-58.636253,-34.407584],[-58.636234,-34.407538],[-58.636226,-34.407513],[-58.636224,-34.407479],[-58.636225,-34.407455],[-58.636235,-34.4074],[-58.636258,-34.407342],[-58.636296,-34.407272],[-58.636319,-34.407238],[-58.63639,-34.407161],[-58.636435,-34.407121],[-58.636466,-34.407098],[-58.636527,-34.407064],[-58.636606,-34.407028],[-58.636304,-34.407126],[-58.636204,-34.407154],[-58.636015,-34.407218],[-58.633887,-34.407881],[-58.634324,-34.40779],[-58.634744,-34.407716],[-58.634922,-34.407707],[-58.635044,-34.407711],[-58.635292,-34.407753],[-58.635416,-34.407784],[-58.635525,-34.407818],[-58.635627,-34.407857],[-58.635693,-34.407889],[-58.635821,-34.407958],[-58.635844,-34.407978],[-58.635868,-34.408001],[-58.635893,-34.408035],[-58.635908,-34.408066],[-58.635918,-34.408094],[-58.635931,-34.408161],[-58.635949,-34.408198],[-58.635972,-34.408228],[-58.636007,-34.40826],[-58.636046,-34.408285],[-58.636077,-34.4083],[-58.636122,-34.408311],[-58.636213,-34.408326],[-58.636335,-34.408362],[-58.63641,-34.40839],[-58.636573,-34.408474],[-58.636661,-34.408537],[-58.636748,-34.408606],[-58.636877,-34.408738],[-58.636888,-34.408766],[-58.636887,-34.408792],[-58.636882,-34.40881],[-58.636857,-34.40884],[-58.636909,-34.408986],[-58.636923,-34.408978],[-58.636949,-34.408968],[-58.636972,-34.408964],[-58.636999,-34.408965],[-58.637023,-34.408971],[-58.637066,-34.408997],[-58.637181,-34.409181],[-58.637254,-34.409359],[-58.637267,-34.409373],[-58.637341,-34.409544],[-58.637371,-34.409626],[-58.637403,-34.409737],[-58.637448,-34.409915],[-58.637465,-34.410008],[-58.637475,-34.410125],[-58.637479,-34.410217],[-58.637477,-34.410324],[-58.637463,-34.410496],[-58.637451,-34.410585],[-58.637403,-34.410784],[-58.637375,-34.410882],[-58.63735,-34.411065],[-58.637343,-34.411143],[-58.637353,-34.411291],[-58.637363,-34.411362],[-58.637389,-34.411479],[-58.637427,-34.411594],[-58.637449,-34.411647],[-58.637518,-34.411776],[-58.6377,-34.412048],[-58.637807,-34.412217],[-58.638004,-34.412508],[-58.638102,-34.412679],[-58.638214,-34.412889],[-58.638282,-34.413081],[-58.638402,-34.413391],[-58.6385,-34.413621],[-58.638599,-34.413797],[-58.638656,-34.413914],[-58.638722,-34.414029],[-58.63876,-34.414121],[-58.638756,-34.414217],[-58.638662,-34.414437],[-58.638623,-34.414548],[-58.638589,-34.414691],[-58.63858,-34.41481],[-58.638597,-34.415185],[-58.638638,-34.415335],[-58.638641,-34.415396],[-58.638618,-34.415451],[-58.63857,-34.415492],[-58.638654,-34.415579],[-58.638725,-34.415532],[-58.638781,-34.415505],[-58.638847,-34.415477],[-58.638917,-34.41546],[-58.638987,-34.415435]]]}},{"type":"Feature","properties":{"partida":"057135467","cca":"057030X00000000000000024300000000000002000","tipo":"Urbano","sup_m2":10410.1},"geometry":{"type":"Polygon","coordinates":[[[-58.631407,-34.408342],[-58.628775,-34.409111],[-58.628802,-34.409108],[-58.628828,-34.409109],[-58.628863,-34.409117],[-58.628892,-34.409131],[-58.628915,-34.40915],[-58.628935,-34.409177],[-58.628944,-34.409208],[-58.628944,-34.40924],[-58.628921,-34.409289],[-58.628908,-34.409326],[-58.628897,-34.409373],[-58.628895,-34.409425],[-58.628901,-34.409463],[-58.628944,-34.409564],[-58.628978,-34.409622],[-58.629023,-34.409687],[-58.629083,-34.409751],[-58.629158,-34.409816],[-58.629341,-34.409937],[-58.629468,-34.409766],[-58.629605,-34.409601],[-58.629751,-34.409441],[-58.629907,-34.409288],[-58.630071,-34.409141],[-58.630244,-34.409001],[-58.630425,-34.408868],[-58.630614,-34.408743],[-58.63081,-34.408626],[-58.631013,-34.408516],[-58.631221,-34.408415],[-58.631407,-34.408342]]]}},{"type":"Feature","properties":{"partida":"057135464","cca":"057030X00000000000000024300000000000003000","tipo":"Urbano","sup_m2":2462.4},"geometry":{"type":"Polygon","coordinates":[[[-58.631772,-34.408236],[-58.631407,-34.408342],[-58.631221,-34.408415],[-58.631013,-34.408516],[-58.63081,-34.408626],[-58.630614,-34.408743],[-58.630425,-34.408868],[-58.630244,-34.409001],[-58.630071,-34.409141],[-58.629907,-34.409288],[-58.629751,-34.409441],[-58.629605,-34.409601],[-58.629468,-34.409766],[-58.629341,-34.409937],[-58.62937,-34.40995],[-58.629397,-34.409956],[-58.629425,-34.409953],[-58.62945,-34.409939],[-58.629545,-34.40981],[-58.629679,-34.409648],[-58.629823,-34.409492],[-58.629976,-34.409341],[-58.630137,-34.409197],[-58.630307,-34.40906],[-58.630484,-34.408929],[-58.630669,-34.408806],[-58.630861,-34.408691],[-58.63106,-34.408583],[-58.631265,-34.408484],[-58.631475,-34.408393],[-58.631789,-34.408278],[-58.631772,-34.408236]]]}},{"type":"Feature","properties":{"partida":"057135468","cca":"057030X0000000000000002440000000000000200A","tipo":"Urbano","sup_m2":1505.1},"geometry":{"type":"Polygon","coordinates":[[[-58.628792,-34.409488],[-58.628172,-34.409669],[-58.628269,-34.409927],[-58.628861,-34.409657],[-58.62883,-34.4096],[-58.628792,-34.409488]]]}},{"type":"Feature","properties":{"partida":"057137866","cca":"057030X0000000000000002440000000000000200B","tipo":"Urbano","sup_m2":4372.5},"geometry":{"type":"Polygon","coordinates":[[[-58.628269,-34.409927],[-58.628382,-34.410248],[-58.62847,-34.410541],[-58.628545,-34.410836],[-58.629033,-34.409856],[-58.628962,-34.409788],[-58.628899,-34.409713],[-58.628861,-34.409657],[-58.628269,-34.409927]]]}},{"type":"Feature","properties":{"partida":"057111765","cca":"057030X0000000000000002440000000000000300A","tipo":"Urbano","sup_m2":3989.0},"geometry":{"type":"Polygon","coordinates":[[[-58.629033,-34.409856],[-58.628545,-34.410836],[-58.628589,-34.411035],[-58.628627,-34.411233],[-58.62866,-34.411433],[-58.628694,-34.411688],[-58.628703,-34.411614],[-58.628713,-34.411443],[-58.628751,-34.411248],[-58.628801,-34.411052],[-58.628864,-34.410855],[-58.628937,-34.410664],[-58.629022,-34.410476],[-58.629118,-34.410292],[-58.629222,-34.410115],[-58.62928,-34.410025],[-58.629082,-34.409895],[-58.629033,-34.409856]]]}},{"type":"Feature","properties":{"partida":"057135465","cca":"057030X00000000000000024400000000000004000","tipo":"Urbano","sup_m2":1799.5},"geometry":{"type":"Polygon","coordinates":[[[-58.62928,-34.410025],[-58.629222,-34.410115],[-58.629118,-34.410292],[-58.629022,-34.410476],[-58.628937,-34.410664],[-58.628864,-34.410855],[-58.628801,-34.411052],[-58.628751,-34.411248],[-58.628713,-34.411443],[-58.628703,-34.411614],[-58.628694,-34.411688],[-58.628733,-34.412135],[-58.628754,-34.411858],[-58.628805,-34.411455],[-58.628843,-34.411261],[-58.628893,-34.411069],[-58.628954,-34.410879],[-58.629026,-34.410691],[-58.629108,-34.410507],[-58.629202,-34.410326],[-58.629338,-34.410101],[-58.629341,-34.410084],[-58.629339,-34.410067],[-58.629331,-34.410054],[-58.62932,-34.410045],[-58.62928,-34.410025]]]}},{"type":"Feature","properties":{"partida":"057135466","cca":"057030X00000000000000024500000000000002000","tipo":"Urbano","sup_m2":1649.3},"geometry":{"type":"Polygon","coordinates":[[[-58.62945,-34.409939],[-58.629438,-34.409947],[-58.629413,-34.409956],[-58.629397,-34.409956],[-58.62937,-34.40995],[-58.629341,-34.409937],[-58.629158,-34.409816],[-58.629083,-34.409751],[-58.629023,-34.409687],[-58.628978,-34.409622],[-58.628944,-34.409564],[-58.628923,-34.409518],[-58.628901,-34.409463],[-58.628895,-34.409425],[-58.628897,-34.409373],[-58.628908,-34.409326],[-58.628921,-34.409289],[-58.628944,-34.40924],[-58.628944,-34.409208],[-58.628935,-34.409177],[-58.628915,-34.40915],[-58.628892,-34.409131],[-58.628863,-34.409117],[-58.628828,-34.409109],[-58.628802,-34.409108],[-58.628775,-34.409111],[-58.628647,-34.409149],[-58.628792,-34.409488],[-58.62883,-34.4096],[-58.628861,-34.409657],[-58.628899,-34.409713],[-58.628962,-34.409788],[-58.629033,-34.409856],[-58.629082,-34.409895],[-58.62928,-34.410025],[-58.62932,-34.410045],[-58.629331,-34.410054],[-58.629339,-34.410067],[-58.629341,-34.410084],[-58.629338,-34.410101],[-58.62945,-34.409939]]]}},{"type":"Feature","properties":{"partida":"057128754","cca":"057030X00000000000000025000000000000001000","tipo":"Urbano","sup_m2":1056.9},"geometry":{"type":"Polygon","coordinates":[[[-58.633991,-34.410569],[-58.633897,-34.410609],[-58.633807,-34.410655],[-58.634064,-34.410968],[-58.634159,-34.410922],[-58.634262,-34.410887],[-58.634232,-34.410801],[-58.6342,-34.410731],[-58.634157,-34.410649],[-58.634123,-34.410597],[-58.634093,-34.410574],[-58.634063,-34.410564],[-58.634031,-34.410561],[-58.633991,-34.410569]]]}},{"type":"Feature","properties":{"partida":"057138952","cca":"057030X00000000000000025000000000000002000","tipo":"Urbano","sup_m2":998.0},"geometry":{"type":"Polygon","coordinates":[[[-58.633913,-34.411078],[-58.633984,-34.411019],[-58.634064,-34.410968],[-58.633807,-34.410655],[-58.633694,-34.410726],[-58.633625,-34.41078],[-58.633571,-34.410827],[-58.633913,-34.411078]]]}},{"type":"Feature","properties":{"partida":"057138953","cca":"057030X00000000000000025000000000000003000","tipo":"Urbano","sup_m2":997.6},"geometry":{"type":"Polygon","coordinates":[[[-58.633801,-34.411215],[-58.633858,-34.411136],[-58.633913,-34.411078],[-58.633571,-34.410827],[-58.63352,-34.410878],[-58.633474,-34.410931],[-58.633432,-34.410986],[-58.633394,-34.411044],[-58.633801,-34.411215]]]}},{"type":"Feature","properties":{"partida":"057138954","cca":"057030X00000000000000025000000000000004000","tipo":"Urbano","sup_m2":997.9},"geometry":{"type":"Polygon","coordinates":[[[-58.633734,-34.411371],[-58.633762,-34.411291],[-58.633801,-34.411215],[-58.633394,-34.411044],[-58.63336,-34.411103],[-58.633331,-34.411164],[-58.633307,-34.411226],[-58.633288,-34.41129],[-58.633734,-34.411371]]]}},{"type":"Feature","properties":{"partida":"057138955","cca":"057030X00000000000000025000000000000005000","tipo":"Urbano","sup_m2":997.4},"geometry":{"type":"Polygon","coordinates":[[[-58.633716,-34.411536],[-58.633719,-34.411453],[-58.633734,-34.411371],[-58.633288,-34.41129],[-58.633273,-34.411354],[-58.633264,-34.411419],[-58.633259,-34.411485],[-58.63326,-34.41155],[-58.633716,-34.411536]]]}},{"type":"Feature","properties":{"partida":"057138956","cca":"057030X00000000000000025000000000000006000","tipo":"Urbano","sup_m2":923.7},"geometry":{"type":"Polygon","coordinates":[[[-58.633716,-34.411536],[-58.63326,-34.41155],[-58.633266,-34.411622],[-58.633285,-34.411752],[-58.633742,-34.411728],[-58.633724,-34.411611],[-58.633716,-34.411536]]]}},{"type":"Feature","properties":{"partida":"057138957","cca":"057030X00000000000000025000000000000007000","tipo":"Urbano","sup_m2":947.4},"geometry":{"type":"Polygon","coordinates":[[[-58.633285,-34.411752],[-58.633317,-34.411936],[-58.633776,-34.411946],[-58.633766,-34.411864],[-58.633742,-34.411728],[-58.633285,-34.411752]]]}},{"type":"Feature","properties":{"partida":"057138958","cca":"057030X00000000000000025000000000000008000","tipo":"Urbano","sup_m2":936.5},"geometry":{"type":"Polygon","coordinates":[[[-58.633776,-34.411946],[-58.633317,-34.411936],[-58.633323,-34.412028],[-58.633316,-34.41212],[-58.63377,-34.412164],[-58.633779,-34.412055],[-58.633776,-34.411946]]]}},{"type":"Feature","properties":{"partida":"057138959","cca":"057030X00000000000000025000000000000009000","tipo":"Urbano","sup_m2":958.9},"geometry":{"type":"Polygon","coordinates":[[[-58.63377,-34.412164],[-58.633316,-34.41212],[-58.6333,-34.412202],[-58.633273,-34.412283],[-58.633706,-34.412402],[-58.633732,-34.412332],[-58.633749,-34.412272],[-58.63377,-34.412164]]]}},{"type":"Feature","properties":{"partida":"057138960","cca":"057030X00000000000000025000000000000010000","tipo":"Urbano","sup_m2":959.3},"geometry":{"type":"Polygon","coordinates":[[[-58.633273,-34.412283],[-58.633236,-34.412361],[-58.63319,-34.412435],[-58.633585,-34.412625],[-58.633652,-34.412516],[-58.633706,-34.412402],[-58.633273,-34.412283]]]}},{"type":"Feature","properties":{"partida":"057138961","cca":"057030X00000000000000025000000000000011000","tipo":"Urbano","sup_m2":941.0},"geometry":{"type":"Polygon","coordinates":[[[-58.63319,-34.412435],[-58.633148,-34.41249],[-58.633056,-34.412597],[-58.633402,-34.412786],[-58.633424,-34.412768],[-58.633479,-34.412738],[-58.633514,-34.412712],[-58.63354,-34.412685],[-58.633585,-34.412625],[-58.63319,-34.412435]]]}},{"type":"Feature","properties":{"partida":"057138962","cca":"057030X00000000000000025000000000000012000","tipo":"Urbano","sup_m2":1227.7},"geometry":{"type":"Polygon","coordinates":[[[-58.633356,-34.413005],[-58.633376,-34.412926],[-58.633367,-34.412878],[-58.633369,-34.412848],[-58.633379,-34.412818],[-58.633402,-34.412786],[-58.633056,-34.412597],[-58.632982,-34.412698],[-58.632924,-34.412788],[-58.632917,-34.412809],[-58.632917,-34.412831],[-58.63293,-34.412866],[-58.632946,-34.412884],[-58.632966,-34.412898],[-58.633037,-34.412923],[-58.633185,-34.412967],[-58.633356,-34.413005]]]}},{"type":"Feature","properties":{"partida":"057138942","cca":"057030X00000000000000025100000000000001000","tipo":"Urbano","sup_m2":52697.9},"geometry":{"type":"Polygon","coordinates":[[[-58.633402,-34.412786],[-58.633379,-34.412818],[-58.633369,-34.412848],[-58.633367,-34.412878],[-58.633376,-34.412926],[-58.633356,-34.413005],[-58.633487,-34.413027],[-58.63362,-34.413041],[-58.63363,-34.412963],[-58.633639,-34.412945],[-58.633657,-34.412921],[-58.633668,-34.412891],[-58.633672,-34.412807],[-58.633685,-34.41276],[-58.6337,-34.41273],[-58.633723,-34.412699],[-58.633741,-34.412685],[-58.633763,-34.412675],[-58.633788,-34.412671],[-58.633985,-34.41267],[-58.63421,-34.412675],[-58.634439,-34.41269],[-58.634666,-34.412714],[-58.634904,-34.412751],[-58.635139,-34.412799],[-58.635347,-34.41285],[-58.635652,-34.412938],[-58.635769,-34.412966],[-58.635898,-34.41299],[-58.63604,-34.413011],[-58.636178,-34.413023],[-58.636319,-34.41303],[-58.636512,-34.413032],[-58.636612,-34.413039],[-58.63675,-34.413057],[-58.636873,-34.413081],[-58.637019,-34.41312],[-58.637097,-34.413147],[-58.637139,-34.413165],[-58.637189,-34.413197],[-58.637221,-34.413226],[-58.637248,-34.413259],[-58.637269,-34.413294],[-58.637279,-34.413319],[-58.63729,-34.413361],[-58.637311,-34.413479],[-58.637323,-34.413614],[-58.637324,-34.413682],[-58.637321,-34.413705],[-58.637308,-34.413731],[-58.637287,-34.413753],[-58.637266,-34.413767],[-58.637209,-34.413794],[-58.637189,-34.413808],[-58.637155,-34.41384],[-58.637129,-34.413877],[-58.63712,-34.413897],[-58.63711,-34.413939],[-58.637109,-34.413961],[-58.637116,-34.414003],[-58.637123,-34.414024],[-58.637145,-34.414063],[-58.637176,-34.414097],[-58.637272,-34.414164],[-58.637288,-34.414182],[-58.637296,-34.414198],[-58.637302,-34.414223],[-58.637329,-34.414446],[-58.63733,-34.414504],[-58.637322,-34.414541],[-58.637309,-34.414578],[-58.637289,-34.414612],[-58.637263,-34.414644],[-58.637233,-34.414673],[-58.637198,-34.414697],[-58.637159,-34.414717],[-58.637117,-34.414733],[-58.637054,-34.414746],[-58.636991,-34.414749],[-58.636762,-34.414729],[-58.636506,-34.414723],[-58.636342,-34.414715],[-58.636204,-34.414705],[-58.636078,-34.414691],[-58.635941,-34.414672],[-58.635817,-34.414651],[-58.635572,-34.4146],[-58.635332,-34.414535],[-58.635121,-34.414465],[-58.634833,-34.414358],[-58.634634,-34.414296],[-58.63443,-34.414245],[-58.634222,-34.414205],[-58.634222,-34.41428],[-58.634226,-34.414355],[-58.634236,-34.41443],[-58.634251,-34.414505],[-58.634348,-34.41449],[-58.634405,-34.414499],[-58.634448,-34.414499],[-58.634478,-34.414492],[-58.634543,-34.414469],[-58.634608,-34.414458],[-58.634674,-34.414459],[-58.634725,-34.414469],[-58.634828,-34.414503],[-58.635123,-34.414612],[-58.635392,-34.414696],[-58.635434,-34.414717],[-58.635468,-34.414745],[-58.635494,-34.414779],[-58.635511,-34.414817],[-58.635515,-34.414837],[-58.635515,-34.414877],[-58.635504,-34.414916],[-58.635495,-34.414934],[-58.635469,-34.414968],[-58.635435,-34.414997],[-58.635312,-34.415065],[-58.635213,-34.415125],[-58.635118,-34.41519],[-58.634985,-34.415292],[-58.634892,-34.41535],[-58.634816,-34.415386],[-58.634737,-34.415415],[-58.634654,-34.415438],[-58.63457,-34.415454],[-58.634512,-34.41546],[-58.634444,-34.415464],[-58.634324,-34.415459],[-58.634207,-34.415441],[-58.634093,-34.415409],[-58.633985,-34.415365],[-58.633886,-34.415308],[-58.633799,-34.415243],[-58.633724,-34.415168],[-58.63367,-34.415098],[-58.633627,-34.415026],[-58.633594,-34.41495],[-58.633572,-34.414872],[-58.633561,-34.414796],[-58.633548,-34.414611],[-58.633527,-34.414451],[-58.633498,-34.414302],[-58.633451,-34.414106],[-58.633453,-34.414051],[-58.633476,-34.413972],[-58.633476,-34.413945],[-58.633468,-34.413919],[-58.633458,-34.4139],[-58.633425,-34.413859],[-58.633404,-34.413779],[-58.633257,-34.413809],[-58.63314,-34.413842],[-58.633173,-34.413915],[-58.633175,-34.413929],[-58.633173,-34.413971],[-58.633183,-34.414007],[-58.633204,-34.414038],[-58.633259,-34.414092],[-58.633278,-34.414121],[-58.633291,-34.414148],[-58.633312,-34.414221],[-58.633341,-34.414341],[-58.633372,-34.414512],[-58.63339,-34.414676],[-58.633398,-34.41482],[-58.633395,-34.415041],[-58.633398,-34.415104],[-58.633416,-34.415201],[-58.633449,-34.415295],[-58.633487,-34.415369],[-58.633541,-34.415447],[-58.633599,-34.415513],[-58.633666,-34.415573],[-58.63374,-34.415626],[-58.633829,-34.415676],[-58.633908,-34.415711],[-58.633999,-34.415741],[-58.634084,-34.415761],[-58.634171,-34.415774],[-58.634259,-34.41578],[-58.634347,-34.415779],[-58.634435,-34.41577],[-58.634522,-34.415754],[-58.634596,-34.415734],[-58.634678,-34.415705],[-58.634771,-34.41566],[-58.634868,-34.4156],[-58.634928,-34.415552],[-58.635063,-34.415423],[-58.635171,-34.415334],[-58.635289,-34.415248],[-58.635428,-34.415163],[-58.635588,-34.415081],[-58.635731,-34.41502],[-58.635893,-34.414965],[-58.636046,-34.414924],[-58.636216,-34.414891],[-58.636402,-34.414869],[-58.636568,-34.41486],[-58.636738,-34.414863],[-58.636848,-34.414871],[-58.636942,-34.414881],[-58.637035,-34.414895],[-58.637122,-34.414912],[-58.637151,-34.414923],[-58.637178,-34.414937],[-58.637201,-34.414955],[-58.637228,-34.414988],[-58.637244,-34.415025],[-58.637248,-34.415065],[-58.63724,-34.415103],[-58.637222,-34.415141],[-58.63718,-34.415214],[-58.637116,-34.415307],[-58.637061,-34.415374],[-58.63698,-34.415458],[-58.636891,-34.415536],[-58.63661,-34.415761],[-58.636335,-34.416],[-58.636213,-34.416097],[-58.636137,-34.416151],[-58.63605,-34.416208],[-58.635949,-34.416267],[-58.635768,-34.416362],[-58.635707,-34.416401],[-58.635649,-34.416444],[-58.635588,-34.416497],[-58.63552,-34.416569],[-58.635471,-34.416633],[-58.635429,-34.416699],[-58.635398,-34.416761],[-58.63537,-34.416832],[-58.635348,-34.416914],[-58.635338,-34.416972],[-58.635333,-34.41703],[-58.635334,-34.417105],[-58.635343,-34.41718],[-58.635357,-34.417246],[-58.63538,-34.417318],[-58.635408,-34.417381],[-58.635441,-34.417442],[-58.635485,-34.417508],[-58.635529,-34.417563],[-58.635578,-34.417615],[-58.635643,-34.417672],[-58.635704,-34.417718],[-58.635801,-34.417614],[-58.635892,-34.417508],[-58.635815,-34.417462],[-58.63578,-34.41742],[-58.635744,-34.417393],[-58.6357,-34.417376],[-58.635625,-34.417364],[-58.635599,-34.417353],[-58.635576,-34.417338],[-58.635558,-34.417319],[-58.63554,-34.417286],[-58.635535,-34.41725],[-58.635544,-34.417214],[-58.63567,-34.41704],[-58.635819,-34.416819],[-58.635908,-34.416698],[-58.636056,-34.416512],[-58.636193,-34.416356],[-58.636361,-34.416183],[-58.636544,-34.416013],[-58.636723,-34.415859],[-58.637027,-34.415615],[-58.637104,-34.415546],[-58.637163,-34.415486],[-58.637218,-34.415424],[-58.637274,-34.415352],[-58.637314,-34.415292],[-58.637381,-34.415177],[-58.637431,-34.415065],[-58.637471,-34.414941],[-58.637498,-34.414806],[-58.637509,-34.414696],[-58.637508,-34.414585],[-58.637503,-34.414519],[-58.637478,-34.414336],[-58.637465,-34.414213],[-58.637469,-34.414186],[-58.637486,-34.414156],[-58.637514,-34.414132],[-58.637543,-34.414119],[-58.637589,-34.414109],[-58.637641,-34.414104],[-58.638235,-34.414122],[-58.638279,-34.414131],[-58.638306,-34.414142],[-58.638331,-34.414157],[-58.638352,-34.414175],[-58.638377,-34.414207],[-58.638388,-34.414231],[-58.638394,-34.414255],[-58.638393,-34.414293],[-58.638396,-34.414273],[-58.638397,-34.414223],[-58.63839,-34.414172],[-58.638376,-34.414123],[-58.638349,-34.414054],[-58.638342,-34.414002],[-58.638345,-34.41397],[-58.638353,-34.413939],[-58.638366,-34.413909],[-58.638407,-34.413837],[-58.638429,-34.413766],[-58.638434,-34.413722],[-58.638433,-34.413678],[-58.638429,-34.413649],[-58.638422,-34.41362],[-58.638418,-34.413606],[-58.638426,-34.413641],[-58.638421,-34.413695],[-58.638409,-34.41373],[-58.638388,-34.413762],[-58.638361,-34.41379],[-58.638328,-34.413814],[-58.638291,-34.413832],[-58.638249,-34.413844],[-58.638184,-34.413849],[-58.637688,-34.413832],[-58.637642,-34.413824],[-58.637589,-34.413809],[-58.637542,-34.413789],[-58.637518,-34.413772],[-58.6375,-34.41375],[-58.637488,-34.41372],[-58.637485,-34.413598],[-58.637478,-34.413507],[-58.637466,-34.413417],[-58.637445,-34.413312],[-58.637422,-34.413222],[-58.637396,-34.413143],[-58.637337,-34.412996],[-58.637277,-34.412878],[-58.637193,-34.412739],[-58.637119,-34.412637],[-58.636949,-34.412426],[-58.636854,-34.412289],[-58.636803,-34.412204],[-58.636758,-34.412121],[-58.636678,-34.411949],[-58.636642,-34.411854],[-58.63661,-34.411758],[-58.636589,-34.411682],[-58.636564,-34.411572],[-58.636545,-34.411462],[-58.636535,-34.411374],[-58.636528,-34.411285],[-58.636526,-34.411185],[-58.636534,-34.411007],[-58.636558,-34.41083],[-58.63659,-34.410686],[-58.636652,-34.410474],[-58.636672,-34.410372],[-58.636683,-34.410255],[-58.63668,-34.410147],[-58.636665,-34.41003],[-58.636632,-34.40989],[-58.636632,-34.409855],[-58.636643,-34.409799],[-58.636638,-34.409768],[-58.636629,-34.409746],[-58.636609,-34.409719],[-58.636552,-34.409675],[-58.636506,-34.409601],[-58.636379,-34.409657],[-58.636278,-34.409705],[-58.636332,-34.40978],[-58.636343,-34.40983],[-58.636362,-34.409866],[-58.636382,-34.409887],[-58.636421,-34.409915],[-58.636445,-34.409938],[-58.636466,-34.409963],[-58.636485,-34.409993],[-58.636504,-34.410047],[-58.636518,-34.410168],[-58.636518,-34.410282],[-58.636504,-34.410392],[-58.636488,-34.410465],[-58.636445,-34.410605],[-58.636414,-34.410724],[-58.636393,-34.410834],[-58.636375,-34.410962],[-58.636365,-34.4111],[-58.636363,-34.411229],[-58.63637,-34.411358],[-58.636383,-34.411477],[-58.636411,-34.411632],[-58.636448,-34.411776],[-58.636498,-34.411928],[-58.636548,-34.41205],[-58.636626,-34.412209],[-58.636725,-34.412376],[-58.636823,-34.412515],[-58.636969,-34.412697],[-58.636977,-34.41272],[-58.636978,-34.412743],[-58.636971,-34.412766],[-58.636957,-34.412787],[-58.636945,-34.412799],[-58.636922,-34.412813],[-58.636815,-34.412847],[-58.636691,-34.412874],[-58.636583,-34.412888],[-58.636492,-34.412893],[-58.636383,-34.41289],[-58.636281,-34.412879],[-58.636173,-34.412859],[-58.636068,-34.41283],[-58.635981,-34.412798],[-58.635884,-34.412754],[-58.635805,-34.412709],[-58.63572,-34.41265],[-58.635652,-34.412595],[-58.635582,-34.412524],[-58.635521,-34.412449],[-58.635471,-34.412373],[-58.635441,-34.412316],[-58.635414,-34.412256],[-58.635372,-34.412141],[-58.635334,-34.412023],[-58.635296,-34.411885],[-58.635271,-34.411775],[-58.635249,-34.411655],[-58.635228,-34.411504],[-58.635216,-34.411373],[-58.63521,-34.411231],[-58.635211,-34.411099],[-58.635232,-34.410804],[-58.635235,-34.410659],[-58.635247,-34.410611],[-58.635282,-34.410545],[-58.635288,-34.410504],[-58.635282,-34.410475],[-58.635268,-34.410448],[-58.635247,-34.410424],[-58.635205,-34.41039],[-58.635166,-34.41032],[-58.635073,-34.410353],[-58.634956,-34.410389],[-58.634987,-34.410464],[-58.634984,-34.410513],[-58.634989,-34.410544],[-58.635001,-34.410568],[-58.635031,-34.410607],[-58.63505,-34.41064],[-58.635063,-34.410675],[-58.63507,-34.410713],[-58.635068,-34.410803],[-58.635053,-34.411001],[-58.635048,-34.411118],[-58.635048,-34.411253],[-58.635054,-34.411398],[-58.635064,-34.411506],[-58.635083,-34.41165],[-58.635112,-34.411807],[-58.635156,-34.412003],[-58.635169,-34.412099],[-58.635176,-34.412196],[-58.635175,-34.412303],[-58.635165,-34.412421],[-58.635143,-34.412541],[-58.635136,-34.412568],[-58.635126,-34.412588],[-58.635105,-34.412611],[-58.635083,-34.412623],[-58.635059,-34.412631],[-58.635024,-34.412634],[-58.634769,-34.412592],[-58.634529,-34.412562],[-58.634288,-34.412544],[-58.63403,-34.412535],[-58.633987,-34.412526],[-58.633949,-34.412508],[-58.633917,-34.412482],[-58.633895,-34.41245],[-58.633885,-34.412414],[-58.633885,-34.41239],[-58.633914,-34.412276],[-58.633931,-34.412187],[-58.63394,-34.412108],[-58.633943,-34.412019],[-58.633933,-34.411882],[-58.633896,-34.411666],[-58.63388,-34.41155],[-58.63388,-34.411484],[-58.63389,-34.411413],[-58.633912,-34.411343],[-58.633941,-34.411285],[-58.633963,-34.411256],[-58.633993,-34.411236],[-58.634014,-34.411228],[-58.634044,-34.411223],[-58.634105,-34.411227],[-58.634311,-34.411221],[-58.634307,-34.41113],[-58.634298,-34.411044],[-58.634281,-34.410958],[-58.634262,-34.410887],[-58.634179,-34.410914],[-58.634101,-34.410948],[-58.634031,-34.410987],[-58.633962,-34.411036],[-58.6339,-34.41109],[-58.633847,-34.41115],[-58.633806,-34.411207],[-58.633769,-34.411276],[-58.633746,-34.411331],[-58.633732,-34.411379],[-58.633721,-34.411437],[-58.633716,-34.411495],[-58.63372,-34.411582],[-58.633739,-34.411714],[-58.63377,-34.411886],[-58.633779,-34.411979],[-58.633776,-34.41211],[-58.633766,-34.412188],[-58.633752,-34.412261],[-58.633724,-34.412356],[-58.633692,-34.412437],[-58.633646,-34.412527],[-58.633599,-34.412604],[-58.63355,-34.412672],[-58.633519,-34.412708],[-58.633484,-34.412735],[-58.63343,-34.412764],[-58.633402,-34.412786]]]}},{"type":"Feature","properties":{"partida":"057138963","cca":"057030X00000000000000025200000000000001000","tipo":"Urbano","sup_m2":835.8},"geometry":{"type":"Polygon","coordinates":[[[-58.633883,-34.411448],[-58.634324,-34.411419],[-58.634311,-34.411221],[-58.634105,-34.411227],[-58.634044,-34.411223],[-58.634014,-34.411228],[-58.633993,-34.411236],[-58.633958,-34.411261],[-58.633928,-34.41131],[-58.6339,-34.411378],[-58.633883,-34.411448]]]}},{"type":"Feature","properties":{"partida":"057138964","cca":"057030X00000000000000025200000000000002000","tipo":"Urbano","sup_m2":846.2},"geometry":{"type":"Polygon","coordinates":[[[-58.633883,-34.411448],[-58.633879,-34.411532],[-58.633892,-34.411639],[-58.634345,-34.411593],[-58.634324,-34.411419],[-58.633883,-34.411448]]]}},{"type":"Feature","properties":{"partida":"057138965","cca":"057030X00000000000000025200000000000003000","tipo":"Urbano","sup_m2":852.5},"geometry":{"type":"Polygon","coordinates":[[[-58.634345,-34.411593],[-58.633892,-34.411639],[-58.633922,-34.411815],[-58.634378,-34.41178],[-58.634345,-34.411593]]]}},{"type":"Feature","properties":{"partida":"057138966","cca":"057030X00000000000000025200000000000004000","tipo":"Urbano","sup_m2":852.6},"geometry":{"type":"Polygon","coordinates":[[[-58.633922,-34.411815],[-58.633936,-34.411907],[-58.633942,-34.411983],[-58.634399,-34.411975],[-58.63439,-34.411867],[-58.634378,-34.41178],[-58.633922,-34.411815]]]}},{"type":"Feature","properties":{"partida":"057138967","cca":"057030X00000000000000025200000000000005000","tipo":"Urbano","sup_m2":851.8},"geometry":{"type":"Polygon","coordinates":[[[-58.634399,-34.411975],[-58.633942,-34.411983],[-58.633942,-34.412072],[-58.633935,-34.412161],[-58.634395,-34.412163],[-58.634399,-34.412045],[-58.634399,-34.411975]]]}},{"type":"Feature","properties":{"partida":"057138968","cca":"057030X00000000000000025200000000000006000","tipo":"Urbano","sup_m2":881.1},"geometry":{"type":"Polygon","coordinates":[[[-58.634395,-34.412163],[-58.633935,-34.412161],[-58.63392,-34.41225],[-58.633898,-34.412338],[-58.634388,-34.412351],[-58.634395,-34.412163]]]}},{"type":"Feature","properties":{"partida":"057138969","cca":"057030X00000000000000025200000000000007000","tipo":"Urbano","sup_m2":942.3},"geometry":{"type":"Polygon","coordinates":[[[-58.634388,-34.412351],[-58.633898,-34.412338],[-58.633885,-34.41239],[-58.633887,-34.412427],[-58.633902,-34.412461],[-58.633927,-34.412492],[-58.633961,-34.412515],[-58.634001,-34.41253],[-58.634045,-34.412535],[-58.634339,-34.412546],[-58.634353,-34.412541],[-58.634402,-34.412502],[-58.63439,-34.412488],[-58.634384,-34.412471],[-58.634388,-34.412351]]]}},{"type":"Feature","properties":{"partida":"057138944","cca":"057030X00000000000000025200000000000008000","tipo":"Urbano","sup_m2":6640.5},"geometry":{"type":"Polygon","coordinates":[[[-58.634262,-34.410887],[-58.634288,-34.410986],[-58.634302,-34.411072],[-58.634317,-34.41133],[-58.634328,-34.411454],[-58.634349,-34.411617],[-58.634386,-34.411828],[-58.634398,-34.411956],[-58.634399,-34.412066],[-58.634383,-34.412465],[-58.634388,-34.412484],[-58.634402,-34.412502],[-58.634353,-34.412541],[-58.634331,-34.412546],[-58.634529,-34.412562],[-58.6347,-34.412582],[-58.634689,-34.412579],[-58.634679,-34.412572],[-58.634654,-34.41253],[-58.634673,-34.412519],[-58.634686,-34.412502],[-58.634699,-34.412447],[-58.634717,-34.412322],[-58.634719,-34.412198],[-58.634708,-34.412083],[-58.634637,-34.411738],[-58.634605,-34.4115],[-58.634594,-34.41135],[-58.63459,-34.411181],[-58.634593,-34.411052],[-58.634602,-34.410882],[-58.634602,-34.410792],[-58.634592,-34.410674],[-58.634573,-34.41055],[-58.63458,-34.410517],[-58.634596,-34.410493],[-58.63462,-34.410475],[-58.634657,-34.410461],[-58.634435,-34.410495],[-58.634216,-34.410515],[-58.634162,-34.410523],[-58.634068,-34.410544],[-58.634029,-34.410556],[-58.633991,-34.410569],[-58.634031,-34.410561],[-58.634063,-34.410564],[-58.634093,-34.410574],[-58.634123,-34.410597],[-58.634157,-34.410649],[-58.6342,-34.410731],[-58.634232,-34.410801],[-58.634262,-34.410887]]]}},{"type":"Feature","properties":{"partida":"057138970","cca":"057030X00000000000000025300000000000001000","tipo":"Urbano","sup_m2":1140.4},"geometry":{"type":"Polygon","coordinates":[[[-58.634596,-34.410711],[-58.635065,-34.41068],[-58.635046,-34.41063],[-58.635001,-34.410568],[-58.634989,-34.410544],[-58.634984,-34.410513],[-58.634987,-34.410464],[-58.634956,-34.410389],[-58.634786,-34.410434],[-58.634649,-34.410463],[-58.63462,-34.410475],[-58.634601,-34.410488],[-58.63458,-34.410517],[-58.634573,-34.41055],[-58.634596,-34.410711]]]}},{"type":"Feature","properties":{"partida":"057138971","cca":"057030X00000000000000025300000000000002000","tipo":"Urbano","sup_m2":906.3},"geometry":{"type":"Polygon","coordinates":[[[-58.635065,-34.41068],[-58.634596,-34.410711],[-58.634602,-34.410801],[-58.634602,-34.410891],[-58.635063,-34.410881],[-58.63507,-34.410748],[-58.63507,-34.410713],[-58.635065,-34.41068]]]}},{"type":"Feature","properties":{"partida":"057138972","cca":"057030X00000000000000025300000000000003000","tipo":"Urbano","sup_m2":889.1},"geometry":{"type":"Polygon","coordinates":[[[-58.634592,-34.411071],[-58.635049,-34.411082],[-58.635063,-34.410881],[-58.634602,-34.410891],[-58.634592,-34.411071]]]}},{"type":"Feature","properties":{"partida":"057138973","cca":"057030X00000000000000025300000000000004000","tipo":"Urbano","sup_m2":886.3},"geometry":{"type":"Polygon","coordinates":[[[-58.634591,-34.41127],[-58.635048,-34.411262],[-58.635049,-34.411082],[-58.634592,-34.411071],[-58.634591,-34.41127]]]}},{"type":"Feature","properties":{"partida":"057138974","cca":"057030X00000000000000025300000000000005000","tipo":"Urbano","sup_m2":886.4},"geometry":{"type":"Polygon","coordinates":[[[-58.634591,-34.41127],[-58.634602,-34.41147],[-58.635058,-34.411443],[-58.635048,-34.411262],[-58.634591,-34.41127]]]}},{"type":"Feature","properties":{"partida":"057138975","cca":"057030X00000000000000025300000000000006000","tipo":"Urbano","sup_m2":886.0},"geometry":{"type":"Polygon","coordinates":[[[-58.634602,-34.41147],[-58.634626,-34.411669],[-58.635079,-34.411623],[-58.635058,-34.411443],[-58.634602,-34.41147]]]}},{"type":"Feature","properties":{"partida":"057138976","cca":"057030X00000000000000025300000000000007000","tipo":"Urbano","sup_m2":886.7},"geometry":{"type":"Polygon","coordinates":[[[-58.634626,-34.411669],[-58.634661,-34.411866],[-58.635111,-34.411801],[-58.635079,-34.411623],[-58.634626,-34.411669]]]}},{"type":"Feature","properties":{"partida":"057138977","cca":"057030X00000000000000025300000000000008000","tipo":"Urbano","sup_m2":887.9},"geometry":{"type":"Polygon","coordinates":[[[-58.635111,-34.411801],[-58.634661,-34.411866],[-58.634702,-34.41205],[-58.635154,-34.411992],[-58.635111,-34.411801]]]}},{"type":"Feature","properties":{"partida":"057138978","cca":"057030X00000000000000025300000000000009000","tipo":"Urbano","sup_m2":886.0},"geometry":{"type":"Polygon","coordinates":[[[-58.634719,-34.412214],[-58.635176,-34.412206],[-58.635169,-34.412099],[-58.635154,-34.411992],[-58.634702,-34.41205],[-58.634714,-34.412132],[-58.634719,-34.412214]]]}},{"type":"Feature","properties":{"partida":"057138979","cca":"057030X00000000000000025300000000000010000","tipo":"Urbano","sup_m2":886.2},"geometry":{"type":"Polygon","coordinates":[[[-58.634719,-34.412214],[-58.634718,-34.412297],[-58.634711,-34.41238],[-58.635165,-34.412421],[-58.635175,-34.412303],[-58.635176,-34.412206],[-58.634719,-34.412214]]]}},{"type":"Feature","properties":{"partida":"057138980","cca":"057030X00000000000000025300000000000011000","tipo":"Urbano","sup_m2":986.8},"geometry":{"type":"Polygon","coordinates":[[[-58.635165,-34.412421],[-58.634711,-34.41238],[-58.634689,-34.412495],[-58.634677,-34.412515],[-58.634654,-34.41253],[-58.634679,-34.412572],[-58.634697,-34.412582],[-58.634865,-34.412606],[-58.635016,-34.412633],[-58.635033,-34.412634],[-58.635059,-34.412631],[-58.635083,-34.412623],[-58.635105,-34.412611],[-58.635122,-34.412594],[-58.635134,-34.412575],[-58.635151,-34.412505],[-58.635165,-34.412421]]]}},{"type":"Feature","properties":{"partida":"057138981","cca":"057030X00000000000000025400000000000001000","tipo":"Urbano","sup_m2":1020.7},"geometry":{"type":"Polygon","coordinates":[[[-58.633962,-34.41267],[-58.633779,-34.412672],[-58.633751,-34.412679],[-58.633723,-34.412699],[-58.633696,-34.412737],[-58.633679,-34.412775],[-58.633671,-34.412815],[-58.633668,-34.412891],[-58.633657,-34.412921],[-58.633639,-34.412945],[-58.63363,-34.412963],[-58.63362,-34.413041],[-58.633756,-34.413049],[-58.633903,-34.41305],[-58.633962,-34.41267]]]}},{"type":"Feature","properties":{"partida":"057138982","cca":"057030X00000000000000025400000000000002000","tipo":"Urbano","sup_m2":933.5},"geometry":{"type":"Polygon","coordinates":[[[-58.634164,-34.413052],[-58.634185,-34.412674],[-58.633962,-34.41267],[-58.633903,-34.41305],[-58.634034,-34.413049],[-58.634164,-34.413052]]]}},{"type":"Feature","properties":{"partida":"057138983","cca":"057030X00000000000000025400000000000003000","tipo":"Urbano","sup_m2":932.6},"geometry":{"type":"Polygon","coordinates":[[[-58.634392,-34.413066],[-58.634439,-34.41269],[-58.634185,-34.412674],[-58.634164,-34.413052],[-58.634392,-34.413066]]]}},{"type":"Feature","properties":{"partida":"057138984","cca":"057030X00000000000000025400000000000004000","tipo":"Urbano","sup_m2":932.8},"geometry":{"type":"Polygon","coordinates":[[[-58.634618,-34.413091],[-58.634692,-34.412718],[-58.634439,-34.41269],[-58.634392,-34.413066],[-58.634618,-34.413091]]]}},{"type":"Feature","properties":{"partida":"057138985","cca":"057030X00000000000000025400000000000005000","tipo":"Urbano","sup_m2":932.7},"geometry":{"type":"Polygon","coordinates":[[[-58.634842,-34.413127],[-58.634942,-34.412758],[-58.634692,-34.412718],[-58.634618,-34.413091],[-58.634842,-34.413127]]]}},{"type":"Feature","properties":{"partida":"057138986","cca":"057030X00000000000000025400000000000006000","tipo":"Urbano","sup_m2":932.8},"geometry":{"type":"Polygon","coordinates":[[[-58.634842,-34.413127],[-58.635063,-34.413174],[-58.635189,-34.41281],[-58.634942,-34.412758],[-58.634842,-34.413127]]]}},{"type":"Feature","properties":{"partida":"057138987","cca":"057030X00000000000000025400000000000007000","tipo":"Urbano","sup_m2":932.6},"geometry":{"type":"Polygon","coordinates":[[[-58.635189,-34.41281],[-58.635063,-34.413174],[-58.63528,-34.413231],[-58.635431,-34.412874],[-58.635189,-34.41281]]]}},{"type":"Feature","properties":{"partida":"057138988","cca":"057030X00000000000000025400000000000008000","tipo":"Urbano","sup_m2":933.5},"geometry":{"type":"Polygon","coordinates":[[[-58.635431,-34.412874],[-58.63528,-34.413231],[-58.635516,-34.4133],[-58.635652,-34.412938],[-58.635431,-34.412874]]]}},{"type":"Feature","properties":{"partida":"057138989","cca":"057030X00000000000000025400000000000009000","tipo":"Urbano","sup_m2":933.5},"geometry":{"type":"Polygon","coordinates":[[[-58.635516,-34.4133],[-58.635629,-34.413327],[-58.635769,-34.413355],[-58.635866,-34.412985],[-58.635758,-34.412964],[-58.635652,-34.412938],[-58.635516,-34.4133]]]}},{"type":"Feature","properties":{"partida":"057138990","cca":"057030X00000000000000025400000000000010000","tipo":"Urbano","sup_m2":933.5},"geometry":{"type":"Polygon","coordinates":[[[-58.635769,-34.413355],[-58.635898,-34.413375],[-58.636028,-34.413391],[-58.636084,-34.413015],[-58.635974,-34.413002],[-58.635866,-34.412985],[-58.635769,-34.413355]]]}},{"type":"Feature","properties":{"partida":"057138991","cca":"057030X00000000000000025400000000000011000","tipo":"Urbano","sup_m2":932.6},"geometry":{"type":"Polygon","coordinates":[[[-58.636274,-34.413407],[-58.636319,-34.41303],[-58.636201,-34.413025],[-58.636084,-34.413015],[-58.636028,-34.413391],[-58.636151,-34.413401],[-58.636274,-34.413407]]]}},{"type":"Feature","properties":{"partida":"057138992","cca":"057030X00000000000000025400000000000012000","tipo":"Urbano","sup_m2":934.8},"geometry":{"type":"Polygon","coordinates":[[[-58.636521,-34.413412],[-58.636556,-34.413035],[-58.636452,-34.41303],[-58.636319,-34.41303],[-58.636274,-34.413407],[-58.636521,-34.413412]]]}},{"type":"Feature","properties":{"partida":"057138993","cca":"057030X00000000000000025400000000000013000","tipo":"Urbano","sup_m2":933.3},"geometry":{"type":"Polygon","coordinates":[[[-58.636721,-34.413439],[-58.636832,-34.413072],[-58.636681,-34.413047],[-58.636556,-34.413035],[-58.636521,-34.413412],[-58.636621,-34.413422],[-58.636721,-34.413439]]]}},{"type":"Feature","properties":{"partida":"057138994","cca":"057030X00000000000000025400000000000014000","tipo":"Urbano","sup_m2":933.7},"geometry":{"type":"Polygon","coordinates":[[[-58.637097,-34.413147],[-58.636966,-34.413105],[-58.636832,-34.413072],[-58.636721,-34.413439],[-58.636828,-34.413466],[-58.636914,-34.413494],[-58.637097,-34.413147]]]}},{"type":"Feature","properties":{"partida":"057138995","cca":"057030X00000000000000025400000000000015000","tipo":"Urbano","sup_m2":1207.3},"geometry":{"type":"Polygon","coordinates":[[[-58.636914,-34.413494],[-58.637032,-34.413543],[-58.637154,-34.413609],[-58.637189,-34.413619],[-58.637226,-34.413619],[-58.637261,-34.413609],[-58.63729,-34.413589],[-58.637309,-34.413563],[-58.637316,-34.413533],[-58.637309,-34.413462],[-58.637286,-34.413344],[-58.637269,-34.413294],[-58.63724,-34.413247],[-58.6372,-34.413206],[-58.637152,-34.413172],[-58.637097,-34.413147],[-58.636914,-34.413494]]]}},{"type":"Feature","properties":{"partida":"057138996","cca":"057030X00000000000000025500000000000001000","tipo":"Urbano","sup_m2":1115.8},"geometry":{"type":"Polygon","coordinates":[[[-58.635696,-34.410446],[-58.635688,-34.41041],[-58.635673,-34.410364],[-58.635652,-34.410318],[-58.635632,-34.410285],[-58.635579,-34.410219],[-58.635555,-34.410203],[-58.635526,-34.410192],[-58.635487,-34.41019],[-58.635457,-34.410196],[-58.635309,-34.410263],[-58.635166,-34.41032],[-58.635205,-34.41039],[-58.635247,-34.410424],[-58.635272,-34.410453],[-58.635284,-34.410481],[-58.635288,-34.41051],[-58.635696,-34.410446]]]}},{"type":"Feature","properties":{"partida":"057138997","cca":"057030X00000000000000025500000000000002000","tipo":"Urbano","sup_m2":855.4},"geometry":{"type":"Polygon","coordinates":[[[-58.635691,-34.410654],[-58.635701,-34.410526],[-58.635696,-34.410446],[-58.635288,-34.41051],[-58.635281,-34.410548],[-58.635253,-34.4106],[-58.635241,-34.410629],[-58.635235,-34.410659],[-58.635233,-34.41069],[-58.635691,-34.410654]]]}},{"type":"Feature","properties":{"partida":"057138998","cca":"057030X00000000000000025500000000000003000","tipo":"Urbano","sup_m2":894.8},"geometry":{"type":"Polygon","coordinates":[[[-58.635691,-34.410654],[-58.635233,-34.41069],[-58.635233,-34.410777],[-58.635228,-34.410865],[-58.635685,-34.410863],[-58.635691,-34.410654]]]}},{"type":"Feature","properties":{"partida":"057138999","cca":"057030X00000000000000025500000000000004000","tipo":"Urbano","sup_m2":896.1},"geometry":{"type":"Polygon","coordinates":[[[-58.635213,-34.411048],[-58.63567,-34.411063],[-58.635685,-34.410863],[-58.635228,-34.410865],[-58.635213,-34.411048]]]}},{"type":"Feature","properties":{"partida":"057139000","cca":"057030X00000000000000025500000000000005000","tipo":"Urbano","sup_m2":893.3},"geometry":{"type":"Polygon","coordinates":[[[-58.635667,-34.411244],[-58.63567,-34.411063],[-58.635213,-34.411048],[-58.635211,-34.411251],[-58.635667,-34.411244]]]}},{"type":"Feature","properties":{"partida":"057139001","cca":"057030X00000000000000025500000000000006000","tipo":"Urbano","sup_m2":892.9},"geometry":{"type":"Polygon","coordinates":[[[-58.635678,-34.411424],[-58.635667,-34.411244],[-58.635211,-34.411251],[-58.635223,-34.411453],[-58.635678,-34.411424]]]}},{"type":"Feature","properties":{"partida":"057139002","cca":"057030X00000000000000025500000000000007000","tipo":"Urbano","sup_m2":893.2},"geometry":{"type":"Polygon","coordinates":[[[-58.635678,-34.411424],[-58.635223,-34.411453],[-58.635249,-34.411655],[-58.635701,-34.411604],[-58.635678,-34.411424]]]}},{"type":"Feature","properties":{"partida":"057139003","cca":"057030X00000000000000025500000000000008000","tipo":"Urbano","sup_m2":893.2},"geometry":{"type":"Polygon","coordinates":[[[-58.635737,-34.411782],[-58.635701,-34.411604],[-58.635249,-34.411655],[-58.635289,-34.411855],[-58.635737,-34.411782]]]}},{"type":"Feature","properties":{"partida":"057139004","cca":"057030X00000000000000025500000000000009000","tipo":"Urbano","sup_m2":893.0},"geometry":{"type":"Polygon","coordinates":[[[-58.635785,-34.411958],[-58.635737,-34.411782],[-58.635289,-34.411855],[-58.635343,-34.412053],[-58.635785,-34.411958]]]}},{"type":"Feature","properties":{"partida":"057139005","cca":"057030X00000000000000025500000000000010000","tipo":"Urbano","sup_m2":893.2},"geometry":{"type":"Polygon","coordinates":[[[-58.635785,-34.411958],[-58.635343,-34.412053],[-58.635411,-34.412247],[-58.635846,-34.412131],[-58.635785,-34.411958]]]}},{"type":"Feature","properties":{"partida":"057139006","cca":"057030X00000000000000025500000000000011000","tipo":"Urbano","sup_m2":967.7},"geometry":{"type":"Polygon","coordinates":[[[-58.635411,-34.412247],[-58.635435,-34.412305],[-58.635471,-34.412373],[-58.635506,-34.412428],[-58.635545,-34.412481],[-58.635926,-34.412272],[-58.635879,-34.412202],[-58.635846,-34.412131],[-58.635411,-34.412247]]]}},{"type":"Feature","properties":{"partida":"057139007","cca":"057030X00000000000000025500000000000012000","tipo":"Urbano","sup_m2":972.9},"geometry":{"type":"Polygon","coordinates":[[[-58.63605,-34.412387],[-58.635983,-34.412333],[-58.635926,-34.412272],[-58.635545,-34.412481],[-58.635601,-34.412545],[-58.635642,-34.412585],[-58.635697,-34.412632],[-58.635756,-34.412676],[-58.63605,-34.412387]]]}},{"type":"Feature","properties":{"partida":"057139008","cca":"057030X00000000000000025500000000000013000","tipo":"Urbano","sup_m2":972.7},"geometry":{"type":"Polygon","coordinates":[[[-58.63605,-34.412387],[-58.635756,-34.412676],[-58.635818,-34.412717],[-58.635884,-34.412754],[-58.635952,-34.412786],[-58.636024,-34.412815],[-58.636208,-34.412468],[-58.636117,-34.412428],[-58.63605,-34.412387]]]}},{"type":"Feature","properties":{"partida":"057139009","cca":"057030X00000000000000025500000000000014000","tipo":"Urbano","sup_m2":972.8},"geometry":{"type":"Polygon","coordinates":[[[-58.636208,-34.412468],[-58.636024,-34.412815],[-58.636098,-34.412839],[-58.636173,-34.412859],[-58.63625,-34.412874],[-58.636328,-34.412885],[-58.636387,-34.41251],[-58.636304,-34.412496],[-58.636208,-34.412468]]]}},{"type":"Feature","properties":{"partida":"057139010","cca":"057030X00000000000000025500000000000015000","tipo":"Urbano","sup_m2":1062.9},"geometry":{"type":"Polygon","coordinates":[[[-58.636572,-34.412508],[-58.636479,-34.412514],[-58.636387,-34.41251],[-58.636328,-34.412885],[-58.636419,-34.412892],[-58.636511,-34.412892],[-58.636601,-34.412886],[-58.636691,-34.412874],[-58.636572,-34.412508]]]}},{"type":"Feature","properties":{"partida":"057139011","cca":"057030X00000000000000025500000000000016000","tipo":"Urbano","sup_m2":1088.6},"geometry":{"type":"Polygon","coordinates":[[[-58.636572,-34.412508],[-58.636691,-34.412874],[-58.636782,-34.412856],[-58.636848,-34.412838],[-58.636922,-34.412813],[-58.636951,-34.412793],[-58.636967,-34.412774],[-58.636978,-34.412743],[-58.636977,-34.41272],[-58.636969,-34.412697],[-58.636785,-34.412466],[-58.636771,-34.41246],[-58.636707,-34.412449],[-58.636693,-34.412473],[-58.636675,-34.412486],[-58.636635,-34.412497],[-58.636572,-34.412508]]]}},{"type":"Feature","properties":{"partida":"057139012","cca":"057030X00000000000000025600000000000001000","tipo":"Urbano","sup_m2":1139.8},"geometry":{"type":"Polygon","coordinates":[[[-58.636019,-34.41009],[-58.636476,-34.409976],[-58.636438,-34.40993],[-58.636382,-34.409887],[-58.636362,-34.409866],[-58.636343,-34.40983],[-58.636332,-34.40978],[-58.636278,-34.409705],[-58.636185,-34.409753],[-58.636071,-34.409817],[-58.635988,-34.409868],[-58.635964,-34.409892],[-58.635952,-34.409922],[-58.635953,-34.409954],[-58.63596,-34.409972],[-58.635998,-34.410039],[-58.636019,-34.41009]]]}},{"type":"Feature","properties":{"partida":"057139013","cca":"057030X00000000000000025600000000000002000","tipo":"Urbano","sup_m2":976.5},"geometry":{"type":"Polygon","coordinates":[[[-58.636476,-34.409976],[-58.636019,-34.41009],[-58.636039,-34.410157],[-58.636051,-34.41024],[-58.63652,-34.410221],[-58.636516,-34.410134],[-58.636505,-34.410056],[-58.636494,-34.410014],[-58.636476,-34.409976]]]}},{"type":"Feature","properties":{"partida":"057139014","cca":"057030X00000000000000025600000000000003000","tipo":"Urbano","sup_m2":943.4},"geometry":{"type":"Polygon","coordinates":[[[-58.636038,-34.410393],[-58.636488,-34.410465],[-58.636512,-34.410344],[-58.63652,-34.410221],[-58.636051,-34.41024],[-58.63605,-34.410317],[-58.636038,-34.410393]]]}},{"type":"Feature","properties":{"partida":"057139015","cca":"057030X00000000000000025600000000000004000","tipo":"Urbano","sup_m2":924.6},"geometry":{"type":"Polygon","coordinates":[[[-58.636488,-34.410465],[-58.636038,-34.410393],[-58.635983,-34.410582],[-58.63643,-34.410661],[-58.636488,-34.410465]]]}},{"type":"Feature","properties":{"partida":"057139016","cca":"057030X00000000000000025600000000000005000","tipo":"Urbano","sup_m2":924.2},"geometry":{"type":"Polygon","coordinates":[[[-58.635939,-34.410791],[-58.636391,-34.410843],[-58.63643,-34.410661],[-58.635983,-34.410582],[-58.635959,-34.410686],[-58.635939,-34.410791]]]}},{"type":"Feature","properties":{"partida":"057139017","cca":"057030X00000000000000025600000000000006000","tipo":"Urbano","sup_m2":924.4},"geometry":{"type":"Polygon","coordinates":[[[-58.635913,-34.411002],[-58.636369,-34.411026],[-58.636378,-34.410934],[-58.636391,-34.410843],[-58.635939,-34.410791],[-58.635922,-34.410907],[-58.635913,-34.411002]]]}},{"type":"Feature","properties":{"partida":"057139018","cca":"057030X00000000000000025600000000000007000","tipo":"Urbano","sup_m2":924.3},"geometry":{"type":"Polygon","coordinates":[[[-58.635906,-34.411214],[-58.636363,-34.41121],[-58.636369,-34.411026],[-58.635913,-34.411002],[-58.635907,-34.411119],[-58.635906,-34.411214]]]}},{"type":"Feature","properties":{"partida":"057139019","cca":"057030X00000000000000025600000000000008000","tipo":"Urbano","sup_m2":924.4},"geometry":{"type":"Polygon","coordinates":[[[-58.635918,-34.411426],[-58.636373,-34.411395],[-58.636363,-34.41121],[-58.635906,-34.411214],[-58.63591,-34.411331],[-58.635918,-34.411426]]]}},{"type":"Feature","properties":{"partida":"057139020","cca":"057030X00000000000000025600000000000009000","tipo":"Urbano","sup_m2":924.0},"geometry":{"type":"Polygon","coordinates":[[[-58.635949,-34.411637],[-58.6364,-34.411578],[-58.636373,-34.411395],[-58.635918,-34.411426],[-58.635929,-34.411521],[-58.635949,-34.411637]]]}},{"type":"Feature","properties":{"partida":"057139021","cca":"057030X00000000000000025600000000000010000","tipo":"Urbano","sup_m2":924.3},"geometry":{"type":"Polygon","coordinates":[[[-58.635998,-34.411845],[-58.636443,-34.411758],[-58.6364,-34.411578],[-58.635949,-34.411637],[-58.635971,-34.411741],[-58.635998,-34.411845]]]}},{"type":"Feature","properties":{"partida":"057139022","cca":"057030X00000000000000025600000000000011000","tipo":"Urbano","sup_m2":924.0},"geometry":{"type":"Polygon","coordinates":[[[-58.635998,-34.411845],[-58.63603,-34.411948],[-58.636066,-34.41205],[-58.636501,-34.411936],[-58.636443,-34.411758],[-58.635998,-34.411845]]]}},{"type":"Feature","properties":{"partida":"057139023","cca":"057030X00000000000000025600000000000012000","tipo":"Urbano","sup_m2":1036.8},"geometry":{"type":"Polygon","coordinates":[[[-58.636066,-34.41205],[-58.636097,-34.412124],[-58.63613,-34.412165],[-58.636163,-34.41219],[-58.636188,-34.412203],[-58.636244,-34.41222],[-58.636288,-34.412225],[-58.636327,-34.412223],[-58.636404,-34.412213],[-58.636522,-34.412191],[-58.636544,-34.412193],[-58.636562,-34.412199],[-58.636592,-34.412157],[-58.636591,-34.412142],[-58.636548,-34.41205],[-58.636501,-34.411936],[-58.636066,-34.41205]]]}},{"type":"Feature","properties":{"partida":"057139024","cca":"057030X00000000000000025700000000000001000","tipo":"Urbano","sup_m2":1138.2},"geometry":{"type":"Polygon","coordinates":[[[-58.636638,-34.40983],[-58.637046,-34.409722],[-58.637012,-34.409641],[-58.636975,-34.409566],[-58.636953,-34.409541],[-58.636926,-34.409519],[-58.636893,-34.409504],[-58.636857,-34.409496],[-58.636819,-34.409494],[-58.636794,-34.409497],[-58.636676,-34.409535],[-58.636506,-34.409601],[-58.636553,-34.409677],[-58.636603,-34.409714],[-58.636629,-34.409746],[-58.636638,-34.409768],[-58.636642,-34.409791],[-58.636638,-34.40983]]]}},{"type":"Feature","properties":{"partida":"057139025","cca":"057030X00000000000000025700000000000002000","tipo":"Urbano","sup_m2":960.0},"geometry":{"type":"Polygon","coordinates":[[[-58.636662,-34.410012],[-58.637112,-34.409949],[-58.637084,-34.409835],[-58.637046,-34.409722],[-58.636638,-34.40983],[-58.636632,-34.409855],[-58.636632,-34.40989],[-58.636662,-34.410012]]]}},{"type":"Feature","properties":{"partida":"057139026","cca":"057030X00000000000000025700000000000003000","tipo":"Urbano","sup_m2":967.6},"geometry":{"type":"Polygon","coordinates":[[[-58.637139,-34.410183],[-58.637131,-34.410066],[-58.637112,-34.409949],[-58.636662,-34.410012],[-58.636675,-34.410093],[-58.636683,-34.410192],[-58.637139,-34.410183]]]}},{"type":"Feature","properties":{"partida":"057139027","cca":"057030X00000000000000025700000000000004000","tipo":"Urbano","sup_m2":967.6},"geometry":{"type":"Polygon","coordinates":[[[-58.637139,-34.410183],[-58.636683,-34.410192],[-58.636681,-34.410282],[-58.636672,-34.410372],[-58.637126,-34.410417],[-58.637138,-34.410288],[-58.637139,-34.410183]]]}},{"type":"Feature","properties":{"partida":"057139028","cca":"057030X00000000000000025700000000000005000","tipo":"Urbano","sup_m2":961.1},"geometry":{"type":"Polygon","coordinates":[[[-58.636672,-34.410372],[-58.636652,-34.410474],[-58.636625,-34.410569],[-58.637079,-34.410625],[-58.637106,-34.410522],[-58.637126,-34.410417],[-58.636672,-34.410372]]]}},{"type":"Feature","properties":{"partida":"057139029","cca":"057030X00000000000000025700000000000006000","tipo":"Urbano","sup_m2":962.4},"geometry":{"type":"Polygon","coordinates":[[[-58.637079,-34.410625],[-58.636625,-34.410569],[-58.636595,-34.410666],[-58.636571,-34.410765],[-58.637021,-34.410832],[-58.637045,-34.410735],[-58.637079,-34.410625]]]}},{"type":"Feature","properties":{"partida":"057139030","cca":"057030X00000000000000025700000000000007000","tipo":"Urbano","sup_m2":953.7},"geometry":{"type":"Polygon","coordinates":[[[-58.637021,-34.410832],[-58.636571,-34.410765],[-58.636552,-34.410863],[-58.636536,-34.410985],[-58.636991,-34.411017],[-58.637003,-34.410924],[-58.637021,-34.410832]]]}},{"type":"Feature","properties":{"partida":"057139031","cca":"057030X00000000000000025700000000000008000","tipo":"Urbano","sup_m2":953.8},"geometry":{"type":"Polygon","coordinates":[[[-58.636991,-34.411017],[-58.636536,-34.410985],[-58.636528,-34.411096],[-58.636526,-34.411207],[-58.636983,-34.411204],[-58.636985,-34.411101],[-58.636991,-34.411017]]]}},{"type":"Feature","properties":{"partida":"057139032","cca":"057030X00000000000000025700000000000009000","tipo":"Urbano","sup_m2":953.7},"geometry":{"type":"Polygon","coordinates":[[[-58.636995,-34.41139],[-58.636987,-34.411306],[-58.636983,-34.411204],[-58.636526,-34.411207],[-58.63653,-34.411307],[-58.636541,-34.411429],[-58.636995,-34.41139]]]}},{"type":"Feature","properties":{"partida":"057139033","cca":"057030X00000000000000025700000000000010000","tipo":"Urbano","sup_m2":953.8},"geometry":{"type":"Polygon","coordinates":[[[-58.637029,-34.411575],[-58.637011,-34.411492],[-58.636995,-34.41139],[-58.636541,-34.411429],[-58.636558,-34.411539],[-58.636581,-34.411649],[-58.637029,-34.411575]]]}},{"type":"Feature","properties":{"partida":"057139034","cca":"057030X00000000000000025700000000000011000","tipo":"Urbano","sup_m2":953.6},"geometry":{"type":"Polygon","coordinates":[[[-58.637083,-34.411756],[-58.637051,-34.411657],[-58.637029,-34.411575],[-58.636581,-34.411649],[-58.63661,-34.411758],[-58.636646,-34.411865],[-58.637083,-34.411756]]]}},{"type":"Feature","properties":{"partida":"057139035","cca":"057030X00000000000000025700000000000012000","tipo":"Urbano","sup_m2":953.8},"geometry":{"type":"Polygon","coordinates":[[[-58.637158,-34.411933],[-58.637114,-34.411836],[-58.637083,-34.411756],[-58.636646,-34.411865],[-58.636687,-34.411971],[-58.636734,-34.412075],[-58.637158,-34.411933]]]}},{"type":"Feature","properties":{"partida":"057139036","cca":"057030X00000000000000025700000000000013000","tipo":"Urbano","sup_m2":957.5},"geometry":{"type":"Polygon","coordinates":[[[-58.637158,-34.411933],[-58.636734,-34.412075],[-58.636787,-34.412176],[-58.636835,-34.412258],[-58.636952,-34.412228],[-58.637047,-34.412198],[-58.637158,-34.412153],[-58.637224,-34.41212],[-58.637237,-34.412099],[-58.637235,-34.412076],[-58.637158,-34.411933]]]}},{"type":"Feature","properties":{"partida":"057139037","cca":"057030X00000000000000025800000000000001000","tipo":"Urbano","sup_m2":957.6},"geometry":{"type":"Polygon","coordinates":[[[-58.637429,-34.412342],[-58.637328,-34.412217],[-58.637305,-34.412205],[-58.637281,-34.412203],[-58.637211,-34.412229],[-58.637103,-34.412277],[-58.636998,-34.412331],[-58.636915,-34.41238],[-58.636983,-34.412472],[-58.637057,-34.412562],[-58.637429,-34.412342]]]}},{"type":"Feature","properties":{"partida":"057139038","cca":"057030X00000000000000025800000000000002000","tipo":"Urbano","sup_m2":935.0},"geometry":{"type":"Polygon","coordinates":[[[-58.637057,-34.412562],[-58.637119,-34.412637],[-58.637176,-34.412715],[-58.637572,-34.412526],[-58.637503,-34.412433],[-58.637429,-34.412342],[-58.637057,-34.412562]]]}},{"type":"Feature","properties":{"partida":"057139039","cca":"057030X00000000000000025800000000000003000","tipo":"Urbano","sup_m2":934.9},"geometry":{"type":"Polygon","coordinates":[[[-58.637277,-34.412878],[-58.637693,-34.41272],[-58.637641,-34.412632],[-58.637572,-34.412526],[-58.637176,-34.412715],[-58.637224,-34.412787],[-58.637277,-34.412878]]]}},{"type":"Feature","properties":{"partida":"057139040","cca":"057030X00000000000000025800000000000004000","tipo":"Urbano","sup_m2":935.0},"geometry":{"type":"Polygon","coordinates":[[[-58.637359,-34.413047],[-58.637791,-34.412923],[-58.63775,-34.412831],[-58.637693,-34.41272],[-58.637277,-34.412878],[-58.637321,-34.412962],[-58.637359,-34.413047]]]}},{"type":"Feature","properties":{"partida":"057139041","cca":"057030X00000000000000025800000000000005000","tipo":"Urbano","sup_m2":935.0},"geometry":{"type":"Polygon","coordinates":[[[-58.637359,-34.413047],[-58.637396,-34.413143],[-58.637422,-34.413222],[-58.637865,-34.413133],[-58.637835,-34.413038],[-58.637791,-34.412923],[-58.637359,-34.413047]]]}},{"type":"Feature","properties":{"partida":"057139042","cca":"057030X00000000000000025800000000000006000","tipo":"Urbano","sup_m2":935.0},"geometry":{"type":"Polygon","coordinates":[[[-58.637865,-34.413133],[-58.637422,-34.413222],[-58.637445,-34.413312],[-58.637463,-34.413402],[-58.637915,-34.413347],[-58.637896,-34.41325],[-58.637865,-34.413133]]]}},{"type":"Feature","properties":{"partida":"057139043","cca":"057030X00000000000000025800000000000007000","tipo":"Urbano","sup_m2":1032.8},"geometry":{"type":"Polygon","coordinates":[[[-58.637915,-34.413347],[-58.637463,-34.413402],[-58.637477,-34.413492],[-58.637485,-34.41359],[-58.637495,-34.413611],[-58.637511,-34.413623],[-58.637532,-34.413629],[-58.637612,-34.413622],[-58.637705,-34.413609],[-58.637797,-34.413591],[-58.637832,-34.413581],[-58.637862,-34.413567],[-58.637888,-34.413549],[-58.637902,-34.413534],[-58.637918,-34.413509],[-58.637928,-34.413482],[-58.63793,-34.413444],[-58.637915,-34.413347]]]}},{"type":"Feature","properties":{"partida":"057138946","cca":"057030X00000000000000025900000000000001000","tipo":"Urbano","sup_m2":17565.7},"geometry":{"type":"Polygon","coordinates":[[[-58.63677,-34.409503],[-58.636819,-34.409494],[-58.636844,-34.409494],[-58.636881,-34.409501],[-58.636926,-34.409519],[-58.636953,-34.409541],[-58.636968,-34.409557],[-58.637012,-34.409641],[-58.637058,-34.409755],[-58.637096,-34.40988],[-58.637119,-34.409984],[-58.637131,-34.410066],[-58.637139,-34.410171],[-58.637139,-34.410277],[-58.637133,-34.410359],[-58.637123,-34.410438],[-58.637106,-34.410522],[-58.637031,-34.410788],[-58.637003,-34.410924],[-58.636992,-34.411008],[-58.636985,-34.411101],[-58.636983,-34.411204],[-58.636985,-34.411279],[-58.636994,-34.411381],[-58.637011,-34.411492],[-58.637033,-34.411593],[-58.637059,-34.411684],[-58.637086,-34.411765],[-58.637126,-34.411863],[-58.637175,-34.411967],[-58.637234,-34.412073],[-58.637238,-34.412089],[-58.637233,-34.412109],[-58.637218,-34.412125],[-58.637121,-34.412169],[-58.637047,-34.412198],[-58.636971,-34.412223],[-58.636835,-34.412258],[-58.636915,-34.41238],[-58.636982,-34.41234],[-58.637067,-34.412294],[-58.637211,-34.412229],[-58.637281,-34.412203],[-58.637305,-34.412205],[-58.637322,-34.412212],[-58.637333,-34.412222],[-58.637496,-34.412424],[-58.637591,-34.412554],[-58.637641,-34.412632],[-58.637693,-34.41272],[-58.637768,-34.412872],[-58.637835,-34.413038],[-58.637886,-34.413207],[-58.637912,-34.413326],[-58.637926,-34.413415],[-58.637931,-34.413463],[-58.637925,-34.413491],[-58.637908,-34.413526],[-58.63788,-34.413555],[-58.637842,-34.413577],[-58.637797,-34.413591],[-58.637665,-34.413615],[-58.637536,-34.41363],[-58.637519,-34.413626],[-58.6375,-34.413616],[-58.637488,-34.413601],[-58.637485,-34.413587],[-58.637488,-34.41372],[-58.637495,-34.413741],[-58.63751,-34.413764],[-58.637537,-34.413786],[-58.637581,-34.413806],[-58.637633,-34.413822],[-58.637688,-34.413832],[-58.638184,-34.413849],[-58.638249,-34.413844],[-58.63831,-34.413824],[-58.638345,-34.413803],[-58.638376,-34.413777],[-58.638409,-34.41373],[-58.638421,-34.413695],[-58.638426,-34.413659],[-58.638418,-34.413606],[-58.638239,-34.413063],[-58.637449,-34.411791],[-58.637399,-34.411692],[-58.637377,-34.411641],[-58.63734,-34.411537],[-58.637312,-34.411431],[-58.637302,-34.411378],[-58.637289,-34.41127],[-58.637286,-34.411162],[-58.637293,-34.411054],[-58.63731,-34.410947],[-58.637322,-34.410894],[-58.637393,-34.410657],[-58.637423,-34.410523],[-58.637443,-34.410388],[-58.637453,-34.410253],[-58.637453,-34.410117],[-58.637442,-34.409981],[-58.637433,-34.409914],[-58.637407,-34.40978],[-58.63739,-34.409713],[-58.637349,-34.409582],[-58.637325,-34.409517],[-58.637264,-34.409377],[-58.637139,-34.409403],[-58.637014,-34.409432],[-58.636891,-34.409466],[-58.63677,-34.409503]]]}},{"type":"Feature","properties":{"partida":"057138947","cca":"057030X00000000000000026000000000000001000","tipo":"Urbano","sup_m2":43956.9},"geometry":{"type":"Polygon","coordinates":[[[-58.63403,-34.414557],[-58.634028,-34.414635],[-58.634016,-34.414736],[-58.634018,-34.41478],[-58.634024,-34.414814],[-58.63404,-34.414863],[-58.634065,-34.414909],[-58.634097,-34.41495],[-58.634136,-34.414987],[-58.634181,-34.415019],[-58.634223,-34.415041],[-58.634276,-34.415062],[-58.634323,-34.415075],[-58.634407,-34.415085],[-58.634528,-34.41508],[-58.634593,-34.415083],[-58.634663,-34.415095],[-58.634738,-34.415119],[-58.63479,-34.415143],[-58.634837,-34.41517],[-58.63493,-34.415234],[-58.634945,-34.415239],[-58.634966,-34.415241],[-58.634969,-34.415287],[-58.634963,-34.415302],[-58.634951,-34.415315],[-58.635007,-34.415276],[-58.635137,-34.415177],[-58.635245,-34.415105],[-58.635231,-34.415111],[-58.635214,-34.415114],[-58.635148,-34.415105],[-58.635149,-34.415088],[-58.635141,-34.41507],[-58.635098,-34.415031],[-58.635022,-34.414981],[-58.634942,-34.414942],[-58.634845,-34.414912],[-58.634702,-34.414885],[-58.634611,-34.414864],[-58.634463,-34.41482],[-58.63442,-34.414803],[-58.634389,-34.414786],[-58.634362,-34.414764],[-58.63434,-34.414739],[-58.634319,-34.414705],[-58.634294,-34.414646],[-58.634253,-34.414515],[-58.634229,-34.414385],[-58.634221,-34.414265],[-58.634223,-34.414191],[-58.634229,-34.414122],[-58.634254,-34.413986],[-58.634278,-34.413912],[-58.634297,-34.413885],[-58.634323,-34.413862],[-58.634366,-34.41384],[-58.63439,-34.413834],[-58.634428,-34.41383],[-58.634466,-34.413834],[-58.634637,-34.413872],[-58.634806,-34.413916],[-58.634973,-34.413967],[-58.635103,-34.414013],[-58.635335,-34.4141],[-58.635551,-34.414169],[-58.635688,-34.414205],[-58.635794,-34.41423],[-58.635901,-34.414251],[-58.63603,-34.414273],[-58.636172,-34.414292],[-58.636336,-34.414308],[-58.63649,-34.414317],[-58.636705,-34.414321],[-58.636852,-34.414339],[-58.636915,-34.414341],[-58.636979,-34.414338],[-58.63705,-34.414328],[-58.637127,-34.414307],[-58.637213,-34.414273],[-58.637243,-34.41427],[-58.637272,-34.414277],[-58.637291,-34.414288],[-58.637304,-34.414303],[-58.637313,-34.414327],[-58.637301,-34.414216],[-58.637292,-34.414188],[-58.637266,-34.414159],[-58.637176,-34.414097],[-58.637145,-34.414063],[-58.637123,-34.414024],[-58.637116,-34.414003],[-58.637109,-34.413961],[-58.63711,-34.413939],[-58.63712,-34.413897],[-58.637129,-34.413877],[-58.637155,-34.41384],[-58.637189,-34.413808],[-58.637209,-34.413794],[-58.637266,-34.413767],[-58.637287,-34.413753],[-58.637305,-34.413736],[-58.637317,-34.413716],[-58.637323,-34.413694],[-58.637324,-34.413665],[-58.637316,-34.413523],[-58.637315,-34.413543],[-58.637309,-34.413563],[-58.637298,-34.413581],[-58.637281,-34.413597],[-58.637261,-34.413609],[-58.637238,-34.413617],[-58.637214,-34.41362],[-58.637189,-34.413619],[-58.637154,-34.413609],[-58.637055,-34.413554],[-58.63695,-34.413507],[-58.636838,-34.413469],[-58.636731,-34.413441],[-58.636642,-34.413425],[-58.636551,-34.413414],[-58.636461,-34.413409],[-58.636249,-34.413407],[-58.636126,-34.4134],[-58.635963,-34.413384],[-58.635808,-34.413362],[-58.63568,-34.413338],[-58.635528,-34.413303],[-58.635216,-34.413213],[-58.635052,-34.413171],[-58.634897,-34.413138],[-58.63473,-34.413108],[-58.634527,-34.41308],[-58.634335,-34.413062],[-58.634099,-34.41305],[-58.633824,-34.41305],[-58.633701,-34.413047],[-58.633553,-34.413035],[-58.633395,-34.413012],[-58.63328,-34.41299],[-58.633166,-34.412962],[-58.633055,-34.412929],[-58.632966,-34.412898],[-58.63294,-34.412878],[-58.63293,-34.412866],[-58.63292,-34.412846],[-58.632916,-34.412816],[-58.632926,-34.412784],[-58.632876,-34.412874],[-58.63284,-34.412947],[-58.632808,-34.413021],[-58.632768,-34.413135],[-58.632729,-34.413289],[-58.632669,-34.413646],[-58.632666,-34.413738],[-58.63267,-34.413793],[-58.632679,-34.413848],[-58.632705,-34.413937],[-58.632775,-34.414116],[-58.632768,-34.414081],[-58.632773,-34.414046],[-58.632793,-34.414006],[-58.63282,-34.413979],[-58.632845,-34.413963],[-58.632931,-34.413922],[-58.633079,-34.413862],[-58.633166,-34.413834],[-58.633257,-34.413809],[-58.633364,-34.413786],[-58.63345,-34.413772],[-58.633573,-34.413758],[-58.633681,-34.413752],[-58.633733,-34.413753],[-58.633774,-34.413761],[-58.633819,-34.413783],[-58.633853,-34.413817],[-58.633871,-34.413849],[-58.633902,-34.413942],[-58.633951,-34.414111],[-58.633988,-34.414268],[-58.634018,-34.414439],[-58.63403,-34.414557]]]}},{"type":"Feature","properties":{"partida":"057139044","cca":"057030X00000000000000026100000000000001000","tipo":"Urbano","sup_m2":2123.2},"geometry":{"type":"Polygon","coordinates":[[[-58.634843,-34.413927],[-58.634656,-34.413876],[-58.634466,-34.413834],[-58.634415,-34.41383],[-58.634378,-34.413836],[-58.634354,-34.413844],[-58.634323,-34.413862],[-58.634305,-34.413877],[-58.634283,-34.413903],[-58.634273,-34.413922],[-58.634254,-34.413986],[-58.634237,-34.414067],[-58.634228,-34.414136],[-58.634222,-34.414205],[-58.634453,-34.41425],[-58.634679,-34.414309],[-58.634843,-34.413927]]]}},{"type":"Feature","properties":{"partida":"057139045","cca":"057030X00000000000000026100000000000002000","tipo":"Urbano","sup_m2":978.9},"geometry":{"type":"Polygon","coordinates":[[[-58.634884,-34.414376],[-58.635078,-34.414004],[-58.634843,-34.413927],[-58.634679,-34.414309],[-58.634884,-34.414376]]]}},{"type":"Feature","properties":{"partida":"057139046","cca":"057030X00000000000000026100000000000003000","tipo":"Urbano","sup_m2":978.9},"geometry":{"type":"Polygon","coordinates":[[[-58.635295,-34.414085],[-58.635078,-34.414004],[-58.634884,-34.414376],[-58.635098,-34.414457],[-58.635295,-34.414085]]]}},{"type":"Feature","properties":{"partida":"057139047","cca":"057030X00000000000000026100000000000004000","tipo":"Urbano","sup_m2":979.1},"geometry":{"type":"Polygon","coordinates":[[[-58.635295,-34.414085],[-58.635098,-34.414457],[-58.635332,-34.414535],[-58.635499,-34.414154],[-58.635295,-34.414085]]]}},{"type":"Feature","properties":{"partida":"057139048","cca":"057030X00000000000000026100000000000005000","tipo":"Urbano","sup_m2":978.8},"geometry":{"type":"Polygon","coordinates":[[[-58.635332,-34.414535],[-58.635572,-34.4146],[-58.635709,-34.41421],[-58.635499,-34.414154],[-58.635332,-34.414535]]]}},{"type":"Feature","properties":{"partida":"057139049","cca":"057030X00000000000000026100000000000006000","tipo":"Urbano","sup_m2":979.0},"geometry":{"type":"Polygon","coordinates":[[[-58.635817,-34.414651],[-58.635922,-34.414255],[-58.635709,-34.41421],[-58.635572,-34.4146],[-58.635817,-34.414651]]]}},{"type":"Feature","properties":{"partida":"057139050","cca":"057030X00000000000000026100000000000007000","tipo":"Urbano","sup_m2":979.0},"geometry":{"type":"Polygon","coordinates":[[[-58.635817,-34.414651],[-58.636066,-34.414689],[-58.636139,-34.414288],[-58.635922,-34.414255],[-58.635817,-34.414651]]]}},{"type":"Feature","properties":{"partida":"057139051","cca":"057030X00000000000000026100000000000008000","tipo":"Urbano","sup_m2":978.8},"geometry":{"type":"Polygon","coordinates":[[[-58.636066,-34.414689],[-58.636317,-34.414714],[-58.636358,-34.41431],[-58.636139,-34.414288],[-58.636066,-34.414689]]]}},{"type":"Feature","properties":{"partida":"057139052","cca":"057030X00000000000000026100000000000009000","tipo":"Urbano","sup_m2":978.9},"geometry":{"type":"Polygon","coordinates":[[[-58.636317,-34.414714],[-58.636569,-34.414724],[-58.636578,-34.414319],[-58.636358,-34.41431],[-58.636317,-34.414714]]]}},{"type":"Feature","properties":{"partida":"057139053","cca":"057030X00000000000000026100000000000010000","tipo":"Urbano","sup_m2":978.4},"geometry":{"type":"Polygon","coordinates":[[[-58.636799,-34.414332],[-58.636705,-34.414321],[-58.636578,-34.414319],[-58.636569,-34.414724],[-58.636712,-34.414727],[-58.636823,-34.414733],[-58.636799,-34.414332]]]}},{"type":"Feature","properties":{"partida":"057139054","cca":"057030X00000000000000026100000000000011000","tipo":"Urbano","sup_m2":1000.5},"geometry":{"type":"Polygon","coordinates":[[[-58.637095,-34.414739],[-58.637011,-34.414334],[-58.636948,-34.41434],[-58.636894,-34.414341],[-58.636799,-34.414332],[-58.636823,-34.414733],[-58.636991,-34.414749],[-58.63704,-34.414748],[-58.637095,-34.414739]]]}},{"type":"Feature","properties":{"partida":"057139055","cca":"057030X00000000000000026100000000000012000","tipo":"Urbano","sup_m2":1078.6},"geometry":{"type":"Polygon","coordinates":[[[-58.637095,-34.414739],[-58.637159,-34.414717],[-58.637198,-34.414697],[-58.637233,-34.414673],[-58.637277,-34.414628],[-58.637299,-34.414595],[-58.637316,-34.41456],[-58.63733,-34.414504],[-58.637331,-34.414465],[-58.637312,-34.414321],[-58.637304,-34.414303],[-58.637296,-34.414293],[-58.637279,-34.41428],[-58.637258,-34.414273],[-58.637236,-34.41427],[-58.637213,-34.414273],[-58.637108,-34.414313],[-58.637011,-34.414334],[-58.637095,-34.414739]]]}},{"type":"Feature","properties":{"partida":"057139056","cca":"057030X00000000000000026200000000000001000","tipo":"Urbano","sup_m2":1251.3},"geometry":{"type":"Polygon","coordinates":[[[-58.634566,-34.414851],[-58.63475,-34.414476],[-58.634712,-34.414465],[-58.634674,-34.414459],[-58.634608,-34.414458],[-58.634543,-34.414469],[-58.634478,-34.414492],[-58.634448,-34.414499],[-58.634405,-34.414499],[-58.634348,-34.41449],[-58.634251,-34.414505],[-58.634274,-34.414586],[-58.634302,-34.414665],[-58.634326,-34.414719],[-58.63435,-34.414752],[-58.634382,-34.414781],[-58.63442,-34.414803],[-58.634481,-34.414826],[-58.634566,-34.414851]]]}},{"type":"Feature","properties":{"partida":"057139057","cca":"057030X00000000000000026200000000000002000","tipo":"Urbano","sup_m2":1174.6},"geometry":{"type":"Polygon","coordinates":[[[-58.63475,-34.414476],[-58.634566,-34.414851],[-58.63469,-34.414882],[-58.634833,-34.414909],[-58.635042,-34.414584],[-58.63475,-34.414476]]]}},{"type":"Feature","properties":{"partida":"057139058","cca":"057030X00000000000000026200000000000003000","tipo":"Urbano","sup_m2":1092.8},"geometry":{"type":"Polygon","coordinates":[[[-58.635041,-34.414992],[-58.63537,-34.414689],[-58.635188,-34.414634],[-58.635042,-34.414584],[-58.634833,-34.414909],[-58.634888,-34.414924],[-58.634942,-34.414942],[-58.634992,-34.414965],[-58.635041,-34.414992]]]}},{"type":"Feature","properties":{"partida":"057139059","cca":"057030X00000000000000026200000000000004000","tipo":"Urbano","sup_m2":1133.1},"geometry":{"type":"Polygon","coordinates":[[[-58.635041,-34.414992],[-58.635098,-34.415031],[-58.635136,-34.415063],[-58.635148,-34.415086],[-58.635148,-34.415105],[-58.635212,-34.415114],[-58.63524,-34.415108],[-58.635332,-34.415053],[-58.635435,-34.414997],[-58.635469,-34.414968],[-58.635483,-34.414952],[-58.635504,-34.414916],[-58.635515,-34.414877],[-58.635516,-34.414857],[-58.635511,-34.414817],[-58.635494,-34.414779],[-58.635482,-34.414762],[-58.635468,-34.414745],[-58.635434,-34.414717],[-58.635392,-34.414696],[-58.63537,-34.414689],[-58.635041,-34.414992]]]}},{"type":"Feature","properties":{"partida":"057139060","cca":"057030X00000000000000026300000000000001000","tipo":"Urbano","sup_m2":1116.8},"geometry":{"type":"Polygon","coordinates":[[[-58.633909,-34.413965],[-58.633871,-34.413849],[-58.633859,-34.413824],[-58.633827,-34.413789],[-58.633784,-34.413765],[-58.633733,-34.413753],[-58.63365,-34.413753],[-58.633526,-34.413762],[-58.633404,-34.413779],[-58.633423,-34.413854],[-58.63343,-34.413868],[-58.633462,-34.413906],[-58.633476,-34.413945],[-58.633475,-34.413979],[-58.633458,-34.414031],[-58.633451,-34.414063],[-58.633909,-34.413965]]]}},{"type":"Feature","properties":{"partida":"057139061","cca":"057030X00000000000000026300000000000002000","tipo":"Urbano","sup_m2":941.2},"geometry":{"type":"Polygon","coordinates":[[[-58.633484,-34.41424],[-58.633964,-34.41416],[-58.633909,-34.413965],[-58.633451,-34.414063],[-58.633453,-34.414121],[-58.633484,-34.41424]]]}},{"type":"Feature","properties":{"partida":"057139062","cca":"057030X00000000000000026300000000000003000","tipo":"Urbano","sup_m2":945.3},"geometry":{"type":"Polygon","coordinates":[[[-58.633521,-34.414416],[-58.634005,-34.414358],[-58.633964,-34.41416],[-58.633484,-34.41424],[-58.633521,-34.414416]]]}},{"type":"Feature","properties":{"partida":"057139063","cca":"057030X00000000000000026300000000000004000","tipo":"Urbano","sup_m2":944.2},"geometry":{"type":"Polygon","coordinates":[[[-58.634005,-34.414358],[-58.633521,-34.414416],[-58.633546,-34.414593],[-58.63403,-34.414557],[-58.634026,-34.414495],[-58.634005,-34.414358]]]}},{"type":"Feature","properties":{"partida":"057139064","cca":"057030X00000000000000026300000000000005000","tipo":"Urbano","sup_m2":1007.7},"geometry":{"type":"Polygon","coordinates":[[[-58.63403,-34.414557],[-58.633546,-34.414593],[-58.633565,-34.414832],[-58.634016,-34.414738],[-58.634028,-34.414635],[-58.63403,-34.414557]]]}},{"type":"Feature","properties":{"partida":"057139065","cca":"057030X00000000000000026300000000000006000","tipo":"Urbano","sup_m2":1017.3},"geometry":{"type":"Polygon","coordinates":[[[-58.633662,-34.415086],[-58.634061,-34.414901],[-58.63404,-34.414863],[-58.634026,-34.414822],[-58.634018,-34.41478],[-58.634016,-34.414738],[-58.633565,-34.414832],[-58.633578,-34.414898],[-58.633599,-34.414963],[-58.633627,-34.415026],[-58.633662,-34.415086]]]}},{"type":"Feature","properties":{"partida":"057139066","cca":"057030X00000000000000026300000000000007000","tipo":"Urbano","sup_m2":1027.5},"geometry":{"type":"Polygon","coordinates":[[[-58.633872,-34.415299],[-58.634189,-34.415024],[-58.63415,-34.414998],[-58.634116,-34.414969],[-58.634086,-34.414936],[-58.634061,-34.414901],[-58.633662,-34.415086],[-58.633705,-34.415145],[-58.633755,-34.415201],[-58.633811,-34.415252],[-58.633872,-34.415299]]]}},{"type":"Feature","properties":{"partida":"057139067","cca":"057030X00000000000000026300000000000008000","tipo":"Urbano","sup_m2":1045.7},"geometry":{"type":"Polygon","coordinates":[[[-58.634174,-34.415433],[-58.634371,-34.415082],[-58.634323,-34.415075],[-58.634276,-34.415062],[-58.634231,-34.415045],[-58.634189,-34.415024],[-58.633872,-34.415299],[-58.633941,-34.415342],[-58.634015,-34.415379],[-58.634093,-34.415409],[-58.634174,-34.415433]]]}},{"type":"Feature","properties":{"partida":"057139068","cca":"057030X00000000000000026300000000000009000","tipo":"Urbano","sup_m2":1051.6},"geometry":{"type":"Polygon","coordinates":[[[-58.634573,-34.415081],[-58.634518,-34.41508],[-58.634433,-34.415085],[-58.634371,-34.415082],[-58.634174,-34.415433],[-58.634257,-34.41545],[-58.634341,-34.415461],[-58.634427,-34.415464],[-58.634512,-34.41546],[-58.634573,-34.415081]]]}},{"type":"Feature","properties":{"partida":"057139069","cca":"057030X00000000000000026300000000000010000","tipo":"Urbano","sup_m2":1119.3},"geometry":{"type":"Polygon","coordinates":[[[-58.634573,-34.415081],[-58.634512,-34.41546],[-58.63457,-34.415454],[-58.634654,-34.415438],[-58.634764,-34.415406],[-58.634867,-34.415362],[-58.63494,-34.415322],[-58.634959,-34.415308],[-58.634969,-34.415285],[-58.634966,-34.415241],[-58.634945,-34.415239],[-58.63493,-34.415234],[-58.634837,-34.41517],[-58.63479,-34.415143],[-58.634738,-34.415119],[-58.634663,-34.415095],[-58.634573,-34.415081]]]}},{"type":"Feature","properties":{"partida":"057139070","cca":"057030X00000000000000026400000000000001000","tipo":"Urbano","sup_m2":1146.9},"geometry":{"type":"Polygon","coordinates":[[[-58.632808,-34.414215],[-58.633276,-34.414116],[-58.633248,-34.414079],[-58.6332,-34.414034],[-58.633183,-34.414007],[-58.633173,-34.413971],[-58.633175,-34.413929],[-58.633173,-34.413915],[-58.63314,-34.413842],[-58.633034,-34.413879],[-58.632916,-34.413928],[-58.632836,-34.413968],[-58.632799,-34.413999],[-58.632776,-34.414038],[-58.632768,-34.414081],[-58.632772,-34.414107],[-58.632808,-34.414215]]]}},{"type":"Feature","properties":{"partida":"057139071","cca":"057030X00000000000000026400000000000002000","tipo":"Urbano","sup_m2":899.1},"geometry":{"type":"Polygon","coordinates":[[[-58.633332,-34.414303],[-58.633296,-34.414161],[-58.633276,-34.414116],[-58.632808,-34.414215],[-58.632852,-34.414379],[-58.633332,-34.414303]]]}},{"type":"Feature","properties":{"partida":"057139072","cca":"057030X00000000000000026400000000000003000","tipo":"Urbano","sup_m2":899.9},"geometry":{"type":"Polygon","coordinates":[[[-58.633369,-34.414493],[-58.633332,-34.414303],[-58.632852,-34.414379],[-58.632883,-34.414544],[-58.633369,-34.414493]]]}},{"type":"Feature","properties":{"partida":"057139073","cca":"057030X00000000000000026400000000000004000","tipo":"Urbano","sup_m2":900.1},"geometry":{"type":"Polygon","coordinates":[[[-58.633369,-34.414493],[-58.632883,-34.414544],[-58.632903,-34.414711],[-58.633391,-34.414685],[-58.633369,-34.414493]]]}},{"type":"Feature","properties":{"partida":"057139074","cca":"057030X00000000000000026400000000000005000","tipo":"Urbano","sup_m2":900.2},"geometry":{"type":"Polygon","coordinates":[[[-58.633399,-34.414878],[-58.633391,-34.414685],[-58.632903,-34.414711],[-58.63291,-34.414879],[-58.633399,-34.414878]]]}},{"type":"Feature","properties":{"partida":"057139075","cca":"057030X00000000000000026400000000000006000","tipo":"Urbano","sup_m2":899.8},"geometry":{"type":"Polygon","coordinates":[[[-58.632906,-34.415062],[-58.633395,-34.415055],[-58.633399,-34.414878],[-58.63291,-34.414879],[-58.632906,-34.415062]]]}},{"type":"Feature","properties":{"partida":"057139076","cca":"057030X00000000000000026400000000000007000","tipo":"Urbano","sup_m2":1037.4},"geometry":{"type":"Polygon","coordinates":[[[-58.632945,-34.415312],[-58.63342,-34.415217],[-58.633401,-34.415128],[-58.633395,-34.415055],[-58.632906,-34.415062],[-58.632917,-34.415188],[-58.632945,-34.415312]]]}},{"type":"Feature","properties":{"partida":"057139077","cca":"057030X00000000000000026400000000000008000","tipo":"Urbano","sup_m2":1037.5},"geometry":{"type":"Polygon","coordinates":[[[-58.63342,-34.415217],[-58.632945,-34.415312],[-58.632983,-34.415421],[-58.633017,-34.415492],[-58.633049,-34.415549],[-58.633487,-34.415369],[-58.633449,-34.415295],[-58.63342,-34.415217]]]}},{"type":"Feature","properties":{"partida":"057139078","cca":"057030X00000000000000026400000000000009000","tipo":"Urbano","sup_m2":1037.1},"geometry":{"type":"Polygon","coordinates":[[[-58.633593,-34.415506],[-58.633536,-34.41544],[-58.633487,-34.415369],[-58.633049,-34.415549],[-58.633092,-34.415616],[-58.633132,-34.41567],[-58.633212,-34.415761],[-58.633593,-34.415506]]]}},{"type":"Feature","properties":{"partida":"057139079","cca":"057030X00000000000000026400000000000010000","tipo":"Urbano","sup_m2":1037.3},"geometry":{"type":"Polygon","coordinates":[[[-58.633593,-34.415506],[-58.633212,-34.415761],[-58.633315,-34.415855],[-58.633428,-34.415939],[-58.633732,-34.415621],[-58.633666,-34.415573],[-58.633593,-34.415506]]]}},{"type":"Feature","properties":{"partida":"057139080","cca":"057030X00000000000000026400000000000011000","tipo":"Urbano","sup_m2":1037.5},"geometry":{"type":"Polygon","coordinates":[[[-58.633899,-34.415707],[-58.633813,-34.415668],[-58.633732,-34.415621],[-58.633428,-34.415939],[-58.633553,-34.416012],[-58.633686,-34.416073],[-58.633899,-34.415707]]]}},{"type":"Feature","properties":{"partida":"057139081","cca":"057030X00000000000000026400000000000012000","tipo":"Urbano","sup_m2":1037.2},"geometry":{"type":"Polygon","coordinates":[[[-58.633899,-34.415707],[-58.633686,-34.416073],[-58.633756,-34.416098],[-58.633827,-34.416121],[-58.633973,-34.416156],[-58.634084,-34.415761],[-58.633999,-34.415741],[-58.633899,-34.415707]]]}},{"type":"Feature","properties":{"partida":"057139082","cca":"057030X00000000000000026400000000000013000","tipo":"Urbano","sup_m2":1037.3},"geometry":{"type":"Polygon","coordinates":[[[-58.634279,-34.41578],[-58.634171,-34.415774],[-58.634084,-34.415761],[-58.633973,-34.416156],[-58.634123,-34.416178],[-58.634275,-34.416186],[-58.634279,-34.41578]]]}},{"type":"Feature","properties":{"partida":"057139083","cca":"057030X00000000000000026400000000000014000","tipo":"Urbano","sup_m2":1037.3},"geometry":{"type":"Polygon","coordinates":[[[-58.634279,-34.41578],[-58.634275,-34.416186],[-58.634427,-34.41618],[-58.634578,-34.41616],[-58.634474,-34.415764],[-58.634377,-34.415776],[-58.634279,-34.41578]]]}},{"type":"Feature","properties":{"partida":"057139084","cca":"057030X00000000000000026400000000000015000","tipo":"Urbano","sup_m2":1037.3},"geometry":{"type":"Polygon","coordinates":[[[-58.634474,-34.415764],[-58.634578,-34.41616],[-58.634725,-34.416126],[-58.634796,-34.416105],[-58.634866,-34.416079],[-58.63466,-34.415712],[-58.634578,-34.415739],[-58.634474,-34.415764]]]}},{"type":"Feature","properties":{"partida":"057139085","cca":"057030X00000000000000026400000000000016000","tipo":"Urbano","sup_m2":1037.5},"geometry":{"type":"Polygon","coordinates":[[[-58.63466,-34.415712],[-58.634866,-34.416079],[-58.634934,-34.416051],[-58.635,-34.41602],[-58.635126,-34.415949],[-58.634828,-34.415627],[-58.634747,-34.415673],[-58.63466,-34.415712]]]}},{"type":"Feature","properties":{"partida":"057139086","cca":"057030X00000000000000026400000000000017000","tipo":"Urbano","sup_m2":953.3},"geometry":{"type":"Polygon","coordinates":[[[-58.634976,-34.415507],[-58.634906,-34.415571],[-58.634828,-34.415627],[-58.635126,-34.415949],[-58.635213,-34.415888],[-58.635311,-34.415807],[-58.634976,-34.415507]]]}},{"type":"Feature","properties":{"partida":"057139087","cca":"057030X00000000000000026400000000000018000","tipo":"Urbano","sup_m2":978.3},"geometry":{"type":"Polygon","coordinates":[[[-58.635311,-34.415807],[-58.635444,-34.415679],[-58.635453,-34.41566],[-58.635451,-34.41564],[-58.635438,-34.415623],[-58.635347,-34.415545],[-58.635125,-34.41537],[-58.635048,-34.415437],[-58.634976,-34.415507],[-58.635311,-34.415807]]]}},{"type":"Feature","properties":{"partida":"057139088","cca":"057030X00000000000000026500000000000001000","tipo":"Urbano","sup_m2":988.4},"geometry":{"type":"Polygon","coordinates":[[[-58.635712,-34.415493],[-58.635439,-34.415156],[-58.635331,-34.415221],[-58.635228,-34.41529],[-58.635296,-34.415362],[-58.635381,-34.415446],[-58.63547,-34.415526],[-58.63553,-34.415573],[-58.635556,-34.415579],[-58.635579,-34.415574],[-58.635712,-34.415493]]]}},{"type":"Feature","properties":{"partida":"057139089","cca":"057030X00000000000000026500000000000002000","tipo":"Urbano","sup_m2":981.9},"geometry":{"type":"Polygon","coordinates":[[[-58.63589,-34.415407],[-58.635671,-34.415044],[-58.635553,-34.415097],[-58.635439,-34.415156],[-58.635712,-34.415493],[-58.635799,-34.415448],[-58.63589,-34.415407]]]}},{"type":"Feature","properties":{"partida":"057139090","cca":"057030X00000000000000026500000000000003000","tipo":"Urbano","sup_m2":982.3},"geometry":{"type":"Polygon","coordinates":[[[-58.63589,-34.415407],[-58.635983,-34.415371],[-58.63608,-34.415341],[-58.635918,-34.414958],[-58.63578,-34.415002],[-58.635671,-34.415044],[-58.63589,-34.415407]]]}},{"type":"Feature","properties":{"partida":"057139091","cca":"057030X00000000000000026500000000000004000","tipo":"Urbano","sup_m2":982.2},"geometry":{"type":"Polygon","coordinates":[[[-58.636278,-34.415295],[-58.636176,-34.414898],[-58.636046,-34.414924],[-58.635918,-34.414958],[-58.63608,-34.415341],[-58.636168,-34.415317],[-58.636278,-34.415295]]]}},{"type":"Feature","properties":{"partida":"057139092","cca":"057030X00000000000000026500000000000005000","tipo":"Urbano","sup_m2":982.0},"geometry":{"type":"Polygon","coordinates":[[[-58.636278,-34.415295],[-58.636369,-34.415281],[-58.636482,-34.41527],[-58.636442,-34.414866],[-58.636309,-34.414878],[-58.636176,-34.414898],[-58.636278,-34.415295]]]}},{"type":"Feature","properties":{"partida":"057139093","cca":"057030X00000000000000026500000000000006000","tipo":"Urbano","sup_m2":982.5},"geometry":{"type":"Polygon","coordinates":[[[-58.636676,-34.415267],[-58.636722,-34.414862],[-58.636582,-34.41486],[-58.636442,-34.414866],[-58.636482,-34.41527],[-58.636569,-34.415266],[-58.636676,-34.415267]]]}},{"type":"Feature","properties":{"partida":"057139094","cca":"057030X00000000000000026500000000000007000","tipo":"Urbano","sup_m2":1036.1},"geometry":{"type":"Polygon","coordinates":[[[-58.636676,-34.415267],[-58.636769,-34.415272],[-58.63686,-34.415281],[-58.637035,-34.414895],[-58.636879,-34.414874],[-58.636722,-34.414862],[-58.636676,-34.415267]]]}},{"type":"Feature","properties":{"partida":"057139095","cca":"057030X00000000000000026500000000000008000","tipo":"Urbano","sup_m2":1068.8},"geometry":{"type":"Polygon","coordinates":[[[-58.63686,-34.415281],[-58.636974,-34.415301],[-58.636997,-34.415315],[-58.63701,-34.415336],[-58.637094,-34.415317],[-58.637118,-34.415303],[-58.637195,-34.41519],[-58.637234,-34.415116],[-58.637247,-34.415078],[-58.637247,-34.415038],[-58.637235,-34.415],[-58.637211,-34.414966],[-58.637178,-34.414937],[-58.637151,-34.414923],[-58.637122,-34.414912],[-58.637035,-34.414895],[-58.63686,-34.415281]]]}},{"type":"Feature","properties":{"partida":"057139134","cca":"057030X00000000000000026800000000000001000","tipo":"Urbano","sup_m2":1143.2},"geometry":{"type":"Polygon","coordinates":[[[-58.636149,-34.415572],[-58.636503,-34.415852],[-58.636703,-34.415684],[-58.636717,-34.415663],[-58.636713,-34.41561],[-58.636681,-34.415606],[-58.636607,-34.415567],[-58.636524,-34.415533],[-58.636472,-34.415517],[-58.6364,-34.415502],[-58.636313,-34.415492],[-58.636262,-34.415498],[-58.636235,-34.415508],[-58.636211,-34.415521],[-58.636149,-34.415572]]]}},{"type":"Feature","properties":{"partida":"057139135","cca":"057030X00000000000000026800000000000002000","tipo":"Urbano","sup_m2":1002.4},"geometry":{"type":"Polygon","coordinates":[[[-58.635989,-34.415713],[-58.63633,-34.416004],[-58.636503,-34.415852],[-58.636149,-34.415572],[-58.635989,-34.415713]]]}},{"type":"Feature","properties":{"partida":"057139136","cca":"057030X00000000000000026800000000000003000","tipo":"Urbano","sup_m2":1002.1},"geometry":{"type":"Polygon","coordinates":[[[-58.635817,-34.415844],[-58.636146,-34.416145],[-58.63625,-34.416069],[-58.63633,-34.416004],[-58.635989,-34.415713],[-58.635906,-34.41578],[-58.635817,-34.415844]]]}},{"type":"Feature","properties":{"partida":"057139148","cca":"057030X00000000000000026900000000000001000","tipo":"Urbano","sup_m2":1119.0},"geometry":{"type":"Polygon","coordinates":[[[-58.637993,-34.414512],[-58.637985,-34.41444],[-58.637973,-34.414407],[-58.637957,-34.414384],[-58.637941,-34.414368],[-58.637902,-34.414343],[-58.637841,-34.414321],[-58.637786,-34.414305],[-58.637711,-34.414288],[-58.637653,-34.41428],[-58.637576,-34.414274],[-58.637514,-34.414274],[-58.637494,-34.41428],[-58.63748,-34.414293],[-58.637475,-34.414313],[-58.637505,-34.414542],[-58.637993,-34.414512]]]}},{"type":"Feature","properties":{"partida":"057139149","cca":"057030X00000000000000026900000000000002000","tipo":"Urbano","sup_m2":978.4},"geometry":{"type":"Polygon","coordinates":[[[-58.637508,-34.414713],[-58.637997,-34.414733],[-58.637999,-34.414622],[-58.637993,-34.414512],[-58.637505,-34.414542],[-58.63751,-34.414636],[-58.637508,-34.414713]]]}},{"type":"Feature","properties":{"partida":"057139150","cca":"057030X00000000000000026900000000000003000","tipo":"Urbano","sup_m2":978.5},"geometry":{"type":"Polygon","coordinates":[[[-58.637508,-34.414713],[-58.637498,-34.414806],[-58.637485,-34.414882],[-58.637967,-34.414953],[-58.637984,-34.414854],[-58.637997,-34.414733],[-58.637508,-34.414713]]]}},{"type":"Feature","properties":{"partida":"057139151","cca":"057030X00000000000000026900000000000004000","tipo":"Urbano","sup_m2":978.4},"geometry":{"type":"Polygon","coordinates":[[[-58.637437,-34.415048],[-58.637905,-34.415167],[-58.637937,-34.415072],[-58.637967,-34.414953],[-58.637485,-34.414882],[-58.637466,-34.414958],[-58.637437,-34.415048]]]}},{"type":"Feature","properties":{"partida":"057139152","cca":"057030X00000000000000026900000000000005000","tipo":"Urbano","sup_m2":978.4},"geometry":{"type":"Polygon","coordinates":[[[-58.637437,-34.415048],[-58.637403,-34.415129],[-58.637364,-34.415208],[-58.637811,-34.415374],[-58.637857,-34.415282],[-58.637905,-34.415167],[-58.637437,-34.415048]]]}},{"type":"Feature","properties":{"partida":"057139153","cca":"057030X00000000000000026900000000000006000","tipo":"Urbano","sup_m2":978.6},"geometry":{"type":"Polygon","coordinates":[[[-58.637364,-34.415208],[-58.637324,-34.415277],[-58.637268,-34.415359],[-58.637687,-34.41557],[-58.637746,-34.415483],[-58.637811,-34.415374],[-58.637364,-34.415208]]]}},{"type":"Feature","properties":{"partida":"057139154","cca":"057030X00000000000000026900000000000007000","tipo":"Urbano","sup_m2":978.5},"geometry":{"type":"Polygon","coordinates":[[[-58.637268,-34.415359],[-58.637212,-34.415431],[-58.637151,-34.415499],[-58.637534,-34.415751],[-58.637606,-34.415672],[-58.637687,-34.41557],[-58.637268,-34.415359]]]}},{"type":"Feature","properties":{"partida":null,"cca":"057030X00000000000000026900000000000009000","tipo":null,"sup_m2":990.1},"geometry":{"type":"Polygon","coordinates":[[[-58.637534,-34.415751],[-58.637151,-34.415499],[-58.637091,-34.415559],[-58.637012,-34.415627],[-58.6371,-34.415709],[-58.637193,-34.415786],[-58.637306,-34.415872],[-58.637326,-34.415886],[-58.637341,-34.415892],[-58.637369,-34.415894],[-58.637394,-34.415883],[-58.637468,-34.415818],[-58.637534,-34.415751]]]}},{"type":"Feature","properties":{"partida":"057139156","cca":"057030X00000000000000027000000000000001000","tipo":"Urbano","sup_m2":963.6},"geometry":{"type":"Polygon","coordinates":[[[-58.637102,-34.416118],[-58.637223,-34.41602],[-58.637233,-34.416002],[-58.637232,-34.415979],[-58.637226,-34.415968],[-58.637197,-34.415936],[-58.637099,-34.415836],[-58.63701,-34.415754],[-58.636933,-34.415689],[-58.636757,-34.41583],[-58.637102,-34.416118]]]}},{"type":"Feature","properties":{"partida":"057019474","cca":"057030Y00000000000000000000000010000001000","tipo":"Urbano","sup_m2":955.9},"geometry":{"type":"Polygon","coordinates":[[[-58.62685,-34.404988],[-58.627071,-34.404876],[-58.626872,-34.404599],[-58.626602,-34.40464],[-58.62685,-34.404988]]]}},{"type":"Feature","properties":{"partida":"057019500","cca":"057030Y00000000000000000000000010000002000","tipo":"Urbano","sup_m2":1080.2},"geometry":{"type":"Polygon","coordinates":[[[-58.62685,-34.404988],[-58.626602,-34.40464],[-58.626357,-34.404701],[-58.626642,-34.405093],[-58.62685,-34.404988]]]}},{"type":"Feature","properties":{"partida":"057019475","cca":"057030Y00000000000000000000000010000003000","tipo":"Urbano","sup_m2":847.8},"geometry":{"type":"Polygon","coordinates":[[[-58.627171,-34.405017],[-58.627071,-34.404876],[-58.626642,-34.405093],[-58.626745,-34.405236],[-58.627171,-34.405017]]]}},{"type":"Feature","properties":{"partida":"057066558","cca":"057030Y00000000000000000000000010000004000","tipo":"Urbano","sup_m2":822.0},"geometry":{"type":"Polygon","coordinates":[[[-58.627272,-34.405158],[-58.627171,-34.405017],[-58.626745,-34.405236],[-58.626843,-34.405372],[-58.627272,-34.405158]]]}},{"type":"Feature","properties":{"partida":"057019476","cca":"057030Y00000000000000000000000010000005000","tipo":"Urbano","sup_m2":780.2},"geometry":{"type":"Polygon","coordinates":[[[-58.62694,-34.405504],[-58.627363,-34.40529],[-58.627272,-34.405158],[-58.626843,-34.405372],[-58.62694,-34.405504]]]}},{"type":"Feature","properties":{"partida":"057019477","cca":"057030Y00000000000000000000000010000006000","tipo":"Urbano","sup_m2":831.9},"geometry":{"type":"Polygon","coordinates":[[[-58.627363,-34.40529],[-58.62694,-34.405504],[-58.627042,-34.405647],[-58.627435,-34.405446],[-58.627447,-34.405402],[-58.627363,-34.40529]]]}},{"type":"Feature","properties":{"partida":"057019482","cca":"057030Y00000000000000000000000020000001000","tipo":"Urbano","sup_m2":870.0},"geometry":{"type":"Polygon","coordinates":[[[-58.627181,-34.405838],[-58.627612,-34.405626],[-58.627533,-34.405515],[-58.627466,-34.4055],[-58.627073,-34.405687],[-58.627181,-34.405838]]]}},{"type":"Feature","properties":{"partida":"057066559","cca":"057030Y00000000000000000000000020000002000","tipo":"Urbano","sup_m2":857.7},"geometry":{"type":"Polygon","coordinates":[[[-58.627288,-34.405987],[-58.627712,-34.405765],[-58.627612,-34.405626],[-58.627181,-34.405838],[-58.627288,-34.405987]]]}},{"type":"Feature","properties":{"partida":"057066560","cca":"057030Y00000000000000000000000020000003000","tipo":"Urbano","sup_m2":894.4},"geometry":{"type":"Polygon","coordinates":[[[-58.627821,-34.405917],[-58.627712,-34.405765],[-58.627288,-34.405987],[-58.627394,-34.406136],[-58.627821,-34.405917]]]}},{"type":"Feature","properties":{"partida":"057019483","cca":"057030Y00000000000000000000000020000004000","tipo":"Urbano","sup_m2":857.0},"geometry":{"type":"Polygon","coordinates":[[[-58.627821,-34.405917],[-58.627394,-34.406136],[-58.627495,-34.406277],[-58.627926,-34.406065],[-58.627821,-34.405917]]]}},{"type":"Feature","properties":{"partida":"057066561","cca":"057030Y00000000000000000000000020000005000","tipo":"Urbano","sup_m2":862.2},"geometry":{"type":"Polygon","coordinates":[[[-58.627599,-34.406423],[-58.628029,-34.406209],[-58.627926,-34.406065],[-58.627495,-34.406277],[-58.627599,-34.406423]]]}},{"type":"Feature","properties":{"partida":"057019484","cca":"057030Y00000000000000000000000020000006000","tipo":"Urbano","sup_m2":825.3},"geometry":{"type":"Polygon","coordinates":[[[-58.628029,-34.406209],[-58.627599,-34.406423],[-58.6277,-34.406563],[-58.628094,-34.406367],[-58.628104,-34.406314],[-58.628029,-34.406209]]]}},{"type":"Feature","properties":{"partida":"057019489","cca":"057030Y00000000000000000000000030000001000","tipo":"Urbano","sup_m2":870.3},"geometry":{"type":"Polygon","coordinates":[[[-58.627872,-34.406804],[-58.628303,-34.406592],[-58.628224,-34.406482],[-58.628156,-34.406467],[-58.627764,-34.406654],[-58.627872,-34.406804]]]}},{"type":"Feature","properties":{"partida":"057024638","cca":"057030Y00000000000000000000000030000002000","tipo":"Urbano","sup_m2":857.8},"geometry":{"type":"Polygon","coordinates":[[[-58.627978,-34.406954],[-58.628402,-34.406732],[-58.628303,-34.406592],[-58.627872,-34.406804],[-58.627978,-34.406954]]]}},{"type":"Feature","properties":{"partida":"057019490","cca":"057030Y00000000000000000000000030000003000","tipo":"Urbano","sup_m2":894.6},"geometry":{"type":"Polygon","coordinates":[[[-58.628085,-34.407102],[-58.628511,-34.406884],[-58.628402,-34.406732],[-58.627978,-34.406954],[-58.628085,-34.407102]]]}},{"type":"Feature","properties":{"partida":"057066562","cca":"057030Y00000000000000000000000030000004000","tipo":"Urbano","sup_m2":857.0},"geometry":{"type":"Polygon","coordinates":[[[-58.628616,-34.407031],[-58.628511,-34.406884],[-58.628085,-34.407102],[-58.628186,-34.407244],[-58.628616,-34.407031]]]}},{"type":"Feature","properties":{"partida":"057019491","cca":"057030Y00000000000000000000000030000005000","tipo":"Urbano","sup_m2":862.1},"geometry":{"type":"Polygon","coordinates":[[[-58.62829,-34.407389],[-58.628719,-34.407176],[-58.628616,-34.407031],[-58.628186,-34.407244],[-58.62829,-34.407389]]]}},{"type":"Feature","properties":{"partida":"057019492","cca":"057030Y00000000000000000000000030000006000","tipo":"Urbano","sup_m2":825.5},"geometry":{"type":"Polygon","coordinates":[[[-58.62829,-34.407389],[-58.62839,-34.40753],[-58.628785,-34.407333],[-58.628795,-34.407281],[-58.628719,-34.407176],[-58.62829,-34.407389]]]}},{"type":"Feature","properties":{"partida":"057019494","cca":"057030Y00000000000000000000000040000001000","tipo":"Urbano","sup_m2":876.6},"geometry":{"type":"Polygon","coordinates":[[[-58.628984,-34.407552],[-58.6289,-34.407432],[-58.628838,-34.407419],[-58.628448,-34.407612],[-58.628553,-34.407759],[-58.628984,-34.407552]]]}},{"type":"Feature","properties":{"partida":"057019495","cca":"057030Y00000000000000000000000040000002000","tipo":"Urbano","sup_m2":842.9},"geometry":{"type":"Polygon","coordinates":[[[-58.629081,-34.407689],[-58.628984,-34.407552],[-58.628553,-34.407759],[-58.628659,-34.407908],[-58.629081,-34.407689]]]}},{"type":"Feature","properties":{"partida":"057019496","cca":"057030Y0000000000000000000000004000000300A","tipo":"Urbano","sup_m2":1688.0},"geometry":{"type":"Polygon","coordinates":[[[-58.629286,-34.40798],[-58.629081,-34.407689],[-58.628659,-34.407908],[-58.628862,-34.408192],[-58.629286,-34.40798]]]}},{"type":"Feature","properties":{"partida":"057019501","cca":"057030Y00000000000000000000000040000005000","tipo":"Urbano","sup_m2":880.1},"geometry":{"type":"Polygon","coordinates":[[[-58.628862,-34.408192],[-58.628971,-34.408346],[-58.629389,-34.408127],[-58.629286,-34.40798],[-58.628862,-34.408192]]]}},{"type":"Feature","properties":{"partida":"057019498","cca":"057030Y00000000000000000000000040000006000","tipo":"Urbano","sup_m2":1479.3},"geometry":{"type":"Polygon","coordinates":[[[-58.629389,-34.408127],[-58.628971,-34.408346],[-58.629122,-34.408557],[-58.629597,-34.408422],[-58.629389,-34.408127]]]}},{"type":"Feature","properties":{"partida":"057069948","cca":"057030Y00000000000000000000000050000001000","tipo":"Urbano","sup_m2":1221.8},"geometry":{"type":"Polygon","coordinates":[[[-58.627198,-34.404405],[-58.627495,-34.40482],[-58.627712,-34.404712],[-58.627429,-34.404315],[-58.627198,-34.404405]]]}},{"type":"Feature","properties":{"partida":null,"cca":"057030Y0000000000000000000000005000000200B","tipo":null,"sup_m2":692.8},"geometry":{"type":"Polygon","coordinates":[[[-58.627376,-34.404654],[-58.627198,-34.404405],[-58.627007,-34.404548],[-58.627158,-34.404762],[-58.627376,-34.404654]]]}},{"type":"Feature","properties":{"partida":"057019471","cca":"057030Y0000000000000000000000005000000200C","tipo":"Urbano","sup_m2":502.9},"geometry":{"type":"Polygon","coordinates":[[[-58.627277,-34.404929],[-58.627495,-34.40482],[-58.627376,-34.404654],[-58.627158,-34.404762],[-58.627277,-34.404929]]]}},{"type":"Feature","properties":{"partida":"057019472","cca":"057030Y00000000000000000000000050000003000","tipo":"Urbano","sup_m2":870.9},"geometry":{"type":"Polygon","coordinates":[[[-58.627277,-34.404929],[-58.62738,-34.405074],[-58.627815,-34.404855],[-58.627712,-34.404712],[-58.627277,-34.404929]]]}},{"type":"Feature","properties":{"partida":"057019473","cca":"057030Y00000000000000000000000050000004000","tipo":"Urbano","sup_m2":865.7},"geometry":{"type":"Polygon","coordinates":[[[-58.627916,-34.404997],[-58.627815,-34.404855],[-58.62738,-34.405074],[-58.627483,-34.405219],[-58.627916,-34.404997]]]}},{"type":"Feature","properties":{"partida":"057066752","cca":"057030Y00000000000000000000000050000005000","tipo":"Urbano","sup_m2":863.3},"geometry":{"type":"Polygon","coordinates":[[[-58.627916,-34.404997],[-58.627483,-34.405219],[-58.627563,-34.405332],[-58.627618,-34.405343],[-58.628021,-34.405144],[-58.627916,-34.404997]]]}},{"type":"Feature","properties":{"partida":"057041725","cca":"057030Y00000000000000000000000060000001000","tipo":"Urbano","sup_m2":872.4},"geometry":{"type":"Polygon","coordinates":[[[-58.62774,-34.405572],[-58.62817,-34.405354],[-58.628064,-34.405207],[-58.627675,-34.405405],[-58.627653,-34.405451],[-58.62774,-34.405572]]]}},{"type":"Feature","properties":{"partida":"057019478","cca":"057030Y00000000000000000000000060000002000","tipo":"Urbano","sup_m2":859.5},"geometry":{"type":"Polygon","coordinates":[[[-58.62817,-34.405354],[-58.62774,-34.405572],[-58.627844,-34.405717],[-58.628273,-34.405496],[-58.62817,-34.405354]]]}},{"type":"Feature","properties":{"partida":"057019479","cca":"057030Y00000000000000000000000060000003000","tipo":"Urbano","sup_m2":868.2},"geometry":{"type":"Polygon","coordinates":[[[-58.627947,-34.405859],[-58.628379,-34.405643],[-58.628273,-34.405496],[-58.627844,-34.405717],[-58.627947,-34.405859]]]}},{"type":"Feature","properties":{"partida":"057019480","cca":"057030Y00000000000000000000000060000004000","tipo":"Urbano","sup_m2":861.4},"geometry":{"type":"Polygon","coordinates":[[[-58.628481,-34.405783],[-58.628379,-34.405643],[-58.627947,-34.405859],[-58.628053,-34.406006],[-58.628481,-34.405783]]]}},{"type":"Feature","properties":{"partida":"057019481","cca":"057030Y00000000000000000000000060000005000","tipo":"Urbano","sup_m2":893.9},"geometry":{"type":"Polygon","coordinates":[[[-58.628481,-34.405783],[-58.628053,-34.406006],[-58.628158,-34.406153],[-58.62859,-34.405934],[-58.628481,-34.405783]]]}},{"type":"Feature","properties":{"partida":"057066565","cca":"057030Y00000000000000000000000060000006000","tipo":"Urbano","sup_m2":858.9},"geometry":{"type":"Polygon","coordinates":[[[-58.62859,-34.405934],[-58.628158,-34.406153],[-58.628242,-34.406269],[-58.628291,-34.406283],[-58.628693,-34.406077],[-58.62859,-34.405934]]]}},{"type":"Feature","properties":{"partida":"057019485","cca":"057030Y00000000000000000000000070000001000","tipo":"Urbano","sup_m2":872.2},"geometry":{"type":"Polygon","coordinates":[[[-58.628429,-34.406539],[-58.628861,-34.406324],[-58.628756,-34.406176],[-58.628365,-34.406371],[-58.628343,-34.406417],[-58.628429,-34.406539]]]}},{"type":"Feature","properties":{"partida":"057066566","cca":"057030Y00000000000000000000000070000002000","tipo":"Urbano","sup_m2":859.8},"geometry":{"type":"Polygon","coordinates":[[[-58.628532,-34.406684],[-58.628962,-34.406466],[-58.628861,-34.406324],[-58.628429,-34.406539],[-58.628532,-34.406684]]]}},{"type":"Feature","properties":{"partida":"057066567","cca":"057030Y00000000000000000000000070000003000","tipo":"Urbano","sup_m2":868.0},"geometry":{"type":"Polygon","coordinates":[[[-58.629067,-34.406614],[-58.628962,-34.406466],[-58.628532,-34.406684],[-58.628633,-34.406827],[-58.629067,-34.406614]]]}},{"type":"Feature","properties":{"partida":"057019486","cca":"057030Y00000000000000000000000070000004000","tipo":"Urbano","sup_m2":861.3},"geometry":{"type":"Polygon","coordinates":[[[-58.629067,-34.406614],[-58.628633,-34.406827],[-58.628738,-34.406975],[-58.629167,-34.406755],[-58.629067,-34.406614]]]}},{"type":"Feature","properties":{"partida":"057019487","cca":"057030Y00000000000000000000000070000005000","tipo":"Urbano","sup_m2":893.8},"geometry":{"type":"Polygon","coordinates":[[[-58.628842,-34.407122],[-58.629275,-34.406907],[-58.629167,-34.406755],[-58.628738,-34.406975],[-58.628842,-34.407122]]]}},{"type":"Feature","properties":{"partida":"057019488","cca":"057030Y00000000000000000000000070000006000","tipo":"Urbano","sup_m2":858.9},"geometry":{"type":"Polygon","coordinates":[[[-58.628842,-34.407122],[-58.628925,-34.407239],[-58.628974,-34.407254],[-58.629377,-34.407049],[-58.629275,-34.406907],[-58.628842,-34.407122]]]}},{"type":"Feature","properties":{"partida":"057019502","cca":"057030Y00000000000000000000000080000001000","tipo":"Urbano","sup_m2":876.7},"geometry":{"type":"Polygon","coordinates":[[[-58.629112,-34.407497],[-58.629544,-34.40728],[-58.629439,-34.407133],[-58.629049,-34.407327],[-58.629027,-34.407382],[-58.629112,-34.407497]]]}},{"type":"Feature","properties":{"partida":"057066568","cca":"057030Y00000000000000000000000080000002000","tipo":"Urbano","sup_m2":829.6},"geometry":{"type":"Polygon","coordinates":[[[-58.629641,-34.407416],[-58.629544,-34.40728],[-58.629112,-34.407497],[-58.629215,-34.407637],[-58.629641,-34.407416]]]}},{"type":"Feature","properties":{"partida":"057066569","cca":"057030Y00000000000000000000000080000003000","tipo":"Urbano","sup_m2":842.5},"geometry":{"type":"Polygon","coordinates":[[[-58.629315,-34.407775],[-58.629745,-34.407562],[-58.629641,-34.407416],[-58.629215,-34.407637],[-58.629315,-34.407775]]]}},{"type":"Feature","properties":{"partida":"057066570","cca":"057030Y00000000000000000000000080000004000","tipo":"Urbano","sup_m2":860.4},"geometry":{"type":"Polygon","coordinates":[[[-58.629423,-34.407922],[-58.629846,-34.407704],[-58.629745,-34.407562],[-58.629315,-34.407775],[-58.629423,-34.407922]]]}},{"type":"Feature","properties":{"partida":"057066571","cca":"057030Y00000000000000000000000080000005000","tipo":"Urbano","sup_m2":829.6},"geometry":{"type":"Polygon","coordinates":[[[-58.629525,-34.408061],[-58.629948,-34.407846],[-58.629846,-34.407704],[-58.629423,-34.407922],[-58.629525,-34.408061]]]}},{"type":"Feature","properties":{"partida":"057066572","cca":"057030Y00000000000000000000000080000006000","tipo":"Urbano","sup_m2":808.8},"geometry":{"type":"Polygon","coordinates":[[[-58.630045,-34.407982],[-58.629948,-34.407846],[-58.629525,-34.408061],[-58.629626,-34.408199],[-58.630045,-34.407982]]]}},{"type":"Feature","properties":{"partida":"057019493","cca":"057030Y00000000000000000000000080000007000","tipo":"Urbano","sup_m2":1254.9},"geometry":{"type":"Polygon","coordinates":[[[-58.630045,-34.407982],[-58.629626,-34.408199],[-58.629755,-34.408375],[-58.630226,-34.408236],[-58.630045,-34.407982]]]}},{"type":"Feature","properties":{"partida":"057000428","cca":"057030Y00000000000000000000000410000001000","tipo":"Urbano","sup_m2":328.0},"geometry":{"type":"Polygon","coordinates":[[[-58.636305,-34.401947],[-58.636491,-34.401854],[-58.636413,-34.401747],[-58.636373,-34.401732],[-58.636231,-34.401773],[-58.636305,-34.401947]]]}},{"type":"Feature","properties":{"partida":"057022688","cca":"057030Y00000000000000000000000410000002000","tipo":"Urbano","sup_m2":284.7},"geometry":{"type":"Polygon","coordinates":[[[-58.636181,-34.402009],[-58.636305,-34.401947],[-58.636231,-34.401773],[-58.636097,-34.401812],[-58.636181,-34.402009]]]}},{"type":"Feature","properties":{"partida":"057022687","cca":"057030Y00000000000000000000000410000003000","tipo":"Urbano","sup_m2":714.1},"geometry":{"type":"Polygon","coordinates":[[[-58.636159,-34.402312],[-58.636293,-34.402271],[-58.636097,-34.401812],[-58.635961,-34.401851],[-58.636159,-34.402312]]]}},{"type":"Feature","properties":{"partida":"057022686","cca":"057030Y00000000000000000000000410000004000","tipo":"Urbano","sup_m2":718.5},"geometry":{"type":"Polygon","coordinates":[[[-58.636022,-34.402353],[-58.636159,-34.402312],[-58.635961,-34.401851],[-58.635827,-34.40189],[-58.636022,-34.402353]]]}},{"type":"Feature","properties":{"partida":"057022685","cca":"057030Y00000000000000000000000410000005000","tipo":"Urbano","sup_m2":744.3},"geometry":{"type":"Polygon","coordinates":[[[-58.635683,-34.401931],[-58.635887,-34.402395],[-58.636022,-34.402353],[-58.635827,-34.40189],[-58.635683,-34.401931]]]}},{"type":"Feature","properties":{"partida":"057022684","cca":"057030Y00000000000000000000000410000006000","tipo":"Urbano","sup_m2":442.7},"geometry":{"type":"Polygon","coordinates":[[[-58.635681,-34.402268],[-58.635805,-34.402208],[-58.635683,-34.401931],[-58.635549,-34.40197],[-58.635681,-34.402268]]]}},{"type":"Feature","properties":{"partida":"057022683","cca":"057030Y00000000000000000000000410000007000","tipo":"Urbano","sup_m2":362.1},"geometry":{"type":"Polygon","coordinates":[[[-58.635478,-34.402228],[-58.635629,-34.402151],[-58.635549,-34.40197],[-58.635392,-34.402015],[-58.635478,-34.402228]]]}},{"type":"Feature","properties":{"partida":"057022682","cca":"057030Y00000000000000000000000410000008000","tipo":"Urbano","sup_m2":438.5},"geometry":{"type":"Polygon","coordinates":[[[-58.635435,-34.402122],[-58.635392,-34.402015],[-58.635108,-34.402097],[-58.635092,-34.402129],[-58.635178,-34.402247],[-58.635435,-34.402122]]]}},{"type":"Feature","properties":{"partida":"057022702","cca":"057030Y00000000000000000000000410000009000","tipo":"Urbano","sup_m2":321.5},"geometry":{"type":"Polygon","coordinates":[[[-58.635478,-34.402228],[-58.635435,-34.402122],[-58.635178,-34.402247],[-58.635249,-34.402344],[-58.635478,-34.402228]]]}},{"type":"Feature","properties":{"partida":"057022701","cca":"057030Y00000000000000000000000410000010000","tipo":"Urbano","sup_m2":528.1},"geometry":{"type":"Polygon","coordinates":[[[-58.635681,-34.402268],[-58.635629,-34.402151],[-58.635249,-34.402344],[-58.635322,-34.402445],[-58.635681,-34.402268]]]}},{"type":"Feature","properties":{"partida":"057022700","cca":"057030Y00000000000000000000000410000011000","tipo":"Urbano","sup_m2":643.1},"geometry":{"type":"Polygon","coordinates":[[[-58.635391,-34.402541],[-58.635854,-34.402321],[-58.635805,-34.402208],[-58.635322,-34.402445],[-58.635391,-34.402541]]]}},{"type":"Feature","properties":{"partida":"057022699","cca":"057030Y00000000000000000000000410000012000","tipo":"Urbano","sup_m2":620.5},"geometry":{"type":"Polygon","coordinates":[[[-58.635465,-34.402643],[-58.635902,-34.40243],[-58.635854,-34.402321],[-58.635391,-34.402541],[-58.635465,-34.402643]]]}},{"type":"Feature","properties":{"partida":"057022698","cca":"057030Y00000000000000000000000410000013000","tipo":"Urbano","sup_m2":589.3},"geometry":{"type":"Polygon","coordinates":[[[-58.63595,-34.40254],[-58.635902,-34.40243],[-58.635465,-34.402643],[-58.635539,-34.402745],[-58.63595,-34.40254]]]}},{"type":"Feature","properties":{"partida":"057022697","cca":"057030Y00000000000000000000000410000014000","tipo":"Urbano","sup_m2":529.8},"geometry":{"type":"Polygon","coordinates":[[[-58.63595,-34.40254],[-58.635539,-34.402745],[-58.635609,-34.402841],[-58.635997,-34.402645],[-58.63595,-34.40254]]]}},{"type":"Feature","properties":{"partida":"057066573","cca":"057030Y00000000000000000000000410000015000","tipo":"Urbano","sup_m2":454.3},"geometry":{"type":"Polygon","coordinates":[[[-58.635931,-34.402904],[-58.635851,-34.402719],[-58.635609,-34.402841],[-58.635686,-34.402948],[-58.635742,-34.402958],[-58.635931,-34.402904]]]}},{"type":"Feature","properties":{"partida":"057066574","cca":"057030Y00000000000000000000000410000016000","tipo":"Urbano","sup_m2":363.0},"geometry":{"type":"Polygon","coordinates":[[[-58.635931,-34.402904],[-58.63609,-34.402859],[-58.635997,-34.402645],[-58.635851,-34.402719],[-58.635931,-34.402904]]]}},{"type":"Feature","properties":{"partida":"057066575","cca":"057030Y00000000000000000000000410000017000","tipo":"Urbano","sup_m2":711.7},"geometry":{"type":"Polygon","coordinates":[[[-58.635887,-34.402395],[-58.63609,-34.402859],[-58.63622,-34.402822],[-58.636022,-34.402353],[-58.635887,-34.402395]]]}},{"type":"Feature","properties":{"partida":"057022696","cca":"057030Y00000000000000000000000410000018000","tipo":"Urbano","sup_m2":745.5},"geometry":{"type":"Polygon","coordinates":[[[-58.63622,-34.402822],[-58.63636,-34.402782],[-58.636159,-34.402312],[-58.636022,-34.402353],[-58.63622,-34.402822]]]}},{"type":"Feature","properties":{"partida":"057022695","cca":"057030Y00000000000000000000000410000019000","tipo":"Urbano","sup_m2":736.9},"geometry":{"type":"Polygon","coordinates":[[[-58.636498,-34.402742],[-58.636293,-34.402271],[-58.636159,-34.402312],[-58.63636,-34.402782],[-58.636498,-34.402742]]]}},{"type":"Feature","properties":{"partida":"057022694","cca":"057030Y00000000000000000000000410000020000","tipo":"Urbano","sup_m2":422.3},"geometry":{"type":"Polygon","coordinates":[[[-58.63662,-34.402708],[-58.636489,-34.402397],[-58.636373,-34.402455],[-58.636498,-34.402742],[-58.63662,-34.402708]]]}},{"type":"Feature","properties":{"partida":"057022693","cca":"057030Y00000000000000000000000410000021000","tipo":"Urbano","sup_m2":326.8},"geometry":{"type":"Polygon","coordinates":[[[-58.636759,-34.402668],[-58.636655,-34.402446],[-58.636535,-34.402507],[-58.63662,-34.402708],[-58.636759,-34.402668]]]}},{"type":"Feature","properties":{"partida":"057022692","cca":"057030Y00000000000000000000000410000022000","tipo":"Urbano","sup_m2":397.5},"geometry":{"type":"Polygon","coordinates":[[[-58.636704,-34.402552],[-58.636759,-34.402668],[-58.636994,-34.402601],[-58.637005,-34.40256],[-58.636919,-34.402443],[-58.636704,-34.402552]]]}},{"type":"Feature","properties":{"partida":"057022691","cca":"057030Y00000000000000000000000410000023000","tipo":"Urbano","sup_m2":272.8},"geometry":{"type":"Polygon","coordinates":[[[-58.636704,-34.402552],[-58.636919,-34.402443],[-58.63685,-34.402347],[-58.636655,-34.402446],[-58.636704,-34.402552]]]}},{"type":"Feature","properties":{"partida":"057022690","cca":"057030Y00000000000000000000000410000024000","tipo":"Urbano","sup_m2":409.1},"geometry":{"type":"Polygon","coordinates":[[[-58.636489,-34.402397],[-58.636535,-34.402507],[-58.63685,-34.402347],[-58.63678,-34.402251],[-58.636489,-34.402397]]]}},{"type":"Feature","properties":{"partida":"057022689","cca":"057030Y00000000000000000000000410000025000","tipo":"Urbano","sup_m2":547.1},"geometry":{"type":"Polygon","coordinates":[[[-58.636325,-34.402344],[-58.636373,-34.402455],[-58.63678,-34.402251],[-58.636707,-34.402152],[-58.636325,-34.402344]]]}},{"type":"Feature","properties":{"partida":"057066576","cca":"057030Y00000000000000000000000410000026000","tipo":"Urbano","sup_m2":518.4},"geometry":{"type":"Polygon","coordinates":[[[-58.636325,-34.402344],[-58.636707,-34.402152],[-58.636634,-34.402051],[-58.636276,-34.402231],[-58.636325,-34.402344]]]}},{"type":"Feature","properties":{"partida":"057066577","cca":"057030Y00000000000000000000000410000027000","tipo":"Urbano","sup_m2":472.1},"geometry":{"type":"Polygon","coordinates":[[[-58.636563,-34.401954],[-58.636229,-34.40212],[-58.636276,-34.402231],[-58.636634,-34.402051],[-58.636563,-34.401954]]]}},{"type":"Feature","properties":{"partida":"057066578","cca":"057030Y00000000000000000000000410000028000","tipo":"Urbano","sup_m2":446.3},"geometry":{"type":"Polygon","coordinates":[[[-58.636491,-34.401854],[-58.636181,-34.402009],[-58.636229,-34.40212],[-58.636563,-34.401954],[-58.636491,-34.401854]]]}},{"type":"Feature","properties":{"partida":"057023633","cca":"057030Y00000000000000000000000420000001000","tipo":"Urbano","sup_m2":328.0},"geometry":{"type":"Polygon","coordinates":[[[-58.637027,-34.402935],[-58.637213,-34.402843],[-58.637135,-34.402735],[-58.637095,-34.40272],[-58.636953,-34.402761],[-58.637027,-34.402935]]]}},{"type":"Feature","properties":{"partida":"057023632","cca":"057030Y00000000000000000000000420000002000","tipo":"Urbano","sup_m2":284.8},"geometry":{"type":"Polygon","coordinates":[[[-58.636953,-34.402761],[-58.636819,-34.402799],[-58.636902,-34.402996],[-58.637027,-34.402935],[-58.636953,-34.402761]]]}},{"type":"Feature","properties":{"partida":"057066579","cca":"057030Y00000000000000000000000420000003000","tipo":"Urbano","sup_m2":714.0},"geometry":{"type":"Polygon","coordinates":[[[-58.637013,-34.403259],[-58.636819,-34.402799],[-58.636683,-34.402838],[-58.636879,-34.403299],[-58.637013,-34.403259]]]}},{"type":"Feature","properties":{"partida":"057023631","cca":"057030Y00000000000000000000000420000004000","tipo":"Urbano","sup_m2":718.3},"geometry":{"type":"Polygon","coordinates":[[[-58.636743,-34.403341],[-58.636879,-34.403299],[-58.636683,-34.402838],[-58.636548,-34.402877],[-58.636743,-34.403341]]]}},{"type":"Feature","properties":{"partida":"057023630","cca":"057030Y00000000000000000000000420000005000","tipo":"Urbano","sup_m2":744.6},"geometry":{"type":"Polygon","coordinates":[[[-58.636743,-34.403341],[-58.636548,-34.402877],[-58.636405,-34.402918],[-58.636607,-34.403382],[-58.636743,-34.403341]]]}},{"type":"Feature","properties":{"partida":"057023629","cca":"057030Y00000000000000000000000420000006000","tipo":"Urbano","sup_m2":442.6},"geometry":{"type":"Polygon","coordinates":[[[-58.63627,-34.402956],[-58.636401,-34.403255],[-58.636525,-34.403195],[-58.636405,-34.402918],[-58.63627,-34.402956]]]}},{"type":"Feature","properties":{"partida":"057023628","cca":"057030Y00000000000000000000000420000007000","tipo":"Urbano","sup_m2":362.0},"geometry":{"type":"Polygon","coordinates":[[[-58.63635,-34.403138],[-58.63627,-34.402956],[-58.636113,-34.403001],[-58.636199,-34.403214],[-58.63635,-34.403138]]]}},{"type":"Feature","properties":{"partida":"057023627","cca":"057030Y00000000000000000000000420000008000","tipo":"Urbano","sup_m2":438.3},"geometry":{"type":"Polygon","coordinates":[[[-58.635899,-34.403232],[-58.636156,-34.403108],[-58.636113,-34.403001],[-58.635829,-34.403082],[-58.635813,-34.403114],[-58.635899,-34.403232]]]}},{"type":"Feature","properties":{"partida":"057023644","cca":"057030Y00000000000000000000000420000009000","tipo":"Urbano","sup_m2":321.4},"geometry":{"type":"Polygon","coordinates":[[[-58.636199,-34.403214],[-58.636156,-34.403108],[-58.635899,-34.403232],[-58.635969,-34.40333],[-58.636199,-34.403214]]]}},{"type":"Feature","properties":{"partida":"057023643","cca":"057030Y00000000000000000000000420000010000","tipo":"Urbano","sup_m2":528.2},"geometry":{"type":"Polygon","coordinates":[[[-58.636041,-34.40343],[-58.636401,-34.403255],[-58.63635,-34.403138],[-58.635969,-34.40333],[-58.636041,-34.40343]]]}},{"type":"Feature","properties":{"partida":"057023642","cca":"057030Y00000000000000000000000420000011000","tipo":"Urbano","sup_m2":642.7},"geometry":{"type":"Polygon","coordinates":[[[-58.636111,-34.403527],[-58.636574,-34.403307],[-58.636525,-34.403195],[-58.636041,-34.40343],[-58.636111,-34.403527]]]}},{"type":"Feature","properties":{"partida":"057066580","cca":"057030Y00000000000000000000000420000012000","tipo":"Urbano","sup_m2":620.8},"geometry":{"type":"Polygon","coordinates":[[[-58.636622,-34.403417],[-58.636574,-34.403307],[-58.636111,-34.403527],[-58.636184,-34.403629],[-58.636622,-34.403417]]]}},{"type":"Feature","properties":{"partida":"057066581","cca":"057030Y00000000000000000000000420000013000","tipo":"Urbano","sup_m2":589.5},"geometry":{"type":"Polygon","coordinates":[[[-58.63667,-34.403527],[-58.636622,-34.403417],[-58.636184,-34.403629],[-58.636258,-34.403731],[-58.63667,-34.403527]]]}},{"type":"Feature","properties":{"partida":"057066582","cca":"057030Y00000000000000000000000420000014000","tipo":"Urbano","sup_m2":529.6},"geometry":{"type":"Polygon","coordinates":[[[-58.63667,-34.403527],[-58.636258,-34.403731],[-58.636328,-34.403828],[-58.636716,-34.403633],[-58.63667,-34.403527]]]}},{"type":"Feature","properties":{"partida":"057023641","cca":"057030Y00000000000000000000000420000015000","tipo":"Urbano","sup_m2":454.2},"geometry":{"type":"Polygon","coordinates":[[[-58.63665,-34.403891],[-58.63657,-34.403706],[-58.636328,-34.403828],[-58.636404,-34.403935],[-58.636461,-34.403945],[-58.63665,-34.403891]]]}},{"type":"Feature","properties":{"partida":"057023640","cca":"057030Y00000000000000000000000420000016000","tipo":"Urbano","sup_m2":363.1},"geometry":{"type":"Polygon","coordinates":[[[-58.636716,-34.403633],[-58.63657,-34.403706],[-58.63665,-34.403891],[-58.636809,-34.403846],[-58.636716,-34.403633]]]}},{"type":"Feature","properties":{"partida":"057020142","cca":"057030Y00000000000000000000000420000017000","tipo":"Urbano","sup_m2":711.7},"geometry":{"type":"Polygon","coordinates":[[[-58.636809,-34.403846],[-58.636939,-34.40381],[-58.636743,-34.403341],[-58.636607,-34.403382],[-58.636809,-34.403846]]]}},{"type":"Feature","properties":{"partida":"057023639","cca":"057030Y00000000000000000000000420000018000","tipo":"Urbano","sup_m2":745.6},"geometry":{"type":"Polygon","coordinates":[[[-58.637079,-34.40377],[-58.636879,-34.403299],[-58.636743,-34.403341],[-58.636939,-34.40381],[-58.637079,-34.40377]]]}},{"type":"Feature","properties":{"partida":"057023638","cca":"057030Y00000000000000000000000420000019000","tipo":"Urbano","sup_m2":737.0},"geometry":{"type":"Polygon","coordinates":[[[-58.637217,-34.403731],[-58.637013,-34.403259],[-58.636879,-34.403299],[-58.637079,-34.40377],[-58.637217,-34.403731]]]}},{"type":"Feature","properties":{"partida":"057023637","cca":"057030Y00000000000000000000000420000020000","tipo":"Urbano","sup_m2":422.2},"geometry":{"type":"Polygon","coordinates":[[[-58.637339,-34.403696],[-58.637209,-34.403385],[-58.637093,-34.403443],[-58.637217,-34.403731],[-58.637339,-34.403696]]]}},{"type":"Feature","properties":{"partida":"057066583","cca":"057030Y00000000000000000000000420000021000","tipo":"Urbano","sup_m2":326.9},"geometry":{"type":"Polygon","coordinates":[[[-58.637478,-34.403657],[-58.637375,-34.403435],[-58.637255,-34.403496],[-58.637339,-34.403696],[-58.637478,-34.403657]]]}},{"type":"Feature","properties":{"partida":"057066584","cca":"057030Y00000000000000000000000420000022000","tipo":"Urbano","sup_m2":397.8},"geometry":{"type":"Polygon","coordinates":[[[-58.637424,-34.40354],[-58.637478,-34.403657],[-58.637714,-34.40359],[-58.637724,-34.403549],[-58.637639,-34.403432],[-58.637424,-34.40354]]]}},{"type":"Feature","properties":{"partida":"057023636","cca":"057030Y00000000000000000000000420000023000","tipo":"Urbano","sup_m2":272.8},"geometry":{"type":"Polygon","coordinates":[[[-58.637375,-34.403435],[-58.637424,-34.40354],[-58.637639,-34.403432],[-58.63757,-34.403336],[-58.637375,-34.403435]]]}},{"type":"Feature","properties":{"partida":"057023635","cca":"057030Y00000000000000000000000420000024000","tipo":"Urbano","sup_m2":409.1},"geometry":{"type":"Polygon","coordinates":[[[-58.6375,-34.40324],[-58.637209,-34.403385],[-58.637255,-34.403496],[-58.63757,-34.403336],[-58.6375,-34.40324]]]}},{"type":"Feature","properties":{"partida":"057066585","cca":"057030Y00000000000000000000000420000025000","tipo":"Urbano","sup_m2":547.1},"geometry":{"type":"Polygon","coordinates":[[[-58.637428,-34.40314],[-58.637045,-34.403332],[-58.637093,-34.403443],[-58.6375,-34.40324],[-58.637428,-34.40314]]]}},{"type":"Feature","properties":{"partida":"057066586","cca":"057030Y00000000000000000000000420000026000","tipo":"Urbano","sup_m2":518.2},"geometry":{"type":"Polygon","coordinates":[[[-58.637355,-34.40304],[-58.636997,-34.403219],[-58.637045,-34.403332],[-58.637428,-34.40314],[-58.637355,-34.40304]]]}},{"type":"Feature","properties":{"partida":"057066587","cca":"057030Y00000000000000000000000420000027000","tipo":"Urbano","sup_m2":472.2},"geometry":{"type":"Polygon","coordinates":[[[-58.637285,-34.402942],[-58.63695,-34.403108],[-58.636997,-34.403219],[-58.637355,-34.40304],[-58.637285,-34.402942]]]}},{"type":"Feature","properties":{"partida":"057023634","cca":"057030Y00000000000000000000000420000028000","tipo":"Urbano","sup_m2":446.7},"geometry":{"type":"Polygon","coordinates":[[[-58.637285,-34.402942],[-58.637213,-34.402843],[-58.636902,-34.402996],[-58.63695,-34.403108],[-58.637285,-34.402942]]]}},{"type":"Feature","properties":{"partida":"057067175","cca":"057030Y00000000000000000000000430000001000","tipo":"Urbano","sup_m2":328.1},"geometry":{"type":"Polygon","coordinates":[[[-58.637752,-34.403921],[-58.637938,-34.403828],[-58.63786,-34.403721],[-58.63782,-34.403707],[-58.637678,-34.403748],[-58.637752,-34.403921]]]}},{"type":"Feature","properties":{"partida":"057023651","cca":"057030Y00000000000000000000000430000002000","tipo":"Urbano","sup_m2":284.7},"geometry":{"type":"Polygon","coordinates":[[[-58.637628,-34.403983],[-58.637752,-34.403921],[-58.637678,-34.403748],[-58.637544,-34.403787],[-58.637628,-34.403983]]]}},{"type":"Feature","properties":{"partida":"057023650","cca":"057030Y00000000000000000000000430000003000","tipo":"Urbano","sup_m2":714.3},"geometry":{"type":"Polygon","coordinates":[[[-58.637741,-34.404245],[-58.637544,-34.403787],[-58.637408,-34.403826],[-58.637607,-34.404286],[-58.637741,-34.404245]]]}},{"type":"Feature","properties":{"partida":"057023649","cca":"057030Y00000000000000000000000430000004000","tipo":"Urbano","sup_m2":718.4},"geometry":{"type":"Polygon","coordinates":[[[-58.63747,-34.404328],[-58.637607,-34.404286],[-58.637408,-34.403826],[-58.637274,-34.403865],[-58.63747,-34.404328]]]}},{"type":"Feature","properties":{"partida":"057023648","cca":"057030Y00000000000000000000000430000005000","tipo":"Urbano","sup_m2":744.7},"geometry":{"type":"Polygon","coordinates":[[[-58.637335,-34.40437],[-58.63747,-34.404328],[-58.637274,-34.403865],[-58.63713,-34.403906],[-58.637335,-34.40437]]]}},{"type":"Feature","properties":{"partida":"057023647","cca":"057030Y00000000000000000000000430000006000","tipo":"Urbano","sup_m2":442.6},"geometry":{"type":"Polygon","coordinates":[[[-58.636996,-34.403945],[-58.637129,-34.404244],[-58.637252,-34.404183],[-58.63713,-34.403906],[-58.636996,-34.403945]]]}},{"type":"Feature","properties":{"partida":"057023646","cca":"057030Y00000000000000000000000430000007000","tipo":"Urbano","sup_m2":362.0},"geometry":{"type":"Polygon","coordinates":[[[-58.636839,-34.403991],[-58.636926,-34.404203],[-58.637077,-34.404127],[-58.636996,-34.403945],[-58.636839,-34.403991]]]}},{"type":"Feature","properties":{"partida":"057023645","cca":"057030Y00000000000000000000000430000008000","tipo":"Urbano","sup_m2":438.3},"geometry":{"type":"Polygon","coordinates":[[[-58.636883,-34.404098],[-58.636839,-34.403991],[-58.636556,-34.404073],[-58.63654,-34.404105],[-58.636626,-34.404223],[-58.636883,-34.404098]]]}},{"type":"Feature","properties":{"partida":"057020143","cca":"057030Y00000000000000000000000430000009000","tipo":"Urbano","sup_m2":321.4},"geometry":{"type":"Polygon","coordinates":[[[-58.636883,-34.404098],[-58.636626,-34.404223],[-58.636697,-34.40432],[-58.636926,-34.404203],[-58.636883,-34.404098]]]}},{"type":"Feature","properties":{"partida":"057023664","cca":"057030Y00000000000000000000000430000010000","tipo":"Urbano","sup_m2":528.3},"geometry":{"type":"Polygon","coordinates":[[[-58.637129,-34.404244],[-58.637077,-34.404127],[-58.636697,-34.40432],[-58.63677,-34.404421],[-58.637129,-34.404244]]]}},{"type":"Feature","properties":{"partida":"057023663","cca":"057030Y00000000000000000000000430000011000","tipo":"Urbano","sup_m2":642.7},"geometry":{"type":"Polygon","coordinates":[[[-58.636839,-34.404516],[-58.637302,-34.404296],[-58.637252,-34.404183],[-58.63677,-34.404421],[-58.636839,-34.404516]]]}},{"type":"Feature","properties":{"partida":"057066588","cca":"057030Y00000000000000000000000430000012000","tipo":"Urbano","sup_m2":620.8},"geometry":{"type":"Polygon","coordinates":[[[-58.636914,-34.404619],[-58.63735,-34.404405],[-58.637302,-34.404296],[-58.636839,-34.404516],[-58.636914,-34.404619]]]}},{"type":"Feature","properties":{"partida":"057023662","cca":"057030Y00000000000000000000000430000013000","tipo":"Urbano","sup_m2":589.5},"geometry":{"type":"Polygon","coordinates":[[[-58.63735,-34.404405],[-58.636914,-34.404619],[-58.636988,-34.404721],[-58.637399,-34.404515],[-58.63735,-34.404405]]]}},{"type":"Feature","properties":{"partida":"057023661","cca":"057030Y00000000000000000000000430000014000","tipo":"Urbano","sup_m2":529.5},"geometry":{"type":"Polygon","coordinates":[[[-58.637445,-34.40462],[-58.637399,-34.404515],[-58.636988,-34.404721],[-58.637058,-34.404817],[-58.637445,-34.40462]]]}},{"type":"Feature","properties":{"partida":"057023660","cca":"057030Y00000000000000000000000430000015000","tipo":"Urbano","sup_m2":454.2},"geometry":{"type":"Polygon","coordinates":[[[-58.637299,-34.404694],[-58.637058,-34.404817],[-58.637135,-34.404923],[-58.637191,-34.404933],[-58.63738,-34.404879],[-58.637299,-34.404694]]]}},{"type":"Feature","properties":{"partida":"057030009","cca":"057030Y00000000000000000000000430000016000","tipo":"Urbano","sup_m2":363.1},"geometry":{"type":"Polygon","coordinates":[[[-58.637539,-34.404834],[-58.637445,-34.40462],[-58.637299,-34.404694],[-58.63738,-34.404879],[-58.637539,-34.404834]]]}},{"type":"Feature","properties":{"partida":"057030010","cca":"057030Y00000000000000000000000430000017000","tipo":"Urbano","sup_m2":711.6},"geometry":{"type":"Polygon","coordinates":[[[-58.637669,-34.404796],[-58.63747,-34.404328],[-58.637335,-34.40437],[-58.637539,-34.404834],[-58.637669,-34.404796]]]}},{"type":"Feature","properties":{"partida":"057023659","cca":"057030Y00000000000000000000000430000018000","tipo":"Urbano","sup_m2":745.6},"geometry":{"type":"Polygon","coordinates":[[[-58.637607,-34.404286],[-58.63747,-34.404328],[-58.637669,-34.404796],[-58.637809,-34.404756],[-58.637607,-34.404286]]]}},{"type":"Feature","properties":{"partida":"057041726","cca":"057030Y00000000000000000000000430000019000","tipo":"Urbano","sup_m2":736.7},"geometry":{"type":"Polygon","coordinates":[[[-58.637947,-34.404717],[-58.637741,-34.404245],[-58.637607,-34.404286],[-58.637809,-34.404756],[-58.637947,-34.404717]]]}},{"type":"Feature","properties":{"partida":"057023658","cca":"057030Y00000000000000000000000430000020000","tipo":"Urbano","sup_m2":422.4},"geometry":{"type":"Polygon","coordinates":[[[-58.637937,-34.404371],[-58.637821,-34.404429],[-58.637947,-34.404717],[-58.638068,-34.404682],[-58.637937,-34.404371]]]}},{"type":"Feature","properties":{"partida":"057023657","cca":"057030Y00000000000000000000000430000021000","tipo":"Urbano","sup_m2":326.8},"geometry":{"type":"Polygon","coordinates":[[[-58.638103,-34.40442],[-58.637983,-34.404481],[-58.638068,-34.404682],[-58.638207,-34.404642],[-58.638103,-34.40442]]]}},{"type":"Feature","properties":{"partida":"057023656","cca":"057030Y00000000000000000000000430000022000","tipo":"Urbano","sup_m2":397.7},"geometry":{"type":"Polygon","coordinates":[[[-58.638152,-34.404526],[-58.638207,-34.404642],[-58.638443,-34.404574],[-58.638453,-34.404534],[-58.638367,-34.404416],[-58.638152,-34.404526]]]}},{"type":"Feature","properties":{"partida":"057023655","cca":"057030Y00000000000000000000000430000023000","tipo":"Urbano","sup_m2":272.8},"geometry":{"type":"Polygon","coordinates":[[[-58.638103,-34.40442],[-58.638152,-34.404526],[-58.638367,-34.404416],[-58.638298,-34.404321],[-58.638103,-34.40442]]]}},{"type":"Feature","properties":{"partida":"057023654","cca":"057030Y00000000000000000000000430000024000","tipo":"Urbano","sup_m2":409.0},"geometry":{"type":"Polygon","coordinates":[[[-58.637937,-34.404371],[-58.637983,-34.404481],[-58.638298,-34.404321],[-58.638228,-34.404225],[-58.637937,-34.404371]]]}},{"type":"Feature","properties":{"partida":"057023653","cca":"057030Y00000000000000000000000430000025000","tipo":"Urbano","sup_m2":547.3},"geometry":{"type":"Polygon","coordinates":[[[-58.638228,-34.404225],[-58.638155,-34.404126],[-58.637773,-34.404318],[-58.637821,-34.404429],[-58.638228,-34.404225]]]}},{"type":"Feature","properties":{"partida":"057066589","cca":"057030Y00000000000000000000000430000026000","tipo":"Urbano","sup_m2":518.3},"geometry":{"type":"Polygon","coordinates":[[[-58.638082,-34.404025],[-58.637724,-34.404206],[-58.637773,-34.404318],[-58.638155,-34.404126],[-58.638082,-34.404025]]]}},{"type":"Feature","properties":{"partida":"057066590","cca":"057030Y00000000000000000000000430000027000","tipo":"Urbano","sup_m2":472.1},"geometry":{"type":"Polygon","coordinates":[[[-58.638011,-34.403928],[-58.637676,-34.404095],[-58.637724,-34.404206],[-58.638082,-34.404025],[-58.638011,-34.403928]]]}},{"type":"Feature","properties":{"partida":"057023652","cca":"057030Y00000000000000000000000430000028000","tipo":"Urbano","sup_m2":446.3},"geometry":{"type":"Polygon","coordinates":[[[-58.638011,-34.403928],[-58.637938,-34.403828],[-58.637628,-34.403983],[-58.637676,-34.404095],[-58.638011,-34.403928]]]}},{"type":"Feature","properties":{"partida":"057023686","cca":"057030Y00000000000000000000000440000001000","tipo":"Urbano","sup_m2":327.9},"geometry":{"type":"Polygon","coordinates":[[[-58.638465,-34.404935],[-58.638651,-34.404843],[-58.638574,-34.404735],[-58.638534,-34.404721],[-58.638392,-34.404761],[-58.638465,-34.404935]]]}},{"type":"Feature","properties":{"partida":"057023685","cca":"057030Y00000000000000000000000440000002000","tipo":"Urbano","sup_m2":284.7},"geometry":{"type":"Polygon","coordinates":[[[-58.638341,-34.404996],[-58.638465,-34.404935],[-58.638392,-34.404761],[-58.638258,-34.404799],[-58.638341,-34.404996]]]}},{"type":"Feature","properties":{"partida":"057023684","cca":"057030Y00000000000000000000000440000003000","tipo":"Urbano","sup_m2":714.2},"geometry":{"type":"Polygon","coordinates":[[[-58.638451,-34.405259],[-58.638258,-34.404799],[-58.638121,-34.404838],[-58.638316,-34.405299],[-58.638451,-34.405259]]]}},{"type":"Feature","properties":{"partida":"057023683","cca":"057030Y00000000000000000000000440000004000","tipo":"Urbano","sup_m2":718.5},"geometry":{"type":"Polygon","coordinates":[[[-58.63818,-34.40534],[-58.638316,-34.405299],[-58.638121,-34.404838],[-58.637987,-34.404876],[-58.63818,-34.40534]]]}},{"type":"Feature","properties":{"partida":"057023682","cca":"057030Y00000000000000000000000440000005000","tipo":"Urbano","sup_m2":744.4},"geometry":{"type":"Polygon","coordinates":[[[-58.637843,-34.404917],[-58.638044,-34.405381],[-58.63818,-34.40534],[-58.637987,-34.404876],[-58.637843,-34.404917]]]}},{"type":"Feature","properties":{"partida":"057023681","cca":"057030Y00000000000000000000000440000006000","tipo":"Urbano","sup_m2":442.7},"geometry":{"type":"Polygon","coordinates":[[[-58.637709,-34.404955],[-58.637839,-34.405254],[-58.637963,-34.405194],[-58.637843,-34.404917],[-58.637709,-34.404955]]]}},{"type":"Feature","properties":{"partida":"057023680","cca":"057030Y00000000000000000000000440000007000","tipo":"Urbano","sup_m2":362.1},"geometry":{"type":"Polygon","coordinates":[[[-58.637788,-34.405137],[-58.637709,-34.404955],[-58.637551,-34.404999],[-58.637637,-34.405213],[-58.637788,-34.405137]]]}},{"type":"Feature","properties":{"partida":"057023679","cca":"057030Y00000000000000000000000440000008000","tipo":"Urbano","sup_m2":438.4},"geometry":{"type":"Polygon","coordinates":[[[-58.637594,-34.405107],[-58.637551,-34.404999],[-58.637267,-34.40508],[-58.637251,-34.405112],[-58.637337,-34.405231],[-58.637594,-34.405107]]]}},{"type":"Feature","properties":{"partida":"057090537","cca":"057030Y00000000000000000000000440000009000","tipo":"Urbano","sup_m2":321.3},"geometry":{"type":"Polygon","coordinates":[[[-58.637637,-34.405213],[-58.637594,-34.405107],[-58.637337,-34.405231],[-58.637406,-34.405328],[-58.637637,-34.405213]]]}},{"type":"Feature","properties":{"partida":"057023704","cca":"057030Y00000000000000000000000440000010000","tipo":"Urbano","sup_m2":528.1},"geometry":{"type":"Polygon","coordinates":[[[-58.637788,-34.405137],[-58.637406,-34.405328],[-58.637479,-34.405429],[-58.637839,-34.405254],[-58.637788,-34.405137]]]}},{"type":"Feature","properties":{"partida":"057023703","cca":"057030Y00000000000000000000000440000011000","tipo":"Urbano","sup_m2":643.1},"geometry":{"type":"Polygon","coordinates":[[[-58.637548,-34.405525],[-58.638012,-34.405307],[-58.637963,-34.405194],[-58.637479,-34.405429],[-58.637548,-34.405525]]]}},{"type":"Feature","properties":{"partida":"057023702","cca":"057030Y00000000000000000000000440000012000","tipo":"Urbano","sup_m2":620.6},"geometry":{"type":"Polygon","coordinates":[[[-58.638059,-34.405416],[-58.638012,-34.405307],[-58.637548,-34.405525],[-58.637621,-34.405628],[-58.638059,-34.405416]]]}},{"type":"Feature","properties":{"partida":"057023701","cca":"057030Y00000000000000000000000440000013000","tipo":"Urbano","sup_m2":589.2},"geometry":{"type":"Polygon","coordinates":[[[-58.638107,-34.405527],[-58.638059,-34.405416],[-58.637621,-34.405628],[-58.637695,-34.40573],[-58.638107,-34.405527]]]}},{"type":"Feature","properties":{"partida":"057023700","cca":"057030Y00000000000000000000000440000014000","tipo":"Urbano","sup_m2":529.8},"geometry":{"type":"Polygon","coordinates":[[[-58.638153,-34.405632],[-58.638107,-34.405527],[-58.637695,-34.40573],[-58.637764,-34.405827],[-58.638153,-34.405632]]]}},{"type":"Feature","properties":{"partida":"057023699","cca":"057030Y00000000000000000000000440000015000","tipo":"Urbano","sup_m2":454.3},"geometry":{"type":"Polygon","coordinates":[[[-58.638006,-34.405705],[-58.637764,-34.405827],[-58.63784,-34.405934],[-58.637897,-34.405944],[-58.638086,-34.405891],[-58.638006,-34.405705]]]}},{"type":"Feature","properties":{"partida":"057023698","cca":"057030Y00000000000000000000000440000016000","tipo":"Urbano","sup_m2":363.1},"geometry":{"type":"Polygon","coordinates":[[[-58.638006,-34.405705],[-58.638086,-34.405891],[-58.638245,-34.405846],[-58.638153,-34.405632],[-58.638006,-34.405705]]]}},{"type":"Feature","properties":{"partida":"057023697","cca":"057030Y00000000000000000000000440000017000","tipo":"Urbano","sup_m2":711.7},"geometry":{"type":"Polygon","coordinates":[[[-58.638044,-34.405381],[-58.638245,-34.405846],[-58.638375,-34.405809],[-58.63818,-34.40534],[-58.638044,-34.405381]]]}},{"type":"Feature","properties":{"partida":"057023696","cca":"057030Y00000000000000000000000440000018000","tipo":"Urbano","sup_m2":745.6},"geometry":{"type":"Polygon","coordinates":[[[-58.638516,-34.40577],[-58.638316,-34.405299],[-58.63818,-34.40534],[-58.638375,-34.405809],[-58.638516,-34.40577]]]}},{"type":"Feature","properties":{"partida":"057023695","cca":"057030Y00000000000000000000000440000019000","tipo":"Urbano","sup_m2":737.0},"geometry":{"type":"Polygon","coordinates":[[[-58.638654,-34.405731],[-58.638451,-34.405259],[-58.638316,-34.405299],[-58.638516,-34.40577],[-58.638654,-34.405731]]]}},{"type":"Feature","properties":{"partida":"057023694","cca":"057030Y00000000000000000000000440000020000","tipo":"Urbano","sup_m2":422.2},"geometry":{"type":"Polygon","coordinates":[[[-58.638646,-34.405386],[-58.63853,-34.405443],[-58.638654,-34.405731],[-58.638775,-34.405697],[-58.638646,-34.405386]]]}},{"type":"Feature","properties":{"partida":"057023693","cca":"057030Y00000000000000000000000440000021000","tipo":"Urbano","sup_m2":326.9},"geometry":{"type":"Polygon","coordinates":[[[-58.638915,-34.405658],[-58.638812,-34.405436],[-58.638692,-34.405496],[-58.638775,-34.405697],[-58.638915,-34.405658]]]}},{"type":"Feature","properties":{"partida":"057023692","cca":"057030Y00000000000000000000000440000022000","tipo":"Urbano","sup_m2":397.8},"geometry":{"type":"Polygon","coordinates":[[[-58.638861,-34.405541],[-58.638915,-34.405658],[-58.639151,-34.405591],[-58.639161,-34.405551],[-58.639076,-34.405433],[-58.638861,-34.405541]]]}},{"type":"Feature","properties":{"partida":"057023691","cca":"057030Y00000000000000000000000440000023000","tipo":"Urbano","sup_m2":272.8},"geometry":{"type":"Polygon","coordinates":[[[-58.639008,-34.405338],[-58.638812,-34.405436],[-58.638861,-34.405541],[-58.639076,-34.405433],[-58.639008,-34.405338]]]}},{"type":"Feature","properties":{"partida":"057023690","cca":"057030Y00000000000000000000000440000024000","tipo":"Urbano","sup_m2":409.0},"geometry":{"type":"Polygon","coordinates":[[[-58.639008,-34.405338],[-58.638938,-34.405241],[-58.638646,-34.405386],[-58.638692,-34.405496],[-58.639008,-34.405338]]]}},{"type":"Feature","properties":{"partida":"057066591","cca":"057030Y00000000000000000000000440000025000","tipo":"Urbano","sup_m2":547.4},"geometry":{"type":"Polygon","coordinates":[[[-58.638482,-34.405332],[-58.63853,-34.405443],[-58.638938,-34.405241],[-58.638866,-34.405141],[-58.638482,-34.405332]]]}},{"type":"Feature","properties":{"partida":"057023689","cca":"057030Y00000000000000000000000440000026000","tipo":"Urbano","sup_m2":518.4},"geometry":{"type":"Polygon","coordinates":[[[-58.638434,-34.405219],[-58.638482,-34.405332],[-58.638866,-34.405141],[-58.638794,-34.40504],[-58.638434,-34.405219]]]}},{"type":"Feature","properties":{"partida":"057023688","cca":"057030Y00000000000000000000000440000027000","tipo":"Urbano","sup_m2":472.2},"geometry":{"type":"Polygon","coordinates":[[[-58.638723,-34.404943],[-58.638388,-34.405108],[-58.638434,-34.405219],[-58.638794,-34.40504],[-58.638723,-34.404943]]]}},{"type":"Feature","properties":{"partida":"057023687","cca":"057030Y00000000000000000000000440000028000","tipo":"Urbano","sup_m2":446.3},"geometry":{"type":"Polygon","coordinates":[[[-58.638388,-34.405108],[-58.638723,-34.404943],[-58.638651,-34.404843],[-58.638341,-34.404996],[-58.638388,-34.405108]]]}},{"type":"Feature","properties":{"partida":"057030008","cca":"057030Y00000000000000000000000450000001000","tipo":"Urbano","sup_m2":358.2},"geometry":{"type":"Polygon","coordinates":[[[-58.634936,-34.402395],[-58.635092,-34.40232],[-58.634978,-34.40216],[-58.634914,-34.402141],[-58.634834,-34.402164],[-58.634936,-34.402395]]]}},{"type":"Feature","properties":{"partida":"057066791","cca":"057030Y00000000000000000000000450000002000","tipo":"Urbano","sup_m2":345.4},"geometry":{"type":"Polygon","coordinates":[[[-58.634936,-34.402395],[-58.634834,-34.402164],[-58.634713,-34.402198],[-58.634816,-34.402452],[-58.634936,-34.402395]]]}},{"type":"Feature","properties":{"partida":"057030006","cca":"057030Y00000000000000000000000450000003000","tipo":"Urbano","sup_m2":377.6},"geometry":{"type":"Polygon","coordinates":[[[-58.634698,-34.402508],[-58.634816,-34.402452],[-58.634713,-34.402198],[-58.634587,-34.402234],[-58.634698,-34.402508]]]}},{"type":"Feature","properties":{"partida":"057030007","cca":"057030Y00000000000000000000000450000004000","tipo":"Urbano","sup_m2":422.7},"geometry":{"type":"Polygon","coordinates":[[[-58.634698,-34.402508],[-58.634587,-34.402234],[-58.634418,-34.402282],[-58.634611,-34.402549],[-58.634698,-34.402508]]]}},{"type":"Feature","properties":{"partida":"057023615","cca":"057030Y00000000000000000000000450000021000","tipo":"Urbano","sup_m2":402.8},"geometry":{"type":"Polygon","coordinates":[[[-58.635058,-34.402877],[-58.634902,-34.402953],[-58.635061,-34.403173],[-58.63517,-34.403143],[-58.635058,-34.402877]]]}},{"type":"Feature","properties":{"partida":"057023614","cca":"057030Y00000000000000000000000450000022000","tipo":"Urbano","sup_m2":407.3},"geometry":{"type":"Polygon","coordinates":[[[-58.63517,-34.403143],[-58.635299,-34.403107],[-58.635179,-34.402819],[-58.635058,-34.402877],[-58.63517,-34.403143]]]}},{"type":"Feature","properties":{"partida":"057023613","cca":"057030Y00000000000000000000000450000023000","tipo":"Urbano","sup_m2":551.3},"geometry":{"type":"Polygon","coordinates":[[[-58.635464,-34.40284],[-58.635233,-34.402948],[-58.635299,-34.403107],[-58.635561,-34.403034],[-58.635574,-34.402994],[-58.635464,-34.40284]]]}},{"type":"Feature","properties":{"partida":"057023612","cca":"057030Y0000000000000000000000045000002400A","tipo":"Urbano","sup_m2":1002.7},"geometry":{"type":"Polygon","coordinates":[[[-58.635464,-34.40284],[-58.635308,-34.402621],[-58.634831,-34.402854],[-58.634902,-34.402953],[-58.635179,-34.402819],[-58.635233,-34.402948],[-58.635464,-34.40284]]]}},{"type":"Feature","properties":{"partida":"057043033","cca":"057030Y00000000000000000000000450000026000","tipo":"Urbano","sup_m2":649.5},"geometry":{"type":"Polygon","coordinates":[[[-58.635239,-34.402524],[-58.634758,-34.402753],[-58.634831,-34.402854],[-58.635308,-34.402621],[-58.635239,-34.402524]]]}},{"type":"Feature","properties":{"partida":"057023611","cca":"057030Y00000000000000000000000450000027000","tipo":"Urbano","sup_m2":666.4},"geometry":{"type":"Polygon","coordinates":[[[-58.634758,-34.402753],[-58.635239,-34.402524],[-58.635166,-34.402423],[-58.634685,-34.402652],[-58.634758,-34.402753]]]}},{"type":"Feature","properties":{"partida":"057023610","cca":"057030Y00000000000000000000000450000028000","tipo":"Urbano","sup_m2":676.6},"geometry":{"type":"Polygon","coordinates":[[[-58.635092,-34.40232],[-58.634611,-34.402549],[-58.634685,-34.402652],[-58.635166,-34.402423],[-58.635092,-34.40232]]]}},{"type":"Feature","properties":{"partida":"057023619","cca":"057030Y00000000000000000000000460000001000","tipo":"Urbano","sup_m2":344.3},"geometry":{"type":"Polygon","coordinates":[[[-58.635665,-34.403393],[-58.635818,-34.403319],[-58.635705,-34.403162],[-58.635643,-34.403144],[-58.635564,-34.403167],[-58.635665,-34.403393]]]}},{"type":"Feature","properties":{"partida":"057023618","cca":"057030Y00000000000000000000000460000002000","tipo":"Urbano","sup_m2":331.8},"geometry":{"type":"Polygon","coordinates":[[[-58.635548,-34.403449],[-58.635665,-34.403393],[-58.635564,-34.403167],[-58.635446,-34.403201],[-58.635548,-34.403449]]]}},{"type":"Feature","properties":{"partida":"057023617","cca":"057030Y00000000000000000000000460000003000","tipo":"Urbano","sup_m2":363.0},"geometry":{"type":"Polygon","coordinates":[[[-58.635548,-34.403449],[-58.635446,-34.403201],[-58.635323,-34.403235],[-58.635432,-34.403504],[-58.635548,-34.403449]]]}},{"type":"Feature","properties":{"partida":"057023616","cca":"057030Y00000000000000000000000460000004000","tipo":"Urbano","sup_m2":406.3},"geometry":{"type":"Polygon","coordinates":[[[-58.635347,-34.403545],[-58.635432,-34.403504],[-58.635323,-34.403235],[-58.635157,-34.403283],[-58.635347,-34.403545]]]}},{"type":"Feature","properties":{"partida":"057020141","cca":"057030Y00000000000000000000000460000021000","tipo":"Urbano","sup_m2":387.2},"geometry":{"type":"Polygon","coordinates":[[[-58.635786,-34.403866],[-58.635633,-34.40394],[-58.635789,-34.404156],[-58.635896,-34.404125],[-58.635786,-34.403866]]]}},{"type":"Feature","properties":{"partida":"057023626","cca":"057030Y00000000000000000000000460000022000","tipo":"Urbano","sup_m2":391.5},"geometry":{"type":"Polygon","coordinates":[[[-58.635905,-34.403808],[-58.635786,-34.403866],[-58.635896,-34.404125],[-58.636022,-34.40409],[-58.635905,-34.403808]]]}},{"type":"Feature","properties":{"partida":"057023625","cca":"057030Y00000000000000000000000460000023000","tipo":"Urbano","sup_m2":530.0},"geometry":{"type":"Polygon","coordinates":[[[-58.635957,-34.403935],[-58.636022,-34.40409],[-58.636279,-34.404018],[-58.636292,-34.403979],[-58.636184,-34.403829],[-58.635957,-34.403935]]]}},{"type":"Feature","properties":{"partida":"057023624","cca":"057030Y00000000000000000000000460000024000","tipo":"Urbano","sup_m2":331.5},"geometry":{"type":"Polygon","coordinates":[[[-58.635905,-34.403808],[-58.635957,-34.403935],[-58.636184,-34.403829],[-58.636101,-34.403713],[-58.635905,-34.403808]]]}},{"type":"Feature","properties":{"partida":"057023623","cca":"057030Y00000000000000000000000460000025000","tipo":"Urbano","sup_m2":631.9},"geometry":{"type":"Polygon","coordinates":[[[-58.63603,-34.403614],[-58.635563,-34.403843],[-58.635633,-34.40394],[-58.636101,-34.403713],[-58.63603,-34.403614]]]}},{"type":"Feature","properties":{"partida":"057023622","cca":"057030Y00000000000000000000000460000026000","tipo":"Urbano","sup_m2":624.6},"geometry":{"type":"Polygon","coordinates":[[[-58.635962,-34.403519],[-58.635491,-34.403744],[-58.635563,-34.403843],[-58.63603,-34.403614],[-58.635962,-34.403519]]]}},{"type":"Feature","properties":{"partida":"057023621","cca":"057030Y00000000000000000000000460000027000","tipo":"Urbano","sup_m2":640.5},"geometry":{"type":"Polygon","coordinates":[[[-58.635419,-34.403645],[-58.635491,-34.403744],[-58.635962,-34.403519],[-58.635891,-34.40342],[-58.635419,-34.403645]]]}},{"type":"Feature","properties":{"partida":"057023620","cca":"057030Y00000000000000000000000460000028000","tipo":"Urbano","sup_m2":650.0},"geometry":{"type":"Polygon","coordinates":[[[-58.635818,-34.403319],[-58.635347,-34.403545],[-58.635419,-34.403645],[-58.635891,-34.40342],[-58.635818,-34.403319]]]}},{"type":"Feature","properties":{"partida":"057043037","cca":"057030Y00000000000000000000000470000001000","tipo":"Urbano","sup_m2":344.2},"geometry":{"type":"Polygon","coordinates":[[[-58.636376,-34.40438],[-58.636529,-34.404307],[-58.636417,-34.40415],[-58.636355,-34.404132],[-58.636276,-34.404154],[-58.636376,-34.40438]]]}},{"type":"Feature","properties":{"partida":"057043036","cca":"057030Y00000000000000000000000470000002000","tipo":"Urbano","sup_m2":331.9},"geometry":{"type":"Polygon","coordinates":[[[-58.636376,-34.40438],[-58.636276,-34.404154],[-58.636157,-34.404188],[-58.636258,-34.404436],[-58.636376,-34.40438]]]}},{"type":"Feature","properties":{"partida":"057043035","cca":"057030Y00000000000000000000000470000003000","tipo":"Urbano","sup_m2":362.8},"geometry":{"type":"Polygon","coordinates":[[[-58.636035,-34.404222],[-58.636142,-34.404491],[-58.636258,-34.404436],[-58.636157,-34.404188],[-58.636035,-34.404222]]]}},{"type":"Feature","properties":{"partida":"057043034","cca":"057030Y00000000000000000000000470000004000","tipo":"Urbano","sup_m2":406.3},"geometry":{"type":"Polygon","coordinates":[[[-58.636142,-34.404491],[-58.636035,-34.404222],[-58.635868,-34.404269],[-58.636057,-34.404531],[-58.636142,-34.404491]]]}},{"type":"Feature","properties":{"partida":"057020144","cca":"057030Y00000000000000000000000470000021000","tipo":"Urbano","sup_m2":387.1},"geometry":{"type":"Polygon","coordinates":[[[-58.636496,-34.404853],[-58.636342,-34.404927],[-58.636498,-34.405143],[-58.636605,-34.405113],[-58.636496,-34.404853]]]}},{"type":"Feature","properties":{"partida":"057023670","cca":"057030Y00000000000000000000000470000022000","tipo":"Urbano","sup_m2":391.5},"geometry":{"type":"Polygon","coordinates":[[[-58.636605,-34.405113],[-58.636731,-34.405078],[-58.636614,-34.404796],[-58.636496,-34.404853],[-58.636605,-34.405113]]]}},{"type":"Feature","properties":{"partida":"057023669","cca":"057030Y00000000000000000000000470000023000","tipo":"Urbano","sup_m2":529.9},"geometry":{"type":"Polygon","coordinates":[[[-58.636894,-34.404817],[-58.636667,-34.404923],[-58.636731,-34.405078],[-58.636988,-34.405007],[-58.637001,-34.404967],[-58.636894,-34.404817]]]}},{"type":"Feature","properties":{"partida":"057043038","cca":"057030Y00000000000000000000000470000024000","tipo":"Urbano","sup_m2":331.5},"geometry":{"type":"Polygon","coordinates":[[[-58.636811,-34.404701],[-58.636614,-34.404796],[-58.636667,-34.404923],[-58.636894,-34.404817],[-58.636811,-34.404701]]]}},{"type":"Feature","properties":{"partida":"057023668","cca":"057030Y00000000000000000000000470000025000","tipo":"Urbano","sup_m2":632.0},"geometry":{"type":"Polygon","coordinates":[[[-58.636811,-34.404701],[-58.63674,-34.404602],[-58.636272,-34.40483],[-58.636342,-34.404927],[-58.636811,-34.404701]]]}},{"type":"Feature","properties":{"partida":"057023667","cca":"057030Y00000000000000000000000470000026000","tipo":"Urbano","sup_m2":624.8},"geometry":{"type":"Polygon","coordinates":[[[-58.636673,-34.404507],[-58.636201,-34.404731],[-58.636272,-34.40483],[-58.63674,-34.404602],[-58.636673,-34.404507]]]}},{"type":"Feature","properties":{"partida":"057023666","cca":"057030Y00000000000000000000000470000027000","tipo":"Urbano","sup_m2":640.3},"geometry":{"type":"Polygon","coordinates":[[[-58.636602,-34.404408],[-58.63613,-34.404632],[-58.636201,-34.404731],[-58.636673,-34.404507],[-58.636602,-34.404408]]]}},{"type":"Feature","properties":{"partida":"057023665","cca":"057030Y00000000000000000000000470000028000","tipo":"Urbano","sup_m2":650.4},"geometry":{"type":"Polygon","coordinates":[[[-58.636057,-34.404531],[-58.63613,-34.404632],[-58.636602,-34.404408],[-58.636529,-34.404307],[-58.636057,-34.404531]]]}},{"type":"Feature","properties":{"partida":"057023674","cca":"057030Y00000000000000000000000480000001000","tipo":"Urbano","sup_m2":344.4},"geometry":{"type":"Polygon","coordinates":[[[-58.637078,-34.405382],[-58.637231,-34.405309],[-58.637119,-34.405152],[-58.637057,-34.405134],[-58.636978,-34.405156],[-58.637078,-34.405382]]]}},{"type":"Feature","properties":{"partida":"057023673","cca":"057030Y00000000000000000000000480000002000","tipo":"Urbano","sup_m2":331.7},"geometry":{"type":"Polygon","coordinates":[[[-58.636978,-34.405156],[-58.636859,-34.405189],[-58.63696,-34.405438],[-58.637078,-34.405382],[-58.636978,-34.405156]]]}},{"type":"Feature","properties":{"partida":"057023672","cca":"057030Y00000000000000000000000480000003000","tipo":"Urbano","sup_m2":363.1},"geometry":{"type":"Polygon","coordinates":[[[-58.636844,-34.405493],[-58.63696,-34.405438],[-58.636859,-34.405189],[-58.636736,-34.405224],[-58.636844,-34.405493]]]}},{"type":"Feature","properties":{"partida":"057023671","cca":"057030Y00000000000000000000000480000004000","tipo":"Urbano","sup_m2":406.3},"geometry":{"type":"Polygon","coordinates":[[[-58.636844,-34.405493],[-58.636736,-34.405224],[-58.63657,-34.405271],[-58.636759,-34.405533],[-58.636844,-34.405493]]]}},{"type":"Feature","properties":{"partida":"057020145","cca":"057030Y00000000000000000000000480000021000","tipo":"Urbano","sup_m2":387.3},"geometry":{"type":"Polygon","coordinates":[[[-58.637198,-34.405855],[-58.637045,-34.405929],[-58.6372,-34.406145],[-58.637308,-34.406115],[-58.637198,-34.405855]]]}},{"type":"Feature","properties":{"partida":"057043129","cca":"057030Y00000000000000000000000480000022000","tipo":"Urbano","sup_m2":391.3},"geometry":{"type":"Polygon","coordinates":[[[-58.637317,-34.405798],[-58.637198,-34.405855],[-58.637308,-34.406115],[-58.637434,-34.40608],[-58.637317,-34.405798]]]}},{"type":"Feature","properties":{"partida":"057030011","cca":"057030Y00000000000000000000000480000023000","tipo":"Urbano","sup_m2":530.1},"geometry":{"type":"Polygon","coordinates":[[[-58.637369,-34.405924],[-58.637434,-34.40608],[-58.637691,-34.406008],[-58.637704,-34.405969],[-58.637596,-34.405818],[-58.637369,-34.405924]]]}},{"type":"Feature","properties":{"partida":"057023678","cca":"057030Y00000000000000000000000480000024000","tipo":"Urbano","sup_m2":331.4},"geometry":{"type":"Polygon","coordinates":[[[-58.637369,-34.405924],[-58.637596,-34.405818],[-58.637513,-34.405702],[-58.637317,-34.405798],[-58.637369,-34.405924]]]}},{"type":"Feature","properties":{"partida":"057066809","cca":"057030Y00000000000000000000000480000025000","tipo":"Urbano","sup_m2":632.1},"geometry":{"type":"Polygon","coordinates":[[[-58.637045,-34.405929],[-58.637513,-34.405702],[-58.637442,-34.405603],[-58.636975,-34.405832],[-58.637045,-34.405929]]]}},{"type":"Feature","properties":{"partida":"057023677","cca":"057030Y00000000000000000000000480000026000","tipo":"Urbano","sup_m2":624.8},"geometry":{"type":"Polygon","coordinates":[[[-58.637375,-34.405509],[-58.636903,-34.405733],[-58.636975,-34.405832],[-58.637442,-34.405603],[-58.637375,-34.405509]]]}},{"type":"Feature","properties":{"partida":"057023676","cca":"057030Y00000000000000000000000480000027000","tipo":"Urbano","sup_m2":640.1},"geometry":{"type":"Polygon","coordinates":[[[-58.636832,-34.405634],[-58.636903,-34.405733],[-58.637375,-34.405509],[-58.637303,-34.40541],[-58.636832,-34.405634]]]}},{"type":"Feature","properties":{"partida":"057023675","cca":"057030Y00000000000000000000000480000028000","tipo":"Urbano","sup_m2":650.3},"geometry":{"type":"Polygon","coordinates":[[[-58.637231,-34.405309],[-58.636759,-34.405533],[-58.636832,-34.405634],[-58.637303,-34.40541],[-58.637231,-34.405309]]]}},{"type":"Feature","properties":{"partida":"057000313","cca":"057030Y00000000000000000100000000000001000","tipo":"Rural","sup_m2":22394.2},"geometry":{"type":"Polygon","coordinates":[[[-58.627073,-34.405687],[-58.626312,-34.404639],[-58.625491,-34.404871],[-58.625642,-34.405238],[-58.62497,-34.405422],[-58.625276,-34.406569],[-58.627073,-34.405687]]]}},{"type":"Feature","properties":{"partida":"057081501","cca":"057030Y00000000000000000100000000000002000","tipo":"Urbano","sup_m2":2720.8},"geometry":{"type":"Polygon","coordinates":[[[-58.62497,-34.405422],[-58.625642,-34.405238],[-58.625491,-34.404871],[-58.624852,-34.405051],[-58.62497,-34.405422]]]}},{"type":"Feature","properties":{"partida":"057081502","cca":"057030Y00000000000000000200000000000000000","tipo":"Rural","sup_m2":24562.2},"geometry":{"type":"Polygon","coordinates":[[[-58.626982,-34.407656],[-58.628092,-34.407113],[-58.627073,-34.405687],[-58.625276,-34.406569],[-58.625378,-34.40689],[-58.625943,-34.406601],[-58.626844,-34.407207],[-58.626982,-34.407656]]]}},{"type":"Feature","properties":{"partida":"057081503","cca":"057030Y00000000000000000300000000000000000","tipo":"Rural","sup_m2":29508.9},"geometry":{"type":"Polygon","coordinates":[[[-58.626982,-34.407656],[-58.627134,-34.408177],[-58.627614,-34.408332],[-58.626148,-34.40889],[-58.626308,-34.409325],[-58.629122,-34.408557],[-58.628092,-34.407113],[-58.626982,-34.407656]]]}}]}