{"type":"FeatureCollection","features":[{"type":"Feature","properties":{"partida":"357019741","cca":"35700010000000000000004230000000000000200B","tipo":"Rural","sup_m2":20363.5},"geometry":{"type":"Polygon","coordinates":[[[-58.621062,-34.307771],[-58.62102,-34.307807],[-58.620985,-34.307809],[-58.620967,-34.307824],[-58.620979,-34.307834],[-58.620958,-34.307847],[-58.620949,-34.307868],[-58.620953,-34.307888],[-58.620967,-34.307914],[-58.620988,-34.307929],[-58.621006,-34.307933],[-58.620975,-34.307959],[-58.620958,-34.307985],[-58.620966,-34.307995],[-58.620974,-34.307997],[-58.620984,-34.308031],[-58.621003,-34.30804],[-58.621017,-34.308058],[-58.62101,-34.308077],[-58.621,-34.308088],[-58.621,-34.308106],[-58.620992,-34.30812],[-58.620973,-34.308127],[-58.620985,-34.308152],[-58.621,-34.308161],[-58.620998,-34.308178],[-58.621004,-34.308188],[-58.620972,-34.308202],[-58.620959,-34.308221],[-58.620969,-34.308236],[-58.620985,-34.30825],[-58.620954,-34.308253],[-58.620924,-34.308247],[-58.620877,-34.308256],[-58.620831,-34.308327],[-58.620839,-34.308361],[-58.620861,-34.308382],[-58.620905,-34.308408],[-58.620902,-34.308429],[-58.620845,-34.308435],[-58.620844,-34.308456],[-58.620821,-34.30848],[-58.621597,-34.308821],[-58.622622,-34.30919],[-58.623021,-34.307964],[-58.621062,-34.307771]]]}},{"type":"Feature","properties":{"partida":"357006363","cca":"357000100000000000000042400B00000000022000","tipo":"Urbano","sup_m2":1213.7},"geometry":{"type":"Polygon","coordinates":[[[-58.619457,-34.30759],[-58.619576,-34.306983],[-58.619384,-34.306957],[-58.619267,-34.307559],[-58.619457,-34.30759]]]}},{"type":"Feature","properties":{"partida":"357006364","cca":"357000100000000000000042400B00000000023000","tipo":"Urbano","sup_m2":2850.2},"geometry":{"type":"Polygon","coordinates":[[[-58.62087,-34.307593],[-58.619492,-34.307414],[-58.619457,-34.30759],[-58.620805,-34.307816],[-58.62075,-34.307768],[-58.620767,-34.307741],[-58.620847,-34.307714],[-58.62087,-34.307593]]]}},{"type":"Feature","properties":{"partida":"357006365","cca":"357000100000000000000042400B00000000024000","tipo":"Urbano","sup_m2":6641.6},"geometry":{"type":"Polygon","coordinates":[[[-58.620865,-34.307086],[-58.619592,-34.306902],[-58.619492,-34.307414],[-58.62087,-34.307593],[-58.620744,-34.307545],[-58.620713,-34.307499],[-58.620765,-34.307481],[-58.620771,-34.307452],[-58.620771,-34.307415],[-58.620746,-34.307392],[-58.620723,-34.307358],[-58.620742,-34.307321],[-58.620784,-34.307303],[-58.620824,-34.307304],[-58.620855,-34.307272],[-58.620865,-34.307086]]]}},{"type":"Feature","properties":{"partida":"357006368","cca":"357000100000000000000042400C00000000001000","tipo":"Urbano","sup_m2":2168.5},"geometry":{"type":"Polygon","coordinates":[[[-58.620682,-34.308045],[-58.620675,-34.308025],[-58.6207,-34.308019],[-58.620714,-34.307918],[-58.620774,-34.307892],[-58.61946,-34.307673],[-58.619421,-34.307832],[-58.620682,-34.308045]]]}},{"type":"Feature","properties":{"partida":"357006369","cca":"357000100000000000000042400C00000000002000","tipo":"Urbano","sup_m2":1866.4},"geometry":{"type":"Polygon","coordinates":[[[-58.619242,-34.308558],[-58.61946,-34.307673],[-58.61926,-34.307639],[-58.619046,-34.308505],[-58.619242,-34.308558]]]}},{"type":"Feature","properties":{"partida":"357006370","cca":"357000100000000000000042400C00000000003000","tipo":"Urbano","sup_m2":1788.7},"geometry":{"type":"Polygon","coordinates":[[[-58.618855,-34.308453],[-58.619046,-34.308505],[-58.61926,-34.307639],[-58.619063,-34.307606],[-58.618855,-34.308453]]]}},{"type":"Feature","properties":{"partida":"357006371","cca":"357000100000000000000042400C00000000004000","tipo":"Urbano","sup_m2":1784.2},"geometry":{"type":"Polygon","coordinates":[[[-58.61866,-34.308401],[-58.618855,-34.308453],[-58.619063,-34.307606],[-58.618862,-34.307573],[-58.61866,-34.308401]]]}},{"type":"Feature","properties":{"partida":"357006372","cca":"357000100000000000000042400C00000000005000","tipo":"Urbano","sup_m2":1733.9},"geometry":{"type":"Polygon","coordinates":[[[-58.618466,-34.308348],[-58.61866,-34.308401],[-58.618862,-34.307573],[-58.618662,-34.307539],[-58.618466,-34.308348]]]}},{"type":"Feature","properties":{"partida":"357006373","cca":"357000100000000000000042400C00000000006000","tipo":"Urbano","sup_m2":1668.0},"geometry":{"type":"Polygon","coordinates":[[[-58.618273,-34.308296],[-58.618466,-34.308348],[-58.618662,-34.307539],[-58.618467,-34.307507],[-58.618273,-34.308296]]]}},{"type":"Feature","properties":{"partida":"357006374","cca":"357000100000000000000042400C00000000007000","tipo":"Urbano","sup_m2":2008.7},"geometry":{"type":"Polygon","coordinates":[[[-58.618038,-34.308232],[-58.618273,-34.308296],[-58.618467,-34.307507],[-58.618223,-34.307466],[-58.618038,-34.308232]]]}},{"type":"Feature","properties":{"partida":"357006375","cca":"357000100000000000000042400C00000000008000","tipo":"Urbano","sup_m2":1595.0},"geometry":{"type":"Polygon","coordinates":[[[-58.617844,-34.30818],[-58.618038,-34.308232],[-58.618223,-34.307466],[-58.618024,-34.307432],[-58.617844,-34.30818]]]}},{"type":"Feature","properties":{"partida":"357006376","cca":"357000100000000000000042400C00000000009000","tipo":"Urbano","sup_m2":1958.6},"geometry":{"type":"Polygon","coordinates":[[[-58.6176,-34.308114],[-58.617844,-34.30818],[-58.618024,-34.307432],[-58.617773,-34.30739],[-58.6176,-34.308114]]]}},{"type":"Feature","properties":{"partida":"357006377","cca":"357000100000000000000042400C00000000010000","tipo":"Urbano","sup_m2":2046.7},"geometry":{"type":"Polygon","coordinates":[[[-58.617773,-34.30739],[-58.617413,-34.30733],[-58.617422,-34.308062],[-58.6176,-34.308114],[-58.617773,-34.30739]]]}},{"type":"Feature","properties":{"partida":"357006378","cca":"357000100000000000000042400C00000000011000","tipo":"Urbano","sup_m2":3649.5},"geometry":{"type":"Polygon","coordinates":[[[-58.61929,-34.308364],[-58.619242,-34.308558],[-58.619744,-34.308694],[-58.619873,-34.308776],[-58.620518,-34.308923],[-58.620578,-34.308762],[-58.620506,-34.308697],[-58.620488,-34.308677],[-58.620474,-34.308647],[-58.620465,-34.308619],[-58.62047,-34.308598],[-58.620499,-34.308576],[-58.61929,-34.308364]]]}},{"type":"Feature","properties":{"partida":"357006379","cca":"357000100000000000000042400C00000000012000","tipo":"Urbano","sup_m2":2785.1},"geometry":{"type":"Polygon","coordinates":[[[-58.61929,-34.308364],[-58.620499,-34.308576],[-58.620671,-34.308383],[-58.619339,-34.308165],[-58.61929,-34.308364]]]}},{"type":"Feature","properties":{"partida":"357006380","cca":"357000100000000000000042400C00000000013000","tipo":"Urbano","sup_m2":2330.2},"geometry":{"type":"Polygon","coordinates":[[[-58.619379,-34.308002],[-58.619339,-34.308165],[-58.620671,-34.308383],[-58.620728,-34.308222],[-58.619379,-34.308002]]]}},{"type":"Feature","properties":{"partida":"357006381","cca":"357000100000000000000042400C00000000014000","tipo":"Urbano","sup_m2":2302.7},"geometry":{"type":"Polygon","coordinates":[[[-58.620682,-34.308045],[-58.619421,-34.307832],[-58.619379,-34.308002],[-58.620728,-34.308222],[-58.620711,-34.308166],[-58.620682,-34.308045]]]}},{"type":"Feature","properties":{"partida":"357006389","cca":"357000100000000000000042500000000000008000","tipo":"Rural","sup_m2":13656.6},"geometry":{"type":"Polygon","coordinates":[[[-58.617404,-34.306581],[-58.613867,-34.307547],[-58.613882,-34.307571],[-58.61385,-34.307641],[-58.613884,-34.307696],[-58.613933,-34.307738],[-58.61396,-34.307826],[-58.613981,-34.307868],[-58.614003,-34.307942],[-58.617408,-34.306914],[-58.617404,-34.306581]]]}},{"type":"Feature","properties":{"partida":"357006390","cca":"357000100000000000000042500000000000009000","tipo":"Rural","sup_m2":87333.5},"geometry":{"type":"Polygon","coordinates":[[[-58.617422,-34.308062],[-58.617408,-34.306914],[-58.614003,-34.307942],[-58.614066,-34.308112],[-58.614043,-34.308146],[-58.614047,-34.308204],[-58.614087,-34.308242],[-58.614106,-34.308284],[-58.614124,-34.308342],[-58.614181,-34.308412],[-58.614165,-34.308455],[-58.614194,-34.308478],[-58.614204,-34.30854],[-58.614246,-34.308606],[-58.614234,-34.30866],[-58.614265,-34.308686],[-58.614273,-34.308746],[-58.614333,-34.308796],[-58.614364,-34.308865],[-58.614372,-34.308908],[-58.614397,-34.308946],[-58.614393,-34.308991],[-58.61445,-34.309104],[-58.614441,-34.30915],[-58.614439,-34.309232],[-58.614481,-34.309335],[-58.614487,-34.309387],[-58.614513,-34.309476],[-58.614487,-34.309523],[-58.614488,-34.309586],[-58.614506,-34.309624],[-58.614485,-34.309641],[-58.614484,-34.309661],[-58.616472,-34.310957],[-58.617319,-34.308994],[-58.617292,-34.308866],[-58.617422,-34.308062]]]}},{"type":"Feature","properties":{"partida":"357006392","cca":"357000100000000000000042600000000000002000","tipo":"Rural","sup_m2":119988.4},"geometry":{"type":"Polygon","coordinates":[[[-58.606442,-34.309312],[-58.608702,-34.309523],[-58.611133,-34.308847],[-58.611193,-34.309692],[-58.614354,-34.309683],[-58.614396,-34.309626],[-58.614381,-34.309291],[-58.614348,-34.30925],[-58.61435,-34.309092],[-58.614317,-34.309062],[-58.614299,-34.309],[-58.614286,-34.308934],[-58.614287,-34.308829],[-58.614205,-34.308753],[-58.614183,-34.308679],[-58.614151,-34.308653],[-58.614125,-34.308612],[-58.614159,-34.308574],[-58.614092,-34.308428],[-58.61403,-34.308428],[-58.613958,-34.308421],[-58.613969,-34.308388],[-58.614029,-34.308367],[-58.614056,-34.308341],[-58.614057,-34.308307],[-58.614046,-34.30826],[-58.613943,-34.307994],[-58.613765,-34.307562],[-58.60658,-34.308285],[-58.606442,-34.309312]]]}},{"type":"Feature","properties":{"partida":"357020350","cca":"357000100000000000000042800A0000000000100A","tipo":"Rural","sup_m2":20239.5},"geometry":{"type":"Polygon","coordinates":[[[-58.622824,-34.311272],[-58.620104,-34.310442],[-58.620098,-34.310422],[-58.62007,-34.310409],[-58.620051,-34.310389],[-58.62003,-34.310387],[-58.620001,-34.310405],[-58.620003,-34.310433],[-58.62004,-34.310425],[-58.620039,-34.310444],[-58.620074,-34.31045],[-58.620076,-34.310477],[-58.620015,-34.310476],[-58.619993,-34.310499],[-58.619982,-34.31053],[-58.619982,-34.310539],[-58.619955,-34.310576],[-58.619911,-34.310624],[-58.619891,-34.310677],[-58.619889,-34.310704],[-58.61986,-34.310705],[-58.619832,-34.310714],[-58.61983,-34.310728],[-58.619781,-34.310769],[-58.619737,-34.310823],[-58.6197,-34.310894],[-58.619665,-34.310888],[-58.619678,-34.310924],[-58.619655,-34.310936],[-58.619669,-34.310952],[-58.619656,-34.310968],[-58.619591,-34.31097],[-58.619598,-34.310995],[-58.619588,-34.31101],[-58.619566,-34.311036],[-58.619537,-34.311038],[-58.61952,-34.311062],[-58.619541,-34.31108],[-58.619519,-34.311109],[-58.619497,-34.311115],[-58.619484,-34.311166],[-58.619494,-34.311183],[-58.61949,-34.311203],[-58.619445,-34.311215],[-58.619395,-34.31122],[-58.619356,-34.311233],[-58.619344,-34.311255],[-58.619377,-34.311277],[-58.61939,-34.3113],[-58.61935,-34.311299],[-58.619322,-34.311314],[-58.619301,-34.311349],[-58.619262,-34.311369],[-58.619225,-34.311424],[-58.619199,-34.311447],[-58.619169,-34.311467],[-58.619148,-34.311497],[-58.619135,-34.311537],[-58.619108,-34.311543],[-58.619082,-34.311578],[-58.622824,-34.311272]]]}},{"type":"Feature","properties":{"partida":"357020348","cca":"357000100000000000000042800A0000000000100C","tipo":"Urbano","sup_m2":11292.5},"geometry":{"type":"Polygon","coordinates":[[[-58.620697,-34.308851],[-58.623612,-34.310005],[-58.623536,-34.309641],[-58.622622,-34.30919],[-58.621597,-34.308821],[-58.620821,-34.30848],[-58.620818,-34.308506],[-58.620828,-34.308518],[-58.620864,-34.308531],[-58.620912,-34.308542],[-58.620902,-34.308556],[-58.620863,-34.308565],[-58.620849,-34.308592],[-58.620831,-34.308611],[-58.620814,-34.308616],[-58.620804,-34.30864],[-58.620784,-34.308641],[-58.620744,-34.308673],[-58.620697,-34.308851]]]}},{"type":"Feature","properties":{"partida":"357020349","cca":"357000100000000000000042800A0000000000100D","tipo":"Urbano","sup_m2":12116.3},"geometry":{"type":"Polygon","coordinates":[[[-58.620581,-34.309231],[-58.623681,-34.310398],[-58.623612,-34.310005],[-58.620697,-34.308851],[-58.620633,-34.309095],[-58.620581,-34.309231]]]}},{"type":"Feature","properties":{"partida":"357006400","cca":"357000100000000000000042800A0000000000100E","tipo":"Urbano","sup_m2":12894.8},"geometry":{"type":"Polygon","coordinates":[[[-58.620438,-34.309599],[-58.62375,-34.31079],[-58.623681,-34.310398],[-58.620581,-34.309231],[-58.620438,-34.309599]]]}},{"type":"Feature","properties":{"partida":"357020346","cca":"357000100000000000000042800A0000000000100F","tipo":"Urbano","sup_m2":13737.4},"geometry":{"type":"Polygon","coordinates":[[[-58.623819,-34.311182],[-58.62375,-34.31079],[-58.620438,-34.309599],[-58.620417,-34.309653],[-58.620356,-34.309761],[-58.620302,-34.309823],[-58.620296,-34.309964],[-58.623819,-34.311182]]]}},{"type":"Feature","properties":{"partida":"357020347","cca":"357000100000000000000042800A0000000000100G","tipo":"Urbano","sup_m2":15128.2},"geometry":{"type":"Polygon","coordinates":[[[-58.623819,-34.311182],[-58.620296,-34.309964],[-58.620325,-34.309979],[-58.62026,-34.310117],[-58.620242,-34.310227],[-58.620217,-34.310251],[-58.62022,-34.310262],[-58.620244,-34.310262],[-58.62026,-34.310284],[-58.620245,-34.310295],[-58.620256,-34.31031],[-58.620279,-34.310323],[-58.620238,-34.310352],[-58.620197,-34.310351],[-58.620184,-34.310328],[-58.620174,-34.310292],[-58.620152,-34.310272],[-58.620096,-34.310284],[-58.620078,-34.31033],[-58.620129,-34.310356],[-58.620134,-34.310347],[-58.620149,-34.310358],[-58.620151,-34.310378],[-58.620131,-34.310395],[-58.620135,-34.310424],[-58.620104,-34.310442],[-58.622824,-34.311272],[-58.623819,-34.311182]]]}},{"type":"Feature","properties":{"partida":"357019806","cca":"357000100000000000000042800A00000000002000","tipo":"Rural","sup_m2":91248.5},"geometry":{"type":"Polygon","coordinates":[[[-58.629224,-34.310653],[-58.623819,-34.311182],[-58.622824,-34.311272],[-58.619082,-34.311578],[-58.619064,-34.311633],[-58.619057,-34.311705],[-58.619038,-34.311801],[-58.619049,-34.311896],[-58.619102,-34.31195],[-58.619122,-34.312018],[-58.619158,-34.312086],[-58.619313,-34.312178],[-58.619461,-34.312338],[-58.619465,-34.312392],[-58.619511,-34.312391],[-58.619509,-34.312484],[-58.619566,-34.312539],[-58.619588,-34.312553],[-58.619598,-34.312574],[-58.619593,-34.312596],[-58.619611,-34.312629],[-58.619612,-34.312648],[-58.619618,-34.312664],[-58.619637,-34.312667],[-58.619652,-34.312674],[-58.619647,-34.312698],[-58.619662,-34.3127],[-58.619681,-34.312716],[-58.619681,-34.312728],[-58.619669,-34.312735],[-58.619669,-34.312753],[-58.619695,-34.312768],[-58.619739,-34.312822],[-58.619825,-34.312892],[-58.619857,-34.312882],[-58.619881,-34.312904],[-58.619913,-34.312904],[-58.621479,-34.312603],[-58.622753,-34.312344],[-58.622919,-34.312324],[-58.625323,-34.311822],[-58.629117,-34.31105],[-58.629251,-34.311033],[-58.629224,-34.310653]]]}},{"type":"Feature","properties":{"partida":"357017897","cca":"357000100000000000000042800B00000000001000","tipo":"Rural","sup_m2":39130.7},"geometry":{"type":"Polygon","coordinates":[[[-58.620473,-34.313846],[-58.620098,-34.31349],[-58.619874,-34.313214],[-58.619839,-34.313246],[-58.619805,-34.31322],[-58.61975,-34.313213],[-58.619705,-34.313178],[-58.619717,-34.313105],[-58.619701,-34.31307],[-58.619639,-34.313046],[-58.619596,-34.313009],[-58.619635,-34.312987],[-58.619581,-34.312913],[-58.619609,-34.31288],[-58.619535,-34.312897],[-58.619536,-34.312825],[-58.619472,-34.31287],[-58.619441,-34.312841],[-58.619471,-34.312801],[-58.619472,-34.312766],[-58.619428,-34.312697],[-58.619396,-34.312697],[-58.619366,-34.312737],[-58.619343,-34.312736],[-58.619314,-34.312691],[-58.619313,-34.31261],[-58.618972,-34.312282],[-58.618871,-34.312286],[-58.618741,-34.312279],[-58.618622,-34.312185],[-58.618437,-34.312143],[-58.61777,-34.312558],[-58.617474,-34.312663],[-58.617616,-34.312704],[-58.618625,-34.313043],[-58.618182,-34.31322],[-58.617735,-34.314178],[-58.618967,-34.314586],[-58.620473,-34.313846]]]}},{"type":"Feature","properties":{"partida":"357017898","cca":"357000100000000000000042800B00000000002000","tipo":"Urbano","sup_m2":3441.8},"geometry":{"type":"Polygon","coordinates":[[[-58.618182,-34.31322],[-58.618625,-34.313043],[-58.617616,-34.312704],[-58.617474,-34.312663],[-58.617179,-34.312848],[-58.618182,-34.31322]]]}},{"type":"Feature","properties":{"partida":"357017899","cca":"357000100000000000000042800B00000000003000","tipo":"Urbano","sup_m2":3677.2},"geometry":{"type":"Polygon","coordinates":[[[-58.616855,-34.313127],[-58.618074,-34.313453],[-58.618182,-34.31322],[-58.617179,-34.312848],[-58.616855,-34.313127]]]}},{"type":"Feature","properties":{"partida":"357017900","cca":"357000100000000000000042800B00000000004000","tipo":"Urbano","sup_m2":3313.1},"geometry":{"type":"Polygon","coordinates":[[[-58.617959,-34.313699],[-58.618074,-34.313453],[-58.616855,-34.313127],[-58.616725,-34.313342],[-58.617959,-34.313699]]]}},{"type":"Feature","properties":{"partida":"357017901","cca":"357000100000000000000042800B00000000005000","tipo":"Urbano","sup_m2":2465.8},"geometry":{"type":"Polygon","coordinates":[[[-58.61787,-34.313888],[-58.617959,-34.313699],[-58.616725,-34.313342],[-58.616659,-34.313515],[-58.616865,-34.313565],[-58.61787,-34.313888]]]}},{"type":"Feature","properties":{"partida":"357017902","cca":"357000100000000000000042800B00000000006000","tipo":"Urbano","sup_m2":3928.9},"geometry":{"type":"Polygon","coordinates":[[[-58.616659,-34.313515],[-58.616623,-34.313688],[-58.616592,-34.313816],[-58.616733,-34.313846],[-58.617735,-34.314178],[-58.61787,-34.313888],[-58.616865,-34.313565],[-58.616659,-34.313515]]]}},{"type":"Feature","properties":{"partida":"357017903","cca":"357000100000000000000042800B00000000007000","tipo":"Urbano","sup_m2":1608.8},"geometry":{"type":"Polygon","coordinates":[[[-58.61725,-34.314231],[-58.617337,-34.314046],[-58.616733,-34.313846],[-58.616592,-34.313816],[-58.616556,-34.314016],[-58.61725,-34.314231]]]}},{"type":"Feature","properties":{"partida":"357017904","cca":"357000100000000000000042800B00000000008000","tipo":"Urbano","sup_m2":1359.5},"geometry":{"type":"Polygon","coordinates":[[[-58.61725,-34.314231],[-58.616641,-34.314043],[-58.616556,-34.314016],[-58.616554,-34.314221],[-58.617168,-34.314407],[-58.61725,-34.314231]]]}},{"type":"Feature","properties":{"partida":"357017905","cca":"357000100000000000000042800B00000000009000","tipo":"Urbano","sup_m2":1152.7},"geometry":{"type":"Polygon","coordinates":[[[-58.61709,-34.314573],[-58.617168,-34.314407],[-58.616554,-34.314221],[-58.616488,-34.31439],[-58.616596,-34.314417],[-58.61709,-34.314573]]]}},{"type":"Feature","properties":{"partida":"357017906","cca":"357000100000000000000042800B00000000010000","tipo":"Urbano","sup_m2":1178.0},"geometry":{"type":"Polygon","coordinates":[[[-58.61709,-34.314573],[-58.616596,-34.314417],[-58.616488,-34.31439],[-58.616443,-34.314569],[-58.61701,-34.314744],[-58.61709,-34.314573]]]}},{"type":"Feature","properties":{"partida":"357017907","cca":"357000100000000000000042800B00000000011000","tipo":"Urbano","sup_m2":1104.2},"geometry":{"type":"Polygon","coordinates":[[[-58.616352,-34.314733],[-58.616931,-34.314912],[-58.61701,-34.314744],[-58.616443,-34.314569],[-58.6164,-34.31468],[-58.616352,-34.314733]]]}},{"type":"Feature","properties":{"partida":"357017908","cca":"357000100000000000000042800B00000000012000","tipo":"Urbano","sup_m2":1133.1},"geometry":{"type":"Polygon","coordinates":[[[-58.61685,-34.315085],[-58.616931,-34.314912],[-58.616352,-34.314733],[-58.616294,-34.314909],[-58.616325,-34.314916],[-58.61685,-34.315085]]]}},{"type":"Feature","properties":{"partida":"357017909","cca":"357000100000000000000042800B00000000013000","tipo":"Urbano","sup_m2":1059.8},"geometry":{"type":"Polygon","coordinates":[[[-58.61685,-34.315085],[-58.616325,-34.314916],[-58.616294,-34.314909],[-58.616199,-34.315068],[-58.616778,-34.315238],[-58.61685,-34.315085]]]}},{"type":"Feature","properties":{"partida":"357017910","cca":"357000100000000000000042800B00000000014000","tipo":"Rural","sup_m2":42865.6},"geometry":{"type":"Polygon","coordinates":[[[-58.620473,-34.313846],[-58.618967,-34.314586],[-58.617337,-34.314046],[-58.616778,-34.315238],[-58.616199,-34.315068],[-58.616027,-34.315394],[-58.616655,-34.315473],[-58.616599,-34.315706],[-58.616823,-34.315693],[-58.619127,-34.315614],[-58.62024,-34.314585],[-58.620473,-34.313846]]]}},{"type":"Feature","properties":{"partida":"357017911","cca":"357000100000000000000042800B00000000015000","tipo":"Urbano","sup_m2":1875.3},"geometry":{"type":"Polygon","coordinates":[[[-58.616599,-34.315706],[-58.616655,-34.315473],[-58.616027,-34.315394],[-58.615949,-34.315729],[-58.616599,-34.315706]]]}},{"type":"Feature","properties":{"partida":"357006401","cca":"357000100000000000000042900000000000001000","tipo":"Rural","sup_m2":14367.7},"geometry":{"type":"Polygon","coordinates":[[[-58.619744,-34.308694],[-58.6176,-34.308114],[-58.617422,-34.308062],[-58.617332,-34.308619],[-58.620391,-34.309227],[-58.620452,-34.309097],[-58.620518,-34.308923],[-58.619873,-34.308776],[-58.619744,-34.308694]]]}},{"type":"Feature","properties":{"partida":"357019974","cca":"357000100000000000000042900000000000002000","tipo":"Rural","sup_m2":11621.0},"geometry":{"type":"Polygon","coordinates":[[[-58.617332,-34.308619],[-58.617292,-34.308866],[-58.617319,-34.308994],[-58.620228,-34.309576],[-58.620391,-34.309227],[-58.617332,-34.308619]]]}},{"type":"Feature","properties":{"partida":"357019975","cca":"357000100000000000000042900000000000003000","tipo":"Rural","sup_m2":10906.9},"geometry":{"type":"Polygon","coordinates":[[[-58.617319,-34.308994],[-58.617168,-34.309343],[-58.619968,-34.309889],[-58.620031,-34.309814],[-58.620073,-34.30978],[-58.620153,-34.309742],[-58.620228,-34.309576],[-58.617319,-34.308994]]]}},{"type":"Feature","properties":{"partida":"357019976","cca":"357000100000000000000042900000000000004000","tipo":"Rural","sup_m2":11023.6},"geometry":{"type":"Polygon","coordinates":[[[-58.619839,-34.310252],[-58.619863,-34.310223],[-58.619893,-34.310159],[-58.619926,-34.310051],[-58.619943,-34.309966],[-58.619968,-34.309889],[-58.617168,-34.309343],[-58.617018,-34.30969],[-58.619839,-34.310252]]]}},{"type":"Feature","properties":{"partida":"357019977","cca":"357000100000000000000042900000000000005000","tipo":"Rural","sup_m2":15399.4},"geometry":{"type":"Polygon","coordinates":[[[-58.617018,-34.30969],[-58.616799,-34.310199],[-58.619529,-34.310743],[-58.619509,-34.310682],[-58.61951,-34.310605],[-58.619567,-34.310554],[-58.619612,-34.310485],[-58.619755,-34.310348],[-58.619839,-34.310252],[-58.617018,-34.30969]]]}},{"type":"Feature","properties":{"partida":"357019978","cca":"357000100000000000000042900000000000006000","tipo":"Rural","sup_m2":14168.3},"geometry":{"type":"Polygon","coordinates":[[[-58.616581,-34.310704],[-58.619135,-34.311194],[-58.619169,-34.311164],[-58.619189,-34.311122],[-58.619194,-34.311085],[-58.61916,-34.311034],[-58.619164,-34.311003],[-58.619332,-34.310856],[-58.619342,-34.310838],[-58.619381,-34.310801],[-58.619411,-34.310779],[-58.61953,-34.310744],[-58.616799,-34.310199],[-58.616581,-34.310704]]]}},{"type":"Feature","properties":{"partida":"357019979","cca":"357000100000000000000042900000000000007000","tipo":"Rural","sup_m2":18292.5},"geometry":{"type":"Polygon","coordinates":[[[-58.616581,-34.310704],[-58.616472,-34.310957],[-58.616229,-34.311354],[-58.618516,-34.311822],[-58.618612,-34.311747],[-58.618867,-34.311508],[-58.61892,-34.311493],[-58.618964,-34.311456],[-58.619012,-34.311366],[-58.619079,-34.311258],[-58.619135,-34.311194],[-58.616581,-34.310704]]]}},{"type":"Feature","properties":{"partida":"357019980","cca":"357000100000000000000042900000000000008000","tipo":"Rural","sup_m2":15009.2},"geometry":{"type":"Polygon","coordinates":[[[-58.617597,-34.312352],[-58.617812,-34.312248],[-58.617832,-34.312214],[-58.617853,-34.3122],[-58.617858,-34.312183],[-58.617888,-34.312162],[-58.617931,-34.31215],[-58.617951,-34.312113],[-58.61798,-34.312094],[-58.618002,-34.312131],[-58.618095,-34.312089],[-58.61817,-34.31205],[-58.618256,-34.312012],[-58.618292,-34.311973],[-58.618387,-34.311901],[-58.618516,-34.311822],[-58.616229,-34.311354],[-58.615833,-34.312001],[-58.617597,-34.312352]]]}},{"type":"Feature","properties":{"partida":"357019981","cca":"357000100000000000000042900000000000009000","tipo":"Rural","sup_m2":17970.5},"geometry":{"type":"Polygon","coordinates":[[[-58.615306,-34.312863],[-58.616452,-34.313724],[-58.616475,-34.31373],[-58.616428,-34.313401],[-58.616474,-34.313331],[-58.616518,-34.313284],[-58.616523,-34.31324],[-58.616549,-34.313197],[-58.616578,-34.313171],[-58.616591,-34.313123],[-58.616602,-34.313058],[-58.616624,-34.313019],[-58.61668,-34.313006],[-58.616681,-34.312978],[-58.616723,-34.312954],[-58.61672,-34.312919],[-58.616736,-34.312892],[-58.616757,-34.312838],[-58.616893,-34.312746],[-58.616978,-34.312676],[-58.617011,-34.312638],[-58.617066,-34.312633],[-58.617105,-34.312607],[-58.617154,-34.312555],[-58.617279,-34.312494],[-58.617359,-34.312469],[-58.617597,-34.312352],[-58.615833,-34.312001],[-58.615306,-34.312863]]]}},{"type":"Feature","properties":{"partida":"357020471","cca":"35700010000000000000004300000000000000100A","tipo":"Urbano","sup_m2":12600.0},"geometry":{"type":"Polygon","coordinates":[[[-58.615306,-34.312863],[-58.614804,-34.31375],[-58.616228,-34.314334],[-58.616274,-34.314233],[-58.616475,-34.31373],[-58.616452,-34.313724],[-58.615306,-34.312863]]]}},{"type":"Feature","properties":{"partida":"357020472","cca":"35700010000000000000004300000000000000100B","tipo":"Urbano","sup_m2":12645.2},"geometry":{"type":"Polygon","coordinates":[[[-58.614804,-34.31375],[-58.614342,-34.314567],[-58.615932,-34.314924],[-58.616228,-34.314334],[-58.614804,-34.31375]]]}},{"type":"Feature","properties":{"partida":"357006402","cca":"35700010000000000000004300000000000000100C","tipo":"Urbano","sup_m2":24075.6},"geometry":{"type":"Polygon","coordinates":[[[-58.614342,-34.314567],[-58.613946,-34.315306],[-58.614014,-34.315334],[-58.613964,-34.315933],[-58.615728,-34.316164],[-58.615787,-34.315732],[-58.61584,-34.315217],[-58.615932,-34.314924],[-58.614342,-34.314567]]]}},{"type":"Feature","properties":{"partida":"357006403","cca":"35700010000000000000004300000000000000200A","tipo":"Rural","sup_m2":14882.2},"geometry":{"type":"Polygon","coordinates":[[[-58.616472,-34.310957],[-58.614484,-34.309661],[-58.614486,-34.309683],[-58.614509,-34.309685],[-58.614482,-34.309702],[-58.614506,-34.30972],[-58.614491,-34.309752],[-58.6145,-34.309771],[-58.614496,-34.309805],[-58.614517,-34.309846],[-58.614508,-34.309893],[-58.614528,-34.309915],[-58.614495,-34.309936],[-58.614521,-34.309957],[-58.614512,-34.309986],[-58.614529,-34.309999],[-58.614525,-34.310025],[-58.614533,-34.310064],[-58.614538,-34.310145],[-58.614562,-34.310169],[-58.614551,-34.310202],[-58.614516,-34.310218],[-58.614518,-34.310258],[-58.614542,-34.310266],[-58.614527,-34.310299],[-58.614537,-34.310339],[-58.614507,-34.310411],[-58.614503,-34.310429],[-58.61451,-34.310455],[-58.614495,-34.310491],[-58.614501,-34.310563],[-58.614496,-34.310587],[-58.614472,-34.310589],[-58.614491,-34.310617],[-58.614471,-34.310634],[-58.614491,-34.31067],[-58.61447,-34.310688],[-58.61449,-34.310703],[-58.614483,-34.310733],[-58.61449,-34.31078],[-58.614488,-34.310809],[-58.616268,-34.311291],[-58.616472,-34.310957]]]}},{"type":"Feature","properties":{"partida":"357020380","cca":"35700010000000000000004300000000000000200B","tipo":"Rural","sup_m2":9545.4},"geometry":{"type":"Polygon","coordinates":[[[-58.615967,-34.311782],[-58.616268,-34.311291],[-58.614488,-34.310809],[-58.61448,-34.310872],[-58.614492,-34.310883],[-58.61447,-34.310903],[-58.61448,-34.310914],[-58.614471,-34.310952],[-58.614487,-34.310957],[-58.614487,-34.310977],[-58.614454,-34.311068],[-58.614454,-34.311103],[-58.614441,-34.311137],[-58.614424,-34.311162],[-58.614445,-34.3112],[-58.614423,-34.311203],[-58.614429,-34.311217],[-58.614407,-34.31123],[-58.614376,-34.311259],[-58.61439,-34.311275],[-58.614366,-34.31129],[-58.614369,-34.311315],[-58.614366,-34.311318],[-58.615967,-34.311782]]]}},{"type":"Feature","properties":{"partida":"357020381","cca":"35700010000000000000004300000000000000200C","tipo":"Rural","sup_m2":9651.6},"geometry":{"type":"Polygon","coordinates":[[[-58.615653,-34.312295],[-58.615967,-34.311782],[-58.614366,-34.311318],[-58.614353,-34.31133],[-58.614319,-34.311348],[-58.614335,-34.311359],[-58.614315,-34.311393],[-58.614314,-34.311443],[-58.614333,-34.311456],[-58.614348,-34.311475],[-58.614299,-34.311497],[-58.614319,-34.311528],[-58.614302,-34.31155],[-58.614262,-34.311589],[-58.614241,-34.311652],[-58.614238,-34.311671],[-58.614268,-34.311666],[-58.614255,-34.311693],[-58.614226,-34.311703],[-58.614227,-34.311713],[-58.614186,-34.311739],[-58.614146,-34.311753],[-58.614119,-34.311759],[-58.614081,-34.311819],[-58.614057,-34.311836],[-58.615653,-34.312295]]]}},{"type":"Feature","properties":{"partida":"357020382","cca":"35700010000000000000004300000000000000200D","tipo":"Rural","sup_m2":10834.7},"geometry":{"type":"Polygon","coordinates":[[[-58.615306,-34.312863],[-58.615653,-34.312295],[-58.614057,-34.311836],[-58.614049,-34.311841],[-58.614029,-34.311876],[-58.614021,-34.311906],[-58.614012,-34.311921],[-58.613994,-34.311929],[-58.613988,-34.311922],[-58.613968,-34.31192],[-58.613968,-34.311931],[-58.613981,-34.311957],[-58.613978,-34.311978],[-58.613969,-34.311995],[-58.61398,-34.312027],[-58.613971,-34.312056],[-58.613964,-34.312119],[-58.613955,-34.312149],[-58.613967,-34.312163],[-58.613976,-34.31218],[-58.613965,-34.312192],[-58.613972,-34.312204],[-58.613996,-34.312207],[-58.613982,-34.312221],[-58.613979,-34.312245],[-58.613985,-34.312257],[-58.613969,-34.312271],[-58.613967,-34.312287],[-58.613979,-34.312288],[-58.613984,-34.312271],[-58.613996,-34.312303],[-58.613975,-34.312326],[-58.613942,-34.312343],[-58.613956,-34.312351],[-58.613918,-34.312393],[-58.613888,-34.312399],[-58.613872,-34.312432],[-58.613885,-34.312449],[-58.613861,-34.31247],[-58.613838,-34.312513],[-58.615306,-34.312863]]]}},{"type":"Feature","properties":{"partida":"357020383","cca":"35700010000000000000004300000000000000200E","tipo":"Rural","sup_m2":8654.1},"geometry":{"type":"Polygon","coordinates":[[[-58.615034,-34.313343],[-58.615306,-34.312863],[-58.613838,-34.312513],[-58.613751,-34.312523],[-58.613771,-34.312553],[-58.613744,-34.312569],[-58.613737,-34.312586],[-58.613723,-34.3126],[-58.613721,-34.312623],[-58.613707,-34.312632],[-58.613707,-34.312652],[-58.613677,-34.312671],[-58.613671,-34.312698],[-58.613629,-34.312706],[-58.613624,-34.312744],[-58.613628,-34.312778],[-58.613668,-34.312779],[-58.613681,-34.312846],[-58.613648,-34.312871],[-58.613663,-34.312886],[-58.613649,-34.31297],[-58.613623,-34.312982],[-58.613622,-34.313002],[-58.613639,-34.313007],[-58.61359,-34.313052],[-58.615034,-34.313343]]]}},{"type":"Feature","properties":{"partida":"357020384","cca":"35700010000000000000004300000000000000200F","tipo":"Rural","sup_m2":11478.2},"geometry":{"type":"Polygon","coordinates":[[[-58.615034,-34.313343],[-58.61359,-34.313052],[-58.613615,-34.313091],[-58.613576,-34.313116],[-58.613576,-34.313143],[-58.613562,-34.313164],[-58.613563,-34.313245],[-58.613545,-34.313215],[-58.613531,-34.313232],[-58.613545,-34.313265],[-58.613532,-34.31332],[-58.613518,-34.313303],[-58.613506,-34.313299],[-58.613497,-34.313323],[-58.613497,-34.313346],[-58.613512,-34.313347],[-58.613529,-34.313334],[-58.613518,-34.313362],[-58.613521,-34.313396],[-58.613536,-34.313406],[-58.613536,-34.313445],[-58.613516,-34.313433],[-58.613509,-34.313451],[-58.613498,-34.313466],[-58.61352,-34.313473],[-58.61352,-34.313517],[-58.61351,-34.313543],[-58.613503,-34.313593],[-58.613475,-34.313612],[-58.613467,-34.31363],[-58.613498,-34.31364],[-58.61348,-34.313666],[-58.613475,-34.313697],[-58.613446,-34.313719],[-58.61342,-34.313746],[-58.613406,-34.313806],[-58.613415,-34.31382],[-58.613408,-34.313851],[-58.613414,-34.313874],[-58.614598,-34.314114],[-58.615034,-34.313343]]]}},{"type":"Feature","properties":{"partida":"357020385","cca":"35700010000000000000004300000000000000200G","tipo":"Rural","sup_m2":10926.4},"geometry":{"type":"Polygon","coordinates":[[[-58.614075,-34.315065],[-58.614342,-34.314567],[-58.614598,-34.314114],[-58.613414,-34.313874],[-58.613413,-34.31391],[-58.613398,-34.313945],[-58.613411,-34.313973],[-58.613405,-34.313995],[-58.613385,-34.314005],[-58.613391,-34.314026],[-58.613417,-34.31407],[-58.613391,-34.314053],[-58.613382,-34.314069],[-58.613384,-34.314137],[-58.613403,-34.314169],[-58.613382,-34.314173],[-58.613377,-34.314147],[-58.613343,-34.31415],[-58.613346,-34.314191],[-58.613362,-34.314214],[-58.613355,-34.31423],[-58.61333,-34.314246],[-58.613317,-34.314273],[-58.613314,-34.314308],[-58.613306,-34.314327],[-58.613305,-34.314416],[-58.613274,-34.314445],[-58.613273,-34.314499],[-58.613264,-34.314522],[-58.613236,-34.314551],[-58.613234,-34.314595],[-58.613241,-34.314624],[-58.613189,-34.314671],[-58.613191,-34.314702],[-58.613225,-34.314733],[-58.613227,-34.314794],[-58.613232,-34.314833],[-58.613219,-34.314847],[-58.614075,-34.315065]]]}},{"type":"Feature","properties":{"partida":"357006404","cca":"357000100000000000000043000000000000003000","tipo":"Rural","sup_m2":6603.2},"geometry":{"type":"Polygon","coordinates":[[[-58.613964,-34.315933],[-58.614014,-34.315334],[-58.613946,-34.315306],[-58.614075,-34.315065],[-58.613219,-34.314847],[-58.613162,-34.314906],[-58.613172,-34.31497],[-58.613089,-34.315023],[-58.613077,-34.315068],[-58.61311,-34.315109],[-58.613172,-34.315138],[-58.613126,-34.315173],[-58.613074,-34.315239],[-58.613076,-34.315274],[-58.613055,-34.315334],[-58.613409,-34.315581],[-58.613964,-34.315933]]]}},{"type":"Feature","properties":{"partida":"357006405","cca":"357000100000000000000043100000000000001000","tipo":"Rural","sup_m2":88478.2},"geometry":{"type":"Polygon","coordinates":[[[-58.606442,-34.309312],[-58.606472,-34.309956],[-58.61433,-34.311139],[-58.614382,-34.310583],[-58.614354,-34.309683],[-58.611193,-34.309692],[-58.611133,-34.308847],[-58.608702,-34.309523],[-58.606442,-34.309312]]]}},{"type":"Feature","properties":{"partida":"357006406","cca":"357000100000000000000043100000000000002000","tipo":"Rural","sup_m2":84594.6},"geometry":{"type":"Polygon","coordinates":[[[-58.60653,-34.311065],[-58.613875,-34.312149],[-58.613865,-34.312065],[-58.613919,-34.311926],[-58.613939,-34.311846],[-58.613991,-34.311749],[-58.614138,-34.311694],[-58.614192,-34.311622],[-58.614231,-34.311512],[-58.614248,-34.311424],[-58.614246,-34.311341],[-58.6143,-34.31128],[-58.61433,-34.311139],[-58.606472,-34.309956],[-58.60653,-34.311065]]]}},{"type":"Feature","properties":{"partida":"357006407","cca":"357000100000000000000043100000000000003000","tipo":"Rural","sup_m2":63385.6},"geometry":{"type":"Polygon","coordinates":[[[-58.60653,-34.311065],[-58.606583,-34.311576],[-58.613456,-34.313322],[-58.613378,-34.313242],[-58.613378,-34.313198],[-58.613413,-34.313144],[-58.613435,-34.313115],[-58.61342,-34.313067],[-58.613485,-34.313058],[-58.613538,-34.313008],[-58.613584,-34.312902],[-58.613619,-34.31283],[-58.613597,-34.312799],[-58.613579,-34.312758],[-58.61358,-34.312719],[-58.61362,-34.312672],[-58.613646,-34.3126],[-58.613695,-34.312521],[-58.613745,-34.312454],[-58.613845,-34.312378],[-58.613915,-34.312281],[-58.613875,-34.312149],[-58.60653,-34.311065]]]}},{"type":"Feature","properties":{"partida":null,"cca":"357000100000000000000043100000000000004000","tipo":null,"sup_m2":102294.5},"geometry":{"type":"Polygon","coordinates":[[[-58.607887,-34.313404],[-58.611098,-34.313969],[-58.612953,-34.315257],[-58.61301,-34.315124],[-58.613187,-34.314546],[-58.613321,-34.313934],[-58.613326,-34.313866],[-58.613317,-34.313805],[-58.613316,-34.313751],[-58.613379,-34.313621],[-58.61338,-34.313574],[-58.613427,-34.313534],[-58.613404,-34.313485],[-58.613446,-34.313448],[-58.613438,-34.313398],[-58.613439,-34.313352],[-58.613456,-34.313322],[-58.606583,-34.311576],[-58.606616,-34.311904],[-58.606653,-34.313238],[-58.607887,-34.313404]]]}},{"type":"Feature","properties":{"partida":"357006409","cca":"357000100000000000000043200000000000001000","tipo":"Rural","sup_m2":215971.4},"geometry":{"type":"Polygon","coordinates":[[[-58.60658,-34.308285],[-58.606771,-34.307546],[-58.606844,-34.306744],[-58.600456,-34.307778],[-58.600483,-34.308612],[-58.600421,-34.309115],[-58.600329,-34.309688],[-58.600319,-34.309711],[-58.600267,-34.310011],[-58.600185,-34.310311],[-58.60653,-34.311065],[-58.606442,-34.309312],[-58.60658,-34.308285]]]}},{"type":"Feature","properties":{"partida":"357006410","cca":"357000100000000000000043200000000000002000","tipo":"Rural","sup_m2":30651.4},"geometry":{"type":"Polygon","coordinates":[[[-58.600185,-34.310311],[-58.601133,-34.310524],[-58.601113,-34.310674],[-58.601283,-34.310721],[-58.601718,-34.310831],[-58.601927,-34.310888],[-58.602158,-34.310943],[-58.60476,-34.311466],[-58.606616,-34.311904],[-58.60653,-34.311065],[-58.600185,-34.310311]]]}},{"type":"Feature","properties":{"partida":"357006411","cca":"357000100000000000000043200000000000003000","tipo":"Rural","sup_m2":99264.9},"geometry":{"type":"Polygon","coordinates":[[[-58.60476,-34.311466],[-58.601586,-34.315948],[-58.602474,-34.316039],[-58.606653,-34.313238],[-58.606616,-34.311904],[-58.60476,-34.311466]]]}},{"type":"Feature","properties":{"partida":"357006412","cca":"357000100000000000000043200000000000004000","tipo":"Rural","sup_m2":101826.0},"geometry":{"type":"Polygon","coordinates":[[[-58.601367,-34.312971],[-58.600376,-34.315525],[-58.600287,-34.31573],[-58.601586,-34.315948],[-58.60476,-34.311466],[-58.602158,-34.310943],[-58.601939,-34.311484],[-58.601367,-34.312971]]]}},{"type":"Feature","properties":{"partida":"357006413","cca":"35700010000000000000004320000000000000500A","tipo":"Urbano","sup_m2":1010.6},"geometry":{"type":"Polygon","coordinates":[[[-58.601782,-34.311308],[-58.601991,-34.311352],[-58.602158,-34.310943],[-58.601927,-34.310888],[-58.601782,-34.311308]]]}},{"type":"Feature","properties":{"partida":"357006414","cca":"357000100000000000000043200000000000006000","tipo":"Urbano","sup_m2":964.6},"geometry":{"type":"Polygon","coordinates":[[[-58.601582,-34.311265],[-58.601782,-34.311308],[-58.601927,-34.310888],[-58.601718,-34.310831],[-58.601582,-34.311265]]]}},{"type":"Feature","properties":{"partida":"357006415","cca":"357000100000000000000043200000000000007000","tipo":"Urbano","sup_m2":1040.5},"geometry":{"type":"Polygon","coordinates":[[[-58.601371,-34.31122],[-58.601582,-34.311265],[-58.601718,-34.310831],[-58.601496,-34.310773],[-58.601371,-34.31122]]]}},{"type":"Feature","properties":{"partida":"357006416","cca":"357000100000000000000043200000000000008000","tipo":"Urbano","sup_m2":1070.1},"geometry":{"type":"Polygon","coordinates":[[[-58.601146,-34.311172],[-58.601371,-34.31122],[-58.601496,-34.310773],[-58.601283,-34.310721],[-58.601146,-34.311172]]]}},{"type":"Feature","properties":{"partida":"357006417","cca":"357000100000000000000043200000000000009000","tipo":"Urbano","sup_m2":943.1},"geometry":{"type":"Polygon","coordinates":[[[-58.601055,-34.310791],[-58.600956,-34.311131],[-58.601146,-34.311172],[-58.601283,-34.310721],[-58.601113,-34.310674],[-58.601055,-34.310791]]]}},{"type":"Feature","properties":{"partida":"357006422","cca":"357000100000000000000043200000000000014000","tipo":"Urbano","sup_m2":1577.7},"geometry":{"type":"Polygon","coordinates":[[[-58.601464,-34.31213],[-58.601672,-34.312175],[-58.601939,-34.311484],[-58.601733,-34.311441],[-58.601464,-34.31213]]]}},{"type":"Feature","properties":{"partida":"357006423","cca":"357000100000000000000043200000000000015000","tipo":"Urbano","sup_m2":1499.5},"geometry":{"type":"Polygon","coordinates":[[[-58.601273,-34.312089],[-58.601464,-34.31213],[-58.601733,-34.311441],[-58.601531,-34.311398],[-58.601273,-34.312089]]]}},{"type":"Feature","properties":{"partida":"357006424","cca":"357000100000000000000043200000000000016000","tipo":"Urbano","sup_m2":1496.5},"geometry":{"type":"Polygon","coordinates":[[[-58.601273,-34.312089],[-58.601531,-34.311398],[-58.601338,-34.311357],[-58.601073,-34.312046],[-58.601273,-34.312089]]]}},{"type":"Feature","properties":{"partida":"357006425","cca":"357000100000000000000043200000000000017000","tipo":"Urbano","sup_m2":1570.8},"geometry":{"type":"Polygon","coordinates":[[[-58.600871,-34.312002],[-58.601073,-34.312046],[-58.601338,-34.311357],[-58.601127,-34.311312],[-58.600871,-34.312002]]]}},{"type":"Feature","properties":{"partida":"357006437","cca":"357000100000000000000043200000000000029000","tipo":"Urbano","sup_m2":1419.4},"geometry":{"type":"Polygon","coordinates":[[[-58.601273,-34.312089],[-58.601012,-34.312758],[-58.601204,-34.312799],[-58.601464,-34.31213],[-58.601273,-34.312089]]]}},{"type":"Feature","properties":{"partida":"357006438","cca":"357000100000000000000043200000000000030000","tipo":"Urbano","sup_m2":1544.5},"geometry":{"type":"Polygon","coordinates":[[[-58.601464,-34.31213],[-58.601204,-34.312799],[-58.601414,-34.312844],[-58.601672,-34.312175],[-58.601464,-34.31213]]]}},{"type":"Feature","properties":{"partida":"357006439","cca":"357000100000000000000043200000000000031000","tipo":"Urbano","sup_m2":1525.7},"geometry":{"type":"Polygon","coordinates":[[[-58.600903,-34.313585],[-58.601111,-34.313631],[-58.601367,-34.312971],[-58.601155,-34.312928],[-58.600903,-34.313585]]]}},{"type":"Feature","properties":{"partida":"357006457","cca":"35700010000000000000004320000000000004900A","tipo":"Rural","sup_m2":35823.1},"geometry":{"type":"Polygon","coordinates":[[[-58.60691,-34.313628],[-58.606653,-34.313238],[-58.602474,-34.316039],[-58.603378,-34.316332],[-58.60697,-34.313918],[-58.60691,-34.313628]]]}},{"type":"Feature","properties":{"partida":"357006458","cca":"35700010000000000000004320000000000004900B","tipo":"Rural","sup_m2":21157.3},"geometry":{"type":"Polygon","coordinates":[[[-58.607116,-34.314517],[-58.60703,-34.314209],[-58.60697,-34.313918],[-58.603378,-34.316332],[-58.603587,-34.316455],[-58.603673,-34.316636],[-58.607116,-34.314517]]]}},{"type":"Feature","properties":{"partida":"357006459","cca":"35700010000000000000004320000000000004900C","tipo":"Rural","sup_m2":30943.1},"geometry":{"type":"Polygon","coordinates":[[[-58.60733,-34.315284],[-58.607116,-34.314517],[-58.603673,-34.316636],[-58.603764,-34.317413],[-58.60733,-34.315284]]]}},{"type":"Feature","properties":{"partida":"357006460","cca":"35700010000000000000004320000000000004900D","tipo":"Rural","sup_m2":25835.3},"geometry":{"type":"Polygon","coordinates":[[[-58.607451,-34.315939],[-58.607388,-34.31549],[-58.60733,-34.315284],[-58.603764,-34.317413],[-58.604157,-34.317922],[-58.607451,-34.315939]]]}},{"type":"Feature","properties":{"partida":"357006461","cca":"35700010000000000000004320000000000005000A","tipo":"Rural","sup_m2":29712.0},"geometry":{"type":"Polygon","coordinates":[[[-58.607451,-34.315939],[-58.604157,-34.317922],[-58.604313,-34.318188],[-58.604361,-34.318229],[-58.604447,-34.318281],[-58.604575,-34.318263],[-58.604557,-34.318303],[-58.604636,-34.318407],[-58.607746,-34.316825],[-58.607584,-34.316314],[-58.607451,-34.315939]]]}},{"type":"Feature","properties":{"partida":"357006462","cca":"35700010000000000000004320000000000005000B","tipo":"Rural","sup_m2":20334.3},"geometry":{"type":"Polygon","coordinates":[[[-58.607746,-34.316825],[-58.604636,-34.318407],[-58.605124,-34.318852],[-58.607926,-34.317382],[-58.607746,-34.316825]]]}},{"type":"Feature","properties":{"partida":"357006463","cca":"35700010000000000000004320000000000005000C","tipo":"Rural","sup_m2":29720.7},"geometry":{"type":"Polygon","coordinates":[[[-58.607926,-34.317382],[-58.605124,-34.318852],[-58.605642,-34.319455],[-58.608434,-34.31836],[-58.608101,-34.31756],[-58.607926,-34.317382]]]}},{"type":"Feature","properties":{"partida":"357006464","cca":"35700010000000000000004320000000000005000D","tipo":"Rural","sup_m2":42273.1},"geometry":{"type":"Polygon","coordinates":[[[-58.608434,-34.31836],[-58.605642,-34.319455],[-58.605905,-34.319835],[-58.606038,-34.320277],[-58.607462,-34.320211],[-58.609228,-34.319897],[-58.609143,-34.319633],[-58.608434,-34.31836]]]}},{"type":"Feature","properties":{"partida":"357006530","cca":"357000100000000000000043300D00000000001000","tipo":"Urbano","sup_m2":1675.6},"geometry":{"type":"Polygon","coordinates":[[[-58.62232,-34.312433],[-58.622477,-34.312801],[-58.622831,-34.312776],[-58.622753,-34.312344],[-58.62232,-34.312433]]]}},{"type":"Feature","properties":{"partida":"357006531","cca":"357000100000000000000043300D00000000002000","tipo":"Urbano","sup_m2":1269.2},"geometry":{"type":"Polygon","coordinates":[[[-58.622477,-34.312801],[-58.62232,-34.312433],[-58.622017,-34.312494],[-58.622174,-34.312875],[-58.622477,-34.312801]]]}},{"type":"Feature","properties":{"partida":"357006532","cca":"357000100000000000000043300D00000000003000","tipo":"Urbano","sup_m2":1120.0},"geometry":{"type":"Polygon","coordinates":[[[-58.622174,-34.312875],[-58.622017,-34.312494],[-58.621758,-34.312547],[-58.621914,-34.312939],[-58.622174,-34.312875]]]}},{"type":"Feature","properties":{"partida":"357006533","cca":"357000100000000000000043300D00000000004000","tipo":"Urbano","sup_m2":1194.0},"geometry":{"type":"Polygon","coordinates":[[[-58.621652,-34.313004],[-58.621914,-34.312939],[-58.621758,-34.312547],[-58.621479,-34.312603],[-58.621652,-34.313004]]]}},{"type":"Feature","properties":{"partida":null,"cca":"357000100000000000000043300D00000000005000","tipo":null,"sup_m2":8497.5},"geometry":{"type":"Polygon","coordinates":[[[-58.62138,-34.313158],[-58.621688,-34.313087],[-58.621479,-34.312603],[-58.619913,-34.312904],[-58.619903,-34.312919],[-58.619885,-34.312963],[-58.619898,-34.312979],[-58.619915,-34.312979],[-58.619915,-34.313],[-58.619941,-34.313005],[-58.619948,-34.312997],[-58.619965,-34.312997],[-58.619968,-34.313011],[-58.619979,-34.313026],[-58.620028,-34.313062],[-58.620025,-34.313098],[-58.620064,-34.313114],[-58.620151,-34.313168],[-58.620177,-34.313159],[-58.620195,-34.313176],[-58.620172,-34.313198],[-58.620201,-34.313255],[-58.620222,-34.313285],[-58.620258,-34.313274],[-58.620279,-34.313296],[-58.62026,-34.313339],[-58.62027,-34.313375],[-58.620297,-34.313367],[-58.620326,-34.313382],[-58.620308,-34.313379],[-58.620308,-34.313394],[-58.620298,-34.313415],[-58.620289,-34.313418],[-58.620289,-34.31344],[-58.620317,-34.313445],[-58.620322,-34.313426],[-58.620335,-34.313435],[-58.620345,-34.31343],[-58.620349,-34.313401],[-58.620377,-34.313407],[-58.62138,-34.313158]]]}},{"type":"Feature","properties":{"partida":"357006535","cca":"357000100000000000000043300D00000000006000","tipo":"Urbano","sup_m2":1712.9},"geometry":{"type":"Polygon","coordinates":[[[-58.621183,-34.313475],[-58.621094,-34.31323],[-58.620377,-34.313407],[-58.620404,-34.313442],[-58.620413,-34.313462],[-58.620431,-34.313462],[-58.620466,-34.313483],[-58.620489,-34.313504],[-58.620484,-34.313514],[-58.620472,-34.31352],[-58.620462,-34.313531],[-58.620485,-34.313565],[-58.620504,-34.313579],[-58.620522,-34.31358],[-58.620534,-34.31359],[-58.62056,-34.313592],[-58.620581,-34.313591],[-58.621183,-34.313475]]]}},{"type":"Feature","properties":{"partida":"357006536","cca":"357000100000000000000043300D00000000007000","tipo":"Urbano","sup_m2":818.5},"geometry":{"type":"Polygon","coordinates":[[[-58.62138,-34.313158],[-58.621094,-34.31323],[-58.621183,-34.313475],[-58.621481,-34.313422],[-58.62138,-34.313158]]]}},{"type":"Feature","properties":{"partida":"357006537","cca":"357000100000000000000043300D00000000008000","tipo":"Urbano","sup_m2":947.8},"geometry":{"type":"Polygon","coordinates":[[[-58.621688,-34.313087],[-58.62138,-34.313158],[-58.621481,-34.313422],[-58.621807,-34.313364],[-58.621688,-34.313087]]]}},{"type":"Feature","properties":{"partida":"357006538","cca":"357000100000000000000043300D00000000009000","tipo":"Urbano","sup_m2":1079.1},"geometry":{"type":"Polygon","coordinates":[[[-58.621652,-34.313004],[-58.621807,-34.313364],[-58.622071,-34.313318],[-58.621914,-34.312939],[-58.621652,-34.313004]]]}},{"type":"Feature","properties":{"partida":"357006539","cca":"357000100000000000000043300D00000000010000","tipo":"Urbano","sup_m2":1129.9},"geometry":{"type":"Polygon","coordinates":[[[-58.622174,-34.312875],[-58.621914,-34.312939],[-58.622071,-34.313318],[-58.622336,-34.313271],[-58.622174,-34.312875]]]}},{"type":"Feature","properties":{"partida":"357006540","cca":"357000100000000000000043300D00000000011000","tipo":"Urbano","sup_m2":2685.1},"geometry":{"type":"Polygon","coordinates":[[[-58.622336,-34.313271],[-58.622902,-34.313171],[-58.622831,-34.312776],[-58.622477,-34.312801],[-58.622174,-34.312875],[-58.622336,-34.313271]]]}},{"type":"Feature","properties":{"partida":"357006567","cca":"357000100000000000000043300F00000000001000","tipo":"Urbano","sup_m2":2077.7},"geometry":{"type":"Polygon","coordinates":[[[-58.623016,-34.3138],[-58.622927,-34.313305],[-58.622388,-34.313419],[-58.622499,-34.313693],[-58.623016,-34.3138]]]}},{"type":"Feature","properties":{"partida":"357006568","cca":"357000100000000000000043300F00000000002000","tipo":"Urbano","sup_m2":1182.0},"geometry":{"type":"Polygon","coordinates":[[[-58.622086,-34.313483],[-58.622249,-34.31391],[-58.622499,-34.313693],[-58.622388,-34.313419],[-58.622086,-34.313483]]]}},{"type":"Feature","properties":{"partida":"357006569","cca":"357000100000000000000043300F00000000003000","tipo":"Urbano","sup_m2":1156.2},"geometry":{"type":"Polygon","coordinates":[[[-58.621872,-34.313529],[-58.622011,-34.313911],[-58.622073,-34.314063],[-58.622249,-34.31391],[-58.622086,-34.313483],[-58.621872,-34.313529]]]}},{"type":"Feature","properties":{"partida":"357006570","cca":"357000100000000000000043300F00000000004000","tipo":"Urbano","sup_m2":2948.4},"geometry":{"type":"Polygon","coordinates":[[[-58.621872,-34.313529],[-58.620748,-34.313767],[-58.620732,-34.313795],[-58.620757,-34.313797],[-58.620733,-34.313814],[-58.620747,-34.313837],[-58.620782,-34.313847],[-58.620797,-34.313864],[-58.620797,-34.313883],[-58.620782,-34.313902],[-58.620791,-34.313926],[-58.620822,-34.313895],[-58.620827,-34.31391],[-58.620847,-34.313898],[-58.620859,-34.313907],[-58.620859,-34.31395],[-58.620874,-34.313966],[-58.620899,-34.31397],[-58.620889,-34.313997],[-58.620888,-34.314024],[-58.621951,-34.313747],[-58.621872,-34.313529]]]}},{"type":"Feature","properties":{"partida":"357006571","cca":"357000100000000000000043300F00000000005000","tipo":"Urbano","sup_m2":1834.5},"geometry":{"type":"Polygon","coordinates":[[[-58.620888,-34.314024],[-58.620901,-34.31404],[-58.620903,-34.314055],[-58.620929,-34.31406],[-58.620947,-34.314044],[-58.620945,-34.31407],[-58.620957,-34.31408],[-58.620991,-34.314077],[-58.621007,-34.314061],[-58.621018,-34.314083],[-58.621047,-34.31408],[-58.621082,-34.314094],[-58.621082,-34.314118],[-58.621073,-34.314145],[-58.621097,-34.314157],[-58.622011,-34.313911],[-58.621951,-34.313747],[-58.620888,-34.314024]]]}},{"type":"Feature","properties":{"partida":"357006572","cca":"357000100000000000000043300F00000000006000","tipo":"Urbano","sup_m2":1566.0},"geometry":{"type":"Polygon","coordinates":[[[-58.621269,-34.314285],[-58.622073,-34.314063],[-58.622011,-34.313911],[-58.621097,-34.314157],[-58.621062,-34.314211],[-58.621068,-34.314244],[-58.621148,-34.314215],[-58.621188,-34.314221],[-58.621199,-34.314237],[-58.621194,-34.314268],[-58.621225,-34.314289],[-58.621255,-34.314264],[-58.621273,-34.31427],[-58.621269,-34.314285]]]}},{"type":"Feature","properties":{"partida":"357006573","cca":"357000100000000000000043300F00000000007000","tipo":"Urbano","sup_m2":1645.3},"geometry":{"type":"Polygon","coordinates":[[[-58.621269,-34.314285],[-58.621288,-34.314309],[-58.621297,-34.314326],[-58.621287,-34.314346],[-58.621315,-34.314365],[-58.62131,-34.314404],[-58.621327,-34.314422],[-58.621353,-34.314444],[-58.621382,-34.314442],[-58.621403,-34.314434],[-58.621444,-34.314456],[-58.622089,-34.314263],[-58.622073,-34.314063],[-58.621269,-34.314285]]]}},{"type":"Feature","properties":{"partida":"357006574","cca":"357000100000000000000043300F00000000008000","tipo":"Urbano","sup_m2":1428.3},"geometry":{"type":"Polygon","coordinates":[[[-58.621444,-34.314456],[-58.62143,-34.314464],[-58.621432,-34.314474],[-58.621442,-34.314485],[-58.621463,-34.314493],[-58.621448,-34.314502],[-58.621444,-34.314524],[-58.621445,-34.314538],[-58.621472,-34.314526],[-58.621486,-34.314516],[-58.621515,-34.31453],[-58.621515,-34.314546],[-58.621523,-34.314557],[-58.621514,-34.314567],[-58.6215,-34.314566],[-58.6215,-34.314595],[-58.621525,-34.314598],[-58.621537,-34.31461],[-58.621529,-34.314639],[-58.621546,-34.314651],[-58.622108,-34.314495],[-58.622089,-34.314263],[-58.621444,-34.314456]]]}},{"type":"Feature","properties":{"partida":"357006575","cca":"357000100000000000000043300F00000000009000","tipo":"Urbano","sup_m2":1204.4},"geometry":{"type":"Polygon","coordinates":[[[-58.621546,-34.314651],[-58.621572,-34.314675],[-58.621607,-34.314676],[-58.621635,-34.314669],[-58.62166,-34.314671],[-58.621679,-34.314689],[-58.621668,-34.314705],[-58.62169,-34.31473],[-58.621712,-34.314736],[-58.621737,-34.314736],[-58.621735,-34.314755],[-58.621737,-34.314785],[-58.62175,-34.314794],[-58.621773,-34.314783],[-58.621788,-34.314767],[-58.621825,-34.314794],[-58.62185,-34.314834],[-58.621834,-34.314872],[-58.622131,-34.31479],[-58.622108,-34.314495],[-58.621546,-34.314651]]]}},{"type":"Feature","properties":{"partida":"357006576","cca":"357000100000000000000043300F00000000010000","tipo":"Urbano","sup_m2":1914.5},"geometry":{"type":"Polygon","coordinates":[[[-58.62325,-34.315093],[-58.622131,-34.31479],[-58.621834,-34.314872],[-58.621832,-34.314898],[-58.621857,-34.314914],[-58.621887,-34.314921],[-58.621907,-34.314939],[-58.62196,-34.314949],[-58.621939,-34.314964],[-58.622923,-34.31512],[-58.623131,-34.315123],[-58.62325,-34.315093]]]}},{"type":"Feature","properties":{"partida":"357006577","cca":"357000100000000000000043300F00000000011000","tipo":"Urbano","sup_m2":3510.8},"geometry":{"type":"Polygon","coordinates":[[[-58.62325,-34.315093],[-58.623186,-34.31474],[-58.622108,-34.314495],[-58.622131,-34.31479],[-58.62325,-34.315093]]]}},{"type":"Feature","properties":{"partida":"357006578","cca":"357000100000000000000043300F00000000012000","tipo":"Urbano","sup_m2":2695.3},"geometry":{"type":"Polygon","coordinates":[[[-58.623186,-34.31474],[-58.623135,-34.314461],[-58.622089,-34.314263],[-58.622108,-34.314495],[-58.623186,-34.31474]]]}},{"type":"Feature","properties":{"partida":"357006579","cca":"357000100000000000000043300F00000000013000","tipo":"Urbano","sup_m2":2041.3},"geometry":{"type":"Polygon","coordinates":[[[-58.622073,-34.314063],[-58.622089,-34.314263],[-58.623135,-34.314461],[-58.6231,-34.314266],[-58.622073,-34.314063]]]}},{"type":"Feature","properties":{"partida":"357006580","cca":"357000100000000000000043300F00000000014000","tipo":"Urbano","sup_m2":1744.2},"geometry":{"type":"Polygon","coordinates":[[[-58.6231,-34.314266],[-58.623066,-34.314077],[-58.622249,-34.31391],[-58.622073,-34.314063],[-58.6231,-34.314266]]]}},{"type":"Feature","properties":{"partida":"357006581","cca":"357000100000000000000043300F00000000015000","tipo":"Urbano","sup_m2":1819.4},"geometry":{"type":"Polygon","coordinates":[[[-58.622499,-34.313693],[-58.622249,-34.31391],[-58.623066,-34.314077],[-58.623016,-34.3138],[-58.622499,-34.313693]]]}},{"type":"Feature","properties":{"partida":"357006645","cca":"357000100000000000000043300J00000000016000","tipo":"Urbano","sup_m2":1259.7},"geometry":{"type":"Polygon","coordinates":[[[-58.623154,-34.315258],[-58.622902,-34.315255],[-58.622159,-34.315183],[-58.622175,-34.315221],[-58.62226,-34.315242],[-58.622291,-34.315242],[-58.622303,-34.315268],[-58.622291,-34.315285],[-58.622289,-34.315319],[-58.622281,-34.31535],[-58.62232,-34.315379],[-58.622385,-34.315375],[-58.622398,-34.315387],[-58.623063,-34.315371],[-58.623154,-34.315258]]]}},{"type":"Feature","properties":{"partida":"357006646","cca":"357000100000000000000043300J00000000017000","tipo":"Urbano","sup_m2":2566.9},"geometry":{"type":"Polygon","coordinates":[[[-58.623375,-34.315612],[-58.623489,-34.315336],[-58.623063,-34.315371],[-58.622413,-34.315386],[-58.622413,-34.315396],[-58.62237,-34.315414],[-58.622376,-34.315428],[-58.622357,-34.315463],[-58.622364,-34.315477],[-58.622386,-34.315483],[-58.622424,-34.31548],[-58.62247,-34.315499],[-58.622478,-34.315525],[-58.622519,-34.315554],[-58.622571,-34.315561],[-58.622587,-34.315573],[-58.622572,-34.315596],[-58.622567,-34.315622],[-58.622606,-34.31563],[-58.622635,-34.315612],[-58.622652,-34.31562],[-58.622654,-34.315643],[-58.62269,-34.315645],[-58.622723,-34.315624],[-58.622737,-34.315652],[-58.623375,-34.315612]]]}},{"type":"Feature","properties":{"partida":"357006825","cca":"357000100000000000000043400000000000000000","tipo":"Rural","sup_m2":96737.2},"geometry":{"type":"Polygon","coordinates":[[[-58.620473,-34.313846],[-58.62024,-34.314585],[-58.619127,-34.315614],[-58.619145,-34.316964],[-58.623038,-34.317812],[-58.623137,-34.317844],[-58.623353,-34.317297],[-58.623368,-34.316927],[-58.62302,-34.316527],[-58.62299,-34.316279],[-58.622935,-34.316236],[-58.622871,-34.316237],[-58.622789,-34.316213],[-58.622734,-34.316158],[-58.622643,-34.316032],[-58.622311,-34.315603],[-58.621877,-34.315162],[-58.621381,-34.314678],[-58.620982,-34.314316],[-58.620473,-34.313846]]]}},{"type":"Feature","properties":{"partida":"357019800","cca":"35700010000000000000004370000000000000100A","tipo":"Urbano","sup_m2":14051.4},"geometry":{"type":"Polygon","coordinates":[[[-58.622989,-34.318158],[-58.623009,-34.318056],[-58.623137,-34.317844],[-58.623038,-34.317812],[-58.619145,-34.316964],[-58.619149,-34.317312],[-58.622989,-34.318158]]]}},{"type":"Feature","properties":{"partida":"357019795","cca":"35700010000000000000004370000000000000100B","tipo":"Urbano","sup_m2":14260.2},"geometry":{"type":"Polygon","coordinates":[[[-58.622827,-34.318494],[-58.622985,-34.318177],[-58.622989,-34.318158],[-58.619149,-34.317312],[-58.619155,-34.317685],[-58.622827,-34.318494]]]}},{"type":"Feature","properties":{"partida":"357019796","cca":"35700010000000000000004370000000000000100C","tipo":"Urbano","sup_m2":13223.5},"geometry":{"type":"Polygon","coordinates":[[[-58.622604,-34.318818],[-58.622591,-34.318782],[-58.6226,-34.318665],[-58.622635,-34.318532],[-58.622688,-34.318501],[-58.622732,-34.318524],[-58.622827,-34.318494],[-58.619155,-34.317685],[-58.61916,-34.318058],[-58.622604,-34.318818]]]}},{"type":"Feature","properties":{"partida":"357019797","cca":"35700010000000000000004370000000000000100D","tipo":"Urbano","sup_m2":12960.6},"geometry":{"type":"Polygon","coordinates":[[[-58.622604,-34.318818],[-58.61916,-34.318058],[-58.619165,-34.318431],[-58.622514,-34.319169],[-58.622564,-34.319045],[-58.622588,-34.319008],[-58.622611,-34.31893],[-58.622615,-34.318846],[-58.622604,-34.318818]]]}},{"type":"Feature","properties":{"partida":"357019798","cca":"35700010000000000000004370000000000000100E","tipo":"Urbano","sup_m2":12443.8},"geometry":{"type":"Polygon","coordinates":[[[-58.622514,-34.319169],[-58.619165,-34.318431],[-58.61917,-34.318804],[-58.622379,-34.319511],[-58.622514,-34.319169]]]}},{"type":"Feature","properties":{"partida":"357019799","cca":"35700010000000000000004370000000000000100F","tipo":"Urbano","sup_m2":12124.6},"geometry":{"type":"Polygon","coordinates":[[[-58.622379,-34.319511],[-58.61917,-34.318804],[-58.619171,-34.318862],[-58.619039,-34.319146],[-58.622243,-34.319852],[-58.622379,-34.319511]]]}},{"type":"Feature","properties":{"partida":"357006832","cca":"35700010000000000000004370000000000000100G","tipo":"Urbano","sup_m2":12185.1},"geometry":{"type":"Polygon","coordinates":[[[-58.622243,-34.319852],[-58.619039,-34.319146],[-58.618883,-34.319483],[-58.622092,-34.320191],[-58.622165,-34.320047],[-58.622243,-34.319852]]]}},{"type":"Feature","properties":{"partida":"357019801","cca":"35700010000000000000004370000000000000100K","tipo":"Urbano","sup_m2":12153.3},"geometry":{"type":"Polygon","coordinates":[[[-58.621923,-34.320525],[-58.622092,-34.320191],[-58.618883,-34.319483],[-58.618726,-34.31982],[-58.621923,-34.320525]]]}},{"type":"Feature","properties":{"partida":"357019802","cca":"35700010000000000000004370000000000000100M","tipo":"Urbano","sup_m2":12107.7},"geometry":{"type":"Polygon","coordinates":[[[-58.621759,-34.32086],[-58.621797,-34.320773],[-58.621923,-34.320525],[-58.618726,-34.31982],[-58.618569,-34.320157],[-58.621759,-34.32086]]]}},{"type":"Feature","properties":{"partida":"357019803","cca":"35700010000000000000004370000000000000100N","tipo":"Urbano","sup_m2":16901.7},"geometry":{"type":"Polygon","coordinates":[[[-58.621759,-34.32086],[-58.618569,-34.320157],[-58.618443,-34.320429],[-58.617784,-34.320646],[-58.621555,-34.321187],[-58.621698,-34.320998],[-58.621759,-34.32086]]]}},{"type":"Feature","properties":{"partida":"357006833","cca":"357000100000000000000043700000000000002000","tipo":"Rural","sup_m2":62191.8},"geometry":{"type":"Polygon","coordinates":[[[-58.621555,-34.321187],[-58.617784,-34.320646],[-58.617715,-34.320943],[-58.617565,-34.322704],[-58.621112,-34.322429],[-58.621166,-34.32214],[-58.621555,-34.321187]]]}},{"type":"Feature","properties":{"partida":"357018368","cca":"357000100000000000000043800000000000001000","tipo":"Urbano","sup_m2":1924.9},"geometry":{"type":"Polygon","coordinates":[[[-58.616834,-34.315909],[-58.616823,-34.315693],[-58.616599,-34.315706],[-58.615949,-34.315729],[-58.615922,-34.31594],[-58.616834,-34.315909]]]}},{"type":"Feature","properties":{"partida":"357018369","cca":"357000100000000000000043800000000000002000","tipo":"Urbano","sup_m2":1717.7},"geometry":{"type":"Polygon","coordinates":[[[-58.615922,-34.31594],[-58.615911,-34.316026],[-58.615888,-34.316122],[-58.616846,-34.316088],[-58.616834,-34.315909],[-58.615922,-34.31594]]]}},{"type":"Feature","properties":{"partida":"357018370","cca":"357000100000000000000043800000000000003000","tipo":"Urbano","sup_m2":1584.0},"geometry":{"type":"Polygon","coordinates":[[[-58.616852,-34.316255],[-58.616846,-34.316088],[-58.615888,-34.316122],[-58.615957,-34.316287],[-58.616852,-34.316255]]]}},{"type":"Feature","properties":{"partida":"357018371","cca":"357000100000000000000043800000000000004000","tipo":"Urbano","sup_m2":1690.8},"geometry":{"type":"Polygon","coordinates":[[[-58.616865,-34.316445],[-58.616852,-34.316255],[-58.615957,-34.316287],[-58.61608,-34.316485],[-58.616865,-34.316445]]]}},{"type":"Feature","properties":{"partida":"357018372","cca":"357000100000000000000043800000000000005000","tipo":"Urbano","sup_m2":1296.7},"geometry":{"type":"Polygon","coordinates":[[[-58.616938,-34.316557],[-58.616865,-34.316445],[-58.61608,-34.316485],[-58.616208,-34.316686],[-58.616938,-34.316557]]]}},{"type":"Feature","properties":{"partida":"357018373","cca":"357000100000000000000043800000000000006000","tipo":"Urbano","sup_m2":1480.3},"geometry":{"type":"Polygon","coordinates":[[[-58.616208,-34.316686],[-58.616289,-34.316823],[-58.616375,-34.316942],[-58.617004,-34.316652],[-58.616938,-34.316557],[-58.616208,-34.316686]]]}},{"type":"Feature","properties":{"partida":"357018374","cca":"357000100000000000000043800000000000007000","tipo":"Urbano","sup_m2":1886.5},"geometry":{"type":"Polygon","coordinates":[[[-58.617159,-34.316879],[-58.617004,-34.316652],[-58.616375,-34.316942],[-58.616421,-34.31717],[-58.617159,-34.316879]]]}},{"type":"Feature","properties":{"partida":"357018375","cca":"357000100000000000000043800000000000008000","tipo":"Urbano","sup_m2":2445.6},"geometry":{"type":"Polygon","coordinates":[[[-58.617298,-34.317183],[-58.617159,-34.316879],[-58.616421,-34.31717],[-58.616472,-34.317416],[-58.617298,-34.317183]]]}},{"type":"Feature","properties":{"partida":"357018376","cca":"357000100000000000000043800000000000009000","tipo":"Urbano","sup_m2":1989.9},"geometry":{"type":"Polygon","coordinates":[[[-58.617298,-34.317183],[-58.616472,-34.317416],[-58.616499,-34.317548],[-58.617347,-34.317503],[-58.617298,-34.317183]]]}},{"type":"Feature","properties":{"partida":"357006834","cca":"357000100000000000000043800000000000010000","tipo":"Rural","sup_m2":44813.8},"geometry":{"type":"Polygon","coordinates":[[[-58.616499,-34.317548],[-58.616534,-34.317718],[-58.616548,-34.317833],[-58.617286,-34.317895],[-58.61915,-34.317355],[-58.619127,-34.315614],[-58.616823,-34.315693],[-58.616846,-34.316088],[-58.616852,-34.316255],[-58.616865,-34.316445],[-58.617159,-34.316879],[-58.617298,-34.317183],[-58.617347,-34.317503],[-58.616499,-34.317548]]]}},{"type":"Feature","properties":{"partida":"357018377","cca":"357000100000000000000043800000000000011000","tipo":"Urbano","sup_m2":2602.2},"geometry":{"type":"Polygon","coordinates":[[[-58.617286,-34.317895],[-58.616548,-34.317833],[-58.616515,-34.318073],[-58.617242,-34.318333],[-58.617286,-34.317895]]]}},{"type":"Feature","properties":{"partida":"357018378","cca":"357000100000000000000043800000000000012000","tipo":"Urbano","sup_m2":1503.8},"geometry":{"type":"Polygon","coordinates":[[[-58.61716,-34.31851],[-58.617242,-34.318333],[-58.616515,-34.318073],[-58.616454,-34.318255],[-58.61716,-34.31851]]]}},{"type":"Feature","properties":{"partida":"357018379","cca":"357000100000000000000043800000000000013000","tipo":"Urbano","sup_m2":1489.7},"geometry":{"type":"Polygon","coordinates":[[[-58.617084,-34.318675],[-58.61716,-34.31851],[-58.616454,-34.318255],[-58.616393,-34.318462],[-58.617084,-34.318675]]]}},{"type":"Feature","properties":{"partida":"357018380","cca":"357000100000000000000043800000000000014000","tipo":"Urbano","sup_m2":1382.7},"geometry":{"type":"Polygon","coordinates":[[[-58.616998,-34.318861],[-58.617084,-34.318675],[-58.616393,-34.318462],[-58.616303,-34.318608],[-58.616998,-34.318861]]]}},{"type":"Feature","properties":{"partida":"357018381","cca":"357000100000000000000043800000000000015000","tipo":"Urbano","sup_m2":1815.2},"geometry":{"type":"Polygon","coordinates":[[[-58.616998,-34.318861],[-58.616303,-34.318608],[-58.616172,-34.318796],[-58.616897,-34.319085],[-58.616998,-34.318861]]]}},{"type":"Feature","properties":{"partida":"357018382","cca":"357000100000000000000043800000000000016000","tipo":"Urbano","sup_m2":1603.9},"geometry":{"type":"Polygon","coordinates":[[[-58.616803,-34.31929],[-58.616897,-34.319085],[-58.616172,-34.318796],[-58.616099,-34.318958],[-58.616803,-34.31929]]]}},{"type":"Feature","properties":{"partida":"357018383","cca":"357000100000000000000043800000000000017000","tipo":"Urbano","sup_m2":1580.1},"geometry":{"type":"Polygon","coordinates":[[[-58.616803,-34.31929],[-58.616099,-34.318958],[-58.615975,-34.319106],[-58.616688,-34.319462],[-58.616803,-34.31929]]]}},{"type":"Feature","properties":{"partida":"357018384","cca":"357000100000000000000043800000000000018000","tipo":"Urbano","sup_m2":1698.3},"geometry":{"type":"Polygon","coordinates":[[[-58.616572,-34.319635],[-58.616688,-34.319462],[-58.615975,-34.319106],[-58.615839,-34.319267],[-58.616572,-34.319635]]]}},{"type":"Feature","properties":{"partida":"357018385","cca":"357000100000000000000043800000000000019000","tipo":"Urbano","sup_m2":1694.7},"geometry":{"type":"Polygon","coordinates":[[[-58.616572,-34.319635],[-58.615839,-34.319267],[-58.615708,-34.319423],[-58.61646,-34.319803],[-58.616572,-34.319635]]]}},{"type":"Feature","properties":{"partida":"357018386","cca":"357000100000000000000043800000000000020000","tipo":"Rural","sup_m2":56782.3},"geometry":{"type":"Polygon","coordinates":[[[-58.615708,-34.319423],[-58.615591,-34.319562],[-58.616349,-34.31997],[-58.618443,-34.320429],[-58.619171,-34.318862],[-58.61915,-34.317355],[-58.617286,-34.317895],[-58.617242,-34.318333],[-58.616803,-34.31929],[-58.61646,-34.319803],[-58.615708,-34.319423]]]}},{"type":"Feature","properties":{"partida":"357018387","cca":"357000100000000000000043800000000000021000","tipo":"Urbano","sup_m2":1852.5},"geometry":{"type":"Polygon","coordinates":[[[-58.616219,-34.320132],[-58.616349,-34.31997],[-58.615591,-34.319562],[-58.61544,-34.319722],[-58.616219,-34.320132]]]}},{"type":"Feature","properties":{"partida":"357018388","cca":"357000100000000000000043800000000000022000","tipo":"Urbano","sup_m2":1673.9},"geometry":{"type":"Polygon","coordinates":[[[-58.616103,-34.320277],[-58.616219,-34.320132],[-58.61544,-34.319722],[-58.615294,-34.319853],[-58.616103,-34.320277]]]}},{"type":"Feature","properties":{"partida":"357018389","cca":"357000100000000000000043800000000000023000","tipo":"Urbano","sup_m2":2778.1},"geometry":{"type":"Polygon","coordinates":[[[-58.615882,-34.320558],[-58.616103,-34.320277],[-58.615294,-34.319853],[-58.615111,-34.320012],[-58.615882,-34.320558]]]}},{"type":"Feature","properties":{"partida":"357018390","cca":"357000100000000000000043800000000000024000","tipo":"Urbano","sup_m2":2757.4},"geometry":{"type":"Polygon","coordinates":[[[-58.615882,-34.320558],[-58.615111,-34.320012],[-58.614905,-34.320132],[-58.615546,-34.320755],[-58.615882,-34.320558]]]}},{"type":"Feature","properties":{"partida":"357018391","cca":"357000100000000000000043800000000000025000","tipo":"Urbano","sup_m2":2447.4},"geometry":{"type":"Polygon","coordinates":[[[-58.615546,-34.320755],[-58.614905,-34.320132],[-58.614723,-34.320279],[-58.615258,-34.320919],[-58.615546,-34.320755]]]}},{"type":"Feature","properties":{"partida":"357018392","cca":"357000100000000000000043800000000000026000","tipo":"Urbano","sup_m2":1539.6},"geometry":{"type":"Polygon","coordinates":[[[-58.615095,-34.321011],[-58.615258,-34.320919],[-58.614723,-34.320279],[-58.614562,-34.32036],[-58.615095,-34.321011]]]}},{"type":"Feature","properties":{"partida":"357018393","cca":"357000100000000000000043800000000000027000","tipo":"Urbano","sup_m2":1791.2},"geometry":{"type":"Polygon","coordinates":[[[-58.614562,-34.32036],[-58.614433,-34.320444],[-58.614378,-34.320461],[-58.614911,-34.321119],[-58.615095,-34.321011],[-58.614562,-34.32036]]]}},{"type":"Feature","properties":{"partida":"357018394","cca":"357000100000000000000043800000000000028000","tipo":"Urbano","sup_m2":1911.9},"geometry":{"type":"Polygon","coordinates":[[[-58.614911,-34.321119],[-58.614378,-34.320461],[-58.614146,-34.320525],[-58.614727,-34.321222],[-58.614911,-34.321119]]]}},{"type":"Feature","properties":{"partida":"357018395","cca":"357000100000000000000043800000000000029000","tipo":"Rural","sup_m2":29619.0},"geometry":{"type":"Polygon","coordinates":[[[-58.614213,-34.320927],[-58.614837,-34.321645],[-58.617725,-34.320902],[-58.617784,-34.320646],[-58.618443,-34.320429],[-58.616349,-34.31997],[-58.615882,-34.320558],[-58.615546,-34.320755],[-58.614911,-34.321119],[-58.614727,-34.321222],[-58.614146,-34.320525],[-58.613914,-34.320565],[-58.614213,-34.320927]]]}},{"type":"Feature","properties":{"partida":"357018396","cca":"357000100000000000000043800000000000030000","tipo":"Urbano","sup_m2":2345.8},"geometry":{"type":"Polygon","coordinates":[[[-58.613464,-34.321132],[-58.613966,-34.321076],[-58.614213,-34.320927],[-58.613914,-34.320565],[-58.613672,-34.320723],[-58.613464,-34.321132]]]}},{"type":"Feature","properties":{"partida":"357018397","cca":"357000100000000000000043800000000000031000","tipo":"Urbano","sup_m2":1744.8},"geometry":{"type":"Polygon","coordinates":[[[-58.613464,-34.321132],[-58.613459,-34.321187],[-58.613489,-34.321327],[-58.614031,-34.321268],[-58.614349,-34.321083],[-58.614213,-34.320927],[-58.613966,-34.321076],[-58.613464,-34.321132]]]}},{"type":"Feature","properties":{"partida":"357018398","cca":"357000100000000000000043800000000000032000","tipo":"Urbano","sup_m2":1914.3},"geometry":{"type":"Polygon","coordinates":[[[-58.614349,-34.321083],[-58.614031,-34.321268],[-58.613489,-34.321327],[-58.613627,-34.321542],[-58.61408,-34.321458],[-58.614481,-34.321234],[-58.614349,-34.321083]]]}},{"type":"Feature","properties":{"partida":"357018399","cca":"357000100000000000000043800000000000033000","tipo":"Urbano","sup_m2":1779.3},"geometry":{"type":"Polygon","coordinates":[[[-58.614618,-34.321395],[-58.614481,-34.321234],[-58.61408,-34.321458],[-58.613627,-34.321542],[-58.613641,-34.321687],[-58.614161,-34.321625],[-58.614618,-34.321395]]]}},{"type":"Feature","properties":{"partida":"357018400","cca":"357000100000000000000043800000000000034000","tipo":"Urbano","sup_m2":2630.7},"geometry":{"type":"Polygon","coordinates":[[[-58.613641,-34.321687],[-58.613844,-34.321929],[-58.614837,-34.321645],[-58.614618,-34.321395],[-58.614161,-34.321625],[-58.613641,-34.321687]]]}},{"type":"Feature","properties":{"partida":"357006835","cca":"357000100000000000000043900000000000001000","tipo":"Rural","sup_m2":27972.8},"geometry":{"type":"Polygon","coordinates":[[[-58.613964,-34.315933],[-58.613409,-34.315581],[-58.613055,-34.315334],[-58.613029,-34.315393],[-58.613007,-34.315453],[-58.612978,-34.315501],[-58.612966,-34.315583],[-58.612966,-34.315777],[-58.612945,-34.315936],[-58.612919,-34.316001],[-58.612919,-34.316024],[-58.612946,-34.316023],[-58.612929,-34.316061],[-58.612903,-34.316096],[-58.612895,-34.316143],[-58.612895,-34.316186],[-58.61292,-34.316224],[-58.612883,-34.316216],[-58.612835,-34.316301],[-58.612832,-34.316503],[-58.612815,-34.316552],[-58.612795,-34.316598],[-58.616033,-34.317092],[-58.616033,-34.317057],[-58.616,-34.316991],[-58.615966,-34.316944],[-58.615934,-34.316964],[-58.615877,-34.316955],[-58.615925,-34.316892],[-58.615938,-34.316843],[-58.61585,-34.316849],[-58.615828,-34.31683],[-58.61586,-34.316777],[-58.615819,-34.31674],[-58.615795,-34.316699],[-58.615814,-34.316634],[-58.615792,-34.316597],[-58.615756,-34.31657],[-58.615754,-34.316535],[-58.615739,-34.316506],[-58.615713,-34.316479],[-58.615731,-34.316433],[-58.615704,-34.316372],[-58.615713,-34.316247],[-58.615708,-34.316202],[-58.615728,-34.316164],[-58.613964,-34.315933]]]}},{"type":"Feature","properties":{"partida":"357006836","cca":"357000100000000000000043900000000000002000","tipo":"Rural","sup_m2":38008.6},"geometry":{"type":"Polygon","coordinates":[[[-58.616179,-34.318193],[-58.616187,-34.318156],[-58.616187,-34.318116],[-58.616215,-34.318107],[-58.616247,-34.318076],[-58.616249,-34.318045],[-58.616245,-34.317973],[-58.616206,-34.317941],[-58.616229,-34.317915],[-58.61627,-34.31789],[-58.616277,-34.317801],[-58.616276,-34.317767],[-58.616268,-34.317729],[-58.616267,-34.317684],[-58.616241,-34.317661],[-58.616273,-34.317618],[-58.616245,-34.317603],[-58.616223,-34.31757],[-58.616272,-34.317545],[-58.616235,-34.317514],[-58.61624,-34.317491],[-58.616187,-34.317488],[-58.616193,-34.317433],[-58.616178,-34.317405],[-58.616173,-34.317359],[-58.61614,-34.317296],[-58.616119,-34.31727],[-58.616108,-34.317228],[-58.616105,-34.317188],[-58.616086,-34.317165],[-58.616057,-34.31711],[-58.616033,-34.317092],[-58.612795,-34.316598],[-58.612784,-34.316615],[-58.612778,-34.316664],[-58.612753,-34.316693],[-58.61275,-34.316722],[-58.612725,-34.31676],[-58.612743,-34.316794],[-58.612727,-34.316807],[-58.612726,-34.31684],[-58.612696,-34.316887],[-58.612682,-34.316925],[-58.612672,-34.317017],[-58.612658,-34.317063],[-58.612639,-34.317094],[-58.612649,-34.317126],[-58.612659,-34.317195],[-58.612579,-34.317268],[-58.61257,-34.317347],[-58.612584,-34.317445],[-58.612575,-34.317486],[-58.612556,-34.317522],[-58.612589,-34.317583],[-58.616179,-34.318193]]]}},{"type":"Feature","properties":{"partida":"357006837","cca":"35700010000000000000004390000000000000300A","tipo":"Urbano","sup_m2":13717.7},"geometry":{"type":"Polygon","coordinates":[[[-58.616179,-34.318193],[-58.613906,-34.317807],[-58.612589,-34.317583],[-58.6126,-34.31763],[-58.612598,-34.317752],[-58.612621,-34.317869],[-58.612607,-34.317972],[-58.615955,-34.318544],[-58.616043,-34.318435],[-58.616058,-34.318384],[-58.616179,-34.318193]]]}},{"type":"Feature","properties":{"partida":"357020394","cca":"35700010000000000000004390000000000000300B","tipo":"Urbano","sup_m2":12177.5},"geometry":{"type":"Polygon","coordinates":[[[-58.612607,-34.317972],[-58.612596,-34.318057],[-58.612565,-34.318222],[-58.612582,-34.318293],[-58.612587,-34.318334],[-58.615763,-34.318873],[-58.615808,-34.318825],[-58.615809,-34.318751],[-58.615869,-34.318691],[-58.615953,-34.31863],[-58.615955,-34.318544],[-58.612607,-34.317972]]]}},{"type":"Feature","properties":{"partida":null,"cca":"35700010000000000000004390000000000000300C","tipo":null,"sup_m2":11647.8},"geometry":{"type":"Polygon","coordinates":[[[-58.615763,-34.318873],[-58.612587,-34.318334],[-58.61259,-34.318418],[-58.612617,-34.318523],[-58.612711,-34.318752],[-58.613907,-34.318955],[-58.615563,-34.319167],[-58.615668,-34.319008],[-58.615716,-34.318951],[-58.61574,-34.318898],[-58.615763,-34.318873]]]}},{"type":"Feature","properties":{"partida":"357020395","cca":"35700010000000000000004390000000000000400B","tipo":"Urbano","sup_m2":29691.5},"geometry":{"type":"Polygon","coordinates":[[[-58.612711,-34.318752],[-58.612746,-34.318852],[-58.612748,-34.318898],[-58.612772,-34.31898],[-58.61279,-34.319036],[-58.612812,-34.319077],[-58.612819,-34.319215],[-58.612843,-34.319241],[-58.612835,-34.319306],[-58.612859,-34.319398],[-58.612865,-34.31945],[-58.612862,-34.319505],[-58.612886,-34.319519],[-58.612907,-34.319544],[-58.612908,-34.319571],[-58.61289,-34.319629],[-58.612914,-34.319687],[-58.612922,-34.319742],[-58.612977,-34.319914],[-58.612999,-34.319955],[-58.613028,-34.319996],[-58.613023,-34.320079],[-58.613048,-34.320136],[-58.61312,-34.320259],[-58.613239,-34.320376],[-58.613196,-34.320397],[-58.613195,-34.320444],[-58.613232,-34.320474],[-58.613296,-34.320508],[-58.613358,-34.320565],[-58.613495,-34.320595],[-58.613849,-34.320391],[-58.61485,-34.319866],[-58.615043,-34.319674],[-58.615159,-34.319587],[-58.615218,-34.319524],[-58.615311,-34.31944],[-58.615412,-34.319333],[-58.615413,-34.319276],[-58.615493,-34.319277],[-58.615563,-34.319167],[-58.613907,-34.318955],[-58.613543,-34.318897],[-58.612711,-34.318752]]]}},{"type":"Feature","properties":{"partida":"357006839","cca":"357000100000000000000044000000000000001000","tipo":"Rural","sup_m2":33477.6},"geometry":{"type":"Polygon","coordinates":[[[-58.607887,-34.313404],[-58.612804,-34.315886],[-58.612953,-34.315257],[-58.611098,-34.313969],[-58.607887,-34.313404]]]}},{"type":"Feature","properties":{"partida":"357006840","cca":"357000100000000000000044000000000000002000","tipo":"Rural","sup_m2":33480.3},"geometry":{"type":"Polygon","coordinates":[[[-58.60691,-34.313628],[-58.612718,-34.316293],[-58.612804,-34.315886],[-58.607887,-34.313404],[-58.606653,-34.313238],[-58.60691,-34.313628]]]}},{"type":"Feature","properties":{"partida":"357006841","cca":"357000100000000000000044000000000000003000","tipo":"Rural","sup_m2":29492.4},"geometry":{"type":"Polygon","coordinates":[[[-58.60691,-34.313628],[-58.60703,-34.314209],[-58.612638,-34.31674],[-58.612684,-34.316582],[-58.612718,-34.316293],[-58.60691,-34.313628]]]}},{"type":"Feature","properties":{"partida":"357006842","cca":"357000100000000000000044000000000000004000","tipo":"Rural","sup_m2":30985.6},"geometry":{"type":"Polygon","coordinates":[[[-58.60703,-34.314209],[-58.607212,-34.314861],[-58.612446,-34.317204],[-58.612638,-34.31674],[-58.60703,-34.314209]]]}},{"type":"Feature","properties":{"partida":"357006843","cca":"357000100000000000000044000000000000005000","tipo":"Rural","sup_m2":45106.3},"geometry":{"type":"Polygon","coordinates":[[[-58.607451,-34.315939],[-58.607584,-34.316314],[-58.612474,-34.317641],[-58.612427,-34.317545],[-58.612446,-34.317204],[-58.607212,-34.314861],[-58.607388,-34.31549],[-58.607451,-34.315939]]]}},{"type":"Feature","properties":{"partida":"357006844","cca":"357000100000000000000044000000000000006000","tipo":"Rural","sup_m2":27382.2},"geometry":{"type":"Polygon","coordinates":[[[-58.608101,-34.31756],[-58.611438,-34.317549],[-58.611512,-34.317526],[-58.611703,-34.317534],[-58.612312,-34.317803],[-58.612521,-34.31783],[-58.612532,-34.317751],[-58.612474,-34.317641],[-58.607584,-34.316314],[-58.607926,-34.317382],[-58.608101,-34.31756]]]}},{"type":"Feature","properties":{"partida":"357020429","cca":"357000100000000000000044100000000000002000","tipo":"Urbano","sup_m2":11110.5},"geometry":{"type":"Polygon","coordinates":[[[-58.621442,-34.322939],[-58.624303,-34.322609],[-58.624246,-34.322229],[-58.621476,-34.322549],[-58.621442,-34.322939]]]}},{"type":"Feature","properties":{"partida":"357020430","cca":"357000100000000000000044100000000000003000","tipo":"Urbano","sup_m2":11463.0},"geometry":{"type":"Polygon","coordinates":[[[-58.621411,-34.323329],[-58.62436,-34.322989],[-58.624303,-34.322609],[-58.621442,-34.322939],[-58.621411,-34.323329]]]}},{"type":"Feature","properties":{"partida":"357020431","cca":"357000100000000000000044100000000000004000","tipo":"Urbano","sup_m2":11808.9},"geometry":{"type":"Polygon","coordinates":[[[-58.621381,-34.323719],[-58.624417,-34.323369],[-58.62436,-34.322989],[-58.621411,-34.323329],[-58.621381,-34.323719]]]}},{"type":"Feature","properties":{"partida":"357020432","cca":"357000100000000000000044100000000000005000","tipo":"Urbano","sup_m2":12146.6},"geometry":{"type":"Polygon","coordinates":[[[-58.621359,-34.324108],[-58.624474,-34.323749],[-58.624417,-34.323369],[-58.621381,-34.323719],[-58.621361,-34.323976],[-58.621359,-34.324108]]]}},{"type":"Feature","properties":{"partida":"357020433","cca":"357000100000000000000044100000000000006000","tipo":"Urbano","sup_m2":12412.9},"geometry":{"type":"Polygon","coordinates":[[[-58.621362,-34.324494],[-58.624537,-34.324128],[-58.624474,-34.323749],[-58.621359,-34.324108],[-58.621362,-34.324494]]]}},{"type":"Feature","properties":{"partida":"357006846","cca":"357000100000000000000044200A00000000001000","tipo":"Urbano","sup_m2":2483.8},"geometry":{"type":"Polygon","coordinates":[[[-58.621109,-34.322509],[-58.621112,-34.322429],[-58.619943,-34.322519],[-58.619981,-34.322752],[-58.620746,-34.322703],[-58.620941,-34.322572],[-58.621109,-34.322509]]]}},{"type":"Feature","properties":{"partida":"357006847","cca":"357000100000000000000044200A00000000002000","tipo":"Urbano","sup_m2":2434.0},"geometry":{"type":"Polygon","coordinates":[[[-58.620316,-34.323119],[-58.620545,-34.322839],[-58.620746,-34.322703],[-58.619981,-34.322752],[-58.620101,-34.323495],[-58.620316,-34.323119]]]}},{"type":"Feature","properties":{"partida":"357006848","cca":"357000100000000000000044200A00000000003000","tipo":"Urbano","sup_m2":4715.8},"geometry":{"type":"Polygon","coordinates":[[[-58.620108,-34.323538],[-58.620191,-34.324046],[-58.62112,-34.323941],[-58.621099,-34.32375],[-58.621104,-34.323491],[-58.620108,-34.323538]]]}},{"type":"Feature","properties":{"partida":"357006849","cca":"357000100000000000000044200A00000000004000","tipo":"Urbano","sup_m2":2485.5},"geometry":{"type":"Polygon","coordinates":[[[-58.62112,-34.323941],[-58.620191,-34.324046],[-58.620244,-34.324376],[-58.621102,-34.324158],[-58.621083,-34.323995],[-58.62112,-34.323941]]]}},{"type":"Feature","properties":{"partida":"357006850","cca":"357000100000000000000044200A00000000005000","tipo":"Urbano","sup_m2":2395.2},"geometry":{"type":"Polygon","coordinates":[[[-58.620244,-34.324376],[-58.620291,-34.32466],[-58.621113,-34.324416],[-58.621102,-34.324158],[-58.620244,-34.324376]]]}},{"type":"Feature","properties":{"partida":"357006851","cca":"357000100000000000000044200A00000000006000","tipo":"Urbano","sup_m2":2471.1},"geometry":{"type":"Polygon","coordinates":[[[-58.621201,-34.32469],[-58.621116,-34.324517],[-58.621113,-34.324416],[-58.620291,-34.32466],[-58.620335,-34.324931],[-58.621201,-34.32469]]]}},{"type":"Feature","properties":{"partida":"357006852","cca":"357000100000000000000044200A00000000007000","tipo":"Urbano","sup_m2":2533.6},"geometry":{"type":"Polygon","coordinates":[[[-58.621201,-34.32469],[-58.620335,-34.324931],[-58.620379,-34.325207],[-58.621208,-34.324983],[-58.621206,-34.3247],[-58.621201,-34.32469]]]}},{"type":"Feature","properties":{"partida":"357006853","cca":"357000100000000000000044200A00000000008000","tipo":"Urbano","sup_m2":1943.2},"geometry":{"type":"Polygon","coordinates":[[[-58.620101,-34.323495],[-58.620108,-34.323538],[-58.621104,-34.323491],[-58.621125,-34.323302],[-58.620193,-34.323334],[-58.620101,-34.323495]]]}},{"type":"Feature","properties":{"partida":"357006854","cca":"357000100000000000000044200A00000000009000","tipo":"Urbano","sup_m2":1656.3},"geometry":{"type":"Polygon","coordinates":[[[-58.621151,-34.323121],[-58.6203,-34.323146],[-58.620193,-34.323334],[-58.621125,-34.323302],[-58.621151,-34.323121]]]}},{"type":"Feature","properties":{"partida":"357006855","cca":"357000100000000000000044200A00000000010000","tipo":"Urbano","sup_m2":1647.9},"geometry":{"type":"Polygon","coordinates":[[[-58.620468,-34.322932],[-58.620316,-34.323119],[-58.6203,-34.323146],[-58.621151,-34.323121],[-58.621136,-34.323024],[-58.621136,-34.322903],[-58.620468,-34.322932]]]}},{"type":"Feature","properties":{"partida":"357006856","cca":"357000100000000000000044200A00000000011000","tipo":"Urbano","sup_m2":1156.5},"geometry":{"type":"Polygon","coordinates":[[[-58.620746,-34.322703],[-58.620545,-34.322839],[-58.620468,-34.322932],[-58.621136,-34.322903],[-58.621091,-34.322692],[-58.620746,-34.322703]]]}},{"type":"Feature","properties":{"partida":"357006857","cca":"357000100000000000000044200A00000000012000","tipo":"Urbano","sup_m2":372.5},"geometry":{"type":"Polygon","coordinates":[[[-58.620746,-34.322703],[-58.621091,-34.322692],[-58.621109,-34.322509],[-58.620941,-34.322572],[-58.620746,-34.322703]]]}},{"type":"Feature","properties":{"partida":"357006859","cca":"357000100000000000000044200B00000000000000","tipo":"Urbano","sup_m2":26404.9},"geometry":{"type":"Polygon","coordinates":[[[-58.62008,-34.325289],[-58.619607,-34.322545],[-58.618658,-34.322619],[-58.618743,-34.323045],[-58.619253,-34.325514],[-58.62008,-34.325289]]]}},{"type":"Feature","properties":{"partida":"357006879","cca":"357000100000000000000044200C00000000000000","tipo":"Urbano","sup_m2":29539.0},"geometry":{"type":"Polygon","coordinates":[[[-58.618986,-34.325587],[-58.618432,-34.322637],[-58.617565,-34.322704],[-58.617667,-34.323374],[-58.617829,-34.324615],[-58.618005,-34.325854],[-58.618307,-34.325763],[-58.618986,-34.325587]]]}},{"type":"Feature","properties":{"partida":"357006892","cca":"357000100000000000000044300000000000001000","tipo":"Rural","sup_m2":45434.8},"geometry":{"type":"Polygon","coordinates":[[[-58.608434,-34.31836],[-58.612572,-34.318944],[-58.612531,-34.31887],[-58.612493,-34.31876],[-58.612475,-34.318598],[-58.612477,-34.318505],[-58.612462,-34.318412],[-58.612477,-34.318049],[-58.612521,-34.31783],[-58.612312,-34.317803],[-58.611703,-34.317534],[-58.611512,-34.317526],[-58.611438,-34.317549],[-58.608101,-34.31756],[-58.608434,-34.31836]]]}},{"type":"Feature","properties":{"partida":"357006893","cca":"357000100000000000000044300000000000002000","tipo":"Rural","sup_m2":44773.5},"geometry":{"type":"Polygon","coordinates":[[[-58.609143,-34.319633],[-58.612855,-34.320028],[-58.612572,-34.318944],[-58.608434,-34.31836],[-58.609143,-34.319633]]]}},{"type":"Feature","properties":{"partida":"357006894","cca":"357000100000000000000044300000000000003000","tipo":"Rural","sup_m2":36252.1},"geometry":{"type":"Polygon","coordinates":[[[-58.609257,-34.320232],[-58.613224,-34.321316],[-58.613217,-34.32121],[-58.613219,-34.321056],[-58.613245,-34.320987],[-58.613216,-34.32092],[-58.613236,-34.320844],[-58.613246,-34.320824],[-58.613247,-34.320727],[-58.612998,-34.320302],[-58.612855,-34.320028],[-58.609143,-34.319633],[-58.609228,-34.319897],[-58.609257,-34.320232]]]}},{"type":"Feature","properties":{"partida":null,"cca":"357000100000000000000044300000000000004000","tipo":null,"sup_m2":26954.0},"geometry":{"type":"Polygon","coordinates":[[[-58.609257,-34.320232],[-58.609351,-34.321304],[-58.610319,-34.321385],[-58.613374,-34.321597],[-58.613224,-34.321316],[-58.609257,-34.320232]]]}},{"type":"Feature","properties":{"partida":"357006896","cca":"35700010000000000000004430000000000000500A","tipo":"Rural","sup_m2":12349.4},"geometry":{"type":"Polygon","coordinates":[[[-58.613374,-34.321597],[-58.610319,-34.321385],[-58.61042,-34.321735],[-58.613543,-34.322053],[-58.613374,-34.321597]]]}},{"type":"Feature","properties":{"partida":"357006897","cca":"35700010000000000000004430000000000000500B","tipo":"Rural","sup_m2":22527.7},"geometry":{"type":"Polygon","coordinates":[[[-58.610319,-34.321385],[-58.609351,-34.321304],[-58.609401,-34.321869],[-58.609537,-34.322317],[-58.610661,-34.322582],[-58.610605,-34.321952],[-58.613723,-34.32254],[-58.613543,-34.322053],[-58.61042,-34.321735],[-58.610319,-34.321385]]]}},{"type":"Feature","properties":{"partida":"357020119","cca":"35700010000000000000004430000000000000500C","tipo":"Rural","sup_m2":11133.6},"geometry":{"type":"Polygon","coordinates":[[[-58.613723,-34.32254],[-58.610605,-34.321952],[-58.610633,-34.322267],[-58.613802,-34.32294],[-58.613723,-34.32254]]]}},{"type":"Feature","properties":{"partida":"357020120","cca":"35700010000000000000004430000000000000500D","tipo":"Rural","sup_m2":11272.1},"geometry":{"type":"Polygon","coordinates":[[[-58.613802,-34.32294],[-58.610633,-34.322267],[-58.610661,-34.322582],[-58.613881,-34.323341],[-58.613802,-34.32294]]]}},{"type":"Feature","properties":{"partida":"357006898","cca":"357000100000000000000044300000000000007000","tipo":"Rural","sup_m2":34477.9},"geometry":{"type":"Polygon","coordinates":[[[-58.609643,-34.322947],[-58.609703,-34.323153],[-58.609936,-34.323405],[-58.613928,-34.323905],[-58.613881,-34.323341],[-58.609537,-34.322317],[-58.609571,-34.322835],[-58.609643,-34.322947]]]}},{"type":"Feature","properties":{"partida":"357006899","cca":"357000100000000000000044300000000000008000","tipo":"Rural","sup_m2":41474.1},"geometry":{"type":"Polygon","coordinates":[[[-58.614033,-34.325103],[-58.613928,-34.323905],[-58.609936,-34.323405],[-58.610281,-34.323824],[-58.610401,-34.323958],[-58.611082,-34.324507],[-58.61124,-34.324626],[-58.611595,-34.324844],[-58.614033,-34.325103]]]}},{"type":"Feature","properties":{"partida":"357017535","cca":"35700010000000000000004440000000000000100B","tipo":"Urbano","sup_m2":1622.9},"geometry":{"type":"Polygon","coordinates":[[[-58.606536,-34.322223],[-58.606488,-34.322051],[-58.605618,-34.322217],[-58.60564,-34.322392],[-58.606536,-34.322223]]]}},{"type":"Feature","properties":{"partida":"357017536","cca":"35700010000000000000004440000000000000100C","tipo":"Urbano","sup_m2":1819.6},"geometry":{"type":"Polygon","coordinates":[[[-58.606585,-34.322403],[-58.606536,-34.322223],[-58.60564,-34.322392],[-58.605676,-34.32259],[-58.606585,-34.322403]]]}},{"type":"Feature","properties":{"partida":"357006900","cca":"35700010000000000000004440000000000000100E","tipo":"Rural","sup_m2":14090.8},"geometry":{"type":"Polygon","coordinates":[[[-58.606038,-34.320277],[-58.60592,-34.320736],[-58.609271,-34.320392],[-58.609228,-34.319897],[-58.607462,-34.320211],[-58.606038,-34.320277]]]}},{"type":"Feature","properties":{"partida":"357020475","cca":"35700010000000000000004440000000000000100F","tipo":"Rural","sup_m2":15268.7},"geometry":{"type":"Polygon","coordinates":[[[-58.60592,-34.320736],[-58.605822,-34.321121],[-58.606085,-34.321144],[-58.609312,-34.320841],[-58.609271,-34.320392],[-58.60592,-34.320736]]]}},{"type":"Feature","properties":{"partida":"357020476","cca":"35700010000000000000004440000000000000100G","tipo":"Rural","sup_m2":14345.9},"geometry":{"type":"Polygon","coordinates":[[[-58.605822,-34.321121],[-58.6058,-34.321208],[-58.605778,-34.321487],[-58.609352,-34.321313],[-58.609312,-34.320841],[-58.606085,-34.321144],[-58.605822,-34.321121]]]}},{"type":"Feature","properties":{"partida":"357020477","cca":"35700010000000000000004440000000000000100H","tipo":"Rural","sup_m2":13376.3},"geometry":{"type":"Polygon","coordinates":[[[-58.605778,-34.321487],[-58.605776,-34.321515],[-58.6057,-34.321852],[-58.609383,-34.321673],[-58.609352,-34.321313],[-58.605778,-34.321487]]]}},{"type":"Feature","properties":{"partida":"357020478","cca":"35700010000000000000004440000000000000100M","tipo":"Rural","sup_m2":14276.1},"geometry":{"type":"Polygon","coordinates":[[[-58.606585,-34.322403],[-58.609401,-34.321869],[-58.609383,-34.321673],[-58.6057,-34.321852],[-58.605618,-34.322217],[-58.606488,-34.322051],[-58.606585,-34.322403]]]}},{"type":"Feature","properties":{"partida":"357006901","cca":"357000100000000000000044400000000000002000","tipo":"Urbano","sup_m2":1520.8},"geometry":{"type":"Polygon","coordinates":[[[-58.606585,-34.322403],[-58.605676,-34.32259],[-58.605718,-34.322753],[-58.6066,-34.322561],[-58.606585,-34.322403]]]}},{"type":"Feature","properties":{"partida":"357006902","cca":"357000100000000000000044400000000000003000","tipo":"Urbano","sup_m2":1765.1},"geometry":{"type":"Polygon","coordinates":[[[-58.6066,-34.322561],[-58.605718,-34.322753],[-58.605752,-34.322917],[-58.606633,-34.322776],[-58.6066,-34.322561]]]}},{"type":"Feature","properties":{"partida":"357006903","cca":"357000100000000000000044400000000000004000","tipo":"Urbano","sup_m2":1058.3},"geometry":{"type":"Polygon","coordinates":[[[-58.606835,-34.322356],[-58.606585,-34.322403],[-58.6066,-34.322561],[-58.606633,-34.322776],[-58.606912,-34.322737],[-58.606835,-34.322356]]]}},{"type":"Feature","properties":{"partida":"357006904","cca":"357000100000000000000044400000000000005000","tipo":"Urbano","sup_m2":873.0},"geometry":{"type":"Polygon","coordinates":[[[-58.607126,-34.322701],[-58.607051,-34.322315],[-58.606835,-34.322356],[-58.606912,-34.322737],[-58.607126,-34.322701]]]}},{"type":"Feature","properties":{"partida":"357006905","cca":"357000100000000000000044400000000000006000","tipo":"Urbano","sup_m2":983.7},"geometry":{"type":"Polygon","coordinates":[[[-58.607314,-34.322265],[-58.607051,-34.322315],[-58.607126,-34.322701],[-58.607341,-34.322667],[-58.607314,-34.322265]]]}},{"type":"Feature","properties":{"partida":"357006906","cca":"357000100000000000000044400000000000007000","tipo":"Urbano","sup_m2":960.6},"geometry":{"type":"Polygon","coordinates":[[[-58.607604,-34.322622],[-58.607511,-34.322227],[-58.607314,-34.322265],[-58.607341,-34.322667],[-58.607604,-34.322622]]]}},{"type":"Feature","properties":{"partida":"357006907","cca":"357000100000000000000044400000000000008000","tipo":"Urbano","sup_m2":1058.4},"geometry":{"type":"Polygon","coordinates":[[[-58.607845,-34.322581],[-58.607771,-34.322178],[-58.607511,-34.322227],[-58.607604,-34.322622],[-58.607845,-34.322581]]]}},{"type":"Feature","properties":{"partida":"357006908","cca":"357000100000000000000044400000000000009000","tipo":"Urbano","sup_m2":986.9},"geometry":{"type":"Polygon","coordinates":[[[-58.607845,-34.322581],[-58.608077,-34.322544],[-58.607998,-34.322135],[-58.607771,-34.322178],[-58.607845,-34.322581]]]}},{"type":"Feature","properties":{"partida":"357006909","cca":"357000100000000000000044400000000000010000","tipo":"Urbano","sup_m2":1568.4},"geometry":{"type":"Polygon","coordinates":[[[-58.60836,-34.322066],[-58.607998,-34.322135],[-58.608077,-34.322544],[-58.608434,-34.322485],[-58.60836,-34.322066]]]}},{"type":"Feature","properties":{"partida":"357006910","cca":"357000100000000000000044400000000000011000","tipo":"Urbano","sup_m2":7310.1},"geometry":{"type":"Polygon","coordinates":[[[-58.608499,-34.323184],[-58.609167,-34.32296],[-58.608998,-34.321945],[-58.60836,-34.322066],[-58.608434,-34.322485],[-58.608434,-34.322638],[-58.608499,-34.323184]]]}},{"type":"Feature","properties":{"partida":"357006911","cca":"357000100000000000000044400000000000012000","tipo":"Urbano","sup_m2":1936.9},"geometry":{"type":"Polygon","coordinates":[[[-58.609357,-34.3229],[-58.60917,-34.321912],[-58.608998,-34.321945],[-58.609167,-34.32296],[-58.609357,-34.3229]]]}},{"type":"Feature","properties":{"partida":"357006912","cca":"357000100000000000000044400000000000013000","tipo":"Urbano","sup_m2":2602.4},"geometry":{"type":"Polygon","coordinates":[[[-58.60917,-34.321912],[-58.609357,-34.3229],[-58.609571,-34.322835],[-58.609537,-34.322317],[-58.609401,-34.321869],[-58.60917,-34.321912]]]}},{"type":"Feature","properties":{"partida":"357006913","cca":"357000100000000000000044400000000000014000","tipo":"Urbano","sup_m2":2265.1},"geometry":{"type":"Polygon","coordinates":[[[-58.60809,-34.323338],[-58.608499,-34.323184],[-58.608434,-34.322638],[-58.608117,-34.322671],[-58.60809,-34.323338]]]}},{"type":"Feature","properties":{"partida":"357006914","cca":"357000100000000000000044400000000000015000","tipo":"Urbano","sup_m2":1654.3},"geometry":{"type":"Polygon","coordinates":[[[-58.607857,-34.323387],[-58.60809,-34.323338],[-58.608117,-34.322671],[-58.607862,-34.322719],[-58.607857,-34.323387]]]}},{"type":"Feature","properties":{"partida":"357006915","cca":"357000100000000000000044400000000000016000","tipo":"Urbano","sup_m2":1547.0},"geometry":{"type":"Polygon","coordinates":[[[-58.607701,-34.323368],[-58.607775,-34.323369],[-58.607857,-34.323387],[-58.607862,-34.322719],[-58.607544,-34.322764],[-58.607701,-34.323368]]]}},{"type":"Feature","properties":{"partida":"357006916","cca":"357000100000000000000044400000000000017000","tipo":"Urbano","sup_m2":1439.6},"geometry":{"type":"Polygon","coordinates":[[[-58.607654,-34.323359],[-58.607701,-34.323368],[-58.607544,-34.322764],[-58.607351,-34.322797],[-58.607363,-34.323272],[-58.607654,-34.323359]]]}},{"type":"Feature","properties":{"partida":"357006917","cca":"357000100000000000000044400000000000018000","tipo":"Urbano","sup_m2":798.7},"geometry":{"type":"Polygon","coordinates":[[[-58.607133,-34.322834],[-58.607228,-34.323243],[-58.607363,-34.323272],[-58.607351,-34.322797],[-58.607133,-34.322834]]]}},{"type":"Feature","properties":{"partida":"357006918","cca":"357000100000000000000044400000000000019000","tipo":"Urbano","sup_m2":1060.6},"geometry":{"type":"Polygon","coordinates":[[[-58.606953,-34.323259],[-58.60708,-34.323231],[-58.607228,-34.323243],[-58.607133,-34.322834],[-58.606883,-34.322872],[-58.606953,-34.323259]]]}},{"type":"Feature","properties":{"partida":"357006919","cca":"357000100000000000000044400000000000020000","tipo":"Urbano","sup_m2":709.6},"geometry":{"type":"Polygon","coordinates":[[[-58.606883,-34.322872],[-58.606708,-34.3229],[-58.6068,-34.323318],[-58.606953,-34.323259],[-58.606883,-34.322872]]]}},{"type":"Feature","properties":{"partida":"357006920","cca":"357000100000000000000044400000000000021000","tipo":"Urbano","sup_m2":1273.5},"geometry":{"type":"Polygon","coordinates":[[[-58.606566,-34.323413],[-58.606661,-34.323378],[-58.6068,-34.323318],[-58.606708,-34.3229],[-58.606463,-34.322942],[-58.60652,-34.323419],[-58.606566,-34.323413]]]}},{"type":"Feature","properties":{"partida":"357006921","cca":"357000100000000000000044400000000000022000","tipo":"Urbano","sup_m2":2988.2},"geometry":{"type":"Polygon","coordinates":[[[-58.60652,-34.323419],[-58.606463,-34.322942],[-58.605746,-34.323034],[-58.605786,-34.323336],[-58.606249,-34.323415],[-58.60652,-34.323419]]]}},{"type":"Feature","properties":{"partida":"357006922","cca":"357000100000000000000044400000000000023000","tipo":"Urbano","sup_m2":1411.1},"geometry":{"type":"Polygon","coordinates":[[[-58.606558,-34.323552],[-58.606566,-34.323413],[-58.60652,-34.323419],[-58.606249,-34.323415],[-58.605786,-34.323336],[-58.60584,-34.323604],[-58.606558,-34.323552]]]}},{"type":"Feature","properties":{"partida":"357006923","cca":"357000100000000000000044400000000000024000","tipo":"Urbano","sup_m2":1187.5},"geometry":{"type":"Polygon","coordinates":[[[-58.606558,-34.323552],[-58.60584,-34.323604],[-58.605847,-34.323822],[-58.60657,-34.323654],[-58.606558,-34.323552]]]}},{"type":"Feature","properties":{"partida":"357006924","cca":"357000100000000000000044400000000000025000","tipo":"Urbano","sup_m2":1900.9},"geometry":{"type":"Polygon","coordinates":[[[-58.605847,-34.323822],[-58.605893,-34.324106],[-58.606606,-34.323865],[-58.60657,-34.323654],[-58.605847,-34.323822]]]}},{"type":"Feature","properties":{"partida":"357006925","cca":"357000100000000000000044400000000000026000","tipo":"Urbano","sup_m2":1479.5},"geometry":{"type":"Polygon","coordinates":[[[-58.606566,-34.323413],[-58.606558,-34.323552],[-58.60657,-34.323654],[-58.606606,-34.323865],[-58.606924,-34.323759],[-58.606835,-34.323306],[-58.6068,-34.323318],[-58.606661,-34.323378],[-58.606566,-34.323413]]]}},{"type":"Feature","properties":{"partida":"357006926","cca":"357000100000000000000044400000000000027000","tipo":"Urbano","sup_m2":1152.9},"geometry":{"type":"Polygon","coordinates":[[[-58.607145,-34.323684],[-58.60708,-34.323231],[-58.606953,-34.323259],[-58.606835,-34.323306],[-58.606924,-34.323759],[-58.607145,-34.323684]]]}},{"type":"Feature","properties":{"partida":"357006927","cca":"357000100000000000000044400000000000028000","tipo":"Urbano","sup_m2":1061.9},"geometry":{"type":"Polygon","coordinates":[[[-58.60738,-34.323606],[-58.607363,-34.323272],[-58.607228,-34.323243],[-58.60708,-34.323231],[-58.607145,-34.323684],[-58.60738,-34.323606]]]}},{"type":"Feature","properties":{"partida":"357006928","cca":"357000100000000000000044400000000000029000","tipo":"Urbano","sup_m2":711.4},"geometry":{"type":"Polygon","coordinates":[[[-58.60766,-34.323512],[-58.607654,-34.323359],[-58.607363,-34.323272],[-58.60738,-34.323606],[-58.60766,-34.323512]]]}},{"type":"Feature","properties":{"partida":"357006929","cca":"357000100000000000000044400000000000030000","tipo":"Urbano","sup_m2":260.7},"geometry":{"type":"Polygon","coordinates":[[[-58.607857,-34.323387],[-58.607775,-34.323369],[-58.607701,-34.323368],[-58.607654,-34.323359],[-58.60766,-34.323512],[-58.60809,-34.323338],[-58.607857,-34.323387]]]}},{"type":"Feature","properties":{"partida":"357006930","cca":"357000100000000000000044400000000000031000","tipo":"Urbano","sup_m2":655.9},"geometry":{"type":"Polygon","coordinates":[[[-58.609374,-34.322979],[-58.609482,-34.323253],[-58.609703,-34.323153],[-58.609643,-34.322947],[-58.609374,-34.322979]]]}},{"type":"Feature","properties":{"partida":"357006931","cca":"357000100000000000000044400000000000032000","tipo":"Urbano","sup_m2":715.0},"geometry":{"type":"Polygon","coordinates":[[[-58.609374,-34.322979],[-58.609164,-34.323057],[-58.60931,-34.32338],[-58.609482,-34.323253],[-58.609374,-34.322979]]]}},{"type":"Feature","properties":{"partida":"357006932","cca":"357000100000000000000044400000000000033000","tipo":"Urbano","sup_m2":752.9},"geometry":{"type":"Polygon","coordinates":[[[-58.608972,-34.323118],[-58.609127,-34.323464],[-58.60931,-34.32338],[-58.609164,-34.323057],[-58.608972,-34.323118]]]}},{"type":"Feature","properties":{"partida":"357006933","cca":"357000100000000000000044400000000000034000","tipo":"Urbano","sup_m2":779.9},"geometry":{"type":"Polygon","coordinates":[[[-58.608788,-34.323185],[-58.608953,-34.323554],[-58.609127,-34.323464],[-58.608972,-34.323118],[-58.608788,-34.323185]]]}},{"type":"Feature","properties":{"partida":"357006934","cca":"357000100000000000000044400000000000035000","tipo":"Urbano","sup_m2":893.7},"geometry":{"type":"Polygon","coordinates":[[[-58.608788,-34.323185],[-58.60859,-34.323255],[-58.608769,-34.32365],[-58.608953,-34.323554],[-58.608788,-34.323185]]]}},{"type":"Feature","properties":{"partida":"357006935","cca":"357000100000000000000044400000000000036000","tipo":"Urbano","sup_m2":965.0},"geometry":{"type":"Polygon","coordinates":[[[-58.608391,-34.323326],[-58.60858,-34.323748],[-58.608769,-34.32365],[-58.60859,-34.323255],[-58.608391,-34.323326]]]}},{"type":"Feature","properties":{"partida":"357006936","cca":"357000100000000000000044400000000000037000","tipo":"Urbano","sup_m2":979.2},"geometry":{"type":"Polygon","coordinates":[[[-58.608199,-34.323395],[-58.608402,-34.32384],[-58.60858,-34.323748],[-58.608391,-34.323326],[-58.608199,-34.323395]]]}},{"type":"Feature","properties":{"partida":"357006937","cca":"357000100000000000000044400000000000038000","tipo":"Urbano","sup_m2":1128.9},"geometry":{"type":"Polygon","coordinates":[[[-58.608199,-34.323395],[-58.607991,-34.323471],[-58.608208,-34.323941],[-58.608402,-34.32384],[-58.608199,-34.323395]]]}},{"type":"Feature","properties":{"partida":"357006938","cca":"357000100000000000000044400000000000039000","tipo":"Urbano","sup_m2":1049.0},"geometry":{"type":"Polygon","coordinates":[[[-58.60782,-34.323531],[-58.608024,-34.324036],[-58.608208,-34.323941],[-58.607991,-34.323471],[-58.60782,-34.323531]]]}},{"type":"Feature","properties":{"partida":"357006939","cca":"357000100000000000000044400000000000040000","tipo":"Urbano","sup_m2":1182.4},"geometry":{"type":"Polygon","coordinates":[[[-58.60782,-34.323531],[-58.607627,-34.323597],[-58.607837,-34.324133],[-58.608024,-34.324036],[-58.60782,-34.323531]]]}},{"type":"Feature","properties":{"partida":"357006940","cca":"357000100000000000000044400000000000041000","tipo":"Urbano","sup_m2":1803.0},"geometry":{"type":"Polygon","coordinates":[[[-58.607401,-34.32368],[-58.607522,-34.324297],[-58.607837,-34.324133],[-58.607627,-34.323597],[-58.607401,-34.32368]]]}},{"type":"Feature","properties":{"partida":"357006941","cca":"357000100000000000000044400000000000042000","tipo":"Urbano","sup_m2":1105.1},"geometry":{"type":"Polygon","coordinates":[[[-58.607223,-34.323741],[-58.607382,-34.324369],[-58.607522,-34.324297],[-58.607401,-34.32368],[-58.607223,-34.323741]]]}},{"type":"Feature","properties":{"partida":"357006942","cca":"357000100000000000000044400000000000043000","tipo":"Urbano","sup_m2":1474.5},"geometry":{"type":"Polygon","coordinates":[[[-58.607013,-34.323813],[-58.607187,-34.32447],[-58.607382,-34.324369],[-58.607223,-34.323741],[-58.607013,-34.323813]]]}},{"type":"Feature","properties":{"partida":"357006943","cca":"357000100000000000000044400000000000044000","tipo":"Urbano","sup_m2":1769.2},"geometry":{"type":"Polygon","coordinates":[[[-58.607013,-34.323813],[-58.60675,-34.323905],[-58.606812,-34.324094],[-58.606996,-34.324574],[-58.607187,-34.32447],[-58.607013,-34.323813]]]}},{"type":"Feature","properties":{"partida":"357006944","cca":"357000100000000000000044400000000000045000","tipo":"Urbano","sup_m2":1795.1},"geometry":{"type":"Polygon","coordinates":[[[-58.606812,-34.324094],[-58.60675,-34.323905],[-58.605874,-34.324211],[-58.60592,-34.324383],[-58.606812,-34.324094]]]}},{"type":"Feature","properties":{"partida":"357006945","cca":"357000100000000000000044400000000000046000","tipo":"Urbano","sup_m2":1825.9},"geometry":{"type":"Polygon","coordinates":[[[-58.606884,-34.324274],[-58.606812,-34.324094],[-58.60592,-34.324383],[-58.606004,-34.324557],[-58.606884,-34.324274]]]}},{"type":"Feature","properties":{"partida":"357020339","cca":"357000100000000000000044400000000000047000","tipo":"Urbano","sup_m2":1863.5},"geometry":{"type":"Polygon","coordinates":[[[-58.606955,-34.324462],[-58.606884,-34.324274],[-58.606004,-34.324557],[-58.606048,-34.324647],[-58.606109,-34.324734],[-58.606955,-34.324462]]]}},{"type":"Feature","properties":{"partida":"357006947","cca":"357000100000000000000044400000000000048000","tipo":"Urbano","sup_m2":1620.9},"geometry":{"type":"Polygon","coordinates":[[[-58.606955,-34.324462],[-58.606109,-34.324734],[-58.606256,-34.324946],[-58.606996,-34.324574],[-58.606955,-34.324462]]]}},{"type":"Feature","properties":{"partida":"357007010","cca":"35700010000000000000004500000000000000100A","tipo":"Rural","sup_m2":52466.4},"geometry":{"type":"Polygon","coordinates":[[[-58.608209,-34.325756],[-58.610401,-34.323958],[-58.610281,-34.323824],[-58.609936,-34.323405],[-58.609703,-34.323153],[-58.609482,-34.323253],[-58.60931,-34.32338],[-58.609127,-34.323464],[-58.607187,-34.32447],[-58.606996,-34.324574],[-58.606256,-34.324946],[-58.606983,-34.325758],[-58.607186,-34.326048],[-58.607927,-34.325499],[-58.608209,-34.325756]]]}},{"type":"Feature","properties":{"partida":"357007017","cca":"35700010000000000000004500000000000000200F","tipo":"Urbano","sup_m2":10450.2},"geometry":{"type":"Polygon","coordinates":[[[-58.608209,-34.325756],[-58.607536,-34.326301],[-58.607835,-34.326514],[-58.610564,-34.324089],[-58.610401,-34.323958],[-58.608209,-34.325756]]]}},{"type":"Feature","properties":{"partida":"357011720","cca":"357000100000000000000058400000000000002000","tipo":"Rural","sup_m2":91832.7},"geometry":{"type":"Polygon","coordinates":[[[-58.605174,-34.320878],[-58.60521,-34.320529],[-58.605589,-34.320533],[-58.605628,-34.320281],[-58.600646,-34.322659],[-58.60084,-34.326145],[-58.605174,-34.320878]]]}},{"type":"Feature","properties":{"partida":"357011721","cca":"357000100000000000000058400000000000003000","tipo":"Rural","sup_m2":1374.1},"geometry":{"type":"Polygon","coordinates":[[[-58.605589,-34.320533],[-58.60521,-34.320529],[-58.605174,-34.320878],[-58.605557,-34.320889],[-58.605589,-34.320533]]]}},{"type":"Feature","properties":{"partida":"357011722","cca":"357000100000000000000058400000000000004000","tipo":"Rural","sup_m2":1707.7},"geometry":{"type":"Polygon","coordinates":[[[-58.604916,-34.321192],[-58.605558,-34.321219],[-58.605557,-34.320889],[-58.605174,-34.320878],[-58.604916,-34.321192]]]}},{"type":"Feature","properties":{"partida":"357011727","cca":"357000100000000000000058400A00000000001000","tipo":"Urbano","sup_m2":1474.7},"geometry":{"type":"Polygon","coordinates":[[[-58.602885,-34.316456],[-58.602673,-34.316468],[-58.602609,-34.316461],[-58.602457,-34.316465],[-58.602443,-34.316621],[-58.602395,-34.316683],[-58.602316,-34.316713],[-58.602213,-34.31674],[-58.602163,-34.316779],[-58.602093,-34.316869],[-58.602004,-34.316919],[-58.601886,-34.31696],[-58.601805,-34.317002],[-58.601787,-34.317042],[-58.601827,-34.317104],[-58.601884,-34.31712],[-58.602885,-34.316456]]]}},{"type":"Feature","properties":{"partida":"357011728","cca":"357000100000000000000058400A00000000002000","tipo":"Urbano","sup_m2":879.8},"geometry":{"type":"Polygon","coordinates":[[[-58.601298,-34.318242],[-58.601118,-34.318417],[-58.601528,-34.318617],[-58.601631,-34.318507],[-58.601298,-34.318242]]]}},{"type":"Feature","properties":{"partida":"357011729","cca":"357000100000000000000058400A00000000003000","tipo":"Urbano","sup_m2":708.3},"geometry":{"type":"Polygon","coordinates":[[[-58.601753,-34.318391],[-58.601439,-34.318142],[-58.601375,-34.318185],[-58.601342,-34.318202],[-58.601298,-34.318242],[-58.601631,-34.318507],[-58.601753,-34.318391]]]}},{"type":"Feature","properties":{"partida":"357011730","cca":"357000100000000000000058400A00000000004000","tipo":"Urbano","sup_m2":773.6},"geometry":{"type":"Polygon","coordinates":[[[-58.601884,-34.318271],[-58.601532,-34.317997],[-58.60149,-34.318019],[-58.601473,-34.318034],[-58.601468,-34.318063],[-58.601455,-34.318106],[-58.601439,-34.318142],[-58.601753,-34.318391],[-58.601884,-34.318271]]]}},{"type":"Feature","properties":{"partida":"357011731","cca":"357000100000000000000058400A00000000005000","tipo":"Urbano","sup_m2":710.6},"geometry":{"type":"Polygon","coordinates":[[[-58.602008,-34.318151],[-58.601662,-34.317905],[-58.60163,-34.317928],[-58.601595,-34.31796],[-58.601532,-34.317997],[-58.601884,-34.318271],[-58.602008,-34.318151]]]}},{"type":"Feature","properties":{"partida":"357011732","cca":"357000100000000000000058400A00000000006000","tipo":"Urbano","sup_m2":734.4},"geometry":{"type":"Polygon","coordinates":[[[-58.602131,-34.318031],[-58.601769,-34.317775],[-58.601733,-34.317836],[-58.601708,-34.317869],[-58.601662,-34.317905],[-58.602008,-34.318151],[-58.602131,-34.318031]]]}},{"type":"Feature","properties":{"partida":"357011733","cca":"357000100000000000000058400A00000000007000","tipo":"Urbano","sup_m2":1274.6},"geometry":{"type":"Polygon","coordinates":[[[-58.602238,-34.317927],[-58.601739,-34.317398],[-58.601693,-34.317498],[-58.60169,-34.317554],[-58.601702,-34.317593],[-58.60178,-34.31766],[-58.601801,-34.317691],[-58.601801,-34.317738],[-58.601769,-34.317775],[-58.602131,-34.318031],[-58.602238,-34.317927]]]}},{"type":"Feature","properties":{"partida":"357011734","cca":"357000100000000000000058400A00000000008000","tipo":"Urbano","sup_m2":1197.6},"geometry":{"type":"Polygon","coordinates":[[[-58.602238,-34.317927],[-58.602371,-34.317847],[-58.601868,-34.317302],[-58.601776,-34.317333],[-58.601751,-34.317354],[-58.601739,-34.317398],[-58.602238,-34.317927]]]}},{"type":"Feature","properties":{"partida":"357011735","cca":"357000100000000000000058400A00000000009000","tipo":"Urbano","sup_m2":1258.7},"geometry":{"type":"Polygon","coordinates":[[[-58.602508,-34.317756],[-58.601958,-34.317175],[-58.601884,-34.31712],[-58.601919,-34.317213],[-58.601897,-34.317283],[-58.601868,-34.317302],[-58.602371,-34.317847],[-58.602508,-34.317756]]]}},{"type":"Feature","properties":{"partida":"357011736","cca":"357000100000000000000058400A00000000010000","tipo":"Urbano","sup_m2":1105.5},"geometry":{"type":"Polygon","coordinates":[[[-58.602124,-34.317136],[-58.601997,-34.317219],[-58.602508,-34.317756],[-58.602629,-34.317675],[-58.602124,-34.317136]]]}},{"type":"Feature","properties":{"partida":"357011737","cca":"357000100000000000000058400A00000000011000","tipo":"Urbano","sup_m2":1145.7},"geometry":{"type":"Polygon","coordinates":[[[-58.602758,-34.31759],[-58.602253,-34.317052],[-58.602124,-34.317136],[-58.602629,-34.317675],[-58.602758,-34.31759]]]}},{"type":"Feature","properties":{"partida":"357011738","cca":"357000100000000000000058400A00000000012000","tipo":"Urbano","sup_m2":1196.3},"geometry":{"type":"Polygon","coordinates":[[[-58.602491,-34.317075],[-58.602381,-34.316968],[-58.602253,-34.317052],[-58.602758,-34.31759],[-58.602896,-34.317501],[-58.602491,-34.317075]]]}},{"type":"Feature","properties":{"partida":null,"cca":"357000100000000000000058400A00000000013000","tipo":null,"sup_m2":828.0},"geometry":{"type":"Polygon","coordinates":[[[-58.602801,-34.3174],[-58.602896,-34.317501],[-58.603324,-34.317233],[-58.603336,-34.317138],[-58.603329,-34.317056],[-58.602801,-34.3174]]]}},{"type":"Feature","properties":{"partida":"357011740","cca":"357000100000000000000058400A00000000014000","tipo":"Urbano","sup_m2":1150.5},"geometry":{"type":"Polygon","coordinates":[[[-58.602698,-34.317293],[-58.602801,-34.3174],[-58.603329,-34.317056],[-58.603398,-34.316969],[-58.603446,-34.316929],[-58.603402,-34.316896],[-58.603365,-34.316884],[-58.603364,-34.316856],[-58.602698,-34.317293]]]}},{"type":"Feature","properties":{"partida":"357011741","cca":"357000100000000000000058400A00000000015000","tipo":"Urbano","sup_m2":1295.8},"geometry":{"type":"Polygon","coordinates":[[[-58.602698,-34.317293],[-58.603364,-34.316856],[-58.603367,-34.316775],[-58.603385,-34.316703],[-58.603371,-34.31668],[-58.602593,-34.317183],[-58.602698,-34.317293]]]}},{"type":"Feature","properties":{"partida":"357011726","cca":"357000100000000000000058400A00000000016000","tipo":"Urbano","sup_m2":1506.7},"geometry":{"type":"Polygon","coordinates":[[[-58.602491,-34.317075],[-58.602593,-34.317183],[-58.603371,-34.31668],[-58.603297,-34.316559],[-58.603268,-34.316548],[-58.602491,-34.317075]]]}},{"type":"Feature","properties":{"partida":"357011742","cca":"357000100000000000000058400A00000000017000","tipo":"Urbano","sup_m2":1324.8},"geometry":{"type":"Polygon","coordinates":[[[-58.603106,-34.316492],[-58.602381,-34.316968],[-58.602491,-34.317075],[-58.603268,-34.316548],[-58.603116,-34.316492],[-58.603106,-34.316492]]]}},{"type":"Feature","properties":{"partida":"357011743","cca":"357000100000000000000058400A00000000018000","tipo":"Urbano","sup_m2":1905.0},"geometry":{"type":"Polygon","coordinates":[[[-58.602885,-34.316456],[-58.601884,-34.31712],[-58.601958,-34.317175],[-58.601997,-34.317219],[-58.603106,-34.316492],[-58.603035,-34.316493],[-58.602912,-34.316454],[-58.602885,-34.316456]]]}},{"type":"Feature","properties":{"partida":"357011744","cca":"357000100000000000000058400B00000000001000","tipo":"Urbano","sup_m2":802.4},"geometry":{"type":"Polygon","coordinates":[[[-58.603451,-34.317502],[-58.603303,-34.317403],[-58.60291,-34.317654],[-58.603017,-34.317773],[-58.603451,-34.317502]]]}},{"type":"Feature","properties":{"partida":"357011745","cca":"357000100000000000000058400B00000000002000","tipo":"Urbano","sup_m2":836.1},"geometry":{"type":"Polygon","coordinates":[[[-58.603084,-34.318099],[-58.603234,-34.318005],[-58.603017,-34.317773],[-58.60291,-34.317654],[-58.60276,-34.317742],[-58.603084,-34.318099]]]}},{"type":"Feature","properties":{"partida":"357011746","cca":"357000100000000000000058400B00000000003000","tipo":"Urbano","sup_m2":797.9},"geometry":{"type":"Polygon","coordinates":[[[-58.602944,-34.318189],[-58.603084,-34.318099],[-58.60276,-34.317742],[-58.602624,-34.317829],[-58.602944,-34.318189]]]}},{"type":"Feature","properties":{"partida":"357011747","cca":"357000100000000000000058400B00000000004000","tipo":"Urbano","sup_m2":831.3},"geometry":{"type":"Polygon","coordinates":[[[-58.60285,-34.318252],[-58.602944,-34.318189],[-58.602624,-34.317829],[-58.602478,-34.317919],[-58.602798,-34.318278],[-58.60285,-34.318252]]]}},{"type":"Feature","properties":{"partida":"357011748","cca":"357000100000000000000058400B00000000005000","tipo":"Urbano","sup_m2":825.8},"geometry":{"type":"Polygon","coordinates":[[[-58.602657,-34.318369],[-58.602798,-34.318278],[-58.602478,-34.317919],[-58.602333,-34.31801],[-58.602657,-34.318369]]]}},{"type":"Feature","properties":{"partida":"357011749","cca":"357000100000000000000058400B00000000006000","tipo":"Urbano","sup_m2":773.3},"geometry":{"type":"Polygon","coordinates":[[[-58.602554,-34.318434],[-58.602657,-34.318369],[-58.602333,-34.31801],[-58.602186,-34.31815],[-58.602554,-34.318434]]]}},{"type":"Feature","properties":{"partida":"357011750","cca":"357000100000000000000058400B00000000007000","tipo":"Urbano","sup_m2":824.6},"geometry":{"type":"Polygon","coordinates":[[[-58.602396,-34.318533],[-58.602554,-34.318434],[-58.602186,-34.31815],[-58.60205,-34.318282],[-58.602396,-34.318533]]]}},{"type":"Feature","properties":{"partida":"357011751","cca":"357000100000000000000058400B00000000008000","tipo":"Urbano","sup_m2":748.2},"geometry":{"type":"Polygon","coordinates":[[[-58.602225,-34.318634],[-58.602396,-34.318533],[-58.60205,-34.318282],[-58.601914,-34.318402],[-58.602225,-34.318634]]]}},{"type":"Feature","properties":{"partida":"357011752","cca":"357000100000000000000058400B00000000009000","tipo":"Urbano","sup_m2":808.6},"geometry":{"type":"Polygon","coordinates":[[[-58.60203,-34.318759],[-58.602225,-34.318634],[-58.601914,-34.318402],[-58.601756,-34.318555],[-58.60203,-34.318759]]]}},{"type":"Feature","properties":{"partida":"357011753","cca":"357000100000000000000058400B00000000010000","tipo":"Urbano","sup_m2":565.7},"geometry":{"type":"Polygon","coordinates":[[[-58.60203,-34.318759],[-58.601756,-34.318555],[-58.601622,-34.318679],[-58.601886,-34.318852],[-58.60203,-34.318759]]]}},{"type":"Feature","properties":{"partida":"357011754","cca":"357000100000000000000058400B00000000011000","tipo":"Urbano","sup_m2":605.4},"geometry":{"type":"Polygon","coordinates":[[[-58.602194,-34.318654],[-58.60203,-34.318759],[-58.601886,-34.318852],[-58.602362,-34.318931],[-58.602194,-34.318654]]]}},{"type":"Feature","properties":{"partida":"357011755","cca":"357000100000000000000058400B00000000012000","tipo":"Urbano","sup_m2":858.5},"geometry":{"type":"Polygon","coordinates":[[[-58.602396,-34.318533],[-58.602194,-34.318654],[-58.602362,-34.318931],[-58.602598,-34.318869],[-58.602396,-34.318533]]]}},{"type":"Feature","properties":{"partida":"357011756","cca":"357000100000000000000058400B00000000013000","tipo":"Urbano","sup_m2":779.7},"geometry":{"type":"Polygon","coordinates":[[[-58.602554,-34.318434],[-58.602396,-34.318533],[-58.602598,-34.318869],[-58.602773,-34.318796],[-58.602554,-34.318434]]]}},{"type":"Feature","properties":{"partida":"357011757","cca":"357000100000000000000058400B00000000014000","tipo":"Urbano","sup_m2":798.8},"geometry":{"type":"Polygon","coordinates":[[[-58.602704,-34.31834],[-58.602554,-34.318434],[-58.602773,-34.318796],[-58.602945,-34.318754],[-58.602704,-34.31834]]]}},{"type":"Feature","properties":{"partida":"357011758","cca":"357000100000000000000058400B00000000015000","tipo":"Urbano","sup_m2":961.1},"geometry":{"type":"Polygon","coordinates":[[[-58.602929,-34.318389],[-58.60285,-34.318252],[-58.602798,-34.318278],[-58.602704,-34.31834],[-58.602945,-34.318754],[-58.603152,-34.318785],[-58.603012,-34.318517],[-58.602929,-34.318389]]]}},{"type":"Feature","properties":{"partida":"357011759","cca":"357000100000000000000058400B00000000016000","tipo":"Urbano","sup_m2":1322.2},"geometry":{"type":"Polygon","coordinates":[[[-58.603439,-34.318246],[-58.603012,-34.318517],[-58.603152,-34.318785],[-58.603315,-34.31885],[-58.603439,-34.318246]]]}},{"type":"Feature","properties":{"partida":"357011760","cca":"357000100000000000000058400B00000000017000","tipo":"Urbano","sup_m2":1055.6},"geometry":{"type":"Polygon","coordinates":[[[-58.603439,-34.318246],[-58.603315,-34.31885],[-58.603496,-34.318899],[-58.603592,-34.318413],[-58.603549,-34.318361],[-58.603439,-34.318246]]]}},{"type":"Feature","properties":{"partida":"357011761","cca":"357000100000000000000058400B00000000018000","tipo":"Urbano","sup_m2":768.0},"geometry":{"type":"Polygon","coordinates":[[[-58.603592,-34.318413],[-58.603496,-34.318899],[-58.603674,-34.318926],[-58.603737,-34.318569],[-58.603592,-34.318413]]]}},{"type":"Feature","properties":{"partida":"357011762","cca":"357000100000000000000058400B00000000019000","tipo":"Urbano","sup_m2":919.0},"geometry":{"type":"Polygon","coordinates":[[[-58.604084,-34.318951],[-58.603737,-34.318569],[-58.603674,-34.318926],[-58.603974,-34.319021],[-58.604084,-34.318951]]]}},{"type":"Feature","properties":{"partida":"357011764","cca":"357000100000000000000058400B00000000020000","tipo":"Urbano","sup_m2":952.5},"geometry":{"type":"Polygon","coordinates":[[[-58.603972,-34.318828],[-58.604084,-34.318951],[-58.604565,-34.318643],[-58.604537,-34.318586],[-58.604439,-34.318532],[-58.603972,-34.318828]]]}},{"type":"Feature","properties":{"partida":"357011763","cca":"357000100000000000000058400B00000000021000","tipo":"Urbano","sup_m2":814.8},"geometry":{"type":"Polygon","coordinates":[[[-58.603866,-34.318709],[-58.603972,-34.318828],[-58.604439,-34.318532],[-58.604386,-34.318502],[-58.604245,-34.31847],[-58.603866,-34.318709]]]}},{"type":"Feature","properties":{"partida":"357011765","cca":"357000100000000000000058400B00000000022000","tipo":"Urbano","sup_m2":713.0},"geometry":{"type":"Polygon","coordinates":[[[-58.604152,-34.318336],[-58.603759,-34.318592],[-58.603866,-34.318709],[-58.604245,-34.31847],[-58.604187,-34.318456],[-58.604152,-34.318336]]]}},{"type":"Feature","properties":{"partida":"357011766","cca":"357000100000000000000058400B00000000023000","tipo":"Urbano","sup_m2":798.3},"geometry":{"type":"Polygon","coordinates":[[[-58.603759,-34.318592],[-58.604152,-34.318336],[-58.60412,-34.318224],[-58.604085,-34.318199],[-58.603649,-34.318475],[-58.603759,-34.318592]]]}},{"type":"Feature","properties":{"partida":"357011767","cca":"357000100000000000000058400B00000000024000","tipo":"Urbano","sup_m2":761.2},"geometry":{"type":"Polygon","coordinates":[[[-58.603549,-34.318361],[-58.603649,-34.318475],[-58.604085,-34.318199],[-58.603952,-34.318105],[-58.603549,-34.318361]]]}},{"type":"Feature","properties":{"partida":"357011768","cca":"357000100000000000000058400B00000000025000","tipo":"Urbano","sup_m2":739.9},"geometry":{"type":"Polygon","coordinates":[[[-58.603439,-34.318246],[-58.603549,-34.318361],[-58.603952,-34.318105],[-58.603824,-34.318002],[-58.603439,-34.318246]]]}},{"type":"Feature","properties":{"partida":"357011769","cca":"357000100000000000000058400B00000000026000","tipo":"Urbano","sup_m2":1456.0},"geometry":{"type":"Polygon","coordinates":[[[-58.602929,-34.318389],[-58.603012,-34.318517],[-58.603824,-34.318002],[-58.603713,-34.317896],[-58.602929,-34.318389]]]}},{"type":"Feature","properties":{"partida":"357011770","cca":"357000100000000000000058400B00000000027000","tipo":"Urbano","sup_m2":1490.1},"geometry":{"type":"Polygon","coordinates":[[[-58.60285,-34.318252],[-58.602929,-34.318389],[-58.603713,-34.317896],[-58.603587,-34.317784],[-58.603084,-34.318099],[-58.60285,-34.318252]]]}},{"type":"Feature","properties":{"partida":"357011771","cca":"357000100000000000000058400B00000000028000","tipo":"Urbano","sup_m2":675.8},"geometry":{"type":"Polygon","coordinates":[[[-58.603234,-34.318005],[-58.603587,-34.317784],[-58.603538,-34.317739],[-58.603509,-34.317649],[-58.603125,-34.317889],[-58.603234,-34.318005]]]}},{"type":"Feature","properties":{"partida":"357011772","cca":"357000100000000000000058400B00000000029000","tipo":"Urbano","sup_m2":772.0},"geometry":{"type":"Polygon","coordinates":[[[-58.603125,-34.317889],[-58.603509,-34.317649],[-58.603465,-34.317512],[-58.603451,-34.317502],[-58.603017,-34.317773],[-58.603125,-34.317889]]]}},{"type":"Feature","properties":{"partida":null,"cca":"357000100000000000000058400C00000000001000","tipo":null,"sup_m2":1390.2},"geometry":{"type":"Polygon","coordinates":[[[-58.604275,-34.319212],[-58.604691,-34.318916],[-58.604677,-34.31887],[-58.604584,-34.318681],[-58.604132,-34.319],[-58.604275,-34.319212]]]}},{"type":"Feature","properties":{"partida":"357011774","cca":"357000100000000000000058400C00000000002000","tipo":"Urbano","sup_m2":1623.7},"geometry":{"type":"Polygon","coordinates":[[[-58.604275,-34.319212],[-58.604132,-34.319],[-58.604091,-34.319029],[-58.604004,-34.319074],[-58.603955,-34.319087],[-58.604413,-34.319757],[-58.604597,-34.319674],[-58.604397,-34.319383],[-58.604275,-34.319212]]]}},{"type":"Feature","properties":{"partida":"357011775","cca":"357000100000000000000058400C00000000003000","tipo":"Urbano","sup_m2":1835.9},"geometry":{"type":"Polygon","coordinates":[[[-58.604413,-34.319757],[-58.603955,-34.319087],[-58.603922,-34.319096],[-58.603661,-34.318997],[-58.604217,-34.319837],[-58.604413,-34.319757]]]}},{"type":"Feature","properties":{"partida":"357011776","cca":"357000100000000000000058400C00000000004000","tipo":"Urbano","sup_m2":2441.5},"geometry":{"type":"Polygon","coordinates":[[[-58.604217,-34.319837],[-58.603661,-34.318997],[-58.60332,-34.318894],[-58.604025,-34.319913],[-58.604217,-34.319837]]]}},{"type":"Feature","properties":{"partida":"357011777","cca":"357000100000000000000058400C00000000005000","tipo":"Urbano","sup_m2":2505.4},"geometry":{"type":"Polygon","coordinates":[[[-58.604025,-34.319913],[-58.60332,-34.318894],[-58.603076,-34.31882],[-58.603056,-34.318821],[-58.603842,-34.319986],[-58.604025,-34.319913]]]}},{"type":"Feature","properties":{"partida":"357011778","cca":"357000100000000000000058400C00000000006000","tipo":"Urbano","sup_m2":2936.6},"geometry":{"type":"Polygon","coordinates":[[[-58.603842,-34.319986],[-58.603056,-34.318821],[-58.602905,-34.318827],[-58.602839,-34.318849],[-58.603651,-34.320066],[-58.603842,-34.319986]]]}},{"type":"Feature","properties":{"partida":"357011779","cca":"357000100000000000000058400C00000000007000","tipo":"Urbano","sup_m2":3183.4},"geometry":{"type":"Polygon","coordinates":[[[-58.603651,-34.320066],[-58.602839,-34.318849],[-58.602626,-34.318921],[-58.603454,-34.320144],[-58.603651,-34.320066]]]}},{"type":"Feature","properties":{"partida":"357011780","cca":"357000100000000000000058400C00000000008000","tipo":"Urbano","sup_m2":2971.6},"geometry":{"type":"Polygon","coordinates":[[[-58.603454,-34.320144],[-58.602626,-34.318921],[-58.60243,-34.318986],[-58.603274,-34.320222],[-58.603454,-34.320144]]]}},{"type":"Feature","properties":{"partida":"357011781","cca":"357000100000000000000058400C00000000009000","tipo":"Urbano","sup_m2":3093.1},"geometry":{"type":"Polygon","coordinates":[[[-58.603274,-34.320222],[-58.60243,-34.318986],[-58.60223,-34.319054],[-58.603082,-34.320297],[-58.603274,-34.320222]]]}},{"type":"Feature","properties":{"partida":"357011782","cca":"357000100000000000000058400C00000000010000","tipo":"Urbano","sup_m2":3097.1},"geometry":{"type":"Polygon","coordinates":[[[-58.603082,-34.320297],[-58.60223,-34.319054],[-58.602036,-34.319118],[-58.602891,-34.320379],[-58.603082,-34.320297]]]}},{"type":"Feature","properties":{"partida":"357011783","cca":"357000100000000000000058400C00000000011000","tipo":"Urbano","sup_m2":3030.6},"geometry":{"type":"Polygon","coordinates":[[[-58.602891,-34.320379],[-58.602036,-34.319118],[-58.601843,-34.319184],[-58.602399,-34.319993],[-58.602705,-34.320451],[-58.602891,-34.320379]]]}},{"type":"Feature","properties":{"partida":"357011784","cca":"357000100000000000000058400C00000000012000","tipo":"Urbano","sup_m2":1561.0},"geometry":{"type":"Polygon","coordinates":[[[-58.601843,-34.319184],[-58.601607,-34.319608],[-58.602241,-34.319765],[-58.601843,-34.319184]]]}},{"type":"Feature","properties":{"partida":"357011785","cca":"357000100000000000000058400C00000000013000","tipo":"Urbano","sup_m2":1413.4},"geometry":{"type":"Polygon","coordinates":[[[-58.601607,-34.319608],[-58.601543,-34.319775],[-58.602399,-34.319993],[-58.602241,-34.319765],[-58.601607,-34.319608]]]}},{"type":"Feature","properties":{"partida":"357011786","cca":"357000100000000000000058400C00000000014000","tipo":"Urbano","sup_m2":1749.2},"geometry":{"type":"Polygon","coordinates":[[[-58.601543,-34.319775],[-58.601477,-34.319939],[-58.602538,-34.320205],[-58.602399,-34.319993],[-58.601543,-34.319775]]]}},{"type":"Feature","properties":{"partida":"357011787","cca":"357000100000000000000058400C00000000015000","tipo":"Urbano","sup_m2":2316.2},"geometry":{"type":"Polygon","coordinates":[[[-58.601413,-34.320106],[-58.602705,-34.320451],[-58.602538,-34.320205],[-58.601477,-34.319939],[-58.601413,-34.320106]]]}},{"type":"Feature","properties":{"partida":"357011788","cca":"357000100000000000000058400C00000000016000","tipo":"Urbano","sup_m2":2367.1},"geometry":{"type":"Polygon","coordinates":[[[-58.601413,-34.320106],[-58.60135,-34.320281],[-58.602506,-34.320585],[-58.602705,-34.320451],[-58.601413,-34.320106]]]}},{"type":"Feature","properties":{"partida":"357011789","cca":"357000100000000000000058400C00000000017000","tipo":"Urbano","sup_m2":2042.3},"geometry":{"type":"Polygon","coordinates":[[[-58.60135,-34.320281],[-58.601292,-34.320445],[-58.602304,-34.320721],[-58.602366,-34.320677],[-58.602506,-34.320585],[-58.60135,-34.320281]]]}},{"type":"Feature","properties":{"partida":"357011790","cca":"357000100000000000000058400C00000000018000","tipo":"Urbano","sup_m2":1782.2},"geometry":{"type":"Polygon","coordinates":[[[-58.601292,-34.320445],[-58.601224,-34.320611],[-58.602106,-34.32085],[-58.60221,-34.320789],[-58.602304,-34.320721],[-58.601292,-34.320445]]]}},{"type":"Feature","properties":{"partida":"357011791","cca":"357000100000000000000058400C00000000019000","tipo":"Urbano","sup_m2":1534.9},"geometry":{"type":"Polygon","coordinates":[[[-58.601224,-34.320611],[-58.601161,-34.320778],[-58.601929,-34.320981],[-58.602046,-34.320904],[-58.602106,-34.32085],[-58.601224,-34.320611]]]}},{"type":"Feature","properties":{"partida":"357011792","cca":"357000100000000000000058400C00000000020000","tipo":"Urbano","sup_m2":1308.0},"geometry":{"type":"Polygon","coordinates":[[[-58.601161,-34.320778],[-58.601095,-34.320942],[-58.601709,-34.321103],[-58.601738,-34.321114],[-58.601929,-34.320981],[-58.601161,-34.320778]]]}},{"type":"Feature","properties":{"partida":"357011793","cca":"357000100000000000000058400C00000000021000","tipo":"Urbano","sup_m2":1095.6},"geometry":{"type":"Polygon","coordinates":[[[-58.601032,-34.321111],[-58.601555,-34.321245],[-58.601738,-34.321114],[-58.601709,-34.321103],[-58.601095,-34.320942],[-58.601032,-34.321111]]]}},{"type":"Feature","properties":{"partida":"357011796","cca":"357000100000000000000058400C00000000024000","tipo":"Urbano","sup_m2":1623.9},"geometry":{"type":"Polygon","coordinates":[[[-58.600842,-34.321606],[-58.601302,-34.322284],[-58.601479,-34.322199],[-58.601017,-34.321519],[-58.600842,-34.321606]]]}},{"type":"Feature","properties":{"partida":"357011797","cca":"357000100000000000000058400C00000000025000","tipo":"Urbano","sup_m2":1707.3},"geometry":{"type":"Polygon","coordinates":[[[-58.601017,-34.321519],[-58.601479,-34.322199],[-58.601668,-34.322109],[-58.601196,-34.321429],[-58.601017,-34.321519]]]}},{"type":"Feature","properties":{"partida":"357011798","cca":"357000100000000000000058400C00000000026000","tipo":"Urbano","sup_m2":1657.2},"geometry":{"type":"Polygon","coordinates":[[[-58.601196,-34.321429],[-58.601668,-34.322109],[-58.601843,-34.322026],[-58.601377,-34.321338],[-58.601196,-34.321429]]]}},{"type":"Feature","properties":{"partida":"357011799","cca":"357000100000000000000058400C00000000027000","tipo":"Urbano","sup_m2":1705.1},"geometry":{"type":"Polygon","coordinates":[[[-58.601377,-34.321338],[-58.601843,-34.322026],[-58.602026,-34.321938],[-58.601555,-34.321245],[-58.601377,-34.321338]]]}},{"type":"Feature","properties":{"partida":"357011800","cca":"357000100000000000000058400C00000000028000","tipo":"Urbano","sup_m2":1797.3},"geometry":{"type":"Polygon","coordinates":[[[-58.601555,-34.321245],[-58.602026,-34.321938],[-58.602213,-34.321849],[-58.601723,-34.321124],[-58.601555,-34.321245]]]}},{"type":"Feature","properties":{"partida":"357011801","cca":"357000100000000000000058400C00000000029000","tipo":"Urbano","sup_m2":1714.8},"geometry":{"type":"Polygon","coordinates":[[[-58.601723,-34.321124],[-58.602213,-34.321849],[-58.602386,-34.321766],[-58.601878,-34.321018],[-58.601723,-34.321124]]]}},{"type":"Feature","properties":{"partida":"357011802","cca":"357000100000000000000058400C00000000030000","tipo":"Urbano","sup_m2":1976.5},"geometry":{"type":"Polygon","coordinates":[[[-58.601929,-34.320981],[-58.601878,-34.321018],[-58.602386,-34.321766],[-58.602584,-34.321672],[-58.602046,-34.320904],[-58.601929,-34.320981]]]}},{"type":"Feature","properties":{"partida":"357011803","cca":"357000100000000000000058400C00000000031000","tipo":"Urbano","sup_m2":1906.0},"geometry":{"type":"Polygon","coordinates":[[[-58.602106,-34.32085],[-58.602046,-34.320904],[-58.602584,-34.321672],[-58.602756,-34.32159],[-58.60221,-34.320789],[-58.602106,-34.32085]]]}},{"type":"Feature","properties":{"partida":"357011804","cca":"357000100000000000000058400C00000000032000","tipo":"Urbano","sup_m2":1965.7},"geometry":{"type":"Polygon","coordinates":[[[-58.602366,-34.320677],[-58.60221,-34.320789],[-58.602756,-34.32159],[-58.602937,-34.321503],[-58.602366,-34.320677]]]}},{"type":"Feature","properties":{"partida":"357011805","cca":"357000100000000000000058400C00000000033000","tipo":"Urbano","sup_m2":2128.8},"geometry":{"type":"Polygon","coordinates":[[[-58.602539,-34.320562],[-58.602366,-34.320677],[-58.602937,-34.321503],[-58.603121,-34.321415],[-58.602539,-34.320562]]]}},{"type":"Feature","properties":{"partida":"357011806","cca":"357000100000000000000058400C00000000034000","tipo":"Urbano","sup_m2":2136.9},"geometry":{"type":"Polygon","coordinates":[[[-58.602539,-34.320562],[-58.603121,-34.321415],[-58.603304,-34.321328],[-58.602705,-34.320451],[-58.602539,-34.320562]]]}},{"type":"Feature","properties":{"partida":"357011807","cca":"357000100000000000000058400C00000000035000","tipo":"Urbano","sup_m2":2099.3},"geometry":{"type":"Polygon","coordinates":[[[-58.602705,-34.320451],[-58.603304,-34.321328],[-58.603482,-34.321243],[-58.602891,-34.320379],[-58.602705,-34.320451]]]}},{"type":"Feature","properties":{"partida":"357011808","cca":"357000100000000000000058400C00000000036000","tipo":"Urbano","sup_m2":2215.3},"geometry":{"type":"Polygon","coordinates":[[[-58.602891,-34.320379],[-58.603482,-34.321243],[-58.603676,-34.321151],[-58.603082,-34.320297],[-58.602891,-34.320379]]]}},{"type":"Feature","properties":{"partida":"357011809","cca":"357000100000000000000058400C00000000037000","tipo":"Urbano","sup_m2":2053.1},"geometry":{"type":"Polygon","coordinates":[[[-58.603082,-34.320297],[-58.603676,-34.321151],[-58.603849,-34.321068],[-58.603274,-34.320222],[-58.603082,-34.320297]]]}},{"type":"Feature","properties":{"partida":"357011810","cca":"357000100000000000000058400C00000000038000","tipo":"Urbano","sup_m2":2003.6},"geometry":{"type":"Polygon","coordinates":[[[-58.603274,-34.320222],[-58.603849,-34.321068],[-58.604024,-34.320984],[-58.603454,-34.320144],[-58.603274,-34.320222]]]}},{"type":"Feature","properties":{"partida":"357011811","cca":"357000100000000000000058400C00000000039000","tipo":"Urbano","sup_m2":2159.0},"geometry":{"type":"Polygon","coordinates":[[[-58.603454,-34.320144],[-58.604024,-34.320984],[-58.604219,-34.320892],[-58.603651,-34.320066],[-58.603454,-34.320144]]]}},{"type":"Feature","properties":{"partida":"357011812","cca":"357000100000000000000058400C00000000040000","tipo":"Urbano","sup_m2":2040.5},"geometry":{"type":"Polygon","coordinates":[[[-58.603651,-34.320066],[-58.604219,-34.320892],[-58.604399,-34.320806],[-58.603842,-34.319986],[-58.603651,-34.320066]]]}},{"type":"Feature","properties":{"partida":"357011813","cca":"357000100000000000000058400C00000000041000","tipo":"Urbano","sup_m2":1961.6},"geometry":{"type":"Polygon","coordinates":[[[-58.603842,-34.319986],[-58.604399,-34.320806],[-58.60458,-34.320719],[-58.604025,-34.319913],[-58.603842,-34.319986]]]}},{"type":"Feature","properties":{"partida":"357011814","cca":"357000100000000000000058400C00000000042000","tipo":"Urbano","sup_m2":2022.6},"geometry":{"type":"Polygon","coordinates":[[[-58.604025,-34.319913],[-58.60458,-34.320719],[-58.604768,-34.32063],[-58.604217,-34.319837],[-58.604025,-34.319913]]]}},{"type":"Feature","properties":{"partida":"357011815","cca":"357000100000000000000058400C00000000043000","tipo":"Urbano","sup_m2":1967.6},"geometry":{"type":"Polygon","coordinates":[[[-58.604217,-34.319837],[-58.604768,-34.32063],[-58.604946,-34.320544],[-58.604413,-34.319757],[-58.604217,-34.319837]]]}},{"type":"Feature","properties":{"partida":"357011816","cca":"357000100000000000000058400C00000000044000","tipo":"Urbano","sup_m2":1910.8},"geometry":{"type":"Polygon","coordinates":[[[-58.604413,-34.319757],[-58.604946,-34.320544],[-58.605122,-34.320461],[-58.604755,-34.319901],[-58.604667,-34.319793],[-58.604597,-34.319674],[-58.604413,-34.319757]]]}},{"type":"Feature","properties":{"partida":"357011817","cca":"357000100000000000000058400C00000000045000","tipo":"Urbano","sup_m2":2174.3},"geometry":{"type":"Polygon","coordinates":[[[-58.604912,-34.320139],[-58.605122,-34.320461],[-58.605626,-34.32022],[-58.605622,-34.320054],[-58.605579,-34.319925],[-58.604912,-34.320139]]]}},{"type":"Feature","properties":{"partida":"357011818","cca":"357000100000000000000058400C00000000046000","tipo":"Urbano","sup_m2":1125.3},"geometry":{"type":"Polygon","coordinates":[[[-58.604912,-34.320139],[-58.605579,-34.319925],[-58.605557,-34.31986],[-58.605504,-34.319812],[-58.605459,-34.319793],[-58.605447,-34.319785],[-58.604834,-34.320019],[-58.604912,-34.320139]]]}},{"type":"Feature","properties":{"partida":"357011819","cca":"357000100000000000000058400C00000000047000","tipo":"Urbano","sup_m2":1048.3},"geometry":{"type":"Polygon","coordinates":[[[-58.604755,-34.319901],[-58.604834,-34.320019],[-58.605447,-34.319785],[-58.605418,-34.319765],[-58.605415,-34.319669],[-58.605392,-34.319626],[-58.604755,-34.319901]]]}},{"type":"Feature","properties":{"partida":"357011820","cca":"357000100000000000000058400C00000000048000","tipo":"Urbano","sup_m2":1145.3},"geometry":{"type":"Polygon","coordinates":[[[-58.604667,-34.319793],[-58.604755,-34.319901],[-58.605392,-34.319626],[-58.605303,-34.319466],[-58.604667,-34.319793]]]}},{"type":"Feature","properties":{"partida":"357011821","cca":"357000100000000000000058400C00000000049000","tipo":"Urbano","sup_m2":1074.1},"geometry":{"type":"Polygon","coordinates":[[[-58.604667,-34.319793],[-58.605303,-34.319466],[-58.605238,-34.31942],[-58.605132,-34.319359],[-58.604597,-34.319674],[-58.604667,-34.319793]]]}},{"type":"Feature","properties":{"partida":"357011822","cca":"357000100000000000000058400C00000000050000","tipo":"Urbano","sup_m2":964.9},"geometry":{"type":"Polygon","coordinates":[[[-58.604522,-34.319564],[-58.604597,-34.319674],[-58.605132,-34.319359],[-58.605112,-34.319347],[-58.605011,-34.319223],[-58.604522,-34.319564]]]}},{"type":"Feature","properties":{"partida":"357011823","cca":"357000100000000000000058400C00000000051000","tipo":"Urbano","sup_m2":1295.1},"geometry":{"type":"Polygon","coordinates":[[[-58.604522,-34.319564],[-58.605011,-34.319223],[-58.604974,-34.319176],[-58.604886,-34.319109],[-58.604841,-34.319071],[-58.604397,-34.319383],[-58.604522,-34.319564]]]}},{"type":"Feature","properties":{"partida":"357011824","cca":"357000100000000000000058400C00000000052000","tipo":"Urbano","sup_m2":1113.5},"geometry":{"type":"Polygon","coordinates":[[[-58.604275,-34.319212],[-58.604397,-34.319383],[-58.604841,-34.319071],[-58.60481,-34.319044],[-58.604707,-34.318967],[-58.604691,-34.318916],[-58.604275,-34.319212]]]}}]}