{"type":"FeatureCollection","features":[{"type":"Feature","properties":{"partida":"057019960","cca":"0570200000000000000000000000000000000030AG","tipo":"Urbano","sup_m2":38528.5},"geometry":{"type":"Polygon","coordinates":[[[-58.599947,-34.457935],[-58.601607,-34.460587],[-58.601896,-34.461462],[-58.60322,-34.459775],[-58.603165,-34.459657],[-58.599947,-34.457935]]]}},{"type":"Feature","properties":{"partida":"057033691","cca":"0570200000000000000000000000000000000030AH","tipo":"Urbano","sup_m2":33390.0},"geometry":{"type":"Polygon","coordinates":[[[-58.602967,-34.465089],[-58.604383,-34.463305],[-58.604338,-34.463127],[-58.602035,-34.461888],[-58.602967,-34.465089]]]}},{"type":"Feature","properties":{"partida":"057009026","cca":"05702000000000000000000000000000000000400D","tipo":"Urbano","sup_m2":199669.2},"geometry":{"type":"Polygon","coordinates":[[[-58.599237,-34.4712],[-58.602366,-34.474129],[-58.603859,-34.473793],[-58.601164,-34.466368],[-58.600529,-34.464341],[-58.599199,-34.465885],[-58.599558,-34.467301],[-58.600478,-34.468878],[-58.600673,-34.469607],[-58.600487,-34.470079],[-58.599237,-34.4712]]]}},{"type":"Feature","properties":{"partida":"057011689","cca":"05702000000000000000000000000000000000700Z","tipo":"Urbano","sup_m2":49265.5},"geometry":{"type":"Polygon","coordinates":[[[-58.622701,-34.457547],[-58.623772,-34.457139],[-58.623937,-34.457225],[-58.623871,-34.457102],[-58.623834,-34.457016],[-58.623652,-34.45668],[-58.623765,-34.456359],[-58.624461,-34.455167],[-58.622463,-34.454749],[-58.621475,-34.455379],[-58.622701,-34.457547]]]}},{"type":"Feature","properties":{"partida":"057020343","cca":"057020A00000000000000000200000000000000000","tipo":"Urbano","sup_m2":656302.2},"geometry":{"type":"Polygon","coordinates":[[[-58.620614,-34.467048],[-58.621978,-34.4665],[-58.62167,-34.466346],[-58.621332,-34.46617],[-58.618906,-34.464848],[-58.619128,-34.464177],[-58.619375,-34.463902],[-58.619546,-34.463843],[-58.620276,-34.463705],[-58.620389,-34.463734],[-58.620971,-34.464041],[-58.622103,-34.46342],[-58.622388,-34.463098],[-58.623064,-34.462929],[-58.624948,-34.462512],[-58.625057,-34.462368],[-58.624496,-34.461555],[-58.62423,-34.460949],[-58.62411,-34.460638],[-58.623963,-34.460189],[-58.623468,-34.458921],[-58.622701,-34.457547],[-58.621475,-34.455379],[-58.620375,-34.456383],[-58.620286,-34.456351],[-58.619517,-34.456843],[-58.619281,-34.456653],[-58.618996,-34.456784],[-58.618578,-34.457062],[-58.618167,-34.45736],[-58.617803,-34.457662],[-58.61742,-34.457992],[-58.617082,-34.458321],[-58.61673,-34.458698],[-58.61642,-34.459069],[-58.616151,-34.459433],[-58.615878,-34.459813],[-58.61561,-34.460249],[-58.615169,-34.461039],[-58.614923,-34.461438],[-58.614687,-34.461833],[-58.614427,-34.462255],[-58.614193,-34.462651],[-58.613956,-34.463026],[-58.613748,-34.463378],[-58.620557,-34.467039],[-58.620614,-34.467048]]]}},{"type":"Feature","properties":{"partida":"057000016","cca":"057020A0000000000000000030000000000000100A","tipo":"Urbano","sup_m2":1048235.9},"geometry":{"type":"MultiPolygon","coordinates":[[[[-58.608077,-34.472438],[-58.607134,-34.474011],[-58.607395,-34.473984],[-58.609941,-34.473813],[-58.613822,-34.47373],[-58.615504,-34.473569],[-58.616654,-34.473384],[-58.617725,-34.473165],[-58.618791,-34.472903],[-58.619708,-34.472628],[-58.620482,-34.472363],[-58.619955,-34.472535],[-58.617939,-34.473089],[-58.615545,-34.473523],[-58.613043,-34.473696],[-58.610157,-34.473743],[-58.608726,-34.473808],[-58.608124,-34.473858],[-58.607925,-34.473823],[-58.607796,-34.473724],[-58.607745,-34.473657],[-58.607664,-34.473503],[-58.607701,-34.473353],[-58.60785,-34.473109],[-58.608246,-34.472503],[-58.608364,-34.472363],[-58.608605,-34.472224],[-58.608749,-34.472094],[-58.608797,-34.471935],[-58.608778,-34.471764],[-58.608734,-34.471647],[-58.608593,-34.471554],[-58.608077,-34.472438]]],[[[-58.62228,-34.466999],[-58.622169,-34.466742],[-58.622096,-34.466608],[-58.621978,-34.4665],[-58.620614,-34.467049],[-58.620557,-34.467039],[-58.613849,-34.46343],[-58.613748,-34.463378],[-58.608646,-34.471466],[-58.608817,-34.471591],[-58.608892,-34.471733],[-58.608924,-34.471942],[-58.608876,-34.472118],[-58.608693,-34.472283],[-58.608477,-34.472404],[-58.608377,-34.472522],[-58.607926,-34.473226],[-58.607828,-34.473384],[-58.607801,-34.47349],[-58.607861,-34.473602],[-58.607898,-34.473654],[-58.607989,-34.473722],[-58.608129,-34.473756],[-58.609562,-34.473687],[-58.610154,-34.473668],[-58.613043,-34.473636],[-58.615545,-34.473473],[-58.617928,-34.473053],[-58.619939,-34.47249],[-58.621328,-34.472047],[-58.622212,-34.471703],[-58.624043,-34.470966],[-58.624345,-34.470841],[-58.624599,-34.470763],[-58.62385,-34.469397],[-58.62333,-34.468502],[-58.623145,-34.468401],[-58.6231,-34.468299],[-58.623363,-34.468454],[-58.623613,-34.468143],[-58.623256,-34.467357],[-58.622539,-34.467573],[-58.622397,-34.467249],[-58.62228,-34.466999]]]]}},{"type":"Feature","properties":{"partida":"057019586","cca":"057020B0000000000000000000000286000000400A","tipo":"Urbano","sup_m2":472.3},"geometry":{"type":"Polygon","coordinates":[[[-58.623038,-34.463355],[-58.623,-34.463414],[-58.622934,-34.463502],[-58.622887,-34.463554],[-58.622893,-34.463609],[-58.622996,-34.463665],[-58.623194,-34.463417],[-58.623038,-34.463355]]]}},{"type":"Feature","properties":{"partida":"057019597","cca":"057020B00000000000000000000002870000001000","tipo":"Urbano","sup_m2":1333.0},"geometry":{"type":"Polygon","coordinates":[[[-58.622797,-34.463339],[-58.622866,-34.463236],[-58.622946,-34.463071],[-58.622987,-34.46297],[-58.622982,-34.46295],[-58.622388,-34.463098],[-58.622324,-34.46317],[-58.622797,-34.463339]]]}},{"type":"Feature","properties":{"partida":"057019591","cca":"057020B0000000000000000000000287000000200A","tipo":"Urbano","sup_m2":1232.5},"geometry":{"type":"Polygon","coordinates":[[[-58.620064,-34.464093],[-58.620339,-34.46371],[-58.619615,-34.463839],[-58.620064,-34.464093]]]}},{"type":"Feature","properties":{"partida":"057019592","cca":"057020B0000000000000000000000287000000300B","tipo":"Urbano","sup_m2":1034.3},"geometry":{"type":"Polygon","coordinates":[[[-58.620535,-34.463812],[-58.620339,-34.46371],[-58.620064,-34.464093],[-58.620246,-34.464195],[-58.620535,-34.463812]]]}},{"type":"Feature","properties":{"partida":"057107214","cca":"057020B0000000000000000000000287000000300C","tipo":"Urbano","sup_m2":999.8},"geometry":{"type":"Polygon","coordinates":[[[-58.62072,-34.463909],[-58.620535,-34.463812],[-58.620246,-34.464195],[-58.62042,-34.464294],[-58.62072,-34.463909]]]}},{"type":"Feature","properties":{"partida":"057107215","cca":"057020B0000000000000000000000287000000400A","tipo":"Urbano","sup_m2":1002.8},"geometry":{"type":"Polygon","coordinates":[[[-58.620905,-34.464009],[-58.62072,-34.463909],[-58.62042,-34.464294],[-58.620591,-34.464391],[-58.620905,-34.464009]]]}},{"type":"Feature","properties":{"partida":"057144116","cca":"057020B0000000000000000000000287000000400C","tipo":"Urbano","sup_m2":905.5},"geometry":{"type":"Polygon","coordinates":[[[-58.621042,-34.46414],[-58.620971,-34.464041],[-58.620963,-34.464042],[-58.620905,-34.464009],[-58.620591,-34.464391],[-58.62075,-34.464481],[-58.621042,-34.46414]]]}},{"type":"Feature","properties":{"partida":"057144117","cca":"057020B0000000000000000000000287000000400D","tipo":"Urbano","sup_m2":1074.1},"geometry":{"type":"Polygon","coordinates":[[[-58.621244,-34.464412],[-58.621042,-34.46414],[-58.62075,-34.464481],[-58.620906,-34.46457],[-58.620969,-34.464562],[-58.621244,-34.464412]]]}},{"type":"Feature","properties":{"partida":"057019594","cca":"057020B0000000000000000000000287000000500C","tipo":"Urbano","sup_m2":2003.5},"geometry":{"type":"Polygon","coordinates":[[[-58.620971,-34.464041],[-58.621244,-34.464412],[-58.62162,-34.464198],[-58.621351,-34.463833],[-58.620971,-34.464041]]]}},{"type":"Feature","properties":{"partida":"057107218","cca":"057020B0000000000000000000000287000000600B","tipo":"Urbano","sup_m2":960.5},"geometry":{"type":"Polygon","coordinates":[[[-58.621745,-34.463616],[-58.621562,-34.463717],[-58.621852,-34.464066],[-58.62204,-34.463963],[-58.621745,-34.463616]]]}},{"type":"Feature","properties":{"partida":"057107217","cca":"057020B0000000000000000000000287000000600C","tipo":"Urbano","sup_m2":1161.6},"geometry":{"type":"Polygon","coordinates":[[[-58.621351,-34.463833],[-58.62162,-34.464198],[-58.621852,-34.464066],[-58.621562,-34.463717],[-58.621351,-34.463833]]]}},{"type":"Feature","properties":{"partida":"057069952","cca":"057020B00000000000000000000002870000007000","tipo":"Urbano","sup_m2":2347.3},"geometry":{"type":"Polygon","coordinates":[[[-58.622135,-34.463383],[-58.622103,-34.46342],[-58.621745,-34.463616],[-58.62204,-34.463963],[-58.622337,-34.46379],[-58.622525,-34.463642],[-58.622135,-34.463383]]]}},{"type":"Feature","properties":{"partida":"057019596","cca":"057020B00000000000000000000002870000008000","tipo":"Urbano","sup_m2":1671.9},"geometry":{"type":"Polygon","coordinates":[[[-58.622135,-34.463383],[-58.622525,-34.463642],[-58.6226,-34.463572],[-58.622724,-34.463441],[-58.622797,-34.463339],[-58.622324,-34.46317],[-58.622135,-34.463383]]]}},{"type":"Feature","properties":{"partida":"057027679","cca":"057020B0000000000000000000000289000000600P","tipo":"Urbano","sup_m2":900.7},"geometry":{"type":"Polygon","coordinates":[[[-58.622869,-34.465501],[-58.622829,-34.465551],[-58.622753,-34.465729],[-58.622772,-34.465795],[-58.622791,-34.465838],[-58.623146,-34.465764],[-58.623209,-34.465688],[-58.622869,-34.465501]]]}},{"type":"Feature","properties":{"partida":"057081299","cca":"057020B0000000000000000000000289000000600S","tipo":"Urbano","sup_m2":818.2},"geometry":{"type":"Polygon","coordinates":[[[-58.622855,-34.466012],[-58.623159,-34.465934],[-58.623292,-34.465782],[-58.623315,-34.465744],[-58.623209,-34.465688],[-58.623146,-34.465764],[-58.622791,-34.465838],[-58.622855,-34.466012]]]}},{"type":"Feature","properties":{"partida":"057053440","cca":"057020B0000000000000000000000289000000700M","tipo":"Urbano","sup_m2":409.5},"geometry":{"type":"Polygon","coordinates":[[[-58.622945,-34.466253],[-58.623177,-34.466197],[-58.623146,-34.466116],[-58.623122,-34.466037],[-58.622887,-34.466097],[-58.622945,-34.466253]]]}},{"type":"Feature","properties":{"partida":"057024639","cca":"057020B00000000000000000000002900000001000","tipo":"Urbano","sup_m2":1345.2},"geometry":{"type":"Polygon","coordinates":[[[-58.623014,-34.463794],[-58.622797,-34.463683],[-58.622742,-34.463683],[-58.622688,-34.463734],[-58.622585,-34.463809],[-58.62248,-34.463878],[-58.622712,-34.464177],[-58.623014,-34.463794]]]}},{"type":"Feature","properties":{"partida":"057019602","cca":"057020B00000000000000000000002900000002000","tipo":"Urbano","sup_m2":2215.2},"geometry":{"type":"Polygon","coordinates":[[[-58.622669,-34.464521],[-58.62287,-34.464261],[-58.622712,-34.464177],[-58.62248,-34.463878],[-58.622165,-34.464062],[-58.622421,-34.464388],[-58.622669,-34.464521]]]}},{"type":"Feature","properties":{"partida":"057034820","cca":"057020B00000000000000000000002900000003000","tipo":"Urbano","sup_m2":2697.9},"geometry":{"type":"Polygon","coordinates":[[[-58.622312,-34.464716],[-58.622452,-34.464795],[-58.622669,-34.464521],[-58.622421,-34.464388],[-58.622165,-34.464062],[-58.621865,-34.464219],[-58.62217,-34.464647],[-58.622213,-34.464665],[-58.622312,-34.464716]]]}},{"type":"Feature","properties":{"partida":"057032256","cca":"057020B00000000000000000000002900000004000","tipo":"Urbano","sup_m2":1744.2},"geometry":{"type":"Polygon","coordinates":[[[-58.62178,-34.46465],[-58.621969,-34.464641],[-58.62217,-34.464647],[-58.621865,-34.464219],[-58.621482,-34.46443],[-58.621645,-34.464651],[-58.62178,-34.46465]]]}},{"type":"Feature","properties":{"partida":"057034819","cca":"057020B00000000000000000000002900000005000","tipo":"Urbano","sup_m2":1214.3},"geometry":{"type":"Polygon","coordinates":[[[-58.621482,-34.46443],[-58.621093,-34.46464],[-58.621097,-34.464676],[-58.621546,-34.464835],[-58.621645,-34.464651],[-58.621482,-34.46443]]]}},{"type":"Feature","properties":{"partida":"057034818","cca":"057020B0000000000000000000000290000000600A","tipo":"Urbano","sup_m2":282.4},"geometry":{"type":"Polygon","coordinates":[[[-58.621546,-34.464835],[-58.621664,-34.464872],[-58.62178,-34.46465],[-58.621645,-34.464651],[-58.621546,-34.464835]]]}},{"type":"Feature","properties":{"partida":"057087401","cca":"057020B0000000000000000000000290000000600B","tipo":"Urbano","sup_m2":380.6},"geometry":{"type":"Polygon","coordinates":[[[-58.621757,-34.464912],[-58.621969,-34.464641],[-58.62178,-34.46465],[-58.621664,-34.464872],[-58.621757,-34.464912]]]}},{"type":"Feature","properties":{"partida":"057087402","cca":"057020B0000000000000000000000290000000600C","tipo":"Urbano","sup_m2":420.6},"geometry":{"type":"Polygon","coordinates":[[[-58.621757,-34.464912],[-58.621854,-34.46497],[-58.622101,-34.464645],[-58.621969,-34.464641],[-58.621757,-34.464912]]]}},{"type":"Feature","properties":{"partida":"057087403","cca":"057020B0000000000000000000000290000000600D","tipo":"Urbano","sup_m2":445.9},"geometry":{"type":"Polygon","coordinates":[[[-58.62217,-34.464647],[-58.622101,-34.464645],[-58.621854,-34.46497],[-58.621943,-34.465019],[-58.622213,-34.464665],[-58.62217,-34.464647]]]}},{"type":"Feature","properties":{"partida":"057032257","cca":"057020B0000000000000000000000290000000700A","tipo":"Urbano","sup_m2":498.8},"geometry":{"type":"Polygon","coordinates":[[[-58.622038,-34.465076],[-58.622312,-34.464716],[-58.622213,-34.464665],[-58.621943,-34.465019],[-58.622038,-34.465076]]]}},{"type":"Feature","properties":{"partida":"057087404","cca":"057020B0000000000000000000000290000000700B","tipo":"Urbano","sup_m2":492.1},"geometry":{"type":"Polygon","coordinates":[[[-58.622132,-34.465128],[-58.622406,-34.464768],[-58.622312,-34.464716],[-58.622038,-34.465076],[-58.622132,-34.465128]]]}},{"type":"Feature","properties":{"partida":"057087405","cca":"057020B0000000000000000000000290000000700C","tipo":"Urbano","sup_m2":506.5},"geometry":{"type":"Polygon","coordinates":[[[-58.622228,-34.465181],[-58.622503,-34.464824],[-58.622406,-34.464768],[-58.622132,-34.465128],[-58.622228,-34.465181]]]}},{"type":"Feature","properties":{"partida":"057087406","cca":"057020B0000000000000000000000290000000700D","tipo":"Urbano","sup_m2":483.3},"geometry":{"type":"Polygon","coordinates":[[[-58.622602,-34.46487],[-58.622503,-34.464824],[-58.622228,-34.465181],[-58.622323,-34.465232],[-58.622506,-34.464989],[-58.622602,-34.46487]]]}},{"type":"Feature","properties":{"partida":"057019598","cca":"057020B0000000000000000000000290000000800A","tipo":"Urbano","sup_m2":730.8},"geometry":{"type":"Polygon","coordinates":[[[-58.622528,-34.465348],[-58.622715,-34.465104],[-58.622506,-34.464989],[-58.622323,-34.465232],[-58.622528,-34.465348]]]}},{"type":"Feature","properties":{"partida":"057089834","cca":"057020B0000000000000000000000290000000800B","tipo":"Urbano","sup_m2":755.8},"geometry":{"type":"Polygon","coordinates":[[[-58.622931,-34.46522],[-58.622715,-34.465104],[-58.622528,-34.465348],[-58.622705,-34.465448],[-58.622767,-34.465434],[-58.622931,-34.46522]]]}},{"type":"Feature","properties":{"partida":"057089835","cca":"057020B0000000000000000000000290000000800C","tipo":"Urbano","sup_m2":728.0},"geometry":{"type":"Polygon","coordinates":[[[-58.622602,-34.46487],[-58.622506,-34.464989],[-58.622931,-34.46522],[-58.62302,-34.465104],[-58.622602,-34.46487]]]}},{"type":"Feature","properties":{"partida":"057019599","cca":"057020B00000000000000000000002900000009000","tipo":"Urbano","sup_m2":2254.7},"geometry":{"type":"Polygon","coordinates":[[[-58.623234,-34.464823],[-58.622669,-34.464521],[-58.622452,-34.464795],[-58.622503,-34.464824],[-58.622602,-34.46487],[-58.62302,-34.465104],[-58.623234,-34.464823]]]}},{"type":"Feature","properties":{"partida":"057019601","cca":"057020B00000000000000000000002900000012000","tipo":"Urbano","sup_m2":1879.2},"geometry":{"type":"Polygon","coordinates":[[[-58.623014,-34.463794],[-58.622712,-34.464177],[-58.623053,-34.464354],[-58.623126,-34.464266],[-58.623353,-34.463974],[-58.623014,-34.463794]]]}},{"type":"Feature","properties":{"partida":"057019574","cca":"057020B000000000000000000000029200A0001000","tipo":"Urbano","sup_m2":5415.1},"geometry":{"type":"Polygon","coordinates":[[[-58.619865,-34.464176],[-58.619375,-34.463902],[-58.619128,-34.464177],[-58.618906,-34.464848],[-58.619214,-34.465013],[-58.619865,-34.464176]]]}},{"type":"Feature","properties":{"partida":"057095055","cca":"057020B000000000000000000000029200A000400A","tipo":"Urbano","sup_m2":1193.9},"geometry":{"type":"Polygon","coordinates":[[[-58.622198,-34.465312],[-58.622148,-34.465257],[-58.621916,-34.465143],[-58.621777,-34.465311],[-58.621785,-34.465465],[-58.621952,-34.465625],[-58.622198,-34.465312]]]}},{"type":"Feature","properties":{"partida":"057019577","cca":"057020B000000000000000000000029200A000400B","tipo":"Urbano","sup_m2":4182.4},"geometry":{"type":"Polygon","coordinates":[[[-58.621467,-34.466241],[-58.621952,-34.465625],[-58.621785,-34.465465],[-58.621777,-34.465311],[-58.621916,-34.465143],[-58.621823,-34.465087],[-58.62107,-34.466027],[-58.620914,-34.465941],[-58.621332,-34.46617],[-58.621467,-34.466241]]]}},{"type":"Feature","properties":{"partida":"057019626","cca":"057020B000000000000000000000029200A0005000","tipo":"Urbano","sup_m2":5703.7},"geometry":{"type":"Polygon","coordinates":[[[-58.620644,-34.465794],[-58.62107,-34.466027],[-58.621823,-34.465087],[-58.621685,-34.465022],[-58.621362,-34.464908],[-58.620644,-34.465794]]]}},{"type":"Feature","properties":{"partida":"057040861","cca":"057020B000000000000000000000029200A0006000","tipo":"Urbano","sup_m2":4938.6},"geometry":{"type":"Polygon","coordinates":[[[-58.620915,-34.46475],[-58.620258,-34.465583],[-58.620643,-34.465795],[-58.621362,-34.464908],[-58.620915,-34.46475]]]}},{"type":"Feature","properties":{"partida":"057019576","cca":"057020B000000000000000000000029200A0007000","tipo":"Urbano","sup_m2":5971.8},"geometry":{"type":"Polygon","coordinates":[[[-58.619765,-34.465314],[-58.620258,-34.465583],[-58.620915,-34.46475],[-58.620852,-34.464736],[-58.620421,-34.464477],[-58.619765,-34.465314]]]}},{"type":"Feature","properties":{"partida":"057029977","cca":"057020B000000000000000000000029200A0008000","tipo":"Urbano","sup_m2":3345.0},"geometry":{"type":"Polygon","coordinates":[[[-58.619492,-34.465164],[-58.619765,-34.465314],[-58.620421,-34.464477],[-58.620142,-34.464328],[-58.619492,-34.465164]]]}},{"type":"Feature","properties":{"partida":"057019625","cca":"057020B000000000000000000000029200A0009000","tipo":"Urbano","sup_m2":3372.8},"geometry":{"type":"Polygon","coordinates":[[[-58.619492,-34.465164],[-58.620142,-34.464328],[-58.619865,-34.464176],[-58.619214,-34.465013],[-58.619492,-34.465164]]]}},{"type":"Feature","properties":{"partida":"057040660","cca":"057020B000000000000000000000029200B000100A","tipo":"Urbano","sup_m2":4406.0},"geometry":{"type":"Polygon","coordinates":[[[-58.622198,-34.465312],[-58.621467,-34.466241],[-58.62167,-34.466346],[-58.621978,-34.4665],[-58.622107,-34.466354],[-58.622234,-34.466321],[-58.621907,-34.465994],[-58.62243,-34.465636],[-58.622451,-34.4656],[-58.622198,-34.465312]]]}},{"type":"Feature","properties":{"partida":"057045362","cca":"057020B000000000000000000000029200C000100A","tipo":"Urbano","sup_m2":4014.9},"geometry":{"type":"Polygon","coordinates":[[[-58.622557,-34.46577],[-58.622521,-34.465763],[-58.622011,-34.466098],[-58.622234,-34.466321],[-58.622107,-34.466354],[-58.621978,-34.4665],[-58.622096,-34.466608],[-58.622772,-34.466417],[-58.622791,-34.466389],[-58.622557,-34.46577]]]}},{"type":"Feature","properties":{"partida":"057113613","cca":"057020B000000000000000000000029200C0003000","tipo":"Urbano","sup_m2":1033.7},"geometry":{"type":"Polygon","coordinates":[[[-58.622557,-34.46577],[-58.622521,-34.465675],[-58.622451,-34.4656],[-58.62243,-34.465636],[-58.621907,-34.465994],[-58.622011,-34.466098],[-58.622521,-34.465763],[-58.622557,-34.46577]]]}},{"type":"Feature","properties":{"partida":null,"cca":"057020B0000000000000000000000293000000100B","tipo":null,"sup_m2":935.3},"geometry":{"type":"Polygon","coordinates":[[[-58.622594,-34.466626],[-58.622705,-34.46688],[-58.623024,-34.466794],[-58.622934,-34.466567],[-58.622879,-34.466547],[-58.622594,-34.466626]]]}},{"type":"Feature","properties":{"partida":"057046521","cca":"057020B0000000000000000000000293000000100C","tipo":"Urbano","sup_m2":531.0},"geometry":{"type":"Polygon","coordinates":[[[-58.622415,-34.46668],[-58.622517,-34.466931],[-58.622705,-34.46688],[-58.622594,-34.466626],[-58.622415,-34.46668]]]}},{"type":"Feature","properties":{"partida":"057020129","cca":"057020B0000000000000000000000293000000500B","tipo":"Urbano","sup_m2":1409.7},"geometry":{"type":"Polygon","coordinates":[[[-58.622713,-34.467433],[-58.623228,-34.46729],[-58.623136,-34.467049],[-58.622618,-34.46719],[-58.622713,-34.467433]]]}},{"type":"Feature","properties":{"partida":"057019624","cca":"057020B0000000000000000000000293000000600A","tipo":"Urbano","sup_m2":2111.6},"geometry":{"type":"Polygon","coordinates":[[[-58.622407,-34.467246],[-58.623136,-34.467049],[-58.623024,-34.466794],[-58.622517,-34.466931],[-58.622301,-34.466993],[-58.622407,-34.467246]]]}},{"type":"Feature","properties":{"partida":null,"cca":"057020B0000000000000000000000293000000700F","tipo":null,"sup_m2":620.8},"geometry":{"type":"Polygon","coordinates":[[[-58.622415,-34.46668],[-58.6222,-34.466733],[-58.622301,-34.466993],[-58.622517,-34.466931],[-58.622415,-34.46668]]]}},{"type":"Feature","properties":{"partida":null,"cca":"057020B0000000000000000000000293000000700H","tipo":null,"sup_m2":580.1},"geometry":{"type":"Polygon","coordinates":[[[-58.622713,-34.467433],[-58.622618,-34.46719],[-58.622407,-34.467246],[-58.622504,-34.467491],[-58.622713,-34.467433]]]}},{"type":"Feature","properties":{"partida":"057057547","cca":"057020P00000000000000000000000340000010000","tipo":"Urbano","sup_m2":384.8},"geometry":{"type":"Polygon","coordinates":[[[-58.6028,-34.452399],[-58.602966,-34.452183],[-58.602841,-34.45212],[-58.602674,-34.452331],[-58.6028,-34.452399]]]}},{"type":"Feature","properties":{"partida":"057057548","cca":"057020P00000000000000000000000340000011000","tipo":"Urbano","sup_m2":329.5},"geometry":{"type":"Polygon","coordinates":[[[-58.603073,-34.452241],[-58.602966,-34.452183],[-58.6028,-34.452399],[-58.602904,-34.452456],[-58.603073,-34.452241]]]}},{"type":"Feature","properties":{"partida":"057057549","cca":"057020P00000000000000000000000340000012000","tipo":"Urbano","sup_m2":377.9},"geometry":{"type":"Polygon","coordinates":[[[-58.603195,-34.452307],[-58.603073,-34.452241],[-58.602904,-34.452456],[-58.603023,-34.452521],[-58.603195,-34.452307]]]}},{"type":"Feature","properties":{"partida":"057057550","cca":"057020P00000000000000000000000340000013000","tipo":"Urbano","sup_m2":437.7},"geometry":{"type":"Polygon","coordinates":[[[-58.603195,-34.452307],[-58.603023,-34.452521],[-58.603137,-34.452578],[-58.603197,-34.452563],[-58.603336,-34.452383],[-58.603195,-34.452307]]]}},{"type":"Feature","properties":{"partida":"057057551","cca":"057020P00000000000000000000000340000014000","tipo":"Urbano","sup_m2":484.4},"geometry":{"type":"Polygon","coordinates":[[[-58.603407,-34.452291],[-58.603035,-34.452094],[-58.602966,-34.452183],[-58.603336,-34.452383],[-58.603407,-34.452291]]]}},{"type":"Feature","properties":{"partida":"057057750","cca":"057020P00000000000000000000000380000004000","tipo":"Urbano","sup_m2":444.4},"geometry":{"type":"Polygon","coordinates":[[[-58.604096,-34.452271],[-58.603756,-34.452091],[-58.603686,-34.452181],[-58.604026,-34.452362],[-58.604096,-34.452271]]]}},{"type":"Feature","properties":{"partida":"057057751","cca":"057020P00000000000000000000000380000005000","tipo":"Urbano","sup_m2":448.7},"geometry":{"type":"Polygon","coordinates":[[[-58.603956,-34.452453],[-58.604026,-34.452362],[-58.603686,-34.452181],[-58.603613,-34.452272],[-58.603956,-34.452453]]]}},{"type":"Feature","properties":{"partida":"057057752","cca":"057020P00000000000000000000000380000006000","tipo":"Urbano","sup_m2":447.2},"geometry":{"type":"Polygon","coordinates":[[[-58.603545,-34.452364],[-58.603885,-34.452544],[-58.603956,-34.452453],[-58.603613,-34.452272],[-58.603545,-34.452364]]]}},{"type":"Feature","properties":{"partida":"057057753","cca":"057020P00000000000000000000000380000007000","tipo":"Urbano","sup_m2":446.2},"geometry":{"type":"Polygon","coordinates":[[[-58.603815,-34.452635],[-58.603885,-34.452544],[-58.603545,-34.452364],[-58.603473,-34.452454],[-58.603815,-34.452635]]]}},{"type":"Feature","properties":{"partida":"057057754","cca":"057020P00000000000000000000000380000008000","tipo":"Urbano","sup_m2":357.5},"geometry":{"type":"Polygon","coordinates":[[[-58.60359,-34.452516],[-58.603473,-34.452454],[-58.603332,-34.452639],[-58.60334,-34.452686],[-58.603428,-34.452732],[-58.60359,-34.452516]]]}},{"type":"Feature","properties":{"partida":"057057755","cca":"057020P00000000000000000000000380000009000","tipo":"Urbano","sup_m2":334.0},"geometry":{"type":"Polygon","coordinates":[[[-58.603428,-34.452732],[-58.603536,-34.45279],[-58.603698,-34.452574],[-58.60359,-34.452516],[-58.603428,-34.452732]]]}},{"type":"Feature","properties":{"partida":"057057756","cca":"057020P00000000000000000000000380000010000","tipo":"Urbano","sup_m2":354.1},"geometry":{"type":"Polygon","coordinates":[[[-58.60365,-34.45285],[-58.603815,-34.452635],[-58.603698,-34.452574],[-58.603536,-34.45279],[-58.60365,-34.45285]]]}},{"type":"Feature","properties":{"partida":"057041250","cca":"057020P00000000000000000000000380000011000","tipo":"Urbano","sup_m2":323.0},"geometry":{"type":"Polygon","coordinates":[[[-58.603921,-34.452691],[-58.603815,-34.452635],[-58.60365,-34.45285],[-58.603755,-34.452904],[-58.603921,-34.452691]]]}},{"type":"Feature","properties":{"partida":"057057757","cca":"057020P00000000000000000000000380000012000","tipo":"Urbano","sup_m2":337.6},"geometry":{"type":"Polygon","coordinates":[[[-58.604032,-34.45275],[-58.603921,-34.452691],[-58.603755,-34.452904],[-58.603864,-34.452962],[-58.604032,-34.45275]]]}},{"type":"Feature","properties":{"partida":"057057758","cca":"057020P00000000000000000000000380000013000","tipo":"Urbano","sup_m2":364.5},"geometry":{"type":"Polygon","coordinates":[[[-58.604032,-34.45275],[-58.603864,-34.452962],[-58.603946,-34.453006],[-58.604013,-34.452994],[-58.604153,-34.452814],[-58.604032,-34.45275]]]}},{"type":"Feature","properties":{"partida":"057057759","cca":"057020P00000000000000000000000380000014000","tipo":"Urbano","sup_m2":443.2},"geometry":{"type":"Polygon","coordinates":[[[-58.604153,-34.452814],[-58.604226,-34.452725],[-58.603885,-34.452544],[-58.603815,-34.452635],[-58.604153,-34.452814]]]}},{"type":"Feature","properties":{"partida":"057057760","cca":"057020P00000000000000000000000380000015000","tipo":"Urbano","sup_m2":445.8},"geometry":{"type":"Polygon","coordinates":[[[-58.604296,-34.452633],[-58.603956,-34.452453],[-58.603885,-34.452544],[-58.604226,-34.452725],[-58.604296,-34.452633]]]}},{"type":"Feature","properties":{"partida":"057057761","cca":"057020P00000000000000000000000380000016000","tipo":"Urbano","sup_m2":445.9},"geometry":{"type":"Polygon","coordinates":[[[-58.604367,-34.452542],[-58.604026,-34.452362],[-58.603956,-34.452453],[-58.604296,-34.452633],[-58.604367,-34.452542]]]}},{"type":"Feature","properties":{"partida":"057057762","cca":"057020P00000000000000000000000380000017000","tipo":"Urbano","sup_m2":445.7},"geometry":{"type":"Polygon","coordinates":[[[-58.604096,-34.452271],[-58.604026,-34.452362],[-58.604367,-34.452542],[-58.604437,-34.452451],[-58.604096,-34.452271]]]}},{"type":"Feature","properties":{"partida":"057057763","cca":"057020P00000000000000000000000380000018000","tipo":"Urbano","sup_m2":445.2},"geometry":{"type":"Polygon","coordinates":[[[-58.604507,-34.45236],[-58.604167,-34.45218],[-58.604096,-34.452271],[-58.604437,-34.452451],[-58.604507,-34.45236]]]}},{"type":"Feature","properties":{"partida":"057057764","cca":"057020P00000000000000000000000380000019000","tipo":"Urbano","sup_m2":448.8},"geometry":{"type":"Polygon","coordinates":[[[-58.604579,-34.452268],[-58.604237,-34.452089],[-58.604167,-34.45218],[-58.604507,-34.45236],[-58.604579,-34.452268]]]}},{"type":"Feature","properties":{"partida":"057027943","cca":"057020P00000000000000000000000420000001000","tipo":"Urbano","sup_m2":342.3},"geometry":{"type":"Polygon","coordinates":[[[-58.604997,-34.45219],[-58.604911,-34.452144],[-58.604859,-34.452158],[-58.604716,-34.452342],[-58.604827,-34.452401],[-58.604997,-34.45219]]]}},{"type":"Feature","properties":{"partida":"057058037","cca":"057020P00000000000000000000000420000002000","tipo":"Urbano","sup_m2":445.7},"geometry":{"type":"Polygon","coordinates":[[[-58.604716,-34.452342],[-58.604645,-34.452433],[-58.604985,-34.452613],[-58.605056,-34.452522],[-58.604716,-34.452342]]]}},{"type":"Feature","properties":{"partida":"057058038","cca":"057020P00000000000000000000000420000003000","tipo":"Urbano","sup_m2":446.6},"geometry":{"type":"Polygon","coordinates":[[[-58.604645,-34.452433],[-58.604573,-34.452523],[-58.604915,-34.452704],[-58.604985,-34.452613],[-58.604645,-34.452433]]]}},{"type":"Feature","properties":{"partida":"057058039","cca":"057020P00000000000000000000000420000004000","tipo":"Urbano","sup_m2":448.1},"geometry":{"type":"Polygon","coordinates":[[[-58.604502,-34.452614],[-58.604845,-34.452795],[-58.604915,-34.452704],[-58.604573,-34.452523],[-58.604502,-34.452614]]]}},{"type":"Feature","properties":{"partida":"057058040","cca":"057020P00000000000000000000000420000005000","tipo":"Urbano","sup_m2":448.5},"geometry":{"type":"Polygon","coordinates":[[[-58.604845,-34.452795],[-58.604502,-34.452614],[-58.604432,-34.452705],[-58.604774,-34.452887],[-58.604845,-34.452795]]]}},{"type":"Feature","properties":{"partida":"057058041","cca":"057020P00000000000000000000000420000006000","tipo":"Urbano","sup_m2":446.9},"geometry":{"type":"Polygon","coordinates":[[[-58.604432,-34.452705],[-58.604364,-34.452797],[-58.604704,-34.452978],[-58.604774,-34.452887],[-58.604432,-34.452705]]]}},{"type":"Feature","properties":{"partida":"057058042","cca":"057020P00000000000000000000000420000007000","tipo":"Urbano","sup_m2":447.0},"geometry":{"type":"Polygon","coordinates":[[[-58.604292,-34.45289],[-58.604634,-34.453069],[-58.604704,-34.452978],[-58.604364,-34.452797],[-58.604292,-34.45289]]]}},{"type":"Feature","properties":{"partida":"057058043","cca":"057020P00000000000000000000000420000008000","tipo":"Urbano","sup_m2":318.0},"geometry":{"type":"Polygon","coordinates":[[[-58.604402,-34.452946],[-58.604292,-34.45289],[-58.604151,-34.453066],[-58.604165,-34.45312],[-58.604231,-34.453155],[-58.604402,-34.452946]]]}},{"type":"Feature","properties":{"partida":"057058044","cca":"057020P00000000000000000000000420000009000","tipo":"Urbano","sup_m2":354.5},"geometry":{"type":"Polygon","coordinates":[[[-58.604517,-34.453007],[-58.604402,-34.452946],[-58.604231,-34.453155],[-58.604347,-34.453218],[-58.604517,-34.453007]]]}},{"type":"Feature","properties":{"partida":"057058045","cca":"057020P00000000000000000000000420000010000","tipo":"Urbano","sup_m2":366.9},"geometry":{"type":"Polygon","coordinates":[[[-58.604347,-34.453218],[-58.604469,-34.453283],[-58.604634,-34.453069],[-58.604517,-34.453007],[-58.604347,-34.453218]]]}},{"type":"Feature","properties":{"partida":"057058046","cca":"057020P00000000000000000000000420000011000","tipo":"Urbano","sup_m2":306.4},"geometry":{"type":"Polygon","coordinates":[[[-58.604634,-34.453069],[-58.604469,-34.453283],[-58.604565,-34.453336],[-58.604735,-34.453122],[-58.604634,-34.453069]]]}},{"type":"Feature","properties":{"partida":"057058047","cca":"057020P00000000000000000000000420000012000","tipo":"Urbano","sup_m2":344.1},"geometry":{"type":"Polygon","coordinates":[[[-58.604847,-34.453181],[-58.604735,-34.453122],[-58.604565,-34.453336],[-58.604676,-34.453394],[-58.604847,-34.453181]]]}},{"type":"Feature","properties":{"partida":"057058048","cca":"057020P00000000000000000000000420000013000","tipo":"Urbano","sup_m2":375.2},"geometry":{"type":"Polygon","coordinates":[[[-58.604847,-34.453181],[-58.604676,-34.453394],[-58.604762,-34.453441],[-58.604818,-34.45343],[-58.604974,-34.453249],[-58.604847,-34.453181]]]}},{"type":"Feature","properties":{"partida":"057058049","cca":"057020P00000000000000000000000420000014000","tipo":"Urbano","sup_m2":445.7},"geometry":{"type":"Polygon","coordinates":[[[-58.604704,-34.452978],[-58.604634,-34.453069],[-58.604974,-34.453249],[-58.605045,-34.453158],[-58.604704,-34.452978]]]}},{"type":"Feature","properties":{"partida":"057058050","cca":"057020P00000000000000000000000420000015000","tipo":"Urbano","sup_m2":445.9},"geometry":{"type":"Polygon","coordinates":[[[-58.605115,-34.453067],[-58.604774,-34.452887],[-58.604704,-34.452978],[-58.605045,-34.453158],[-58.605115,-34.453067]]]}},{"type":"Feature","properties":{"partida":"057058051","cca":"057020P00000000000000000000000420000016000","tipo":"Urbano","sup_m2":445.8},"geometry":{"type":"Polygon","coordinates":[[[-58.605115,-34.453067],[-58.605185,-34.452976],[-58.604845,-34.452795],[-58.604774,-34.452887],[-58.605115,-34.453067]]]}},{"type":"Feature","properties":{"partida":"057058052","cca":"057020P00000000000000000000000420000017000","tipo":"Urbano","sup_m2":445.8},"geometry":{"type":"Polygon","coordinates":[[[-58.605256,-34.452885],[-58.604915,-34.452704],[-58.604845,-34.452795],[-58.605185,-34.452976],[-58.605256,-34.452885]]]}},{"type":"Feature","properties":{"partida":"057058053","cca":"057020P00000000000000000000000420000018000","tipo":"Urbano","sup_m2":445.8},"geometry":{"type":"Polygon","coordinates":[[[-58.605326,-34.452793],[-58.604985,-34.452613],[-58.604915,-34.452704],[-58.605256,-34.452885],[-58.605326,-34.452793]]]}},{"type":"Feature","properties":{"partida":"057058054","cca":"057020P00000000000000000000000420000019000","tipo":"Urbano","sup_m2":445.6},"geometry":{"type":"Polygon","coordinates":[[[-58.605326,-34.452793],[-58.605396,-34.452702],[-58.605056,-34.452522],[-58.604985,-34.452613],[-58.605326,-34.452793]]]}},{"type":"Feature","properties":{"partida":"057058055","cca":"057020P00000000000000000000000420000020000","tipo":"Urbano","sup_m2":376.0},"geometry":{"type":"Polygon","coordinates":[[[-58.605436,-34.452423],[-58.605271,-34.452636],[-58.605396,-34.452702],[-58.605539,-34.452516],[-58.605533,-34.452473],[-58.605436,-34.452423]]]}},{"type":"Feature","properties":{"partida":"057058056","cca":"057020P00000000000000000000000420000021000","tipo":"Urbano","sup_m2":344.9},"geometry":{"type":"Polygon","coordinates":[[[-58.605436,-34.452423],[-58.605321,-34.452363],[-58.60516,-34.452577],[-58.605271,-34.452636],[-58.605436,-34.452423]]]}},{"type":"Feature","properties":{"partida":"057058057","cca":"057020P00000000000000000000000420000022000","tipo":"Urbano","sup_m2":315.8},"geometry":{"type":"Polygon","coordinates":[[[-58.605221,-34.452308],[-58.605056,-34.452522],[-58.60516,-34.452577],[-58.605321,-34.452363],[-58.605221,-34.452308]]]}},{"type":"Feature","properties":{"partida":"057058058","cca":"057020P00000000000000000000000420000023000","tipo":"Urbano","sup_m2":351.1},"geometry":{"type":"Polygon","coordinates":[[[-58.605107,-34.452247],[-58.604942,-34.452462],[-58.605056,-34.452522],[-58.605221,-34.452308],[-58.605107,-34.452247]]]}},{"type":"Feature","properties":{"partida":"057058059","cca":"057020P00000000000000000000000420000024000","tipo":"Urbano","sup_m2":344.4},"geometry":{"type":"Polygon","coordinates":[[[-58.605107,-34.452247],[-58.604997,-34.45219],[-58.604827,-34.452401],[-58.604942,-34.452462],[-58.605107,-34.452247]]]}},{"type":"Feature","properties":{"partida":"057058248","cca":"057020P00000000000000000000000460000002000","tipo":"Urbano","sup_m2":410.8},"geometry":{"type":"Polygon","coordinates":[[[-58.606185,-34.452387],[-58.606228,-34.452286],[-58.605848,-34.452214],[-58.605816,-34.452314],[-58.606185,-34.452387]]]}},{"type":"Feature","properties":{"partida":"057058249","cca":"057020P00000000000000000000000460000003000","tipo":"Urbano","sup_m2":341.9},"geometry":{"type":"Polygon","coordinates":[[[-58.606052,-34.45236],[-58.605816,-34.452314],[-58.605783,-34.452428],[-58.605808,-34.452466],[-58.605921,-34.452526],[-58.606052,-34.45236]]]}},{"type":"Feature","properties":{"partida":"057058250","cca":"057020P00000000000000000000000460000004000","tipo":"Urbano","sup_m2":287.0},"geometry":{"type":"Polygon","coordinates":[[[-58.605921,-34.452526],[-58.606031,-34.452584],[-58.606185,-34.452387],[-58.606052,-34.45236],[-58.605921,-34.452526]]]}},{"type":"Feature","properties":{"partida":"057058251","cca":"057020P00000000000000000000000460000005000","tipo":"Urbano","sup_m2":317.6},"geometry":{"type":"Polygon","coordinates":[[[-58.606312,-34.452412],[-58.606185,-34.452387],[-58.606031,-34.452584],[-58.606134,-34.452639],[-58.606312,-34.452412]]]}},{"type":"Feature","properties":{"partida":"057058252","cca":"057020P00000000000000000000000460000006000","tipo":"Urbano","sup_m2":526.1},"geometry":{"type":"Polygon","coordinates":[[[-58.606486,-34.452573],[-58.606225,-34.452524],[-58.606134,-34.452639],[-58.606382,-34.452771],[-58.606422,-34.452751],[-58.606486,-34.452573]]]}},{"type":"Feature","properties":{"partida":"057041176","cca":"057020P00000000000000000000000460000007000","tipo":"Urbano","sup_m2":310.0},"geometry":{"type":"Polygon","coordinates":[[[-58.606312,-34.452412],[-58.606225,-34.452524],[-58.606486,-34.452573],[-58.606525,-34.452454],[-58.606312,-34.452412]]]}},{"type":"Feature","properties":{"partida":"057058253","cca":"057020P00000000000000000000000460000008000","tipo":"Urbano","sup_m2":377.7},"geometry":{"type":"Polygon","coordinates":[[[-58.606559,-34.452348],[-58.606228,-34.452286],[-58.606185,-34.452387],[-58.606525,-34.452454],[-58.606559,-34.452348]]]}},{"type":"Feature","properties":{"partida":"057058254","cca":"057020P00000000000000000000000460000009000","tipo":"Urbano","sup_m2":426.2},"geometry":{"type":"Polygon","coordinates":[[[-58.606355,-34.45231],[-58.606559,-34.452348],[-58.606615,-34.452174],[-58.606591,-34.452124],[-58.606479,-34.452087],[-58.606355,-34.45231]]]}},{"type":"Feature","properties":{"partida":"057027939","cca":"057020P00000000000000000000000470000001000","tipo":"Urbano","sup_m2":374.6},"geometry":{"type":"Polygon","coordinates":[[[-58.605655,-34.452838],[-58.605822,-34.452627],[-58.605732,-34.452578],[-58.60567,-34.452592],[-58.605533,-34.452777],[-58.605655,-34.452838]]]}},{"type":"Feature","properties":{"partida":"057058271","cca":"057020P00000000000000000000000470000002000","tipo":"Urbano","sup_m2":445.1},"geometry":{"type":"Polygon","coordinates":[[[-58.605655,-34.452838],[-58.605533,-34.452777],[-58.605463,-34.452866],[-58.605804,-34.453047],[-58.605874,-34.452955],[-58.605655,-34.452838]]]}},{"type":"Feature","properties":{"partida":"057058272","cca":"057020P00000000000000000000000470000003000","tipo":"Urbano","sup_m2":445.8},"geometry":{"type":"Polygon","coordinates":[[[-58.605734,-34.453138],[-58.605804,-34.453047],[-58.605463,-34.452866],[-58.605393,-34.452957],[-58.605734,-34.453138]]]}},{"type":"Feature","properties":{"partida":"057058273","cca":"057020P00000000000000000000000470000004000","tipo":"Urbano","sup_m2":445.9},"geometry":{"type":"Polygon","coordinates":[[[-58.605663,-34.453229],[-58.605734,-34.453138],[-58.605393,-34.452957],[-58.605323,-34.453049],[-58.605663,-34.453229]]]}},{"type":"Feature","properties":{"partida":"057058274","cca":"057020P00000000000000000000000470000005000","tipo":"Urbano","sup_m2":445.7},"geometry":{"type":"Polygon","coordinates":[[[-58.605593,-34.45332],[-58.605663,-34.453229],[-58.605323,-34.453049],[-58.605253,-34.45314],[-58.605593,-34.45332]]]}},{"type":"Feature","properties":{"partida":"057058275","cca":"057020P00000000000000000000000470000006000","tipo":"Urbano","sup_m2":450.1},"geometry":{"type":"Polygon","coordinates":[[[-58.605253,-34.45314],[-58.605179,-34.45323],[-58.605523,-34.453411],[-58.605593,-34.45332],[-58.605253,-34.45314]]]}},{"type":"Feature","properties":{"partida":"057058276","cca":"057020P00000000000000000000000470000007000","tipo":"Urbano","sup_m2":441.8},"geometry":{"type":"Polygon","coordinates":[[[-58.605225,-34.453382],[-58.605453,-34.453502],[-58.605523,-34.453411],[-58.605179,-34.45323],[-58.605115,-34.453318],[-58.605225,-34.453382]]]}},{"type":"Feature","properties":{"partida":"057093780","cca":"057020P0000000000000000000000047000000800A","tipo":"Urbano","sup_m2":173.7},"geometry":{"type":"Polygon","coordinates":[[[-58.605115,-34.453318],[-58.605029,-34.453424],[-58.605138,-34.453488],[-58.605225,-34.453382],[-58.605115,-34.453318]]]}},{"type":"Feature","properties":{"partida":"057058277","cca":"057020P0000000000000000000000047000000800B","tipo":"Urbano","sup_m2":160.0},"geometry":{"type":"Polygon","coordinates":[[[-58.605055,-34.453591],[-58.605138,-34.453488],[-58.605029,-34.453424],[-58.604971,-34.453501],[-58.604984,-34.453552],[-58.605055,-34.453591]]]}},{"type":"Feature","properties":{"partida":"057058278","cca":"057020P00000000000000000000000470000009000","tipo":"Urbano","sup_m2":354.5},"geometry":{"type":"Polygon","coordinates":[[[-58.605171,-34.453654],[-58.60534,-34.453442],[-58.605225,-34.453382],[-58.605055,-34.453591],[-58.605171,-34.453654]]]}},{"type":"Feature","properties":{"partida":"057058279","cca":"057020P00000000000000000000000470000010000","tipo":"Urbano","sup_m2":352.7},"geometry":{"type":"Polygon","coordinates":[[[-58.605287,-34.453716],[-58.605453,-34.453502],[-58.60534,-34.453442],[-58.605171,-34.453654],[-58.605287,-34.453716]]]}},{"type":"Feature","properties":{"partida":"057058280","cca":"057020P00000000000000000000000470000011000","tipo":"Urbano","sup_m2":308.0},"geometry":{"type":"Polygon","coordinates":[[[-58.605551,-34.453554],[-58.605453,-34.453502],[-58.605287,-34.453716],[-58.605388,-34.453771],[-58.605551,-34.453554]]]}},{"type":"Feature","properties":{"partida":"057058281","cca":"057020P00000000000000000000000470000012000","tipo":"Urbano","sup_m2":344.7},"geometry":{"type":"Polygon","coordinates":[[[-58.605498,-34.45383],[-58.605664,-34.453614],[-58.605551,-34.453554],[-58.605388,-34.453771],[-58.605498,-34.45383]]]}},{"type":"Feature","properties":{"partida":"057058282","cca":"057020P00000000000000000000000470000013000","tipo":"Urbano","sup_m2":388.9},"geometry":{"type":"Polygon","coordinates":[[[-58.605664,-34.453614],[-58.605498,-34.45383],[-58.605573,-34.453871],[-58.605651,-34.453866],[-58.605793,-34.453683],[-58.605664,-34.453614]]]}},{"type":"Feature","properties":{"partida":"057058283","cca":"057020P00000000000000000000000470000014000","tipo":"Urbano","sup_m2":445.8},"geometry":{"type":"Polygon","coordinates":[[[-58.605793,-34.453683],[-58.605863,-34.453591],[-58.605523,-34.453411],[-58.605453,-34.453502],[-58.605793,-34.453683]]]}},{"type":"Feature","properties":{"partida":"057058284","cca":"057020P00000000000000000000000470000015000","tipo":"Urbano","sup_m2":445.4},"geometry":{"type":"Polygon","coordinates":[[[-58.605933,-34.4535],[-58.605593,-34.45332],[-58.605523,-34.453411],[-58.605863,-34.453591],[-58.605933,-34.4535]]]}},{"type":"Feature","properties":{"partida":"057058285","cca":"057020P00000000000000000000000470000016000","tipo":"Urbano","sup_m2":445.7},"geometry":{"type":"Polygon","coordinates":[[[-58.605663,-34.453229],[-58.605593,-34.45332],[-58.605933,-34.4535],[-58.606005,-34.453409],[-58.605663,-34.453229]]]}},{"type":"Feature","properties":{"partida":"057058286","cca":"057020P00000000000000000000000470000017000","tipo":"Urbano","sup_m2":447.4},"geometry":{"type":"Polygon","coordinates":[[[-58.606076,-34.453319],[-58.605734,-34.453138],[-58.605663,-34.453229],[-58.606005,-34.453409],[-58.606076,-34.453319]]]}},{"type":"Feature","properties":{"partida":"057058287","cca":"057020P00000000000000000000000470000018000","tipo":"Urbano","sup_m2":446.8},"geometry":{"type":"Polygon","coordinates":[[[-58.606145,-34.453227],[-58.605804,-34.453047],[-58.605734,-34.453138],[-58.606076,-34.453319],[-58.606145,-34.453227]]]}},{"type":"Feature","properties":{"partida":"057058288","cca":"057020P00000000000000000000000470000019000","tipo":"Urbano","sup_m2":448.3},"geometry":{"type":"Polygon","coordinates":[[[-58.606215,-34.453136],[-58.605874,-34.452955],[-58.605804,-34.453047],[-58.606145,-34.453227],[-58.606215,-34.453136]]]}},{"type":"Feature","properties":{"partida":"057058289","cca":"057020P00000000000000000000000470000020000","tipo":"Urbano","sup_m2":370.9},"geometry":{"type":"Polygon","coordinates":[[[-58.606089,-34.453067],[-58.606215,-34.453136],[-58.606359,-34.452949],[-58.606346,-34.452906],[-58.60626,-34.452858],[-58.606089,-34.453067]]]}},{"type":"Feature","properties":{"partida":"057058290","cca":"057020P00000000000000000000000470000021000","tipo":"Urbano","sup_m2":346.6},"geometry":{"type":"Polygon","coordinates":[[[-58.60626,-34.452858],[-58.606146,-34.452796],[-58.605978,-34.453009],[-58.606089,-34.453067],[-58.60626,-34.452858]]]}},{"type":"Feature","properties":{"partida":"057058291","cca":"057020P00000000000000000000000470000022000","tipo":"Urbano","sup_m2":321.0},"geometry":{"type":"Polygon","coordinates":[[[-58.60604,-34.452741],[-58.605874,-34.452955],[-58.605978,-34.453009],[-58.606146,-34.452796],[-58.60604,-34.452741]]]}},{"type":"Feature","properties":{"partida":"057087149","cca":"057020P0000000000000000000000047000002300A","tipo":"Urbano","sup_m2":168.8},"geometry":{"type":"Polygon","coordinates":[[[-58.605756,-34.452894],[-58.605874,-34.452955],[-58.60604,-34.452741],[-58.606021,-34.452731],[-58.605921,-34.452865],[-58.605824,-34.452814],[-58.605756,-34.452894]]]}},{"type":"Feature","properties":{"partida":"057058292","cca":"057020P0000000000000000000000047000002300B","tipo":"Urbano","sup_m2":175.1},"geometry":{"type":"Polygon","coordinates":[[[-58.605934,-34.452685],[-58.605824,-34.452814],[-58.605921,-34.452865],[-58.606021,-34.452731],[-58.605934,-34.452685]]]}},{"type":"Feature","properties":{"partida":"057058293","cca":"057020P00000000000000000000000470000024000","tipo":"Urbano","sup_m2":327.4},"geometry":{"type":"Polygon","coordinates":[[[-58.605822,-34.452627],[-58.605655,-34.452838],[-58.605756,-34.452894],[-58.605934,-34.452685],[-58.605822,-34.452627]]]}},{"type":"Feature","properties":{"partida":"057027933","cca":"057020P00000000000000000000000510000001000","tipo":"Urbano","sup_m2":460.8},"geometry":{"type":"Polygon","coordinates":[[[-58.606841,-34.452525],[-58.606973,-34.452268],[-58.606846,-34.452224],[-58.606795,-34.452238],[-58.606709,-34.452497],[-58.606841,-34.452525]]]}},{"type":"Feature","properties":{"partida":"057047116","cca":"057020P0000000000000000000000051000000200A","tipo":"Urbano","sup_m2":818.8},"geometry":{"type":"Polygon","coordinates":[[[-58.606643,-34.452698],[-58.607019,-34.452774],[-58.607085,-34.452574],[-58.606709,-34.452497],[-58.606643,-34.452698]]]}},{"type":"Feature","properties":{"partida":"057047118","cca":"057020P00000000000000000000000510000004000","tipo":"Urbano","sup_m2":431.2},"geometry":{"type":"Polygon","coordinates":[[[-58.606884,-34.452747],[-58.606643,-34.452698],[-58.606594,-34.452862],[-58.606629,-34.452902],[-58.606721,-34.452951],[-58.606884,-34.452747]]]}},{"type":"Feature","properties":{"partida":"057047119","cca":"057020P00000000000000000000000510000005000","tipo":"Urbano","sup_m2":349.6},"geometry":{"type":"Polygon","coordinates":[[[-58.606884,-34.452747],[-58.606721,-34.452951],[-58.60683,-34.453009],[-58.607019,-34.452774],[-58.606884,-34.452747]]]}},{"type":"Feature","properties":{"partida":"057047115","cca":"057020P00000000000000000000000510000006000","tipo":"Urbano","sup_m2":399.5},"geometry":{"type":"Polygon","coordinates":[[[-58.60694,-34.453068],[-58.607064,-34.452914],[-58.607153,-34.452802],[-58.607019,-34.452774],[-58.60683,-34.453009],[-58.60694,-34.453068]]]}},{"type":"Feature","properties":{"partida":"057047120","cca":"057020P00000000000000000000000510000007000","tipo":"Urbano","sup_m2":320.9},"geometry":{"type":"Polygon","coordinates":[[[-58.60694,-34.453068],[-58.607069,-34.453136],[-58.607221,-34.452946],[-58.607064,-34.452914],[-58.60694,-34.453068]]]}},{"type":"Feature","properties":{"partida":"057047121","cca":"057020P00000000000000000000000510000008000","tipo":"Urbano","sup_m2":443.9},"geometry":{"type":"Polygon","coordinates":[[[-58.607069,-34.453136],[-58.607225,-34.453219],[-58.607273,-34.45321],[-58.607345,-34.452971],[-58.607221,-34.452946],[-58.607069,-34.453136]]]}},{"type":"Feature","properties":{"partida":"057047122","cca":"057020P00000000000000000000000510000009000","tipo":"Urbano","sup_m2":338.9},"geometry":{"type":"Polygon","coordinates":[[[-58.607064,-34.452914],[-58.607345,-34.452971],[-58.607381,-34.452847],[-58.607153,-34.452802],[-58.607064,-34.452914]]]}},{"type":"Feature","properties":{"partida":"057047123","cca":"057020P00000000000000000000000510000010000","tipo":"Urbano","sup_m2":385.5},"geometry":{"type":"Polygon","coordinates":[[[-58.607019,-34.452774],[-58.607381,-34.452847],[-58.607409,-34.45275],[-58.607052,-34.452674],[-58.607019,-34.452774]]]}},{"type":"Feature","properties":{"partida":"057047124","cca":"057020P00000000000000000000000510000011000","tipo":"Urbano","sup_m2":393.3},"geometry":{"type":"Polygon","coordinates":[[[-58.607052,-34.452674],[-58.607409,-34.45275],[-58.607439,-34.452647],[-58.607085,-34.452574],[-58.607052,-34.452674]]]}},{"type":"Feature","properties":{"partida":"057047125","cca":"057020P0000000000000000000000051000001200A","tipo":"Urbano","sup_m2":264.5},"geometry":{"type":"Polygon","coordinates":[[[-58.607439,-34.452647],[-58.60747,-34.45254],[-58.60725,-34.452495],[-58.607201,-34.452598],[-58.607439,-34.452647]]]}},{"type":"Feature","properties":{"partida":"057086272","cca":"057020P0000000000000000000000051000001200B","tipo":"Urbano","sup_m2":223.8},"geometry":{"type":"Polygon","coordinates":[[[-58.60747,-34.45254],[-58.607488,-34.452477],[-58.607457,-34.452439],[-58.607304,-34.452385],[-58.60725,-34.452495],[-58.60747,-34.45254]]]}},{"type":"Feature","properties":{"partida":"057041175","cca":"057020P00000000000000000000000510000013000","tipo":"Urbano","sup_m2":283.8},"geometry":{"type":"Polygon","coordinates":[[[-58.607201,-34.452598],[-58.607304,-34.452385],[-58.607196,-34.452347],[-58.607085,-34.452574],[-58.607201,-34.452598]]]}},{"type":"Feature","properties":{"partida":"057047126","cca":"057020P00000000000000000000000510000014000","tipo":"Urbano","sup_m2":311.9},"geometry":{"type":"Polygon","coordinates":[[[-58.607085,-34.452574],[-58.607196,-34.452347],[-58.607088,-34.452309],[-58.606964,-34.452549],[-58.607085,-34.452574]]]}},{"type":"Feature","properties":{"partida":"057047127","cca":"057020P00000000000000000000000510000015000","tipo":"Urbano","sup_m2":343.8},"geometry":{"type":"Polygon","coordinates":[[[-58.606841,-34.452525],[-58.606964,-34.452549],[-58.607088,-34.452309],[-58.606973,-34.452268],[-58.606841,-34.452525]]]}},{"type":"Feature","properties":{"partida":"057027934","cca":"057020P00000000000000000000000520000001000","tipo":"Urbano","sup_m2":365.4},"geometry":{"type":"Polygon","coordinates":[[[-58.606472,-34.453272],[-58.606641,-34.453057],[-58.606558,-34.453012],[-58.606493,-34.453026],[-58.606353,-34.453208],[-58.606472,-34.453272]]]}},{"type":"Feature","properties":{"partida":"057058415","cca":"057020P00000000000000000000000520000002000","tipo":"Urbano","sup_m2":447.9},"geometry":{"type":"Polygon","coordinates":[[[-58.606353,-34.453208],[-58.606282,-34.4533],[-58.606624,-34.453481],[-58.606695,-34.45339],[-58.606353,-34.453208]]]}},{"type":"Feature","properties":{"partida":"057058416","cca":"057020P00000000000000000000000520000003000","tipo":"Urbano","sup_m2":446.5},"geometry":{"type":"Polygon","coordinates":[[[-58.606624,-34.453481],[-58.606282,-34.4533],[-58.606212,-34.453391],[-58.606552,-34.453571],[-58.606624,-34.453481]]]}},{"type":"Feature","properties":{"partida":"057058417","cca":"057020P00000000000000000000000520000004000","tipo":"Urbano","sup_m2":446.5},"geometry":{"type":"Polygon","coordinates":[[[-58.606552,-34.453571],[-58.606212,-34.453391],[-58.606142,-34.453482],[-58.606483,-34.453663],[-58.606552,-34.453571]]]}},{"type":"Feature","properties":{"partida":"057058418","cca":"057020P00000000000000000000000520000005000","tipo":"Urbano","sup_m2":446.8},"geometry":{"type":"Polygon","coordinates":[[[-58.606413,-34.453754],[-58.606483,-34.453663],[-58.606142,-34.453482],[-58.606071,-34.453573],[-58.606413,-34.453754]]]}},{"type":"Feature","properties":{"partida":"057058419","cca":"057020P00000000000000000000000520000006000","tipo":"Urbano","sup_m2":442.5},"geometry":{"type":"Polygon","coordinates":[[[-58.606342,-34.453845],[-58.606413,-34.453754],[-58.606071,-34.453573],[-58.606002,-34.453662],[-58.606342,-34.453845]]]}},{"type":"Feature","properties":{"partida":"057058420","cca":"057020P00000000000000000000000520000007000","tipo":"Urbano","sup_m2":452.9},"geometry":{"type":"Polygon","coordinates":[[[-58.606002,-34.453662],[-58.60593,-34.453756],[-58.606271,-34.453936],[-58.606342,-34.453845],[-58.606002,-34.453662]]]}},{"type":"Feature","properties":{"partida":"057058421","cca":"057020P00000000000000000000000520000008000","tipo":"Urbano","sup_m2":346.7},"geometry":{"type":"Polygon","coordinates":[[[-58.606046,-34.453817],[-58.60593,-34.453756],[-58.605791,-34.453937],[-58.605801,-34.453984],[-58.605885,-34.45403],[-58.606046,-34.453817]]]}},{"type":"Feature","properties":{"partida":"057058422","cca":"057020P00000000000000000000000520000009000","tipo":"Urbano","sup_m2":330.3},"geometry":{"type":"Polygon","coordinates":[[[-58.606046,-34.453817],[-58.605885,-34.45403],[-58.605991,-34.454087],[-58.606156,-34.453875],[-58.606046,-34.453817]]]}},{"type":"Feature","properties":{"partida":"057058423","cca":"057020P00000000000000000000000520000010000","tipo":"Urbano","sup_m2":353.4},"geometry":{"type":"Polygon","coordinates":[[[-58.606271,-34.453936],[-58.606156,-34.453875],[-58.605991,-34.454087],[-58.606106,-34.45415],[-58.606271,-34.453936]]]}},{"type":"Feature","properties":{"partida":"057030081","cca":"057020P00000000000000000000000520000011000","tipo":"Urbano","sup_m2":301.1},"geometry":{"type":"Polygon","coordinates":[[[-58.606106,-34.45415],[-58.606203,-34.454202],[-58.606369,-34.453988],[-58.606271,-34.453936],[-58.606106,-34.45415]]]}},{"type":"Feature","properties":{"partida":"057058424","cca":"057020P00000000000000000000000520000012000","tipo":"Urbano","sup_m2":349.2},"geometry":{"type":"Polygon","coordinates":[[[-58.606203,-34.454202],[-58.606315,-34.454263],[-58.606482,-34.454048],[-58.606369,-34.453988],[-58.606203,-34.454202]]]}},{"type":"Feature","properties":{"partida":"057058425","cca":"057020P00000000000000000000000520000013000","tipo":"Urbano","sup_m2":391.9},"geometry":{"type":"Polygon","coordinates":[[[-58.606482,-34.454048],[-58.606315,-34.454263],[-58.606407,-34.454313],[-58.606471,-34.454298],[-58.606611,-34.454116],[-58.606482,-34.454048]]]}},{"type":"Feature","properties":{"partida":"057058426","cca":"057020P00000000000000000000000520000014000","tipo":"Urbano","sup_m2":442.4},"geometry":{"type":"Polygon","coordinates":[[[-58.606271,-34.453936],[-58.606611,-34.454116],[-58.60668,-34.454026],[-58.606342,-34.453845],[-58.606271,-34.453936]]]}},{"type":"Feature","properties":{"partida":"057058427","cca":"057020P00000000000000000000000520000015000","tipo":"Urbano","sup_m2":448.5},"geometry":{"type":"Polygon","coordinates":[[[-58.606342,-34.453845],[-58.60668,-34.454026],[-58.606752,-34.453933],[-58.606413,-34.453754],[-58.606342,-34.453845]]]}},{"type":"Feature","properties":{"partida":"057058428","cca":"057020P00000000000000000000000520000016000","tipo":"Urbano","sup_m2":443.9},"geometry":{"type":"Polygon","coordinates":[[[-58.606413,-34.453754],[-58.606752,-34.453933],[-58.606822,-34.453842],[-58.606483,-34.453663],[-58.606413,-34.453754]]]}},{"type":"Feature","properties":{"partida":"057058429","cca":"057020P00000000000000000000000520000017000","tipo":"Urbano","sup_m2":444.8},"geometry":{"type":"Polygon","coordinates":[[[-58.606483,-34.453663],[-58.606822,-34.453842],[-58.606893,-34.453751],[-58.606552,-34.453571],[-58.606483,-34.453663]]]}},{"type":"Feature","properties":{"partida":"057058430","cca":"057020P00000000000000000000000520000018000","tipo":"Urbano","sup_m2":444.1},"geometry":{"type":"Polygon","coordinates":[[[-58.606552,-34.453571],[-58.606893,-34.453751],[-58.606963,-34.45366],[-58.606624,-34.453481],[-58.606552,-34.453571]]]}},{"type":"Feature","properties":{"partida":"057058431","cca":"057020P00000000000000000000000520000019000","tipo":"Urbano","sup_m2":442.2},"geometry":{"type":"Polygon","coordinates":[[[-58.606624,-34.453481],[-58.606963,-34.45366],[-58.607032,-34.453568],[-58.606695,-34.45339],[-58.606624,-34.453481]]]}},{"type":"Feature","properties":{"partida":"057058432","cca":"057020P00000000000000000000000520000020000","tipo":"Urbano","sup_m2":377.1},"geometry":{"type":"Polygon","coordinates":[[[-58.606907,-34.453502],[-58.607032,-34.453568],[-58.607175,-34.453387],[-58.607161,-34.453338],[-58.607071,-34.453289],[-58.606907,-34.453502]]]}},{"type":"Feature","properties":{"partida":"057058433","cca":"057020P00000000000000000000000520000021000","tipo":"Urbano","sup_m2":342.2},"geometry":{"type":"Polygon","coordinates":[[[-58.606907,-34.453502],[-58.607071,-34.453289],[-58.606958,-34.453228],[-58.606796,-34.453443],[-58.606907,-34.453502]]]}},{"type":"Feature","properties":{"partida":"057058434","cca":"057020P00000000000000000000000520000022000","tipo":"Urbano","sup_m2":305.9},"geometry":{"type":"Polygon","coordinates":[[[-58.606796,-34.453443],[-58.606958,-34.453228],[-58.606861,-34.453176],[-58.606695,-34.45339],[-58.606796,-34.453443]]]}},{"type":"Feature","properties":{"partida":"057058435","cca":"057020P00000000000000000000000520000023000","tipo":"Urbano","sup_m2":348.3},"geometry":{"type":"Polygon","coordinates":[[[-58.606582,-34.45333],[-58.606695,-34.45339],[-58.606861,-34.453176],[-58.606748,-34.453115],[-58.606582,-34.45333]]]}},{"type":"Feature","properties":{"partida":"057041174","cca":"057020P00000000000000000000000520000024000","tipo":"Urbano","sup_m2":337.6},"geometry":{"type":"Polygon","coordinates":[[[-58.606472,-34.453272],[-58.606582,-34.45333],[-58.606748,-34.453115],[-58.606641,-34.453057],[-58.606472,-34.453272]]]}},{"type":"Feature","properties":{"partida":"057058576","cca":"057020P00000000000000000000000550000005000","tipo":"Urbano","sup_m2":562.9},"geometry":{"type":"Polygon","coordinates":[[[-58.607781,-34.452142],[-58.607721,-34.452335],[-58.607742,-34.452372],[-58.607898,-34.452432],[-58.608033,-34.452202],[-58.607781,-34.452142]]]}},{"type":"Feature","properties":{"partida":"057058577","cca":"057020P00000000000000000000000550000006000","tipo":"Urbano","sup_m2":361.9},"geometry":{"type":"Polygon","coordinates":[[[-58.608033,-34.452202],[-58.607898,-34.452432],[-58.608023,-34.452477],[-58.608163,-34.452233],[-58.608033,-34.452202]]]}},{"type":"Feature","properties":{"partida":"057058578","cca":"057020P00000000000000000000000550000007000","tipo":"Urbano","sup_m2":362.3},"geometry":{"type":"Polygon","coordinates":[[[-58.608143,-34.452522],[-58.608284,-34.452262],[-58.608163,-34.452233],[-58.608023,-34.452477],[-58.608143,-34.452522]]]}},{"type":"Feature","properties":{"partida":"057058579","cca":"057020P00000000000000000000000550000008000","tipo":"Urbano","sup_m2":380.6},"geometry":{"type":"Polygon","coordinates":[[[-58.608143,-34.452522],[-58.608255,-34.452563],[-58.608413,-34.452293],[-58.608284,-34.452262],[-58.608143,-34.452522]]]}},{"type":"Feature","properties":{"partida":"057058580","cca":"057020P00000000000000000000000550000009000","tipo":"Urbano","sup_m2":440.3},"geometry":{"type":"Polygon","coordinates":[[[-58.608413,-34.452293],[-58.608255,-34.452563],[-58.608378,-34.452608],[-58.608429,-34.452594],[-58.608516,-34.452318],[-58.608413,-34.452293]]]}},{"type":"Feature","properties":{"partida":"057058581","cca":"057020P00000000000000000000000550000010000","tipo":"Urbano","sup_m2":410.4},"geometry":{"type":"Polygon","coordinates":[[[-58.608163,-34.452233],[-58.608516,-34.452318],[-58.60855,-34.452209],[-58.608197,-34.45213],[-58.608163,-34.452233]]]}},{"type":"Feature","properties":{"partida":"057027928","cca":"057020P00000000000000000000000560000001000","tipo":"Urbano","sup_m2":472.4},"geometry":{"type":"Polygon","coordinates":[[[-58.60758,-34.45281],[-58.607703,-34.452837],[-58.607842,-34.452569],[-58.607704,-34.452522],[-58.607656,-34.452548],[-58.60758,-34.45281]]]}},{"type":"Feature","properties":{"partida":"057058594","cca":"057020P00000000000000000000000560000002000","tipo":"Urbano","sup_m2":436.0},"geometry":{"type":"Polygon","coordinates":[[[-58.60758,-34.45281],[-58.607548,-34.452921],[-58.60791,-34.452996],[-58.607946,-34.452886],[-58.60758,-34.45281]]]}},{"type":"Feature","properties":{"partida":"057058595","cca":"057020P00000000000000000000000560000003000","tipo":"Urbano","sup_m2":432.7},"geometry":{"type":"Polygon","coordinates":[[[-58.60791,-34.452996],[-58.607548,-34.452921],[-58.607516,-34.453033],[-58.607874,-34.453107],[-58.60791,-34.452996]]]}},{"type":"Feature","properties":{"partida":"057058596","cca":"057020P00000000000000000000000560000004000","tipo":"Urbano","sup_m2":428.1},"geometry":{"type":"Polygon","coordinates":[[[-58.607838,-34.453217],[-58.607874,-34.453107],[-58.607516,-34.453033],[-58.607484,-34.453144],[-58.607838,-34.453217]]]}},{"type":"Feature","properties":{"partida":"057058597","cca":"057020P00000000000000000000000560000005000","tipo":"Urbano","sup_m2":398.4},"geometry":{"type":"Polygon","coordinates":[[[-58.607712,-34.453191],[-58.607484,-34.453144],[-58.607444,-34.453298],[-58.607464,-34.453345],[-58.607556,-34.453395],[-58.607712,-34.453191]]]}},{"type":"Feature","properties":{"partida":"057058598","cca":"057020P00000000000000000000000560000006000","tipo":"Urbano","sup_m2":334.2},"geometry":{"type":"Polygon","coordinates":[[[-58.607712,-34.453191],[-58.607556,-34.453395],[-58.607665,-34.453453],[-58.607838,-34.453217],[-58.607712,-34.453191]]]}},{"type":"Feature","properties":{"partida":"057058599","cca":"057020P00000000000000000000000560000007000","tipo":"Urbano","sup_m2":373.1},"geometry":{"type":"Polygon","coordinates":[[[-58.607766,-34.453506],[-58.607883,-34.453357],[-58.60797,-34.453245],[-58.607838,-34.453217],[-58.607665,-34.453453],[-58.607766,-34.453506]]]}},{"type":"Feature","properties":{"partida":"057058600","cca":"057020P00000000000000000000000560000008000","tipo":"Urbano","sup_m2":305.1},"geometry":{"type":"Polygon","coordinates":[[[-58.607766,-34.453506],[-58.607896,-34.453575],[-58.608033,-34.453388],[-58.607883,-34.453357],[-58.607766,-34.453506]]]}},{"type":"Feature","properties":{"partida":"057058601","cca":"057020P00000000000000000000000560000009000","tipo":"Urbano","sup_m2":370.9},"geometry":{"type":"Polygon","coordinates":[[[-58.607896,-34.453575],[-58.608029,-34.453643],[-58.608075,-34.453619],[-58.608153,-34.453413],[-58.608033,-34.453388],[-58.607896,-34.453575]]]}},{"type":"Feature","properties":{"partida":"057058602","cca":"057020P00000000000000000000000560000010000","tipo":"Urbano","sup_m2":326.3},"geometry":{"type":"Polygon","coordinates":[[[-58.607883,-34.453357],[-58.608153,-34.453413],[-58.608192,-34.453291],[-58.60797,-34.453245],[-58.607883,-34.453357]]]}},{"type":"Feature","properties":{"partida":"057058603","cca":"057020P00000000000000000000000560000011000","tipo":"Urbano","sup_m2":426.3},"geometry":{"type":"Polygon","coordinates":[[[-58.607838,-34.453217],[-58.608192,-34.453291],[-58.608228,-34.45318],[-58.607874,-34.453107],[-58.607838,-34.453217]]]}},{"type":"Feature","properties":{"partida":"057058604","cca":"057020P00000000000000000000000560000012000","tipo":"Urbano","sup_m2":425.3},"geometry":{"type":"Polygon","coordinates":[[[-58.607874,-34.453107],[-58.608228,-34.45318],[-58.608263,-34.453069],[-58.60791,-34.452996],[-58.607874,-34.453107]]]}},{"type":"Feature","properties":{"partida":"057058605","cca":"057020P00000000000000000000000560000013000","tipo":"Urbano","sup_m2":424.4},"geometry":{"type":"Polygon","coordinates":[[[-58.607946,-34.452886],[-58.60791,-34.452996],[-58.608263,-34.453069],[-58.608298,-34.452959],[-58.607946,-34.452886]]]}},{"type":"Feature","properties":{"partida":"057058606","cca":"057020P00000000000000000000000560000014000","tipo":"Urbano","sup_m2":481.1},"geometry":{"type":"Polygon","coordinates":[[[-58.608298,-34.452959],[-58.608355,-34.452781],[-58.608316,-34.45273],[-58.608188,-34.452687],[-58.608079,-34.452913],[-58.608298,-34.452959]]]}},{"type":"Feature","properties":{"partida":"057058607","cca":"057020P00000000000000000000000560000015000","tipo":"Urbano","sup_m2":338.6},"geometry":{"type":"Polygon","coordinates":[[[-58.608079,-34.452913],[-58.608188,-34.452687],[-58.608069,-34.452647],[-58.607946,-34.452886],[-58.608079,-34.452913]]]}},{"type":"Feature","properties":{"partida":"057058608","cca":"057020P00000000000000000000000560000016000","tipo":"Urbano","sup_m2":318.9},"geometry":{"type":"Polygon","coordinates":[[[-58.607832,-34.452862],[-58.607946,-34.452886],[-58.608069,-34.452647],[-58.60796,-34.452609],[-58.607832,-34.452862]]]}},{"type":"Feature","properties":{"partida":"057058609","cca":"057020P00000000000000000000000560000017000","tipo":"Urbano","sup_m2":373.3},"geometry":{"type":"Polygon","coordinates":[[[-58.607832,-34.452862],[-58.60796,-34.452609],[-58.607842,-34.452569],[-58.607703,-34.452837],[-58.607832,-34.452862]]]}},{"type":"Feature","properties":{"partida":"057027929","cca":"057020P00000000000000000000000570000001000","tipo":"Urbano","sup_m2":350.8},"geometry":{"type":"Polygon","coordinates":[[[-58.607171,-34.453642],[-58.607288,-34.453704],[-58.607456,-34.453489],[-58.607379,-34.453448],[-58.607315,-34.453462],[-58.607171,-34.453642]]]}},{"type":"Feature","properties":{"partida":"057058686","cca":"057020P00000000000000000000000570000002000","tipo":"Urbano","sup_m2":445.4},"geometry":{"type":"Polygon","coordinates":[[[-58.607441,-34.453913],[-58.607511,-34.453822],[-58.607171,-34.453642],[-58.6071,-34.453733],[-58.607441,-34.453913]]]}},{"type":"Feature","properties":{"partida":"057058687","cca":"057020P00000000000000000000000570000003000","tipo":"Urbano","sup_m2":445.4},"geometry":{"type":"Polygon","coordinates":[[[-58.6071,-34.453733],[-58.60703,-34.453824],[-58.60737,-34.454004],[-58.607441,-34.453913],[-58.6071,-34.453733]]]}},{"type":"Feature","properties":{"partida":"057058688","cca":"057020P00000000000000000000000570000004000","tipo":"Urbano","sup_m2":445.5},"geometry":{"type":"Polygon","coordinates":[[[-58.60737,-34.454004],[-58.60703,-34.453824],[-58.60696,-34.453915],[-58.6073,-34.454095],[-58.60737,-34.454004]]]}},{"type":"Feature","properties":{"partida":"057058689","cca":"057020P00000000000000000000000570000005000","tipo":"Urbano","sup_m2":445.5},"geometry":{"type":"Polygon","coordinates":[[[-58.6073,-34.454095],[-58.60696,-34.453915],[-58.606889,-34.454006],[-58.60723,-34.454186],[-58.6073,-34.454095]]]}},{"type":"Feature","properties":{"partida":"057058690","cca":"057020P00000000000000000000000570000006000","tipo":"Urbano","sup_m2":442.8},"geometry":{"type":"Polygon","coordinates":[[[-58.606889,-34.454006],[-58.60682,-34.454096],[-58.60716,-34.454277],[-58.60723,-34.454186],[-58.606889,-34.454006]]]}},{"type":"Feature","properties":{"partida":"057058691","cca":"057020P00000000000000000000000570000007000","tipo":"Urbano","sup_m2":452.0},"geometry":{"type":"Polygon","coordinates":[[[-58.607089,-34.454369],[-58.60716,-34.454277],[-58.60682,-34.454096],[-58.606748,-34.454189],[-58.607089,-34.454369]]]}},{"type":"Feature","properties":{"partida":"057058692","cca":"057020P00000000000000000000000570000008000","tipo":"Urbano","sup_m2":345.8},"geometry":{"type":"Polygon","coordinates":[[[-58.606864,-34.45425],[-58.606748,-34.454189],[-58.606608,-34.454371],[-58.606619,-34.454418],[-58.606703,-34.454463],[-58.606864,-34.45425]]]}},{"type":"Feature","properties":{"partida":"057058693","cca":"057020P00000000000000000000000570000009000","tipo":"Urbano","sup_m2":330.2},"geometry":{"type":"Polygon","coordinates":[[[-58.606864,-34.45425],[-58.606703,-34.454463],[-58.606809,-34.45452],[-58.606974,-34.454308],[-58.606864,-34.45425]]]}},{"type":"Feature","properties":{"partida":"057058694","cca":"057020P00000000000000000000000570000010000","tipo":"Urbano","sup_m2":353.6},"geometry":{"type":"Polygon","coordinates":[[[-58.606974,-34.454308],[-58.606809,-34.45452],[-58.606924,-34.454583],[-58.607089,-34.454369],[-58.606974,-34.454308]]]}},{"type":"Feature","properties":{"partida":"057058695","cca":"057020P00000000000000000000000570000011000","tipo":"Urbano","sup_m2":301.1},"geometry":{"type":"Polygon","coordinates":[[[-58.606924,-34.454583],[-58.607021,-34.454635],[-58.607187,-34.454421],[-58.607089,-34.454369],[-58.606924,-34.454583]]]}},{"type":"Feature","properties":{"partida":"057058696","cca":"057020P00000000000000000000000570000012000","tipo":"Urbano","sup_m2":349.0},"geometry":{"type":"Polygon","coordinates":[[[-58.607021,-34.454635],[-58.607133,-34.454696],[-58.6073,-34.45448],[-58.607187,-34.454421],[-58.607021,-34.454635]]]}},{"type":"Feature","properties":{"partida":"057058697","cca":"057020P00000000000000000000000570000013000","tipo":"Urbano","sup_m2":392.8},"geometry":{"type":"Polygon","coordinates":[[[-58.6073,-34.45448],[-58.607133,-34.454696],[-58.607226,-34.454746],[-58.607289,-34.45473],[-58.60743,-34.454548],[-58.6073,-34.45448]]]}},{"type":"Feature","properties":{"partida":"057058698","cca":"057020P00000000000000000000000570000014000","tipo":"Urbano","sup_m2":446.0},"geometry":{"type":"Polygon","coordinates":[[[-58.607089,-34.454369],[-58.60743,-34.454548],[-58.6075,-34.454458],[-58.60716,-34.454277],[-58.607089,-34.454369]]]}},{"type":"Feature","properties":{"partida":"057058699","cca":"057020P00000000000000000000000570000015000","tipo":"Urbano","sup_m2":445.6},"geometry":{"type":"Polygon","coordinates":[[[-58.60716,-34.454277],[-58.6075,-34.454458],[-58.60757,-34.454366],[-58.60723,-34.454186],[-58.60716,-34.454277]]]}},{"type":"Feature","properties":{"partida":"057058700","cca":"057020P00000000000000000000000570000016000","tipo":"Urbano","sup_m2":445.3},"geometry":{"type":"Polygon","coordinates":[[[-58.60723,-34.454186],[-58.60757,-34.454366],[-58.60764,-34.454275],[-58.6073,-34.454095],[-58.60723,-34.454186]]]}},{"type":"Feature","properties":{"partida":"057058701","cca":"057020P00000000000000000000000570000017000","tipo":"Urbano","sup_m2":445.4},"geometry":{"type":"Polygon","coordinates":[[[-58.6073,-34.454095],[-58.60764,-34.454275],[-58.607711,-34.454184],[-58.60737,-34.454004],[-58.6073,-34.454095]]]}},{"type":"Feature","properties":{"partida":"057058702","cca":"057020P00000000000000000000000570000018000","tipo":"Urbano","sup_m2":445.4},"geometry":{"type":"Polygon","coordinates":[[[-58.607711,-34.454184],[-58.607781,-34.454093],[-58.607441,-34.453913],[-58.60737,-34.454004],[-58.607711,-34.454184]]]}},{"type":"Feature","properties":{"partida":"057058703","cca":"057020P00000000000000000000000570000019000","tipo":"Urbano","sup_m2":445.5},"geometry":{"type":"Polygon","coordinates":[[[-58.607441,-34.453913],[-58.607781,-34.454093],[-58.607851,-34.454002],[-58.607511,-34.453822],[-58.607441,-34.453913]]]}},{"type":"Feature","properties":{"partida":"057058704","cca":"057020P00000000000000000000000570000020000","tipo":"Urbano","sup_m2":382.0},"geometry":{"type":"Polygon","coordinates":[[[-58.607851,-34.454002],[-58.607991,-34.453818],[-58.607977,-34.45377],[-58.607887,-34.453721],[-58.607723,-34.453934],[-58.607851,-34.454002]]]}},{"type":"Feature","properties":{"partida":"057058705","cca":"057020P00000000000000000000000570000021000","tipo":"Urbano","sup_m2":342.6},"geometry":{"type":"Polygon","coordinates":[[[-58.607613,-34.453875],[-58.607723,-34.453934],[-58.607887,-34.453721],[-58.607774,-34.45366],[-58.607613,-34.453875]]]}},{"type":"Feature","properties":{"partida":"057058706","cca":"057020P00000000000000000000000570000022000","tipo":"Urbano","sup_m2":306.2},"geometry":{"type":"Polygon","coordinates":[[[-58.607613,-34.453875],[-58.607774,-34.45366],[-58.607676,-34.453608],[-58.607511,-34.453822],[-58.607613,-34.453875]]]}},{"type":"Feature","properties":{"partida":"057058707","cca":"057020P00000000000000000000000570000023000","tipo":"Urbano","sup_m2":347.9},"geometry":{"type":"Polygon","coordinates":[[[-58.607399,-34.453762],[-58.607511,-34.453822],[-58.607676,-34.453608],[-58.607563,-34.453547],[-58.607399,-34.453762]]]}},{"type":"Feature","properties":{"partida":"057058708","cca":"057020P00000000000000000000000570000024000","tipo":"Urbano","sup_m2":337.1},"geometry":{"type":"Polygon","coordinates":[[[-58.607563,-34.453547],[-58.607456,-34.453489],[-58.607288,-34.453704],[-58.607399,-34.453762],[-58.607563,-34.453547]]]}},{"type":"Feature","properties":{"partida":"057058816","cca":"057020P000000000000000000000006000A0003000","tipo":"Urbano","sup_m2":442.5},"geometry":{"type":"Polygon","coordinates":[[[-58.609083,-34.452325],[-58.60912,-34.452219],[-58.608729,-34.452138],[-58.608697,-34.452241],[-58.609083,-34.452325]]]}},{"type":"Feature","properties":{"partida":"057058817","cca":"057020P000000000000000000000006000A0004000","tipo":"Urbano","sup_m2":448.1},"geometry":{"type":"Polygon","coordinates":[[[-58.609046,-34.452431],[-58.609083,-34.452325],[-58.608697,-34.452241],[-58.608663,-34.452348],[-58.609046,-34.452431]]]}},{"type":"Feature","properties":{"partida":"057058818","cca":"057020P000000000000000000000006000A0005000","tipo":"Urbano","sup_m2":424.4},"geometry":{"type":"Polygon","coordinates":[[[-58.608632,-34.45245],[-58.60901,-34.452534],[-58.609046,-34.452431],[-58.608663,-34.452348],[-58.608632,-34.45245]]]}},{"type":"Feature","properties":{"partida":"057058819","cca":"057020P000000000000000000000006000A0006000","tipo":"Urbano","sup_m2":587.0},"geometry":{"type":"Polygon","coordinates":[[[-58.608884,-34.452506],[-58.608632,-34.45245],[-58.608572,-34.45264],[-58.608594,-34.452688],[-58.608755,-34.452745],[-58.608884,-34.452506]]]}},{"type":"Feature","properties":{"partida":"057058820","cca":"057020P000000000000000000000006000A0007000","tipo":"Urbano","sup_m2":356.5},"geometry":{"type":"Polygon","coordinates":[[[-58.608755,-34.452745],[-58.608876,-34.452787],[-58.60901,-34.452534],[-58.608884,-34.452506],[-58.608755,-34.452745]]]}},{"type":"Feature","properties":{"partida":"057058821","cca":"057020P000000000000000000000006000A0008000","tipo":"Urbano","sup_m2":366.7},"geometry":{"type":"Polygon","coordinates":[[[-58.609138,-34.452562],[-58.60901,-34.452534],[-58.608876,-34.452787],[-58.608989,-34.452826],[-58.609138,-34.452562]]]}},{"type":"Feature","properties":{"partida":"057058822","cca":"057020P000000000000000000000006000A0009000","tipo":"Urbano","sup_m2":411.1},"geometry":{"type":"Polygon","coordinates":[[[-58.609265,-34.452591],[-58.609138,-34.452562],[-58.608989,-34.452826],[-58.609118,-34.452872],[-58.609265,-34.452591]]]}},{"type":"Feature","properties":{"partida":"057058823","cca":"057020P000000000000000000000006000A0010000","tipo":"Urbano","sup_m2":493.0},"geometry":{"type":"Polygon","coordinates":[[[-58.609265,-34.452591],[-58.609118,-34.452872],[-58.609247,-34.452917],[-58.609295,-34.452904],[-58.60939,-34.452618],[-58.609265,-34.452591]]]}},{"type":"Feature","properties":{"partida":"057058824","cca":"057020P000000000000000000000006000A0011000","tipo":"Urbano","sup_m2":433.1},"geometry":{"type":"Polygon","coordinates":[[[-58.609425,-34.452513],[-58.609046,-34.452431],[-58.60901,-34.452534],[-58.60939,-34.452618],[-58.609425,-34.452513]]]}},{"type":"Feature","properties":{"partida":"057058825","cca":"057020P000000000000000000000006000A0012000","tipo":"Urbano","sup_m2":438.0},"geometry":{"type":"Polygon","coordinates":[[[-58.60946,-34.452408],[-58.609083,-34.452325],[-58.609046,-34.452431],[-58.609425,-34.452513],[-58.60946,-34.452408]]]}},{"type":"Feature","properties":{"partida":"057058826","cca":"057020P000000000000000000000006000A0013000","tipo":"Urbano","sup_m2":446.3},"geometry":{"type":"Polygon","coordinates":[[[-58.60946,-34.452408],[-58.609497,-34.452297],[-58.60912,-34.452219],[-58.609083,-34.452325],[-58.60946,-34.452408]]]}},{"type":"Feature","properties":{"partida":"057036007","cca":"057020P000000000000000000000006000B0001000","tipo":"Urbano","sup_m2":435.3},"geometry":{"type":"Polygon","coordinates":[[[-58.608545,-34.453134],[-58.60868,-34.452877],[-58.608551,-34.452832],[-58.608504,-34.452855],[-58.608425,-34.453108],[-58.608545,-34.453134]]]}},{"type":"Feature","properties":{"partida":"057036008","cca":"057020P000000000000000000000006000B0002000","tipo":"Urbano","sup_m2":472.8},"geometry":{"type":"Polygon","coordinates":[[[-58.608425,-34.453108],[-58.608389,-34.453225],[-58.608761,-34.453305],[-58.608797,-34.453189],[-58.608425,-34.453108]]]}},{"type":"Feature","properties":{"partida":"057036006","cca":"057020P000000000000000000000006000B0003000","tipo":"Urbano","sup_m2":470.8},"geometry":{"type":"Polygon","coordinates":[[[-58.608725,-34.453421],[-58.608761,-34.453305],[-58.608389,-34.453225],[-58.608352,-34.453342],[-58.608725,-34.453421]]]}},{"type":"Feature","properties":{"partida":"057036009","cca":"057020P000000000000000000000006000B0004000","tipo":"Urbano","sup_m2":472.0},"geometry":{"type":"Polygon","coordinates":[[[-58.608725,-34.453421],[-58.608352,-34.453342],[-58.608315,-34.45346],[-58.608688,-34.453537],[-58.608725,-34.453421]]]}},{"type":"Feature","properties":{"partida":"057036010","cca":"057020P000000000000000000000006000B0005000","tipo":"Urbano","sup_m2":451.2},"geometry":{"type":"Polygon","coordinates":[[[-58.608653,-34.453649],[-58.608688,-34.453537],[-58.608315,-34.45346],[-58.608281,-34.453571],[-58.608653,-34.453649]]]}},{"type":"Feature","properties":{"partida":"057036011","cca":"057020P000000000000000000000006000B0006000","tipo":"Urbano","sup_m2":452.4},"geometry":{"type":"Polygon","coordinates":[[[-58.608531,-34.453623],[-58.608281,-34.453571],[-58.608239,-34.453723],[-58.608261,-34.453769],[-58.608374,-34.453829],[-58.608531,-34.453623]]]}},{"type":"Feature","properties":{"partida":"057036012","cca":"057020P000000000000000000000006000B0007000","tipo":"Urbano","sup_m2":311.1},"geometry":{"type":"Polygon","coordinates":[[[-58.608653,-34.453649],[-58.608531,-34.453623],[-58.608374,-34.453829],[-58.60847,-34.453881],[-58.608653,-34.453649]]]}},{"type":"Feature","properties":{"partida":"057036013","cca":"057020P000000000000000000000006000B0008000","tipo":"Urbano","sup_m2":385.4},"geometry":{"type":"Polygon","coordinates":[[[-58.608781,-34.453675],[-58.608653,-34.453649],[-58.60847,-34.453881],[-58.608582,-34.45394],[-58.608781,-34.453675]]]}},{"type":"Feature","properties":{"partida":"057036014","cca":"057020P000000000000000000000006000B0009000","tipo":"Urbano","sup_m2":343.1},"geometry":{"type":"Polygon","coordinates":[[[-58.608582,-34.45394],[-58.608717,-34.454011],[-58.608866,-34.453817],[-58.608701,-34.453781],[-58.608582,-34.45394]]]}},{"type":"Feature","properties":{"partida":"057036015","cca":"057020P000000000000000000000006000B0010000","tipo":"Urbano","sup_m2":400.4},"geometry":{"type":"Polygon","coordinates":[[[-58.608866,-34.453817],[-58.608717,-34.454011],[-58.608851,-34.454085],[-58.608905,-34.454059],[-58.608984,-34.453843],[-58.608866,-34.453817]]]}},{"type":"Feature","properties":{"partida":"057036016","cca":"057020P000000000000000000000006000B0011000","tipo":"Urbano","sup_m2":330.3},"geometry":{"type":"Polygon","coordinates":[[[-58.608984,-34.453843],[-58.609019,-34.453725],[-58.608781,-34.453675],[-58.608701,-34.453781],[-58.608984,-34.453843]]]}},{"type":"Feature","properties":{"partida":"057036017","cca":"057020P000000000000000000000006000B0012000","tipo":"Urbano","sup_m2":445.3},"geometry":{"type":"Polygon","coordinates":[[[-58.608688,-34.453537],[-58.608653,-34.453649],[-58.609019,-34.453725],[-58.609053,-34.453612],[-58.608688,-34.453537]]]}},{"type":"Feature","properties":{"partida":"057036018","cca":"057020P000000000000000000000006000B0013000","tipo":"Urbano","sup_m2":454.8},"geometry":{"type":"Polygon","coordinates":[[[-58.609087,-34.453498],[-58.608725,-34.453421],[-58.608688,-34.453537],[-58.609053,-34.453612],[-58.609087,-34.453498]]]}},{"type":"Feature","properties":{"partida":"057036019","cca":"057020P000000000000000000000006000B0014000","tipo":"Urbano","sup_m2":453.9},"geometry":{"type":"Polygon","coordinates":[[[-58.609122,-34.453383],[-58.608761,-34.453305],[-58.608725,-34.453421],[-58.609087,-34.453498],[-58.609122,-34.453383]]]}},{"type":"Feature","properties":{"partida":"057036020","cca":"057020P000000000000000000000006000B0015000","tipo":"Urbano","sup_m2":450.6},"geometry":{"type":"Polygon","coordinates":[[[-58.609156,-34.453268],[-58.608797,-34.453189],[-58.608761,-34.453305],[-58.609122,-34.453383],[-58.609156,-34.453268]]]}},{"type":"Feature","properties":{"partida":"057036021","cca":"057020P000000000000000000000006000B0016000","tipo":"Urbano","sup_m2":499.9},"geometry":{"type":"Polygon","coordinates":[[[-58.608921,-34.453217],[-58.609156,-34.453268],[-58.609207,-34.453102],[-58.609178,-34.453052],[-58.609026,-34.452999],[-58.608921,-34.453217]]]}},{"type":"Feature","properties":{"partida":"057036022","cca":"057020P000000000000000000000006000B0017000","tipo":"Urbano","sup_m2":306.5},"geometry":{"type":"Polygon","coordinates":[[[-58.609026,-34.452999],[-58.608915,-34.45296],[-58.608797,-34.453189],[-58.608921,-34.453217],[-58.609026,-34.452999]]]}},{"type":"Feature","properties":{"partida":"057036023","cca":"057020P000000000000000000000006000B0018000","tipo":"Urbano","sup_m2":343.1},"geometry":{"type":"Polygon","coordinates":[[[-58.608798,-34.452919],[-58.608666,-34.45316],[-58.608797,-34.453189],[-58.608915,-34.45296],[-58.608798,-34.452919]]]}},{"type":"Feature","properties":{"partida":"057027925","cca":"057020P000000000000000000000006000B0019000","tipo":"Urbano","sup_m2":349.1},"geometry":{"type":"Polygon","coordinates":[[[-58.608798,-34.452919],[-58.60868,-34.452877],[-58.608545,-34.453134],[-58.608666,-34.45316],[-58.608798,-34.452919]]]}},{"type":"Feature","properties":{"partida":"057040664","cca":"057020P000000000000000000000006100A0001000","tipo":"Urbano","sup_m2":358.9},"geometry":{"type":"Polygon","coordinates":[[[-58.608109,-34.454138],[-58.608274,-34.453924],[-58.608187,-34.453879],[-58.608136,-34.453888],[-58.607989,-34.454075],[-58.608109,-34.454138]]]}},{"type":"Feature","properties":{"partida":"057028057","cca":"057020P000000000000000000000006100A0002000","tipo":"Urbano","sup_m2":447.5},"geometry":{"type":"Polygon","coordinates":[[[-58.608329,-34.454255],[-58.607989,-34.454075],[-58.607919,-34.454166],[-58.608258,-34.454347],[-58.608329,-34.454255]]]}},{"type":"Feature","properties":{"partida":"057058878","cca":"057020P000000000000000000000006100A0003000","tipo":"Urbano","sup_m2":442.6},"geometry":{"type":"Polygon","coordinates":[[[-58.608189,-34.454437],[-58.608258,-34.454347],[-58.607919,-34.454166],[-58.607848,-34.454257],[-58.608189,-34.454437]]]}},{"type":"Feature","properties":{"partida":"057058879","cca":"057020P000000000000000000000006100A0004000","tipo":"Urbano","sup_m2":447.3},"geometry":{"type":"Polygon","coordinates":[[[-58.608118,-34.454529],[-58.608189,-34.454437],[-58.607848,-34.454257],[-58.607778,-34.454348],[-58.608118,-34.454529]]]}},{"type":"Feature","properties":{"partida":"057058880","cca":"057020P000000000000000000000006100A0005000","tipo":"Urbano","sup_m2":444.3},"geometry":{"type":"Polygon","coordinates":[[[-58.607778,-34.454348],[-58.607708,-34.454439],[-58.608048,-34.454619],[-58.608118,-34.454529],[-58.607778,-34.454348]]]}},{"type":"Feature","properties":{"partida":"057041251","cca":"057020P000000000000000000000006100A0006000","tipo":"Urbano","sup_m2":445.9},"geometry":{"type":"Polygon","coordinates":[[[-58.607978,-34.454711],[-58.608048,-34.454619],[-58.607708,-34.454439],[-58.607637,-34.45453],[-58.607978,-34.454711]]]}},{"type":"Feature","properties":{"partida":"057041209","cca":"057020P000000000000000000000006100A0007000","tipo":"Urbano","sup_m2":448.3},"geometry":{"type":"Polygon","coordinates":[[[-58.607908,-34.454802],[-58.607978,-34.454711],[-58.607637,-34.45453],[-58.607567,-34.454621],[-58.607908,-34.454802]]]}},{"type":"Feature","properties":{"partida":"057058881","cca":"057020P000000000000000000000006100A0008000","tipo":"Urbano","sup_m2":355.1},"geometry":{"type":"Polygon","coordinates":[[[-58.607524,-34.4549],[-58.607684,-34.454685],[-58.607567,-34.454621],[-58.607426,-34.45481],[-58.607443,-34.454857],[-58.607524,-34.4549]]]}},{"type":"Feature","properties":{"partida":"057058882","cca":"057020P000000000000000000000006100A0009000","tipo":"Urbano","sup_m2":338.0},"geometry":{"type":"Polygon","coordinates":[[[-58.607631,-34.454957],[-58.607798,-34.454744],[-58.607684,-34.454685],[-58.607524,-34.4549],[-58.607631,-34.454957]]]}},{"type":"Feature","properties":{"partida":"057058883","cca":"057020P000000000000000000000006100A0010000","tipo":"Urbano","sup_m2":339.0},"geometry":{"type":"Polygon","coordinates":[[[-58.607908,-34.454802],[-58.607798,-34.454744],[-58.607631,-34.454957],[-58.607743,-34.455016],[-58.607908,-34.454802]]]}},{"type":"Feature","properties":{"partida":"057028056","cca":"057020P000000000000000000000006100A0011000","tipo":"Urbano","sup_m2":319.2},"geometry":{"type":"Polygon","coordinates":[[[-58.607908,-34.454802],[-58.607743,-34.455016],[-58.607848,-34.455072],[-58.60801,-34.454855],[-58.607908,-34.454802]]]}},{"type":"Feature","properties":{"partida":"057036032","cca":"057020P000000000000000000000006100A0012000","tipo":"Urbano","sup_m2":343.4},"geometry":{"type":"Polygon","coordinates":[[[-58.608124,-34.454914],[-58.60801,-34.454855],[-58.607848,-34.455072],[-58.607957,-34.45513],[-58.608124,-34.454914]]]}},{"type":"Feature","properties":{"partida":"057036033","cca":"057020P000000000000000000000006100A0013000","tipo":"Urbano","sup_m2":381.7},"geometry":{"type":"Polygon","coordinates":[[[-58.608124,-34.454914],[-58.607957,-34.45513],[-58.608045,-34.455176],[-58.608105,-34.455168],[-58.60825,-34.45498],[-58.608124,-34.454914]]]}},{"type":"Feature","properties":{"partida":"057036034","cca":"057020P000000000000000000000006100A0014000","tipo":"Urbano","sup_m2":441.4},"geometry":{"type":"Polygon","coordinates":[[[-58.60825,-34.45498],[-58.608319,-34.454891],[-58.607978,-34.454711],[-58.607908,-34.454802],[-58.60825,-34.45498]]]}},{"type":"Feature","properties":{"partida":"057058884","cca":"057020P000000000000000000000006100A0015000","tipo":"Urbano","sup_m2":445.9},"geometry":{"type":"Polygon","coordinates":[[[-58.608048,-34.454619],[-58.607978,-34.454711],[-58.608319,-34.454891],[-58.608389,-34.4548],[-58.608048,-34.454619]]]}},{"type":"Feature","properties":{"partida":"057058885","cca":"057020P000000000000000000000006100A0016000","tipo":"Urbano","sup_m2":444.2},"geometry":{"type":"Polygon","coordinates":[[[-58.608389,-34.4548],[-58.608459,-34.454709],[-58.608118,-34.454529],[-58.608048,-34.454619],[-58.608389,-34.4548]]]}},{"type":"Feature","properties":{"partida":"057058886","cca":"057020P000000000000000000000006100A0017000","tipo":"Urbano","sup_m2":447.3},"geometry":{"type":"Polygon","coordinates":[[[-58.60853,-34.454617],[-58.608189,-34.454437],[-58.608118,-34.454529],[-58.608459,-34.454709],[-58.60853,-34.454617]]]}},{"type":"Feature","properties":{"partida":"057058887","cca":"057020P000000000000000000000006100A0018000","tipo":"Urbano","sup_m2":439.4},"geometry":{"type":"Polygon","coordinates":[[[-58.608599,-34.454528],[-58.608258,-34.454347],[-58.608189,-34.454437],[-58.60853,-34.454617],[-58.608599,-34.454528]]]}},{"type":"Feature","properties":{"partida":"057058888","cca":"057020P000000000000000000000006100A0019000","tipo":"Urbano","sup_m2":452.1},"geometry":{"type":"Polygon","coordinates":[[[-58.60867,-34.454435],[-58.608329,-34.454255],[-58.608258,-34.454347],[-58.608599,-34.454528],[-58.60867,-34.454435]]]}},{"type":"Feature","properties":{"partida":"057058889","cca":"057020P000000000000000000000006100A0020000","tipo":"Urbano","sup_m2":367.0},"geometry":{"type":"Polygon","coordinates":[[[-58.60855,-34.454371],[-58.60867,-34.454435],[-58.608815,-34.454247],[-58.608798,-34.454201],[-58.608712,-34.454157],[-58.60855,-34.454371]]]}},{"type":"Feature","properties":{"partida":"057058890","cca":"057020P000000000000000000000006100A0021000","tipo":"Urbano","sup_m2":334.3},"geometry":{"type":"Polygon","coordinates":[[[-58.608605,-34.454099],[-58.60844,-34.454313],[-58.60855,-34.454371],[-58.608712,-34.454157],[-58.608605,-34.454099]]]}},{"type":"Feature","properties":{"partida":"057058891","cca":"057020P000000000000000000000006100A0022000","tipo":"Urbano","sup_m2":338.6},"geometry":{"type":"Polygon","coordinates":[[[-58.608495,-34.454041],[-58.608329,-34.454255],[-58.60844,-34.454313],[-58.608605,-34.454099],[-58.608495,-34.454041]]]}},{"type":"Feature","properties":{"partida":"057058892","cca":"057020P000000000000000000000006100A0023000","tipo":"Urbano","sup_m2":340.4},"geometry":{"type":"Polygon","coordinates":[[[-58.608381,-34.453981],[-58.608221,-34.454199],[-58.608329,-34.454255],[-58.608495,-34.454041],[-58.608381,-34.453981]]]}},{"type":"Feature","properties":{"partida":"057058901","cca":"057020P000000000000000000000006100A0024000","tipo":"Urbano","sup_m2":339.2},"geometry":{"type":"Polygon","coordinates":[[[-58.608274,-34.453924],[-58.608109,-34.454138],[-58.608221,-34.454199],[-58.608381,-34.453981],[-58.608274,-34.453924]]]}},{"type":"Feature","properties":{"partida":"057058942","cca":"057020P000000000000000000000006200A0002000","tipo":"Urbano","sup_m2":392.9},"geometry":{"type":"Polygon","coordinates":[[[-58.610006,-34.452432],[-58.610039,-34.452335],[-58.609669,-34.452254],[-58.609636,-34.452351],[-58.610006,-34.452432]]]}},{"type":"Feature","properties":{"partida":"057058943","cca":"057020P000000000000000000000006200A0003000","tipo":"Urbano","sup_m2":415.1},"geometry":{"type":"Polygon","coordinates":[[[-58.610006,-34.452432],[-58.609636,-34.452351],[-58.609601,-34.452455],[-58.609972,-34.452533],[-58.610006,-34.452432]]]}},{"type":"Feature","properties":{"partida":"057058944","cca":"057020P000000000000000000000006200A0004000","tipo":"Urbano","sup_m2":443.6},"geometry":{"type":"Polygon","coordinates":[[[-58.609972,-34.452533],[-58.609601,-34.452455],[-58.609565,-34.452565],[-58.609935,-34.452643],[-58.609972,-34.452533]]]}},{"type":"Feature","properties":{"partida":"057058945","cca":"057020P000000000000000000000006200A000500A","tipo":"Urbano","sup_m2":808.9},"geometry":{"type":"Polygon","coordinates":[[[-58.609867,-34.452845],[-58.609935,-34.452643],[-58.609565,-34.452565],[-58.609499,-34.452763],[-58.609867,-34.452845]]]}},{"type":"Feature","properties":{"partida":"057058947","cca":"057020P000000000000000000000006200A0007000","tipo":"Urbano","sup_m2":604.1},"geometry":{"type":"Polygon","coordinates":[[[-58.609499,-34.452763],[-58.609434,-34.452957],[-58.609455,-34.453008],[-58.609612,-34.453063],[-58.609754,-34.45282],[-58.609499,-34.452763]]]}},{"type":"Feature","properties":{"partida":"057058948","cca":"057020P000000000000000000000006200A0008000","tipo":"Urbano","sup_m2":349.6},"geometry":{"type":"Polygon","coordinates":[[[-58.609867,-34.452845],[-58.609754,-34.45282],[-58.609612,-34.453063],[-58.609734,-34.453106],[-58.609867,-34.452845]]]}},{"type":"Feature","properties":{"partida":"057058949","cca":"057020P000000000000000000000006200A0009000","tipo":"Urbano","sup_m2":365.1},"geometry":{"type":"Polygon","coordinates":[[[-58.609867,-34.452845],[-58.609734,-34.453106],[-58.609841,-34.453144],[-58.609994,-34.452873],[-58.609867,-34.452845]]]}},{"type":"Feature","properties":{"partida":"057058950","cca":"057020P000000000000000000000006200A0010000","tipo":"Urbano","sup_m2":379.8},"geometry":{"type":"Polygon","coordinates":[[[-58.610107,-34.452898],[-58.609994,-34.452873],[-58.609841,-34.453144],[-58.609959,-34.453185],[-58.610107,-34.452898]]]}},{"type":"Feature","properties":{"partida":"057058951","cca":"057020P000000000000000000000006200A0011000","tipo":"Urbano","sup_m2":469.4},"geometry":{"type":"Polygon","coordinates":[[[-58.610107,-34.452898],[-58.609959,-34.453185],[-58.610083,-34.453228],[-58.610127,-34.453214],[-58.610223,-34.452923],[-58.610107,-34.452898]]]}},{"type":"Feature","properties":{"partida":"057058952","cca":"057020P000000000000000000000006200A0012000","tipo":"Urbano","sup_m2":386.2},"geometry":{"type":"Polygon","coordinates":[[[-58.609867,-34.452845],[-58.610223,-34.452923],[-58.610256,-34.452823],[-58.609899,-34.452747],[-58.609867,-34.452845]]]}},{"type":"Feature","properties":{"partida":"057058953","cca":"057020P000000000000000000000006200A0013000","tipo":"Urbano","sup_m2":405.5},"geometry":{"type":"Polygon","coordinates":[[[-58.609935,-34.452643],[-58.609899,-34.452747],[-58.610256,-34.452823],[-58.61029,-34.452718],[-58.609935,-34.452643]]]}},{"type":"Feature","properties":{"partida":"057058954","cca":"057020P000000000000000000000006200A0014000","tipo":"Urbano","sup_m2":431.9},"geometry":{"type":"Polygon","coordinates":[[[-58.609972,-34.452533],[-58.609935,-34.452643],[-58.61029,-34.452718],[-58.610327,-34.452606],[-58.609972,-34.452533]]]}},{"type":"Feature","properties":{"partida":"057058955","cca":"057020P000000000000000000000006200A0015000","tipo":"Urbano","sup_m2":384.6},"geometry":{"type":"Polygon","coordinates":[[[-58.610006,-34.452432],[-58.609972,-34.452533],[-58.610327,-34.452606],[-58.61036,-34.452508],[-58.610006,-34.452432]]]}},{"type":"Feature","properties":{"partida":"057058956","cca":"057020P000000000000000000000006200A0016000","tipo":"Urbano","sup_m2":381.6},"geometry":{"type":"Polygon","coordinates":[[[-58.610393,-34.452408],[-58.610039,-34.452335],[-58.610006,-34.452432],[-58.61036,-34.452508],[-58.610393,-34.452408]]]}},{"type":"Feature","properties":{"partida":"057058957","cca":"057020P000000000000000000000006200A0017000","tipo":"Urbano","sup_m2":416.4},"geometry":{"type":"Polygon","coordinates":[[[-58.610393,-34.452408],[-58.610456,-34.452216],[-58.610434,-34.452176],[-58.610291,-34.452146],[-58.610225,-34.452373],[-58.610393,-34.452408]]]}},{"type":"Feature","properties":{"partida":"057058958","cca":"057020P000000000000000000000006200A0018000","tipo":"Urbano","sup_m2":286.1},"geometry":{"type":"Polygon","coordinates":[[[-58.610225,-34.452373],[-58.610291,-34.452146],[-58.610178,-34.452122],[-58.610105,-34.452348],[-58.610225,-34.452373]]]}},{"type":"Feature","properties":{"partida":"057058959","cca":"057020P000000000000000000000006200A0019000","tipo":"Urbano","sup_m2":314.5},"geometry":{"type":"Polygon","coordinates":[[[-58.609977,-34.452321],[-58.610105,-34.452348],[-58.610178,-34.452122],[-58.610051,-34.452096],[-58.609977,-34.452321]]]}},{"type":"Feature","properties":{"partida":"057046929","cca":"057020P000000000000000000000006200B0001000","tipo":"Urbano","sup_m2":438.8},"geometry":{"type":"Polygon","coordinates":[[[-58.609545,-34.45318],[-58.609419,-34.453133],[-58.609383,-34.453149],[-58.609288,-34.453421],[-58.609408,-34.453446],[-58.609545,-34.45318]]]}},{"type":"Feature","properties":{"partida":"057046930","cca":"057020P000000000000000000000006200B0002000","tipo":"Urbano","sup_m2":474.3},"geometry":{"type":"Polygon","coordinates":[[[-58.60925,-34.453539],[-58.609618,-34.45362],[-58.609654,-34.453501],[-58.609288,-34.453421],[-58.60925,-34.453539]]]}},{"type":"Feature","properties":{"partida":"057046931","cca":"057020P000000000000000000000006200B0003000","tipo":"Urbano","sup_m2":477.9},"geometry":{"type":"Polygon","coordinates":[[[-58.609582,-34.453739],[-58.609618,-34.45362],[-58.60925,-34.453539],[-58.609212,-34.453658],[-58.609582,-34.453739]]]}},{"type":"Feature","properties":{"partida":"057046932","cca":"057020P000000000000000000000006200B0004000","tipo":"Urbano","sup_m2":480.4},"geometry":{"type":"Polygon","coordinates":[[[-58.609545,-34.453858],[-58.609582,-34.453739],[-58.609212,-34.453658],[-58.609174,-34.453777],[-58.609545,-34.453858]]]}},{"type":"Feature","properties":{"partida":"057046933","cca":"057020P000000000000000000000006200B0005000","tipo":"Urbano","sup_m2":481.8},"geometry":{"type":"Polygon","coordinates":[[[-58.609509,-34.453977],[-58.609545,-34.453858],[-58.609174,-34.453777],[-58.609137,-34.453895],[-58.609509,-34.453977]]]}},{"type":"Feature","properties":{"partida":"057046934","cca":"057020P000000000000000000000006200B0006000","tipo":"Urbano","sup_m2":483.6},"geometry":{"type":"Polygon","coordinates":[[[-58.609472,-34.454096],[-58.609509,-34.453977],[-58.609137,-34.453895],[-58.609099,-34.454014],[-58.609472,-34.454096]]]}},{"type":"Feature","properties":{"partida":"057046935","cca":"057020P000000000000000000000006200B0007000","tipo":"Urbano","sup_m2":421.8},"geometry":{"type":"Polygon","coordinates":[[[-58.609338,-34.454067],[-58.609099,-34.454014],[-58.609051,-34.454159],[-58.609074,-34.454207],[-58.60918,-34.454263],[-58.609338,-34.454067]]]}},{"type":"Feature","properties":{"partida":"057046936","cca":"057020P000000000000000000000006200B0008000","tipo":"Urbano","sup_m2":338.6},"geometry":{"type":"Polygon","coordinates":[[[-58.609472,-34.454096],[-58.609338,-34.454067],[-58.60918,-34.454263],[-58.60929,-34.454322],[-58.609472,-34.454096]]]}},{"type":"Feature","properties":{"partida":"057046937","cca":"057020P000000000000000000000006200B0009000","tipo":"Urbano","sup_m2":372.0},"geometry":{"type":"Polygon","coordinates":[[[-58.609598,-34.454124],[-58.609472,-34.454096],[-58.60929,-34.454322],[-58.609393,-34.454377],[-58.609515,-34.454236],[-58.609598,-34.454124]]]}},{"type":"Feature","properties":{"partida":"057046938","cca":"057020P000000000000000000000006200B0010000","tipo":"Urbano","sup_m2":283.8},"geometry":{"type":"Polygon","coordinates":[[[-58.609662,-34.454268],[-58.609515,-34.454236],[-58.609393,-34.454377],[-58.609517,-34.454443],[-58.609662,-34.454268]]]}},{"type":"Feature","properties":{"partida":"057046939","cca":"057020P000000000000000000000006200B0011000","tipo":"Urbano","sup_m2":366.9},"geometry":{"type":"Polygon","coordinates":[[[-58.609517,-34.454443],[-58.609657,-34.454517],[-58.609704,-34.454506],[-58.609773,-34.454293],[-58.609662,-34.454268],[-58.609517,-34.454443]]]}},{"type":"Feature","properties":{"partida":"057046940","cca":"057020P000000000000000000000006200B0012000","tipo":"Urbano","sup_m2":313.3},"geometry":{"type":"Polygon","coordinates":[[[-58.609598,-34.454124],[-58.609515,-34.454236],[-58.609773,-34.454293],[-58.609812,-34.454171],[-58.609598,-34.454124]]]}},{"type":"Feature","properties":{"partida":"057046941","cca":"057020P000000000000000000000006200B0013000","tipo":"Urbano","sup_m2":440.9},"geometry":{"type":"Polygon","coordinates":[[[-58.609509,-34.453977],[-58.609472,-34.454096],[-58.609812,-34.454171],[-58.60985,-34.454052],[-58.609509,-34.453977]]]}},{"type":"Feature","properties":{"partida":"057046942","cca":"057020P000000000000000000000006200B0014000","tipo":"Urbano","sup_m2":443.0},"geometry":{"type":"Polygon","coordinates":[[[-58.609887,-34.453933],[-58.609545,-34.453858],[-58.609509,-34.453977],[-58.60985,-34.454052],[-58.609887,-34.453933]]]}},{"type":"Feature","properties":{"partida":"057046943","cca":"057020P000000000000000000000006200B0015000","tipo":"Urbano","sup_m2":444.1},"geometry":{"type":"Polygon","coordinates":[[[-58.609582,-34.453739],[-58.609545,-34.453858],[-58.609887,-34.453933],[-58.609925,-34.453815],[-58.609582,-34.453739]]]}},{"type":"Feature","properties":{"partida":"057046944","cca":"057020P000000000000000000000006200B0016000","tipo":"Urbano","sup_m2":445.2},"geometry":{"type":"Polygon","coordinates":[[[-58.609618,-34.45362],[-58.609582,-34.453739],[-58.609925,-34.453815],[-58.609963,-34.453696],[-58.609618,-34.45362]]]}},{"type":"Feature","properties":{"partida":"057046945","cca":"057020P000000000000000000000006200B0017000","tipo":"Urbano","sup_m2":446.6},"geometry":{"type":"Polygon","coordinates":[[[-58.610001,-34.453577],[-58.609654,-34.453501],[-58.609618,-34.45362],[-58.609963,-34.453696],[-58.610001,-34.453577]]]}},{"type":"Feature","properties":{"partida":"057088540","cca":"057020P000000000000000000000006200B001800A","tipo":"Urbano","sup_m2":208.9},"geometry":{"type":"Polygon","coordinates":[[[-58.609821,-34.453442],[-58.609776,-34.453528],[-58.610001,-34.453577],[-58.610029,-34.45349],[-58.609821,-34.453442]]]}},{"type":"Feature","properties":{"partida":"057046946","cca":"057020P000000000000000000000006200B001800B","tipo":"Urbano","sup_m2":293.0},"geometry":{"type":"Polygon","coordinates":[[[-58.610029,-34.45349],[-58.610061,-34.453391],[-58.610035,-34.453346],[-58.609899,-34.453299],[-58.609821,-34.453442],[-58.610029,-34.45349]]]}},{"type":"Feature","properties":{"partida":"057043140","cca":"057020P000000000000000000000006200B0019000","tipo":"Urbano","sup_m2":325.7},"geometry":{"type":"Polygon","coordinates":[[[-58.609654,-34.453501],[-58.609776,-34.453528],[-58.609899,-34.453299],[-58.609783,-34.453261],[-58.609654,-34.453501]]]}},{"type":"Feature","properties":{"partida":"057046928","cca":"057020P000000000000000000000006200B0020000","tipo":"Urbano","sup_m2":347.8},"geometry":{"type":"Polygon","coordinates":[[[-58.609535,-34.453476],[-58.609654,-34.453501],[-58.609783,-34.453261],[-58.609661,-34.45322],[-58.609535,-34.453476]]]}},{"type":"Feature","properties":{"partida":"057027921","cca":"057020P000000000000000000000006200B0021000","tipo":"Urbano","sup_m2":370.7},"geometry":{"type":"Polygon","coordinates":[[[-58.609661,-34.45322],[-58.609545,-34.45318],[-58.609408,-34.453446],[-58.609535,-34.453476],[-58.609661,-34.45322]]]}},{"type":"Feature","properties":{"partida":"057027922","cca":"057020P000000000000000000000006300A0001000","tipo":"Urbano","sup_m2":350.4},"geometry":{"type":"Polygon","coordinates":[[[-58.608925,-34.45457],[-58.609093,-34.454355],[-58.609017,-34.454313],[-58.608952,-34.454328],[-58.608808,-34.454508],[-58.608925,-34.45457]]]}},{"type":"Feature","properties":{"partida":"057058978","cca":"057020P000000000000000000000006300A0002000","tipo":"Urbano","sup_m2":444.3},"geometry":{"type":"Polygon","coordinates":[[[-58.609077,-34.454779],[-58.609147,-34.454688],[-58.608808,-34.454508],[-58.608737,-34.454599],[-58.609077,-34.454779]]]}},{"type":"Feature","properties":{"partida":"057058979","cca":"057020P000000000000000000000006300A0003000","tipo":"Urbano","sup_m2":444.2},"geometry":{"type":"Polygon","coordinates":[[[-58.609006,-34.45487],[-58.609077,-34.454779],[-58.608737,-34.454599],[-58.608667,-34.45469],[-58.609006,-34.45487]]]}},{"type":"Feature","properties":{"partida":"057058980","cca":"057020P000000000000000000000006300A0004000","tipo":"Urbano","sup_m2":443.8},"geometry":{"type":"Polygon","coordinates":[[[-58.608936,-34.454961],[-58.609006,-34.45487],[-58.608667,-34.45469],[-58.608597,-34.454781],[-58.608936,-34.454961]]]}},{"type":"Feature","properties":{"partida":"057058981","cca":"057020P000000000000000000000006300A0005000","tipo":"Urbano","sup_m2":442.3},"geometry":{"type":"Polygon","coordinates":[[[-58.608863,-34.455051],[-58.608936,-34.454961],[-58.608597,-34.454781],[-58.608526,-34.454872],[-58.608863,-34.455051]]]}},{"type":"Feature","properties":{"partida":"057058982","cca":"057020P000000000000000000000006300A0006000","tipo":"Urbano","sup_m2":442.1},"geometry":{"type":"Polygon","coordinates":[[[-58.608456,-34.454964],[-58.608795,-34.455143],[-58.608863,-34.455051],[-58.608526,-34.454872],[-58.608456,-34.454964]]]}},{"type":"Feature","properties":{"partida":"057058983","cca":"057020P000000000000000000000006300A0007000","tipo":"Urbano","sup_m2":444.9},"geometry":{"type":"Polygon","coordinates":[[[-58.608724,-34.455234],[-58.608795,-34.455143],[-58.608456,-34.454964],[-58.608386,-34.455055],[-58.608724,-34.455234]]]}},{"type":"Feature","properties":{"partida":"057058984","cca":"057020P000000000000000000000006300A0008000","tipo":"Urbano","sup_m2":338.6},"geometry":{"type":"Polygon","coordinates":[[[-58.608337,-34.455327],[-58.608499,-34.455115],[-58.608386,-34.455055],[-58.608246,-34.455236],[-58.608256,-34.455283],[-58.608337,-34.455327]]]}},{"type":"Feature","properties":{"partida":"057058985","cca":"057020P000000000000000000000006300A0009000","tipo":"Urbano","sup_m2":330.1},"geometry":{"type":"Polygon","coordinates":[[[-58.608443,-34.455385],[-58.608609,-34.455173],[-58.608499,-34.455115],[-58.608337,-34.455327],[-58.608443,-34.455385]]]}},{"type":"Feature","properties":{"partida":"057058986","cca":"057020P000000000000000000000006300A0010000","tipo":"Urbano","sup_m2":353.5},"geometry":{"type":"Polygon","coordinates":[[[-58.608558,-34.455448],[-58.608724,-34.455234],[-58.608609,-34.455173],[-58.608443,-34.455385],[-58.608558,-34.455448]]]}},{"type":"Feature","properties":{"partida":"057058987","cca":"057020P000000000000000000000006300A0011000","tipo":"Urbano","sup_m2":301.2},"geometry":{"type":"Polygon","coordinates":[[[-58.608822,-34.455286],[-58.608724,-34.455234],[-58.608558,-34.455448],[-58.608655,-34.4555],[-58.608822,-34.455286]]]}},{"type":"Feature","properties":{"partida":"057058988","cca":"057020P000000000000000000000006300A0012000","tipo":"Urbano","sup_m2":349.0},"geometry":{"type":"Polygon","coordinates":[[[-58.608935,-34.455346],[-58.608822,-34.455286],[-58.608655,-34.4555],[-58.608767,-34.455561],[-58.608935,-34.455346]]]}},{"type":"Feature","properties":{"partida":"057058989","cca":"057020P000000000000000000000006300A0013000","tipo":"Urbano","sup_m2":401.0},"geometry":{"type":"Polygon","coordinates":[[[-58.609066,-34.455415],[-58.608935,-34.455346],[-58.608767,-34.455561],[-58.608862,-34.455613],[-58.608926,-34.455597],[-58.609066,-34.455415]]]}},{"type":"Feature","properties":{"partida":"057058990","cca":"057020P000000000000000000000006300A0014000","tipo":"Urbano","sup_m2":445.8},"geometry":{"type":"Polygon","coordinates":[[[-58.609135,-34.455326],[-58.608795,-34.455143],[-58.608724,-34.455234],[-58.609066,-34.455415],[-58.609135,-34.455326]]]}},{"type":"Feature","properties":{"partida":"057058991","cca":"057020P000000000000000000000006300A0015000","tipo":"Urbano","sup_m2":453.5},"geometry":{"type":"Polygon","coordinates":[[[-58.609207,-34.455233],[-58.608863,-34.455051],[-58.608795,-34.455143],[-58.609135,-34.455326],[-58.609207,-34.455233]]]}},{"type":"Feature","properties":{"partida":"057058992","cca":"057020P000000000000000000000006300A0016000","tipo":"Urbano","sup_m2":448.6},"geometry":{"type":"Polygon","coordinates":[[[-58.609277,-34.455142],[-58.608936,-34.454961],[-58.608863,-34.455051],[-58.609207,-34.455233],[-58.609277,-34.455142]]]}},{"type":"Feature","properties":{"partida":"057058993","cca":"057020P000000000000000000000006300A0017000","tipo":"Urbano","sup_m2":447.1},"geometry":{"type":"Polygon","coordinates":[[[-58.609348,-34.45505],[-58.609006,-34.45487],[-58.608936,-34.454961],[-58.609277,-34.455142],[-58.609348,-34.45505]]]}},{"type":"Feature","properties":{"partida":"057058994","cca":"057020P000000000000000000000006300A0018000","tipo":"Urbano","sup_m2":446.9},"geometry":{"type":"Polygon","coordinates":[[[-58.609418,-34.454959],[-58.609077,-34.454779],[-58.609006,-34.45487],[-58.609348,-34.45505],[-58.609418,-34.454959]]]}},{"type":"Feature","properties":{"partida":"057058995","cca":"057020P000000000000000000000006300A0019000","tipo":"Urbano","sup_m2":446.4},"geometry":{"type":"Polygon","coordinates":[[[-58.609488,-34.454868],[-58.609147,-34.454688],[-58.609077,-34.454779],[-58.609418,-34.454959],[-58.609488,-34.454868]]]}},{"type":"Feature","properties":{"partida":"057058996","cca":"057020P000000000000000000000006300A0020000","tipo":"Urbano","sup_m2":382.2},"geometry":{"type":"Polygon","coordinates":[[[-58.609359,-34.4548],[-58.609488,-34.454868],[-58.609627,-34.454685],[-58.609613,-34.454636],[-58.609523,-34.454588],[-58.609359,-34.4548]]]}},{"type":"Feature","properties":{"partida":"057058997","cca":"057020P000000000000000000000006300A0021000","tipo":"Urbano","sup_m2":342.1},"geometry":{"type":"Polygon","coordinates":[[[-58.60941,-34.454526],[-58.609249,-34.454741],[-58.609359,-34.4548],[-58.609523,-34.454588],[-58.60941,-34.454526]]]}},{"type":"Feature","properties":{"partida":"057058998","cca":"057020P000000000000000000000006300A0022000","tipo":"Urbano","sup_m2":305.9},"geometry":{"type":"Polygon","coordinates":[[[-58.609313,-34.454474],[-58.609147,-34.454688],[-58.609249,-34.454741],[-58.60941,-34.454526],[-58.609313,-34.454474]]]}},{"type":"Feature","properties":{"partida":"057058999","cca":"057020P000000000000000000000006300A0023000","tipo":"Urbano","sup_m2":348.4},"geometry":{"type":"Polygon","coordinates":[[[-58.6092,-34.454413],[-58.609035,-34.454628],[-58.609147,-34.454688],[-58.609313,-34.454474],[-58.6092,-34.454413]]]}},{"type":"Feature","properties":{"partida":"057059000","cca":"057020P000000000000000000000006300A0024000","tipo":"Urbano","sup_m2":337.8},"geometry":{"type":"Polygon","coordinates":[[[-58.609093,-34.454355],[-58.608925,-34.45457],[-58.609035,-34.454628],[-58.6092,-34.454413],[-58.609093,-34.454355]]]}},{"type":"Feature","properties":{"partida":"057093314","cca":"057020P000000000000000000000006400A000100A","tipo":"Urbano","sup_m2":219.8},"geometry":{"type":"Polygon","coordinates":[[[-58.610773,-34.45238],[-58.610811,-34.452261],[-58.610669,-34.45223],[-58.610627,-34.452257],[-58.610598,-34.452342],[-58.610773,-34.45238]]]}},{"type":"Feature","properties":{"partida":"057028046","cca":"057020P000000000000000000000006400A000100B","tipo":"Urbano","sup_m2":186.3},"geometry":{"type":"Polygon","coordinates":[[[-58.610741,-34.452478],[-58.610773,-34.45238],[-58.610598,-34.452342],[-58.610566,-34.45244],[-58.610741,-34.452478]]]}},{"type":"Feature","properties":{"partida":"057038137","cca":"057020P000000000000000000000006400A0002000","tipo":"Urbano","sup_m2":420.9},"geometry":{"type":"Polygon","coordinates":[[[-58.6109,-34.452625],[-58.610935,-34.452521],[-58.610566,-34.45244],[-58.610532,-34.452544],[-58.6109,-34.452625]]]}},{"type":"Feature","properties":{"partida":"057038136","cca":"057020P000000000000000000000006400A0003000","tipo":"Urbano","sup_m2":419.6},"geometry":{"type":"Polygon","coordinates":[[[-58.610498,-34.452648],[-58.610864,-34.452729],[-58.6109,-34.452625],[-58.610532,-34.452544],[-58.610498,-34.452648]]]}},{"type":"Feature","properties":{"partida":"057059010","cca":"057020P000000000000000000000006400A0004000","tipo":"Urbano","sup_m2":416.7},"geometry":{"type":"Polygon","coordinates":[[[-58.610864,-34.452729],[-58.610498,-34.452648],[-58.610463,-34.452752],[-58.610828,-34.452833],[-58.610864,-34.452729]]]}},{"type":"Feature","properties":{"partida":"057059011","cca":"057020P000000000000000000000006400A000500A","tipo":"Urbano","sup_m2":834.6},"geometry":{"type":"Polygon","coordinates":[[[-58.611161,-34.453018],[-58.611194,-34.452914],[-58.610463,-34.452752],[-58.610428,-34.452857],[-58.611161,-34.453018]]]}},{"type":"Feature","properties":{"partida":"057038431","cca":"057020P000000000000000000000006400A0006000","tipo":"Urbano","sup_m2":417.1},"geometry":{"type":"Polygon","coordinates":[[[-58.610757,-34.453042],[-58.610793,-34.452937],[-58.610428,-34.452857],[-58.610395,-34.452961],[-58.610757,-34.453042]]]}},{"type":"Feature","properties":{"partida":"057059012","cca":"057020P000000000000000000000006400A0007000","tipo":"Urbano","sup_m2":413.7},"geometry":{"type":"Polygon","coordinates":[[[-58.610361,-34.453065],[-58.610725,-34.453146],[-58.610757,-34.453042],[-58.610395,-34.452961],[-58.610361,-34.453065]]]}},{"type":"Feature","properties":{"partida":"057059013","cca":"057020P000000000000000000000006400A0008000","tipo":"Urbano","sup_m2":586.8},"geometry":{"type":"Polygon","coordinates":[[[-58.610468,-34.453368],[-58.610598,-34.453118],[-58.610361,-34.453065],[-58.61029,-34.453279],[-58.610308,-34.453314],[-58.610468,-34.453368]]]}},{"type":"Feature","properties":{"partida":"057059014","cca":"057020P000000000000000000000006400A0009000","tipo":"Urbano","sup_m2":372.6},"geometry":{"type":"Polygon","coordinates":[[[-58.610725,-34.453146],[-58.610598,-34.453118],[-58.610468,-34.453368],[-58.61059,-34.453409],[-58.610725,-34.453146]]]}},{"type":"Feature","properties":{"partida":"057059015","cca":"057020P000000000000000000000006400A0010000","tipo":"Urbano","sup_m2":388.8},"geometry":{"type":"Polygon","coordinates":[[[-58.610853,-34.453174],[-58.610725,-34.453146],[-58.61059,-34.453409],[-58.610712,-34.453449],[-58.610853,-34.453174]]]}},{"type":"Feature","properties":{"partida":"057059016","cca":"057020P000000000000000000000006400A0011000","tipo":"Urbano","sup_m2":406.5},"geometry":{"type":"Polygon","coordinates":[[[-58.610853,-34.453174],[-58.610712,-34.453449],[-58.610833,-34.453489],[-58.61098,-34.453203],[-58.610853,-34.453174]]]}},{"type":"Feature","properties":{"partida":"057059017","cca":"057020P000000000000000000000006400A0012000","tipo":"Urbano","sup_m2":450.1},"geometry":{"type":"Polygon","coordinates":[[[-58.611091,-34.453227],[-58.61098,-34.453203],[-58.610833,-34.453489],[-58.610954,-34.45353],[-58.610995,-34.453518],[-58.611091,-34.453227]]]}},{"type":"Feature","properties":{"partida":"057041207","cca":"057020P000000000000000000000006400A0013000","tipo":"Urbano","sup_m2":418.4},"geometry":{"type":"Polygon","coordinates":[[[-58.610725,-34.453146],[-58.611091,-34.453227],[-58.611125,-34.453122],[-58.610757,-34.453042],[-58.610725,-34.453146]]]}},{"type":"Feature","properties":{"partida":"057041208","cca":"057020P000000000000000000000006400A0014000","tipo":"Urbano","sup_m2":420.2},"geometry":{"type":"Polygon","coordinates":[[[-58.611125,-34.453122],[-58.61116,-34.453018],[-58.610793,-34.452937],[-58.610757,-34.453042],[-58.611125,-34.453122]]]}},{"type":"Feature","properties":{"partida":"057059019","cca":"057020P000000000000000000000006400A001600A","tipo":"Urbano","sup_m2":416.5},"geometry":{"type":"Polygon","coordinates":[[[-58.611229,-34.452809],[-58.610864,-34.452729],[-58.610828,-34.452833],[-58.611194,-34.452914],[-58.611229,-34.452809]]]}},{"type":"Feature","properties":{"partida":"057059020","cca":"057020P000000000000000000000006400A0017000","tipo":"Urbano","sup_m2":414.7},"geometry":{"type":"Polygon","coordinates":[[[-58.6109,-34.452625],[-58.610864,-34.452729],[-58.611229,-34.452809],[-58.611263,-34.452705],[-58.6109,-34.452625]]]}},{"type":"Feature","properties":{"partida":"057059021","cca":"057020P000000000000000000000006400A0018000","tipo":"Urbano","sup_m2":413.6},"geometry":{"type":"Polygon","coordinates":[[[-58.611298,-34.452601],[-58.610935,-34.452521],[-58.6109,-34.452625],[-58.611263,-34.452705],[-58.611298,-34.452601]]]}},{"type":"Feature","properties":{"partida":"057059022","cca":"057020P000000000000000000000006400A0019000","tipo":"Urbano","sup_m2":431.3},"geometry":{"type":"Polygon","coordinates":[[[-58.611181,-34.452342],[-58.611117,-34.452562],[-58.611298,-34.452601],[-58.611359,-34.452413],[-58.61133,-34.452374],[-58.611181,-34.452342]]]}},{"type":"Feature","properties":{"partida":"057059023","cca":"057020P000000000000000000000006400A0020000","tipo":"Urbano","sup_m2":286.6},"geometry":{"type":"Polygon","coordinates":[[[-58.610998,-34.452535],[-58.611117,-34.452562],[-58.611181,-34.452342],[-58.61106,-34.452315],[-58.610998,-34.452535]]]}},{"type":"Feature","properties":{"partida":"057059024","cca":"057020P000000000000000000000006400A0021000","tipo":"Urbano","sup_m2":295.7},"geometry":{"type":"Polygon","coordinates":[[[-58.610998,-34.452535],[-58.61106,-34.452315],[-58.610939,-34.452289],[-58.610871,-34.452507],[-58.610998,-34.452535]]]}},{"type":"Feature","properties":{"partida":"057028045","cca":"057020P000000000000000000000006400A0022000","tipo":"Urbano","sup_m2":305.1},"geometry":{"type":"Polygon","coordinates":[[[-58.610811,-34.452261],[-58.610741,-34.452478],[-58.610871,-34.452507],[-58.610939,-34.452289],[-58.610811,-34.452261]]]}},{"type":"Feature","properties":{"partida":"057020936","cca":"057020P000000000000000000000006400B0001000","tipo":"Urbano","sup_m2":466.2},"geometry":{"type":"Polygon","coordinates":[[[-58.610426,-34.453504],[-58.610276,-34.453456],[-58.610243,-34.453467],[-58.610154,-34.453733],[-58.610278,-34.453762],[-58.610426,-34.453504]]]}},{"type":"Feature","properties":{"partida":"057059038","cca":"057020P000000000000000000000006400B0002000","tipo":"Urbano","sup_m2":474.3},"geometry":{"type":"Polygon","coordinates":[[[-58.610521,-34.45382],[-58.610154,-34.453733],[-58.610114,-34.453852],[-58.610483,-34.453935],[-58.610521,-34.45382]]]}},{"type":"Feature","properties":{"partida":"057059039","cca":"057020P000000000000000000000006400B0003000","tipo":"Urbano","sup_m2":476.4},"geometry":{"type":"Polygon","coordinates":[[[-58.610483,-34.453935],[-58.610114,-34.453852],[-58.610075,-34.453969],[-58.610444,-34.454053],[-58.610483,-34.453935]]]}},{"type":"Feature","properties":{"partida":"057059040","cca":"057020P000000000000000000000006400B0004000","tipo":"Urbano","sup_m2":496.7},"geometry":{"type":"Polygon","coordinates":[[[-58.610405,-34.454175],[-58.610444,-34.454053],[-58.610075,-34.453969],[-58.610034,-34.454093],[-58.610405,-34.454175]]]}},{"type":"Feature","properties":{"partida":"057059041","cca":"057020P000000000000000000000006400B0005000","tipo":"Urbano","sup_m2":459.5},"geometry":{"type":"Polygon","coordinates":[[[-58.610368,-34.454288],[-58.610405,-34.454175],[-58.610034,-34.454093],[-58.609996,-34.454206],[-58.610368,-34.454288]]]}},{"type":"Feature","properties":{"partida":"057059042","cca":"057020P000000000000000000000006400B0006000","tipo":"Urbano","sup_m2":482.1},"geometry":{"type":"Polygon","coordinates":[[[-58.610329,-34.454407],[-58.610368,-34.454288],[-58.609996,-34.454206],[-58.609956,-34.454323],[-58.610329,-34.454407]]]}},{"type":"Feature","properties":{"partida":"057059043","cca":"057020P000000000000000000000006400B0007000","tipo":"Urbano","sup_m2":457.1},"geometry":{"type":"Polygon","coordinates":[[[-58.609919,-34.454434],[-58.610292,-34.45452],[-58.610329,-34.454407],[-58.609956,-34.454323],[-58.609919,-34.454434]]]}},{"type":"Feature","properties":{"partida":"057059044","cca":"057020P000000000000000000000006400B0008000","tipo":"Urbano","sup_m2":486.2},"geometry":{"type":"Polygon","coordinates":[[[-58.610159,-34.454489],[-58.609919,-34.454434],[-58.609858,-34.454616],[-58.609881,-34.454658],[-58.609989,-34.454711],[-58.610159,-34.454489]]]}},{"type":"Feature","properties":{"partida":"057059045","cca":"057020P000000000000000000000006400B0009000","tipo":"Urbano","sup_m2":375.8},"geometry":{"type":"Polygon","coordinates":[[[-58.609989,-34.454711],[-58.610099,-34.454769],[-58.610292,-34.45452],[-58.610159,-34.454489],[-58.609989,-34.454711]]]}},{"type":"Feature","properties":{"partida":"057059046","cca":"057020P000000000000000000000006400B0010000","tipo":"Urbano","sup_m2":419.7},"geometry":{"type":"Polygon","coordinates":[[[-58.610422,-34.454549],[-58.610292,-34.45452],[-58.610099,-34.454769],[-58.610212,-34.45483],[-58.610422,-34.454549]]]}},{"type":"Feature","properties":{"partida":"057059047","cca":"057020P000000000000000000000006400B0011000","tipo":"Urbano","sup_m2":315.3},"geometry":{"type":"Polygon","coordinates":[[[-58.610331,-34.45467],[-58.610212,-34.45483],[-58.610335,-34.454896],[-58.610484,-34.454702],[-58.610331,-34.45467]]]}},{"type":"Feature","properties":{"partida":"057059048","cca":"057020P000000000000000000000006400B0012000","tipo":"Urbano","sup_m2":452.7},"geometry":{"type":"Polygon","coordinates":[[[-58.610335,-34.454896],[-58.610489,-34.454973],[-58.610539,-34.454968],[-58.610617,-34.45473],[-58.610484,-34.454702],[-58.610335,-34.454896]]]}},{"type":"Feature","properties":{"partida":"057059049","cca":"057020P000000000000000000000006400B0013000","tipo":"Urbano","sup_m2":366.2},"geometry":{"type":"Polygon","coordinates":[[[-58.610331,-34.45467],[-58.610617,-34.45473],[-58.610658,-34.454604],[-58.610422,-34.454549],[-58.610331,-34.45467]]]}},{"type":"Feature","properties":{"partida":"057059050","cca":"057020P000000000000000000000006400B0014000","tipo":"Urbano","sup_m2":452.1},"geometry":{"type":"Polygon","coordinates":[[[-58.610329,-34.454407],[-58.610292,-34.45452],[-58.610658,-34.454604],[-58.610695,-34.454491],[-58.610329,-34.454407]]]}},{"type":"Feature","properties":{"partida":"057059051","cca":"057020P000000000000000000000006400B0015000","tipo":"Urbano","sup_m2":481.1},"geometry":{"type":"Polygon","coordinates":[[[-58.610368,-34.454288],[-58.610329,-34.454407],[-58.610695,-34.454491],[-58.610735,-34.45437],[-58.610368,-34.454288]]]}},{"type":"Feature","properties":{"partida":"057059052","cca":"057020P000000000000000000000006400B0016000","tipo":"Urbano","sup_m2":454.3},"geometry":{"type":"Polygon","coordinates":[[[-58.610735,-34.45437],[-58.610772,-34.454257],[-58.610405,-34.454175],[-58.610368,-34.454288],[-58.610735,-34.45437]]]}},{"type":"Feature","properties":{"partida":"057059053","cca":"057020P000000000000000000000006400B0017000","tipo":"Urbano","sup_m2":482.9},"geometry":{"type":"Polygon","coordinates":[[[-58.610444,-34.454053],[-58.610405,-34.454175],[-58.610772,-34.454257],[-58.610811,-34.454138],[-58.610444,-34.454053]]]}},{"type":"Feature","properties":{"partida":"057059054","cca":"057020P000000000000000000000006400B0018000","tipo":"Urbano","sup_m2":476.2},"geometry":{"type":"Polygon","coordinates":[[[-58.610483,-34.453935],[-58.610444,-34.454053],[-58.610811,-34.454138],[-58.61085,-34.454019],[-58.610483,-34.453935]]]}},{"type":"Feature","properties":{"partida":"057059055","cca":"057020P000000000000000000000006400B0019000","tipo":"Urbano","sup_m2":466.8},"geometry":{"type":"Polygon","coordinates":[[[-58.610888,-34.453903],[-58.610521,-34.45382],[-58.610483,-34.453935],[-58.61085,-34.454019],[-58.610888,-34.453903]]]}},{"type":"Feature","properties":{"partida":"057059056","cca":"057020P000000000000000000000006400B0020000","tipo":"Urbano","sup_m2":553.1},"geometry":{"type":"Polygon","coordinates":[[[-58.610888,-34.453903],[-58.61095,-34.453715],[-58.610933,-34.453674],[-58.610766,-34.453619],[-58.610645,-34.453848],[-58.610888,-34.453903]]]}},{"type":"Feature","properties":{"partida":"057059057","cca":"057020P000000000000000000000006400B0021000","tipo":"Urbano","sup_m2":334.6},"geometry":{"type":"Polygon","coordinates":[[[-58.610521,-34.45382],[-58.610645,-34.453848],[-58.610766,-34.453619],[-58.610647,-34.453579],[-58.610521,-34.45382]]]}},{"type":"Feature","properties":{"partida":"057059058","cca":"057020P000000000000000000000006400B0022000","tipo":"Urbano","sup_m2":319.1},"geometry":{"type":"Polygon","coordinates":[[[-58.610407,-34.453792],[-58.610521,-34.45382],[-58.610647,-34.453579],[-58.610539,-34.453542],[-58.610407,-34.453792]]]}},{"type":"Feature","properties":{"partida":"057059059","cca":"057020P000000000000000000000006400B0023000","tipo":"Urbano","sup_m2":362.6},"geometry":{"type":"Polygon","coordinates":[[[-58.610539,-34.453542],[-58.610426,-34.453504],[-58.610278,-34.453762],[-58.610407,-34.453792],[-58.610539,-34.453542]]]}},{"type":"Feature","properties":{"partida":"057028048","cca":"057020P000000000000000000000006500A0001000","tipo":"Urbano","sup_m2":351.1},"geometry":{"type":"Polygon","coordinates":[[[-58.609737,-34.455022],[-58.609908,-34.454799],[-58.609824,-34.454754],[-58.609775,-34.45477],[-58.609625,-34.454963],[-58.609737,-34.455022]]]}},{"type":"Feature","properties":{"partida":"057059089","cca":"057020P000000000000000000000006500A0002000","tipo":"Urbano","sup_m2":460.1},"geometry":{"type":"Polygon","coordinates":[[[-58.609961,-34.45514],[-58.609625,-34.454963],[-58.609551,-34.455059],[-58.609886,-34.455235],[-58.609961,-34.45514]]]}},{"type":"Feature","properties":{"partida":"057059090","cca":"057020P000000000000000000000006500A0003000","tipo":"Urbano","sup_m2":421.8},"geometry":{"type":"Polygon","coordinates":[[[-58.609817,-34.455323],[-58.609886,-34.455235],[-58.609551,-34.455059],[-58.609483,-34.455146],[-58.609817,-34.455323]]]}},{"type":"Feature","properties":{"partida":"057059091","cca":"057020P000000000000000000000006500A0004000","tipo":"Urbano","sup_m2":431.9},"geometry":{"type":"Polygon","coordinates":[[[-58.609747,-34.455413],[-58.609817,-34.455323],[-58.609483,-34.455146],[-58.609413,-34.455236],[-58.609747,-34.455413]]]}},{"type":"Feature","properties":{"partida":"057059092","cca":"057020P000000000000000000000006500A0005000","tipo":"Urbano","sup_m2":439.6},"geometry":{"type":"Polygon","coordinates":[[[-58.609747,-34.455413],[-58.609413,-34.455236],[-58.609342,-34.455328],[-58.609677,-34.455503],[-58.609747,-34.455413]]]}},{"type":"Feature","properties":{"partida":"057059093","cca":"057020P000000000000000000000006500A0006000","tipo":"Urbano","sup_m2":420.7},"geometry":{"type":"Polygon","coordinates":[[[-58.609275,-34.455414],[-58.609607,-34.455592],[-58.609677,-34.455503],[-58.609342,-34.455328],[-58.609275,-34.455414]]]}},{"type":"Feature","properties":{"partida":"057059094","cca":"057020P000000000000000000000006500A0007000","tipo":"Urbano","sup_m2":440.9},"geometry":{"type":"Polygon","coordinates":[[[-58.609536,-34.455683],[-58.609607,-34.455592],[-58.609275,-34.455414],[-58.609203,-34.455506],[-58.609536,-34.455683]]]}},{"type":"Feature","properties":{"partida":"057059095","cca":"057020P000000000000000000000006500A0008000","tipo":"Urbano","sup_m2":316.8},"geometry":{"type":"Polygon","coordinates":[[[-58.60931,-34.455563],[-58.609203,-34.455506],[-58.609062,-34.455687],[-58.60908,-34.455734],[-58.609151,-34.455773],[-58.60931,-34.455563]]]}},{"type":"Feature","properties":{"partida":"057059096","cca":"057020P000000000000000000000006500A0009000","tipo":"Urbano","sup_m2":335.0},"geometry":{"type":"Polygon","coordinates":[[[-58.609427,-34.455625],[-58.60931,-34.455563],[-58.609151,-34.455773],[-58.609257,-34.45583],[-58.609427,-34.455625]]]}},{"type":"Feature","properties":{"partida":"057059097","cca":"057020P000000000000000000000006500A0010000","tipo":"Urbano","sup_m2":340.0},"geometry":{"type":"Polygon","coordinates":[[[-58.609536,-34.455683],[-58.609427,-34.455625],[-58.609257,-34.45583],[-58.609373,-34.455893],[-58.609536,-34.455683]]]}},{"type":"Feature","properties":{"partida":"057059098","cca":"057020P000000000000000000000006500A0011000","tipo":"Urbano","sup_m2":304.5},"geometry":{"type":"Polygon","coordinates":[[[-58.609639,-34.455738],[-58.609536,-34.455683],[-58.609373,-34.455893],[-58.609472,-34.455946],[-58.609639,-34.455738]]]}},{"type":"Feature","properties":{"partida":"057028047","cca":"057020P000000000000000000000006500A0012000","tipo":"Urbano","sup_m2":345.3},"geometry":{"type":"Polygon","coordinates":[[[-58.609472,-34.455946],[-58.609585,-34.456007],[-58.609752,-34.455798],[-58.609639,-34.455738],[-58.609472,-34.455946]]]}},{"type":"Feature","properties":{"partida":"057059099","cca":"057020P000000000000000000000006500A0013000","tipo":"Urbano","sup_m2":360.6},"geometry":{"type":"Polygon","coordinates":[[[-58.609585,-34.456007],[-58.609678,-34.456057],[-58.609731,-34.456041],[-58.609872,-34.455862],[-58.609752,-34.455798],[-58.609585,-34.456007]]]}},{"type":"Feature","properties":{"partida":"057059100","cca":"057020P000000000000000000000006500A0014000","tipo":"Urbano","sup_m2":438.2},"geometry":{"type":"Polygon","coordinates":[[[-58.609942,-34.455772],[-58.609607,-34.455592],[-58.609536,-34.455683],[-58.609872,-34.455862],[-58.609942,-34.455772]]]}},{"type":"Feature","properties":{"partida":"057059101","cca":"057020P000000000000000000000006500A0015000","tipo":"Urbano","sup_m2":438.9},"geometry":{"type":"Polygon","coordinates":[[[-58.610014,-34.455679],[-58.609677,-34.455503],[-58.609607,-34.455592],[-58.609942,-34.455772],[-58.610014,-34.455679]]]}},{"type":"Feature","properties":{"partida":"057059102","cca":"057020P000000000000000000000006500A0016000","tipo":"Urbano","sup_m2":432.7},"geometry":{"type":"Polygon","coordinates":[[[-58.609747,-34.455413],[-58.609677,-34.455503],[-58.610014,-34.455679],[-58.610083,-34.455591],[-58.609747,-34.455413]]]}},{"type":"Feature","properties":{"partida":"057059103","cca":"057020P000000000000000000000006500A0017000","tipo":"Urbano","sup_m2":432.8},"geometry":{"type":"Polygon","coordinates":[[[-58.610153,-34.455502],[-58.609817,-34.455323],[-58.609747,-34.455413],[-58.610083,-34.455591],[-58.610153,-34.455502]]]}},{"type":"Feature","properties":{"partida":"057059104","cca":"057020P000000000000000000000006500A0018000","tipo":"Urbano","sup_m2":431.9},"geometry":{"type":"Polygon","coordinates":[[[-58.609886,-34.455235],[-58.609817,-34.455323],[-58.610153,-34.455502],[-58.610223,-34.455412],[-58.609886,-34.455235]]]}},{"type":"Feature","properties":{"partida":"057059105","cca":"057020P000000000000000000000006500A0019000","tipo":"Urbano","sup_m2":462.6},"geometry":{"type":"Polygon","coordinates":[[[-58.609961,-34.45514],[-58.609886,-34.455235],[-58.610223,-34.455412],[-58.610298,-34.455316],[-58.609961,-34.45514]]]}},{"type":"Feature","properties":{"partida":"057059106","cca":"057020P000000000000000000000006500A0020000","tipo":"Urbano","sup_m2":366.5},"geometry":{"type":"Polygon","coordinates":[[[-58.610345,-34.455037],[-58.610177,-34.455253],[-58.610298,-34.455316],[-58.610444,-34.45513],[-58.610426,-34.45508],[-58.610345,-34.455037]]]}},{"type":"Feature","properties":{"partida":"057059107","cca":"057020P000000000000000000000006500A0021000","tipo":"Urbano","sup_m2":340.1},"geometry":{"type":"Polygon","coordinates":[[[-58.610345,-34.455037],[-58.610241,-34.45498],[-58.610064,-34.455194],[-58.610177,-34.455253],[-58.610345,-34.455037]]]}},{"type":"Feature","properties":{"partida":"057059108","cca":"057020P000000000000000000000006500A0022000","tipo":"Urbano","sup_m2":335.8},"geometry":{"type":"Polygon","coordinates":[[[-58.609961,-34.45514],[-58.610064,-34.455194],[-58.610241,-34.45498],[-58.610131,-34.454921],[-58.609961,-34.45514]]]}},{"type":"Feature","properties":{"partida":"057059109","cca":"057020P000000000000000000000006500A0023000","tipo":"Urbano","sup_m2":357.2},"geometry":{"type":"Polygon","coordinates":[[[-58.60985,-34.455081],[-58.609961,-34.45514],[-58.610131,-34.454921],[-58.610017,-34.454859],[-58.60985,-34.455081]]]}},{"type":"Feature","properties":{"partida":"057059110","cca":"057020P000000000000000000000006500A0024000","tipo":"Urbano","sup_m2":354.0},"geometry":{"type":"Polygon","coordinates":[[[-58.60985,-34.455081],[-58.610017,-34.454859],[-58.609908,-34.454799],[-58.609737,-34.455022],[-58.60985,-34.455081]]]}},{"type":"Feature","properties":{"partida":"057028037","cca":"057020P000000000000000000000006500B0007000","tipo":"Urbano","sup_m2":448.4},"geometry":{"type":"Polygon","coordinates":[[[-58.611906,-34.452341],[-58.611946,-34.452218],[-58.611707,-34.45211],[-58.611622,-34.452242],[-58.611637,-34.452276],[-58.611906,-34.452341]]]}},{"type":"Feature","properties":{"partida":"057030071","cca":"057020P000000000000000000000006500B0008000","tipo":"Urbano","sup_m2":344.8},"geometry":{"type":"Polygon","coordinates":[[[-58.61199,-34.452082],[-58.611906,-34.452341],[-58.612035,-34.452372],[-58.612108,-34.452136],[-58.61199,-34.452082]]]}},{"type":"Feature","properties":{"partida":"057043191","cca":"057020P000000000000000000000006500B0009000","tipo":"Urbano","sup_m2":321.7},"geometry":{"type":"Polygon","coordinates":[[[-58.612233,-34.452192],[-58.612108,-34.452136],[-58.612035,-34.452372],[-58.612164,-34.452404],[-58.612233,-34.452192]]]}},{"type":"Feature","properties":{"partida":"057028036","cca":"057020P000000000000000000000006500B0010000","tipo":"Urbano","sup_m2":395.6},"geometry":{"type":"Polygon","coordinates":[[[-58.612164,-34.452404],[-58.612295,-34.452435],[-58.612341,-34.452421],[-58.612431,-34.452282],[-58.612233,-34.452192],[-58.612164,-34.452404]]]}},{"type":"Feature","properties":{"partida":"057020937","cca":"057020P000000000000000000000006600A0001000","tipo":"Urbano","sup_m2":434.5},"geometry":{"type":"Polygon","coordinates":[[[-58.611635,-34.452674],[-58.611706,-34.452458],[-58.611562,-34.452426],[-58.611507,-34.452458],[-58.611449,-34.452639],[-58.611635,-34.452674]]]}},{"type":"Feature","properties":{"partida":"057045306","cca":"057020P000000000000000000000006600A0002000","tipo":"Urbano","sup_m2":448.0},"geometry":{"type":"Polygon","coordinates":[[[-58.611822,-34.452715],[-58.611635,-34.452674],[-58.611449,-34.452639],[-58.611412,-34.452747],[-58.611787,-34.452824],[-58.611822,-34.452715]]]}},{"type":"Feature","properties":{"partida":"057045307","cca":"057020P000000000000000000000006600A0003000","tipo":"Urbano","sup_m2":448.8},"geometry":{"type":"Polygon","coordinates":[[[-58.611412,-34.452747],[-58.611377,-34.452857],[-58.611749,-34.452935],[-58.611787,-34.452824],[-58.611412,-34.452747]]]}},{"type":"Feature","properties":{"partida":"057045308","cca":"057020P000000000000000000000006600A0004000","tipo":"Urbano","sup_m2":443.8},"geometry":{"type":"Polygon","coordinates":[[[-58.611749,-34.452935],[-58.611377,-34.452857],[-58.611338,-34.452966],[-58.611711,-34.453044],[-58.611749,-34.452935]]]}},{"type":"Feature","properties":{"partida":"057045309","cca":"057020P000000000000000000000006600A0005000","tipo":"Urbano","sup_m2":411.9},"geometry":{"type":"Polygon","coordinates":[[[-58.611338,-34.452966],[-58.611305,-34.453067],[-58.611678,-34.453145],[-58.611711,-34.453044],[-58.611338,-34.452966]]]}},{"type":"Feature","properties":{"partida":"057045310","cca":"057020P000000000000000000000006600A0006000","tipo":"Urbano","sup_m2":435.9},"geometry":{"type":"Polygon","coordinates":[[[-58.611678,-34.453145],[-58.611305,-34.453067],[-58.611269,-34.453175],[-58.611643,-34.453252],[-58.611678,-34.453145]]]}},{"type":"Feature","properties":{"partida":"057045311","cca":"057020P000000000000000000000006600A0007000","tipo":"Urbano","sup_m2":414.7},"geometry":{"type":"Polygon","coordinates":[[[-58.611269,-34.453175],[-58.611235,-34.453277],[-58.611607,-34.453354],[-58.611643,-34.453252],[-58.611269,-34.453175]]]}},{"type":"Feature","properties":{"partida":"057045312","cca":"057020P000000000000000000000006600A0008000","tipo":"Urbano","sup_m2":410.5},"geometry":{"type":"Polygon","coordinates":[[[-58.611203,-34.453377],[-58.611574,-34.453458],[-58.611607,-34.453354],[-58.611235,-34.453277],[-58.611203,-34.453377]]]}},{"type":"Feature","properties":{"partida":"057045313","cca":"057020P000000000000000000000006600A0009000","tipo":"Urbano","sup_m2":568.8},"geometry":{"type":"Polygon","coordinates":[[[-58.611439,-34.453427],[-58.611203,-34.453377],[-58.611139,-34.453569],[-58.611158,-34.453621],[-58.611314,-34.453674],[-58.611439,-34.453427]]]}},{"type":"Feature","properties":{"partida":"057045314","cca":"057020P000000000000000000000006600A0010000","tipo":"Urbano","sup_m2":385.6},"geometry":{"type":"Polygon","coordinates":[[[-58.611574,-34.453458],[-58.611439,-34.453427],[-58.611314,-34.453674],[-58.611439,-34.453718],[-58.611574,-34.453458]]]}},{"type":"Feature","properties":{"partida":"057045315","cca":"057020P000000000000000000000006600A0011000","tipo":"Urbano","sup_m2":372.6},"geometry":{"type":"Polygon","coordinates":[[[-58.611574,-34.453458],[-58.611439,-34.453718],[-58.611555,-34.45376],[-58.611695,-34.453484],[-58.611574,-34.453458]]]}},{"type":"Feature","properties":{"partida":"057045316","cca":"057020P000000000000000000000006600A0012000","tipo":"Urbano","sup_m2":415.0},"geometry":{"type":"Polygon","coordinates":[[[-58.611676,-34.453802],[-58.611826,-34.453514],[-58.611695,-34.453484],[-58.611555,-34.45376],[-58.611676,-34.453802]]]}},{"type":"Feature","properties":{"partida":"057045317","cca":"057020P000000000000000000000006600A0013000","tipo":"Urbano","sup_m2":461.9},"geometry":{"type":"Polygon","coordinates":[[[-58.611826,-34.453514],[-58.611676,-34.453802],[-58.611794,-34.453844],[-58.611844,-34.453826],[-58.611938,-34.453539],[-58.611826,-34.453514]]]}},{"type":"Feature","properties":{"partida":"057045318","cca":"057020P000000000000000000000006600A0014000","tipo":"Urbano","sup_m2":414.0},"geometry":{"type":"Polygon","coordinates":[[[-58.611938,-34.453539],[-58.611972,-34.453434],[-58.611607,-34.453354],[-58.611574,-34.453458],[-58.611938,-34.453539]]]}},{"type":"Feature","properties":{"partida":"057045319","cca":"057020P000000000000000000000006600A0015000","tipo":"Urbano","sup_m2":408.0},"geometry":{"type":"Polygon","coordinates":[[[-58.611643,-34.453252],[-58.611607,-34.453354],[-58.611972,-34.453434],[-58.612008,-34.453334],[-58.611643,-34.453252]]]}},{"type":"Feature","properties":{"partida":"057045320","cca":"057020P000000000000000000000006600A0016000","tipo":"Urbano","sup_m2":429.8},"geometry":{"type":"Polygon","coordinates":[[[-58.612042,-34.453224],[-58.611678,-34.453145],[-58.611643,-34.453252],[-58.612008,-34.453334],[-58.612042,-34.453224]]]}},{"type":"Feature","properties":{"partida":"057045321","cca":"057020P000000000000000000000006600A0017000","tipo":"Urbano","sup_m2":410.6},"geometry":{"type":"Polygon","coordinates":[[[-58.611711,-34.453044],[-58.611678,-34.453145],[-58.612042,-34.453224],[-58.612077,-34.453119],[-58.611711,-34.453044]]]}},{"type":"Feature","properties":{"partida":"057045322","cca":"057020P000000000000000000000006600A0018000","tipo":"Urbano","sup_m2":425.8},"geometry":{"type":"Polygon","coordinates":[[[-58.612112,-34.453015],[-58.611749,-34.452935],[-58.611711,-34.453044],[-58.612077,-34.453119],[-58.612112,-34.453015]]]}},{"type":"Feature","properties":{"partida":"057045323","cca":"057020P000000000000000000000006600A0019000","tipo":"Urbano","sup_m2":442.4},"geometry":{"type":"Polygon","coordinates":[[[-58.611787,-34.452824],[-58.611749,-34.452935],[-58.612112,-34.453015],[-58.612148,-34.452903],[-58.611787,-34.452824]]]}},{"type":"Feature","properties":{"partida":"057045324","cca":"057020P000000000000000000000006600A0020000","tipo":"Urbano","sup_m2":432.7},"geometry":{"type":"Polygon","coordinates":[[[-58.611822,-34.452715],[-58.611787,-34.452824],[-58.612148,-34.452903],[-58.612187,-34.452793],[-58.611822,-34.452715]]]}},{"type":"Feature","properties":{"partida":"057045325","cca":"057020P000000000000000000000006600A0021000","tipo":"Urbano","sup_m2":409.4},"geometry":{"type":"Polygon","coordinates":[[[-58.612008,-34.452755],[-58.612187,-34.452793],[-58.612244,-34.452614],[-58.612219,-34.45257],[-58.612079,-34.45254],[-58.612008,-34.452755]]]}},{"type":"Feature","properties":{"partida":"057045326","cca":"057020P000000000000000000000006600A0022000","tipo":"Urbano","sup_m2":294.6},"geometry":{"type":"Polygon","coordinates":[[[-58.611954,-34.452513],[-58.611883,-34.452729],[-58.612008,-34.452755],[-58.612079,-34.45254],[-58.611954,-34.452513]]]}},{"type":"Feature","properties":{"partida":"057045327","cca":"057020P000000000000000000000006600A0023000","tipo":"Urbano","sup_m2":293.0},"geometry":{"type":"Polygon","coordinates":[[[-58.611954,-34.452513],[-58.611832,-34.452485],[-58.611757,-34.452701],[-58.611883,-34.452729],[-58.611954,-34.452513]]]}},{"type":"Feature","properties":{"partida":"057045328","cca":"057020P000000000000000000000006600A0024000","tipo":"Urbano","sup_m2":292.3},"geometry":{"type":"Polygon","coordinates":[[[-58.611832,-34.452485],[-58.611706,-34.452458],[-58.611635,-34.452674],[-58.611757,-34.452701],[-58.611832,-34.452485]]]}},{"type":"Feature","properties":{"partida":"057023998","cca":"057020P000000000000000000000006600B0001000","tipo":"Urbano","sup_m2":500.2},"geometry":{"type":"Polygon","coordinates":[[[-58.611268,-34.453799],[-58.611141,-34.453756],[-58.611091,-34.453775],[-58.610996,-34.454063],[-58.611121,-34.45409],[-58.611268,-34.453799]]]}},{"type":"Feature","properties":{"partida":"057059149","cca":"057020P000000000000000000000006600B0002000","tipo":"Urbano","sup_m2":384.9},"geometry":{"type":"Polygon","coordinates":[[[-58.611368,-34.454142],[-58.610996,-34.454063],[-58.610964,-34.45416],[-58.611338,-34.454235],[-58.611368,-34.454142]]]}},{"type":"Feature","properties":{"partida":"057059150","cca":"057020P000000000000000000000006600B0003000","tipo":"Urbano","sup_m2":406.4},"geometry":{"type":"Polygon","coordinates":[[[-58.611338,-34.454235],[-58.610964,-34.45416],[-58.610932,-34.454259],[-58.611306,-34.454335],[-58.611338,-34.454235]]]}},{"type":"Feature","properties":{"partida":"057059151","cca":"057020P000000000000000000000006600B0004000","tipo":"Urbano","sup_m2":404.7},"geometry":{"type":"Polygon","coordinates":[[[-58.611306,-34.454335],[-58.610932,-34.454259],[-58.610899,-34.454357],[-58.611273,-34.454436],[-58.611306,-34.454335]]]}},{"type":"Feature","properties":{"partida":"057059152","cca":"057020P000000000000000000000006600B0005000","tipo":"Urbano","sup_m2":393.7},"geometry":{"type":"Polygon","coordinates":[[[-58.610868,-34.454453],[-58.611241,-34.454534],[-58.611273,-34.454436],[-58.610899,-34.454357],[-58.610868,-34.454453]]]}},{"type":"Feature","properties":{"partida":"057059153","cca":"057020P000000000000000000000006600B0006000","tipo":"Urbano","sup_m2":417.9},"geometry":{"type":"Polygon","coordinates":[[[-58.611241,-34.454534],[-58.610868,-34.454453],[-58.610834,-34.454555],[-58.611208,-34.454637],[-58.611241,-34.454534]]]}},{"type":"Feature","properties":{"partida":"057059154","cca":"057020P000000000000000000000006600B0007000","tipo":"Urbano","sup_m2":381.8},"geometry":{"type":"Polygon","coordinates":[[[-58.610804,-34.454649],[-58.611177,-34.45473],[-58.611208,-34.454637],[-58.610834,-34.454555],[-58.610804,-34.454649]]]}},{"type":"Feature","properties":{"partida":"057059155","cca":"057020P000000000000000000000006600B0008000","tipo":"Urbano","sup_m2":385.1},"geometry":{"type":"Polygon","coordinates":[[[-58.610994,-34.454873],[-58.610968,-34.454685],[-58.610804,-34.454649],[-58.610747,-34.454821],[-58.610994,-34.454873]]]}},{"type":"Feature","properties":{"partida":"057059156","cca":"057020P000000000000000000000006600B0009000","tipo":"Urbano","sup_m2":463.3},"geometry":{"type":"Polygon","coordinates":[[[-58.610747,-34.454821],[-58.610687,-34.455004],[-58.610718,-34.455017],[-58.61101,-34.454989],[-58.610994,-34.454873],[-58.610747,-34.454821]]]}},{"type":"Feature","properties":{"partida":"057059157","cca":"057020P000000000000000000000006600B0010000","tipo":"Urbano","sup_m2":376.1},"geometry":{"type":"Polygon","coordinates":[[[-58.611101,-34.454714],[-58.610968,-34.454685],[-58.61101,-34.454989],[-58.61114,-34.454977],[-58.611101,-34.454714]]]}},{"type":"Feature","properties":{"partida":"057059158","cca":"057020P000000000000000000000006600B0011000","tipo":"Urbano","sup_m2":328.7},"geometry":{"type":"Polygon","coordinates":[[[-58.611239,-34.454743],[-58.611101,-34.454714],[-58.61114,-34.454977],[-58.61127,-34.454966],[-58.611239,-34.454743]]]}},{"type":"Feature","properties":{"partida":"057059159","cca":"057020P000000000000000000000006600B0012000","tipo":"Urbano","sup_m2":477.7},"geometry":{"type":"Polygon","coordinates":[[[-58.61127,-34.454966],[-58.61146,-34.454948],[-58.611505,-34.454911],[-58.611541,-34.454808],[-58.611239,-34.454743],[-58.61127,-34.454966]]]}},{"type":"Feature","properties":{"partida":"057059160","cca":"057020P000000000000000000000006600B0013000","tipo":"Urbano","sup_m2":365.6},"geometry":{"type":"Polygon","coordinates":[[[-58.611208,-34.454637],[-58.611177,-34.45473],[-58.611541,-34.454808],[-58.61157,-34.454717],[-58.611208,-34.454637]]]}},{"type":"Feature","properties":{"partida":"057059161","cca":"057020P000000000000000000000006600B0014000","tipo":"Urbano","sup_m2":406.0},"geometry":{"type":"Polygon","coordinates":[[[-58.61157,-34.454717],[-58.611603,-34.454614],[-58.611241,-34.454534],[-58.611208,-34.454637],[-58.61157,-34.454717]]]}},{"type":"Feature","properties":{"partida":"057059162","cca":"057020P000000000000000000000006600B0015000","tipo":"Urbano","sup_m2":390.6},"geometry":{"type":"Polygon","coordinates":[[[-58.611273,-34.454436],[-58.611241,-34.454534],[-58.611603,-34.454614],[-58.611636,-34.454515],[-58.611273,-34.454436]]]}},{"type":"Feature","properties":{"partida":"057059163","cca":"057020P000000000000000000000006600B0016000","tipo":"Urbano","sup_m2":405.2},"geometry":{"type":"Polygon","coordinates":[[[-58.611306,-34.454335],[-58.611273,-34.454436],[-58.611636,-34.454515],[-58.611669,-34.454411],[-58.611306,-34.454335]]]}},{"type":"Feature","properties":{"partida":"057059164","cca":"057020P000000000000000000000006600B0017000","tipo":"Urbano","sup_m2":399.1},"geometry":{"type":"Polygon","coordinates":[[[-58.611338,-34.454235],[-58.611306,-34.454335],[-58.611669,-34.454411],[-58.611702,-34.45431],[-58.611338,-34.454235]]]}},{"type":"Feature","properties":{"partida":"057059165","cca":"057020P000000000000000000000006600B0018000","tipo":"Urbano","sup_m2":365.2},"geometry":{"type":"Polygon","coordinates":[[[-58.611368,-34.454142],[-58.611338,-34.454235],[-58.611702,-34.45431],[-58.611732,-34.454219],[-58.611368,-34.454142]]]}},{"type":"Feature","properties":{"partida":"057059166","cca":"057020P000000000000000000000006600B0019000","tipo":"Urbano","sup_m2":604.8},"geometry":{"type":"Polygon","coordinates":[[[-58.611612,-34.453916],[-58.611484,-34.454166],[-58.611732,-34.454219],[-58.611796,-34.454022],[-58.611766,-34.453968],[-58.611612,-34.453916]]]}},{"type":"Feature","properties":{"partida":"057059167","cca":"057020P000000000000000000000006600B0020000","tipo":"Urbano","sup_m2":343.2},"geometry":{"type":"Polygon","coordinates":[[[-58.611484,-34.454166],[-58.611612,-34.453916],[-58.611497,-34.453877],[-58.611368,-34.454142],[-58.611484,-34.454166]]]}},{"type":"Feature","properties":{"partida":"057059168","cca":"057020P000000000000000000000006600B0021000","tipo":"Urbano","sup_m2":381.1},"geometry":{"type":"Polygon","coordinates":[[[-58.611385,-34.453839],[-58.611237,-34.454114],[-58.611368,-34.454142],[-58.611497,-34.453877],[-58.611385,-34.453839]]]}},{"type":"Feature","properties":{"partida":"057059169","cca":"057020P000000000000000000000006600B0022000","tipo":"Urbano","sup_m2":385.8},"geometry":{"type":"Polygon","coordinates":[[[-58.611237,-34.454114],[-58.611385,-34.453839],[-58.611268,-34.453799],[-58.611121,-34.45409],[-58.611237,-34.454114]]]}},{"type":"Feature","properties":{"partida":"057028864","cca":"057020P00000000000000000000000670000004000","tipo":"Urbano","sup_m2":294.2},"geometry":{"type":"Polygon","coordinates":[[[-58.612643,-34.452234],[-58.612894,-34.452348],[-58.612928,-34.452242],[-58.612704,-34.45214],[-58.612643,-34.452234]]]}},{"type":"Feature","properties":{"partida":"057028863","cca":"057020P00000000000000000000000670000005000","tipo":"Urbano","sup_m2":377.5},"geometry":{"type":"Polygon","coordinates":[[[-58.612755,-34.452285],[-58.612643,-34.452234],[-58.612521,-34.452422],[-58.612535,-34.452465],[-58.612691,-34.452496],[-58.612755,-34.452285]]]}},{"type":"Feature","properties":{"partida":"057045415","cca":"057020P00000000000000000000000670000006000","tipo":"Urbano","sup_m2":312.2},"geometry":{"type":"Polygon","coordinates":[[[-58.612691,-34.452496],[-58.612835,-34.452529],[-58.612894,-34.452348],[-58.612755,-34.452285],[-58.612691,-34.452496]]]}},{"type":"Feature","properties":{"partida":"057028869","cca":"057020P0000000000000000000000067000000700A","tipo":"Urbano","sup_m2":369.6},"geometry":{"type":"Polygon","coordinates":[[[-58.613044,-34.452296],[-58.612928,-34.452242],[-58.612835,-34.452529],[-58.612959,-34.452554],[-58.613044,-34.452296]]]}},{"type":"Feature","properties":{"partida":"057023988","cca":"057020P0000000000000000000000067000000800B","tipo":"Urbano","sup_m2":714.2},"geometry":{"type":"Polygon","coordinates":[[[-58.612959,-34.452554],[-58.613187,-34.452606],[-58.61323,-34.452588],[-58.613337,-34.452429],[-58.613044,-34.452296],[-58.612959,-34.452554]]]}},{"type":"Feature","properties":{"partida":"057028870","cca":"057020P00000000000000000000000670000010000","tipo":"Urbano","sup_m2":406.4},"geometry":{"type":"Polygon","coordinates":[[[-58.6134,-34.452332],[-58.613088,-34.452188],[-58.613023,-34.452285],[-58.613337,-34.452429],[-58.6134,-34.452332]]]}},{"type":"Feature","properties":{"partida":"057023989","cca":"057020P00000000000000000000000680000001000","tipo":"Urbano","sup_m2":391.2},"geometry":{"type":"Polygon","coordinates":[[[-58.612623,-34.452816],[-58.612671,-34.452678],[-58.612447,-34.452634],[-58.61239,-34.452656],[-58.612361,-34.452763],[-58.612623,-34.452816]]]}},{"type":"Feature","properties":{"partida":"057059178","cca":"057020P00000000000000000000000680000002000","tipo":"Urbano","sup_m2":373.1},"geometry":{"type":"Polygon","coordinates":[[[-58.612623,-34.452816],[-58.612361,-34.452763],[-58.61232,-34.452893],[-58.61258,-34.452949],[-58.612623,-34.452816]]]}},{"type":"Feature","properties":{"partida":"057059179","cca":"057020P00000000000000000000000680000003000","tipo":"Urbano","sup_m2":468.9},"geometry":{"type":"Polygon","coordinates":[[[-58.612709,-34.452975],[-58.61232,-34.452893],[-58.612284,-34.453005],[-58.61268,-34.453085],[-58.612709,-34.452975]]]}},{"type":"Feature","properties":{"partida":"057059180","cca":"057020P00000000000000000000000680000004000","tipo":"Urbano","sup_m2":455.1},"geometry":{"type":"Polygon","coordinates":[[[-58.612657,-34.453192],[-58.61268,-34.453085],[-58.612284,-34.453005],[-58.612252,-34.453109],[-58.612657,-34.453192]]]}},{"type":"Feature","properties":{"partida":"057059192","cca":"057020P0000000000000000000000068000000500A","tipo":"Urbano","sup_m2":915.1},"geometry":{"type":"Polygon","coordinates":[[[-58.612252,-34.453109],[-58.612188,-34.453312],[-58.612604,-34.453402],[-58.612657,-34.453192],[-58.612252,-34.453109]]]}},{"type":"Feature","properties":{"partida":"057028878","cca":"057020P00000000000000000000000680000007000","tipo":"Urbano","sup_m2":479.4},"geometry":{"type":"Polygon","coordinates":[[[-58.61258,-34.453509],[-58.612604,-34.453402],[-58.612188,-34.453312],[-58.612156,-34.453417],[-58.61258,-34.453509]]]}},{"type":"Feature","properties":{"partida":"057032768","cca":"057020P00000000000000000000000680000008000","tipo":"Urbano","sup_m2":488.3},"geometry":{"type":"Polygon","coordinates":[[[-58.612122,-34.453522],[-58.612556,-34.453615],[-58.61258,-34.453509],[-58.612156,-34.453417],[-58.612122,-34.453522]]]}},{"type":"Feature","properties":{"partida":"057059181","cca":"057020P00000000000000000000000680000009000","tipo":"Urbano","sup_m2":506.1},"geometry":{"type":"Polygon","coordinates":[[[-58.612531,-34.453722],[-58.612556,-34.453615],[-58.612122,-34.453522],[-58.612089,-34.453631],[-58.612531,-34.453722]]]}},{"type":"Feature","properties":{"partida":"057032767","cca":"057020P00000000000000000000000680000010000","tipo":"Urbano","sup_m2":360.4},"geometry":{"type":"Polygon","coordinates":[[[-58.612371,-34.453797],[-58.612402,-34.453694],[-58.612089,-34.453631],[-58.612056,-34.453736],[-58.612221,-34.453772],[-58.612371,-34.453797]]]}},{"type":"Feature","properties":{"partida":"057028875","cca":"057020P00000000000000000000000680000011000","tipo":"Urbano","sup_m2":293.4},"geometry":{"type":"Polygon","coordinates":[[[-58.612221,-34.453772],[-58.612056,-34.453736],[-58.612013,-34.453868],[-58.61205,-34.453911],[-58.612175,-34.453936],[-58.612221,-34.453772]]]}},{"type":"Feature","properties":{"partida":"057028874","cca":"057020P00000000000000000000000680000012000","tipo":"Urbano","sup_m2":262.6},"geometry":{"type":"Polygon","coordinates":[[[-58.612322,-34.453964],[-58.612371,-34.453797],[-58.612221,-34.453772],[-58.612175,-34.453936],[-58.612322,-34.453964]]]}},{"type":"Feature","properties":{"partida":"057032770","cca":"057020P00000000000000000000000680000013000","tipo":"Urbano","sup_m2":378.0},"geometry":{"type":"Polygon","coordinates":[[[-58.612322,-34.453964],[-58.612452,-34.45399],[-58.612531,-34.453722],[-58.612402,-34.453694],[-58.612322,-34.453964]]]}},{"type":"Feature","properties":{"partida":"057050425","cca":"057020P00000000000000000000000680000014000","tipo":"Urbano","sup_m2":379.9},"geometry":{"type":"Polygon","coordinates":[[[-58.612578,-34.45402],[-58.612661,-34.453736],[-58.612531,-34.453722],[-58.612452,-34.45399],[-58.612578,-34.45402]]]}},{"type":"Feature","properties":{"partida":"057028879","cca":"057020P00000000000000000000000680000015000","tipo":"Urbano","sup_m2":304.2},"geometry":{"type":"Polygon","coordinates":[[[-58.612795,-34.453869],[-58.612629,-34.453849],[-58.612578,-34.45402],[-58.612736,-34.454049],[-58.612795,-34.453869]]]}},{"type":"Feature","properties":{"partida":"057059182","cca":"057020P00000000000000000000000680000016000","tipo":"Urbano","sup_m2":355.9},"geometry":{"type":"Polygon","coordinates":[[[-58.612795,-34.453869],[-58.612736,-34.454049],[-58.612899,-34.454086],[-58.612932,-34.454059],[-58.612961,-34.453893],[-58.612795,-34.453869]]]}},{"type":"Feature","properties":{"partida":"057028873","cca":"057020P00000000000000000000000680000017000","tipo":"Urbano","sup_m2":393.7},"geometry":{"type":"Polygon","coordinates":[[[-58.61298,-34.453772],[-58.612661,-34.453736],[-58.612629,-34.453849],[-58.612795,-34.453869],[-58.612961,-34.453893],[-58.61298,-34.453772]]]}},{"type":"Feature","properties":{"partida":"057028880","cca":"057020P00000000000000000000000680000018000","tipo":"Urbano","sup_m2":494.3},"geometry":{"type":"Polygon","coordinates":[[[-58.612996,-34.453665],[-58.612556,-34.453615],[-58.612531,-34.453722],[-58.61298,-34.453772],[-58.612996,-34.453665]]]}},{"type":"Feature","properties":{"partida":"057059183","cca":"057020P00000000000000000000000680000019000","tipo":"Urbano","sup_m2":486.1},"geometry":{"type":"Polygon","coordinates":[[[-58.613013,-34.453558],[-58.61258,-34.453509],[-58.612556,-34.453615],[-58.612996,-34.453665],[-58.613013,-34.453558]]]}},{"type":"Feature","properties":{"partida":"057059184","cca":"057020P00000000000000000000000680000020000","tipo":"Urbano","sup_m2":479.4},"geometry":{"type":"Polygon","coordinates":[[[-58.613031,-34.453451],[-58.612604,-34.453402],[-58.61258,-34.453509],[-58.613013,-34.453558],[-58.613031,-34.453451]]]}},{"type":"Feature","properties":{"partida":"057028876","cca":"057020P0000000000000000000000068000002100A","tipo":"Urbano","sup_m2":904.5},"geometry":{"type":"Polygon","coordinates":[[[-58.612657,-34.453192],[-58.612604,-34.453402],[-58.613031,-34.453451],[-58.613065,-34.453246],[-58.612657,-34.453192]]]}},{"type":"Feature","properties":{"partida":"057065898","cca":"057020P00000000000000000000000680000023000","tipo":"Urbano","sup_m2":463.9},"geometry":{"type":"Polygon","coordinates":[[[-58.613083,-34.453133],[-58.61268,-34.453085],[-58.612657,-34.453192],[-58.613065,-34.453246],[-58.613083,-34.453133]]]}},{"type":"Feature","properties":{"partida":"057028881","cca":"057020P00000000000000000000000680000024000","tipo":"Urbano","sup_m2":467.9},"geometry":{"type":"Polygon","coordinates":[[[-58.613102,-34.453018],[-58.612709,-34.452975],[-58.61268,-34.453085],[-58.613083,-34.453133],[-58.613102,-34.453018]]]}},{"type":"Feature","properties":{"partida":"057033377","cca":"057020P00000000000000000000000680000025000","tipo":"Urbano","sup_m2":334.3},"geometry":{"type":"Polygon","coordinates":[[[-58.612884,-34.452862],[-58.612844,-34.45299],[-58.613102,-34.453018],[-58.613123,-34.452889],[-58.612884,-34.452862]]]}},{"type":"Feature","properties":{"partida":"057059185","cca":"057020P00000000000000000000000680000026000","tipo":"Urbano","sup_m2":284.3},"geometry":{"type":"Polygon","coordinates":[[[-58.612884,-34.452862],[-58.613123,-34.452889],[-58.613137,-34.452804],[-58.61312,-34.452774],[-58.612926,-34.452734],[-58.612884,-34.452862]]]}},{"type":"Feature","properties":{"partida":"057059186","cca":"057020P00000000000000000000000680000027000","tipo":"Urbano","sup_m2":373.8},"geometry":{"type":"Polygon","coordinates":[[[-58.612844,-34.45299],[-58.612926,-34.452734],[-58.612795,-34.452706],[-58.612709,-34.452975],[-58.612844,-34.45299]]]}},{"type":"Feature","properties":{"partida":"057059187","cca":"057020P00000000000000000000000680000028000","tipo":"Urbano","sup_m2":375.0},"geometry":{"type":"Polygon","coordinates":[[[-58.612671,-34.452678],[-58.61258,-34.452949],[-58.612709,-34.452975],[-58.612795,-34.452706],[-58.612671,-34.452678]]]}},{"type":"Feature","properties":{"partida":"057028890","cca":"057020P00000000000000000000000690000001000","tipo":"Urbano","sup_m2":461.4},"geometry":{"type":"Polygon","coordinates":[[[-58.612017,-34.454346],[-58.612109,-34.454062],[-58.611991,-34.454033],[-58.61195,-34.454061],[-58.611867,-34.454315],[-58.612017,-34.454346]]]}},{"type":"Feature","properties":{"partida":"057030378","cca":"057020P00000000000000000000000690000002000","tipo":"Urbano","sup_m2":334.0},"geometry":{"type":"Polygon","coordinates":[[[-58.612164,-34.454377],[-58.611867,-34.454315],[-58.611836,-34.454417],[-58.61213,-34.454483],[-58.612164,-34.454377]]]}},{"type":"Feature","properties":{"partida":"057028891","cca":"057020P00000000000000000000000690000003000","tipo":"Urbano","sup_m2":359.7},"geometry":{"type":"Polygon","coordinates":[[[-58.612142,-34.454593],[-58.61213,-34.454483],[-58.611836,-34.454417],[-58.611799,-34.454523],[-58.612142,-34.454593]]]}},{"type":"Feature","properties":{"partida":"057041220","cca":"057020P00000000000000000000000690000004000","tipo":"Urbano","sup_m2":428.4},"geometry":{"type":"Polygon","coordinates":[[[-58.612152,-34.454713],[-58.612142,-34.454593],[-58.611799,-34.454523],[-58.611763,-34.454626],[-58.612152,-34.454713]]]}},{"type":"Feature","properties":{"partida":"057028892","cca":"057020P00000000000000000000000690000005000","tipo":"Urbano","sup_m2":353.9},"geometry":{"type":"Polygon","coordinates":[[[-58.612011,-34.454814],[-58.611995,-34.454678],[-58.611763,-34.454626],[-58.611719,-34.45475],[-58.612011,-34.454814]]]}},{"type":"Feature","properties":{"partida":"057041221","cca":"057020P00000000000000000000000690000006000","tipo":"Urbano","sup_m2":463.3},"geometry":{"type":"Polygon","coordinates":[[[-58.61202,-34.454908],[-58.612011,-34.454814],[-58.611719,-34.45475],[-58.61167,-34.454905],[-58.611697,-34.454933],[-58.61202,-34.454908]]]}},{"type":"Feature","properties":{"partida":"057041222","cca":"057020P00000000000000000000000690000007000","tipo":"Urbano","sup_m2":325.4},"geometry":{"type":"Polygon","coordinates":[[[-58.612152,-34.454713],[-58.611995,-34.454678],[-58.61202,-34.454908],[-58.612174,-34.454898],[-58.612152,-34.454713]]]}},{"type":"Feature","properties":{"partida":"057028883","cca":"057020P00000000000000000000000690000008000","tipo":"Urbano","sup_m2":539.4},"geometry":{"type":"Polygon","coordinates":[[[-58.612304,-34.454886],[-58.61226,-34.454493],[-58.61213,-34.454483],[-58.612152,-34.454713],[-58.612174,-34.454898],[-58.612304,-34.454886]]]}},{"type":"Feature","properties":{"partida":"057028888","cca":"057020P00000000000000000000000690000009000","tipo":"Urbano","sup_m2":513.0},"geometry":{"type":"Polygon","coordinates":[[[-58.612393,-34.454504],[-58.61226,-34.454493],[-58.612304,-34.454886],[-58.612434,-34.454876],[-58.612393,-34.454504]]]}},{"type":"Feature","properties":{"partida":"057028885","cca":"057020P00000000000000000000000690000010000","tipo":"Urbano","sup_m2":512.0},"geometry":{"type":"Polygon","coordinates":[[[-58.61257,-34.454868],[-58.612533,-34.454512],[-58.612393,-34.454504],[-58.612434,-34.454876],[-58.61257,-34.454868]]]}},{"type":"Feature","properties":{"partida":"057030379","cca":"057020P00000000000000000000000690000011000","tipo":"Urbano","sup_m2":480.2},"geometry":{"type":"Polygon","coordinates":[[[-58.612672,-34.454522],[-58.612533,-34.454512],[-58.61257,-34.454868],[-58.612705,-34.454858],[-58.612672,-34.454522]]]}},{"type":"Feature","properties":{"partida":"057028887","cca":"057020P00000000000000000000000690000012000","tipo":"Urbano","sup_m2":348.6},"geometry":{"type":"Polygon","coordinates":[[[-58.612694,-34.454745],[-58.612705,-34.454858],[-58.612971,-34.45484],[-58.613002,-34.454814],[-58.612988,-34.454721],[-58.612694,-34.454745]]]}},{"type":"Feature","properties":{"partida":"057041219","cca":"057020P00000000000000000000000690000013000","tipo":"Urbano","sup_m2":332.7},"geometry":{"type":"Polygon","coordinates":[[[-58.612977,-34.45461],[-58.612682,-34.454636],[-58.612694,-34.454745],[-58.612988,-34.454721],[-58.612977,-34.45461]]]}},{"type":"Feature","properties":{"partida":"057028893","cca":"057020P00000000000000000000000690000014000","tipo":"Urbano","sup_m2":338.1},"geometry":{"type":"Polygon","coordinates":[[[-58.612672,-34.454522],[-58.612682,-34.454636],[-58.612977,-34.45461],[-58.612963,-34.4545],[-58.612672,-34.454522]]]}},{"type":"Feature","properties":{"partida":"057028889","cca":"057020P00000000000000000000000690000015000","tipo":"Urbano","sup_m2":300.1},"geometry":{"type":"Polygon","coordinates":[[[-58.612709,-34.45441],[-58.612672,-34.454522],[-58.612963,-34.4545],[-58.612946,-34.454387],[-58.612709,-34.45441]]]}},{"type":"Feature","properties":{"partida":"057028882","cca":"057020P00000000000000000000000690000016000","tipo":"Urbano","sup_m2":349.3},"geometry":{"type":"Polygon","coordinates":[[[-58.612709,-34.45441],[-58.612946,-34.454387],[-58.612934,-34.454269],[-58.612906,-34.454235],[-58.612777,-34.454205],[-58.612709,-34.45441]]]}},{"type":"Feature","properties":{"partida":"057028886","cca":"057020P00000000000000000000000690000017000","tipo":"Urbano","sup_m2":459.3},"geometry":{"type":"Polygon","coordinates":[[[-58.612777,-34.454205],[-58.612652,-34.454178],[-58.612533,-34.454512],[-58.612672,-34.454522],[-58.612777,-34.454205]]]}},{"type":"Feature","properties":{"partida":"057041223","cca":"057020P00000000000000000000000690000018000","tipo":"Urbano","sup_m2":504.6},"geometry":{"type":"Polygon","coordinates":[[[-58.612516,-34.454151],[-58.612393,-34.454504],[-58.612533,-34.454512],[-58.612652,-34.454178],[-58.612516,-34.454151]]]}},{"type":"Feature","properties":{"partida":"057023990","cca":"057020P00000000000000000000000690000019000","tipo":"Urbano","sup_m2":513.7},"geometry":{"type":"Polygon","coordinates":[[[-58.612385,-34.45412],[-58.61226,-34.454493],[-58.612393,-34.454504],[-58.612516,-34.454151],[-58.612385,-34.45412]]]}},{"type":"Feature","properties":{"partida":"057028884","cca":"057020P00000000000000000000000690000020000","tipo":"Urbano","sup_m2":523.0},"geometry":{"type":"Polygon","coordinates":[[[-58.612385,-34.45412],[-58.61226,-34.454094],[-58.61213,-34.454483],[-58.61226,-34.454493],[-58.612385,-34.45412]]]}},{"type":"Feature","properties":{"partida":"057028894","cca":"057020P00000000000000000000000690000021000","tipo":"Urbano","sup_m2":461.1},"geometry":{"type":"Polygon","coordinates":[[[-58.612164,-34.454377],[-58.61226,-34.454094],[-58.612109,-34.454062],[-58.612017,-34.454346],[-58.612164,-34.454377]]]}},{"type":"Feature","properties":{"partida":"057028929","cca":"057020P00000000000000000000000700000001000","tipo":"Urbano","sup_m2":450.3},"geometry":{"type":"Polygon","coordinates":[[[-58.611286,-34.455291],[-58.611588,-34.455162],[-58.611544,-34.45509],[-58.611498,-34.455074],[-58.611258,-34.455096],[-58.611286,-34.455291]]]}},{"type":"Feature","properties":{"partida":"057028923","cca":"057020P00000000000000000000000700000002000","tipo":"Urbano","sup_m2":401.0},"geometry":{"type":"Polygon","coordinates":[[[-58.611297,-34.455408],[-58.611286,-34.455291],[-58.611258,-34.455096],[-58.611115,-34.455108],[-58.611153,-34.455347],[-58.611297,-34.455408]]]}},{"type":"Feature","properties":{"partida":"057028926","cca":"057020P00000000000000000000000700000003000","tipo":"Urbano","sup_m2":277.6},"geometry":{"type":"Polygon","coordinates":[[[-58.610982,-34.455119],[-58.611009,-34.455286],[-58.611153,-34.455347],[-58.611115,-34.455108],[-58.610982,-34.455119]]]}},{"type":"Feature","properties":{"partida":"057028922","cca":"057020P00000000000000000000000700000004000","tipo":"Urbano","sup_m2":484.3},"geometry":{"type":"Polygon","coordinates":[[[-58.611009,-34.455286],[-58.610982,-34.455119],[-58.610725,-34.455141],[-58.610715,-34.455166],[-58.610833,-34.45536],[-58.611009,-34.455286]]]}},{"type":"Feature","properties":{"partida":"057028924","cca":"057020P00000000000000000000000700000005000","tipo":"Urbano","sup_m2":270.0},"geometry":{"type":"Polygon","coordinates":[[[-58.610833,-34.45536],[-58.610893,-34.455457],[-58.611153,-34.455347],[-58.611009,-34.455286],[-58.610833,-34.45536]]]}},{"type":"Feature","properties":{"partida":"057028921","cca":"057020P00000000000000000000000700000006000","tipo":"Urbano","sup_m2":375.5},"geometry":{"type":"Polygon","coordinates":[[[-58.61095,-34.455554],[-58.611297,-34.455408],[-58.611153,-34.455347],[-58.610893,-34.455457],[-58.61095,-34.455554]]]}},{"type":"Feature","properties":{"partida":"057059233","cca":"057020P00000000000000000000000700000007000","tipo":"Urbano","sup_m2":429.2},"geometry":{"type":"Polygon","coordinates":[[[-58.611358,-34.455503],[-58.611297,-34.455408],[-58.61095,-34.455554],[-58.611011,-34.45565],[-58.611358,-34.455503]]]}},{"type":"Feature","properties":{"partida":"057028927","cca":"057020P00000000000000000000000700000008000","tipo":"Urbano","sup_m2":430.5},"geometry":{"type":"Polygon","coordinates":[[[-58.611069,-34.455746],[-58.611418,-34.455599],[-58.611358,-34.455503],[-58.611011,-34.45565],[-58.611069,-34.455746]]]}},{"type":"Feature","properties":{"partida":"057028928","cca":"057020P00000000000000000000000700000009000","tipo":"Urbano","sup_m2":429.7},"geometry":{"type":"Polygon","coordinates":[[[-58.611477,-34.455695],[-58.611418,-34.455599],[-58.611069,-34.455746],[-58.611127,-34.455842],[-58.611477,-34.455695]]]}},{"type":"Feature","properties":{"partida":"057028932","cca":"057020P00000000000000000000000700000010000","tipo":"Urbano","sup_m2":434.2},"geometry":{"type":"Polygon","coordinates":[[[-58.611187,-34.455937],[-58.611537,-34.455793],[-58.611477,-34.455695],[-58.611127,-34.455842],[-58.611187,-34.455937]]]}},{"type":"Feature","properties":{"partida":"057028931","cca":"057020P00000000000000000000000700000011000","tipo":"Urbano","sup_m2":431.6},"geometry":{"type":"Polygon","coordinates":[[[-58.611248,-34.456035],[-58.611596,-34.455888],[-58.611537,-34.455793],[-58.611187,-34.455937],[-58.611248,-34.456035]]]}},{"type":"Feature","properties":{"partida":"057041224","cca":"057020P00000000000000000000000700000012000","tipo":"Urbano","sup_m2":287.4},"geometry":{"type":"Polygon","coordinates":[[[-58.611486,-34.456193],[-58.611358,-34.455988],[-58.611248,-34.456035],[-58.611353,-34.456211],[-58.611413,-34.456223],[-58.611486,-34.456193]]]}},{"type":"Feature","properties":{"partida":"057041225","cca":"057020P00000000000000000000000700000013000","tipo":"Urbano","sup_m2":300.8},"geometry":{"type":"Polygon","coordinates":[[[-58.611471,-34.455941],[-58.611358,-34.455988],[-58.611486,-34.456193],[-58.611602,-34.456144],[-58.611471,-34.455941]]]}},{"type":"Feature","properties":{"partida":"057041226","cca":"057020P00000000000000000000000700000014000","tipo":"Urbano","sup_m2":327.0},"geometry":{"type":"Polygon","coordinates":[[[-58.611725,-34.456091],[-58.611596,-34.455888],[-58.611471,-34.455941],[-58.611602,-34.456144],[-58.611725,-34.456091]]]}},{"type":"Feature","properties":{"partida":"057028930","cca":"057020P00000000000000000000000700000015000","tipo":"Urbano","sup_m2":324.5},"geometry":{"type":"Polygon","coordinates":[[[-58.611719,-34.455836],[-58.611596,-34.455888],[-58.611725,-34.456091],[-58.611848,-34.456039],[-58.611719,-34.455836]]]}},{"type":"Feature","properties":{"partida":"057059234","cca":"057020P00000000000000000000000700000016000","tipo":"Urbano","sup_m2":307.2},"geometry":{"type":"Polygon","coordinates":[[[-58.611848,-34.456039],[-58.611963,-34.45599],[-58.611838,-34.455785],[-58.611719,-34.455836],[-58.611848,-34.456039]]]}},{"type":"Feature","properties":{"partida":"057059235","cca":"057020P00000000000000000000000700000017000","tipo":"Urbano","sup_m2":277.4},"geometry":{"type":"Polygon","coordinates":[[[-58.611838,-34.455785],[-58.611963,-34.45599],[-58.612037,-34.455959],[-58.612055,-34.455919],[-58.611945,-34.45574],[-58.611838,-34.455785]]]}},{"type":"Feature","properties":{"partida":"057023993","cca":"057020P00000000000000000000000700000018000","tipo":"Urbano","sup_m2":427.7},"geometry":{"type":"Polygon","coordinates":[[[-58.611945,-34.45574],[-58.611885,-34.455644],[-58.611537,-34.455793],[-58.611596,-34.455888],[-58.611945,-34.45574]]]}},{"type":"Feature","properties":{"partida":"057028925","cca":"057020P00000000000000000000000700000019000","tipo":"Urbano","sup_m2":436.1},"geometry":{"type":"Polygon","coordinates":[[[-58.611826,-34.455548],[-58.611477,-34.455695],[-58.611537,-34.455793],[-58.611885,-34.455644],[-58.611826,-34.455548]]]}},{"type":"Feature","properties":{"partida":"057041227","cca":"057020P00000000000000000000000700000020000","tipo":"Urbano","sup_m2":431.6},"geometry":{"type":"Polygon","coordinates":[[[-58.611767,-34.455451],[-58.611418,-34.455599],[-58.611477,-34.455695],[-58.611826,-34.455548],[-58.611767,-34.455451]]]}},{"type":"Feature","properties":{"partida":"057041228","cca":"057020P00000000000000000000000700000021000","tipo":"Urbano","sup_m2":432.0},"geometry":{"type":"Polygon","coordinates":[[[-58.611707,-34.455355],[-58.611358,-34.455503],[-58.611418,-34.455599],[-58.611767,-34.455451],[-58.611707,-34.455355]]]}},{"type":"Feature","properties":{"partida":"057028933","cca":"057020P00000000000000000000000700000022000","tipo":"Urbano","sup_m2":433.8},"geometry":{"type":"Polygon","coordinates":[[[-58.611649,-34.455258],[-58.611297,-34.455408],[-58.611358,-34.455503],[-58.611707,-34.455355],[-58.611649,-34.455258]]]}},{"type":"Feature","properties":{"partida":"057069995","cca":"057020P00000000000000000000000700000023000","tipo":"Urbano","sup_m2":404.9},"geometry":{"type":"Polygon","coordinates":[[[-58.611649,-34.455258],[-58.611588,-34.455162],[-58.611286,-34.455291],[-58.611297,-34.455408],[-58.611649,-34.455258]]]}},{"type":"Feature","properties":{"partida":"057023994","cca":"057020P00000000000000000000000710000001000","tipo":"Urbano","sup_m2":330.3},"geometry":{"type":"Polygon","coordinates":[[[-58.610432,-34.455407],[-58.61056,-34.455474],[-58.610693,-34.455421],[-58.610584,-34.455246],[-58.610553,-34.455246],[-58.610432,-34.455407]]]}},{"type":"Feature","properties":{"partida":"057059263","cca":"057020P00000000000000000000000710000002000","tipo":"Urbano","sup_m2":412.6},"geometry":{"type":"Polygon","coordinates":[[[-58.610545,-34.455597],[-58.610752,-34.455516],[-58.610693,-34.455421],[-58.61056,-34.455474],[-58.610432,-34.455407],[-58.610359,-34.455499],[-58.610545,-34.455597]]]}},{"type":"Feature","properties":{"partida":"057059264","cca":"057020P00000000000000000000000710000003000","tipo":"Urbano","sup_m2":276.9},"geometry":{"type":"Polygon","coordinates":[[[-58.610544,-34.45572],[-58.610545,-34.455597],[-58.610359,-34.455499],[-58.610291,-34.455588],[-58.610544,-34.45572]]]}},{"type":"Feature","properties":{"partida":"057059265","cca":"057020P00000000000000000000000710000004000","tipo":"Urbano","sup_m2":379.0},"geometry":{"type":"Polygon","coordinates":[[[-58.610534,-34.455849],[-58.610544,-34.45572],[-58.610291,-34.455588],[-58.610223,-34.455681],[-58.610534,-34.455849]]]}},{"type":"Feature","properties":{"partida":"057059266","cca":"057020P00000000000000000000000710000005000","tipo":"Urbano","sup_m2":391.1},"geometry":{"type":"Polygon","coordinates":[[[-58.610534,-34.455849],[-58.610223,-34.455681],[-58.610142,-34.455776],[-58.610391,-34.455907],[-58.610534,-34.455849]]]}},{"type":"Feature","properties":{"partida":"057059267","cca":"057020P00000000000000000000000710000006000","tipo":"Urbano","sup_m2":325.2},"geometry":{"type":"Polygon","coordinates":[[[-58.610322,-34.455999],[-58.610391,-34.455907],[-58.610142,-34.455776],[-58.610071,-34.455867],[-58.610322,-34.455999]]]}},{"type":"Feature","properties":{"partida":"057059268","cca":"057020P00000000000000000000000710000007000","tipo":"Urbano","sup_m2":324.1},"geometry":{"type":"Polygon","coordinates":[[[-58.610118,-34.456019],[-58.610255,-34.456088],[-58.610322,-34.455999],[-58.610071,-34.455867],[-58.610003,-34.455957],[-58.610118,-34.456019]]]}},{"type":"Feature","properties":{"partida":"057059269","cca":"057020P00000000000000000000000710000008000","tipo":"Urbano","sup_m2":316.6},"geometry":{"type":"Polygon","coordinates":[[[-58.610118,-34.456019],[-58.610003,-34.455957],[-58.609872,-34.456124],[-58.609878,-34.456157],[-58.609974,-34.456209],[-58.610118,-34.456019]]]}},{"type":"Feature","properties":{"partida":"057059270","cca":"057020P00000000000000000000000710000009000","tipo":"Urbano","sup_m2":361.6},"geometry":{"type":"Polygon","coordinates":[[[-58.610255,-34.456088],[-58.610118,-34.456019],[-58.609974,-34.456209],[-58.610103,-34.456279],[-58.610255,-34.456088]]]}},{"type":"Feature","properties":{"partida":"057059271","cca":"057020P00000000000000000000000710000010000","tipo":"Urbano","sup_m2":583.8},"geometry":{"type":"Polygon","coordinates":[[[-58.610486,-34.455998],[-58.610391,-34.455907],[-58.610255,-34.456088],[-58.610103,-34.456279],[-58.610216,-34.456338],[-58.610486,-34.455998]]]}},{"type":"Feature","properties":{"partida":"057059272","cca":"057020P00000000000000000000000710000011000","tipo":"Urbano","sup_m2":502.8},"geometry":{"type":"Polygon","coordinates":[[[-58.610573,-34.456078],[-58.610486,-34.455998],[-58.610216,-34.456338],[-58.610321,-34.456395],[-58.610573,-34.456078]]]}},{"type":"Feature","properties":{"partida":"057059273","cca":"057020P00000000000000000000000710000012000","tipo":"Urbano","sup_m2":473.9},"geometry":{"type":"Polygon","coordinates":[[[-58.610573,-34.456078],[-58.610321,-34.456395],[-58.610432,-34.456452],[-58.61066,-34.456155],[-58.610573,-34.456078]]]}},{"type":"Feature","properties":{"partida":"057059274","cca":"057020P00000000000000000000000710000013000","tipo":"Urbano","sup_m2":458.1},"geometry":{"type":"Polygon","coordinates":[[[-58.610753,-34.456245],[-58.61066,-34.456155],[-58.610432,-34.456452],[-58.610542,-34.45651],[-58.610753,-34.456245]]]}},{"type":"Feature","properties":{"partida":"057059275","cca":"057020P00000000000000000000000710000014000","tipo":"Urbano","sup_m2":405.2},"geometry":{"type":"Polygon","coordinates":[[[-58.610653,-34.456569],[-58.610845,-34.456326],[-58.610753,-34.456245],[-58.610542,-34.45651],[-58.610653,-34.456569]]]}},{"type":"Feature","properties":{"partida":"057059276","cca":"057020P00000000000000000000000710000015000","tipo":"Urbano","sup_m2":308.8},"geometry":{"type":"Polygon","coordinates":[[[-58.610912,-34.456489],[-58.610774,-34.456413],[-58.610653,-34.456569],[-58.610794,-34.456641],[-58.610912,-34.456489]]]}},{"type":"Feature","properties":{"partida":"057059277","cca":"057020P00000000000000000000000710000016000","tipo":"Urbano","sup_m2":326.2},"geometry":{"type":"Polygon","coordinates":[[[-58.610912,-34.456489],[-58.610794,-34.456641],[-58.610915,-34.456706],[-58.610958,-34.456702],[-58.611062,-34.456563],[-58.610912,-34.456489]]]}},{"type":"Feature","properties":{"partida":"057059278","cca":"057020P00000000000000000000000710000017000","tipo":"Urbano","sup_m2":363.2},"geometry":{"type":"Polygon","coordinates":[[[-58.611062,-34.456563],[-58.611128,-34.456476],[-58.610845,-34.456326],[-58.610774,-34.456413],[-58.610912,-34.456489],[-58.611062,-34.456563]]]}},{"type":"Feature","properties":{"partida":"057059279","cca":"057020P00000000000000000000000710000018000","tipo":"Urbano","sup_m2":563.3},"geometry":{"type":"Polygon","coordinates":[[[-58.611154,-34.456196],[-58.610845,-34.456326],[-58.611128,-34.456476],[-58.611225,-34.456345],[-58.611231,-34.456308],[-58.611154,-34.456196]]]}},{"type":"Feature","properties":{"partida":"057059280","cca":"057020P00000000000000000000000710000019000","tipo":"Urbano","sup_m2":407.7},"geometry":{"type":"Polygon","coordinates":[[[-58.611095,-34.456096],[-58.610753,-34.456245],[-58.610845,-34.456326],[-58.611154,-34.456196],[-58.611095,-34.456096]]]}},{"type":"Feature","properties":{"partida":"057059281","cca":"057020P00000000000000000000000710000020000","tipo":"Urbano","sup_m2":457.1},"geometry":{"type":"Polygon","coordinates":[[[-58.61104,-34.456],[-58.61066,-34.456155],[-58.610753,-34.456245],[-58.611095,-34.456096],[-58.61104,-34.456]]]}},{"type":"Feature","properties":{"partida":"057059282","cca":"057020P00000000000000000000000710000021000","tipo":"Urbano","sup_m2":462.9},"geometry":{"type":"Polygon","coordinates":[[[-58.610985,-34.455906],[-58.610573,-34.456078],[-58.61066,-34.456155],[-58.61104,-34.456],[-58.610985,-34.455906]]]}},{"type":"Feature","properties":{"partida":"057059283","cca":"057020P00000000000000000000000710000022000","tipo":"Urbano","sup_m2":515.6},"geometry":{"type":"Polygon","coordinates":[[[-58.610923,-34.45581],[-58.610486,-34.455998],[-58.610573,-34.456078],[-58.610985,-34.455906],[-58.610923,-34.45581]]]}},{"type":"Feature","properties":{"partida":"057059284","cca":"057020P00000000000000000000000710000023000","tipo":"Urbano","sup_m2":592.5},"geometry":{"type":"Polygon","coordinates":[[[-58.610867,-34.45571],[-58.610534,-34.455849],[-58.610391,-34.455907],[-58.610486,-34.455998],[-58.610923,-34.45581],[-58.610867,-34.45571]]]}},{"type":"Feature","properties":{"partida":"057059285","cca":"057020P00000000000000000000000710000024000","tipo":"Urbano","sup_m2":380.6},"geometry":{"type":"Polygon","coordinates":[[[-58.610809,-34.45561],[-58.610544,-34.45572],[-58.610534,-34.455849],[-58.610867,-34.45571],[-58.610809,-34.45561]]]}},{"type":"Feature","properties":{"partida":"057059286","cca":"057020P00000000000000000000000710000025000","tipo":"Urbano","sup_m2":287.3},"geometry":{"type":"Polygon","coordinates":[[[-58.610809,-34.45561],[-58.610752,-34.455516],[-58.610545,-34.455597],[-58.610544,-34.45572],[-58.610809,-34.45561]]]}},{"type":"Feature","properties":{"partida":"057024068","cca":"057020P00000000000000000000000720000001000","tipo":"Urbano","sup_m2":401.4},"geometry":{"type":"Polygon","coordinates":[[[-58.613754,-34.45238],[-58.613882,-34.452181],[-58.613758,-34.452126],[-58.613713,-34.452137],[-58.613596,-34.45231],[-58.613754,-34.45238]]]}},{"type":"Feature","properties":{"partida":"057029019","cca":"057020P00000000000000000000000720000002000","tipo":"Urbano","sup_m2":358.7},"geometry":{"type":"Polygon","coordinates":[[[-58.613596,-34.45231],[-58.613533,-34.452404],[-58.613835,-34.452539],[-58.613869,-34.452431],[-58.613596,-34.45231]]]}},{"type":"Feature","properties":{"partida":"057029018","cca":"057020P00000000000000000000000720000003000","tipo":"Urbano","sup_m2":268.8},"geometry":{"type":"Polygon","coordinates":[[[-58.613674,-34.452601],[-58.613715,-34.452486],[-58.613533,-34.452404],[-58.613463,-34.452508],[-58.613674,-34.452601]]]}},{"type":"Feature","properties":{"partida":"057029021","cca":"057020P00000000000000000000000720000004000","tipo":"Urbano","sup_m2":377.5},"geometry":{"type":"Polygon","coordinates":[[[-58.613674,-34.452601],[-58.613463,-34.452508],[-58.613378,-34.452634],[-58.613403,-34.452668],[-58.61364,-34.452715],[-58.613674,-34.452601]]]}},{"type":"Feature","properties":{"partida":"057029020","cca":"057020P00000000000000000000000720000005000","tipo":"Urbano","sup_m2":311.8},"geometry":{"type":"Polygon","coordinates":[[[-58.613772,-34.452744],[-58.613835,-34.452539],[-58.613715,-34.452486],[-58.613674,-34.452601],[-58.61364,-34.452715],[-58.613772,-34.452744]]]}},{"type":"Feature","properties":{"partida":"057046951","cca":"057020P00000000000000000000000720000006000","tipo":"Urbano","sup_m2":406.2},"geometry":{"type":"Polygon","coordinates":[[[-58.613893,-34.452769],[-58.613987,-34.452485],[-58.613869,-34.452431],[-58.613772,-34.452744],[-58.613893,-34.452769]]]}},{"type":"Feature","properties":{"partida":"057046950","cca":"057020P00000000000000000000000720000007000","tipo":"Urbano","sup_m2":349.9},"geometry":{"type":"Polygon","coordinates":[[[-58.613948,-34.45261],[-58.613893,-34.452769],[-58.614078,-34.452811],[-58.614133,-34.452793],[-58.614182,-34.452714],[-58.613948,-34.45261]]]}},{"type":"Feature","properties":{"partida":"057029017","cca":"057020P00000000000000000000000720000008000","tipo":"Urbano","sup_m2":363.6},"geometry":{"type":"Polygon","coordinates":[[[-58.614251,-34.452602],[-58.613987,-34.452485],[-58.613948,-34.45261],[-58.614182,-34.452714],[-58.614251,-34.452602]]]}},{"type":"Feature","properties":{"partida":"057024070","cca":"057020P00000000000000000000000720000009000","tipo":"Urbano","sup_m2":390.2},"geometry":{"type":"Polygon","coordinates":[[[-58.614095,-34.452532],[-58.614251,-34.452602],[-58.614362,-34.452419],[-58.614349,-34.45239],[-58.614227,-34.452336],[-58.614095,-34.452532]]]}},{"type":"Feature","properties":{"partida":"057024069","cca":"057020P00000000000000000000000720000010000","tipo":"Urbano","sup_m2":286.7},"geometry":{"type":"Polygon","coordinates":[[[-58.614115,-34.452285],[-58.613987,-34.452485],[-58.614095,-34.452532],[-58.614227,-34.452336],[-58.614115,-34.452285]]]}},{"type":"Feature","properties":{"partida":"057059368","cca":"057020P00000000000000000000000720000011000","tipo":"Urbano","sup_m2":308.9},"geometry":{"type":"Polygon","coordinates":[[[-58.614115,-34.452285],[-58.613997,-34.452233],[-58.613869,-34.452431],[-58.613987,-34.452485],[-58.614115,-34.452285]]]}},{"type":"Feature","properties":{"partida":"057065899","cca":"057020P00000000000000000000000720000012000","tipo":"Urbano","sup_m2":300.7},"geometry":{"type":"Polygon","coordinates":[[[-58.613997,-34.452233],[-58.613882,-34.452181],[-58.613754,-34.45238],[-58.613869,-34.452431],[-58.613997,-34.452233]]]}},{"type":"Feature","properties":{"partida":"057041329","cca":"057020P00000000000000000000000730000001000","tipo":"Urbano","sup_m2":303.0},"geometry":{"type":"Polygon","coordinates":[[[-58.613499,-34.452969],[-58.613539,-34.452851],[-58.613341,-34.45281],[-58.6133,-34.452835],[-58.61328,-34.452942],[-58.613499,-34.452969]]]}},{"type":"Feature","properties":{"partida":"057028842","cca":"057020P00000000000000000000000730000002000","tipo":"Urbano","sup_m2":273.1},"geometry":{"type":"Polygon","coordinates":[[[-58.613499,-34.452969],[-58.61328,-34.452942],[-58.613259,-34.453068],[-58.61346,-34.453091],[-58.613499,-34.452969]]]}},{"type":"Feature","properties":{"partida":"057028843","cca":"057020P00000000000000000000000730000003000","tipo":"Urbano","sup_m2":362.4},"geometry":{"type":"Polygon","coordinates":[[[-58.613558,-34.453214],[-58.613593,-34.453108],[-58.613259,-34.453068],[-58.613245,-34.453176],[-58.613558,-34.453214]]]}},{"type":"Feature","properties":{"partida":"057028841","cca":"057020P00000000000000000000000730000004000","tipo":"Urbano","sup_m2":433.5},"geometry":{"type":"Polygon","coordinates":[[[-58.613622,-34.45322],[-58.613245,-34.453176],[-58.613225,-34.453288],[-58.613608,-34.453329],[-58.613622,-34.45322]]]}},{"type":"Feature","properties":{"partida":"057028846","cca":"057020P0000000000000000000000073000000500A","tipo":"Urbano","sup_m2":840.8},"geometry":{"type":"Polygon","coordinates":[[[-58.613187,-34.453498],[-58.613574,-34.453541],[-58.613608,-34.453329],[-58.613225,-34.453288],[-58.613211,-34.45339],[-58.613187,-34.453498]]]}},{"type":"Feature","properties":{"partida":"057041330","cca":"057020P00000000000000000000000730000007000","tipo":"Urbano","sup_m2":422.6},"geometry":{"type":"Polygon","coordinates":[[[-58.613175,-34.453604],[-58.613556,-34.453648],[-58.613574,-34.453541],[-58.613187,-34.453498],[-58.613175,-34.453604]]]}},{"type":"Feature","properties":{"partida":"057041331","cca":"057020P00000000000000000000000730000008000","tipo":"Urbano","sup_m2":449.0},"geometry":{"type":"Polygon","coordinates":[[[-58.613556,-34.453648],[-58.613175,-34.453604],[-58.613153,-34.453716],[-58.613541,-34.453761],[-58.613556,-34.453648]]]}},{"type":"Feature","properties":{"partida":"057041332","cca":"057020P00000000000000000000000730000009000","tipo":"Urbano","sup_m2":447.2},"geometry":{"type":"Polygon","coordinates":[[[-58.613521,-34.453871],[-58.613541,-34.453761],[-58.613153,-34.453716],[-58.613138,-34.45383],[-58.613521,-34.453871]]]}},{"type":"Feature","properties":{"partida":"057028836","cca":"057020P00000000000000000000000730000010000","tipo":"Urbano","sup_m2":351.7},"geometry":{"type":"Polygon","coordinates":[[[-58.613383,-34.45399],[-58.613382,-34.453856],[-58.613138,-34.45383],[-58.613113,-34.453962],[-58.613383,-34.45399]]]}},{"type":"Feature","properties":{"partida":"057028838","cca":"057020P00000000000000000000000730000011000","tipo":"Urbano","sup_m2":390.7},"geometry":{"type":"Polygon","coordinates":[[[-58.613383,-34.45399],[-58.613113,-34.453962],[-58.613097,-34.454079],[-58.613126,-34.454112],[-58.61338,-34.454118],[-58.613383,-34.45399]]]}},{"type":"Feature","properties":{"partida":"057041333","cca":"057020P0000000000000000000000073000001200B","tipo":"Urbano","sup_m2":114.5},"geometry":{"type":"Polygon","coordinates":[[[-58.613382,-34.453937],[-58.613517,-34.453953],[-58.613521,-34.453871],[-58.613382,-34.453856],[-58.613382,-34.453937]]]}},{"type":"Feature","properties":{"partida":"057135407","cca":"057020P0000000000000000000000073000001200C","tipo":"Urbano","sup_m2":235.0},"geometry":{"type":"Polygon","coordinates":[[[-58.61351,-34.454121],[-58.613517,-34.453953],[-58.613382,-34.453937],[-58.61338,-34.454118],[-58.61351,-34.454121]]]}},{"type":"Feature","properties":{"partida":"057040543","cca":"057020P00000000000000000000000730000013000","tipo":"Urbano","sup_m2":325.6},"geometry":{"type":"Polygon","coordinates":[[[-58.613648,-34.454001],[-58.613647,-34.453886],[-58.613521,-34.453871],[-58.61351,-34.454121],[-58.613643,-34.454123],[-58.613648,-34.454001]]]}},{"type":"Feature","properties":{"partida":"057028840","cca":"057020P00000000000000000000000730000014000","tipo":"Urbano","sup_m2":255.9},"geometry":{"type":"Polygon","coordinates":[[[-58.613648,-34.454001],[-58.613643,-34.454123],[-58.61383,-34.454127],[-58.613861,-34.454103],[-58.613873,-34.45402],[-58.613648,-34.454001]]]}},{"type":"Feature","properties":{"partida":"057030374","cca":"057020P00000000000000000000000730000015000","tipo":"Urbano","sup_m2":268.6},"geometry":{"type":"Polygon","coordinates":[[[-58.613889,-34.453911],[-58.613647,-34.453886],[-58.613648,-34.454001],[-58.613873,-34.45402],[-58.613889,-34.453911]]]}},{"type":"Feature","properties":{"partida":"057041334","cca":"057020P00000000000000000000000730000016000","tipo":"Urbano","sup_m2":426.4},"geometry":{"type":"Polygon","coordinates":[[[-58.613889,-34.453911],[-58.613911,-34.4538],[-58.613541,-34.453761],[-58.613521,-34.453871],[-58.613647,-34.453886],[-58.613889,-34.453911]]]}},{"type":"Feature","properties":{"partida":"057041335","cca":"057020P00000000000000000000000730000017000","tipo":"Urbano","sup_m2":431.0},"geometry":{"type":"Polygon","coordinates":[[[-58.613928,-34.453689],[-58.613556,-34.453648],[-58.613541,-34.453761],[-58.613911,-34.4538],[-58.613928,-34.453689]]]}},{"type":"Feature","properties":{"partida":"057041336","cca":"057020P00000000000000000000000730000018000","tipo":"Urbano","sup_m2":412.6},"geometry":{"type":"Polygon","coordinates":[[[-58.613946,-34.453582],[-58.613574,-34.453541],[-58.613556,-34.453648],[-58.613928,-34.453689],[-58.613946,-34.453582]]]}},{"type":"Feature","properties":{"partida":"057023986","cca":"057020P00000000000000000000000730000019000","tipo":"Urbano","sup_m2":412.9},"geometry":{"type":"Polygon","coordinates":[[[-58.613963,-34.453476],[-58.613592,-34.453434],[-58.613574,-34.453541],[-58.613946,-34.453582],[-58.613963,-34.453476]]]}},{"type":"Feature","properties":{"partida":"057028844","cca":"057020P00000000000000000000000730000020000","tipo":"Urbano","sup_m2":409.1},"geometry":{"type":"Polygon","coordinates":[[[-58.613981,-34.453369],[-58.613608,-34.453329],[-58.613592,-34.453434],[-58.613963,-34.453476],[-58.613981,-34.453369]]]}},{"type":"Feature","properties":{"partida":"057028845","cca":"057020P00000000000000000000000730000021000","tipo":"Urbano","sup_m2":415.3},"geometry":{"type":"Polygon","coordinates":[[[-58.613996,-34.453263],[-58.613622,-34.45322],[-58.613608,-34.453329],[-58.613981,-34.453369],[-58.613996,-34.453263]]]}},{"type":"Feature","properties":{"partida":"057028839","cca":"057020P00000000000000000000000730000022000","tipo":"Urbano","sup_m2":338.7},"geometry":{"type":"Polygon","coordinates":[[[-58.613723,-34.45312],[-58.613692,-34.453229],[-58.613996,-34.453263],[-58.614016,-34.453153],[-58.613723,-34.45312]]]}},{"type":"Feature","properties":{"partida":"057028837","cca":"057020P00000000000000000000000730000023000","tipo":"Urbano","sup_m2":282.5},"geometry":{"type":"Polygon","coordinates":[[[-58.613863,-34.453137],[-58.614016,-34.453153],[-58.614042,-34.452989],[-58.614013,-34.452954],[-58.613924,-34.452935],[-58.613863,-34.453137]]]}},{"type":"Feature","properties":{"partida":"057059369","cca":"057020P00000000000000000000000730000024000","tipo":"Urbano","sup_m2":297.6},"geometry":{"type":"Polygon","coordinates":[[[-58.613795,-34.452909],[-58.613723,-34.45312],[-58.613863,-34.453137],[-58.613924,-34.452935],[-58.613795,-34.452909]]]}},{"type":"Feature","properties":{"partida":"057030375","cca":"057020P00000000000000000000000730000025000","tipo":"Urbano","sup_m2":452.6},"geometry":{"type":"Polygon","coordinates":[[[-58.613723,-34.45312],[-58.613795,-34.452909],[-58.613665,-34.452881],[-58.613558,-34.453214],[-58.613692,-34.453229],[-58.613723,-34.45312]]]}},{"type":"Feature","properties":{"partida":"057030376","cca":"057020P00000000000000000000000730000026000","tipo":"Urbano","sup_m2":329.4},"geometry":{"type":"Polygon","coordinates":[[[-58.613539,-34.452851],[-58.61346,-34.453091],[-58.613593,-34.453108],[-58.613665,-34.452881],[-58.613539,-34.452851]]]}},{"type":"Feature","properties":{"partida":"057059403","cca":"057020P0000000000000000000000074000000100A","tipo":"Urbano","sup_m2":674.7},"geometry":{"type":"Polygon","coordinates":[[[-58.612743,-34.455206],[-58.613035,-34.455191],[-58.613016,-34.454995],[-58.61298,-34.454965],[-58.612716,-34.454983],[-58.612743,-34.455206]]]}},{"type":"Feature","properties":{"partida":"057028902","cca":"057020P00000000000000000000000740000002000","tipo":"Urbano","sup_m2":466.8},"geometry":{"type":"Polygon","coordinates":[[[-58.612624,-34.455351],[-58.61275,-34.455321],[-58.612743,-34.455206],[-58.612716,-34.454983],[-58.612588,-34.454993],[-58.612624,-34.455351]]]}},{"type":"Feature","properties":{"partida":"057028897","cca":"057020P00000000000000000000000740000003000","tipo":"Urbano","sup_m2":500.5},"geometry":{"type":"Polygon","coordinates":[[[-58.612455,-34.455002],[-58.612475,-34.455202],[-58.612495,-34.45538],[-58.612624,-34.455351],[-58.612588,-34.454993],[-58.612455,-34.455002]]]}},{"type":"Feature","properties":{"partida":"057028901","cca":"057020P0000000000000000000000074000000400A","tipo":"Urbano","sup_m2":227.0},"geometry":{"type":"Polygon","coordinates":[[[-58.612344,-34.455011],[-58.612366,-34.45521],[-58.612475,-34.455202],[-58.612455,-34.455002],[-58.612344,-34.455011]]]}},{"type":"Feature","properties":{"partida":"057095797","cca":"057020P0000000000000000000000074000000400B","tipo":"Urbano","sup_m2":284.2},"geometry":{"type":"Polygon","coordinates":[[[-58.61237,-34.455413],[-58.612495,-34.45538],[-58.612475,-34.455202],[-58.612366,-34.45521],[-58.612344,-34.455011],[-58.612326,-34.45501],[-58.61237,-34.455413]]]}},{"type":"Feature","properties":{"partida":"057059404","cca":"057020P00000000000000000000000740000005000","tipo":"Urbano","sup_m2":546.8},"geometry":{"type":"Polygon","coordinates":[[[-58.61237,-34.455413],[-58.612326,-34.45501],[-58.612198,-34.45502],[-58.612244,-34.455443],[-58.61237,-34.455413]]]}},{"type":"Feature","properties":{"partida":"057028898","cca":"057020P00000000000000000000000740000006000","tipo":"Urbano","sup_m2":332.4},"geometry":{"type":"Polygon","coordinates":[[[-58.612045,-34.455033],[-58.612075,-34.455267],[-58.612219,-34.455214],[-58.612198,-34.45502],[-58.612045,-34.455033]]]}},{"type":"Feature","properties":{"partida":"057028903","cca":"057020P00000000000000000000000740000007000","tipo":"Urbano","sup_m2":500.9},"geometry":{"type":"Polygon","coordinates":[[[-58.612058,-34.455138],[-58.612045,-34.455033],[-58.611719,-34.455057],[-58.611698,-34.455092],[-58.611787,-34.455243],[-58.612058,-34.455138]]]}},{"type":"Feature","properties":{"partida":"057059405","cca":"057020P00000000000000000000000740000008000","tipo":"Urbano","sup_m2":344.8},"geometry":{"type":"Polygon","coordinates":[[[-58.612075,-34.455267],[-58.612058,-34.455138],[-58.611787,-34.455243],[-58.611855,-34.455356],[-58.612075,-34.455267]]]}},{"type":"Feature","properties":{"partida":"057028899","cca":"057020P00000000000000000000000740000009000","tipo":"Urbano","sup_m2":436.3},"geometry":{"type":"Polygon","coordinates":[[[-58.611918,-34.455459],[-58.61223,-34.455331],[-58.612219,-34.455214],[-58.612075,-34.455267],[-58.611855,-34.455356],[-58.611918,-34.455459]]]}},{"type":"Feature","properties":{"partida":"057028895","cca":"057020P00000000000000000000000740000010000","tipo":"Urbano","sup_m2":348.1},"geometry":{"type":"Polygon","coordinates":[[[-58.611974,-34.455553],[-58.612244,-34.455443],[-58.61223,-34.455331],[-58.611918,-34.455459],[-58.611974,-34.455553]]]}},{"type":"Feature","properties":{"partida":"057041315","cca":"057020P00000000000000000000000740000011000","tipo":"Urbano","sup_m2":314.1},"geometry":{"type":"Polygon","coordinates":[[[-58.612302,-34.455535],[-58.612244,-34.455443],[-58.611974,-34.455553],[-58.612027,-34.455643],[-58.612302,-34.455535]]]}},{"type":"Feature","properties":{"partida":"057041317","cca":"057020P00000000000000000000000740000012000","tipo":"Urbano","sup_m2":280.1},"geometry":{"type":"Polygon","coordinates":[[[-58.612244,-34.455719],[-58.612216,-34.455733],[-58.612192,-34.45569],[-58.612082,-34.455733],[-58.612174,-34.455883],[-58.612221,-34.455892],[-58.612325,-34.455849],[-58.612244,-34.455719]]]}},{"type":"Feature","properties":{"partida":"057138716","cca":"057020P0000000000000000000000074000001200A","tipo":"Urbano","sup_m2":170.6},"geometry":{"type":"Polygon","coordinates":[[[-58.612164,-34.45559],[-58.612027,-34.455643],[-58.612082,-34.455733],[-58.612192,-34.45569],[-58.612216,-34.455733],[-58.612244,-34.455719],[-58.612164,-34.45559]]]}},{"type":"Feature","properties":{"partida":"057028900","cca":"057020P00000000000000000000000740000013000","tipo":"Urbano","sup_m2":453.9},"geometry":{"type":"Polygon","coordinates":[[[-58.612462,-34.455794],[-58.612302,-34.455535],[-58.612164,-34.45559],[-58.612325,-34.455849],[-58.612462,-34.455794]]]}},{"type":"Feature","properties":{"partida":"057028896","cca":"057020P00000000000000000000000740000014000","tipo":"Urbano","sup_m2":507.9},"geometry":{"type":"Polygon","coordinates":[[[-58.612579,-34.455745],[-58.61237,-34.455413],[-58.612244,-34.455443],[-58.612462,-34.455794],[-58.612579,-34.455745]]]}},{"type":"Feature","properties":{"partida":"057028905","cca":"057020P00000000000000000000000740000015000","tipo":"Urbano","sup_m2":484.7},"geometry":{"type":"Polygon","coordinates":[[[-58.612696,-34.455697],[-58.612495,-34.45538],[-58.61237,-34.455413],[-58.612579,-34.455745],[-58.612696,-34.455697]]]}},{"type":"Feature","properties":{"partida":"057041318","cca":"057020P00000000000000000000000740000016000","tipo":"Urbano","sup_m2":461.9},"geometry":{"type":"Polygon","coordinates":[[[-58.612813,-34.455649],[-58.612624,-34.455351],[-58.612495,-34.45538],[-58.612696,-34.455697],[-58.612813,-34.455649]]]}},{"type":"Feature","properties":{"partida":"057041319","cca":"057020P00000000000000000000000740000017000","tipo":"Urbano","sup_m2":432.3},"geometry":{"type":"Polygon","coordinates":[[[-58.612929,-34.455601],[-58.61275,-34.455321],[-58.612624,-34.455351],[-58.612813,-34.455649],[-58.612929,-34.455601]]]}},{"type":"Feature","properties":{"partida":"057041316","cca":"057020P00000000000000000000000740000018000","tipo":"Urbano","sup_m2":318.5},"geometry":{"type":"Polygon","coordinates":[[[-58.612819,-34.455427],[-58.612929,-34.455601],[-58.613047,-34.455552],[-58.613064,-34.455523],[-58.613057,-34.455407],[-58.612819,-34.455427]]]}},{"type":"Feature","properties":{"partida":"057023991","cca":"057020P00000000000000000000000740000019000","tipo":"Urbano","sup_m2":296.8},"geometry":{"type":"Polygon","coordinates":[[[-58.613057,-34.455407],[-58.613045,-34.455301],[-58.61275,-34.455321],[-58.612819,-34.455427],[-58.613057,-34.455407]]]}},{"type":"Feature","properties":{"partida":"057028906","cca":"057020P00000000000000000000000740000020000","tipo":"Urbano","sup_m2":337.4},"geometry":{"type":"Polygon","coordinates":[[[-58.613035,-34.455191],[-58.612743,-34.455206],[-58.61275,-34.455321],[-58.613045,-34.455301],[-58.613035,-34.455191]]]}},{"type":"Feature","properties":{"partida":"057107160","cca":"057020P00000000000000000000000750000001000","tipo":"Urbano","sup_m2":6844.4},"geometry":{"type":"Polygon","coordinates":[[[-58.613187,-34.455179],[-58.613942,-34.455114],[-58.613868,-34.454312],[-58.61383,-34.454278],[-58.61313,-34.45427],[-58.613088,-34.454307],[-58.613187,-34.455179]]]}},{"type":"Feature","properties":{"partida":"057023997","cca":"057020P00000000000000000000000750000002000","tipo":"Urbano","sup_m2":2268.2},"geometry":{"type":"Polygon","coordinates":[[[-58.613942,-34.455114],[-58.613187,-34.455179],[-58.613217,-34.455464],[-58.613262,-34.45549],[-58.613936,-34.455386],[-58.613974,-34.455343],[-58.613942,-34.455114]]]}},{"type":"Feature","properties":{"partida":"057032771","cca":"057020P00000000000000000000000760000001000","tipo":"Urbano","sup_m2":371.6},"geometry":{"type":"Polygon","coordinates":[[[-58.613046,-34.455912],[-58.613209,-34.455863],[-58.613142,-34.455699],[-58.613097,-34.455684],[-58.612944,-34.455745],[-58.613046,-34.455912]]]}},{"type":"Feature","properties":{"partida":"057038516","cca":"057020P00000000000000000000000760000002000","tipo":"Urbano","sup_m2":306.5},"geometry":{"type":"Polygon","coordinates":[[[-58.612885,-34.455961],[-58.613046,-34.455912],[-58.612944,-34.455745],[-58.612796,-34.455806],[-58.612885,-34.455961]]]}},{"type":"Feature","properties":{"partida":"057028917","cca":"057020P00000000000000000000000760000003000","tipo":"Urbano","sup_m2":383.2},"geometry":{"type":"Polygon","coordinates":[[[-58.612949,-34.45606],[-58.612885,-34.455961],[-58.612796,-34.455806],[-58.612673,-34.455856],[-58.612819,-34.456099],[-58.612949,-34.45606]]]}},{"type":"Feature","properties":{"partida":"057028918","cca":"057020P00000000000000000000000760000004000","tipo":"Urbano","sup_m2":376.0},"geometry":{"type":"Polygon","coordinates":[[[-58.612819,-34.456099],[-58.612673,-34.455856],[-58.612548,-34.455906],[-58.612698,-34.456147],[-58.612819,-34.456099]]]}},{"type":"Feature","properties":{"partida":"057032775","cca":"057020P00000000000000000000000760000005000","tipo":"Urbano","sup_m2":238.7},"geometry":{"type":"Polygon","coordinates":[[[-58.612511,-34.456103],[-58.61264,-34.456051],[-58.612548,-34.455906],[-58.612419,-34.455958],[-58.612511,-34.456103]]]}},{"type":"Feature","properties":{"partida":"057023992","cca":"057020P00000000000000000000000760000006000","tipo":"Urbano","sup_m2":274.7},"geometry":{"type":"Polygon","coordinates":[[[-58.612511,-34.456103],[-58.612419,-34.455958],[-58.612304,-34.456005],[-58.612285,-34.456045],[-58.612356,-34.456163],[-58.612511,-34.456103]]]}},{"type":"Feature","properties":{"partida":"057028916","cca":"057020P00000000000000000000000760000007000","tipo":"Urbano","sup_m2":349.0},"geometry":{"type":"Polygon","coordinates":[[[-58.612415,-34.456263],[-58.612698,-34.456147],[-58.61264,-34.456051],[-58.612356,-34.456163],[-58.612415,-34.456263]]]}},{"type":"Feature","properties":{"partida":"057028915","cca":"057020P00000000000000000000000760000008000","tipo":"Urbano","sup_m2":495.9},"geometry":{"type":"Polygon","coordinates":[[[-58.612819,-34.456099],[-58.612415,-34.456263],[-58.612472,-34.456361],[-58.612872,-34.456198],[-58.612819,-34.456099]]]}},{"type":"Feature","properties":{"partida":"057032773","cca":"057020P00000000000000000000000760000009000","tipo":"Urbano","sup_m2":483.9},"geometry":{"type":"Polygon","coordinates":[[[-58.612924,-34.456297],[-58.612872,-34.456198],[-58.612472,-34.456361],[-58.61253,-34.456455],[-58.612924,-34.456297]]]}},{"type":"Feature","properties":{"partida":"057032772","cca":"057020P00000000000000000000000760000010000","tipo":"Urbano","sup_m2":482.6},"geometry":{"type":"Polygon","coordinates":[[[-58.612976,-34.456397],[-58.612924,-34.456297],[-58.61253,-34.456455],[-58.612589,-34.456554],[-58.612976,-34.456397]]]}},{"type":"Feature","properties":{"partida":"057038517","cca":"057020P00000000000000000000000760000011000","tipo":"Urbano","sup_m2":469.2},"geometry":{"type":"Polygon","coordinates":[[[-58.612976,-34.456397],[-58.612589,-34.456554],[-58.612646,-34.45665],[-58.613027,-34.456496],[-58.612976,-34.456397]]]}},{"type":"Feature","properties":{"partida":"057032774","cca":"057020P00000000000000000000000760000012000","tipo":"Urbano","sup_m2":460.8},"geometry":{"type":"Polygon","coordinates":[[[-58.613077,-34.456596],[-58.613027,-34.456496],[-58.612646,-34.45665],[-58.612705,-34.456746],[-58.613077,-34.456596]]]}},{"type":"Feature","properties":{"partida":"057028908","cca":"057020P00000000000000000000000760000013000","tipo":"Urbano","sup_m2":455.5},"geometry":{"type":"Polygon","coordinates":[[[-58.613131,-34.456695],[-58.613077,-34.456596],[-58.612705,-34.456746],[-58.612762,-34.456844],[-58.613131,-34.456695]]]}},{"type":"Feature","properties":{"partida":"057028913","cca":"057020P00000000000000000000000760000014000","tipo":"Urbano","sup_m2":446.5},"geometry":{"type":"Polygon","coordinates":[[[-58.612821,-34.45694],[-58.613182,-34.456794],[-58.613131,-34.456695],[-58.612762,-34.456844],[-58.612821,-34.45694]]]}},{"type":"Feature","properties":{"partida":"057028911","cca":"057020P00000000000000000000000760000015000","tipo":"Urbano","sup_m2":303.0},"geometry":{"type":"Polygon","coordinates":[[[-58.612947,-34.456889],[-58.612821,-34.45694],[-58.612918,-34.457096],[-58.612968,-34.457118],[-58.613067,-34.457078],[-58.612947,-34.456889]]]}},{"type":"Feature","properties":{"partida":"057059412","cca":"057020P00000000000000000000000760000016000","tipo":"Urbano","sup_m2":272.2},"geometry":{"type":"Polygon","coordinates":[[[-58.613178,-34.457031],[-58.613062,-34.456843],[-58.612947,-34.456889],[-58.613067,-34.457078],[-58.613178,-34.457031]]]}},{"type":"Feature","properties":{"partida":"057059413","cca":"057020P00000000000000000000000760000017000","tipo":"Urbano","sup_m2":287.4},"geometry":{"type":"Polygon","coordinates":[[[-58.613178,-34.457031],[-58.613297,-34.456984],[-58.613182,-34.456794],[-58.613062,-34.456843],[-58.613178,-34.457031]]]}},{"type":"Feature","properties":{"partida":"057028907","cca":"057020P00000000000000000000000760000018000","tipo":"Urbano","sup_m2":284.4},"geometry":{"type":"Polygon","coordinates":[[[-58.613314,-34.456755],[-58.613182,-34.456794],[-58.613297,-34.456984],[-58.613415,-34.456936],[-58.613314,-34.456755]]]}},{"type":"Feature","properties":{"partida":"057028914","cca":"057020P00000000000000000000000760000019000","tipo":"Urbano","sup_m2":233.4},"geometry":{"type":"Polygon","coordinates":[[[-58.613425,-34.456723],[-58.613314,-34.456755],[-58.613415,-34.456936],[-58.613523,-34.456892],[-58.613425,-34.456723]]]}},{"type":"Feature","properties":{"partida":"057038518","cca":"057020P00000000000000000000000760000020000","tipo":"Urbano","sup_m2":233.4},"geometry":{"type":"Polygon","coordinates":[[[-58.613425,-34.456723],[-58.613523,-34.456892],[-58.613598,-34.456864],[-58.613615,-34.456821],[-58.613557,-34.456684],[-58.613425,-34.456723]]]}},{"type":"Feature","properties":{"partida":"057028909","cca":"057020P00000000000000000000000760000021000","tipo":"Urbano","sup_m2":443.9},"geometry":{"type":"Polygon","coordinates":[[[-58.613557,-34.456684],[-58.613516,-34.456581],[-58.613131,-34.456695],[-58.613182,-34.456794],[-58.613557,-34.456684]]]}},{"type":"Feature","properties":{"partida":"057038519","cca":"057020P00000000000000000000000760000022000","tipo":"Urbano","sup_m2":455.2},"geometry":{"type":"Polygon","coordinates":[[[-58.613472,-34.45648],[-58.613077,-34.456596],[-58.613131,-34.456695],[-58.613516,-34.456581],[-58.613472,-34.45648]]]}},{"type":"Feature","properties":{"partida":"057028919","cca":"057020P00000000000000000000000760000023000","tipo":"Urbano","sup_m2":467.9},"geometry":{"type":"Polygon","coordinates":[[[-58.613429,-34.456377],[-58.613027,-34.456496],[-58.613077,-34.456596],[-58.613472,-34.45648],[-58.613429,-34.456377]]]}},{"type":"Feature","properties":{"partida":"057028910","cca":"057020P00000000000000000000000760000024000","tipo":"Urbano","sup_m2":474.1},"geometry":{"type":"Polygon","coordinates":[[[-58.613389,-34.456275],[-58.612976,-34.456397],[-58.613027,-34.456496],[-58.613429,-34.456377],[-58.613389,-34.456275]]]}},{"type":"Feature","properties":{"partida":"057030380","cca":"057020P00000000000000000000000760000025000","tipo":"Urbano","sup_m2":487.0},"geometry":{"type":"Polygon","coordinates":[[[-58.613389,-34.456275],[-58.613346,-34.456174],[-58.612924,-34.456297],[-58.612976,-34.456397],[-58.613389,-34.456275]]]}},{"type":"Feature","properties":{"partida":"057028912","cca":"057020P0000000000000000000000076000002600A","tipo":"Urbano","sup_m2":422.1},"geometry":{"type":"Polygon","coordinates":[[[-58.613306,-34.456085],[-58.612882,-34.456214],[-58.612924,-34.456297],[-58.613346,-34.456174],[-58.613306,-34.456085]]]}},{"type":"Feature","properties":{"partida":"057028920","cca":"057020P0000000000000000000000076000002700A","tipo":"Urbano","sup_m2":583.3},"geometry":{"type":"Polygon","coordinates":[[[-58.612882,-34.456214],[-58.613306,-34.456085],[-58.613258,-34.45597],[-58.612819,-34.456099],[-58.612882,-34.456214]]]}},{"type":"Feature","properties":{"partida":"057038520","cca":"057020P00000000000000000000000760000028000","tipo":"Urbano","sup_m2":387.0},"geometry":{"type":"Polygon","coordinates":[[[-58.613258,-34.45597],[-58.613209,-34.455863],[-58.612885,-34.455961],[-58.612949,-34.45606],[-58.613258,-34.45597]]]}},{"type":"Feature","properties":{"partida":"057029059","cca":"057020P00000000000000000000000770000001000","tipo":"Urbano","sup_m2":312.1},"geometry":{"type":"Polygon","coordinates":[[[-58.61213,-34.456366],[-58.612243,-34.456317],[-58.612126,-34.456124],[-58.612081,-34.456108],[-58.611999,-34.456142],[-58.61213,-34.456366]]]}},{"type":"Feature","properties":{"partida":"057029060","cca":"057020P00000000000000000000000770000002000","tipo":"Urbano","sup_m2":319.1},"geometry":{"type":"Polygon","coordinates":[[[-58.61213,-34.456366],[-58.611999,-34.456142],[-58.611885,-34.45619],[-58.612017,-34.45641],[-58.61213,-34.456366]]]}},{"type":"Feature","properties":{"partida":"057029061","cca":"057020P00000000000000000000000770000003000","tipo":"Urbano","sup_m2":339.9},"geometry":{"type":"Polygon","coordinates":[[[-58.611898,-34.456463],[-58.612017,-34.45641],[-58.611885,-34.45619],[-58.611764,-34.45624],[-58.611898,-34.456463]]]}},{"type":"Feature","properties":{"partida":"057032791","cca":"057020P00000000000000000000000770000004000","tipo":"Urbano","sup_m2":316.9},"geometry":{"type":"Polygon","coordinates":[[[-58.611764,-34.45624],[-58.611651,-34.456285],[-58.611786,-34.456508],[-58.611898,-34.456463],[-58.611764,-34.45624]]]}},{"type":"Feature","properties":{"partida":"057041320","cca":"057020P00000000000000000000000770000005000","tipo":"Urbano","sup_m2":309.9},"geometry":{"type":"Polygon","coordinates":[[[-58.611677,-34.456555],[-58.611786,-34.456508],[-58.611651,-34.456285],[-58.611544,-34.45633],[-58.611677,-34.456555]]]}},{"type":"Feature","properties":{"partida":"057041321","cca":"057020P00000000000000000000000770000006000","tipo":"Urbano","sup_m2":345.5},"geometry":{"type":"Polygon","coordinates":[[[-58.611556,-34.456606],[-58.611677,-34.456555],[-58.611544,-34.45633],[-58.611447,-34.456368],[-58.611436,-34.456405],[-58.611556,-34.456606]]]}},{"type":"Feature","properties":{"partida":"057041322","cca":"057020P00000000000000000000000770000007000","tipo":"Urbano","sup_m2":417.9},"geometry":{"type":"Polygon","coordinates":[[[-58.611958,-34.456557],[-58.611898,-34.456463],[-58.611786,-34.456508],[-58.611556,-34.456606],[-58.611616,-34.4567],[-58.611958,-34.456557]]]}},{"type":"Feature","properties":{"partida":"057041323","cca":"057020P00000000000000000000000770000008000","tipo":"Urbano","sup_m2":412.6},"geometry":{"type":"Polygon","coordinates":[[[-58.612014,-34.456653],[-58.611958,-34.456557],[-58.611616,-34.4567],[-58.611677,-34.456794],[-58.612014,-34.456653]]]}},{"type":"Feature","properties":{"partida":"057029055","cca":"057020P00000000000000000000000770000009000","tipo":"Urbano","sup_m2":411.0},"geometry":{"type":"Polygon","coordinates":[[[-58.612073,-34.45675],[-58.612014,-34.456653],[-58.611677,-34.456794],[-58.61173,-34.456888],[-58.612073,-34.45675]]]}},{"type":"Feature","properties":{"partida":"057059429","cca":"057020P00000000000000000000000770000010000","tipo":"Urbano","sup_m2":439.6},"geometry":{"type":"Polygon","coordinates":[[[-58.612136,-34.456849],[-58.612073,-34.45675],[-58.61173,-34.456888],[-58.611792,-34.456989],[-58.612136,-34.456849]]]}},{"type":"Feature","properties":{"partida":"057059430","cca":"057020P00000000000000000000000770000011000","tipo":"Urbano","sup_m2":420.9},"geometry":{"type":"Polygon","coordinates":[[[-58.612194,-34.456947],[-58.612136,-34.456849],[-58.611792,-34.456989],[-58.61185,-34.457085],[-58.612194,-34.456947]]]}},{"type":"Feature","properties":{"partida":"057024078","cca":"057020P00000000000000000000000770000012000","tipo":"Urbano","sup_m2":431.7},"geometry":{"type":"Polygon","coordinates":[[[-58.612194,-34.456947],[-58.61185,-34.457085],[-58.611909,-34.457183],[-58.612254,-34.457047],[-58.612194,-34.456947]]]}},{"type":"Feature","properties":{"partida":"057032792","cca":"057020P00000000000000000000000770000013000","tipo":"Urbano","sup_m2":427.9},"geometry":{"type":"Polygon","coordinates":[[[-58.612292,-34.457108],[-58.612254,-34.457047],[-58.611909,-34.457183],[-58.611993,-34.457318],[-58.612292,-34.457108]]]}},{"type":"Feature","properties":{"partida":"057029054","cca":"057020P00000000000000000000000770000014000","tipo":"Urbano","sup_m2":432.4},"geometry":{"type":"Polygon","coordinates":[[[-58.612359,-34.457145],[-58.612292,-34.457108],[-58.611993,-34.457318],[-58.612167,-34.457398],[-58.612359,-34.457145]]]}},{"type":"Feature","properties":{"partida":"057029052","cca":"057020P00000000000000000000000770000015000","tipo":"Urbano","sup_m2":411.5},"geometry":{"type":"Polygon","coordinates":[[[-58.612275,-34.457458],[-58.612474,-34.457205],[-58.612359,-34.457145],[-58.612167,-34.457398],[-58.612275,-34.457458]]]}},{"type":"Feature","properties":{"partida":"057059431","cca":"057020P0000000000000000000000077000001600A","tipo":"Urbano","sup_m2":333.1},"geometry":{"type":"Polygon","coordinates":[[[-58.612275,-34.457458],[-58.612405,-34.45753],[-58.612528,-34.457367],[-58.612513,-34.457359],[-58.612528,-34.457337],[-58.612418,-34.457278],[-58.612275,-34.457458]]]}},{"type":"Feature","properties":{"partida":"057029056","cca":"057020P00000000000000000000000770000017000","tipo":"Urbano","sup_m2":296.5},"geometry":{"type":"Polygon","coordinates":[[[-58.612658,-34.457434],[-58.612528,-34.457367],[-58.612405,-34.45753],[-58.612503,-34.457584],[-58.612555,-34.457571],[-58.612658,-34.457434]]]}},{"type":"Feature","properties":{"partida":"057059432","cca":"057020P0000000000000000000000077000001800A","tipo":"Urbano","sup_m2":307.6},"geometry":{"type":"Polygon","coordinates":[[[-58.612658,-34.457434],[-58.612727,-34.457342],[-58.612474,-34.457205],[-58.612418,-34.457278],[-58.612528,-34.457337],[-58.612513,-34.457359],[-58.612658,-34.457434]]]}},{"type":"Feature","properties":{"partida":"057029051","cca":"057020P00000000000000000000000770000019000","tipo":"Urbano","sup_m2":395.7},"geometry":{"type":"Polygon","coordinates":[[[-58.612721,-34.457107],[-58.612474,-34.457205],[-58.612727,-34.457342],[-58.612793,-34.457266],[-58.612792,-34.457222],[-58.612721,-34.457107]]]}},{"type":"Feature","properties":{"partida":"057029053","cca":"057020P00000000000000000000000770000020000","tipo":"Urbano","sup_m2":399.1},"geometry":{"type":"Polygon","coordinates":[[[-58.612654,-34.456994],[-58.612331,-34.457129],[-58.612474,-34.457205],[-58.612721,-34.457107],[-58.612654,-34.456994]]]}},{"type":"Feature","properties":{"partida":"057041324","cca":"057020P00000000000000000000000770000021000","tipo":"Urbano","sup_m2":387.1},"geometry":{"type":"Polygon","coordinates":[[[-58.612601,-34.456908],[-58.612254,-34.457047],[-58.612292,-34.457108],[-58.612331,-34.457129],[-58.612654,-34.456994],[-58.612601,-34.456908]]]}},{"type":"Feature","properties":{"partida":"057041325","cca":"057020P00000000000000000000000770000022000","tipo":"Urbano","sup_m2":447.3},"geometry":{"type":"Polygon","coordinates":[[[-58.612538,-34.456804],[-58.612194,-34.456947],[-58.612254,-34.457047],[-58.612601,-34.456908],[-58.612538,-34.456804]]]}},{"type":"Feature","properties":{"partida":"057029057","cca":"057020P00000000000000000000000770000023000","tipo":"Urbano","sup_m2":420.8},"geometry":{"type":"Polygon","coordinates":[[[-58.612481,-34.45671],[-58.612136,-34.456849],[-58.612194,-34.456947],[-58.612538,-34.456804],[-58.612481,-34.45671]]]}},{"type":"Feature","properties":{"partida":"057029058","cca":"057020P00000000000000000000000770000024000","tipo":"Urbano","sup_m2":443.8},"geometry":{"type":"Polygon","coordinates":[[[-58.612419,-34.456608],[-58.612073,-34.45675],[-58.612136,-34.456849],[-58.612481,-34.45671],[-58.612419,-34.456608]]]}},{"type":"Feature","properties":{"partida":"057041326","cca":"057020P00000000000000000000000770000025000","tipo":"Urbano","sup_m2":428.0},"geometry":{"type":"Polygon","coordinates":[[[-58.612359,-34.45651],[-58.612014,-34.456653],[-58.612073,-34.45675],[-58.612419,-34.456608],[-58.612359,-34.45651]]]}},{"type":"Feature","properties":{"partida":"057041327","cca":"057020P00000000000000000000000770000026000","tipo":"Urbano","sup_m2":415.7},"geometry":{"type":"Polygon","coordinates":[[[-58.612302,-34.456415],[-58.611958,-34.456557],[-58.612014,-34.456653],[-58.612359,-34.45651],[-58.612302,-34.456415]]]}},{"type":"Feature","properties":{"partida":"057024079","cca":"057020P00000000000000000000000770000027000","tipo":"Urbano","sup_m2":427.5},"geometry":{"type":"Polygon","coordinates":[[[-58.612302,-34.456415],[-58.612243,-34.456317],[-58.612017,-34.45641],[-58.611898,-34.456463],[-58.611958,-34.456557],[-58.612302,-34.456415]]]}},{"type":"Feature","properties":{"partida":"057023995","cca":"057020P00000000000000000000000780000000000","tipo":"Urbano","sup_m2":1556.8},"geometry":{"type":"Polygon","coordinates":[[[-58.611292,-34.456517],[-58.61108,-34.456793],[-58.611097,-34.456839],[-58.611659,-34.457143],[-58.611687,-34.457121],[-58.611336,-34.456522],[-58.611292,-34.456517]]]}},{"type":"Feature","properties":{"partida":"057024047","cca":"057020P00000000000000000000000790000001000","tipo":"Urbano","sup_m2":322.8},"geometry":{"type":"Polygon","coordinates":[[[-58.614422,-34.452614],[-58.614577,-34.452683],[-58.614686,-34.452524],[-58.61456,-34.452468],[-58.614513,-34.452483],[-58.614422,-34.452614]]]}},{"type":"Feature","properties":{"partida":"057029001","cca":"057020P00000000000000000000000790000002000","tipo":"Urbano","sup_m2":331.4},"geometry":{"type":"Polygon","coordinates":[[[-58.614501,-34.45265],[-58.614422,-34.452614],[-58.61428,-34.452824],[-58.614294,-34.452858],[-58.614424,-34.452887],[-58.614501,-34.45265]]]}},{"type":"Feature","properties":{"partida":"057029000","cca":"057020P00000000000000000000000790000003000","tipo":"Urbano","sup_m2":301.8},"geometry":{"type":"Polygon","coordinates":[[[-58.614424,-34.452887],[-58.614548,-34.452912],[-58.614616,-34.452701],[-58.614501,-34.45265],[-58.614424,-34.452887]]]}},{"type":"Feature","properties":{"partida":"057024048","cca":"057020P00000000000000000000000790000004000","tipo":"Urbano","sup_m2":273.6},"geometry":{"type":"Polygon","coordinates":[[[-58.614734,-34.452753],[-58.614616,-34.452701],[-58.614548,-34.452912],[-58.614672,-34.452941],[-58.614734,-34.452753]]]}},{"type":"Feature","properties":{"partida":"057059460","cca":"057020P00000000000000000000000790000005000","tipo":"Urbano","sup_m2":247.8},"geometry":{"type":"Polygon","coordinates":[[[-58.614799,-34.45297],[-58.614856,-34.452807],[-58.614734,-34.452753],[-58.614672,-34.452941],[-58.614799,-34.45297]]]}},{"type":"Feature","properties":{"partida":"057059461","cca":"057020P00000000000000000000000790000006000","tipo":"Urbano","sup_m2":342.7},"geometry":{"type":"Polygon","coordinates":[[[-58.615078,-34.452906],[-58.614856,-34.452807],[-58.614799,-34.45297],[-58.614982,-34.453012],[-58.615013,-34.452998],[-58.615078,-34.452906]]]}},{"type":"Feature","properties":{"partida":"057059462","cca":"057020P00000000000000000000000790000007000","tipo":"Urbano","sup_m2":317.6},"geometry":{"type":"Polygon","coordinates":[[[-58.614925,-34.452838],[-58.615078,-34.452906],[-58.615167,-34.45277],[-58.615157,-34.452735],[-58.615029,-34.452679],[-58.614925,-34.452838]]]}},{"type":"Feature","properties":{"partida":"057059463","cca":"057020P00000000000000000000000790000008000","tipo":"Urbano","sup_m2":239.9},"geometry":{"type":"Polygon","coordinates":[[[-58.614914,-34.452628],[-58.614811,-34.452787],[-58.614925,-34.452838],[-58.615029,-34.452679],[-58.614914,-34.452628]]]}},{"type":"Feature","properties":{"partida":"057059464","cca":"057020P00000000000000000000000790000009000","tipo":"Urbano","sup_m2":247.0},"geometry":{"type":"Polygon","coordinates":[[[-58.614692,-34.452734],[-58.614811,-34.452787],[-58.614914,-34.452628],[-58.614799,-34.452575],[-58.614692,-34.452734]]]}},{"type":"Feature","properties":{"partida":"057059465","cca":"057020P00000000000000000000000790000010000","tipo":"Urbano","sup_m2":241.1},"geometry":{"type":"Polygon","coordinates":[[[-58.614799,-34.452575],[-58.614686,-34.452524],[-58.614577,-34.452683],[-58.614692,-34.452734],[-58.614799,-34.452575]]]}},{"type":"Feature","properties":{"partida":"057029008","cca":"057020P00000000000000000000000800000001000","tipo":"Urbano","sup_m2":318.7},"geometry":{"type":"Polygon","coordinates":[[[-58.614412,-34.453189],[-58.614449,-34.45307],[-58.614249,-34.453026],[-58.614207,-34.453047],[-58.614186,-34.453164],[-58.614412,-34.453189]]]}},{"type":"Feature","properties":{"partida":"057059511","cca":"057020P00000000000000000000000800000002000","tipo":"Urbano","sup_m2":298.4},"geometry":{"type":"Polygon","coordinates":[[[-58.614412,-34.453189],[-58.614186,-34.453164],[-58.614162,-34.453294],[-58.614374,-34.453318],[-58.614412,-34.453189]]]}},{"type":"Feature","properties":{"partida":"057029004","cca":"057020P00000000000000000000000800000003000","tipo":"Urbano","sup_m2":357.4},"geometry":{"type":"Polygon","coordinates":[[[-58.614497,-34.453332],[-58.614162,-34.453294],[-58.614141,-34.453398],[-58.614468,-34.453434],[-58.614497,-34.453332]]]}},{"type":"Feature","properties":{"partida":"057024054","cca":"057020P00000000000000000000000800000004000","tipo":"Urbano","sup_m2":430.1},"geometry":{"type":"Polygon","coordinates":[[[-58.614531,-34.453443],[-58.614468,-34.453434],[-58.614141,-34.453398],[-58.614123,-34.453503],[-58.614514,-34.453548],[-58.614531,-34.453443]]]}},{"type":"Feature","properties":{"partida":"057059512","cca":"057020P00000000000000000000000800000005000","tipo":"Urbano","sup_m2":439.1},"geometry":{"type":"Polygon","coordinates":[[[-58.614494,-34.453656],[-58.614514,-34.453548],[-58.614123,-34.453503],[-58.614104,-34.453612],[-58.614494,-34.453656]]]}},{"type":"Feature","properties":{"partida":"057024055","cca":"057020P00000000000000000000000800000006000","tipo":"Urbano","sup_m2":445.6},"geometry":{"type":"Polygon","coordinates":[[[-58.614086,-34.453718],[-58.614478,-34.453769],[-58.614494,-34.453656],[-58.614104,-34.453612],[-58.614086,-34.453718]]]}},{"type":"Feature","properties":{"partida":"057024050","cca":"057020P00000000000000000000000800000007000","tipo":"Urbano","sup_m2":435.2},"geometry":{"type":"Polygon","coordinates":[[[-58.614065,-34.453826],[-58.614461,-34.453872],[-58.614478,-34.453769],[-58.614086,-34.453718],[-58.614065,-34.453826]]]}},{"type":"Feature","properties":{"partida":"057029005","cca":"057020P00000000000000000000000800000008000","tipo":"Urbano","sup_m2":377.9},"geometry":{"type":"Polygon","coordinates":[[[-58.614328,-34.453857],[-58.614065,-34.453826],[-58.614041,-34.453961],[-58.614324,-34.453991],[-58.614328,-34.453857]]]}},{"type":"Feature","properties":{"partida":"057038428","cca":"057020P00000000000000000000000800000009000","tipo":"Urbano","sup_m2":237.9},"geometry":{"type":"Polygon","coordinates":[[[-58.614168,-34.453974],[-58.614041,-34.453961],[-58.614016,-34.454103],[-58.614055,-34.454138],[-58.614164,-34.454137],[-58.614168,-34.453974]]]}},{"type":"Feature","properties":{"partida":"057029006","cca":"057020P00000000000000000000000800000010000","tipo":"Urbano","sup_m2":248.1},"geometry":{"type":"Polygon","coordinates":[[[-58.614319,-34.45414],[-58.614324,-34.453991],[-58.614168,-34.453974],[-58.614164,-34.454137],[-58.614319,-34.45414]]]}},{"type":"Feature","properties":{"partida":"057029003","cca":"057020P00000000000000000000000800000011000","tipo":"Urbano","sup_m2":377.8},"geometry":{"type":"Polygon","coordinates":[[[-58.614452,-34.454144],[-58.614461,-34.453872],[-58.614328,-34.453857],[-58.614319,-34.45414],[-58.614452,-34.454144]]]}},{"type":"Feature","properties":{"partida":"057038429","cca":"057020P00000000000000000000000800000012000","tipo":"Urbano","sup_m2":344.5},"geometry":{"type":"Polygon","coordinates":[[[-58.614587,-34.45402],[-58.614583,-34.45389],[-58.614461,-34.453872],[-58.614452,-34.454144],[-58.614583,-34.454146],[-58.614587,-34.45402]]]}},{"type":"Feature","properties":{"partida":"057024053","cca":"057020P00000000000000000000000800000013000","tipo":"Urbano","sup_m2":245.2},"geometry":{"type":"Polygon","coordinates":[[[-58.614587,-34.45402],[-58.614583,-34.454146],[-58.614752,-34.454151],[-58.614794,-34.454117],[-58.614807,-34.454047],[-58.614587,-34.45402]]]}},{"type":"Feature","properties":{"partida":"057024051","cca":"057020P00000000000000000000000800000014000","tipo":"Urbano","sup_m2":312.1},"geometry":{"type":"Polygon","coordinates":[[[-58.614583,-34.45389],[-58.614587,-34.45402],[-58.614807,-34.454047],[-58.614831,-34.453918],[-58.614583,-34.45389]]]}},{"type":"Feature","properties":{"partida":"057024056","cca":"057020P00000000000000000000000800000015000","tipo":"Urbano","sup_m2":411.5},"geometry":{"type":"Polygon","coordinates":[[[-58.614849,-34.453811],[-58.614478,-34.453769],[-58.614461,-34.453872],[-58.614583,-34.45389],[-58.614831,-34.453918],[-58.614849,-34.453811]]]}},{"type":"Feature","properties":{"partida":"057024052","cca":"057020P00000000000000000000000800000016000","tipo":"Urbano","sup_m2":434.3},"geometry":{"type":"Polygon","coordinates":[[[-58.614868,-34.4537],[-58.614494,-34.453656],[-58.614478,-34.453769],[-58.614849,-34.453811],[-58.614868,-34.4537]]]}},{"type":"Feature","properties":{"partida":"057038430","cca":"057020P00000000000000000000000800000017000","tipo":"Urbano","sup_m2":418.7},"geometry":{"type":"Polygon","coordinates":[[[-58.614887,-34.453592],[-58.614514,-34.453548],[-58.614494,-34.453656],[-58.614868,-34.4537],[-58.614887,-34.453592]]]}},{"type":"Feature","properties":{"partida":"057029007","cca":"057020P00000000000000000000000800000018000","tipo":"Urbano","sup_m2":409.2},"geometry":{"type":"Polygon","coordinates":[[[-58.614906,-34.453486],[-58.614531,-34.453443],[-58.614514,-34.453548],[-58.614887,-34.453592],[-58.614906,-34.453486]]]}},{"type":"Feature","properties":{"partida":"057029002","cca":"057020P00000000000000000000000800000019000","tipo":"Urbano","sup_m2":317.7},"geometry":{"type":"Polygon","coordinates":[[[-58.614633,-34.45335],[-58.6146,-34.453452],[-58.614906,-34.453486],[-58.614923,-34.453384],[-58.614633,-34.45335]]]}},{"type":"Feature","properties":{"partida":"057030389","cca":"057020P00000000000000000000000800000020000","tipo":"Urbano","sup_m2":329.0},"geometry":{"type":"Polygon","coordinates":[[[-58.614827,-34.453153],[-58.614754,-34.453364],[-58.614923,-34.453384],[-58.614956,-34.453209],[-58.614924,-34.453173],[-58.614827,-34.453153]]]}},{"type":"Feature","properties":{"partida":"057059513","cca":"057020P00000000000000000000000800000021000","tipo":"Urbano","sup_m2":283.4},"geometry":{"type":"Polygon","coordinates":[[[-58.614754,-34.453364],[-58.614827,-34.453153],[-58.614706,-34.453126],[-58.614633,-34.45335],[-58.614754,-34.453364]]]}},{"type":"Feature","properties":{"partida":"057024049","cca":"057020P00000000000000000000000800000022000","tipo":"Urbano","sup_m2":471.2},"geometry":{"type":"Polygon","coordinates":[[[-58.614468,-34.453434],[-58.6146,-34.453452],[-58.614706,-34.453126],[-58.614577,-34.453098],[-58.614497,-34.453332],[-58.614468,-34.453434]]]}},{"type":"Feature","properties":{"partida":"057029009","cca":"057020P00000000000000000000000800000023000","tipo":"Urbano","sup_m2":325.9},"geometry":{"type":"Polygon","coordinates":[[[-58.614449,-34.45307],[-58.614374,-34.453318],[-58.614497,-34.453332],[-58.614577,-34.453098],[-58.614449,-34.45307]]]}},{"type":"Feature","properties":{"partida":"057028822","cca":"057020P00000000000000000000000810000001000","tipo":"Urbano","sup_m2":248.8},"geometry":{"type":"Polygon","coordinates":[[[-58.614152,-34.454439],[-58.614156,-34.454268],[-58.61404,-34.454263],[-58.614006,-34.454294],[-58.614027,-34.454449],[-58.614152,-34.454439]]]}},{"type":"Feature","properties":{"partida":"057032763","cca":"057020P00000000000000000000000810000002000","tipo":"Urbano","sup_m2":371.1},"geometry":{"type":"Polygon","coordinates":[[[-58.614304,-34.454561],[-58.614307,-34.454426],[-58.614027,-34.454449],[-58.614043,-34.454582],[-58.614304,-34.454561]]]}},{"type":"Feature","properties":{"partida":"057041295","cca":"057020P0000000000000000000000081000000300A","tipo":"Urbano","sup_m2":2942.5},"geometry":{"type":"Polygon","coordinates":[[[-58.614171,-34.455318],[-58.614555,-34.455245],[-58.614485,-34.454986],[-58.614437,-34.454552],[-58.614043,-34.454582],[-58.614099,-34.45502],[-58.614111,-34.455155],[-58.614132,-34.4553],[-58.614171,-34.455318]]]}},{"type":"Feature","properties":{"partida":"057028818","cca":"057020P00000000000000000000000810000011000","tipo":"Urbano","sup_m2":364.5},"geometry":{"type":"Polygon","coordinates":[[[-58.614485,-34.454986],[-58.614555,-34.455245],[-58.614687,-34.455223],[-58.614661,-34.455108],[-58.614623,-34.454976],[-58.614485,-34.454986]]]}},{"type":"Feature","properties":{"partida":"057028821","cca":"057020P00000000000000000000000810000012000","tipo":"Urbano","sup_m2":233.5},"geometry":{"type":"Polygon","coordinates":[[[-58.614661,-34.455108],[-58.614687,-34.455223],[-58.614862,-34.455192],[-58.614897,-34.455147],[-58.614888,-34.455091],[-58.614661,-34.455108]]]}},{"type":"Feature","properties":{"partida":"057059529","cca":"057020P00000000000000000000000810000013000","tipo":"Urbano","sup_m2":327.2},"geometry":{"type":"Polygon","coordinates":[[[-58.614888,-34.455091],[-58.614871,-34.454957],[-58.614623,-34.454976],[-58.614661,-34.455108],[-58.614888,-34.455091]]]}},{"type":"Feature","properties":{"partida":"057028823","cca":"057020P00000000000000000000000810000014000","tipo":"Urbano","sup_m2":435.5},"geometry":{"type":"Polygon","coordinates":[[[-58.614858,-34.454847],[-58.614473,-34.454876],[-58.614485,-34.454986],[-58.614871,-34.454957],[-58.614858,-34.454847]]]}},{"type":"Feature","properties":{"partida":"057023983","cca":"057020P00000000000000000000000810000015000","tipo":"Urbano","sup_m2":421.1},"geometry":{"type":"Polygon","coordinates":[[[-58.614847,-34.454743],[-58.61446,-34.454768],[-58.614473,-34.454876],[-58.614858,-34.454847],[-58.614847,-34.454743]]]}},{"type":"Feature","properties":{"partida":"057028820","cca":"057020P00000000000000000000000810000016000","tipo":"Urbano","sup_m2":440.1},"geometry":{"type":"Polygon","coordinates":[[[-58.614833,-34.454629],[-58.61445,-34.45466],[-58.61446,-34.454768],[-58.614847,-34.454743],[-58.614833,-34.454629]]]}},{"type":"Feature","properties":{"partida":"057036964","cca":"057020P00000000000000000000000810000017000","tipo":"Urbano","sup_m2":428.8},"geometry":{"type":"Polygon","coordinates":[[[-58.614573,-34.454539],[-58.614437,-34.454552],[-58.61445,-34.45466],[-58.614833,-34.454629],[-58.614818,-34.454521],[-58.614573,-34.454539]]]}},{"type":"Feature","properties":{"partida":"057030373","cca":"057020P00000000000000000000000810000018000","tipo":"Urbano","sup_m2":331.9},"geometry":{"type":"Polygon","coordinates":[[[-58.614576,-34.454401],[-58.614573,-34.454539],[-58.614818,-34.454521],[-58.614804,-34.454383],[-58.614576,-34.454401]]]}},{"type":"Feature","properties":{"partida":"057028819","cca":"057020P00000000000000000000000810000019000","tipo":"Urbano","sup_m2":260.4},"geometry":{"type":"Polygon","coordinates":[[[-58.614576,-34.454401],[-58.614804,-34.454383],[-58.614791,-34.454299],[-58.614752,-34.454274],[-58.614578,-34.454274],[-58.614576,-34.454401]]]}},{"type":"Feature","properties":{"partida":"057032762","cca":"057020P00000000000000000000000810000020000","tipo":"Urbano","sup_m2":375.5},"geometry":{"type":"Polygon","coordinates":[[[-58.614445,-34.45427],[-58.614437,-34.454552],[-58.614573,-34.454539],[-58.614578,-34.454274],[-58.614445,-34.45427]]]}},{"type":"Feature","properties":{"partida":"057041294","cca":"057020P00000000000000000000000810000021000","tipo":"Urbano","sup_m2":387.0},"geometry":{"type":"Polygon","coordinates":[[[-58.614315,-34.454269],[-58.614304,-34.454561],[-58.614437,-34.454552],[-58.614445,-34.45427],[-58.614315,-34.454269]]]}},{"type":"Feature","properties":{"partida":"057028824","cca":"057020P00000000000000000000000810000022000","tipo":"Urbano","sup_m2":262.5},"geometry":{"type":"Polygon","coordinates":[[[-58.614315,-34.454269],[-58.614156,-34.454268],[-58.614152,-34.454439],[-58.614307,-34.454426],[-58.614315,-34.454269]]]}},{"type":"Feature","properties":{"partida":"057028852","cca":"057020P00000000000000000000000820000001000","tipo":"Urbano","sup_m2":284.0},"geometry":{"type":"Polygon","coordinates":[[[-58.613847,-34.455655],[-58.614066,-34.455593],[-58.614032,-34.455511],[-58.613988,-34.455489],[-58.61381,-34.455521],[-58.613847,-34.455655]]]}},{"type":"Feature","properties":{"partida":"057028848","cca":"057020P00000000000000000000000820000002000","tipo":"Urbano","sup_m2":325.8},"geometry":{"type":"Polygon","coordinates":[[[-58.613751,-34.455795],[-58.613878,-34.455757],[-58.61381,-34.455521],[-58.613689,-34.455545],[-58.613751,-34.455795]]]}},{"type":"Feature","properties":{"partida":"057030377","cca":"057020P00000000000000000000000820000003000","tipo":"Urbano","sup_m2":363.0},"geometry":{"type":"Polygon","coordinates":[[[-58.613751,-34.455795],[-58.613689,-34.455545],[-58.613555,-34.455568],[-58.613589,-34.455704],[-58.613627,-34.455832],[-58.613751,-34.455795]]]}},{"type":"Feature","properties":{"partida":"057028855","cca":"057020P00000000000000000000000820000004000","tipo":"Urbano","sup_m2":438.7},"geometry":{"type":"Polygon","coordinates":[[[-58.613589,-34.455704],[-58.613555,-34.455568],[-58.613296,-34.455615],[-58.613272,-34.455649],[-58.613326,-34.455776],[-58.613589,-34.455704]]]}},{"type":"Feature","properties":{"partida":"057059535","cca":"057020P00000000000000000000000820000005000","tipo":"Urbano","sup_m2":369.4},"geometry":{"type":"Polygon","coordinates":[[[-58.613326,-34.455776],[-58.613382,-34.455905],[-58.613627,-34.455832],[-58.613589,-34.455704],[-58.613326,-34.455776]]]}},{"type":"Feature","properties":{"partida":"057028851","cca":"057020P00000000000000000000000820000006000","tipo":"Urbano","sup_m2":434.2},"geometry":{"type":"Polygon","coordinates":[[[-58.613425,-34.456005],[-58.613798,-34.455899],[-58.613751,-34.455795],[-58.613382,-34.455905],[-58.613425,-34.456005]]]}},{"type":"Feature","properties":{"partida":"057023987","cca":"057020P00000000000000000000000820000007000","tipo":"Urbano","sup_m2":434.8},"geometry":{"type":"Polygon","coordinates":[[[-58.613798,-34.455899],[-58.613425,-34.456005],[-58.613471,-34.456107],[-58.61384,-34.456002],[-58.613798,-34.455899]]]}},{"type":"Feature","properties":{"partida":"057028857","cca":"057020P00000000000000000000000820000008000","tipo":"Urbano","sup_m2":430.9},"geometry":{"type":"Polygon","coordinates":[[[-58.613516,-34.45621],[-58.613882,-34.456103],[-58.61384,-34.456002],[-58.613471,-34.456107],[-58.613516,-34.45621]]]}},{"type":"Feature","properties":{"partida":"057059536","cca":"057020P00000000000000000000000820000009000","tipo":"Urbano","sup_m2":431.1},"geometry":{"type":"Polygon","coordinates":[[[-58.613928,-34.456207],[-58.613882,-34.456103],[-58.613516,-34.45621],[-58.613557,-34.456311],[-58.613928,-34.456207]]]}},{"type":"Feature","properties":{"partida":"057028853","cca":"057020P00000000000000000000000820000010000","tipo":"Urbano","sup_m2":446.8},"geometry":{"type":"Polygon","coordinates":[[[-58.613928,-34.456207],[-58.613557,-34.456311],[-58.613603,-34.456417],[-58.613972,-34.456313],[-58.613928,-34.456207]]]}},{"type":"Feature","properties":{"partida":"057028847","cca":"057020P00000000000000000000000820000011000","tipo":"Urbano","sup_m2":426.2},"geometry":{"type":"Polygon","coordinates":[[[-58.613645,-34.456517],[-58.614018,-34.456413],[-58.613972,-34.456313],[-58.613603,-34.456417],[-58.613645,-34.456517]]]}},{"type":"Feature","properties":{"partida":"057028854","cca":"057020P00000000000000000000000820000012000","tipo":"Urbano","sup_m2":376.9},"geometry":{"type":"Polygon","coordinates":[[[-58.613963,-34.456572],[-58.613892,-34.456449],[-58.613645,-34.456517],[-58.613702,-34.456648],[-58.613963,-34.456572]]]}},{"type":"Feature","properties":{"partida":"057040666","cca":"057020P00000000000000000000000820000013000","tipo":"Urbano","sup_m2":435.2},"geometry":{"type":"Polygon","coordinates":[[[-58.613963,-34.456572],[-58.613702,-34.456648],[-58.613758,-34.456775],[-58.6138,-34.456791],[-58.614035,-34.456698],[-58.613963,-34.456572]]]}},{"type":"Feature","properties":{"partida":"057028856","cca":"057020P00000000000000000000000820000014000","tipo":"Urbano","sup_m2":365.5},"geometry":{"type":"Polygon","coordinates":[[[-58.614156,-34.456649],[-58.614018,-34.456413],[-58.613892,-34.456449],[-58.614035,-34.456698],[-58.614156,-34.456649]]]}},{"type":"Feature","properties":{"partida":"057028860","cca":"057020P00000000000000000000000820000015000","tipo":"Urbano","sup_m2":347.2},"geometry":{"type":"Polygon","coordinates":[[[-58.614141,-34.456376],[-58.614018,-34.456413],[-58.614156,-34.456649],[-58.614278,-34.4566],[-58.614141,-34.456376]]]}},{"type":"Feature","properties":{"partida":"057028859","cca":"057020P00000000000000000000000820000016000","tipo":"Urbano","sup_m2":277.6},"geometry":{"type":"Polygon","coordinates":[[[-58.614414,-34.456413],[-58.614203,-34.456479],[-58.614278,-34.4566],[-58.614434,-34.45654],[-58.61445,-34.456496],[-58.614414,-34.456413]]]}},{"type":"Feature","properties":{"partida":"057059537","cca":"057020P00000000000000000000000820000017000","tipo":"Urbano","sup_m2":260.1},"geometry":{"type":"Polygon","coordinates":[[[-58.614414,-34.456413],[-58.614371,-34.456314],[-58.614141,-34.456376],[-58.614203,-34.456479],[-58.614414,-34.456413]]]}},{"type":"Feature","properties":{"partida":"057028858","cca":"057020P00000000000000000000000820000018000","tipo":"Urbano","sup_m2":407.6},"geometry":{"type":"Polygon","coordinates":[[[-58.614327,-34.456211],[-58.613972,-34.456313],[-58.614018,-34.456413],[-58.614141,-34.456376],[-58.614371,-34.456314],[-58.614327,-34.456211]]]}},{"type":"Feature","properties":{"partida":"057032766","cca":"057020P00000000000000000000000820000019000","tipo":"Urbano","sup_m2":428.4},"geometry":{"type":"Polygon","coordinates":[[[-58.613928,-34.456207],[-58.613972,-34.456313],[-58.614327,-34.456211],[-58.614282,-34.456106],[-58.613928,-34.456207]]]}},{"type":"Feature","properties":{"partida":"057040667","cca":"057020P00000000000000000000000820000020000","tipo":"Urbano","sup_m2":425.5},"geometry":{"type":"Polygon","coordinates":[[[-58.614282,-34.456106],[-58.614237,-34.456001],[-58.613882,-34.456103],[-58.613928,-34.456207],[-58.614282,-34.456106]]]}},{"type":"Feature","properties":{"partida":"057040665","cca":"057020P00000000000000000000000820000021000","tipo":"Urbano","sup_m2":405.8},"geometry":{"type":"Polygon","coordinates":[[[-58.614196,-34.455902],[-58.61384,-34.456002],[-58.613882,-34.456103],[-58.614237,-34.456001],[-58.614196,-34.455902]]]}},{"type":"Feature","properties":{"partida":"057028850","cca":"057020P00000000000000000000000820000022000","tipo":"Urbano","sup_m2":416.2},"geometry":{"type":"Polygon","coordinates":[[[-58.614153,-34.455799],[-58.613798,-34.455899],[-58.61384,-34.456002],[-58.614196,-34.455902],[-58.614153,-34.455799]]]}},{"type":"Feature","properties":{"partida":"057028849","cca":"057020P00000000000000000000000820000023000","tipo":"Urbano","sup_m2":430.6},"geometry":{"type":"Polygon","coordinates":[[[-58.614109,-34.455694],[-58.613751,-34.455795],[-58.613798,-34.455899],[-58.614153,-34.455799],[-58.614109,-34.455694]]]}},{"type":"Feature","properties":{"partida":"057059534","cca":"057020P00000000000000000000000820000024000","tipo":"Urbano","sup_m2":256.9},"geometry":{"type":"Polygon","coordinates":[[[-58.614066,-34.455593],[-58.613847,-34.455655],[-58.613878,-34.455757],[-58.614109,-34.455694],[-58.614066,-34.455593]]]}},{"type":"Feature","properties":{"partida":"057091697","cca":"057020P00000000000000000000000830000001000","tipo":"Urbano","sup_m2":421.6},"geometry":{"type":"Polygon","coordinates":[[[-58.615352,-34.453111],[-58.615483,-34.45291],[-58.615359,-34.452855],[-58.61532,-34.452863],[-58.615197,-34.453046],[-58.615215,-34.453081],[-58.615352,-34.453111]]]}},{"type":"Feature","properties":{"partida":"057091698","cca":"057020P00000000000000000000000830000002000","tipo":"Urbano","sup_m2":243.2},"geometry":{"type":"Polygon","coordinates":[[[-58.615462,-34.453133],[-58.615581,-34.452953],[-58.615483,-34.45291],[-58.615352,-34.453111],[-58.615462,-34.453133]]]}},{"type":"Feature","properties":{"partida":"057091699","cca":"057020P00000000000000000000000830000003000","tipo":"Urbano","sup_m2":255.8},"geometry":{"type":"Polygon","coordinates":[[[-58.615581,-34.452953],[-58.615462,-34.453133],[-58.615594,-34.453161],[-58.615695,-34.453005],[-58.615581,-34.452953]]]}},{"type":"Feature","properties":{"partida":"057023981","cca":"057020P0000000000000000000000083000000400A","tipo":"Urbano","sup_m2":826.1},"geometry":{"type":"Polygon","coordinates":[[[-58.615695,-34.453005],[-58.615594,-34.453161],[-58.616428,-34.45335],[-58.616435,-34.453336],[-58.615695,-34.453005]]]}},{"type":"Feature","properties":{"partida":"057023982","cca":"057020P0000000000000000000000084000000100A","tipo":"Urbano","sup_m2":298.5},"geometry":{"type":"Polygon","coordinates":[[[-58.615298,-34.45339],[-58.615336,-34.453273],[-58.615141,-34.45323],[-58.615099,-34.453252],[-58.615081,-34.453359],[-58.615298,-34.45339]]]}},{"type":"Feature","properties":{"partida":"057059542","cca":"057020P0000000000000000000000084000000100B","tipo":"Urbano","sup_m2":231.0},"geometry":{"type":"Polygon","coordinates":[[[-58.615266,-34.453492],[-58.615298,-34.45339],[-58.615081,-34.453359],[-58.615063,-34.453466],[-58.615266,-34.453492]]]}},{"type":"Feature","properties":{"partida":"057059543","cca":"057020P0000000000000000000000084000000200A","tipo":"Urbano","sup_m2":274.7},"geometry":{"type":"Polygon","coordinates":[[[-58.615375,-34.453504],[-58.615063,-34.453466],[-58.615047,-34.453556],[-58.615344,-34.453587],[-58.615375,-34.453504]]]}},{"type":"Feature","properties":{"partida":"057059544","cca":"057020P0000000000000000000000084000000300A","tipo":"Urbano","sup_m2":372.2},"geometry":{"type":"Polygon","coordinates":[[[-58.615453,-34.453607],[-58.615344,-34.453587],[-58.615047,-34.453556],[-58.615033,-34.453645],[-58.615425,-34.453691],[-58.615453,-34.453607]]]}},{"type":"Feature","properties":{"partida":"057059545","cca":"057020P0000000000000000000000084000000400A","tipo":"Urbano","sup_m2":360.5},"geometry":{"type":"Polygon","coordinates":[[[-58.615019,-34.453733],[-58.615421,-34.453778],[-58.615425,-34.453691],[-58.615033,-34.453645],[-58.615019,-34.453733]]]}},{"type":"Feature","properties":{"partida":"057059546","cca":"057020P0000000000000000000000084000000500A","tipo":"Urbano","sup_m2":273.6},"geometry":{"type":"Polygon","coordinates":[[[-58.615312,-34.453857],[-58.615311,-34.453766],[-58.615019,-34.453733],[-58.615006,-34.45382],[-58.615312,-34.453857]]]}},{"type":"Feature","properties":{"partida":"057078686","cca":"057020P0000000000000000000000084000000600A","tipo":"Urbano","sup_m2":268.6},"geometry":{"type":"Polygon","coordinates":[[[-58.615307,-34.453938],[-58.615312,-34.453857],[-58.615006,-34.45382],[-58.614992,-34.453905],[-58.615307,-34.453938]]]}},{"type":"Feature","properties":{"partida":"057059547","cca":"057020P0000000000000000000000084000000700A","tipo":"Urbano","sup_m2":245.2},"geometry":{"type":"Polygon","coordinates":[[[-58.615196,-34.453928],[-58.614992,-34.453905],[-58.614972,-34.454016],[-58.615197,-34.454039],[-58.615196,-34.453928]]]}},{"type":"Feature","properties":{"partida":"057078687","cca":"057020P0000000000000000000000084000000700B","tipo":"Urbano","sup_m2":274.8},"geometry":{"type":"Polygon","coordinates":[[[-58.615197,-34.454039],[-58.614972,-34.454016],[-58.614958,-34.45412],[-58.614986,-34.454141],[-58.615191,-34.454149],[-58.615197,-34.454039]]]}},{"type":"Feature","properties":{"partida":"057059548","cca":"057020P0000000000000000000000084000000800A","tipo":"Urbano","sup_m2":244.8},"geometry":{"type":"Polygon","coordinates":[[[-58.615305,-34.45415],[-58.615307,-34.453938],[-58.615196,-34.453928],[-58.615197,-34.454039],[-58.615191,-34.454149],[-58.615305,-34.45415]]]}},{"type":"Feature","properties":{"partida":"057059549","cca":"057020P0000000000000000000000084000000900A","tipo":"Urbano","sup_m2":428.9},"geometry":{"type":"Polygon","coordinates":[[[-58.615416,-34.454153],[-58.615421,-34.453778],[-58.615311,-34.453766],[-58.615312,-34.453857],[-58.615307,-34.453938],[-58.615305,-34.45415],[-58.615416,-34.454153]]]}},{"type":"Feature","properties":{"partida":"057059550","cca":"057020P0000000000000000000000084000001000A","tipo":"Urbano","sup_m2":534.8},"geometry":{"type":"Polygon","coordinates":[[[-58.615536,-34.453706],[-58.615425,-34.453691],[-58.615416,-34.454153],[-58.615533,-34.454156],[-58.615536,-34.453706]]]}},{"type":"Feature","properties":{"partida":"057059551","cca":"057020P0000000000000000000000084000001100A","tipo":"Urbano","sup_m2":484.1},"geometry":{"type":"Polygon","coordinates":[[[-58.615536,-34.453706],[-58.615533,-34.454156],[-58.615637,-34.454157],[-58.615644,-34.453717],[-58.615536,-34.453706]]]}},{"type":"Feature","properties":{"partida":"057059552","cca":"057020P0000000000000000000000084000001200A","tipo":"Urbano","sup_m2":469.1},"geometry":{"type":"Polygon","coordinates":[[[-58.615754,-34.45373],[-58.615644,-34.453717],[-58.615637,-34.454157],[-58.615739,-34.454158],[-58.615754,-34.45373]]]}},{"type":"Feature","properties":{"partida":"057059553","cca":"057020P0000000000000000000000084000001300A","tipo":"Urbano","sup_m2":472.0},"geometry":{"type":"Polygon","coordinates":[[[-58.61586,-34.453743],[-58.615754,-34.45373],[-58.615739,-34.454158],[-58.615852,-34.454161],[-58.61586,-34.453743]]]}},{"type":"Feature","properties":{"partida":"057059554","cca":"057020P0000000000000000000000084000001400A","tipo":"Urbano","sup_m2":451.5},"geometry":{"type":"Polygon","coordinates":[[[-58.615958,-34.454162],[-58.615968,-34.453755],[-58.61586,-34.453743],[-58.615852,-34.454161],[-58.615958,-34.454162]]]}},{"type":"Feature","properties":{"partida":"057059555","cca":"057020P0000000000000000000000084000001500A","tipo":"Urbano","sup_m2":438.4},"geometry":{"type":"Polygon","coordinates":[[[-58.616067,-34.454165],[-58.616074,-34.453769],[-58.615968,-34.453755],[-58.615958,-34.454162],[-58.616067,-34.454165]]]}},{"type":"Feature","properties":{"partida":"057078688","cca":"057020P0000000000000000000000084000001500B","tipo":"Urbano","sup_m2":433.0},"geometry":{"type":"Polygon","coordinates":[[[-58.616172,-34.454167],[-58.616183,-34.453778],[-58.616074,-34.453769],[-58.616067,-34.454165],[-58.616172,-34.454167]]]}},{"type":"Feature","properties":{"partida":"057059556","cca":"057020P0000000000000000000000084000001600A","tipo":"Urbano","sup_m2":344.7},"geometry":{"type":"Polygon","coordinates":[[[-58.616292,-34.453875],[-58.616182,-34.453863],[-58.616172,-34.454167],[-58.616285,-34.454169],[-58.616293,-34.453966],[-58.616292,-34.453875]]]}},{"type":"Feature","properties":{"partida":"057039032","cca":"057020P00000000000000000000000840000017000","tipo":"Urbano","sup_m2":310.0},"geometry":{"type":"Polygon","coordinates":[[[-58.616445,-34.454171],[-58.616447,-34.453986],[-58.616293,-34.453966],[-58.616285,-34.454169],[-58.616445,-34.454171]]]}},{"type":"Feature","properties":{"partida":"057064966","cca":"057020P00000000000000000000000840000018000","tipo":"Urbano","sup_m2":282.8},"geometry":{"type":"Polygon","coordinates":[[[-58.616617,-34.454007],[-58.616447,-34.453986],[-58.616445,-34.454171],[-58.616551,-34.454175],[-58.616593,-34.454155],[-58.616617,-34.454007]]]}},{"type":"Feature","properties":{"partida":"057059558","cca":"057020P0000000000000000000000084000001900A","tipo":"Urbano","sup_m2":309.4},"geometry":{"type":"Polygon","coordinates":[[[-58.616617,-34.454007],[-58.616633,-34.453918],[-58.616292,-34.453875],[-58.616293,-34.453966],[-58.616617,-34.454007]]]}},{"type":"Feature","properties":{"partida":"057078689","cca":"057020P0000000000000000000000084000001900B","tipo":"Urbano","sup_m2":390.5},"geometry":{"type":"Polygon","coordinates":[[[-58.616646,-34.453835],[-58.616183,-34.453778],[-58.616182,-34.453863],[-58.616633,-34.453918],[-58.616646,-34.453835]]]}},{"type":"Feature","properties":{"partida":"057059559","cca":"057020P0000000000000000000000084000002000A","tipo":"Urbano","sup_m2":425.5},"geometry":{"type":"Polygon","coordinates":[[[-58.616662,-34.453746],[-58.61621,-34.45369],[-58.616183,-34.453778],[-58.616646,-34.453835],[-58.616662,-34.453746]]]}},{"type":"Feature","properties":{"partida":"057039167","cca":"057020P00000000000000000000000840000021000","tipo":"Urbano","sup_m2":341.5},"geometry":{"type":"Polygon","coordinates":[[[-58.616472,-34.453723],[-58.616662,-34.453746],[-58.616689,-34.453582],[-58.616666,-34.453559],[-58.616535,-34.453531],[-58.616472,-34.453723]]]}},{"type":"Feature","properties":{"partida":"057059560","cca":"057020P0000000000000000000000084000002200A","tipo":"Urbano","sup_m2":318.8},"geometry":{"type":"Polygon","coordinates":[[[-58.61639,-34.453499],[-58.616319,-34.453704],[-58.616472,-34.453723],[-58.616535,-34.453531],[-58.61639,-34.453499]]]}},{"type":"Feature","properties":{"partida":"057059561","cca":"057020P0000000000000000000000084000002300A","tipo":"Urbano","sup_m2":245.5},"geometry":{"type":"Polygon","coordinates":[[[-58.616282,-34.453476],[-58.61621,-34.45369],[-58.616319,-34.453704],[-58.61639,-34.453499],[-58.616282,-34.453476]]]}},{"type":"Feature","properties":{"partida":"057059562","cca":"057020P0000000000000000000000084000002400A","tipo":"Urbano","sup_m2":352.1},"geometry":{"type":"Polygon","coordinates":[[[-58.616176,-34.453453],[-58.616074,-34.453769],[-58.616183,-34.453778],[-58.616282,-34.453476],[-58.616176,-34.453453]]]}},{"type":"Feature","properties":{"partida":"057059563","cca":"057020P0000000000000000000000084000002500A","tipo":"Urbano","sup_m2":365.2},"geometry":{"type":"Polygon","coordinates":[[[-58.61607,-34.45343],[-58.615968,-34.453755],[-58.616074,-34.453769],[-58.616176,-34.453453],[-58.61607,-34.45343]]]}},{"type":"Feature","properties":{"partida":"057059564","cca":"057020P0000000000000000000000084000002600A","tipo":"Urbano","sup_m2":370.1},"geometry":{"type":"Polygon","coordinates":[[[-58.615968,-34.453409],[-58.61586,-34.453743],[-58.615968,-34.453755],[-58.61607,-34.45343],[-58.615968,-34.453409]]]}},{"type":"Feature","properties":{"partida":"057059565","cca":"057020P0000000000000000000000084000002700A","tipo":"Urbano","sup_m2":386.4},"geometry":{"type":"Polygon","coordinates":[[[-58.615754,-34.45373],[-58.61586,-34.453743],[-58.615968,-34.453409],[-58.615861,-34.453387],[-58.615754,-34.45373]]]}},{"type":"Feature","properties":{"partida":"057059566","cca":"057020P0000000000000000000000084000002800A","tipo":"Urbano","sup_m2":403.1},"geometry":{"type":"Polygon","coordinates":[[[-58.615757,-34.453362],[-58.615644,-34.453717],[-58.615754,-34.45373],[-58.615861,-34.453387],[-58.615757,-34.453362]]]}},{"type":"Feature","properties":{"partida":"057059567","cca":"057020P0000000000000000000000084000002900A","tipo":"Urbano","sup_m2":396.2},"geometry":{"type":"Polygon","coordinates":[[[-58.615659,-34.453342],[-58.615536,-34.453706],[-58.615644,-34.453717],[-58.615757,-34.453362],[-58.615659,-34.453342]]]}},{"type":"Feature","properties":{"partida":"057078690","cca":"057020P0000000000000000000000084000003000A","tipo":"Urbano","sup_m2":445.4},"geometry":{"type":"Polygon","coordinates":[[[-58.615547,-34.453317],[-58.615425,-34.453691],[-58.615536,-34.453706],[-58.615659,-34.453342],[-58.615547,-34.453317]]]}},{"type":"Feature","properties":{"partida":"057059568","cca":"057020P0000000000000000000000084000003000B","tipo":"Urbano","sup_m2":333.6},"geometry":{"type":"Polygon","coordinates":[[[-58.615375,-34.453504],[-58.615344,-34.453587],[-58.615453,-34.453607],[-58.615547,-34.453317],[-58.615442,-34.453294],[-58.615375,-34.453504]]]}},{"type":"Feature","properties":{"partida":"057059569","cca":"057020P0000000000000000000000084000003100A","tipo":"Urbano","sup_m2":247.7},"geometry":{"type":"Polygon","coordinates":[[[-58.615375,-34.453504],[-58.615442,-34.453294],[-58.615336,-34.453273],[-58.615266,-34.453492],[-58.615375,-34.453504]]]}},{"type":"Feature","properties":{"partida":"057024023","cca":"057020P00000000000000000000000850000001000","tipo":"Urbano","sup_m2":347.8},"geometry":{"type":"Polygon","coordinates":[[[-58.615114,-34.454496],[-58.61512,-34.454289],[-58.614977,-34.454285],[-58.614945,-34.454307],[-58.614973,-34.45451],[-58.615114,-34.454496]]]}},{"type":"Feature","properties":{"partida":"057028954","cca":"057020P00000000000000000000000850000002000","tipo":"Urbano","sup_m2":318.4},"geometry":{"type":"Polygon","coordinates":[[[-58.615262,-34.454486],[-58.615114,-34.454496],[-58.614973,-34.45451],[-58.614987,-34.454616],[-58.615261,-34.454598],[-58.615262,-34.454486]]]}},{"type":"Feature","properties":{"partida":"057028949","cca":"057020P00000000000000000000000850000003000","tipo":"Urbano","sup_m2":415.3},"geometry":{"type":"Polygon","coordinates":[[[-58.615389,-34.454689],[-58.615387,-34.454586],[-58.615261,-34.454598],[-58.614987,-34.454616],[-58.615002,-34.454721],[-58.615389,-34.454689]]]}},{"type":"Feature","properties":{"partida":"057028948","cca":"057020P00000000000000000000000850000004000","tipo":"Urbano","sup_m2":445.5},"geometry":{"type":"Polygon","coordinates":[[[-58.61529,-34.454809],[-58.615413,-34.454797],[-58.615389,-34.454689],[-58.615002,-34.454721],[-58.615011,-34.45483],[-58.61529,-34.454809]]]}},{"type":"Feature","properties":{"partida":"057028953","cca":"057020P00000000000000000000000850000005000","tipo":"Urbano","sup_m2":315.4},"geometry":{"type":"Polygon","coordinates":[[[-58.615323,-34.45491],[-58.61529,-34.454809],[-58.615011,-34.45483],[-58.615025,-34.45494],[-58.615323,-34.45491]]]}},{"type":"Feature","properties":{"partida":"057032778","cca":"057020P00000000000000000000000850000006000","tipo":"Urbano","sup_m2":296.1},"geometry":{"type":"Polygon","coordinates":[[[-58.615218,-34.455106],[-58.615166,-34.454925],[-58.615025,-34.45494],[-58.615048,-34.455107],[-58.615094,-34.455127],[-58.615218,-34.455106]]]}},{"type":"Feature","properties":{"partida":"057028950","cca":"057020P00000000000000000000000850000007000","tipo":"Urbano","sup_m2":276.7},"geometry":{"type":"Polygon","coordinates":[[[-58.615166,-34.454925],[-58.615218,-34.455106],[-58.61536,-34.455079],[-58.615323,-34.45491],[-58.615166,-34.454925]]]}},{"type":"Feature","properties":{"partida":"057042463","cca":"057020P00000000000000000000000850000008000","tipo":"Urbano","sup_m2":338.5},"geometry":{"type":"Polygon","coordinates":[[[-58.615413,-34.454797],[-58.61529,-34.454809],[-58.615323,-34.45491],[-58.61536,-34.455079],[-58.615485,-34.455059],[-58.615413,-34.454797]]]}},{"type":"Feature","properties":{"partida":"057042464","cca":"057020P00000000000000000000000850000009000","tipo":"Urbano","sup_m2":491.2},"geometry":{"type":"Polygon","coordinates":[[[-58.615516,-34.454681],[-58.615389,-34.454689],[-58.615413,-34.454797],[-58.615485,-34.455059],[-58.615611,-34.455037],[-58.615516,-34.454681]]]}},{"type":"Feature","properties":{"partida":"057042465","cca":"057020P00000000000000000000000850000010000","tipo":"Urbano","sup_m2":479.2},"geometry":{"type":"Polygon","coordinates":[[[-58.615644,-34.454668],[-58.615516,-34.454681],[-58.615611,-34.455037],[-58.615741,-34.455014],[-58.615644,-34.454668]]]}},{"type":"Feature","properties":{"partida":"057028955","cca":"057020P00000000000000000000000850000011000","tipo":"Urbano","sup_m2":463.9},"geometry":{"type":"Polygon","coordinates":[[[-58.615644,-34.454668],[-58.615741,-34.455014],[-58.615868,-34.454991],[-58.615779,-34.454662],[-58.615644,-34.454668]]]}},{"type":"Feature","properties":{"partida":"057042466","cca":"057020P00000000000000000000000850000012000","tipo":"Urbano","sup_m2":436.2},"geometry":{"type":"Polygon","coordinates":[[[-58.615991,-34.454971],[-58.615908,-34.454646],[-58.615779,-34.454662],[-58.615868,-34.454991],[-58.615991,-34.454971]]]}},{"type":"Feature","properties":{"partida":"057042467","cca":"057020P00000000000000000000000850000013000","tipo":"Urbano","sup_m2":444.2},"geometry":{"type":"Polygon","coordinates":[[[-58.616042,-34.45464],[-58.615908,-34.454646],[-58.615991,-34.454971],[-58.616124,-34.454946],[-58.616042,-34.45464]]]}},{"type":"Feature","properties":{"partida":"057030383","cca":"057020P00000000000000000000000850000014000","tipo":"Urbano","sup_m2":402.8},"geometry":{"type":"Polygon","coordinates":[[[-58.616167,-34.454628],[-58.616042,-34.45464],[-58.616124,-34.454946],[-58.616252,-34.454922],[-58.616167,-34.454628]]]}},{"type":"Feature","properties":{"partida":"057030382","cca":"057020P00000000000000000000000850000015000","tipo":"Urbano","sup_m2":415.7},"geometry":{"type":"Polygon","coordinates":[[[-58.616387,-34.4549],[-58.616306,-34.454616],[-58.616167,-34.454628],[-58.616252,-34.454922],[-58.616387,-34.4549]]]}},{"type":"Feature","properties":{"partida":"057028951","cca":"057020P00000000000000000000000850000016000","tipo":"Urbano","sup_m2":223.4},"geometry":{"type":"Polygon","coordinates":[[[-58.616387,-34.4549],[-58.616506,-34.454877],[-58.616465,-34.454713],[-58.616336,-34.454723],[-58.616387,-34.4549]]]}},{"type":"Feature","properties":{"partida":"057059574","cca":"057020P00000000000000000000000850000017000","tipo":"Urbano","sup_m2":252.8},"geometry":{"type":"Polygon","coordinates":[[[-58.616465,-34.454713],[-58.616506,-34.454877],[-58.616609,-34.45486],[-58.616645,-34.454822],[-58.616627,-34.454693],[-58.616465,-34.454713]]]}},{"type":"Feature","properties":{"partida":"057042462","cca":"057020P00000000000000000000000850000018000","tipo":"Urbano","sup_m2":334.6},"geometry":{"type":"Polygon","coordinates":[[[-58.616614,-34.454589],[-58.616306,-34.454616],[-58.616336,-34.454723],[-58.616465,-34.454713],[-58.616627,-34.454693],[-58.616614,-34.454589]]]}},{"type":"Feature","properties":{"partida":"057024021","cca":"057020P00000000000000000000000850000019000","tipo":"Urbano","sup_m2":347.9},"geometry":{"type":"Polygon","coordinates":[[[-58.616306,-34.454504],[-58.616306,-34.454616],[-58.616614,-34.454589],[-58.616602,-34.454478],[-58.616435,-34.45449],[-58.616306,-34.454504]]]}},{"type":"Feature","properties":{"partida":"057024024","cca":"057020P00000000000000000000000850000020000","tipo":"Urbano","sup_m2":261.5},"geometry":{"type":"Polygon","coordinates":[[[-58.616435,-34.45449],[-58.616602,-34.454478],[-58.616587,-34.454349],[-58.61655,-34.454313],[-58.616444,-34.454314],[-58.616435,-34.45449]]]}},{"type":"Feature","properties":{"partida":"057024022","cca":"057020P00000000000000000000000850000021000","tipo":"Urbano","sup_m2":246.1},"geometry":{"type":"Polygon","coordinates":[[[-58.616312,-34.45431],[-58.616306,-34.454504],[-58.616435,-34.45449],[-58.616444,-34.454314],[-58.616312,-34.45431]]]}},{"type":"Feature","properties":{"partida":"057042468","cca":"057020P00000000000000000000000850000022000","tipo":"Urbano","sup_m2":425.9},"geometry":{"type":"Polygon","coordinates":[[[-58.616312,-34.45431],[-58.616181,-34.454309],[-58.616167,-34.454628],[-58.616306,-34.454616],[-58.616312,-34.45431]]]}},{"type":"Feature","properties":{"partida":"057028952","cca":"057020P00000000000000000000000850000023000","tipo":"Urbano","sup_m2":429.3},"geometry":{"type":"Polygon","coordinates":[[[-58.616048,-34.454306],[-58.616042,-34.45464],[-58.616167,-34.454628],[-58.616181,-34.454309],[-58.616048,-34.454306]]]}},{"type":"Feature","properties":{"partida":"057028956","cca":"057020P00000000000000000000000850000024000","tipo":"Urbano","sup_m2":448.7},"geometry":{"type":"Polygon","coordinates":[[[-58.615922,-34.454304],[-58.615908,-34.454646],[-58.616042,-34.45464],[-58.616048,-34.454306],[-58.615922,-34.454304]]]}},{"type":"Feature","properties":{"partida":"057032780","cca":"057020P00000000000000000000000850000025000","tipo":"Urbano","sup_m2":465.3},"geometry":{"type":"Polygon","coordinates":[[[-58.615791,-34.454301],[-58.615779,-34.454662],[-58.615908,-34.454646],[-58.615922,-34.454304],[-58.615791,-34.454301]]]}},{"type":"Feature","properties":{"partida":"057032779","cca":"057020P00000000000000000000000850000026000","tipo":"Urbano","sup_m2":489.8},"geometry":{"type":"Polygon","coordinates":[[[-58.615661,-34.454299],[-58.615644,-34.454668],[-58.615779,-34.454662],[-58.615791,-34.454301],[-58.615661,-34.454299]]]}},{"type":"Feature","properties":{"partida":"057028947","cca":"057020P00000000000000000000000850000027000","tipo":"Urbano","sup_m2":509.1},"geometry":{"type":"Polygon","coordinates":[[[-58.615525,-34.454296],[-58.615516,-34.454681],[-58.615644,-34.454668],[-58.615661,-34.454299],[-58.615525,-34.454296]]]}},{"type":"Feature","properties":{"partida":"057030384","cca":"057020P00000000000000000000000850000028000","tipo":"Urbano","sup_m2":514.7},"geometry":{"type":"Polygon","coordinates":[[[-58.615397,-34.454294],[-58.615387,-34.454586],[-58.615389,-34.454689],[-58.615516,-34.454681],[-58.615525,-34.454296],[-58.615397,-34.454294]]]}},{"type":"Feature","properties":{"partida":"057024025","cca":"057020P00000000000000000000000850000029000","tipo":"Urbano","sup_m2":393.9},"geometry":{"type":"Polygon","coordinates":[[[-58.615265,-34.454291],[-58.615261,-34.454598],[-58.615387,-34.454586],[-58.615397,-34.454294],[-58.615265,-34.454291]]]}},{"type":"Feature","properties":{"partida":"057030385","cca":"057020P00000000000000000000000850000030000","tipo":"Urbano","sup_m2":299.7},"geometry":{"type":"Polygon","coordinates":[[[-58.615265,-34.454291],[-58.61512,-34.454289],[-58.615114,-34.454496],[-58.615262,-34.454486],[-58.615265,-34.454291]]]}},{"type":"Feature","properties":{"partida":"057041304","cca":"057020P00000000000000000000000860000001000","tipo":"Urbano","sup_m2":250.5},"geometry":{"type":"Polygon","coordinates":[[[-58.614739,-34.455478],[-58.61496,-34.455411],[-58.614937,-34.455348],[-58.614889,-34.455325],[-58.614708,-34.455358],[-58.614739,-34.455478]]]}},{"type":"Feature","properties":{"partida":"057028833","cca":"057020P00000000000000000000000860000002000","tipo":"Urbano","sup_m2":360.0},"geometry":{"type":"Polygon","coordinates":[[[-58.614651,-34.455647],[-58.614773,-34.455611],[-58.614708,-34.455358],[-58.614575,-34.455381],[-58.614651,-34.455647]]]}},{"type":"Feature","properties":{"partida":"057032765","cca":"057020P00000000000000000000000860000003000","tipo":"Urbano","sup_m2":379.5},"geometry":{"type":"Polygon","coordinates":[[[-58.614449,-34.455404],[-58.614523,-34.455686],[-58.614651,-34.455647],[-58.614575,-34.455381],[-58.614449,-34.455404]]]}},{"type":"Feature","properties":{"partida":"057049724","cca":"057020P00000000000000000000000860000004000","tipo":"Urbano","sup_m2":248.0},"geometry":{"type":"Polygon","coordinates":[[[-58.614486,-34.455553],[-58.614449,-34.455404],[-58.6143,-34.455434],[-58.614342,-34.455596],[-58.614486,-34.455553]]]}},{"type":"Feature","properties":{"partida":"057041303","cca":"057020P00000000000000000000000860000005000","tipo":"Urbano","sup_m2":226.3},"geometry":{"type":"Polygon","coordinates":[[[-58.614342,-34.455596],[-58.6143,-34.455434],[-58.614199,-34.45545],[-58.614168,-34.455487],[-58.614233,-34.455629],[-58.614342,-34.455596]]]}},{"type":"Feature","properties":{"partida":"057041306","cca":"057020P00000000000000000000000860000006000","tipo":"Urbano","sup_m2":356.8},"geometry":{"type":"Polygon","coordinates":[[[-58.614486,-34.455553],[-58.614233,-34.455629],[-58.61429,-34.455756],[-58.614523,-34.455686],[-58.614486,-34.455553]]]}},{"type":"Feature","properties":{"partida":"057041307","cca":"057020P00000000000000000000000860000007000","tipo":"Urbano","sup_m2":421.7},"geometry":{"type":"Polygon","coordinates":[[[-58.614694,-34.45575],[-58.614651,-34.455647],[-58.61429,-34.455756],[-58.614336,-34.455857],[-58.614694,-34.45575]]]}},{"type":"Feature","properties":{"partida":"057028834","cca":"057020P00000000000000000000000860000008000","tipo":"Urbano","sup_m2":417.6},"geometry":{"type":"Polygon","coordinates":[[[-58.614336,-34.455857],[-58.61438,-34.455959],[-58.614736,-34.455852],[-58.614694,-34.45575],[-58.614336,-34.455857]]]}},{"type":"Feature","properties":{"partida":"057041308","cca":"057020P0000000000000000000000086000000900A","tipo":"Urbano","sup_m2":158.3},"geometry":{"type":"Polygon","coordinates":[[[-58.61438,-34.455959],[-58.614411,-34.456039],[-58.614587,-34.455983],[-58.614555,-34.455906],[-58.61438,-34.455959]]]}},{"type":"Feature","properties":{"partida":"057093511","cca":"057020P0000000000000000000000086000000900B","tipo":"Urbano","sup_m2":260.8},"geometry":{"type":"Polygon","coordinates":[[[-58.614777,-34.455955],[-58.614736,-34.455852],[-58.614555,-34.455906],[-58.614587,-34.455983],[-58.614411,-34.456039],[-58.614422,-34.456061],[-58.614777,-34.455955]]]}},{"type":"Feature","properties":{"partida":"057041309","cca":"057020P00000000000000000000000860000010000","tipo":"Urbano","sup_m2":414.4},"geometry":{"type":"Polygon","coordinates":[[[-58.614469,-34.456162],[-58.614821,-34.456057],[-58.614777,-34.455955],[-58.614422,-34.456061],[-58.614469,-34.456162]]]}},{"type":"Feature","properties":{"partida":"057028828","cca":"057020P00000000000000000000000860000011000","tipo":"Urbano","sup_m2":355.1},"geometry":{"type":"Polygon","coordinates":[[[-58.614776,-34.456214],[-58.614702,-34.456093],[-58.614469,-34.456162],[-58.614524,-34.456289],[-58.614776,-34.456214]]]}},{"type":"Feature","properties":{"partida":"057028825","cca":"057020P00000000000000000000000860000012000","tipo":"Urbano","sup_m2":222.9},"geometry":{"type":"Polygon","coordinates":[[[-58.614723,-34.45641],[-58.614635,-34.456256],[-58.614524,-34.456289],[-58.614586,-34.456434],[-58.614626,-34.456446],[-58.614723,-34.45641]]]}},{"type":"Feature","properties":{"partida":"057028827","cca":"057020P00000000000000000000000860000013000","tipo":"Urbano","sup_m2":250.3},"geometry":{"type":"Polygon","coordinates":[[[-58.614776,-34.456214],[-58.614635,-34.456256],[-58.614723,-34.45641],[-58.614858,-34.456355],[-58.614776,-34.456214]]]}},{"type":"Feature","properties":{"partida":"057028830","cca":"057020P00000000000000000000000860000014000","tipo":"Urbano","sup_m2":364.8},"geometry":{"type":"Polygon","coordinates":[[[-58.614821,-34.456057],[-58.614702,-34.456093],[-58.614858,-34.456355],[-58.614971,-34.456307],[-58.614821,-34.456057]]]}},{"type":"Feature","properties":{"partida":"057023984","cca":"057020P00000000000000000000000860000015000","tipo":"Urbano","sup_m2":365.4},"geometry":{"type":"Polygon","coordinates":[[[-58.614942,-34.456021],[-58.614821,-34.456057],[-58.614971,-34.456307],[-58.61509,-34.456261],[-58.614942,-34.456021]]]}},{"type":"Feature","properties":{"partida":"057041305","cca":"057020P00000000000000000000000860000016000","tipo":"Urbano","sup_m2":292.3},"geometry":{"type":"Polygon","coordinates":[[[-58.615018,-34.456141],[-58.61509,-34.456261],[-58.615266,-34.456191],[-58.615282,-34.456151],[-58.615246,-34.456073],[-58.615018,-34.456141]]]}},{"type":"Feature","properties":{"partida":"057028829","cca":"057020P00000000000000000000000860000017000","tipo":"Urbano","sup_m2":349.3},"geometry":{"type":"Polygon","coordinates":[[[-58.615246,-34.456073],[-58.615191,-34.455946],[-58.614942,-34.456021],[-58.615018,-34.456141],[-58.615246,-34.456073]]]}},{"type":"Feature","properties":{"partida":"057028826","cca":"057020P00000000000000000000000860000018000","tipo":"Urbano","sup_m2":434.5},"geometry":{"type":"Polygon","coordinates":[[[-58.615147,-34.455844],[-58.614777,-34.455955],[-58.614821,-34.456057],[-58.615191,-34.455946],[-58.615147,-34.455844]]]}},{"type":"Feature","properties":{"partida":"057028832","cca":"057020P00000000000000000000000860000019000","tipo":"Urbano","sup_m2":432.2},"geometry":{"type":"Polygon","coordinates":[[[-58.615104,-34.455742],[-58.614736,-34.455852],[-58.614777,-34.455955],[-58.615147,-34.455844],[-58.615104,-34.455742]]]}},{"type":"Feature","properties":{"partida":"057028831","cca":"057020P00000000000000000000000860000020000","tipo":"Urbano","sup_m2":429.3},"geometry":{"type":"Polygon","coordinates":[[[-58.614694,-34.45575],[-58.614736,-34.455852],[-58.615104,-34.455742],[-58.615059,-34.455641],[-58.614694,-34.45575]]]}},{"type":"Feature","properties":{"partida":"057028835","cca":"057020P00000000000000000000000860000021000","tipo":"Urbano","sup_m2":429.6},"geometry":{"type":"Polygon","coordinates":[[[-58.615059,-34.455641],[-58.615016,-34.455539],[-58.614651,-34.455647],[-58.614694,-34.45575],[-58.615059,-34.455641]]]}},{"type":"Feature","properties":{"partida":"057032764","cca":"057020P00000000000000000000000860000022000","tipo":"Urbano","sup_m2":338.9},"geometry":{"type":"Polygon","coordinates":[[[-58.615016,-34.455539],[-58.61496,-34.455411],[-58.614739,-34.455478],[-58.614773,-34.455611],[-58.615016,-34.455539]]]}},{"type":"Feature","properties":{"partida":"057029033","cca":"057020P00000000000000000000000870000001000","tipo":"Urbano","sup_m2":315.1},"geometry":{"type":"Polygon","coordinates":[[[-58.613642,-34.457214],[-58.613802,-34.457125],[-58.61371,-34.457],[-58.613662,-34.456994],[-58.613553,-34.45704],[-58.613642,-34.457214]]]}},{"type":"Feature","properties":{"partida":"057042481","cca":"057020P00000000000000000000000870000002000","tipo":"Urbano","sup_m2":270.7},"geometry":{"type":"Polygon","coordinates":[[[-58.613526,-34.457276],[-58.613642,-34.457214],[-58.613553,-34.45704],[-58.613432,-34.457089],[-58.613526,-34.457276]]]}},{"type":"Feature","properties":{"partida":"057029043","cca":"057020P00000000000000000000000870000003000","tipo":"Urbano","sup_m2":266.6},"geometry":{"type":"Polygon","coordinates":[[[-58.613417,-34.457331],[-58.613526,-34.457276],[-58.613432,-34.457089],[-58.613318,-34.457137],[-58.613417,-34.457331]]]}},{"type":"Feature","properties":{"partida":"057029039","cca":"057020P00000000000000000000000870000004000","tipo":"Urbano","sup_m2":301.3},"geometry":{"type":"Polygon","coordinates":[[[-58.61331,-34.457397],[-58.613417,-34.457331],[-58.613318,-34.457137],[-58.613195,-34.457186],[-58.61331,-34.457397]]]}},{"type":"Feature","properties":{"partida":"057029034","cca":"057020P00000000000000000000000870000005000","tipo":"Urbano","sup_m2":288.6},"geometry":{"type":"Polygon","coordinates":[[[-58.613152,-34.457389],[-58.61331,-34.457397],[-58.613195,-34.457186],[-58.613065,-34.457239],[-58.613152,-34.457389]]]}},{"type":"Feature","properties":{"partida":"057041289","cca":"057020P00000000000000000000000870000006000","tipo":"Urbano","sup_m2":274.7},"geometry":{"type":"Polygon","coordinates":[[[-58.613104,-34.457448],[-58.613152,-34.457389],[-58.613065,-34.457239],[-58.612955,-34.457283],[-58.612908,-34.457345],[-58.613104,-34.457448]]]}},{"type":"Feature","properties":{"partida":"057032787","cca":"057020P00000000000000000000000870000007000","tipo":"Urbano","sup_m2":313.2},"geometry":{"type":"Polygon","coordinates":[[[-58.61302,-34.457559],[-58.613104,-34.457448],[-58.612908,-34.457345],[-58.612821,-34.457455],[-58.61302,-34.457559]]]}},{"type":"Feature","properties":{"partida":"057032788","cca":"057020P00000000000000000000000870000008000","tipo":"Urbano","sup_m2":297.3},"geometry":{"type":"Polygon","coordinates":[[[-58.612756,-34.457718],[-58.61292,-34.457507],[-58.612821,-34.457455],[-58.612673,-34.457646],[-58.612683,-34.457682],[-58.612756,-34.457718]]]}},{"type":"Feature","properties":{"partida":"057029041","cca":"057020P00000000000000000000000870000009000","tipo":"Urbano","sup_m2":299.4},"geometry":{"type":"Polygon","coordinates":[[[-58.61292,-34.457507],[-58.612756,-34.457718],[-58.612854,-34.457768],[-58.61302,-34.457559],[-58.61292,-34.457507]]]}},{"type":"Feature","properties":{"partida":"057029044","cca":"057020P00000000000000000000000870000010000","tipo":"Urbano","sup_m2":659.0},"geometry":{"type":"Polygon","coordinates":[[[-58.612965,-34.457826],[-58.61331,-34.457397],[-58.613152,-34.457389],[-58.613104,-34.457448],[-58.612854,-34.457768],[-58.612965,-34.457826]]]}},{"type":"Feature","properties":{"partida":"057029045","cca":"057020P00000000000000000000000870000011000","tipo":"Urbano","sup_m2":667.9},"geometry":{"type":"Polygon","coordinates":[[[-58.613404,-34.457472],[-58.61331,-34.457397],[-58.612965,-34.457826],[-58.613074,-34.457886],[-58.613404,-34.457472]]]}},{"type":"Feature","properties":{"partida":"057029046","cca":"057020P00000000000000000000000870000012000","tipo":"Urbano","sup_m2":645.3},"geometry":{"type":"Polygon","coordinates":[[[-58.613186,-34.457943],[-58.613499,-34.457547],[-58.613404,-34.457472],[-58.613074,-34.457886],[-58.613186,-34.457943]]]}},{"type":"Feature","properties":{"partida":"057029038","cca":"057020P00000000000000000000000870000013000","tipo":"Urbano","sup_m2":623.4},"geometry":{"type":"Polygon","coordinates":[[[-58.613594,-34.457627],[-58.613499,-34.457547],[-58.613186,-34.457943],[-58.613297,-34.458003],[-58.613594,-34.457627]]]}},{"type":"Feature","properties":{"partida":"057041287","cca":"057020P00000000000000000000000870000014000","tipo":"Urbano","sup_m2":592.5},"geometry":{"type":"Polygon","coordinates":[[[-58.613594,-34.457627],[-58.613297,-34.458003],[-58.613406,-34.458062],[-58.613693,-34.457705],[-58.613594,-34.457627]]]}},{"type":"Feature","properties":{"partida":"057041288","cca":"057020P00000000000000000000000870000015000","tipo":"Urbano","sup_m2":568.4},"geometry":{"type":"Polygon","coordinates":[[[-58.613788,-34.457786],[-58.613693,-34.457705],[-58.613406,-34.458062],[-58.613519,-34.458122],[-58.613788,-34.457786]]]}},{"type":"Feature","properties":{"partida":"057041290","cca":"057020P00000000000000000000000870000016000","tipo":"Urbano","sup_m2":529.3},"geometry":{"type":"Polygon","coordinates":[[[-58.613788,-34.457786],[-58.613519,-34.458122],[-58.613634,-34.458179],[-58.613876,-34.457873],[-58.613889,-34.457865],[-58.613788,-34.457786]]]}},{"type":"Feature","properties":{"partida":"057041291","cca":"057020P00000000000000000000000870000017000","tipo":"Urbano","sup_m2":519.2},"geometry":{"type":"Polygon","coordinates":[[[-58.613988,-34.457942],[-58.613889,-34.457865],[-58.613876,-34.457873],[-58.613634,-34.458179],[-58.613747,-34.458242],[-58.613988,-34.457942]]]}},{"type":"Feature","properties":{"partida":"057029040","cca":"057020P00000000000000000000000870000018000","tipo":"Urbano","sup_m2":470.5},"geometry":{"type":"Polygon","coordinates":[[[-58.613862,-34.458304],[-58.614078,-34.458022],[-58.613988,-34.457942],[-58.613747,-34.458242],[-58.613862,-34.458304]]]}},{"type":"Feature","properties":{"partida":"057032789","cca":"057020P00000000000000000000000870000019000","tipo":"Urbano","sup_m2":429.9},"geometry":{"type":"Polygon","coordinates":[[[-58.614078,-34.458022],[-58.613862,-34.458304],[-58.613973,-34.458362],[-58.614171,-34.458103],[-58.614078,-34.458022]]]}},{"type":"Feature","properties":{"partida":"057032790","cca":"057020P00000000000000000000000870000020000","tipo":"Urbano","sup_m2":318.6},"geometry":{"type":"Polygon","coordinates":[[[-58.614088,-34.458214],[-58.613973,-34.458362],[-58.614105,-34.458434],[-58.614155,-34.458429],[-58.614242,-34.458356],[-58.614088,-34.458214]]]}},{"type":"Feature","properties":{"partida":"057024074","cca":"057020P00000000000000000000000870000021000","tipo":"Urbano","sup_m2":336.4},"geometry":{"type":"Polygon","coordinates":[[[-58.614365,-34.458273],[-58.614171,-34.458103],[-58.614088,-34.458214],[-58.614242,-34.458356],[-58.614365,-34.458273]]]}},{"type":"Feature","properties":{"partida":"057024073","cca":"057020P00000000000000000000000870000022000","tipo":"Urbano","sup_m2":356.1},"geometry":{"type":"Polygon","coordinates":[[[-58.614309,-34.458031],[-58.614171,-34.458103],[-58.614365,-34.458273],[-58.614478,-34.458194],[-58.614391,-34.458105],[-58.614309,-34.458031]]]}},{"type":"Feature","properties":{"partida":"057029042","cca":"057020P0000000000000000000000087000002300A","tipo":"Urbano","sup_m2":180.4},"geometry":{"type":"Polygon","coordinates":[[[-58.614543,-34.458026],[-58.614391,-34.458105],[-58.614478,-34.458194],[-58.614578,-34.458126],[-58.614588,-34.458081],[-58.614543,-34.458026]]]}},{"type":"Feature","properties":{"partida":"057095183","cca":"057020P0000000000000000000000087000002300B","tipo":"Urbano","sup_m2":193.7},"geometry":{"type":"Polygon","coordinates":[[[-58.614477,-34.457942],[-58.614309,-34.458031],[-58.614391,-34.458105],[-58.614543,-34.458026],[-58.614477,-34.457942]]]}},{"type":"Feature","properties":{"partida":"057059588","cca":"057020P00000000000000000000000870000024000","tipo":"Urbano","sup_m2":412.0},"geometry":{"type":"Polygon","coordinates":[[[-58.614171,-34.458103],[-58.614477,-34.457942],[-58.614402,-34.457854],[-58.614078,-34.458022],[-58.614171,-34.458103]]]}},{"type":"Feature","properties":{"partida":"057029037","cca":"057020P00000000000000000000000870000025000","tipo":"Urbano","sup_m2":441.0},"geometry":{"type":"Polygon","coordinates":[[[-58.614326,-34.457761],[-58.613988,-34.457942],[-58.614078,-34.458022],[-58.614402,-34.457854],[-58.614326,-34.457761]]]}},{"type":"Feature","properties":{"partida":"057041292","cca":"057020P00000000000000000000000870000026000","tipo":"Urbano","sup_m2":472.4},"geometry":{"type":"Polygon","coordinates":[[[-58.614247,-34.457668],[-58.613889,-34.457865],[-58.613988,-34.457942],[-58.614326,-34.457761],[-58.614247,-34.457668]]]}},{"type":"Feature","properties":{"partida":"057032786","cca":"057020P00000000000000000000000870000027000","tipo":"Urbano","sup_m2":497.1},"geometry":{"type":"Polygon","coordinates":[[[-58.614174,-34.457579],[-58.613788,-34.457786],[-58.613889,-34.457865],[-58.614247,-34.457668],[-58.614174,-34.457579]]]}},{"type":"Feature","properties":{"partida":"057030391","cca":"057020P0000000000000000000000087000002800A","tipo":"Urbano","sup_m2":1083.0},"geometry":{"type":"Polygon","coordinates":[[[-58.613788,-34.457786],[-58.614174,-34.457579],[-58.614027,-34.457399],[-58.613594,-34.457627],[-58.613693,-34.457705],[-58.613788,-34.457786]]]}},{"type":"Feature","properties":{"partida":"057041293","cca":"057020P00000000000000000000000870000030000","tipo":"Urbano","sup_m2":583.0},"geometry":{"type":"Polygon","coordinates":[[[-58.614027,-34.457399],[-58.613949,-34.457311],[-58.613499,-34.457547],[-58.613594,-34.457627],[-58.614027,-34.457399]]]}},{"type":"Feature","properties":{"partida":"057024075","cca":"057020P00000000000000000000000870000031000","tipo":"Urbano","sup_m2":607.9},"geometry":{"type":"Polygon","coordinates":[[[-58.613874,-34.457217],[-58.613404,-34.457472],[-58.613499,-34.457547],[-58.613949,-34.457311],[-58.613874,-34.457217]]]}},{"type":"Feature","properties":{"partida":"057029036","cca":"057020P00000000000000000000000870000032000","tipo":"Urbano","sup_m2":643.8},"geometry":{"type":"Polygon","coordinates":[[[-58.613802,-34.457125],[-58.613642,-34.457214],[-58.613417,-34.457331],[-58.61331,-34.457397],[-58.613404,-34.457472],[-58.613874,-34.457217],[-58.613802,-34.457125]]]}},{"type":"Feature","properties":{"partida":"057024026","cca":"057020P00000000000000000000000880000001000","tipo":"Urbano","sup_m2":299.1},"geometry":{"type":"Polygon","coordinates":[[[-58.615295,-34.455449],[-58.615237,-34.45526],[-58.615116,-34.455281],[-58.615093,-34.455314],[-58.615168,-34.455486],[-58.615295,-34.455449]]]}},{"type":"Feature","properties":{"partida":"057028962","cca":"057020P00000000000000000000000880000002000","tipo":"Urbano","sup_m2":304.9},"geometry":{"type":"Polygon","coordinates":[[[-58.615441,-34.455406],[-58.615168,-34.455486],[-58.615215,-34.455586],[-58.61547,-34.45551],[-58.615441,-34.455406]]]}},{"type":"Feature","properties":{"partida":"057059589","cca":"057020P00000000000000000000000880000003000","tipo":"Urbano","sup_m2":443.6},"geometry":{"type":"Polygon","coordinates":[[[-58.615628,-34.455581],[-58.615595,-34.455473],[-58.615215,-34.455586],[-58.615257,-34.455688],[-58.615628,-34.455581]]]}},{"type":"Feature","properties":{"partida":"057041340","cca":"057020P00000000000000000000000880000004000","tipo":"Urbano","sup_m2":441.1},"geometry":{"type":"Polygon","coordinates":[[[-58.615301,-34.45579],[-58.615687,-34.455676],[-58.615628,-34.455581],[-58.615257,-34.455688],[-58.615301,-34.45579]]]}},{"type":"Feature","properties":{"partida":"057028957","cca":"057020P00000000000000000000000880000005000","tipo":"Urbano","sup_m2":301.5},"geometry":{"type":"Polygon","coordinates":[[[-58.615619,-34.455809],[-58.61556,-34.455716],[-58.615301,-34.45579],[-58.615345,-34.45589],[-58.615619,-34.455809]]]}},{"type":"Feature","properties":{"partida":"057028960","cca":"057020P00000000000000000000000880000006000","tipo":"Urbano","sup_m2":345.6},"geometry":{"type":"Polygon","coordinates":[[[-58.615477,-34.45585],[-58.615345,-34.45589],[-58.615424,-34.456071],[-58.615482,-34.456094],[-58.615592,-34.456049],[-58.615477,-34.45585]]]}},{"type":"Feature","properties":{"partida":"057059590","cca":"057020P00000000000000000000000880000007000","tipo":"Urbano","sup_m2":327.5},"geometry":{"type":"Polygon","coordinates":[[[-58.615728,-34.455992],[-58.615619,-34.455809],[-58.615477,-34.45585],[-58.615592,-34.456049],[-58.615728,-34.455992]]]}},{"type":"Feature","properties":{"partida":"057030386","cca":"057020P00000000000000000000000880000008000","tipo":"Urbano","sup_m2":417.7},"geometry":{"type":"Polygon","coordinates":[[[-58.615851,-34.455944],[-58.615687,-34.455676],[-58.61556,-34.455716],[-58.615728,-34.455992],[-58.615851,-34.455944]]]}},{"type":"Feature","properties":{"partida":"057041342","cca":"057020P00000000000000000000000880000009000","tipo":"Urbano","sup_m2":535.4},"geometry":{"type":"Polygon","coordinates":[[[-58.615969,-34.455894],[-58.615752,-34.455545],[-58.615628,-34.455581],[-58.615851,-34.455944],[-58.615969,-34.455894]]]}},{"type":"Feature","properties":{"partida":"057024027","cca":"057020P00000000000000000000000880000010000","tipo":"Urbano","sup_m2":492.6},"geometry":{"type":"Polygon","coordinates":[[[-58.616081,-34.45585],[-58.615871,-34.45551],[-58.615752,-34.455545],[-58.615969,-34.455894],[-58.616081,-34.45585]]]}},{"type":"Feature","properties":{"partida":"057049189","cca":"057020P00000000000000000000000880000011000","tipo":"Urbano","sup_m2":518.6},"geometry":{"type":"Polygon","coordinates":[[[-58.616002,-34.455473],[-58.615871,-34.45551],[-58.616081,-34.45585],[-58.616203,-34.455799],[-58.616002,-34.455473]]]}},{"type":"Feature","properties":{"partida":"057028961","cca":"057020P00000000000000000000000880000012000","tipo":"Urbano","sup_m2":472.0},"geometry":{"type":"Polygon","coordinates":[[[-58.616123,-34.455437],[-58.616002,-34.455473],[-58.616203,-34.455799],[-58.61632,-34.455751],[-58.616123,-34.455437]]]}},{"type":"Feature","properties":{"partida":"057024038","cca":"057020P00000000000000000000000880000013000","tipo":"Urbano","sup_m2":461.2},"geometry":{"type":"Polygon","coordinates":[[[-58.616435,-34.455701],[-58.616247,-34.455401],[-58.616123,-34.455437],[-58.61632,-34.455751],[-58.616435,-34.455701]]]}},{"type":"Feature","properties":{"partida":"057041341","cca":"057020P00000000000000000000000880000014000","tipo":"Urbano","sup_m2":430.3},"geometry":{"type":"Polygon","coordinates":[[[-58.616373,-34.455368],[-58.616247,-34.455401],[-58.616435,-34.455701],[-58.616549,-34.455656],[-58.616373,-34.455368]]]}},{"type":"Feature","properties":{"partida":"057024028","cca":"057020P00000000000000000000000880000015000","tipo":"Urbano","sup_m2":412.1},"geometry":{"type":"Polygon","coordinates":[[[-58.616556,-34.45543],[-58.616492,-34.455334],[-58.616373,-34.455368],[-58.616549,-34.455656],[-58.616663,-34.45561],[-58.616556,-34.45543]]]}},{"type":"Feature","properties":{"partida":"057024033","cca":"057020P00000000000000000000000880000016000","tipo":"Urbano","sup_m2":264.4},"geometry":{"type":"Polygon","coordinates":[[[-58.616556,-34.45543],[-58.616663,-34.45561],[-58.616783,-34.455559],[-58.616679,-34.455391],[-58.616556,-34.45543]]]}},{"type":"Feature","properties":{"partida":"057024034","cca":"057020P00000000000000000000000880000017000","tipo":"Urbano","sup_m2":288.3},"geometry":{"type":"Polygon","coordinates":[[[-58.616842,-34.455342],[-58.616679,-34.455391],[-58.616783,-34.455559],[-58.616878,-34.45552],[-58.616901,-34.455471],[-58.616842,-34.455342]]]}},{"type":"Feature","properties":{"partida":"057024037","cca":"057020P00000000000000000000000880000018000","tipo":"Urbano","sup_m2":341.6},"geometry":{"type":"Polygon","coordinates":[[[-58.616556,-34.45543],[-58.616842,-34.455342],[-58.616796,-34.455243],[-58.616492,-34.455334],[-58.616556,-34.45543]]]}},{"type":"Feature","properties":{"partida":"057059591","cca":"057020P00000000000000000000000880000019000","tipo":"Urbano","sup_m2":364.0},"geometry":{"type":"Polygon","coordinates":[[[-58.616462,-34.455222],[-58.616492,-34.455334],[-58.616796,-34.455243],[-58.616754,-34.455138],[-58.616462,-34.455222]]]}},{"type":"Feature","properties":{"partida":"057024035","cca":"057020P00000000000000000000000880000020000","tipo":"Urbano","sup_m2":271.1},"geometry":{"type":"Polygon","coordinates":[[[-58.616589,-34.455185],[-58.616754,-34.455138],[-58.616695,-34.455013],[-58.616654,-34.454992],[-58.616541,-34.455013],[-58.616589,-34.455185]]]}},{"type":"Feature","properties":{"partida":"057024036","cca":"057020P00000000000000000000000880000021000","tipo":"Urbano","sup_m2":250.5},"geometry":{"type":"Polygon","coordinates":[[[-58.616407,-34.455043],[-58.616462,-34.455222],[-58.616589,-34.455185],[-58.616541,-34.455013],[-58.616407,-34.455043]]]}},{"type":"Feature","properties":{"partida":"057024029","cca":"057020P00000000000000000000000880000022000","tipo":"Urbano","sup_m2":396.5},"geometry":{"type":"Polygon","coordinates":[[[-58.616284,-34.455064],[-58.616373,-34.455368],[-58.616492,-34.455334],[-58.616462,-34.455222],[-58.616407,-34.455043],[-58.616284,-34.455064]]]}},{"type":"Feature","properties":{"partida":"057024030","cca":"057020P00000000000000000000000880000023000","tipo":"Urbano","sup_m2":419.5},"geometry":{"type":"Polygon","coordinates":[[[-58.61616,-34.455084],[-58.616247,-34.455401],[-58.616373,-34.455368],[-58.616284,-34.455064],[-58.61616,-34.455084]]]}},{"type":"Feature","properties":{"partida":"057028963","cca":"057020P00000000000000000000000880000024000","tipo":"Urbano","sup_m2":439.1},"geometry":{"type":"Polygon","coordinates":[[[-58.616035,-34.455107],[-58.616123,-34.455437],[-58.616247,-34.455401],[-58.61616,-34.455084],[-58.616035,-34.455107]]]}},{"type":"Feature","properties":{"partida":"057024032","cca":"057020P0000000000000000000000088000002500A","tipo":"Urbano","sup_m2":967.8},"geometry":{"type":"Polygon","coordinates":[[[-58.615765,-34.455156],[-58.615871,-34.45551],[-58.616123,-34.455437],[-58.616035,-34.455107],[-58.615765,-34.455156]]]}},{"type":"Feature","properties":{"partida":"057024031","cca":"057020P00000000000000000000000880000027000","tipo":"Urbano","sup_m2":463.0},"geometry":{"type":"Polygon","coordinates":[[[-58.615649,-34.455179],[-58.615752,-34.455545],[-58.615871,-34.45551],[-58.615765,-34.455156],[-58.615649,-34.455179]]]}},{"type":"Feature","properties":{"partida":"057028964","cca":"057020P00000000000000000000000880000028000","tipo":"Urbano","sup_m2":519.2},"geometry":{"type":"Polygon","coordinates":[[[-58.615517,-34.455205],[-58.615628,-34.455581],[-58.615752,-34.455545],[-58.615649,-34.455179],[-58.615517,-34.455205]]]}},{"type":"Feature","properties":{"partida":"057028958","cca":"057020P00000000000000000000000880000029000","tipo":"Urbano","sup_m2":378.2},"geometry":{"type":"Polygon","coordinates":[[[-58.615517,-34.455205],[-58.615389,-34.45523],[-58.61547,-34.45551],[-58.615595,-34.455473],[-58.615517,-34.455205]]]}},{"type":"Feature","properties":{"partida":"057028959","cca":"057020P00000000000000000000000880000030000","tipo":"Urbano","sup_m2":297.4},"geometry":{"type":"Polygon","coordinates":[[[-58.615237,-34.45526],[-58.615295,-34.455449],[-58.615441,-34.455406],[-58.615389,-34.45523],[-58.615237,-34.45526]]]}},{"type":"Feature","properties":{"partida":"057029023","cca":"057020P00000000000000000000000890000001000","tipo":"Urbano","sup_m2":264.2},"geometry":{"type":"Polygon","coordinates":[[[-58.614415,-34.45683],[-58.614605,-34.456729],[-58.614551,-34.456662],[-58.614496,-34.456648],[-58.614346,-34.456709],[-58.614415,-34.45683]]]}},{"type":"Feature","properties":{"partida":"057029027","cca":"057020P00000000000000000000000890000002000","tipo":"Urbano","sup_m2":336.6},"geometry":{"type":"Polygon","coordinates":[[[-58.614475,-34.456934],[-58.614346,-34.456709],[-58.614225,-34.456759],[-58.61437,-34.45699],[-58.614475,-34.456934]]]}},{"type":"Feature","properties":{"partida":"057024072","cca":"057020P00000000000000000000000890000003000","tipo":"Urbano","sup_m2":365.7},"geometry":{"type":"Polygon","coordinates":[[[-58.614107,-34.456807],[-58.614254,-34.457052],[-58.61437,-34.45699],[-58.614225,-34.456759],[-58.614107,-34.456807]]]}},{"type":"Feature","properties":{"partida":"057041281","cca":"057020P00000000000000000000000890000004000","tipo":"Urbano","sup_m2":429.6},"geometry":{"type":"Polygon","coordinates":[[[-58.61418,-34.456929],[-58.614107,-34.456807],[-58.613877,-34.456901],[-58.613861,-34.456942],[-58.61395,-34.457052],[-58.61418,-34.456929]]]}},{"type":"Feature","properties":{"partida":"057041282","cca":"057020P00000000000000000000000890000005000","tipo":"Urbano","sup_m2":364.3},"geometry":{"type":"Polygon","coordinates":[[[-58.61418,-34.456929],[-58.61395,-34.457052],[-58.61404,-34.457165],[-58.614254,-34.457052],[-58.61418,-34.456929]]]}},{"type":"Feature","properties":{"partida":"057032784","cca":"057020P0000000000000000000000089000000600A","tipo":"Urbano","sup_m2":896.2},"geometry":{"type":"Polygon","coordinates":[[[-58.614519,-34.457177],[-58.61437,-34.45699],[-58.61404,-34.457165],[-58.614192,-34.457353],[-58.614519,-34.457177]]]}},{"type":"Feature","properties":{"partida":"057029032","cca":"057020P0000000000000000000000089000000800A","tipo":"Urbano","sup_m2":872.2},"geometry":{"type":"Polygon","coordinates":[[[-58.614339,-34.457536],[-58.614666,-34.457359],[-58.614519,-34.457177],[-58.614192,-34.457353],[-58.614339,-34.457536]]]}},{"type":"Feature","properties":{"partida":"057041283","cca":"057020P00000000000000000000000890000010000","tipo":"Urbano","sup_m2":411.0},"geometry":{"type":"Polygon","coordinates":[[[-58.614735,-34.457444],[-58.614666,-34.457359],[-58.614339,-34.457536],[-58.614408,-34.457622],[-58.614735,-34.457444]]]}},{"type":"Feature","properties":{"partida":"057041284","cca":"057020P00000000000000000000000890000011000","tipo":"Urbano","sup_m2":413.7},"geometry":{"type":"Polygon","coordinates":[[[-58.614804,-34.45753],[-58.614735,-34.457444],[-58.614408,-34.457622],[-58.614478,-34.457709],[-58.614804,-34.45753]]]}},{"type":"Feature","properties":{"partida":"057029025","cca":"057020P00000000000000000000000890000012000","tipo":"Urbano","sup_m2":340.8},"geometry":{"type":"Polygon","coordinates":[[[-58.614827,-34.45764],[-58.614745,-34.457562],[-58.614478,-34.457709],[-58.614546,-34.457793],[-58.614827,-34.45764]]]}},{"type":"Feature","properties":{"partida":"057029030","cca":"057020P00000000000000000000000890000013000","tipo":"Urbano","sup_m2":273.4},"geometry":{"type":"Polygon","coordinates":[[[-58.614816,-34.457795],[-58.614717,-34.4577],[-58.614546,-34.457793],[-58.61463,-34.457898],[-58.614816,-34.457795]]]}},{"type":"Feature","properties":{"partida":"057059594","cca":"057020P00000000000000000000000890000014000","tipo":"Urbano","sup_m2":310.9},"geometry":{"type":"Polygon","coordinates":[[[-58.614816,-34.457795],[-58.61463,-34.457898],[-58.614702,-34.457987],[-58.614765,-34.457993],[-58.614914,-34.45789],[-58.614816,-34.457795]]]}},{"type":"Feature","properties":{"partida":"057059595","cca":"057020P00000000000000000000000890000015000","tipo":"Urbano","sup_m2":326.1},"geometry":{"type":"Polygon","coordinates":[[[-58.614717,-34.4577],[-58.614914,-34.45789],[-58.615015,-34.457821],[-58.614827,-34.45764],[-58.614717,-34.4577]]]}},{"type":"Feature","properties":{"partida":"057029022","cca":"057020P00000000000000000000000890000016000","tipo":"Urbano","sup_m2":454.0},"geometry":{"type":"Polygon","coordinates":[[[-58.614745,-34.457562],[-58.615015,-34.457821],[-58.615116,-34.457752],[-58.614858,-34.4575],[-58.614745,-34.457562]]]}},{"type":"Feature","properties":{"partida":"057041285","cca":"057020P00000000000000000000000890000017000","tipo":"Urbano","sup_m2":279.0},"geometry":{"type":"Polygon","coordinates":[[[-58.615046,-34.457526],[-58.614942,-34.457582],[-58.615116,-34.457752],[-58.615216,-34.457683],[-58.615046,-34.457526]]]}},{"type":"Feature","properties":{"partida":"057041286","cca":"057020P00000000000000000000000890000018000","tipo":"Urbano","sup_m2":302.7},"geometry":{"type":"Polygon","coordinates":[[[-58.615046,-34.457526],[-58.615216,-34.457683],[-58.61528,-34.457639],[-58.615297,-34.457587],[-58.615186,-34.457449],[-58.615046,-34.457526]]]}},{"type":"Feature","properties":{"partida":"057029028","cca":"057020P00000000000000000000000890000019000","tipo":"Urbano","sup_m2":328.8},"geometry":{"type":"Polygon","coordinates":[[[-58.615114,-34.457359],[-58.614858,-34.4575],[-58.614942,-34.457582],[-58.615186,-34.457449],[-58.615114,-34.457359]]]}},{"type":"Feature","properties":{"partida":"057024071","cca":"057020P00000000000000000000000890000020000","tipo":"Urbano","sup_m2":386.6},"geometry":{"type":"Polygon","coordinates":[[[-58.614735,-34.457444],[-58.614804,-34.45753],[-58.615114,-34.457359],[-58.615046,-34.457275],[-58.614735,-34.457444]]]}},{"type":"Feature","properties":{"partida":"057041280","cca":"057020P00000000000000000000000890000021000","tipo":"Urbano","sup_m2":392.1},"geometry":{"type":"Polygon","coordinates":[[[-58.614666,-34.457359],[-58.614735,-34.457444],[-58.615046,-34.457275],[-58.614977,-34.45719],[-58.614666,-34.457359]]]}},{"type":"Feature","properties":{"partida":"057029029","cca":"057020P00000000000000000000000890000022000","tipo":"Urbano","sup_m2":407.0},"geometry":{"type":"Polygon","coordinates":[[[-58.614977,-34.45719],[-58.614906,-34.457101],[-58.614593,-34.457268],[-58.614666,-34.457359],[-58.614977,-34.45719]]]}},{"type":"Feature","properties":{"partida":"057100570","cca":"057020P00000000000000000000000890000023000","tipo":"Urbano","sup_m2":418.9},"geometry":{"type":"Polygon","coordinates":[[[-58.614831,-34.457009],[-58.614519,-34.457177],[-58.614593,-34.457268],[-58.614906,-34.457101],[-58.614831,-34.457009]]]}},{"type":"Feature","properties":{"partida":"057029024","cca":"057020P00000000000000000000000890000024000","tipo":"Urbano","sup_m2":399.8},"geometry":{"type":"Polygon","coordinates":[[[-58.614761,-34.456922],[-58.614448,-34.457089],[-58.614519,-34.457177],[-58.614831,-34.457009],[-58.614761,-34.456922]]]}},{"type":"Feature","properties":{"partida":"057029026","cca":"057020P00000000000000000000000890000025000","tipo":"Urbano","sup_m2":447.9},"geometry":{"type":"Polygon","coordinates":[[[-58.614682,-34.456824],[-58.61437,-34.45699],[-58.614448,-34.457089],[-58.614761,-34.456922],[-58.614682,-34.456824]]]}},{"type":"Feature","properties":{"partida":"057029031","cca":"057020P00000000000000000000000890000026000","tipo":"Urbano","sup_m2":274.5},"geometry":{"type":"Polygon","coordinates":[[[-58.614415,-34.45683],[-58.614475,-34.456934],[-58.614682,-34.456824],[-58.614605,-34.456729],[-58.614415,-34.45683]]]}},{"type":"Feature","properties":{"partida":"057021213","cca":"057020P00000000000000000000000900000001000","tipo":"Urbano","sup_m2":497.2},"geometry":{"type":"Polygon","coordinates":[[[-58.617042,-34.453642],[-58.616863,-34.453605],[-58.616834,-34.453627],[-58.616795,-34.453867],[-58.61696,-34.453886],[-58.617042,-34.453642]]]}},{"type":"Feature","properties":{"partida":"057059615","cca":"057020P00000000000000000000000900000002000","tipo":"Urbano","sup_m2":307.0},"geometry":{"type":"Polygon","coordinates":[[[-58.617053,-34.454003],[-58.617089,-34.453901],[-58.616795,-34.453867],[-58.616778,-34.453971],[-58.617053,-34.454003]]]}},{"type":"Feature","properties":{"partida":"057059616","cca":"057020P00000000000000000000000900000003000","tipo":"Urbano","sup_m2":416.6},"geometry":{"type":"Polygon","coordinates":[[[-58.617145,-34.454013],[-58.616778,-34.453971],[-58.61676,-34.454081],[-58.617128,-34.454122],[-58.617145,-34.454013]]]}},{"type":"Feature","properties":{"partida":"057059617","cca":"057020P00000000000000000000000900000004000","tipo":"Urbano","sup_m2":564.0},"geometry":{"type":"Polygon","coordinates":[[[-58.617128,-34.454122],[-58.61676,-34.454081],[-58.616733,-34.454247],[-58.617109,-34.45425],[-58.617128,-34.454122]]]}},{"type":"Feature","properties":{"partida":"057059618","cca":"057020P0000000000000000000000090000000500A","tipo":"Urbano","sup_m2":283.8},"geometry":{"type":"Polygon","coordinates":[[[-58.617112,-34.454316],[-58.617109,-34.45425],[-58.616733,-34.454247],[-58.616743,-34.454331],[-58.617112,-34.454316]]]}},{"type":"Feature","properties":{"partida":"057095737","cca":"057020P0000000000000000000000090000000500B","tipo":"Urbano","sup_m2":257.2},"geometry":{"type":"Polygon","coordinates":[[[-58.617112,-34.454316],[-58.616743,-34.454331],[-58.616752,-34.454406],[-58.617117,-34.454376],[-58.617112,-34.454316]]]}},{"type":"Feature","properties":{"partida":"057059619","cca":"057020P00000000000000000000000900000006000","tipo":"Urbano","sup_m2":401.0},"geometry":{"type":"Polygon","coordinates":[[[-58.616765,-34.454513],[-58.617126,-34.454484],[-58.617117,-34.454376],[-58.616752,-34.454406],[-58.616765,-34.454513]]]}},{"type":"Feature","properties":{"partida":"057059620","cca":"057020P00000000000000000000000900000007000","tipo":"Urbano","sup_m2":349.6},"geometry":{"type":"Polygon","coordinates":[[[-58.617096,-34.454596],[-58.617068,-34.454489],[-58.616765,-34.454513],[-58.616778,-34.454624],[-58.617096,-34.454596]]]}},{"type":"Feature","properties":{"partida":"057059621","cca":"057020P00000000000000000000000900000008000","tipo":"Urbano","sup_m2":317.6},"geometry":{"type":"Polygon","coordinates":[[[-58.616778,-34.454624],[-58.616799,-34.454788],[-58.616833,-34.454811],[-58.616983,-34.454784],[-58.616933,-34.45461],[-58.616778,-34.454624]]]}},{"type":"Feature","properties":{"partida":"057059622","cca":"057020P00000000000000000000000900000009000","tipo":"Urbano","sup_m2":283.1},"geometry":{"type":"Polygon","coordinates":[[[-58.617096,-34.454596],[-58.616933,-34.45461],[-58.616983,-34.454784],[-58.61714,-34.454756],[-58.617096,-34.454596]]]}},{"type":"Feature","properties":{"partida":"057028204","cca":"057020P00000000000000000000000900000010000","tipo":"Urbano","sup_m2":353.2},"geometry":{"type":"Polygon","coordinates":[[[-58.617198,-34.454479],[-58.617068,-34.454489],[-58.61714,-34.454756],[-58.617266,-34.454733],[-58.617198,-34.454479]]]}},{"type":"Feature","properties":{"partida":"057059625","cca":"057020P00000000000000000000000900000011000","tipo":"Urbano","sup_m2":336.7},"geometry":{"type":"Polygon","coordinates":[[[-58.617327,-34.454468],[-58.617198,-34.454479],[-58.617266,-34.454733],[-58.617394,-34.45471],[-58.617327,-34.454468]]]}},{"type":"Feature","properties":{"partida":"057059626","cca":"057020P00000000000000000000000900000012000","tipo":"Urbano","sup_m2":422.5},"geometry":{"type":"Polygon","coordinates":[[[-58.617394,-34.45471],[-58.617509,-34.45469],[-58.617544,-34.454647],[-58.61752,-34.454453],[-58.617327,-34.454468],[-58.617394,-34.45471]]]}},{"type":"Feature","properties":{"partida":"057059627","cca":"057020P00000000000000000000000900000013000","tipo":"Urbano","sup_m2":435.8},"geometry":{"type":"Polygon","coordinates":[[[-58.617126,-34.454484],[-58.61752,-34.454453],[-58.617507,-34.454345],[-58.617117,-34.454376],[-58.617126,-34.454484]]]}},{"type":"Feature","properties":{"partida":"057059628","cca":"057020P00000000000000000000000900000014000","tipo":"Urbano","sup_m2":436.5},"geometry":{"type":"Polygon","coordinates":[[[-58.617496,-34.454252],[-58.617109,-34.45425],[-58.617117,-34.454376],[-58.617507,-34.454345],[-58.617496,-34.454252]]]}},{"type":"Feature","properties":{"partida":"057059629","cca":"057020P00000000000000000000000900000015000","tipo":"Urbano","sup_m2":428.7},"geometry":{"type":"Polygon","coordinates":[[[-58.617128,-34.454122],[-58.617109,-34.45425],[-58.617496,-34.454252],[-58.617512,-34.454164],[-58.617128,-34.454122]]]}},{"type":"Feature","properties":{"partida":"057059630","cca":"057020P00000000000000000000000900000016000","tipo":"Urbano","sup_m2":430.0},"geometry":{"type":"Polygon","coordinates":[[[-58.617531,-34.454058],[-58.617145,-34.454013],[-58.617128,-34.454122],[-58.617512,-34.454164],[-58.617531,-34.454058]]]}},{"type":"Feature","properties":{"partida":"057059631","cca":"057020P00000000000000000000000900000017000","tipo":"Urbano","sup_m2":365.6},"geometry":{"type":"Polygon","coordinates":[[[-58.617223,-34.453914],[-58.617189,-34.454018],[-58.617531,-34.454058],[-58.61755,-34.453954],[-58.617223,-34.453914]]]}},{"type":"Feature","properties":{"partida":"057059632","cca":"057020P00000000000000000000000900000018000","tipo":"Urbano","sup_m2":390.2},"geometry":{"type":"Polygon","coordinates":[[[-58.61755,-34.453954],[-58.617578,-34.453793],[-58.617549,-34.453747],[-58.617418,-34.45372],[-58.61735,-34.453929],[-58.61755,-34.453954]]]}},{"type":"Feature","properties":{"partida":"057059633","cca":"057020P00000000000000000000000900000019000","tipo":"Urbano","sup_m2":290.4},"geometry":{"type":"Polygon","coordinates":[[[-58.617223,-34.453914],[-58.61735,-34.453929],[-58.617418,-34.45372],[-58.617293,-34.453694],[-58.617223,-34.453914]]]}},{"type":"Feature","properties":{"partida":"057059623","cca":"057020P00000000000000000000000900000020000","tipo":"Urbano","sup_m2":456.6},"geometry":{"type":"Polygon","coordinates":[[[-58.617053,-34.454003],[-58.617189,-34.454018],[-58.617293,-34.453694],[-58.61717,-34.453669],[-58.617053,-34.454003]]]}},{"type":"Feature","properties":{"partida":"057059624","cca":"057020P00000000000000000000000900000021000","tipo":"Urbano","sup_m2":330.3},"geometry":{"type":"Polygon","coordinates":[[[-58.617042,-34.453642],[-58.61696,-34.453886],[-58.617089,-34.453901],[-58.61717,-34.453669],[-58.617042,-34.453642]]]}},{"type":"Feature","properties":{"partida":"057028973","cca":"057020P00000000000000000000000910000001000","tipo":"Urbano","sup_m2":266.3},"geometry":{"type":"Polygon","coordinates":[[[-58.616939,-34.455847],[-58.617075,-34.45577],[-58.616984,-34.455655],[-58.616939,-34.45564],[-58.616841,-34.455686],[-58.616939,-34.455847]]]}},{"type":"Feature","properties":{"partida":"057028974","cca":"057020P00000000000000000000000910000002000","tipo":"Urbano","sup_m2":259.5},"geometry":{"type":"Polygon","coordinates":[[[-58.616828,-34.455909],[-58.616939,-34.455847],[-58.616841,-34.455686],[-58.616718,-34.455736],[-58.616828,-34.455909]]]}},{"type":"Feature","properties":{"partida":"057028975","cca":"057020P00000000000000000000000910000003000","tipo":"Urbano","sup_m2":409.4},"geometry":{"type":"Polygon","coordinates":[[[-58.61689,-34.456005],[-58.616718,-34.455736],[-58.616604,-34.455783],[-58.616781,-34.456066],[-58.61689,-34.456005]]]}},{"type":"Feature","properties":{"partida":"057028976","cca":"057020P00000000000000000000000910000004000","tipo":"Urbano","sup_m2":433.2},"geometry":{"type":"Polygon","coordinates":[[[-58.616672,-34.456127],[-58.616781,-34.456066],[-58.616604,-34.455783],[-58.616488,-34.455831],[-58.616672,-34.456127]]]}},{"type":"Feature","properties":{"partida":"057028977","cca":"057020P0000000000000000000000091000000500A","tipo":"Urbano","sup_m2":910.0},"geometry":{"type":"Polygon","coordinates":[[[-58.616459,-34.456245],[-58.616672,-34.456127],[-58.616488,-34.455831],[-58.616255,-34.455927],[-58.616459,-34.456245]]]}},{"type":"Feature","properties":{"partida":"057041279","cca":"057020P00000000000000000000000910000007000","tipo":"Urbano","sup_m2":485.2},"geometry":{"type":"Polygon","coordinates":[[[-58.616349,-34.456307],[-58.616459,-34.456245],[-58.616255,-34.455927],[-58.616141,-34.455974],[-58.616349,-34.456307]]]}},{"type":"Feature","properties":{"partida":"057024043","cca":"057020P00000000000000000000000910000008000","tipo":"Urbano","sup_m2":512.8},"geometry":{"type":"Polygon","coordinates":[[[-58.61624,-34.456368],[-58.616349,-34.456307],[-58.616141,-34.455974],[-58.616023,-34.456023],[-58.61624,-34.456368]]]}},{"type":"Feature","properties":{"partida":"057024041","cca":"057020P00000000000000000000000910000009000","tipo":"Urbano","sup_m2":522.6},"geometry":{"type":"Polygon","coordinates":[[[-58.615905,-34.456071],[-58.616133,-34.456427],[-58.61624,-34.456368],[-58.616023,-34.456023],[-58.615905,-34.456071]]]}},{"type":"Feature","properties":{"partida":"057028965","cca":"057020P00000000000000000000000910000010000","tipo":"Urbano","sup_m2":391.6},"geometry":{"type":"Polygon","coordinates":[[[-58.615959,-34.456384],[-58.616067,-34.456324],[-58.615905,-34.456071],[-58.615787,-34.45612],[-58.615959,-34.456384]]]}},{"type":"Feature","properties":{"partida":"057024044","cca":"057020P00000000000000000000000910000011000","tipo":"Urbano","sup_m2":304.3},"geometry":{"type":"Polygon","coordinates":[[[-58.615772,-34.456357],[-58.615896,-34.456288],[-58.615787,-34.45612],[-58.615651,-34.456176],[-58.615772,-34.456357]]]}},{"type":"Feature","properties":{"partida":"057028967","cca":"057020P0000000000000000000000091000001200A","tipo":"Urbano","sup_m2":195.9},"geometry":{"type":"Polygon","coordinates":[[[-58.615651,-34.456176],[-58.61554,-34.456222],[-58.615524,-34.456269],[-58.615584,-34.45634],[-58.615724,-34.456285],[-58.615651,-34.456176]]]}},{"type":"Feature","properties":{"partida":"057095212","cca":"057020P0000000000000000000000091000001200B","tipo":"Urbano","sup_m2":138.4},"geometry":{"type":"Polygon","coordinates":[[[-58.615772,-34.456357],[-58.615724,-34.456285],[-58.615584,-34.45634],[-58.615653,-34.456423],[-58.615772,-34.456357]]]}},{"type":"Feature","properties":{"partida":"057028969","cca":"057020P00000000000000000000000910000013000","tipo":"Urbano","sup_m2":319.4},"geometry":{"type":"Polygon","coordinates":[[[-58.615896,-34.456288],[-58.615653,-34.456423],[-58.615729,-34.456514],[-58.615959,-34.456384],[-58.615896,-34.456288]]]}},{"type":"Feature","properties":{"partida":"057028979","cca":"057020P00000000000000000000000910000014000","tipo":"Urbano","sup_m2":472.1},"geometry":{"type":"Polygon","coordinates":[[[-58.615808,-34.456608],[-58.616133,-34.456427],[-58.616067,-34.456324],[-58.615729,-34.456514],[-58.615808,-34.456608]]]}},{"type":"Feature","properties":{"partida":"057028980","cca":"057020P00000000000000000000000910000015000","tipo":"Urbano","sup_m2":403.7},"geometry":{"type":"Polygon","coordinates":[[[-58.61621,-34.456504],[-58.616133,-34.456427],[-58.615808,-34.456608],[-58.615876,-34.45669],[-58.61621,-34.456504]]]}},{"type":"Feature","properties":{"partida":"057030387","cca":"057020P00000000000000000000000910000016000","tipo":"Urbano","sup_m2":303.9},"geometry":{"type":"Polygon","coordinates":[[[-58.616188,-34.456645],[-58.616104,-34.456564],[-58.615876,-34.45669],[-58.61595,-34.456778],[-58.616188,-34.456645]]]}},{"type":"Feature","properties":{"partida":"057041277","cca":"057020P00000000000000000000000910000017000","tipo":"Urbano","sup_m2":328.5},"geometry":{"type":"Polygon","coordinates":[[[-58.616025,-34.456868],[-58.616274,-34.456729],[-58.616188,-34.456645],[-58.61595,-34.456778],[-58.616025,-34.456868]]]}},{"type":"Feature","properties":{"partida":"057028978","cca":"057020P00000000000000000000000910000018000","tipo":"Urbano","sup_m2":256.1},"geometry":{"type":"Polygon","coordinates":[[[-58.616142,-34.456803],[-58.616025,-34.456868],[-58.616123,-34.456985],[-58.616183,-34.456991],[-58.616272,-34.456928],[-58.616142,-34.456803]]]}},{"type":"Feature","properties":{"partida":"057059639","cca":"057020P00000000000000000000000910000019000","tipo":"Urbano","sup_m2":255.9},"geometry":{"type":"Polygon","coordinates":[[[-58.616274,-34.456729],[-58.616142,-34.456803],[-58.616272,-34.456928],[-58.616393,-34.456844],[-58.616274,-34.456729]]]}},{"type":"Feature","properties":{"partida":"057024039","cca":"057020P00000000000000000000000910000020000","tipo":"Urbano","sup_m2":468.0},"geometry":{"type":"Polygon","coordinates":[[[-58.616393,-34.456844],[-58.616488,-34.456777],[-58.61621,-34.456504],[-58.616104,-34.456564],[-58.616393,-34.456844]]]}},{"type":"Feature","properties":{"partida":"057041278","cca":"057020P00000000000000000000000910000021000","tipo":"Urbano","sup_m2":593.5},"geometry":{"type":"Polygon","coordinates":[[[-58.616589,-34.456707],[-58.616245,-34.456376],[-58.61624,-34.456368],[-58.616133,-34.456427],[-58.616488,-34.456777],[-58.616589,-34.456707]]]}},{"type":"Feature","properties":{"partida":"057028966","cca":"057020P00000000000000000000000910000022000","tipo":"Urbano","sup_m2":600.3},"geometry":{"type":"Polygon","coordinates":[[[-58.616693,-34.456634],[-58.616349,-34.456307],[-58.61624,-34.456368],[-58.616245,-34.456376],[-58.616589,-34.456707],[-58.616693,-34.456634]]]}},{"type":"Feature","properties":{"partida":"057024042","cca":"057020P00000000000000000000000910000023000","tipo":"Urbano","sup_m2":573.2},"geometry":{"type":"Polygon","coordinates":[[[-58.616459,-34.456245],[-58.616349,-34.456307],[-58.616693,-34.456634],[-58.616792,-34.456565],[-58.616459,-34.456245]]]}},{"type":"Feature","properties":{"partida":"057024040","cca":"057020P00000000000000000000000910000024000","tipo":"Urbano","sup_m2":515.6},"geometry":{"type":"Polygon","coordinates":[[[-58.616557,-34.456191],[-58.616459,-34.456245],[-58.616792,-34.456565],[-58.616888,-34.456498],[-58.616557,-34.456191]]]}},{"type":"Feature","properties":{"partida":"057028970","cca":"057020P0000000000000000000000091000002500A","tipo":"Urbano","sup_m2":1074.2},"geometry":{"type":"Polygon","coordinates":[[[-58.616557,-34.456191],[-58.616888,-34.456498],[-58.617086,-34.456359],[-58.616781,-34.456066],[-58.616557,-34.456191]]]}},{"type":"Feature","properties":{"partida":"057059640","cca":"057020P00000000000000000000000910000027000","tipo":"Urbano","sup_m2":504.9},"geometry":{"type":"Polygon","coordinates":[[[-58.617186,-34.45629],[-58.61689,-34.456005],[-58.616781,-34.456066],[-58.617086,-34.456359],[-58.617186,-34.45629]]]}},{"type":"Feature","properties":{"partida":"057045156","cca":"057020P00000000000000000000000910000028000","tipo":"Urbano","sup_m2":355.5},"geometry":{"type":"Polygon","coordinates":[[[-58.616976,-34.456089],[-58.617186,-34.45629],[-58.617288,-34.456219],[-58.61709,-34.456026],[-58.616976,-34.456089]]]}},{"type":"Feature","properties":{"partida":"057028981","cca":"057020P00000000000000000000000910000029000","tipo":"Urbano","sup_m2":348.0},"geometry":{"type":"Polygon","coordinates":[[[-58.617288,-34.456219],[-58.617356,-34.456171],[-58.617365,-34.456133],[-58.617221,-34.455953],[-58.61709,-34.456026],[-58.617288,-34.456219]]]}},{"type":"Feature","properties":{"partida":"057028968","cca":"057020P00000000000000000000000910000030000","tipo":"Urbano","sup_m2":338.4},"geometry":{"type":"Polygon","coordinates":[[[-58.61689,-34.456005],[-58.616976,-34.456089],[-58.617221,-34.455953],[-58.617148,-34.455861],[-58.61689,-34.456005]]]}},{"type":"Feature","properties":{"partida":"057028972","cca":"057020P00000000000000000000000910000031000","tipo":"Urbano","sup_m2":339.1},"geometry":{"type":"Polygon","coordinates":[[[-58.61689,-34.456005],[-58.617148,-34.455861],[-58.617075,-34.45577],[-58.616828,-34.455909],[-58.61689,-34.456005]]]}},{"type":"Feature","properties":{"partida":"057032783","cca":"057020P00000000000000000000000920000001000","tipo":"Urbano","sup_m2":264.6},"geometry":{"type":"Polygon","coordinates":[[[-58.615237,-34.456471],[-58.615423,-34.456367],[-58.615374,-34.456307],[-58.615319,-34.456286],[-58.615162,-34.456351],[-58.615237,-34.456471]]]}},{"type":"Feature","properties":{"partida":"057024067","cca":"057020P00000000000000000000000920000002000","tipo":"Urbano","sup_m2":361.9},"geometry":{"type":"Polygon","coordinates":[[[-58.615206,-34.456654],[-58.615314,-34.456594],[-58.615162,-34.456351],[-58.615051,-34.456397],[-58.615206,-34.456654]]]}},{"type":"Feature","properties":{"partida":"057024063","cca":"057020P00000000000000000000000920000003000","tipo":"Urbano","sup_m2":400.7},"geometry":{"type":"Polygon","coordinates":[[[-58.615206,-34.456654],[-58.615051,-34.456397],[-58.614928,-34.456448],[-58.615097,-34.456714],[-58.615206,-34.456654]]]}},{"type":"Feature","properties":{"partida":"057024066","cca":"057020P00000000000000000000000920000004000","tipo":"Urbano","sup_m2":259.9},"geometry":{"type":"Polygon","coordinates":[[[-58.61479,-34.456505],[-58.614887,-34.456658],[-58.615017,-34.456587],[-58.614928,-34.456448],[-58.61479,-34.456505]]]}},{"type":"Feature","properties":{"partida":"057024064","cca":"057020P00000000000000000000000920000005000","tipo":"Urbano","sup_m2":246.8},"geometry":{"type":"Polygon","coordinates":[[[-58.614887,-34.456658],[-58.61479,-34.456505],[-58.61469,-34.456547],[-58.614672,-34.45658],[-58.614782,-34.456715],[-58.614887,-34.456658]]]}},{"type":"Feature","properties":{"partida":"057024057","cca":"057020P00000000000000000000000920000006000","tipo":"Urbano","sup_m2":395.1},"geometry":{"type":"Polygon","coordinates":[[[-58.614782,-34.456715],[-58.61488,-34.456834],[-58.615097,-34.456714],[-58.615017,-34.456587],[-58.614782,-34.456715]]]}},{"type":"Feature","properties":{"partida":"057030390","cca":"057020P00000000000000000000000920000007000","tipo":"Urbano","sup_m2":429.7},"geometry":{"type":"Polygon","coordinates":[[[-58.615279,-34.456744],[-58.615206,-34.456654],[-58.61488,-34.456834],[-58.614952,-34.456923],[-58.615279,-34.456744]]]}},{"type":"Feature","properties":{"partida":"057024058","cca":"057020P00000000000000000000000920000008000","tipo":"Urbano","sup_m2":440.7},"geometry":{"type":"Polygon","coordinates":[[[-58.615353,-34.456835],[-58.615279,-34.456744],[-58.614952,-34.456923],[-58.615026,-34.457014],[-58.615353,-34.456835]]]}},{"type":"Feature","properties":{"partida":"057029013","cca":"057020P00000000000000000000000920000009000","tipo":"Urbano","sup_m2":435.1},"geometry":{"type":"Polygon","coordinates":[[[-58.615426,-34.456926],[-58.615353,-34.456835],[-58.615026,-34.457014],[-58.6151,-34.457105],[-58.615426,-34.456926]]]}},{"type":"Feature","properties":{"partida":"057029014","cca":"057020P00000000000000000000000920000010000","tipo":"Urbano","sup_m2":415.6},"geometry":{"type":"Polygon","coordinates":[[[-58.61517,-34.45719],[-58.615497,-34.457013],[-58.615426,-34.456926],[-58.6151,-34.457105],[-58.61517,-34.45719]]]}},{"type":"Feature","properties":{"partida":"057029010","cca":"057020P00000000000000000000000920000011000","tipo":"Urbano","sup_m2":372.4},"geometry":{"type":"Polygon","coordinates":[[[-58.615245,-34.457282],[-58.615528,-34.457127],[-58.615442,-34.457043],[-58.61517,-34.45719],[-58.615245,-34.457282]]]}},{"type":"Feature","properties":{"partida":"057042480","cca":"057020P00000000000000000000000920000012000","tipo":"Urbano","sup_m2":285.2},"geometry":{"type":"Polygon","coordinates":[[[-58.615519,-34.457289],[-58.615414,-34.457189],[-58.615245,-34.457282],[-58.615334,-34.457391],[-58.615519,-34.457289]]]}},{"type":"Feature","properties":{"partida":"057029015","cca":"057020P00000000000000000000000920000013000","tipo":"Urbano","sup_m2":306.6},"geometry":{"type":"Polygon","coordinates":[[[-58.615334,-34.457391],[-58.615408,-34.457481],[-58.615462,-34.45749],[-58.615615,-34.457381],[-58.615519,-34.457289],[-58.615334,-34.457391]]]}},{"type":"Feature","properties":{"partida":"057029011","cca":"057020P00000000000000000000000920000014000","tipo":"Urbano","sup_m2":341.3},"geometry":{"type":"Polygon","coordinates":[[[-58.615528,-34.457127],[-58.615414,-34.457189],[-58.615615,-34.457381],[-58.615718,-34.457309],[-58.615528,-34.457127]]]}},{"type":"Feature","properties":{"partida":"057024059","cca":"057020P00000000000000000000000920000015000","tipo":"Urbano","sup_m2":460.7},"geometry":{"type":"Polygon","coordinates":[[[-58.615818,-34.457238],[-58.615552,-34.456983],[-58.615442,-34.457043],[-58.615718,-34.457309],[-58.615818,-34.457238]]]}},{"type":"Feature","properties":{"partida":"057024060","cca":"057020P00000000000000000000000920000016000","tipo":"Urbano","sup_m2":278.6},"geometry":{"type":"Polygon","coordinates":[[[-58.615741,-34.45701],[-58.615638,-34.457066],[-58.615818,-34.457238],[-58.615913,-34.457171],[-58.615741,-34.45701]]]}},{"type":"Feature","properties":{"partida":"057059669","cca":"057020P00000000000000000000000920000017000","tipo":"Urbano","sup_m2":324.4},"geometry":{"type":"Polygon","coordinates":[[[-58.615913,-34.457171],[-58.615994,-34.457114],[-58.616001,-34.457071],[-58.615886,-34.456931],[-58.615741,-34.45701],[-58.615913,-34.457171]]]}},{"type":"Feature","properties":{"partida":"057024061","cca":"057020P00000000000000000000000920000018000","tipo":"Urbano","sup_m2":333.8},"geometry":{"type":"Polygon","coordinates":[[[-58.615552,-34.456983],[-58.615638,-34.457066],[-58.615886,-34.456931],[-58.615813,-34.456842],[-58.615552,-34.456983]]]}},{"type":"Feature","properties":{"partida":"057029016","cca":"057020P00000000000000000000000920000019000","tipo":"Urbano","sup_m2":408.8},"geometry":{"type":"Polygon","coordinates":[[[-58.615497,-34.457013],[-58.615813,-34.456842],[-58.61574,-34.456753],[-58.615426,-34.456926],[-58.615497,-34.457013]]]}},{"type":"Feature","properties":{"partida":"057024062","cca":"057020P00000000000000000000000920000020000","tipo":"Urbano","sup_m2":416.6},"geometry":{"type":"Polygon","coordinates":[[[-58.615353,-34.456835],[-58.615426,-34.456926],[-58.61574,-34.456753],[-58.615666,-34.456664],[-58.615353,-34.456835]]]}},{"type":"Feature","properties":{"partida":"057059670","cca":"057020P0000000000000000000000092000002100A","tipo":"Urbano","sup_m2":837.2},"geometry":{"type":"Polygon","coordinates":[[[-58.615353,-34.456835],[-58.615666,-34.456664],[-58.615517,-34.456482],[-58.615206,-34.456654],[-58.615353,-34.456835]]]}},{"type":"Feature","properties":{"partida":"057029012","cca":"057020P00000000000000000000000920000023000","tipo":"Urbano","sup_m2":331.4},"geometry":{"type":"Polygon","coordinates":[[[-58.615237,-34.456471],[-58.615314,-34.456594],[-58.615517,-34.456482],[-58.615423,-34.456367],[-58.615237,-34.456471]]]}},{"type":"Feature","properties":{"partida":"057030381","cca":"057020P00000000000000000000000930000001000","tipo":"Urbano","sup_m2":332.0},"geometry":{"type":"Polygon","coordinates":[[[-58.61706,-34.455108],[-58.617009,-34.454918],[-58.616884,-34.45494],[-58.616845,-34.454975],[-58.61692,-34.45515],[-58.61706,-34.455108]]]}},{"type":"Feature","properties":{"partida":"057038368","cca":"057020P00000000000000000000000930000002000","tipo":"Urbano","sup_m2":330.7},"geometry":{"type":"Polygon","coordinates":[[[-58.617216,-34.455062],[-58.61692,-34.45515],[-58.616963,-34.455249],[-58.617241,-34.455168],[-58.617216,-34.455062]]]}},{"type":"Feature","properties":{"partida":"057038369","cca":"057020P00000000000000000000000930000003000","tipo":"Urbano","sup_m2":394.4},"geometry":{"type":"Polygon","coordinates":[[[-58.617306,-34.455149],[-58.616963,-34.455249],[-58.617006,-34.455349],[-58.617346,-34.455251],[-58.617306,-34.455149]]]}},{"type":"Feature","properties":{"partida":"057038370","cca":"057020P0000000000000000000000093000000400A","tipo":"Urbano","sup_m2":270.8},"geometry":{"type":"Polygon","coordinates":[[[-58.617346,-34.455251],[-58.617006,-34.455349],[-58.617039,-34.455427],[-58.617371,-34.455313],[-58.617346,-34.455251]]]}},{"type":"Feature","properties":{"partida":"057076523","cca":"057020P0000000000000000000000093000000400B","tipo":"Urbano","sup_m2":281.6},"geometry":{"type":"Polygon","coordinates":[[[-58.617396,-34.455377],[-58.617371,-34.455313],[-58.617039,-34.455427],[-58.617075,-34.455509],[-58.617396,-34.455377]]]}},{"type":"Feature","properties":{"partida":"057038367","cca":"057020P00000000000000000000000930000005000","tipo":"Urbano","sup_m2":510.9},"geometry":{"type":"Polygon","coordinates":[[[-58.617478,-34.455483],[-58.617396,-34.455377],[-58.617075,-34.455509],[-58.617177,-34.45564],[-58.617478,-34.455483]]]}},{"type":"Feature","properties":{"partida":"057038371","cca":"057020P00000000000000000000000930000006000","tipo":"Urbano","sup_m2":402.8},"geometry":{"type":"Polygon","coordinates":[[[-58.61755,-34.455577],[-58.617478,-34.455483],[-58.617177,-34.45564],[-58.61725,-34.455733],[-58.61755,-34.455577]]]}},{"type":"Feature","properties":{"partida":"057038372","cca":"057020P00000000000000000000000930000007000","tipo":"Urbano","sup_m2":301.3},"geometry":{"type":"Polygon","coordinates":[[[-58.61732,-34.455822],[-58.617562,-34.455696],[-58.61748,-34.455614],[-58.61725,-34.455733],[-58.61732,-34.455822]]]}},{"type":"Feature","properties":{"partida":"057028941","cca":"057020P00000000000000000000000930000008000","tipo":"Urbano","sup_m2":467.2},"geometry":{"type":"Polygon","coordinates":[[[-58.617454,-34.455752],[-58.61732,-34.455822],[-58.61748,-34.456027],[-58.617536,-34.456029],[-58.617648,-34.455951],[-58.617454,-34.455752]]]}},{"type":"Feature","properties":{"partida":"057038373","cca":"057020P00000000000000000000000930000009000","tipo":"Urbano","sup_m2":321.1},"geometry":{"type":"Polygon","coordinates":[[[-58.617562,-34.455696],[-58.617454,-34.455752],[-58.617648,-34.455951],[-58.617746,-34.455883],[-58.617562,-34.455696]]]}},{"type":"Feature","properties":{"partida":"057024018","cca":"057020P00000000000000000000000930000010000","tipo":"Urbano","sup_m2":468.4},"geometry":{"type":"Polygon","coordinates":[[[-58.617595,-34.455553],[-58.61748,-34.455614],[-58.617746,-34.455883],[-58.61785,-34.455812],[-58.617595,-34.455553]]]}},{"type":"Feature","properties":{"partida":"057028940","cca":"057020P00000000000000000000000930000011000","tipo":"Urbano","sup_m2":303.0},"geometry":{"type":"Polygon","coordinates":[[[-58.617791,-34.455576],[-58.617676,-34.455636],[-58.61785,-34.455812],[-58.617954,-34.45574],[-58.617791,-34.455576]]]}},{"type":"Feature","properties":{"partida":"057059672","cca":"057020P00000000000000000000000930000012000","tipo":"Urbano","sup_m2":369.3},"geometry":{"type":"Polygon","coordinates":[[[-58.617954,-34.45574],[-58.618059,-34.455667],[-58.618068,-34.455636],[-58.617958,-34.455489],[-58.617791,-34.455576],[-58.617954,-34.45574]]]}},{"type":"Feature","properties":{"partida":"057024016","cca":"057020P00000000000000000000000930000013000","tipo":"Urbano","sup_m2":367.8},"geometry":{"type":"Polygon","coordinates":[[[-58.617595,-34.455553],[-58.617676,-34.455636],[-58.617958,-34.455489],[-58.617891,-34.455399],[-58.617595,-34.455553]]]}},{"type":"Feature","properties":{"partida":"057028942","cca":"057020P00000000000000000000000930000014000","tipo":"Urbano","sup_m2":457.8},"geometry":{"type":"Polygon","coordinates":[[[-58.617478,-34.455483],[-58.61755,-34.455577],[-58.617891,-34.455399],[-58.61782,-34.455304],[-58.617478,-34.455483]]]}},{"type":"Feature","properties":{"partida":"057024017","cca":"057020P00000000000000000000000930000015000","tipo":"Urbano","sup_m2":448.7},"geometry":{"type":"Polygon","coordinates":[[[-58.617396,-34.455377],[-58.617478,-34.455483],[-58.61782,-34.455304],[-58.617763,-34.455227],[-58.617396,-34.455377]]]}},{"type":"Feature","properties":{"partida":"057028943","cca":"057020P0000000000000000000000093000001600A","tipo":"Urbano","sup_m2":898.2},"geometry":{"type":"Polygon","coordinates":[[[-58.617306,-34.455149],[-58.617396,-34.455377],[-58.617763,-34.455227],[-58.617681,-34.45504],[-58.617306,-34.455149]]]}},{"type":"Feature","properties":{"partida":"057032776","cca":"057020P00000000000000000000000930000018000","tipo":"Urbano","sup_m2":434.6},"geometry":{"type":"Polygon","coordinates":[[[-58.617681,-34.45504],[-58.617595,-34.454842],[-58.617549,-34.454823],[-58.617432,-34.454843],[-58.617496,-34.455094],[-58.617681,-34.45504]]]}},{"type":"Feature","properties":{"partida":"057059676","cca":"057020P00000000000000000000000930000019000","tipo":"Urbano","sup_m2":356.9},"geometry":{"type":"Polygon","coordinates":[[[-58.617367,-34.455131],[-58.617496,-34.455094],[-58.617432,-34.454843],[-58.617304,-34.454866],[-58.617367,-34.455131]]]}},{"type":"Feature","properties":{"partida":"057059677","cca":"057020P00000000000000000000000930000020000","tipo":"Urbano","sup_m2":374.8},"geometry":{"type":"Polygon","coordinates":[[[-58.617173,-34.454889],[-58.617241,-34.455168],[-58.617367,-34.455131],[-58.617304,-34.454866],[-58.617173,-34.454889]]]}},{"type":"Feature","properties":{"partida":"057038374","cca":"057020P00000000000000000000000930000021000","tipo":"Urbano","sup_m2":313.9},"geometry":{"type":"Polygon","coordinates":[[[-58.617216,-34.455062],[-58.617173,-34.454889],[-58.617009,-34.454918],[-58.61706,-34.455108],[-58.617216,-34.455062]]]}},{"type":"Feature","properties":{"partida":"057020935","cca":"057020P00000000000000000000000940000001000","tipo":"Urbano","sup_m2":401.9},"geometry":{"type":"Polygon","coordinates":[[[-58.617924,-34.453839],[-58.617752,-34.453803],[-58.617719,-34.453821],[-58.61769,-34.454013],[-58.617862,-34.454033],[-58.617924,-34.453839]]]}},{"type":"Feature","properties":{"partida":"057059690","cca":"057020P00000000000000000000000940000002000","tipo":"Urbano","sup_m2":348.1},"geometry":{"type":"Polygon","coordinates":[[[-58.618014,-34.45405],[-58.61769,-34.454013],[-58.617674,-34.45412],[-58.617983,-34.454154],[-58.618014,-34.45405]]]}},{"type":"Feature","properties":{"partida":"057059691","cca":"057020P00000000000000000000000940000003000","tipo":"Urbano","sup_m2":375.2},"geometry":{"type":"Polygon","coordinates":[[[-58.617953,-34.454259],[-58.617983,-34.454154],[-58.617674,-34.45412],[-58.617655,-34.454254],[-58.617953,-34.454259]]]}},{"type":"Feature","properties":{"partida":"057059692","cca":"057020P00000000000000000000000940000004000","tipo":"Urbano","sup_m2":367.9},"geometry":{"type":"Polygon","coordinates":[[[-58.617671,-34.454389],[-58.617979,-34.454359],[-58.617953,-34.454259],[-58.617655,-34.454254],[-58.617671,-34.454389]]]}},{"type":"Feature","properties":{"partida":"057059693","cca":"057020P00000000000000000000000940000005000","tipo":"Urbano","sup_m2":353.1},"geometry":{"type":"Polygon","coordinates":[[[-58.618008,-34.454469],[-58.617979,-34.454359],[-58.617671,-34.454389],[-58.617685,-34.454495],[-58.618008,-34.454469]]]}},{"type":"Feature","properties":{"partida":"057059694","cca":"057020P00000000000000000000000940000006000","tipo":"Urbano","sup_m2":463.6},"geometry":{"type":"Polygon","coordinates":[[[-58.617685,-34.454495],[-58.617701,-34.454613],[-58.61774,-34.454644],[-58.61804,-34.454588],[-58.618008,-34.454469],[-58.617685,-34.454495]]]}},{"type":"Feature","properties":{"partida":"057027919","cca":"057020P00000000000000000000000940000007000","tipo":"Urbano","sup_m2":430.9},"geometry":{"type":"Polygon","coordinates":[[[-58.61817,-34.454563],[-58.618085,-34.454261],[-58.617953,-34.454259],[-58.61804,-34.454588],[-58.61817,-34.454563]]]}},{"type":"Feature","properties":{"partida":"057059698","cca":"057020P00000000000000000000000940000008000","tipo":"Urbano","sup_m2":399.4},"geometry":{"type":"Polygon","coordinates":[[[-58.618222,-34.454264],[-58.618085,-34.454261],[-58.61817,-34.454563],[-58.618298,-34.454539],[-58.618222,-34.454264]]]}},{"type":"Feature","properties":{"partida":"057059699","cca":"057020P00000000000000000000000940000009000","tipo":"Urbano","sup_m2":357.3},"geometry":{"type":"Polygon","coordinates":[[[-58.618356,-34.454266],[-58.618222,-34.454264],[-58.618298,-34.454539],[-58.618425,-34.454516],[-58.618356,-34.454266]]]}},{"type":"Feature","properties":{"partida":"057059700","cca":"057020P00000000000000000000000940000010000","tipo":"Urbano","sup_m2":333.0},"geometry":{"type":"Polygon","coordinates":[[[-58.618356,-34.454266],[-58.618425,-34.454516],[-58.618563,-34.45449],[-58.618488,-34.454268],[-58.618356,-34.454266]]]}},{"type":"Feature","properties":{"partida":"057059701","cca":"057020P00000000000000000000000940000011000","tipo":"Urbano","sup_m2":292.4},"geometry":{"type":"Polygon","coordinates":[[[-58.618628,-34.45427],[-58.618488,-34.454268],[-58.618563,-34.45449],[-58.618689,-34.454466],[-58.618628,-34.45427]]]}},{"type":"Feature","properties":{"partida":"057059702","cca":"057020P00000000000000000000000940000012000","tipo":"Urbano","sup_m2":247.1},"geometry":{"type":"Polygon","coordinates":[[[-58.618628,-34.45427],[-58.618689,-34.454466],[-58.618765,-34.454452],[-58.61879,-34.454426],[-58.618789,-34.454273],[-58.618628,-34.45427]]]}},{"type":"Feature","properties":{"partida":"057059703","cca":"057020P00000000000000000000000940000013000","tipo":"Urbano","sup_m2":322.2},"geometry":{"type":"Polygon","coordinates":[[[-58.618488,-34.454268],[-58.618789,-34.454273],[-58.618789,-34.454162],[-58.618525,-34.454156],[-58.618488,-34.454268]]]}},{"type":"Feature","properties":{"partida":"057059704","cca":"057020P00000000000000000000000940000014000","tipo":"Urbano","sup_m2":379.4},"geometry":{"type":"Polygon","coordinates":[[[-58.618789,-34.454162],[-58.618788,-34.454046],[-58.618761,-34.454018],[-58.618583,-34.45398],[-58.618525,-34.454156],[-58.618789,-34.454162]]]}},{"type":"Feature","properties":{"partida":"057059705","cca":"057020P00000000000000000000000940000015000","tipo":"Urbano","sup_m2":408.7},"geometry":{"type":"Polygon","coordinates":[[[-58.618458,-34.453953],[-58.618355,-34.454265],[-58.618356,-34.454266],[-58.618488,-34.454268],[-58.618583,-34.45398],[-58.618458,-34.453953]]]}},{"type":"Feature","properties":{"partida":"057059695","cca":"057020P0000000000000000000000094000001600A","tipo":"Urbano","sup_m2":940.4},"geometry":{"type":"Polygon","coordinates":[[[-58.618356,-34.454266],[-58.618458,-34.453953],[-58.618201,-34.453899],[-58.618085,-34.454261],[-58.618356,-34.454266]]]}},{"type":"Feature","properties":{"partida":"057059696","cca":"057020P00000000000000000000000940000018000","tipo":"Urbano","sup_m2":530.1},"geometry":{"type":"Polygon","coordinates":[[[-58.618067,-34.45387],[-58.617953,-34.454259],[-58.618085,-34.454261],[-58.618201,-34.453899],[-58.618067,-34.45387]]]}},{"type":"Feature","properties":{"partida":"057059697","cca":"057020P00000000000000000000000940000019000","tipo":"Urbano","sup_m2":294.6},"geometry":{"type":"Polygon","coordinates":[[[-58.617924,-34.453839],[-58.617862,-34.454033],[-58.618014,-34.45405],[-58.618067,-34.45387],[-58.617924,-34.453839]]]}},{"type":"Feature","properties":{"partida":"057033833","cca":"057020P00000000000000000000000950000001000","tipo":"Urbano","sup_m2":468.5},"geometry":{"type":"Polygon","coordinates":[[[-58.618073,-34.454727],[-58.61778,-34.454784],[-58.617751,-34.454819],[-58.617807,-34.45494],[-58.618107,-34.454847],[-58.618073,-34.454727]]]}},{"type":"Feature","properties":{"partida":"057033834","cca":"057020P00000000000000000000000950000002000","tipo":"Urbano","sup_m2":346.2},"geometry":{"type":"Polygon","coordinates":[[[-58.618139,-34.454956],[-58.618107,-34.454847],[-58.617807,-34.45494],[-58.617853,-34.455039],[-58.618139,-34.454956]]]}},{"type":"Feature","properties":{"partida":"057024011","cca":"057020P00000000000000000000000950000003000","tipo":"Urbano","sup_m2":373.8},"geometry":{"type":"Polygon","coordinates":[[[-58.618169,-34.455062],[-58.618139,-34.454956],[-58.617853,-34.455039],[-58.617915,-34.455173],[-58.618169,-34.455062]]]}},{"type":"Feature","properties":{"partida":"057024014","cca":"057020P00000000000000000000000950000004000","tipo":"Urbano","sup_m2":348.7},"geometry":{"type":"Polygon","coordinates":[[[-58.618251,-34.455142],[-58.618169,-34.455062],[-58.617915,-34.455173],[-58.618002,-34.45528],[-58.618251,-34.455142]]]}},{"type":"Feature","properties":{"partida":"057059729","cca":"057020P00000000000000000000000950000005000","tipo":"Urbano","sup_m2":339.2},"geometry":{"type":"Polygon","coordinates":[[[-58.618337,-34.455225],[-58.618251,-34.455142],[-58.618002,-34.45528],[-58.618075,-34.45537],[-58.618337,-34.455225]]]}},{"type":"Feature","properties":{"partida":"057024008","cca":"057020P00000000000000000000000950000006000","tipo":"Urbano","sup_m2":390.9},"geometry":{"type":"Polygon","coordinates":[[[-58.618376,-34.455454],[-58.61821,-34.455295],[-58.618075,-34.45537],[-58.618209,-34.455534],[-58.618256,-34.45554],[-58.618376,-34.455454]]]}},{"type":"Feature","properties":{"partida":"057024009","cca":"057020P00000000000000000000000950000007000","tipo":"Urbano","sup_m2":313.7},"geometry":{"type":"Polygon","coordinates":[[[-58.61821,-34.455295],[-58.618376,-34.455454],[-58.618491,-34.455372],[-58.618337,-34.455225],[-58.61821,-34.455295]]]}},{"type":"Feature","properties":{"partida":"057024012","cca":"057020P00000000000000000000000950000008000","tipo":"Urbano","sup_m2":541.3},"geometry":{"type":"Polygon","coordinates":[[[-58.618594,-34.455299],[-58.618288,-34.455009],[-58.618169,-34.455062],[-58.618491,-34.455372],[-58.618594,-34.455299]]]}},{"type":"Feature","properties":{"partida":"057028936","cca":"057020P00000000000000000000000950000009000","tipo":"Urbano","sup_m2":476.6},"geometry":{"type":"Polygon","coordinates":[[[-58.618688,-34.455231],[-58.618406,-34.454963],[-58.618405,-34.454959],[-58.618288,-34.455009],[-58.618594,-34.455299],[-58.618688,-34.455231]]]}},{"type":"Feature","properties":{"partida":"057028938","cca":"057020P00000000000000000000000950000010000","tipo":"Urbano","sup_m2":477.0},"geometry":{"type":"Polygon","coordinates":[[[-58.618527,-34.454905],[-58.618405,-34.454959],[-58.618406,-34.454963],[-58.618688,-34.455231],[-58.61879,-34.455158],[-58.618527,-34.454905]]]}},{"type":"Feature","properties":{"partida":"057028937","cca":"057020P00000000000000000000000950000011000","tipo":"Urbano","sup_m2":432.5},"geometry":{"type":"Polygon","coordinates":[[[-58.618891,-34.455087],[-58.618647,-34.454858],[-58.618646,-34.454853],[-58.618527,-34.454905],[-58.61879,-34.455158],[-58.618891,-34.455087]]]}},{"type":"Feature","properties":{"partida":"057024010","cca":"057020P00000000000000000000000950000012000","tipo":"Urbano","sup_m2":407.0},"geometry":{"type":"Polygon","coordinates":[[[-58.618891,-34.455087],[-58.61903,-34.454987],[-58.619038,-34.454944],[-58.618972,-34.454839],[-58.618738,-34.454943],[-58.618891,-34.455087]]]}},{"type":"Feature","properties":{"partida":"057059730","cca":"057020P00000000000000000000000950000013000","tipo":"Urbano","sup_m2":329.1},"geometry":{"type":"Polygon","coordinates":[[[-58.618646,-34.454853],[-58.618647,-34.454858],[-58.618738,-34.454943],[-58.618972,-34.454839],[-58.618909,-34.454738],[-58.618646,-34.454853]]]}},{"type":"Feature","properties":{"partida":"057059731","cca":"057020P00000000000000000000000950000014000","tipo":"Urbano","sup_m2":251.2},"geometry":{"type":"Polygon","coordinates":[[[-58.618711,-34.454605],[-58.618763,-34.454802],[-58.618909,-34.454738],[-58.618825,-34.454605],[-58.618795,-34.454589],[-58.618711,-34.454605]]]}},{"type":"Feature","properties":{"partida":"057059732","cca":"057020P00000000000000000000000950000015000","tipo":"Urbano","sup_m2":289.0},"geometry":{"type":"Polygon","coordinates":[[[-58.618646,-34.454853],[-58.618763,-34.454802],[-58.618711,-34.454605],[-58.61858,-34.45463],[-58.618646,-34.454853]]]}},{"type":"Feature","properties":{"partida":"057028939","cca":"057020P00000000000000000000000950000016000","tipo":"Urbano","sup_m2":332.0},"geometry":{"type":"Polygon","coordinates":[[[-58.618527,-34.454905],[-58.618646,-34.454853],[-58.61858,-34.45463],[-58.618448,-34.454655],[-58.618527,-34.454905]]]}},{"type":"Feature","properties":{"partida":"057041310","cca":"057020P00000000000000000000000950000017000","tipo":"Urbano","sup_m2":365.7},"geometry":{"type":"Polygon","coordinates":[[[-58.618405,-34.454959],[-58.618527,-34.454905],[-58.618448,-34.454655],[-58.618322,-34.454679],[-58.618405,-34.454959]]]}},{"type":"Feature","properties":{"partida":"057024015","cca":"057020P00000000000000000000000950000018000","tipo":"Urbano","sup_m2":390.3},"geometry":{"type":"Polygon","coordinates":[[[-58.618288,-34.455009],[-58.618405,-34.454959],[-58.618322,-34.454679],[-58.618199,-34.454703],[-58.618288,-34.455009]]]}},{"type":"Feature","properties":{"partida":"057024013","cca":"057020P00000000000000000000000950000019000","tipo":"Urbano","sup_m2":436.9},"geometry":{"type":"Polygon","coordinates":[[[-58.618073,-34.454727],[-58.618107,-34.454847],[-58.618169,-34.455062],[-58.618288,-34.455009],[-58.618199,-34.454703],[-58.618073,-34.454727]]]}},{"type":"Feature","properties":{"partida":"057024000","cca":"057020P0000000000000000000000096000000100A","tipo":"Urbano","sup_m2":186.3},"geometry":{"type":"Polygon","coordinates":[[[-58.61903,-34.454246],[-58.619083,-34.454096],[-58.618986,-34.454074],[-58.618946,-34.454095],[-58.618944,-34.454245],[-58.61903,-34.454246]]]}},{"type":"Feature","properties":{"partida":"057059733","cca":"057020P00000000000000000000000960000002000","tipo":"Urbano","sup_m2":344.9},"geometry":{"type":"Polygon","coordinates":[[[-58.619235,-34.45436],[-58.619271,-34.45425],[-58.618944,-34.454245],[-58.618942,-34.454352],[-58.619235,-34.45436]]]}},{"type":"Feature","properties":{"partida":"057024001","cca":"057020P00000000000000000000000960000003000","tipo":"Urbano","sup_m2":335.7},"geometry":{"type":"Polygon","coordinates":[[[-58.619235,-34.45436],[-58.618942,-34.454352],[-58.61894,-34.454499],[-58.619204,-34.454451],[-58.619235,-34.45436]]]}},{"type":"Feature","properties":{"partida":"057024005","cca":"057020P00000000000000000000000960000004000","tipo":"Urbano","sup_m2":337.5},"geometry":{"type":"Polygon","coordinates":[[[-58.619276,-34.454527],[-58.619203,-34.454456],[-58.619204,-34.454451],[-58.61894,-34.454499],[-58.61902,-34.454634],[-58.619276,-34.454527]]]}},{"type":"Feature","properties":{"partida":"057024002","cca":"057020P00000000000000000000000960000005000","tipo":"Urbano","sup_m2":340.5},"geometry":{"type":"Polygon","coordinates":[[[-58.619362,-34.454612],[-58.619276,-34.454527],[-58.61902,-34.454634],[-58.619081,-34.454735],[-58.619362,-34.454612]]]}},{"type":"Feature","properties":{"partida":"057028934","cca":"057020P00000000000000000000000960000006000","tipo":"Urbano","sup_m2":449.4},"geometry":{"type":"Polygon","coordinates":[[[-58.619081,-34.454735],[-58.619152,-34.454852],[-58.6192,-34.45486],[-58.619443,-34.454692],[-58.619362,-34.454612],[-58.619081,-34.454735]]]}},{"type":"Feature","properties":{"partida":"057024007","cca":"057020P00000000000000000000000960000007000","tipo":"Urbano","sup_m2":370.8},"geometry":{"type":"Polygon","coordinates":[[[-58.619543,-34.454624],[-58.619339,-34.454429],[-58.61934,-34.454427],[-58.619204,-34.454451],[-58.619203,-34.454456],[-58.619443,-34.454692],[-58.619543,-34.454624]]]}},{"type":"Feature","properties":{"partida":"057028935","cca":"057020P00000000000000000000000960000008000","tipo":"Urbano","sup_m2":325.2},"geometry":{"type":"Polygon","coordinates":[[[-58.61934,-34.454427],[-58.619339,-34.454429],[-58.619543,-34.454624],[-58.619648,-34.454551],[-58.619494,-34.454399],[-58.61934,-34.454427]]]}},{"type":"Feature","properties":{"partida":"057024006","cca":"057020P00000000000000000000000960000009000","tipo":"Urbano","sup_m2":345.5},"geometry":{"type":"Polygon","coordinates":[[[-58.619776,-34.454347],[-58.619494,-34.454399],[-58.619648,-34.454551],[-58.619777,-34.454462],[-58.619795,-34.454423],[-58.619776,-34.454347]]]}},{"type":"Feature","properties":{"partida":"057024003","cca":"057020P00000000000000000000000960000010000","tipo":"Urbano","sup_m2":355.6},"geometry":{"type":"Polygon","coordinates":[[[-58.619494,-34.454399],[-58.619776,-34.454347],[-58.619757,-34.45427],[-58.619725,-34.454239],[-58.619562,-34.454203],[-58.619494,-34.454399]]]}},{"type":"Feature","properties":{"partida":"057024004","cca":"057020P00000000000000000000000960000011000","tipo":"Urbano","sup_m2":327.0},"geometry":{"type":"Polygon","coordinates":[[[-58.61934,-34.454427],[-58.619494,-34.454399],[-58.619562,-34.454203],[-58.619429,-34.454173],[-58.61934,-34.454427]]]}},{"type":"Feature","properties":{"partida":"057059734","cca":"057020P00000000000000000000000960000012000","tipo":"Urbano","sup_m2":372.2},"geometry":{"type":"Polygon","coordinates":[[[-58.619429,-34.454173],[-58.619306,-34.454145],[-58.619204,-34.454451],[-58.61934,-34.454427],[-58.619429,-34.454173]]]}},{"type":"Feature","properties":{"partida":"057086902","cca":"057020P00000000000000000000000960000013000","tipo":"Urbano","sup_m2":137.0},"geometry":{"type":"Polygon","coordinates":[[[-58.619156,-34.454248],[-58.619271,-34.45425],[-58.619306,-34.454145],[-58.619197,-34.454121],[-58.619156,-34.454248]]]}},{"type":"Feature","properties":{"partida":"057086903","cca":"057020P00000000000000000000000960000014000","tipo":"Urbano","sup_m2":176.3},"geometry":{"type":"Polygon","coordinates":[[[-58.619156,-34.454248],[-58.619197,-34.454121],[-58.619083,-34.454096],[-58.61903,-34.454246],[-58.619156,-34.454248]]]}},{"type":"Feature","properties":{"partida":"057024020","cca":"057020P00000000000000000000000970000001000","tipo":"Urbano","sup_m2":422.4},"geometry":{"type":"Polygon","coordinates":[[[-58.618366,-34.455988],[-58.618191,-34.455806],[-58.618133,-34.455794],[-58.61804,-34.45586],[-58.618253,-34.456069],[-58.618366,-34.455988]]]}},{"type":"Feature","properties":{"partida":"057036472","cca":"057020P00000000000000000000000970000002000","tipo":"Urbano","sup_m2":370.1},"geometry":{"type":"Polygon","coordinates":[[[-58.618253,-34.456069],[-58.61804,-34.45586],[-58.617938,-34.455931],[-58.618153,-34.45614],[-58.618253,-34.456069]]]}},{"type":"Feature","properties":{"partida":"057036473","cca":"057020P00000000000000000000000970000003000","tipo":"Urbano","sup_m2":366.1},"geometry":{"type":"Polygon","coordinates":[[[-58.618053,-34.456211],[-58.618153,-34.45614],[-58.617938,-34.455931],[-58.617839,-34.456001],[-58.618053,-34.456211]]]}},{"type":"Feature","properties":{"partida":"057036474","cca":"057020P00000000000000000000000970000004000","tipo":"Urbano","sup_m2":370.7},"geometry":{"type":"Polygon","coordinates":[[[-58.617737,-34.456072],[-58.617953,-34.456282],[-58.618053,-34.456211],[-58.617839,-34.456001],[-58.617737,-34.456072]]]}},{"type":"Feature","properties":{"partida":"057090432","cca":"057020P0000000000000000000000097000000500A","tipo":"Urbano","sup_m2":222.8},"geometry":{"type":"Polygon","coordinates":[[[-58.61785,-34.456182],[-58.617737,-34.456072],[-58.617638,-34.456142],[-58.617636,-34.45617],[-58.617733,-34.456264],[-58.61785,-34.456182]]]}},{"type":"Feature","properties":{"partida":"057024019","cca":"057020P0000000000000000000000097000000500B","tipo":"Urbano","sup_m2":205.7},"geometry":{"type":"Polygon","coordinates":[[[-58.617953,-34.456282],[-58.61785,-34.456182],[-58.617733,-34.456264],[-58.617837,-34.456364],[-58.617953,-34.456282]]]}},{"type":"Feature","properties":{"partida":"057028945","cca":"057020P00000000000000000000000970000006000","tipo":"Urbano","sup_m2":353.6},"geometry":{"type":"Polygon","coordinates":[[[-58.617837,-34.456364],[-58.617918,-34.456442],[-58.618173,-34.456267],[-58.618087,-34.456187],[-58.617837,-34.456364]]]}},{"type":"Feature","properties":{"partida":"057037312","cca":"057020P00000000000000000000000970000007000","tipo":"Urbano","sup_m2":417.7},"geometry":{"type":"Polygon","coordinates":[[[-58.617918,-34.456442],[-58.618107,-34.456625],[-58.618157,-34.456631],[-58.618247,-34.456566],[-58.618036,-34.456361],[-58.617918,-34.456442]]]}},{"type":"Feature","properties":{"partida":"057036475","cca":"057020P00000000000000000000000970000008000","tipo":"Urbano","sup_m2":361.0},"geometry":{"type":"Polygon","coordinates":[[[-58.618346,-34.456492],[-58.618136,-34.456291],[-58.618036,-34.456361],[-58.618247,-34.456566],[-58.618346,-34.456492]]]}},{"type":"Feature","properties":{"partida":"057032777","cca":"057020P00000000000000000000000970000009000","tipo":"Urbano","sup_m2":352.4},"geometry":{"type":"Polygon","coordinates":[[[-58.618346,-34.456492],[-58.618444,-34.45642],[-58.618238,-34.456221],[-58.618136,-34.456291],[-58.618346,-34.456492]]]}},{"type":"Feature","properties":{"partida":"057028946","cca":"057020P00000000000000000000000970000010000","tipo":"Urbano","sup_m2":347.8},"geometry":{"type":"Polygon","coordinates":[[[-58.61834,-34.456152],[-58.618238,-34.456221],[-58.618444,-34.45642],[-58.618541,-34.456348],[-58.61834,-34.456152]]]}},{"type":"Feature","properties":{"partida":"057059735","cca":"057020P00000000000000000000000970000011000","tipo":"Urbano","sup_m2":358.1},"geometry":{"type":"Polygon","coordinates":[[[-58.618541,-34.456348],[-58.61862,-34.45629],[-58.61862,-34.456252],[-58.61845,-34.456075],[-58.61834,-34.456152],[-58.618541,-34.456348]]]}},{"type":"Feature","properties":{"partida":"057036476","cca":"057020P00000000000000000000000970000012000","tipo":"Urbano","sup_m2":406.8},"geometry":{"type":"Polygon","coordinates":[[[-58.618173,-34.456267],[-58.61845,-34.456075],[-58.618366,-34.455988],[-58.618087,-34.456187],[-58.618173,-34.456267]]]}},{"type":"Feature","properties":{"partida":"057032782","cca":"057020P00000000000000000000000980000001000","tipo":"Urbano","sup_m2":336.1},"geometry":{"type":"Polygon","coordinates":[[[-58.617703,-34.456456],[-58.617514,-34.456276],[-58.617458,-34.456277],[-58.617396,-34.456321],[-58.617606,-34.456524],[-58.617703,-34.456456]]]}},{"type":"Feature","properties":{"partida":"057040495","cca":"057020P00000000000000000000000980000002000","tipo":"Urbano","sup_m2":355.1},"geometry":{"type":"Polygon","coordinates":[[[-58.617606,-34.456524],[-58.617396,-34.456321],[-58.617297,-34.456391],[-58.617507,-34.456594],[-58.617606,-34.456524]]]}},{"type":"Feature","properties":{"partida":"057028999","cca":"057020P00000000000000000000000980000003000","tipo":"Urbano","sup_m2":356.1},"geometry":{"type":"Polygon","coordinates":[[[-58.617405,-34.456664],[-58.617507,-34.456594],[-58.617297,-34.456391],[-58.617199,-34.456461],[-58.617405,-34.456664]]]}},{"type":"Feature","properties":{"partida":"057040496","cca":"057020P00000000000000000000000980000004000","tipo":"Urbano","sup_m2":511.8},"geometry":{"type":"Polygon","coordinates":[[[-58.617496,-34.456749],[-58.617405,-34.456664],[-58.617199,-34.456461],[-58.617097,-34.456534],[-58.617395,-34.456821],[-58.617496,-34.456749]]]}},{"type":"Feature","properties":{"partida":"057028991","cca":"057020P00000000000000000000000980000005000","tipo":"Urbano","sup_m2":507.3},"geometry":{"type":"Polygon","coordinates":[[[-58.617295,-34.456892],[-58.617395,-34.456821],[-58.617097,-34.456534],[-58.616997,-34.456604],[-58.617295,-34.456892]]]}},{"type":"Feature","properties":{"partida":"057028987","cca":"057020P00000000000000000000000980000006000","tipo":"Urbano","sup_m2":508.7},"geometry":{"type":"Polygon","coordinates":[[[-58.617295,-34.456892],[-58.616997,-34.456604],[-58.616898,-34.456675],[-58.617194,-34.456964],[-58.617295,-34.456892]]]}},{"type":"Feature","properties":{"partida":"057028993","cca":"057020P00000000000000000000000980000007000","tipo":"Urbano","sup_m2":515.4},"geometry":{"type":"Polygon","coordinates":[[[-58.617194,-34.456964],[-58.616898,-34.456675],[-58.616795,-34.456748],[-58.617095,-34.457035],[-58.617194,-34.456964]]]}},{"type":"Feature","properties":{"partida":"057028984","cca":"057020P00000000000000000000000980000008000","tipo":"Urbano","sup_m2":487.3},"geometry":{"type":"Polygon","coordinates":[[[-58.616998,-34.457103],[-58.617095,-34.457035],[-58.616795,-34.456748],[-58.616701,-34.456815],[-58.616998,-34.457103]]]}},{"type":"Feature","properties":{"partida":"057040494","cca":"057020P00000000000000000000000980000009000","tipo":"Urbano","sup_m2":497.4},"geometry":{"type":"Polygon","coordinates":[[[-58.616902,-34.457172],[-58.616998,-34.457103],[-58.616701,-34.456815],[-58.616602,-34.456886],[-58.616902,-34.457172]]]}},{"type":"Feature","properties":{"partida":"057028992","cca":"057020P00000000000000000000000980000010000","tipo":"Urbano","sup_m2":291.3},"geometry":{"type":"Polygon","coordinates":[[[-58.616667,-34.457118],[-58.616769,-34.457045],[-58.616602,-34.456886],[-58.616499,-34.456959],[-58.616667,-34.457118]]]}},{"type":"Feature","properties":{"partida":"057053195","cca":"057020P00000000000000000000000980000011000","tipo":"Urbano","sup_m2":360.7},"geometry":{"type":"Polygon","coordinates":[[[-58.616373,-34.457049],[-58.61654,-34.457209],[-58.616667,-34.457118],[-58.616499,-34.456959],[-58.616373,-34.457049]]]}},{"type":"Feature","properties":{"partida":"057053196","cca":"057020P00000000000000000000000980000012000","tipo":"Urbano","sup_m2":343.3},"geometry":{"type":"Polygon","coordinates":[[[-58.61654,-34.457209],[-58.616373,-34.457049],[-58.616271,-34.457121],[-58.616269,-34.457152],[-58.616419,-34.457295],[-58.61654,-34.457209]]]}},{"type":"Feature","properties":{"partida":"057030388","cca":"057020P00000000000000000000000980000013000","tipo":"Urbano","sup_m2":503.5},"geometry":{"type":"Polygon","coordinates":[[[-58.616419,-34.457295],[-58.616504,-34.457376],[-58.616854,-34.457126],[-58.616769,-34.457045],[-58.616419,-34.457295]]]}},{"type":"Feature","properties":{"partida":"057028985","cca":"057020P00000000000000000000000980000014000","tipo":"Urbano","sup_m2":515.4},"geometry":{"type":"Polygon","coordinates":[[[-58.616941,-34.45721],[-58.616854,-34.457126],[-58.616504,-34.457376],[-58.61659,-34.457458],[-58.616941,-34.45721]]]}},{"type":"Feature","properties":{"partida":"057024045","cca":"057020P00000000000000000000000980000015000","tipo":"Urbano","sup_m2":494.3},"geometry":{"type":"Polygon","coordinates":[[[-58.617023,-34.457287],[-58.616941,-34.45721],[-58.61659,-34.457458],[-58.616675,-34.457538],[-58.617023,-34.457287]]]}},{"type":"Feature","properties":{"partida":"057028994","cca":"057020P00000000000000000000000980000016000","tipo":"Urbano","sup_m2":441.8},"geometry":{"type":"Polygon","coordinates":[[[-58.616675,-34.457538],[-58.616878,-34.457731],[-58.616918,-34.457736],[-58.617005,-34.457652],[-58.616795,-34.457452],[-58.616675,-34.457538]]]}},{"type":"Feature","properties":{"partida":"057028998","cca":"057020P00000000000000000000000980000017000","tipo":"Urbano","sup_m2":420.9},"geometry":{"type":"Polygon","coordinates":[[[-58.617111,-34.457549],[-58.616917,-34.457364],[-58.616795,-34.457452],[-58.617005,-34.457652],[-58.617111,-34.457549]]]}},{"type":"Feature","properties":{"partida":"057028988","cca":"057020P00000000000000000000000980000018000","tipo":"Urbano","sup_m2":337.7},"geometry":{"type":"Polygon","coordinates":[[[-58.617023,-34.457287],[-58.616917,-34.457364],[-58.617111,-34.457549],[-58.617203,-34.457459],[-58.617023,-34.457287]]]}},{"type":"Feature","properties":{"partida":"057040497","cca":"057020P00000000000000000000000980000019000","tipo":"Urbano","sup_m2":476.6},"geometry":{"type":"Polygon","coordinates":[[[-58.616902,-34.457172],[-58.617203,-34.457459],[-58.617284,-34.45738],[-58.616998,-34.457103],[-58.616902,-34.457172]]]}},{"type":"Feature","properties":{"partida":"057024046","cca":"057020P00000000000000000000000980000020000","tipo":"Urbano","sup_m2":465.9},"geometry":{"type":"Polygon","coordinates":[[[-58.617095,-34.457035],[-58.616998,-34.457103],[-58.617284,-34.45738],[-58.617369,-34.457298],[-58.617095,-34.457035]]]}},{"type":"Feature","properties":{"partida":"057028995","cca":"057020P00000000000000000000000980000021000","tipo":"Urbano","sup_m2":450.7},"geometry":{"type":"Polygon","coordinates":[[[-58.617369,-34.457298],[-58.617457,-34.45722],[-58.617194,-34.456964],[-58.617095,-34.457035],[-58.617369,-34.457298]]]}},{"type":"Feature","properties":{"partida":"057028982","cca":"057020P00000000000000000000000980000022000","tipo":"Urbano","sup_m2":451.5},"geometry":{"type":"Polygon","coordinates":[[[-58.61755,-34.457139],[-58.617295,-34.456892],[-58.617194,-34.456964],[-58.617457,-34.45722],[-58.61755,-34.457139]]]}},{"type":"Feature","properties":{"partida":"057028996","cca":"057020P00000000000000000000000980000023000","tipo":"Urbano","sup_m2":432.0},"geometry":{"type":"Polygon","coordinates":[[[-58.617395,-34.456821],[-58.617295,-34.456892],[-58.61755,-34.457139],[-58.617643,-34.457059],[-58.617395,-34.456821]]]}},{"type":"Feature","properties":{"partida":"057028990","cca":"057020P00000000000000000000000980000024000","tipo":"Urbano","sup_m2":417.5},"geometry":{"type":"Polygon","coordinates":[[[-58.617496,-34.456749],[-58.617395,-34.456821],[-58.617643,-34.457059],[-58.617734,-34.456979],[-58.617496,-34.456749]]]}},{"type":"Feature","properties":{"partida":"057028983","cca":"057020P00000000000000000000000980000025000","tipo":"Urbano","sup_m2":390.5},"geometry":{"type":"Polygon","coordinates":[[[-58.617593,-34.456679],[-58.617496,-34.456749],[-58.617734,-34.456979],[-58.617823,-34.456902],[-58.617593,-34.456679]]]}},{"type":"Feature","properties":{"partida":"057028989","cca":"057020P00000000000000000000000980000026000","tipo":"Urbano","sup_m2":386.4},"geometry":{"type":"Polygon","coordinates":[[[-58.617692,-34.456608],[-58.617593,-34.456679],[-58.617823,-34.456902],[-58.617915,-34.456822],[-58.617692,-34.456608]]]}},{"type":"Feature","properties":{"partida":"057028986","cca":"057020P00000000000000000000000980000027000","tipo":"Urbano","sup_m2":361.5},"geometry":{"type":"Polygon","coordinates":[[[-58.617692,-34.456608],[-58.617915,-34.456822],[-58.617979,-34.456767],[-58.617986,-34.456726],[-58.61779,-34.456539],[-58.617692,-34.456608]]]}},{"type":"Feature","properties":{"partida":"057028997","cca":"057020P00000000000000000000000980000028000","tipo":"Urbano","sup_m2":440.4},"geometry":{"type":"Polygon","coordinates":[[[-58.617496,-34.456749],[-58.61779,-34.456539],[-58.617703,-34.456456],[-58.617405,-34.456664],[-58.617496,-34.456749]]]}},{"type":"Feature","properties":{"partida":"057023985","cca":"057020P00000000000000000000000990000001000","tipo":"Urbano","sup_m2":349.6},"geometry":{"type":"Polygon","coordinates":[[[-58.616313,-34.457379],[-58.616155,-34.457224],[-58.616111,-34.45722],[-58.616021,-34.457285],[-58.616198,-34.457461],[-58.616313,-34.457379]]]}},{"type":"Feature","properties":{"partida":"057043633","cca":"057020P00000000000000000000000990000002000","tipo":"Urbano","sup_m2":320.9},"geometry":{"type":"Polygon","coordinates":[[[-58.616093,-34.457536],[-58.616198,-34.457461],[-58.616021,-34.457285],[-58.615917,-34.457359],[-58.616093,-34.457536]]]}},{"type":"Feature","properties":{"partida":"057043632","cca":"057020P00000000000000000000000990000003000","tipo":"Urbano","sup_m2":334.7},"geometry":{"type":"Polygon","coordinates":[[[-58.616093,-34.457536],[-58.615917,-34.457359],[-58.615808,-34.457438],[-58.615985,-34.457613],[-58.616093,-34.457536]]]}},{"type":"Feature","properties":{"partida":"057043634","cca":"057020P00000000000000000000000990000004000","tipo":"Urbano","sup_m2":610.5},"geometry":{"type":"Polygon","coordinates":[[[-58.616154,-34.457781],[-58.615808,-34.457438],[-58.615703,-34.457513],[-58.616056,-34.45785],[-58.616154,-34.457781]]]}},{"type":"Feature","properties":{"partida":"057043635","cca":"057020P00000000000000000000000990000005000","tipo":"Urbano","sup_m2":557.1},"geometry":{"type":"Polygon","coordinates":[[[-58.615964,-34.457916],[-58.616056,-34.45785],[-58.615703,-34.457513],[-58.61561,-34.45758],[-58.615964,-34.457916]]]}},{"type":"Feature","properties":{"partida":"057043636","cca":"057020P00000000000000000000000990000006000","tipo":"Urbano","sup_m2":590.1},"geometry":{"type":"Polygon","coordinates":[[[-58.615865,-34.457986],[-58.615964,-34.457916],[-58.61561,-34.45758],[-58.615512,-34.45765],[-58.615865,-34.457986]]]}},{"type":"Feature","properties":{"partida":"057043637","cca":"057020P00000000000000000000000990000007000","tipo":"Urbano","sup_m2":594.5},"geometry":{"type":"Polygon","coordinates":[[[-58.615765,-34.458057],[-58.615865,-34.457986],[-58.615512,-34.45765],[-58.615413,-34.457722],[-58.615765,-34.458057]]]}},{"type":"Feature","properties":{"partida":"057043638","cca":"057020P00000000000000000000000990000008000","tipo":"Urbano","sup_m2":544.8},"geometry":{"type":"Polygon","coordinates":[[[-58.615605,-34.458073],[-58.615765,-34.458057],[-58.615413,-34.457722],[-58.615316,-34.457791],[-58.615605,-34.458073]]]}},{"type":"Feature","properties":{"partida":"057043639","cca":"057020P00000000000000000000000990000009000","tipo":"Urbano","sup_m2":447.0},"geometry":{"type":"Polygon","coordinates":[[[-58.615605,-34.458073],[-58.615316,-34.457791],[-58.615217,-34.457863],[-58.615438,-34.458084],[-58.615605,-34.458073]]]}},{"type":"Feature","properties":{"partida":"057043640","cca":"057020P00000000000000000000000990000010000","tipo":"Urbano","sup_m2":329.3},"geometry":{"type":"Polygon","coordinates":[[[-58.615278,-34.458092],[-58.615438,-34.458084],[-58.615217,-34.457863],[-58.615118,-34.457934],[-58.615278,-34.458092]]]}},{"type":"Feature","properties":{"partida":"057043641","cca":"057020P00000000000000000000000990000011000","tipo":"Urbano","sup_m2":696.4},"geometry":{"type":"Polygon","coordinates":[[[-58.615118,-34.457934],[-58.614891,-34.458097],[-58.614888,-34.45813],[-58.615143,-34.458264],[-58.615278,-34.458092],[-58.615118,-34.457934]]]}},{"type":"Feature","properties":{"partida":"057043642","cca":"057020P00000000000000000000000990000012000","tipo":"Urbano","sup_m2":326.1},"geometry":{"type":"Polygon","coordinates":[[[-58.615254,-34.458323],[-58.615438,-34.458084],[-58.615278,-34.458092],[-58.615143,-34.458264],[-58.615254,-34.458323]]]}},{"type":"Feature","properties":{"partida":"057043643","cca":"057020P00000000000000000000000990000013000","tipo":"Urbano","sup_m2":436.2},"geometry":{"type":"Polygon","coordinates":[[[-58.615364,-34.458381],[-58.615605,-34.458073],[-58.615438,-34.458084],[-58.615254,-34.458323],[-58.615364,-34.458381]]]}},{"type":"Feature","properties":{"partida":"057043644","cca":"057020P00000000000000000000000990000014000","tipo":"Urbano","sup_m2":525.4},"geometry":{"type":"Polygon","coordinates":[[[-58.615471,-34.458437],[-58.615765,-34.458057],[-58.615605,-34.458073],[-58.615364,-34.458381],[-58.615471,-34.458437]]]}},{"type":"Feature","properties":{"partida":"057043645","cca":"057020P00000000000000000000000990000015000","tipo":"Urbano","sup_m2":582.3},"geometry":{"type":"Polygon","coordinates":[[[-58.615867,-34.458119],[-58.615765,-34.458057],[-58.615471,-34.458437],[-58.61558,-34.458495],[-58.615867,-34.458119]]]}},{"type":"Feature","properties":{"partida":"057043646","cca":"057020P00000000000000000000000990000016000","tipo":"Urbano","sup_m2":560.0},"geometry":{"type":"Polygon","coordinates":[[[-58.615967,-34.458179],[-58.615867,-34.458119],[-58.61558,-34.458495],[-58.615686,-34.458551],[-58.615967,-34.458179]]]}},{"type":"Feature","properties":{"partida":"057043647","cca":"057020P00000000000000000000000990000017000","tipo":"Urbano","sup_m2":583.8},"geometry":{"type":"Polygon","coordinates":[[[-58.615794,-34.458608],[-58.616076,-34.458246],[-58.615967,-34.458179],[-58.615686,-34.458551],[-58.615794,-34.458608]]]}},{"type":"Feature","properties":{"partida":"057043648","cca":"057020P00000000000000000000000990000018000","tipo":"Urbano","sup_m2":432.4},"geometry":{"type":"Polygon","coordinates":[[[-58.616127,-34.458595],[-58.615902,-34.45847],[-58.615794,-34.458608],[-58.615975,-34.458703],[-58.61604,-34.4587],[-58.616127,-34.458595]]]}},{"type":"Feature","properties":{"partida":"057043649","cca":"057020P00000000000000000000000990000019000","tipo":"Urbano","sup_m2":374.4},"geometry":{"type":"Polygon","coordinates":[[[-58.615902,-34.45847],[-58.616127,-34.458595],[-58.616217,-34.458487],[-58.615991,-34.458355],[-58.615902,-34.45847]]]}},{"type":"Feature","properties":{"partida":"057043650","cca":"057020P00000000000000000000000990000020000","tipo":"Urbano","sup_m2":361.4},"geometry":{"type":"Polygon","coordinates":[[[-58.616076,-34.458246],[-58.615991,-34.458355],[-58.616217,-34.458487],[-58.616302,-34.458384],[-58.616076,-34.458246]]]}},{"type":"Feature","properties":{"partida":"057041314","cca":"057020P00000000000000000000000990000021000","tipo":"Urbano","sup_m2":1129.3},"geometry":{"type":"Polygon","coordinates":[[[-58.616418,-34.458245],[-58.615933,-34.457938],[-58.615765,-34.458057],[-58.616302,-34.458384],[-58.616418,-34.458245]]]}},{"type":"Feature","properties":{"partida":"057043651","cca":"057020P00000000000000000000000990000022000","tipo":"Urbano","sup_m2":725.2},"geometry":{"type":"Polygon","coordinates":[[[-58.616044,-34.457859],[-58.615933,-34.457938],[-58.616418,-34.458245],[-58.616509,-34.458152],[-58.616044,-34.457859]]]}},{"type":"Feature","properties":{"partida":"057043652","cca":"057020P00000000000000000000000990000023000","tipo":"Urbano","sup_m2":673.5},"geometry":{"type":"Polygon","coordinates":[[[-58.616596,-34.458064],[-58.616154,-34.457781],[-58.616044,-34.457859],[-58.616509,-34.458152],[-58.616596,-34.458064]]]}},{"type":"Feature","properties":{"partida":"057041311","cca":"057020P00000000000000000000000990000024000","tipo":"Urbano","sup_m2":385.7},"geometry":{"type":"Polygon","coordinates":[[[-58.616492,-34.457825],[-58.616364,-34.457915],[-58.616596,-34.458064],[-58.616699,-34.457959],[-58.616492,-34.457825]]]}},{"type":"Feature","properties":{"partida":"057041312","cca":"057020P00000000000000000000000990000025000","tipo":"Urbano","sup_m2":373.0},"geometry":{"type":"Polygon","coordinates":[[[-58.616699,-34.457959],[-58.616766,-34.457891],[-58.616774,-34.45783],[-58.616652,-34.457711],[-58.616492,-34.457825],[-58.616699,-34.457959]]]}},{"type":"Feature","properties":{"partida":"057041313","cca":"057020P00000000000000000000000990000026000","tipo":"Urbano","sup_m2":414.2},"geometry":{"type":"Polygon","coordinates":[[[-58.61657,-34.457631],[-58.616265,-34.457852],[-58.616364,-34.457915],[-58.616652,-34.457711],[-58.61657,-34.457631]]]}},{"type":"Feature","properties":{"partida":"057043653","cca":"057020P00000000000000000000000990000027000","tipo":"Urbano","sup_m2":480.0},"geometry":{"type":"Polygon","coordinates":[[[-58.616265,-34.457852],[-58.61657,-34.457631],[-58.616484,-34.457546],[-58.616154,-34.457781],[-58.616265,-34.457852]]]}},{"type":"Feature","properties":{"partida":"057043654","cca":"057020P00000000000000000000000990000028000","tipo":"Urbano","sup_m2":483.0},"geometry":{"type":"Polygon","coordinates":[[[-58.616069,-34.457696],[-58.616154,-34.457781],[-58.616484,-34.457546],[-58.616399,-34.457463],[-58.616069,-34.457696]]]}},{"type":"Feature","properties":{"partida":"057043655","cca":"057020P00000000000000000000000990000029000","tipo":"Urbano","sup_m2":485.4},"geometry":{"type":"Polygon","coordinates":[[[-58.616313,-34.457379],[-58.615985,-34.457613],[-58.616069,-34.457696],[-58.616399,-34.457463],[-58.616313,-34.457379]]]}},{"type":"Feature","properties":{"partida":"057024076","cca":"057020P00000000000000000000001000000001000","tipo":"Urbano","sup_m2":529.3},"geometry":{"type":"Polygon","coordinates":[[[-58.614756,-34.45851],[-58.614908,-34.458316],[-58.61474,-34.458226],[-58.614684,-34.458232],[-58.614557,-34.458319],[-58.614756,-34.45851]]]}},{"type":"Feature","properties":{"partida":"057029048","cca":"057020P00000000000000000000001000000002000","tipo":"Urbano","sup_m2":290.4},"geometry":{"type":"Polygon","coordinates":[[[-58.614557,-34.458319],[-58.614454,-34.45839],[-58.614592,-34.45852],[-58.614756,-34.45851],[-58.614557,-34.458319]]]}},{"type":"Feature","properties":{"partida":"057024077","cca":"057020P00000000000000000000001000000003000","tipo":"Urbano","sup_m2":429.7},"geometry":{"type":"Polygon","coordinates":[[[-58.614592,-34.45852],[-58.614454,-34.45839],[-58.614295,-34.4585],[-58.614294,-34.458543],[-58.614488,-34.458648],[-58.614592,-34.45852]]]}},{"type":"Feature","properties":{"partida":"057044736","cca":"057020P00000000000000000000001000000004000","tipo":"Urbano","sup_m2":255.1},"geometry":{"type":"Polygon","coordinates":[[[-58.614595,-34.458705],[-58.614756,-34.45851],[-58.614592,-34.45852],[-58.614488,-34.458648],[-58.614595,-34.458705]]]}},{"type":"Feature","properties":{"partida":"057029049","cca":"057020P00000000000000000000001000000005000","tipo":"Urbano","sup_m2":291.3},"geometry":{"type":"Polygon","coordinates":[[[-58.614595,-34.458705],[-58.614698,-34.458761],[-58.614854,-34.458567],[-58.614756,-34.45851],[-58.614595,-34.458705]]]}},{"type":"Feature","properties":{"partida":"057029050","cca":"057020P0000000000000000000000100000000600A","tipo":"Urbano","sup_m2":639.8},"geometry":{"type":"Polygon","coordinates":[[[-58.614698,-34.458761],[-58.614811,-34.458824],[-58.615125,-34.45843],[-58.615014,-34.458372],[-58.614698,-34.458761]]]}},{"type":"Feature","properties":{"partida":"057044737","cca":"057020P00000000000000000000001000000007000","tipo":"Urbano","sup_m2":327.0},"geometry":{"type":"Polygon","coordinates":[[[-58.615079,-34.458691],[-58.614966,-34.458628],[-58.614811,-34.458824],[-58.614926,-34.458886],[-58.615079,-34.458691]]]}},{"type":"Feature","properties":{"partida":"057044738","cca":"057020P00000000000000000000001000000008000","tipo":"Urbano","sup_m2":288.1},"geometry":{"type":"Polygon","coordinates":[[[-58.615075,-34.458696],[-58.614926,-34.458886],[-58.614965,-34.458904],[-58.615006,-34.458914],[-58.615056,-34.458919],[-58.615185,-34.458755],[-58.615075,-34.458696]]]}},{"type":"Feature","properties":{"partida":"057044739","cca":"057020P00000000000000000000001000000009000","tipo":"Urbano","sup_m2":311.9},"geometry":{"type":"Polygon","coordinates":[[[-58.615242,-34.458915],[-58.615349,-34.458778],[-58.615218,-34.458714],[-58.615056,-34.458919],[-58.61513,-34.458912],[-58.615205,-34.458912],[-58.615242,-34.458915]]]}},{"type":"Feature","properties":{"partida":"057044740","cca":"057020P00000000000000000000001000000010000","tipo":"Urbano","sup_m2":136.8},"geometry":{"type":"Polygon","coordinates":[[[-58.615323,-34.458811],[-58.615242,-34.458915],[-58.615304,-34.458925],[-58.615364,-34.458944],[-58.615432,-34.458866],[-58.615323,-34.458811]]]}},{"type":"Feature","properties":{"partida":"057044741","cca":"057020P0000000000000000000000100000001100A","tipo":"Urbano","sup_m2":207.8},"geometry":{"type":"Polygon","coordinates":[[[-58.615698,-34.458734],[-58.615588,-34.458676],[-58.615482,-34.458804],[-58.615593,-34.458864],[-58.615698,-34.458734]]]}},{"type":"Feature","properties":{"partida":"057088006","cca":"057020P0000000000000000000000100000001100B","tipo":"Urbano","sup_m2":215.3},"geometry":{"type":"Polygon","coordinates":[[[-58.615486,-34.458995],[-58.615593,-34.458864],[-58.615482,-34.458804],[-58.615371,-34.458935],[-58.615486,-34.458995]]]}},{"type":"Feature","properties":{"partida":"057044742","cca":"057020P00000000000000000000001000000012000","tipo":"Urbano","sup_m2":325.8},"geometry":{"type":"Polygon","coordinates":[[[-58.615486,-34.458995],[-58.615623,-34.459068],[-58.615753,-34.4589],[-58.615621,-34.458829],[-58.615486,-34.458995]]]}},{"type":"Feature","properties":{"partida":"057044743","cca":"057020P00000000000000000000001000000013000","tipo":"Urbano","sup_m2":264.8},"geometry":{"type":"Polygon","coordinates":[[[-58.615753,-34.4589],[-58.615623,-34.459068],[-58.6157,-34.459112],[-58.615756,-34.4591],[-58.615864,-34.458958],[-58.615753,-34.4589]]]}},{"type":"Feature","properties":{"partida":"057044744","cca":"057020P00000000000000000000001000000014000","tipo":"Urbano","sup_m2":327.9},"geometry":{"type":"Polygon","coordinates":[[[-58.615621,-34.458829],[-58.615864,-34.458958],[-58.615918,-34.458889],[-58.615907,-34.458848],[-58.615698,-34.458734],[-58.615621,-34.458829]]]}},{"type":"Feature","properties":{"partida":"057044745","cca":"057020P00000000000000000000001000000015000","tipo":"Urbano","sup_m2":302.5},"geometry":{"type":"Polygon","coordinates":[[[-58.615323,-34.458811],[-58.615432,-34.458866],[-58.615588,-34.458676],[-58.615478,-34.458618],[-58.615323,-34.458811]]]}},{"type":"Feature","properties":{"partida":"057044746","cca":"057020P00000000000000000000001000000016000","tipo":"Urbano","sup_m2":303.7},"geometry":{"type":"Polygon","coordinates":[[[-58.61535,-34.458549],[-58.615218,-34.458714],[-58.615349,-34.458778],[-58.615478,-34.458618],[-58.61535,-34.458549]]]}},{"type":"Feature","properties":{"partida":"057044747","cca":"057020P00000000000000000000001000000017000","tipo":"Urbano","sup_m2":330.5},"geometry":{"type":"Polygon","coordinates":[[[-58.61535,-34.458549],[-58.615239,-34.458491],[-58.615075,-34.458696],[-58.615185,-34.458755],[-58.61535,-34.458549]]]}},{"type":"Feature","properties":{"partida":"057044748","cca":"057020P0000000000000000000000100000001800A","tipo":"Urbano","sup_m2":330.9},"geometry":{"type":"Polygon","coordinates":[[[-58.615125,-34.45843],[-58.614966,-34.458628],[-58.615079,-34.458691],[-58.615239,-34.458491],[-58.615125,-34.45843]]]}},{"type":"Feature","properties":{"partida":"057070043","cca":"057020P00000000000000000000001000000022000","tipo":"Urbano","sup_m2":291.9},"geometry":{"type":"Polygon","coordinates":[[[-58.614908,-34.458316],[-58.614756,-34.45851],[-58.614854,-34.458567],[-58.615014,-34.458372],[-58.614908,-34.458316]]]}},{"type":"Feature","properties":{"partida":"057075752","cca":"057020P00000000000000000000001330000001000","tipo":"Urbano","sup_m2":202.2},"geometry":{"type":"Polygon","coordinates":[[[-58.601389,-34.452471],[-58.601448,-34.452395],[-58.601284,-34.452308],[-58.601242,-34.452316],[-58.601201,-34.45237],[-58.601389,-34.452471]]]}},{"type":"Feature","properties":{"partida":"057075753","cca":"057020P00000000000000000000001330000002000","tipo":"Urbano","sup_m2":193.8},"geometry":{"type":"Polygon","coordinates":[[[-58.601389,-34.452471],[-58.601201,-34.45237],[-58.601144,-34.452441],[-58.601334,-34.452541],[-58.601389,-34.452471]]]}},{"type":"Feature","properties":{"partida":"057075754","cca":"057020P00000000000000000000001330000003000","tipo":"Urbano","sup_m2":201.2},"geometry":{"type":"Polygon","coordinates":[[[-58.601334,-34.452541],[-58.601144,-34.452441],[-58.601086,-34.452513],[-58.601275,-34.452615],[-58.601334,-34.452541]]]}},{"type":"Feature","properties":{"partida":"057075755","cca":"057020P00000000000000000000001330000004000","tipo":"Urbano","sup_m2":390.8},"geometry":{"type":"Polygon","coordinates":[[[-58.601346,-34.45277],[-58.601413,-34.452689],[-58.601086,-34.452513],[-58.601021,-34.452596],[-58.601346,-34.45277]]]}},{"type":"Feature","properties":{"partida":"057075756","cca":"057020P00000000000000000000001330000005000","tipo":"Urbano","sup_m2":346.6},"geometry":{"type":"Polygon","coordinates":[[[-58.60129,-34.452843],[-58.601346,-34.45277],[-58.601021,-34.452596],[-58.600963,-34.45267],[-58.60129,-34.452843]]]}},{"type":"Feature","properties":{"partida":"057075757","cca":"057020P00000000000000000000001330000006000","tipo":"Urbano","sup_m2":338.1},"geometry":{"type":"Polygon","coordinates":[[[-58.60129,-34.452843],[-58.600963,-34.45267],[-58.600908,-34.452741],[-58.601235,-34.452916],[-58.60129,-34.452843]]]}},{"type":"Feature","properties":{"partida":"057075772","cca":"057020P00000000000000000000001330000021000","tipo":"Urbano","sup_m2":227.9},"geometry":{"type":"Polygon","coordinates":[[[-58.601006,-34.453441],[-58.600945,-34.453519],[-58.601146,-34.453625],[-58.601207,-34.453547],[-58.601006,-34.453441]]]}},{"type":"Feature","properties":{"partida":"057075774","cca":"057020P00000000000000000000001330000023000","tipo":"Urbano","sup_m2":387.7},"geometry":{"type":"Polygon","coordinates":[[[-58.600996,-34.453216],[-58.600933,-34.453297],[-58.601265,-34.453473],[-58.601328,-34.453393],[-58.600996,-34.453216]]]}},{"type":"Feature","properties":{"partida":"057075775","cca":"057020P00000000000000000000001330000024000","tipo":"Urbano","sup_m2":338.2},"geometry":{"type":"Polygon","coordinates":[[[-58.601051,-34.453145],[-58.600996,-34.453216],[-58.601328,-34.453393],[-58.601382,-34.453322],[-58.601051,-34.453145]]]}},{"type":"Feature","properties":{"partida":"057075776","cca":"057020P00000000000000000000001330000025000","tipo":"Urbano","sup_m2":355.6},"geometry":{"type":"Polygon","coordinates":[[[-58.601109,-34.453071],[-58.601051,-34.453145],[-58.601382,-34.453322],[-58.601442,-34.453249],[-58.601109,-34.453071]]]}},{"type":"Feature","properties":{"partida":"057075777","cca":"057020P00000000000000000000001330000026000","tipo":"Urbano","sup_m2":389.1},"geometry":{"type":"Polygon","coordinates":[[[-58.601172,-34.45299],[-58.601109,-34.453071],[-58.601442,-34.453249],[-58.601506,-34.453168],[-58.601172,-34.45299]]]}},{"type":"Feature","properties":{"partida":"057075778","cca":"057020P00000000000000000000001330000027000","tipo":"Urbano","sup_m2":364.7},"geometry":{"type":"Polygon","coordinates":[[[-58.601235,-34.452916],[-58.601172,-34.45299],[-58.601506,-34.453168],[-58.601563,-34.453091],[-58.601235,-34.452916]]]}},{"type":"Feature","properties":{"partida":"057075779","cca":"057020P00000000000000000000001330000028000","tipo":"Urbano","sup_m2":345.2},"geometry":{"type":"Polygon","coordinates":[[[-58.60129,-34.452843],[-58.601235,-34.452916],[-58.601563,-34.453091],[-58.60162,-34.453017],[-58.60129,-34.452843]]]}},{"type":"Feature","properties":{"partida":"057075780","cca":"057020P00000000000000000000001330000029000","tipo":"Urbano","sup_m2":346.9},"geometry":{"type":"Polygon","coordinates":[[[-58.601346,-34.45277],[-58.60129,-34.452843],[-58.60162,-34.453017],[-58.60168,-34.452947],[-58.601346,-34.45277]]]}},{"type":"Feature","properties":{"partida":"057075781","cca":"057020P00000000000000000000001330000030000","tipo":"Urbano","sup_m2":395.1},"geometry":{"type":"Polygon","coordinates":[[[-58.601742,-34.452865],[-58.601413,-34.452689],[-58.601346,-34.45277],[-58.60168,-34.452947],[-58.601742,-34.452865]]]}},{"type":"Feature","properties":{"partida":"057075782","cca":"057020P00000000000000000000001330000031000","tipo":"Urbano","sup_m2":205.3},"geometry":{"type":"Polygon","coordinates":[[[-58.601798,-34.452791],[-58.601604,-34.452686],[-58.601546,-34.452758],[-58.601742,-34.452865],[-58.601798,-34.452791]]]}},{"type":"Feature","properties":{"partida":"057075783","cca":"057020P00000000000000000000001330000032000","tipo":"Urbano","sup_m2":205.2},"geometry":{"type":"Polygon","coordinates":[[[-58.601701,-34.45274],[-58.601798,-34.452791],[-58.601901,-34.452661],[-58.601894,-34.452632],[-58.601817,-34.452591],[-58.601701,-34.45274]]]}},{"type":"Feature","properties":{"partida":"057075784","cca":"057020P00000000000000000000001330000033000","tipo":"Urbano","sup_m2":210.8},"geometry":{"type":"Polygon","coordinates":[[[-58.601604,-34.452686],[-58.601701,-34.45274],[-58.601817,-34.452591],[-58.601717,-34.45254],[-58.601604,-34.452686]]]}},{"type":"Feature","properties":{"partida":"057075785","cca":"057020P00000000000000000000001330000034000","tipo":"Urbano","sup_m2":275.2},"geometry":{"type":"Polygon","coordinates":[[[-58.601546,-34.452758],[-58.601717,-34.45254],[-58.601632,-34.452493],[-58.601459,-34.452712],[-58.601546,-34.452758]]]}},{"type":"Feature","properties":{"partida":"057075786","cca":"057020P00000000000000000000001330000035000","tipo":"Urbano","sup_m2":299.1},"geometry":{"type":"Polygon","coordinates":[[[-58.601459,-34.452712],[-58.601632,-34.452493],[-58.601537,-34.452442],[-58.601365,-34.452662],[-58.601459,-34.452712]]]}},{"type":"Feature","properties":{"partida":"057075787","cca":"057020P00000000000000000000001330000036000","tipo":"Urbano","sup_m2":282.1},"geometry":{"type":"Polygon","coordinates":[[[-58.601365,-34.452662],[-58.601537,-34.452442],[-58.601448,-34.452395],[-58.601275,-34.452615],[-58.601365,-34.452662]]]}},{"type":"Feature","properties":{"partida":"057075844","cca":"057020P00000000000000000000001360000001000","tipo":"Urbano","sup_m2":212.7},"geometry":{"type":"Polygon","coordinates":[[[-58.602182,-34.452892],[-58.602243,-34.452815],[-58.602079,-34.452727],[-58.602027,-34.452736],[-58.601987,-34.452787],[-58.602182,-34.452892]]]}},{"type":"Feature","properties":{"partida":"057075845","cca":"057020P00000000000000000000001360000002000","tipo":"Urbano","sup_m2":197.3},"geometry":{"type":"Polygon","coordinates":[[[-58.602126,-34.452963],[-58.602182,-34.452892],[-58.601987,-34.452787],[-58.601933,-34.452856],[-58.602126,-34.452963]]]}},{"type":"Feature","properties":{"partida":"057075846","cca":"057020P00000000000000000000001360000003000","tipo":"Urbano","sup_m2":219.2},"geometry":{"type":"Polygon","coordinates":[[[-58.602065,-34.453039],[-58.602126,-34.452963],[-58.601933,-34.452856],[-58.601872,-34.452936],[-58.602065,-34.453039]]]}},{"type":"Feature","properties":{"partida":"057075847","cca":"057020P00000000000000000000001360000004000","tipo":"Urbano","sup_m2":446.9},"geometry":{"type":"Polygon","coordinates":[[[-58.602253,-34.453139],[-58.601872,-34.452936],[-58.601808,-34.453017],[-58.602189,-34.45322],[-58.602253,-34.453139]]]}},{"type":"Feature","properties":{"partida":"057075848","cca":"057020P00000000000000000000001360000005000","tipo":"Urbano","sup_m2":398.1},"geometry":{"type":"Polygon","coordinates":[[[-58.602189,-34.45322],[-58.601808,-34.453017],[-58.601752,-34.45309],[-58.602132,-34.453292],[-58.602189,-34.45322]]]}},{"type":"Feature","properties":{"partida":"057075849","cca":"057020P00000000000000000000001360000006000","tipo":"Urbano","sup_m2":411.6},"geometry":{"type":"Polygon","coordinates":[[[-58.602074,-34.453367],[-58.602132,-34.453292],[-58.601752,-34.45309],[-58.601693,-34.453165],[-58.602074,-34.453367]]]}},{"type":"Feature","properties":{"partida":"057075850","cca":"057020P00000000000000000000001360000007000","tipo":"Urbano","sup_m2":413.3},"geometry":{"type":"Polygon","coordinates":[[[-58.602074,-34.453367],[-58.601693,-34.453165],[-58.601635,-34.45324],[-58.602014,-34.453443],[-58.602074,-34.453367]]]}},{"type":"Feature","properties":{"partida":"057075851","cca":"057020P00000000000000000000001360000008000","tipo":"Urbano","sup_m2":425.2},"geometry":{"type":"Polygon","coordinates":[[[-58.601953,-34.45352],[-58.602014,-34.453443],[-58.601635,-34.45324],[-58.601574,-34.453318],[-58.601953,-34.45352]]]}},{"type":"Feature","properties":{"partida":"057075852","cca":"057020P00000000000000000000001360000009000","tipo":"Urbano","sup_m2":395.8},"geometry":{"type":"Polygon","coordinates":[[[-58.601897,-34.453592],[-58.601953,-34.45352],[-58.601574,-34.453318],[-58.601518,-34.45339],[-58.601897,-34.453592]]]}},{"type":"Feature","properties":{"partida":"057075853","cca":"057020P00000000000000000000001360000010000","tipo":"Urbano","sup_m2":403.2},"geometry":{"type":"Polygon","coordinates":[[[-58.601839,-34.453666],[-58.601897,-34.453592],[-58.601518,-34.45339],[-58.601461,-34.453464],[-58.601839,-34.453666]]]}},{"type":"Feature","properties":{"partida":"057075854","cca":"057020P00000000000000000000001360000011000","tipo":"Urbano","sup_m2":427.7},"geometry":{"type":"Polygon","coordinates":[[[-58.601778,-34.453744],[-58.601839,-34.453666],[-58.601461,-34.453464],[-58.601399,-34.453543],[-58.601778,-34.453744]]]}},{"type":"Feature","properties":{"partida":"057075855","cca":"057020P00000000000000000000001360000012000","tipo":"Urbano","sup_m2":417.9},"geometry":{"type":"Polygon","coordinates":[[[-58.601717,-34.453821],[-58.601778,-34.453744],[-58.601399,-34.453543],[-58.60134,-34.453619],[-58.601717,-34.453821]]]}},{"type":"Feature","properties":{"partida":"057075856","cca":"057020P00000000000000000000001360000013000","tipo":"Urbano","sup_m2":213.7},"geometry":{"type":"Polygon","coordinates":[[[-58.601475,-34.453799],[-58.601535,-34.453723],[-58.60134,-34.453619],[-58.601281,-34.453695],[-58.601475,-34.453799]]]}},{"type":"Feature","properties":{"partida":"057075857","cca":"057020P00000000000000000000001360000014000","tipo":"Urbano","sup_m2":208.5},"geometry":{"type":"Polygon","coordinates":[[[-58.601281,-34.453695],[-58.601223,-34.45377],[-58.601417,-34.453873],[-58.601475,-34.453799],[-58.601281,-34.453695]]]}},{"type":"Feature","properties":{"partida":"057075858","cca":"057020P00000000000000000000001360000015000","tipo":"Urbano","sup_m2":210.4},"geometry":{"type":"Polygon","coordinates":[[[-58.601356,-34.45395],[-58.601417,-34.453873],[-58.601223,-34.45377],[-58.601182,-34.453823],[-58.601189,-34.45386],[-58.601356,-34.45395]]]}},{"type":"Feature","properties":{"partida":"057075859","cca":"057020P00000000000000000000001360000016000","tipo":"Urbano","sup_m2":287.0},"geometry":{"type":"Polygon","coordinates":[[[-58.601356,-34.45395],[-58.601443,-34.453997],[-58.601623,-34.45377],[-58.601535,-34.453723],[-58.601356,-34.45395]]]}},{"type":"Feature","properties":{"partida":"057075860","cca":"057020P00000000000000000000001360000017000","tipo":"Urbano","sup_m2":314.1},"geometry":{"type":"Polygon","coordinates":[[[-58.601717,-34.453821],[-58.601623,-34.45377],[-58.601443,-34.453997],[-58.601539,-34.454048],[-58.601717,-34.453821]]]}},{"type":"Feature","properties":{"partida":"057075861","cca":"057020P00000000000000000000001360000018000","tipo":"Urbano","sup_m2":297.6},"geometry":{"type":"Polygon","coordinates":[[[-58.601628,-34.454096],[-58.60181,-34.45387],[-58.601717,-34.453821],[-58.601539,-34.454048],[-58.601628,-34.454096]]]}},{"type":"Feature","properties":{"partida":"057075862","cca":"057020P00000000000000000000001360000019000","tipo":"Urbano","sup_m2":295.7},"geometry":{"type":"Polygon","coordinates":[[[-58.60181,-34.45387],[-58.601628,-34.454096],[-58.601719,-34.454145],[-58.601897,-34.453917],[-58.60181,-34.45387]]]}},{"type":"Feature","properties":{"partida":"057075863","cca":"057020P00000000000000000000001360000020000","tipo":"Urbano","sup_m2":209.4},"geometry":{"type":"Polygon","coordinates":[[[-58.601936,-34.454046],[-58.601836,-34.453995],[-58.601719,-34.454145],[-58.601813,-34.454195],[-58.601936,-34.454046]]]}},{"type":"Feature","properties":{"partida":"057075864","cca":"057020P00000000000000000000001360000021000","tipo":"Urbano","sup_m2":198.2},"geometry":{"type":"Polygon","coordinates":[[[-58.601936,-34.454046],[-58.601813,-34.454195],[-58.601878,-34.45423],[-58.601925,-34.454223],[-58.602027,-34.454093],[-58.601936,-34.454046]]]}},{"type":"Feature","properties":{"partida":"057075865","cca":"057020P00000000000000000000001360000022000","tipo":"Urbano","sup_m2":209.7},"geometry":{"type":"Polygon","coordinates":[[[-58.601836,-34.453995],[-58.602027,-34.454093],[-58.602087,-34.454018],[-58.601897,-34.453917],[-58.601836,-34.453995]]]}},{"type":"Feature","properties":{"partida":"057075866","cca":"057020P00000000000000000000001360000023000","tipo":"Urbano","sup_m2":414.6},"geometry":{"type":"Polygon","coordinates":[[[-58.601778,-34.453744],[-58.601717,-34.453821],[-58.602087,-34.454018],[-58.602148,-34.45394],[-58.601778,-34.453744]]]}},{"type":"Feature","properties":{"partida":"057075867","cca":"057020P00000000000000000000001360000024000","tipo":"Urbano","sup_m2":409.9},"geometry":{"type":"Polygon","coordinates":[[[-58.601778,-34.453744],[-58.602148,-34.45394],[-58.602208,-34.453864],[-58.601839,-34.453666],[-58.601778,-34.453744]]]}},{"type":"Feature","properties":{"partida":"057075868","cca":"057020P00000000000000000000001360000025000","tipo":"Urbano","sup_m2":396.6},"geometry":{"type":"Polygon","coordinates":[[[-58.602267,-34.45379],[-58.601897,-34.453592],[-58.601839,-34.453666],[-58.602208,-34.453864],[-58.602267,-34.45379]]]}},{"type":"Feature","properties":{"partida":"057075869","cca":"057020P00000000000000000000001360000026000","tipo":"Urbano","sup_m2":386.8},"geometry":{"type":"Polygon","coordinates":[[[-58.601953,-34.45352],[-58.601897,-34.453592],[-58.602267,-34.45379],[-58.602324,-34.453719],[-58.601953,-34.45352]]]}},{"type":"Feature","properties":{"partida":"057075870","cca":"057020P00000000000000000000001360000027000","tipo":"Urbano","sup_m2":418.9},"geometry":{"type":"Polygon","coordinates":[[[-58.602014,-34.453443],[-58.601953,-34.45352],[-58.602324,-34.453719],[-58.602385,-34.45364],[-58.602014,-34.453443]]]}},{"type":"Feature","properties":{"partida":"057075871","cca":"057020P00000000000000000000001360000028000","tipo":"Urbano","sup_m2":407.2},"geometry":{"type":"Polygon","coordinates":[[[-58.602074,-34.453367],[-58.602014,-34.453443],[-58.602385,-34.45364],[-58.602446,-34.453564],[-58.602074,-34.453367]]]}},{"type":"Feature","properties":{"partida":"057075872","cca":"057020P00000000000000000000001360000029000","tipo":"Urbano","sup_m2":398.8},"geometry":{"type":"Polygon","coordinates":[[[-58.602504,-34.453491],[-58.602132,-34.453292],[-58.602074,-34.453367],[-58.602446,-34.453564],[-58.602504,-34.453491]]]}},{"type":"Feature","properties":{"partida":"057075873","cca":"057020P00000000000000000000001360000030000","tipo":"Urbano","sup_m2":390.7},"geometry":{"type":"Polygon","coordinates":[[[-58.602561,-34.453418],[-58.602189,-34.45322],[-58.602132,-34.453292],[-58.602504,-34.453491],[-58.602561,-34.453418]]]}},{"type":"Feature","properties":{"partida":"057075874","cca":"057020P00000000000000000000001360000031000","tipo":"Urbano","sup_m2":436.8},"geometry":{"type":"Polygon","coordinates":[[[-58.602625,-34.453337],[-58.602253,-34.453139],[-58.602189,-34.45322],[-58.602561,-34.453418],[-58.602625,-34.453337]]]}},{"type":"Feature","properties":{"partida":"057075875","cca":"057020P00000000000000000000001360000032000","tipo":"Urbano","sup_m2":205.5},"geometry":{"type":"Polygon","coordinates":[[[-58.602685,-34.453261],[-58.602498,-34.453162],[-58.602437,-34.453237],[-58.602625,-34.453337],[-58.602685,-34.453261]]]}},{"type":"Feature","properties":{"partida":"057075876","cca":"057020P00000000000000000000001360000033000","tipo":"Urbano","sup_m2":190.1},"geometry":{"type":"Polygon","coordinates":[[[-58.602685,-34.453261],[-58.602785,-34.453135],[-58.602776,-34.453101],[-58.602711,-34.453066],[-58.602594,-34.453213],[-58.602685,-34.453261]]]}},{"type":"Feature","properties":{"partida":"057075877","cca":"057020P00000000000000000000001360000034000","tipo":"Urbano","sup_m2":204.3},"geometry":{"type":"Polygon","coordinates":[[[-58.602498,-34.453162],[-58.602594,-34.453213],[-58.602711,-34.453066],[-58.602616,-34.453015],[-58.602498,-34.453162]]]}},{"type":"Feature","properties":{"partida":"057075878","cca":"057020P00000000000000000000001360000035000","tipo":"Urbano","sup_m2":292.1},"geometry":{"type":"Polygon","coordinates":[[[-58.602525,-34.452966],[-58.602348,-34.45319],[-58.602437,-34.453237],[-58.602616,-34.453015],[-58.602525,-34.452966]]]}},{"type":"Feature","properties":{"partida":"057075879","cca":"057020P00000000000000000000001360000036000","tipo":"Urbano","sup_m2":311.5},"geometry":{"type":"Polygon","coordinates":[[[-58.602253,-34.453139],[-58.602348,-34.45319],[-58.602525,-34.452966],[-58.602428,-34.452915],[-58.602253,-34.453139]]]}},{"type":"Feature","properties":{"partida":"057075880","cca":"057020P00000000000000000000001360000037000","tipo":"Urbano","sup_m2":315.5},"geometry":{"type":"Polygon","coordinates":[[[-58.602253,-34.453139],[-58.602428,-34.452915],[-58.602332,-34.452863],[-58.602155,-34.453087],[-58.602253,-34.453139]]]}},{"type":"Feature","properties":{"partida":"057075881","cca":"057020P00000000000000000000001360000038000","tipo":"Urbano","sup_m2":289.4},"geometry":{"type":"Polygon","coordinates":[[[-58.602243,-34.452815],[-58.602065,-34.453039],[-58.602155,-34.453087],[-58.602332,-34.452863],[-58.602243,-34.452815]]]}},{"type":"Feature","properties":{"partida":"057075882","cca":"057020P00000000000000000000001370000001000","tipo":"Urbano","sup_m2":202.2},"geometry":{"type":"Polygon","coordinates":[[[-58.601258,-34.454065],[-58.601094,-34.453978],[-58.601053,-34.453987],[-58.60101,-34.454041],[-58.6012,-34.45414],[-58.601258,-34.454065]]]}},{"type":"Feature","properties":{"partida":"057075883","cca":"057020P00000000000000000000001370000002000","tipo":"Urbano","sup_m2":207.0},"geometry":{"type":"Polygon","coordinates":[[[-58.60095,-34.454117],[-58.601141,-34.454217],[-58.6012,-34.45414],[-58.60101,-34.454041],[-58.60095,-34.454117]]]}},{"type":"Feature","properties":{"partida":"057075907","cca":"057020P00000000000000000000001370000026000","tipo":"Urbano","sup_m2":417.4},"geometry":{"type":"Polygon","coordinates":[[[-58.600912,-34.454841],[-58.60128,-34.45504],[-58.601342,-34.454961],[-58.600973,-34.454764],[-58.600912,-34.454841]]]}},{"type":"Feature","properties":{"partida":"057075908","cca":"057020P00000000000000000000001370000027000","tipo":"Urbano","sup_m2":385.2},"geometry":{"type":"Polygon","coordinates":[[[-58.6014,-34.454889],[-58.60103,-34.454692],[-58.600973,-34.454764],[-58.601342,-34.454961],[-58.6014,-34.454889]]]}},{"type":"Feature","properties":{"partida":"057075909","cca":"057020P00000000000000000000001370000028000","tipo":"Urbano","sup_m2":414.6},"geometry":{"type":"Polygon","coordinates":[[[-58.601092,-34.454614],[-58.60103,-34.454692],[-58.6014,-34.454889],[-58.60146,-34.454812],[-58.601092,-34.454614]]]}},{"type":"Feature","properties":{"partida":"057075910","cca":"057020P00000000000000000000001370000029000","tipo":"Urbano","sup_m2":373.0},"geometry":{"type":"Polygon","coordinates":[[[-58.601148,-34.454544],[-58.601092,-34.454614],[-58.60146,-34.454812],[-58.601515,-34.454742],[-58.601148,-34.454544]]]}},{"type":"Feature","properties":{"partida":"057075911","cca":"057020P00000000000000000000001370000030000","tipo":"Urbano","sup_m2":408.5},"geometry":{"type":"Polygon","coordinates":[[[-58.601208,-34.454468],[-58.601148,-34.454544],[-58.601515,-34.454742],[-58.601576,-34.454666],[-58.601208,-34.454468]]]}},{"type":"Feature","properties":{"partida":"057075912","cca":"057020P00000000000000000000001370000031000","tipo":"Urbano","sup_m2":413.4},"geometry":{"type":"Polygon","coordinates":[[[-58.601637,-34.454588],[-58.60127,-34.454391],[-58.601208,-34.454468],[-58.601576,-34.454666],[-58.601637,-34.454588]]]}},{"type":"Feature","properties":{"partida":"057075913","cca":"057020P00000000000000000000001370000032000","tipo":"Urbano","sup_m2":201.6},"geometry":{"type":"Polygon","coordinates":[[[-58.601502,-34.454413],[-58.601446,-34.454486],[-58.601637,-34.454588],[-58.601695,-34.454515],[-58.601502,-34.454413]]]}},{"type":"Feature","properties":{"partida":"057075914","cca":"057020P00000000000000000000001370000033000","tipo":"Urbano","sup_m2":206.0},"geometry":{"type":"Polygon","coordinates":[[[-58.601695,-34.454515],[-58.6018,-34.454382],[-58.601788,-34.454346],[-58.601721,-34.45431],[-58.601602,-34.454466],[-58.601695,-34.454515]]]}},{"type":"Feature","properties":{"partida":"057075915","cca":"057020P00000000000000000000001370000034000","tipo":"Urbano","sup_m2":220.7},"geometry":{"type":"Polygon","coordinates":[[[-58.601502,-34.454413],[-58.601602,-34.454466],[-58.601721,-34.45431],[-58.601622,-34.454258],[-58.601502,-34.454413]]]}},{"type":"Feature","properties":{"partida":"057075916","cca":"057020P00000000000000000000001370000035000","tipo":"Urbano","sup_m2":283.5},"geometry":{"type":"Polygon","coordinates":[[[-58.601359,-34.454439],[-58.601446,-34.454486],[-58.601622,-34.454258],[-58.601536,-34.454213],[-58.601359,-34.454439]]]}},{"type":"Feature","properties":{"partida":"057075917","cca":"057020P00000000000000000000001370000036000","tipo":"Urbano","sup_m2":289.7},"geometry":{"type":"Polygon","coordinates":[[[-58.601359,-34.454439],[-58.601536,-34.454213],[-58.601448,-34.454166],[-58.60127,-34.454391],[-58.601359,-34.454439]]]}},{"type":"Feature","properties":{"partida":"057075918","cca":"057020P00000000000000000000001370000037000","tipo":"Urbano","sup_m2":320.1},"geometry":{"type":"Polygon","coordinates":[[[-58.601173,-34.454339],[-58.60127,-34.454391],[-58.601448,-34.454166],[-58.601348,-34.454113],[-58.601173,-34.454339]]]}},{"type":"Feature","properties":{"partida":"057075919","cca":"057020P00000000000000000000001370000038000","tipo":"Urbano","sup_m2":294.1},"geometry":{"type":"Polygon","coordinates":[[[-58.601258,-34.454065],[-58.601083,-34.454291],[-58.601173,-34.454339],[-58.601348,-34.454113],[-58.601258,-34.454065]]]}},{"type":"Feature","properties":{"partida":"057075940","cca":"057020P0000000000000000000000139000000100A","tipo":"Urbano","sup_m2":271.3},"geometry":{"type":"Polygon","coordinates":[[[-58.603084,-34.453378],[-58.603152,-34.453292],[-58.602966,-34.453192],[-58.602907,-34.453204],[-58.602862,-34.453262],[-58.603084,-34.453378]]]}},{"type":"Feature","properties":{"partida":"057075941","cca":"057020P0000000000000000000000139000000100B","tipo":"Urbano","sup_m2":227.6},"geometry":{"type":"Polygon","coordinates":[[[-58.602862,-34.453262],[-58.602805,-34.453332],[-58.603024,-34.453449],[-58.603084,-34.453378],[-58.602862,-34.453262]]]}},{"type":"Feature","properties":{"partida":"057075942","cca":"057020P0000000000000000000000139000000100C","tipo":"Urbano","sup_m2":378.0},"geometry":{"type":"Polygon","coordinates":[[[-58.603146,-34.453513],[-58.602805,-34.453332],[-58.602744,-34.45341],[-58.603087,-34.453589],[-58.603146,-34.453513]]]}},{"type":"Feature","properties":{"partida":"057075943","cca":"057020P00000000000000000000001390000002000","tipo":"Urbano","sup_m2":397.3},"geometry":{"type":"Polygon","coordinates":[[[-58.603072,-34.453612],[-58.603087,-34.453589],[-58.602744,-34.45341],[-58.602682,-34.45349],[-58.603023,-34.45367],[-58.603072,-34.453612]]]}},{"type":"Feature","properties":{"partida":"057075944","cca":"057020P00000000000000000000001390000003000","tipo":"Urbano","sup_m2":371.2},"geometry":{"type":"Polygon","coordinates":[[[-58.602963,-34.453745],[-58.603023,-34.45367],[-58.602682,-34.45349],[-58.602623,-34.453565],[-58.602963,-34.453745]]]}},{"type":"Feature","properties":{"partida":"057075945","cca":"057020P00000000000000000000001390000004000","tipo":"Urbano","sup_m2":364.2},"geometry":{"type":"Polygon","coordinates":[[[-58.602623,-34.453565],[-58.602565,-34.453639],[-58.602907,-34.453819],[-58.602963,-34.453745],[-58.602623,-34.453565]]]}},{"type":"Feature","properties":{"partida":"057075946","cca":"057020P00000000000000000000001390000005000","tipo":"Urbano","sup_m2":374.9},"geometry":{"type":"Polygon","coordinates":[[[-58.602846,-34.453897],[-58.602907,-34.453819],[-58.602565,-34.453639],[-58.602506,-34.453715],[-58.602846,-34.453897]]]}},{"type":"Feature","properties":{"partida":"057075947","cca":"057020P00000000000000000000001390000006000","tipo":"Urbano","sup_m2":180.5},"geometry":{"type":"Polygon","coordinates":[[[-58.602497,-34.453726],[-58.602444,-34.453792],[-58.602632,-34.453892],[-58.602686,-34.453826],[-58.602497,-34.453726]]]}},{"type":"Feature","properties":{"partida":"057138779","cca":"057020P0000000000000000000000139000000600A","tipo":"Urbano","sup_m2":202.4},"geometry":{"type":"Polygon","coordinates":[[[-58.602506,-34.453715],[-58.602497,-34.453726],[-58.602686,-34.453826],[-58.602632,-34.453892],[-58.602787,-34.453975],[-58.602846,-34.453897],[-58.602506,-34.453715]]]}},{"type":"Feature","properties":{"partida":"057075948","cca":"057020P00000000000000000000001390000007000","tipo":"Urbano","sup_m2":356.7},"geometry":{"type":"Polygon","coordinates":[[[-58.602444,-34.453792],[-58.602387,-34.453866],[-58.60273,-34.454045],[-58.602787,-34.453975],[-58.602444,-34.453792]]]}},{"type":"Feature","properties":{"partida":"057075949","cca":"057020P00000000000000000000001390000008000","tipo":"Urbano","sup_m2":350.1},"geometry":{"type":"Polygon","coordinates":[[[-58.602673,-34.454117],[-58.60273,-34.454045],[-58.602387,-34.453866],[-58.602334,-34.453936],[-58.602673,-34.454117]]]}},{"type":"Feature","properties":{"partida":"057075950","cca":"057020P00000000000000000000001390000009000","tipo":"Urbano","sup_m2":366.9},"geometry":{"type":"Polygon","coordinates":[[[-58.602613,-34.454192],[-58.602673,-34.454117],[-58.602334,-34.453936],[-58.602275,-34.45401],[-58.602613,-34.454192]]]}},{"type":"Feature","properties":{"partida":"057075951","cca":"057020P00000000000000000000001390000010000","tipo":"Urbano","sup_m2":365.2},"geometry":{"type":"Polygon","coordinates":[[[-58.602556,-34.454265],[-58.602613,-34.454192],[-58.602275,-34.45401],[-58.602214,-34.454084],[-58.602556,-34.454265]]]}},{"type":"Feature","properties":{"partida":"057075952","cca":"057020P00000000000000000000001390000011000","tipo":"Urbano","sup_m2":378.4},"geometry":{"type":"Polygon","coordinates":[[[-58.602214,-34.454084],[-58.602155,-34.454163],[-58.602495,-34.454342],[-58.602556,-34.454265],[-58.602214,-34.454084]]]}},{"type":"Feature","properties":{"partida":"057075953","cca":"057020P0000000000000000000000139000001200A","tipo":"Urbano","sup_m2":229.2},"geometry":{"type":"Polygon","coordinates":[[[-58.6021,-34.454235],[-58.602317,-34.454352],[-58.602373,-34.454276],[-58.602155,-34.454163],[-58.6021,-34.454235]]]}},{"type":"Feature","properties":{"partida":"057075954","cca":"057020P0000000000000000000000139000001200B","tipo":"Urbano","sup_m2":246.0},"geometry":{"type":"Polygon","coordinates":[[[-58.602317,-34.454352],[-58.6021,-34.454235],[-58.602057,-34.454285],[-58.602067,-34.45433],[-58.602254,-34.454431],[-58.602317,-34.454352]]]}},{"type":"Feature","properties":{"partida":"057075955","cca":"057020P0000000000000000000000139000001200C","tipo":"Urbano","sup_m2":270.2},"geometry":{"type":"Polygon","coordinates":[[[-58.602376,-34.454497],[-58.602495,-34.454342],[-58.602373,-34.454276],[-58.602254,-34.454431],[-58.602376,-34.454497]]]}},{"type":"Feature","properties":{"partida":"057028021","cca":"057020P00000000000000000000001390000013000","tipo":"Urbano","sup_m2":395.8},"geometry":{"type":"Polygon","coordinates":[[[-58.602376,-34.454497],[-58.602483,-34.454554],[-58.602683,-34.454303],[-58.60257,-34.454247],[-58.602376,-34.454497]]]}},{"type":"Feature","properties":{"partida":"057079545","cca":"057020P00000000000000000000001390000014000","tipo":"Urbano","sup_m2":354.0},"geometry":{"type":"Polygon","coordinates":[[[-58.60258,-34.454607],[-58.602778,-34.454358],[-58.602683,-34.454303],[-58.602483,-34.454554],[-58.60258,-34.454607]]]}},{"type":"Feature","properties":{"partida":"057079546","cca":"057020P00000000000000000000001390000015000","tipo":"Urbano","sup_m2":472.3},"geometry":{"type":"Polygon","coordinates":[[[-58.602778,-34.454358],[-58.60258,-34.454607],[-58.602679,-34.454657],[-58.602741,-34.454645],[-58.602911,-34.454427],[-58.602778,-34.454358]]]}},{"type":"Feature","properties":{"partida":"057079547","cca":"057020P00000000000000000000001390000016000","tipo":"Urbano","sup_m2":437.4},"geometry":{"type":"Polygon","coordinates":[[[-58.602643,-34.454157],[-58.60257,-34.454247],[-58.602683,-34.454303],[-58.602778,-34.454358],[-58.602911,-34.454427],[-58.602979,-34.454338],[-58.602643,-34.454157]]]}},{"type":"Feature","properties":{"partida":"057079548","cca":"057020P00000000000000000000001390000017000","tipo":"Urbano","sup_m2":446.1},"geometry":{"type":"Polygon","coordinates":[[[-58.602715,-34.454065],[-58.602643,-34.454157],[-58.602979,-34.454338],[-58.60305,-34.454247],[-58.602715,-34.454065]]]}},{"type":"Feature","properties":{"partida":"057079549","cca":"057020P00000000000000000000001390000018000","tipo":"Urbano","sup_m2":438.3},"geometry":{"type":"Polygon","coordinates":[[[-58.602787,-34.453975],[-58.602715,-34.454065],[-58.60305,-34.454247],[-58.603121,-34.454158],[-58.602787,-34.453975]]]}},{"type":"Feature","properties":{"partida":"057079550","cca":"057020P00000000000000000000001390000019000","tipo":"Urbano","sup_m2":434.5},"geometry":{"type":"Polygon","coordinates":[[[-58.602855,-34.453885],[-58.602787,-34.453975],[-58.603121,-34.454158],[-58.60319,-34.454069],[-58.602855,-34.453885]]]}},{"type":"Feature","properties":{"partida":"057079551","cca":"057020P00000000000000000000001390000020000","tipo":"Urbano","sup_m2":436.7},"geometry":{"type":"Polygon","coordinates":[[[-58.602926,-34.453796],[-58.602855,-34.453885],[-58.60319,-34.454069],[-58.603261,-34.453979],[-58.602926,-34.453796]]]}},{"type":"Feature","properties":{"partida":"057079552","cca":"057020P00000000000000000000001390000021000","tipo":"Urbano","sup_m2":445.9},"geometry":{"type":"Polygon","coordinates":[[[-58.602963,-34.453745],[-58.602926,-34.453796],[-58.603261,-34.453979],[-58.603333,-34.453884],[-58.602996,-34.453707],[-58.602963,-34.453745]]]}},{"type":"Feature","properties":{"partida":"057079553","cca":"057020P00000000000000000000001390000022000","tipo":"Urbano","sup_m2":464.4},"geometry":{"type":"Polygon","coordinates":[[[-58.603072,-34.453612],[-58.602996,-34.453707],[-58.603333,-34.453884],[-58.603409,-34.453789],[-58.603072,-34.453612]]]}},{"type":"Feature","properties":{"partida":"057079554","cca":"057020P00000000000000000000001390000023000","tipo":"Urbano","sup_m2":476.9},"geometry":{"type":"Polygon","coordinates":[[[-58.603276,-34.453721],[-58.603409,-34.453789],[-58.603586,-34.453558],[-58.603574,-34.453518],[-58.603474,-34.453463],[-58.603276,-34.453721]]]}},{"type":"Feature","properties":{"partida":"057079555","cca":"057020P00000000000000000000001390000024000","tipo":"Urbano","sup_m2":369.6},"geometry":{"type":"Polygon","coordinates":[[[-58.603474,-34.453463],[-58.603376,-34.45341],[-58.603175,-34.453667],[-58.603276,-34.453721],[-58.603474,-34.453463]]]}},{"type":"Feature","properties":{"partida":"057079556","cca":"057020P00000000000000000000001390000025000","tipo":"Urbano","sup_m2":390.1},"geometry":{"type":"Polygon","coordinates":[[[-58.603087,-34.453589],[-58.603072,-34.453612],[-58.603175,-34.453667],[-58.603376,-34.45341],[-58.603273,-34.453354],[-58.603087,-34.453589]]]}},{"type":"Feature","properties":{"partida":"057075956","cca":"057020P00000000000000000000001390000026000","tipo":"Urbano","sup_m2":276.6},"geometry":{"type":"Polygon","coordinates":[[[-58.603024,-34.453449],[-58.603146,-34.453513],[-58.603273,-34.453354],[-58.603152,-34.453292],[-58.603024,-34.453449]]]}},{"type":"Feature","properties":{"partida":"057075957","cca":"057020P0000000000000000000000140000000100A","tipo":"Urbano","sup_m2":261.1},"geometry":{"type":"Polygon","coordinates":[[[-58.602176,-34.454543],[-58.601984,-34.454442],[-58.601939,-34.45445],[-58.601891,-34.454511],[-58.602111,-34.454628],[-58.602176,-34.454543]]]}},{"type":"Feature","properties":{"partida":"057075958","cca":"057020P0000000000000000000000140000000100B","tipo":"Urbano","sup_m2":236.8},"geometry":{"type":"Polygon","coordinates":[[[-58.602053,-34.454702],[-58.602111,-34.454628],[-58.601891,-34.454511],[-58.601833,-34.454586],[-58.602053,-34.454702]]]}},{"type":"Feature","properties":{"partida":"057075959","cca":"057020P0000000000000000000000140000000100C","tipo":"Urbano","sup_m2":367.1},"geometry":{"type":"Polygon","coordinates":[[[-58.602174,-34.454766],[-58.601833,-34.454586],[-58.601775,-34.454661],[-58.602115,-34.454841],[-58.602174,-34.454766]]]}},{"type":"Feature","properties":{"partida":"057075960","cca":"057020P00000000000000000000001400000002000","tipo":"Urbano","sup_m2":374.0},"geometry":{"type":"Polygon","coordinates":[[[-58.602057,-34.454916],[-58.602115,-34.454841],[-58.601775,-34.454661],[-58.601715,-34.454739],[-58.602057,-34.454916]]]}},{"type":"Feature","properties":{"partida":"057075961","cca":"057020P00000000000000000000001400000003000","tipo":"Urbano","sup_m2":391.0},"geometry":{"type":"Polygon","coordinates":[[[-58.601653,-34.454818],[-58.601995,-34.454996],[-58.602057,-34.454916],[-58.601715,-34.454739],[-58.601653,-34.454818]]]}},{"type":"Feature","properties":{"partida":"057075962","cca":"057020P00000000000000000000001400000004000","tipo":"Urbano","sup_m2":340.1},"geometry":{"type":"Polygon","coordinates":[[[-58.60194,-34.455066],[-58.601995,-34.454996],[-58.601653,-34.454818],[-58.601599,-34.454888],[-58.60194,-34.455066]]]}},{"type":"Feature","properties":{"partida":"057075963","cca":"057020P00000000000000000000001400000005000","tipo":"Urbano","sup_m2":384.1},"geometry":{"type":"Polygon","coordinates":[[[-58.60188,-34.455145],[-58.60194,-34.455066],[-58.601599,-34.454888],[-58.601539,-34.454966],[-58.60188,-34.455145]]]}},{"type":"Feature","properties":{"partida":"057075964","cca":"057020P00000000000000000000001400000006000","tipo":"Urbano","sup_m2":371.1},"geometry":{"type":"Polygon","coordinates":[[[-58.60188,-34.455145],[-58.601539,-34.454966],[-58.601479,-34.455043],[-58.601821,-34.45522],[-58.60188,-34.455145]]]}},{"type":"Feature","properties":{"partida":"057075965","cca":"057020P00000000000000000000001400000007000","tipo":"Urbano","sup_m2":367.4},"geometry":{"type":"Polygon","coordinates":[[[-58.601421,-34.455118],[-58.601763,-34.455295],[-58.601821,-34.45522],[-58.601479,-34.455043],[-58.601421,-34.455118]]]}},{"type":"Feature","properties":{"partida":"057075966","cca":"057020P00000000000000000000001400000008000","tipo":"Urbano","sup_m2":361.2},"geometry":{"type":"Polygon","coordinates":[[[-58.601705,-34.455369],[-58.601763,-34.455295],[-58.601421,-34.455118],[-58.601364,-34.455191],[-58.601705,-34.455369]]]}},{"type":"Feature","properties":{"partida":"057075967","cca":"057020P00000000000000000000001400000009000","tipo":"Urbano","sup_m2":348.4},"geometry":{"type":"Polygon","coordinates":[[[-58.60165,-34.455441],[-58.601705,-34.455369],[-58.601364,-34.455191],[-58.601309,-34.455262],[-58.60165,-34.455441]]]}},{"type":"Feature","properties":{"partida":"057075968","cca":"057020P00000000000000000000001400000010000","tipo":"Urbano","sup_m2":379.7},"geometry":{"type":"Polygon","coordinates":[[[-58.601249,-34.45534],[-58.601589,-34.455519],[-58.60165,-34.455441],[-58.601309,-34.455262],[-58.601249,-34.45534]]]}},{"type":"Feature","properties":{"partida":"057075969","cca":"057020P00000000000000000000001400000011000","tipo":"Urbano","sup_m2":365.1},"geometry":{"type":"Polygon","coordinates":[[[-58.601531,-34.455594],[-58.601589,-34.455519],[-58.601249,-34.45534],[-58.601191,-34.455414],[-58.601531,-34.455594]]]}},{"type":"Feature","properties":{"partida":"057075970","cca":"057020P0000000000000000000000140000001200A","tipo":"Urbano","sup_m2":238.8},"geometry":{"type":"Polygon","coordinates":[[[-58.601409,-34.45553],[-58.601191,-34.455414],[-58.601133,-34.45549],[-58.60135,-34.455606],[-58.601409,-34.45553]]]}},{"type":"Feature","properties":{"partida":"057075971","cca":"057020P0000000000000000000000140000001200B","tipo":"Urbano","sup_m2":244.1},"geometry":{"type":"Polygon","coordinates":[[[-58.601289,-34.455685],[-58.60135,-34.455606],[-58.601133,-34.45549],[-58.601086,-34.455549],[-58.601096,-34.455582],[-58.601289,-34.455685]]]}},{"type":"Feature","properties":{"partida":"057075972","cca":"057020P0000000000000000000000140000001200C","tipo":"Urbano","sup_m2":271.3},"geometry":{"type":"Polygon","coordinates":[[[-58.601409,-34.45553],[-58.601289,-34.455685],[-58.601411,-34.455749],[-58.601531,-34.455594],[-58.601409,-34.45553]]]}},{"type":"Feature","properties":{"partida":"057028022","cca":"057020P00000000000000000000001400000013000","tipo":"Urbano","sup_m2":393.1},"geometry":{"type":"Polygon","coordinates":[[[-58.601521,-34.455808],[-58.601713,-34.455554],[-58.601606,-34.455497],[-58.601411,-34.455749],[-58.601521,-34.455808]]]}},{"type":"Feature","properties":{"partida":"057059823","cca":"057020P00000000000000000000001400000014000","tipo":"Urbano","sup_m2":364.8},"geometry":{"type":"Polygon","coordinates":[[[-58.601814,-34.455608],[-58.601713,-34.455554],[-58.601521,-34.455808],[-58.60162,-34.455861],[-58.601814,-34.455608]]]}},{"type":"Feature","properties":{"partida":"057059824","cca":"057020P00000000000000000000001400000015000","tipo":"Urbano","sup_m2":450.8},"geometry":{"type":"Polygon","coordinates":[[[-58.601814,-34.455608],[-58.60162,-34.455861],[-58.601719,-34.455913],[-58.601764,-34.455903],[-58.601941,-34.455676],[-58.601814,-34.455608]]]}},{"type":"Feature","properties":{"partida":"057059825","cca":"057020P00000000000000000000001400000016000","tipo":"Urbano","sup_m2":437.2},"geometry":{"type":"Polygon","coordinates":[[[-58.601675,-34.455408],[-58.601606,-34.455497],[-58.601941,-34.455676],[-58.602012,-34.455584],[-58.601675,-34.455408]]]}},{"type":"Feature","properties":{"partida":"057059826","cca":"057020P00000000000000000000001400000017000","tipo":"Urbano","sup_m2":444.1},"geometry":{"type":"Polygon","coordinates":[[[-58.602012,-34.455584],[-58.602084,-34.455492],[-58.601747,-34.455316],[-58.601675,-34.455408],[-58.602012,-34.455584]]]}},{"type":"Feature","properties":{"partida":"057059827","cca":"057020P00000000000000000000001400000018000","tipo":"Urbano","sup_m2":438.0},"geometry":{"type":"Polygon","coordinates":[[[-58.601818,-34.455223],[-58.601747,-34.455316],[-58.602084,-34.455492],[-58.602153,-34.455403],[-58.601818,-34.455223]]]}},{"type":"Feature","properties":{"partida":"057059828","cca":"057020P00000000000000000000001400000019000","tipo":"Urbano","sup_m2":435.9},"geometry":{"type":"Polygon","coordinates":[[[-58.602224,-34.455312],[-58.601888,-34.455134],[-58.601818,-34.455223],[-58.602153,-34.455403],[-58.602224,-34.455312]]]}},{"type":"Feature","properties":{"partida":"057059829","cca":"057020P00000000000000000000001400000020000","tipo":"Urbano","sup_m2":428.5},"geometry":{"type":"Polygon","coordinates":[[[-58.601955,-34.455048],[-58.601888,-34.455134],[-58.602224,-34.455312],[-58.602294,-34.455222],[-58.601955,-34.455048]]]}},{"type":"Feature","properties":{"partida":"057059830","cca":"057020P00000000000000000000001400000021000","tipo":"Urbano","sup_m2":459.7},"geometry":{"type":"Polygon","coordinates":[[[-58.601955,-34.455048],[-58.602294,-34.455222],[-58.602367,-34.455128],[-58.60203,-34.454951],[-58.601955,-34.455048]]]}},{"type":"Feature","properties":{"partida":"057059831","cca":"057020P00000000000000000000001400000022000","tipo":"Urbano","sup_m2":434.4},"geometry":{"type":"Polygon","coordinates":[[[-58.6021,-34.454861],[-58.60203,-34.454951],[-58.602367,-34.455128],[-58.602436,-34.45504],[-58.6021,-34.454861]]]}},{"type":"Feature","properties":{"partida":"057059832","cca":"057020P00000000000000000000001400000023000","tipo":"Urbano","sup_m2":470.5},"geometry":{"type":"Polygon","coordinates":[[[-58.602505,-34.454716],[-58.602307,-34.454971],[-58.602436,-34.45504],[-58.602613,-34.454812],[-58.602608,-34.45477],[-58.602505,-34.454716]]]}},{"type":"Feature","properties":{"partida":"057059833","cca":"057020P00000000000000000000001400000024000","tipo":"Urbano","sup_m2":356.4},"geometry":{"type":"Polygon","coordinates":[[[-58.602212,-34.45492],[-58.602307,-34.454971],[-58.602505,-34.454716],[-58.602406,-34.454664],[-58.602212,-34.45492]]]}},{"type":"Feature","properties":{"partida":"057059834","cca":"057020P00000000000000000000001400000025000","tipo":"Urbano","sup_m2":405.4},"geometry":{"type":"Polygon","coordinates":[[[-58.6021,-34.454861],[-58.602212,-34.45492],[-58.602406,-34.454664],[-58.602297,-34.454606],[-58.6021,-34.454861]]]}},{"type":"Feature","properties":{"partida":"057075973","cca":"057020P00000000000000000000001400000026000","tipo":"Urbano","sup_m2":276.1},"geometry":{"type":"Polygon","coordinates":[[[-58.602176,-34.454543],[-58.602053,-34.454702],[-58.602174,-34.454766],[-58.602297,-34.454606],[-58.602176,-34.454543]]]}},{"type":"Feature","properties":{"partida":"057078985","cca":"057020P00000000000000000000001410000017000","tipo":"Urbano","sup_m2":445.7},"geometry":{"type":"Polygon","coordinates":[[[-58.601331,-34.456502],[-58.600993,-34.456318],[-58.600922,-34.456409],[-58.60126,-34.456593],[-58.601331,-34.456502]]]}},{"type":"Feature","properties":{"partida":"057078986","cca":"057020P00000000000000000000001410000018000","tipo":"Urbano","sup_m2":446.0},"geometry":{"type":"Polygon","coordinates":[[[-58.601064,-34.456227],[-58.600993,-34.456318],[-58.601331,-34.456502],[-58.601402,-34.456411],[-58.601064,-34.456227]]]}},{"type":"Feature","properties":{"partida":"057078987","cca":"057020P00000000000000000000001410000019000","tipo":"Urbano","sup_m2":445.6},"geometry":{"type":"Polygon","coordinates":[[[-58.601473,-34.456321],[-58.601136,-34.456137],[-58.601064,-34.456227],[-58.601402,-34.456411],[-58.601473,-34.456321]]]}},{"type":"Feature","properties":{"partida":"057078988","cca":"057020P00000000000000000000001410000020000","tipo":"Urbano","sup_m2":428.9},"geometry":{"type":"Polygon","coordinates":[[[-58.601473,-34.456321],[-58.601648,-34.456099],[-58.601644,-34.456058],[-58.60155,-34.456007],[-58.601354,-34.456256],[-58.601473,-34.456321]]]}},{"type":"Feature","properties":{"partida":"057078989","cca":"057020P00000000000000000000001410000021000","tipo":"Urbano","sup_m2":396.2},"geometry":{"type":"Polygon","coordinates":[[[-58.601354,-34.456256],[-58.60155,-34.456007],[-58.601441,-34.455947],[-58.601245,-34.456196],[-58.601354,-34.456256]]]}},{"type":"Feature","properties":{"partida":"057078990","cca":"057020P00000000000000000000001410000022000","tipo":"Urbano","sup_m2":396.0},"geometry":{"type":"Polygon","coordinates":[[[-58.601332,-34.455888],[-58.601136,-34.456137],[-58.601245,-34.456196],[-58.601441,-34.455947],[-58.601332,-34.455888]]]}},{"type":"Feature","properties":{"partida":"057075982","cca":"057020P00000000000000000000001410000026000","tipo":"Urbano","sup_m2":272.6},"geometry":{"type":"Polygon","coordinates":[[[-58.601332,-34.455888],[-58.601212,-34.455823],[-58.601089,-34.455979],[-58.601208,-34.456044],[-58.601332,-34.455888]]]}},{"type":"Feature","properties":{"partida":"057028018","cca":"057020P00000000000000000000001420000001000","tipo":"Urbano","sup_m2":452.3},"geometry":{"type":"Polygon","coordinates":[[[-58.603671,-34.453932],[-58.603862,-34.453681],[-58.603771,-34.453631],[-58.60371,-34.453647],[-58.603542,-34.453861],[-58.603671,-34.453932]]]}},{"type":"Feature","properties":{"partida":"057059835","cca":"057020P00000000000000000000001420000002000","tipo":"Urbano","sup_m2":459.6},"geometry":{"type":"Polygon","coordinates":[[[-58.603806,-34.454138],[-58.603878,-34.454046],[-58.603542,-34.453861],[-58.603467,-34.453957],[-58.603806,-34.454138]]]}},{"type":"Feature","properties":{"partida":"057059836","cca":"057020P00000000000000000000001420000003000","tipo":"Urbano","sup_m2":439.2},"geometry":{"type":"Polygon","coordinates":[[[-58.603806,-34.454138],[-58.603467,-34.453957],[-58.603398,-34.454045],[-58.603735,-34.454228],[-58.603806,-34.454138]]]}},{"type":"Feature","properties":{"partida":"057059837","cca":"057020P00000000000000000000001420000004000","tipo":"Urbano","sup_m2":422.4},"geometry":{"type":"Polygon","coordinates":[[[-58.60333,-34.454132],[-58.603668,-34.454314],[-58.603735,-34.454228],[-58.603398,-34.454045],[-58.60333,-34.454132]]]}},{"type":"Feature","properties":{"partida":"057059838","cca":"057020P00000000000000000000001420000005000","tipo":"Urbano","sup_m2":420.8},"geometry":{"type":"Polygon","coordinates":[[[-58.6036,-34.4544],[-58.603668,-34.454314],[-58.60333,-34.454132],[-58.603262,-34.454218],[-58.6036,-34.4544]]]}},{"type":"Feature","properties":{"partida":"057059839","cca":"057020P00000000000000000000001420000006000","tipo":"Urbano","sup_m2":458.9},"geometry":{"type":"Polygon","coordinates":[[[-58.603526,-34.454494],[-58.6036,-34.4544],[-58.603262,-34.454218],[-58.60319,-34.454311],[-58.603526,-34.454494]]]}},{"type":"Feature","properties":{"partida":"057059840","cca":"057020P00000000000000000000001420000007000","tipo":"Urbano","sup_m2":434.6},"geometry":{"type":"Polygon","coordinates":[[[-58.603456,-34.454584],[-58.603526,-34.454494],[-58.60319,-34.454311],[-58.603121,-34.454398],[-58.603456,-34.454584]]]}},{"type":"Feature","properties":{"partida":"057059841","cca":"057020P00000000000000000000001420000008000","tipo":"Urbano","sup_m2":447.9},"geometry":{"type":"Polygon","coordinates":[[[-58.603049,-34.45449],[-58.603385,-34.454675],[-58.603456,-34.454584],[-58.603121,-34.454398],[-58.603049,-34.45449]]]}},{"type":"Feature","properties":{"partida":"057059842","cca":"057020P00000000000000000000001420000009000","tipo":"Urbano","sup_m2":466.1},"geometry":{"type":"Polygon","coordinates":[[[-58.603175,-34.45456],[-58.603049,-34.45449],[-58.602879,-34.454706],[-58.60289,-34.454763],[-58.602984,-34.454815],[-58.603175,-34.45456]]]}},{"type":"Feature","properties":{"partida":"057059843","cca":"057020P00000000000000000000001420000010000","tipo":"Urbano","sup_m2":387.6},"geometry":{"type":"Polygon","coordinates":[[[-58.603085,-34.454871],[-58.603285,-34.45462],[-58.603175,-34.45456],[-58.602984,-34.454815],[-58.603085,-34.454871]]]}},{"type":"Feature","properties":{"partida":"057059844","cca":"057020P00000000000000000000001420000011000","tipo":"Urbano","sup_m2":371.0},"geometry":{"type":"Polygon","coordinates":[[[-58.603385,-34.454675],[-58.603285,-34.45462],[-58.603085,-34.454871],[-58.603186,-34.454927],[-58.603385,-34.454675]]]}},{"type":"Feature","properties":{"partida":"057059845","cca":"057020P00000000000000000000001420000012000","tipo":"Urbano","sup_m2":401.5},"geometry":{"type":"Polygon","coordinates":[[[-58.603385,-34.454675],[-58.603186,-34.454927],[-58.603294,-34.454987],[-58.603494,-34.454735],[-58.603385,-34.454675]]]}},{"type":"Feature","properties":{"partida":"057059846","cca":"057020P00000000000000000000001420000013000","tipo":"Urbano","sup_m2":399.3},"geometry":{"type":"Polygon","coordinates":[[[-58.603602,-34.454794],[-58.603494,-34.454735],[-58.603294,-34.454987],[-58.603401,-34.455047],[-58.603602,-34.454794]]]}},{"type":"Feature","properties":{"partida":"057059847","cca":"057020P00000000000000000000001420000014000","tipo":"Urbano","sup_m2":423.6},"geometry":{"type":"Polygon","coordinates":[[[-58.603401,-34.455047],[-58.603477,-34.455089],[-58.603552,-34.455072],[-58.603719,-34.454858],[-58.603602,-34.454794],[-58.603401,-34.455047]]]}},{"type":"Feature","properties":{"partida":"057059848","cca":"057020P00000000000000000000001420000015000","tipo":"Urbano","sup_m2":440.1},"geometry":{"type":"Polygon","coordinates":[[[-58.603385,-34.454675],[-58.603719,-34.454858],[-58.603789,-34.454768],[-58.603456,-34.454584],[-58.603385,-34.454675]]]}},{"type":"Feature","properties":{"partida":"057059849","cca":"057020P00000000000000000000001420000016000","tipo":"Urbano","sup_m2":439.6},"geometry":{"type":"Polygon","coordinates":[[[-58.60386,-34.454677],[-58.603526,-34.454494],[-58.603456,-34.454584],[-58.603789,-34.454768],[-58.60386,-34.454677]]]}},{"type":"Feature","properties":{"partida":"057059850","cca":"057020P00000000000000000000001420000017000","tipo":"Urbano","sup_m2":462.4},"geometry":{"type":"Polygon","coordinates":[[[-58.6036,-34.4544],[-58.603526,-34.454494],[-58.60386,-34.454677],[-58.603935,-34.454581],[-58.6036,-34.4544]]]}},{"type":"Feature","properties":{"partida":"057059851","cca":"057020P00000000000000000000001420000018000","tipo":"Urbano","sup_m2":419.6},"geometry":{"type":"Polygon","coordinates":[[[-58.603668,-34.454314],[-58.6036,-34.4544],[-58.603935,-34.454581],[-58.604003,-34.454494],[-58.603668,-34.454314]]]}},{"type":"Feature","properties":{"partida":"057059852","cca":"057020P00000000000000000000001420000019000","tipo":"Urbano","sup_m2":414.0},"geometry":{"type":"Polygon","coordinates":[[[-58.603735,-34.454228],[-58.603668,-34.454314],[-58.604003,-34.454494],[-58.604069,-34.454409],[-58.603735,-34.454228]]]}},{"type":"Feature","properties":{"partida":"057059853","cca":"057020P00000000000000000000001420000020000","tipo":"Urbano","sup_m2":442.0},"geometry":{"type":"Polygon","coordinates":[[[-58.603806,-34.454138],[-58.603735,-34.454228],[-58.604069,-34.454409],[-58.604141,-34.454317],[-58.603806,-34.454138]]]}},{"type":"Feature","properties":{"partida":"057059854","cca":"057020P00000000000000000000001420000021000","tipo":"Urbano","sup_m2":434.1},"geometry":{"type":"Polygon","coordinates":[[[-58.603878,-34.454046],[-58.603806,-34.454138],[-58.604141,-34.454317],[-58.604209,-34.454229],[-58.603878,-34.454046]]]}},{"type":"Feature","properties":{"partida":"057059855","cca":"057020P00000000000000000000001420000022000","tipo":"Urbano","sup_m2":435.4},"geometry":{"type":"Polygon","coordinates":[[[-58.60428,-34.453913],[-58.604088,-34.454162],[-58.604209,-34.454229],[-58.604383,-34.454007],[-58.604364,-34.45396],[-58.60428,-34.453913]]]}},{"type":"Feature","properties":{"partida":"057059856","cca":"057020P00000000000000000000001420000023000","tipo":"Urbano","sup_m2":372.0},"geometry":{"type":"Polygon","coordinates":[[[-58.60428,-34.453913],[-58.604177,-34.453856],[-58.603985,-34.454105],[-58.604088,-34.454162],[-58.60428,-34.453913]]]}},{"type":"Feature","properties":{"partida":"057059857","cca":"057020P00000000000000000000001420000024000","tipo":"Urbano","sup_m2":385.3},"geometry":{"type":"Polygon","coordinates":[[[-58.603878,-34.454046],[-58.603985,-34.454105],[-58.604177,-34.453856],[-58.604072,-34.453798],[-58.603878,-34.454046]]]}},{"type":"Feature","properties":{"partida":"057059858","cca":"057020P00000000000000000000001420000025000","tipo":"Urbano","sup_m2":391.0},"geometry":{"type":"Polygon","coordinates":[[[-58.603878,-34.454046],[-58.604072,-34.453798],[-58.60396,-34.453736],[-58.603775,-34.453989],[-58.603878,-34.454046]]]}},{"type":"Feature","properties":{"partida":"057059859","cca":"057020P00000000000000000000001420000026000","tipo":"Urbano","sup_m2":366.5},"geometry":{"type":"Polygon","coordinates":[[[-58.603862,-34.453681],[-58.603671,-34.453932],[-58.603775,-34.453989],[-58.60396,-34.453736],[-58.603862,-34.453681]]]}},{"type":"Feature","properties":{"partida":"057028019","cca":"057020P00000000000000000000001430000001000","tipo":"Urbano","sup_m2":445.5},"geometry":{"type":"Polygon","coordinates":[[[-58.602573,-34.455117],[-58.602701,-34.455185],[-58.602894,-34.454933],[-58.602811,-34.454888],[-58.602741,-34.454902],[-58.602573,-34.455117]]]}},{"type":"Feature","properties":{"partida":"057045131","cca":"057020P00000000000000000000001430000002000","tipo":"Urbano","sup_m2":437.6},"geometry":{"type":"Polygon","coordinates":[[[-58.602837,-34.455386],[-58.602908,-34.455295],[-58.602573,-34.455117],[-58.602503,-34.455206],[-58.602837,-34.455386]]]}},{"type":"Feature","properties":{"partida":"057045132","cca":"057020P00000000000000000000001430000003000","tipo":"Urbano","sup_m2":445.8},"geometry":{"type":"Polygon","coordinates":[[[-58.602837,-34.455386],[-58.602503,-34.455206],[-58.602431,-34.455298],[-58.602765,-34.455478],[-58.602837,-34.455386]]]}},{"type":"Feature","properties":{"partida":"057045133","cca":"057020P00000000000000000000001430000004000","tipo":"Urbano","sup_m2":435.8},"geometry":{"type":"Polygon","coordinates":[[[-58.602765,-34.455478],[-58.602431,-34.455298],[-58.602359,-34.45539],[-58.602697,-34.455566],[-58.602765,-34.455478]]]}},{"type":"Feature","properties":{"partida":"057045134","cca":"057020P00000000000000000000001430000005000","tipo":"Urbano","sup_m2":412.2},"geometry":{"type":"Polygon","coordinates":[[[-58.602631,-34.455651],[-58.602697,-34.455566],[-58.602359,-34.45539],[-58.602292,-34.455476],[-58.602631,-34.455651]]]}},{"type":"Feature","properties":{"partida":"057045135","cca":"057020P00000000000000000000001430000006000","tipo":"Urbano","sup_m2":421.1},"geometry":{"type":"Polygon","coordinates":[[[-58.602631,-34.455651],[-58.602292,-34.455476],[-58.602226,-34.455559],[-58.60256,-34.455741],[-58.602631,-34.455651]]]}},{"type":"Feature","properties":{"partida":"057045136","cca":"057020P00000000000000000000001430000007000","tipo":"Urbano","sup_m2":438.9},"geometry":{"type":"Polygon","coordinates":[[[-58.60256,-34.455741],[-58.602226,-34.455559],[-58.602154,-34.455651],[-58.602491,-34.455829],[-58.60256,-34.455741]]]}},{"type":"Feature","properties":{"partida":"057045137","cca":"057020P00000000000000000000001430000008000","tipo":"Urbano","sup_m2":450.2},"geometry":{"type":"Polygon","coordinates":[[[-58.602082,-34.455743],[-58.602418,-34.455923],[-58.602491,-34.455829],[-58.602154,-34.455651],[-58.602082,-34.455743]]]}},{"type":"Feature","properties":{"partida":"057045138","cca":"057020P00000000000000000000001430000009000","tipo":"Urbano","sup_m2":466.5},"geometry":{"type":"Polygon","coordinates":[[[-58.602216,-34.455815],[-58.602082,-34.455743],[-58.601909,-34.455964],[-58.601933,-34.456019],[-58.602015,-34.456063],[-58.602216,-34.455815]]]}},{"type":"Feature","properties":{"partida":"057045139","cca":"057020P00000000000000000000001430000010000","tipo":"Urbano","sup_m2":379.8},"geometry":{"type":"Polygon","coordinates":[[[-58.602319,-34.45587],[-58.602216,-34.455815],[-58.602015,-34.456063],[-58.602122,-34.456119],[-58.602319,-34.45587]]]}},{"type":"Feature","properties":{"partida":"057045140","cca":"057020P00000000000000000000001430000011000","tipo":"Urbano","sup_m2":362.1},"geometry":{"type":"Polygon","coordinates":[[[-58.602418,-34.455923],[-58.602319,-34.45587],[-58.602122,-34.456119],[-58.602223,-34.456173],[-58.602418,-34.455923]]]}},{"type":"Feature","properties":{"partida":"057045141","cca":"057020P00000000000000000000001430000012000","tipo":"Urbano","sup_m2":397.4},"geometry":{"type":"Polygon","coordinates":[[[-58.602418,-34.455923],[-58.602223,-34.456173],[-58.602329,-34.45623],[-58.602532,-34.455983],[-58.602418,-34.455923]]]}},{"type":"Feature","properties":{"partida":"057045142","cca":"057020P00000000000000000000001430000013000","tipo":"Urbano","sup_m2":384.5},"geometry":{"type":"Polygon","coordinates":[[[-58.602633,-34.456037],[-58.602532,-34.455983],[-58.602329,-34.45623],[-58.60244,-34.456289],[-58.602633,-34.456037]]]}},{"type":"Feature","properties":{"partida":"057045143","cca":"057020P00000000000000000000001430000014000","tipo":"Urbano","sup_m2":430.8},"geometry":{"type":"Polygon","coordinates":[[[-58.60244,-34.456289],[-58.602523,-34.456334],[-58.602578,-34.456329],[-58.602755,-34.456102],[-58.602633,-34.456037],[-58.60244,-34.456289]]]}},{"type":"Feature","properties":{"partida":"057045144","cca":"057020P00000000000000000000001430000015000","tipo":"Urbano","sup_m2":456.0},"geometry":{"type":"Polygon","coordinates":[[[-58.602491,-34.455829],[-58.602418,-34.455923],[-58.602755,-34.456102],[-58.602829,-34.456008],[-58.602491,-34.455829]]]}},{"type":"Feature","properties":{"partida":"057045145","cca":"057020P00000000000000000000001430000016000","tipo":"Urbano","sup_m2":424.7},"geometry":{"type":"Polygon","coordinates":[[[-58.60256,-34.455741],[-58.602491,-34.455829],[-58.602829,-34.456008],[-58.602896,-34.455922],[-58.60256,-34.455741]]]}},{"type":"Feature","properties":{"partida":"057045146","cca":"057020P00000000000000000000001430000017000","tipo":"Urbano","sup_m2":453.5},"geometry":{"type":"Polygon","coordinates":[[[-58.602631,-34.455651],[-58.60256,-34.455741],[-58.602896,-34.455922],[-58.602971,-34.455826],[-58.602631,-34.455651]]]}},{"type":"Feature","properties":{"partida":"057045147","cca":"057020P00000000000000000000001430000018000","tipo":"Urbano","sup_m2":408.8},"geometry":{"type":"Polygon","coordinates":[[[-58.602697,-34.455566],[-58.602631,-34.455651],[-58.602971,-34.455826],[-58.603036,-34.455742],[-58.602697,-34.455566]]]}},{"type":"Feature","properties":{"partida":"057045148","cca":"057020P00000000000000000000001430000019000","tipo":"Urbano","sup_m2":416.9},"geometry":{"type":"Polygon","coordinates":[[[-58.602765,-34.455478],[-58.602697,-34.455566],[-58.603036,-34.455742],[-58.603101,-34.455659],[-58.602765,-34.455478]]]}},{"type":"Feature","properties":{"partida":"057045149","cca":"057020P00000000000000000000001430000020000","tipo":"Urbano","sup_m2":448.0},"geometry":{"type":"Polygon","coordinates":[[[-58.602837,-34.455386],[-58.602765,-34.455478],[-58.603101,-34.455659],[-58.603173,-34.455567],[-58.602837,-34.455386]]]}},{"type":"Feature","properties":{"partida":"057045150","cca":"057020P00000000000000000000001430000021000","tipo":"Urbano","sup_m2":445.5},"geometry":{"type":"Polygon","coordinates":[[[-58.603245,-34.455475],[-58.602908,-34.455295],[-58.602837,-34.455386],[-58.603173,-34.455567],[-58.603245,-34.455475]]]}},{"type":"Feature","properties":{"partida":"057045151","cca":"057020P00000000000000000000001430000022000","tipo":"Urbano","sup_m2":412.9},"geometry":{"type":"Polygon","coordinates":[[[-58.603245,-34.455475],[-58.603414,-34.455258],[-58.603397,-34.455204],[-58.603322,-34.455163],[-58.603126,-34.455411],[-58.603245,-34.455475]]]}},{"type":"Feature","properties":{"partida":"057045152","cca":"057020P00000000000000000000001430000023000","tipo":"Urbano","sup_m2":400.6},"geometry":{"type":"Polygon","coordinates":[[[-58.603017,-34.455353],[-58.603126,-34.455411],[-58.603322,-34.455163],[-58.603209,-34.455102],[-58.603017,-34.455353]]]}},{"type":"Feature","properties":{"partida":"057045153","cca":"057020P00000000000000000000001430000024000","tipo":"Urbano","sup_m2":388.5},"geometry":{"type":"Polygon","coordinates":[[[-58.603103,-34.455045],[-58.602908,-34.455295],[-58.603017,-34.455353],[-58.603209,-34.455102],[-58.603103,-34.455045]]]}},{"type":"Feature","properties":{"partida":"057045154","cca":"057020P00000000000000000000001430000025000","tipo":"Urbano","sup_m2":368.2},"geometry":{"type":"Polygon","coordinates":[[[-58.602802,-34.455239],[-58.602908,-34.455295],[-58.603103,-34.455045],[-58.603005,-34.454992],[-58.602802,-34.455239]]]}},{"type":"Feature","properties":{"partida":"057045155","cca":"057020P00000000000000000000001430000026000","tipo":"Urbano","sup_m2":383.6},"geometry":{"type":"Polygon","coordinates":[[[-58.603005,-34.454992],[-58.602894,-34.454933],[-58.602701,-34.455185],[-58.602802,-34.455239],[-58.603005,-34.454992]]]}},{"type":"Feature","properties":{"partida":"057028020","cca":"057020P00000000000000000000001440000001000","tipo":"Urbano","sup_m2":390.4},"geometry":{"type":"Polygon","coordinates":[[[-58.601913,-34.456186],[-58.601838,-34.456146],[-58.601774,-34.456162],[-58.601606,-34.456377],[-58.601717,-34.456435],[-58.601913,-34.456186]]]}},{"type":"Feature","properties":{"partida":"057077484","cca":"057020P00000000000000000000001440000002000","tipo":"Urbano","sup_m2":431.4},"geometry":{"type":"Polygon","coordinates":[[[-58.601536,-34.456465],[-58.601871,-34.456642],[-58.601941,-34.456551],[-58.601606,-34.456377],[-58.601536,-34.456465]]]}},{"type":"Feature","properties":{"partida":"057077485","cca":"057020P00000000000000000000001440000003000","tipo":"Urbano","sup_m2":426.3},"geometry":{"type":"Polygon","coordinates":[[[-58.601804,-34.45673],[-58.601871,-34.456642],[-58.601536,-34.456465],[-58.601467,-34.456554],[-58.601804,-34.45673]]]}},{"type":"Feature","properties":{"partida":"057077486","cca":"057020P00000000000000000000001440000004000","tipo":"Urbano","sup_m2":442.3},"geometry":{"type":"Polygon","coordinates":[[[-58.601733,-34.456822],[-58.601804,-34.45673],[-58.601467,-34.456554],[-58.601396,-34.456645],[-58.601733,-34.456822]]]}},{"type":"Feature","properties":{"partida":"057077487","cca":"057020P00000000000000000000001440000005000","tipo":"Urbano","sup_m2":535.8},"geometry":{"type":"Polygon","coordinates":[[[-58.601396,-34.456645],[-58.60131,-34.456755],[-58.601647,-34.456934],[-58.601733,-34.456822],[-58.601396,-34.456645]]]}},{"type":"Feature","properties":{"partida":"057077488","cca":"057020P00000000000000000000001440000016000","tipo":"Urbano","sup_m2":527.2},"geometry":{"type":"Polygon","coordinates":[[[-58.601647,-34.456934],[-58.601975,-34.457108],[-58.602062,-34.456996],[-58.601733,-34.456822],[-58.601647,-34.456934]]]}},{"type":"Feature","properties":{"partida":"057077489","cca":"057020P00000000000000000000001440000017000","tipo":"Urbano","sup_m2":438.6},"geometry":{"type":"Polygon","coordinates":[[[-58.601804,-34.45673],[-58.601733,-34.456822],[-58.602062,-34.456996],[-58.602135,-34.456903],[-58.601804,-34.45673]]]}},{"type":"Feature","properties":{"partida":"057077490","cca":"057020P00000000000000000000001440000018000","tipo":"Urbano","sup_m2":415.5},"geometry":{"type":"Polygon","coordinates":[[[-58.601871,-34.456642],[-58.601804,-34.45673],[-58.602135,-34.456903],[-58.602203,-34.456817],[-58.601871,-34.456642]]]}},{"type":"Feature","properties":{"partida":"057077491","cca":"057020P00000000000000000000001440000019000","tipo":"Urbano","sup_m2":439.0},"geometry":{"type":"Polygon","coordinates":[[[-58.602276,-34.456724],[-58.601941,-34.456551],[-58.601871,-34.456642],[-58.602203,-34.456817],[-58.602276,-34.456724]]]}},{"type":"Feature","properties":{"partida":"057077492","cca":"057020P00000000000000000000001440000020000","tipo":"Urbano","sup_m2":411.5},"geometry":{"type":"Polygon","coordinates":[[[-58.602347,-34.456417],[-58.602155,-34.456661],[-58.602276,-34.456724],[-58.602441,-34.456513],[-58.602426,-34.456459],[-58.602347,-34.456417]]]}},{"type":"Feature","properties":{"partida":"057077493","cca":"057020P00000000000000000000001440000021000","tipo":"Urbano","sup_m2":398.1},"geometry":{"type":"Polygon","coordinates":[[[-58.602044,-34.456604],[-58.602155,-34.456661],[-58.602347,-34.456417],[-58.602232,-34.456356],[-58.602044,-34.456604]]]}},{"type":"Feature","properties":{"partida":"057077494","cca":"057020P00000000000000000000001440000022000","tipo":"Urbano","sup_m2":359.2},"geometry":{"type":"Polygon","coordinates":[[[-58.601941,-34.456551],[-58.602044,-34.456604],[-58.602232,-34.456356],[-58.602132,-34.456303],[-58.601941,-34.456551]]]}},{"type":"Feature","properties":{"partida":"057077495","cca":"057020P00000000000000000000001440000023000","tipo":"Urbano","sup_m2":375.5},"geometry":{"type":"Polygon","coordinates":[[[-58.601941,-34.456551],[-58.602132,-34.456303],[-58.602027,-34.456247],[-58.601835,-34.456496],[-58.601941,-34.456551]]]}},{"type":"Feature","properties":{"partida":"057077496","cca":"057020P00000000000000000000001440000024000","tipo":"Urbano","sup_m2":416.6},"geometry":{"type":"Polygon","coordinates":[[[-58.601913,-34.456186],[-58.601717,-34.456435],[-58.601835,-34.456496],[-58.602027,-34.456247],[-58.601913,-34.456186]]]}},{"type":"Feature","properties":{"partida":"057059877","cca":"057020P00000000000000000000001450000001000","tipo":"Urbano","sup_m2":3246.0},"geometry":{"type":"Polygon","coordinates":[[[-58.604308,-34.454389],[-58.604966,-34.454743],[-58.605212,-34.454427],[-58.605204,-34.454389],[-58.604607,-34.45406],[-58.604556,-34.454074],[-58.604308,-34.454389]]]}},{"type":"Feature","properties":{"partida":"057059860","cca":"057020P00000000000000000000001450000002000","tipo":"Urbano","sup_m2":466.2},"geometry":{"type":"Polygon","coordinates":[[[-58.604308,-34.454389],[-58.604232,-34.454485],[-58.604562,-34.454664],[-58.604639,-34.454567],[-58.604308,-34.454389]]]}},{"type":"Feature","properties":{"partida":"057059861","cca":"057020P00000000000000000000001450000003000","tipo":"Urbano","sup_m2":430.8},"geometry":{"type":"Polygon","coordinates":[[[-58.604492,-34.454754],[-58.604562,-34.454664],[-58.604232,-34.454485],[-58.604161,-34.454574],[-58.604492,-34.454754]]]}},{"type":"Feature","properties":{"partida":"057059862","cca":"057020P00000000000000000000001450000004000","tipo":"Urbano","sup_m2":443.0},"geometry":{"type":"Polygon","coordinates":[[[-58.604419,-34.454846],[-58.604492,-34.454754],[-58.604161,-34.454574],[-58.604089,-34.454667],[-58.604419,-34.454846]]]}},{"type":"Feature","properties":{"partida":"057059863","cca":"057020P00000000000000000000001450000005000","tipo":"Urbano","sup_m2":389.1},"geometry":{"type":"Polygon","coordinates":[[[-58.604356,-34.454927],[-58.604419,-34.454846],[-58.604089,-34.454667],[-58.604025,-34.454747],[-58.604356,-34.454927]]]}},{"type":"Feature","properties":{"partida":"057059864","cca":"057020P00000000000000000000001450000006000","tipo":"Urbano","sup_m2":413.2},"geometry":{"type":"Polygon","coordinates":[[[-58.604287,-34.455013],[-58.604356,-34.454927],[-58.604025,-34.454747],[-58.603958,-34.454833],[-58.604287,-34.455013]]]}},{"type":"Feature","properties":{"partida":"057059865","cca":"057020P00000000000000000000001450000007000","tipo":"Urbano","sup_m2":473.9},"geometry":{"type":"Polygon","coordinates":[[[-58.603879,-34.454933],[-58.604211,-34.45511],[-58.604287,-34.455013],[-58.603958,-34.454833],[-58.603879,-34.454933]]]}},{"type":"Feature","properties":{"partida":"057059866","cca":"057020P00000000000000000000001450000008000","tipo":"Urbano","sup_m2":416.5},"geometry":{"type":"Polygon","coordinates":[[[-58.603879,-34.454933],[-58.603704,-34.455154],[-58.603719,-34.45519],[-58.603806,-34.455237],[-58.604003,-34.454999],[-58.603879,-34.454933]]]}},{"type":"Feature","properties":{"partida":"057059867","cca":"057020P00000000000000000000001450000009000","tipo":"Urbano","sup_m2":381.5},"geometry":{"type":"Polygon","coordinates":[[[-58.604109,-34.455055],[-58.604003,-34.454999],[-58.603806,-34.455237],[-58.603916,-34.455297],[-58.604109,-34.455055]]]}},{"type":"Feature","properties":{"partida":"057059868","cca":"057020P00000000000000000000001450000010000","tipo":"Urbano","sup_m2":362.3},"geometry":{"type":"Polygon","coordinates":[[[-58.604211,-34.45511],[-58.604109,-34.455055],[-58.603916,-34.455297],[-58.604019,-34.455354],[-58.604211,-34.45511]]]}},{"type":"Feature","properties":{"partida":"057059869","cca":"057020P00000000000000000000001450000011000","tipo":"Urbano","sup_m2":378.6},"geometry":{"type":"Polygon","coordinates":[[[-58.604319,-34.455167],[-58.604211,-34.45511],[-58.604019,-34.455354],[-58.604125,-34.455411],[-58.604319,-34.455167]]]}},{"type":"Feature","properties":{"partida":"057059870","cca":"057020P00000000000000000000001450000012000","tipo":"Urbano","sup_m2":378.1},"geometry":{"type":"Polygon","coordinates":[[[-58.604319,-34.455167],[-58.604125,-34.455411],[-58.60423,-34.455469],[-58.604426,-34.455223],[-58.604319,-34.455167]]]}},{"type":"Feature","properties":{"partida":"057059871","cca":"057020P00000000000000000000001450000013000","tipo":"Urbano","sup_m2":413.9},"geometry":{"type":"Polygon","coordinates":[[[-58.604542,-34.455285],[-58.604426,-34.455223],[-58.60423,-34.455469],[-58.604317,-34.455516],[-58.604371,-34.455504],[-58.604542,-34.455285]]]}},{"type":"Feature","properties":{"partida":"057059872","cca":"057020P00000000000000000000001450000014000","tipo":"Urbano","sup_m2":449.8},"geometry":{"type":"Polygon","coordinates":[[[-58.604211,-34.45511],[-58.604542,-34.455285],[-58.604614,-34.455192],[-58.604287,-34.455013],[-58.604211,-34.45511]]]}},{"type":"Feature","properties":{"partida":"057059873","cca":"057020P00000000000000000000001450000015000","tipo":"Urbano","sup_m2":414.5},"geometry":{"type":"Polygon","coordinates":[[[-58.604356,-34.454927],[-58.604287,-34.455013],[-58.604614,-34.455192],[-58.604683,-34.455105],[-58.604356,-34.454927]]]}},{"type":"Feature","properties":{"partida":"057059874","cca":"057020P00000000000000000000001450000016000","tipo":"Urbano","sup_m2":386.0},"geometry":{"type":"Polygon","coordinates":[[[-58.604419,-34.454846],[-58.604356,-34.454927],[-58.604683,-34.455105],[-58.604746,-34.455023],[-58.604419,-34.454846]]]}},{"type":"Feature","properties":{"partida":"057059875","cca":"057020P00000000000000000000001450000017000","tipo":"Urbano","sup_m2":437.1},"geometry":{"type":"Polygon","coordinates":[[[-58.604492,-34.454754],[-58.604419,-34.454846],[-58.604746,-34.455023],[-58.604818,-34.454931],[-58.604492,-34.454754]]]}},{"type":"Feature","properties":{"partida":"057059876","cca":"057020P00000000000000000000001450000018000","tipo":"Urbano","sup_m2":425.8},"geometry":{"type":"Polygon","coordinates":[[[-58.604562,-34.454664],[-58.604492,-34.454754],[-58.604818,-34.454931],[-58.604888,-34.454842],[-58.604562,-34.454664]]]}},{"type":"Feature","properties":{"partida":"057028016","cca":"057020P00000000000000000000001450000019000","tipo":"Urbano","sup_m2":464.7},"geometry":{"type":"Polygon","coordinates":[[[-58.604888,-34.454842],[-58.604966,-34.454743],[-58.604639,-34.454567],[-58.604562,-34.454664],[-58.604888,-34.454842]]]}},{"type":"Feature","properties":{"partida":"057050445","cca":"057020P00000000000000000000001460000001000","tipo":"Urbano","sup_m2":443.6},"geometry":{"type":"Polygon","coordinates":[[[-58.603817,-34.455418],[-58.603615,-34.455308],[-58.603571,-34.455315],[-58.603482,-34.455428],[-58.603711,-34.455552],[-58.603817,-34.455418]]]}},{"type":"Feature","properties":{"partida":"057106601","cca":"057020P00000000000000000000001460000002000","tipo":"Urbano","sup_m2":377.4},"geometry":{"type":"Polygon","coordinates":[[[-58.603621,-34.455665],[-58.603711,-34.455552],[-58.603482,-34.455428],[-58.603392,-34.455541],[-58.603621,-34.455665]]]}},{"type":"Feature","properties":{"partida":"057106602","cca":"057020P00000000000000000000001460000003000","tipo":"Urbano","sup_m2":445.8},"geometry":{"type":"Polygon","coordinates":[[[-58.603659,-34.455815],[-58.603731,-34.455724],[-58.603392,-34.455541],[-58.603321,-34.455631],[-58.603659,-34.455815]]]}},{"type":"Feature","properties":{"partida":"057106603","cca":"057020P00000000000000000000001460000004000","tipo":"Urbano","sup_m2":445.8},"geometry":{"type":"Polygon","coordinates":[[[-58.603588,-34.455905],[-58.603659,-34.455815],[-58.603321,-34.455631],[-58.603249,-34.455722],[-58.603588,-34.455905]]]}},{"type":"Feature","properties":{"partida":"057117485","cca":"057020P00000000000000000000001460000005000","tipo":"Urbano","sup_m2":445.8},"geometry":{"type":"Polygon","coordinates":[[[-58.603516,-34.455996],[-58.603588,-34.455905],[-58.603249,-34.455722],[-58.603178,-34.455812],[-58.603516,-34.455996]]]}},{"type":"Feature","properties":{"partida":"057117486","cca":"057020P00000000000000000000001460000006000","tipo":"Urbano","sup_m2":445.8},"geometry":{"type":"Polygon","coordinates":[[[-58.603445,-34.456086],[-58.603516,-34.455996],[-58.603178,-34.455812],[-58.603106,-34.455903],[-58.603445,-34.456086]]]}},{"type":"Feature","properties":{"partida":"057106606","cca":"057020P00000000000000000000001460000007000","tipo":"Urbano","sup_m2":445.9},"geometry":{"type":"Polygon","coordinates":[[[-58.603373,-34.456177],[-58.603445,-34.456086],[-58.603106,-34.455903],[-58.603035,-34.455993],[-58.603373,-34.456177]]]}},{"type":"Feature","properties":{"partida":"057106608","cca":"057020P00000000000000000000001460000008000","tipo":"Urbano","sup_m2":446.0},"geometry":{"type":"Polygon","coordinates":[[[-58.603373,-34.456177],[-58.603035,-34.455993],[-58.602963,-34.456084],[-58.603302,-34.456267],[-58.603373,-34.456177]]]}},{"type":"Feature","properties":{"partida":"057106609","cca":"057020P00000000000000000000001460000009000","tipo":"Urbano","sup_m2":445.5},"geometry":{"type":"Polygon","coordinates":[[[-58.602892,-34.456174],[-58.60323,-34.456358],[-58.603302,-34.456267],[-58.602963,-34.456084],[-58.602892,-34.456174]]]}},{"type":"Feature","properties":{"partida":"057106611","cca":"057020P00000000000000000000001460000010000","tipo":"Urbano","sup_m2":429.3},"geometry":{"type":"Polygon","coordinates":[[[-58.603012,-34.456239],[-58.602892,-34.456174],[-58.602713,-34.4564],[-58.602723,-34.456438],[-58.602815,-34.456488],[-58.603012,-34.456239]]]}},{"type":"Feature","properties":{"partida":"057106613","cca":"057020P00000000000000000000001460000011000","tipo":"Urbano","sup_m2":396.1},"geometry":{"type":"Polygon","coordinates":[[[-58.603121,-34.456298],[-58.603012,-34.456239],[-58.602815,-34.456488],[-58.602924,-34.456547],[-58.603121,-34.456298]]]}},{"type":"Feature","properties":{"partida":"057106615","cca":"057020P00000000000000000000001460000012000","tipo":"Urbano","sup_m2":396.2},"geometry":{"type":"Polygon","coordinates":[[[-58.603034,-34.456607],[-58.60323,-34.456358],[-58.603121,-34.456298],[-58.602924,-34.456547],[-58.603034,-34.456607]]]}},{"type":"Feature","properties":{"partida":"057106617","cca":"057020P00000000000000000000001460000013000","tipo":"Urbano","sup_m2":393.6},"geometry":{"type":"Polygon","coordinates":[[[-58.603143,-34.456666],[-58.603338,-34.456418],[-58.603229,-34.456359],[-58.603034,-34.456607],[-58.603143,-34.456666]]]}},{"type":"Feature","properties":{"partida":"057106619","cca":"057020P00000000000000000000001460000014000","tipo":"Urbano","sup_m2":393.5},"geometry":{"type":"Polygon","coordinates":[[[-58.603448,-34.456478],[-58.603338,-34.456418],[-58.603143,-34.456666],[-58.603252,-34.456725],[-58.603448,-34.456478]]]}},{"type":"Feature","properties":{"partida":"057106621","cca":"057020P00000000000000000000001460000015000","tipo":"Urbano","sup_m2":426.7},"geometry":{"type":"Polygon","coordinates":[[[-58.603448,-34.456478],[-58.603252,-34.456725],[-58.603345,-34.456775],[-58.60339,-34.456767],[-58.603567,-34.456542],[-58.603448,-34.456478]]]}},{"type":"Feature","properties":{"partida":"057106622","cca":"057020P00000000000000000000001460000016000","tipo":"Urbano","sup_m2":483.1},"geometry":{"type":"Polygon","coordinates":[[[-58.603229,-34.456359],[-58.603567,-34.456542],[-58.603645,-34.456444],[-58.603306,-34.456261],[-58.603229,-34.456359]]]}},{"type":"Feature","properties":{"partida":"057106623","cca":"057020P00000000000000000000001460000017000","tipo":"Urbano","sup_m2":445.8},"geometry":{"type":"Polygon","coordinates":[[[-58.603306,-34.456261],[-58.603645,-34.456444],[-58.603716,-34.456354],[-58.603378,-34.456171],[-58.603306,-34.456261]]]}},{"type":"Feature","properties":{"partida":"057106604","cca":"057020P00000000000000000000001460000018000","tipo":"Urbano","sup_m2":445.8},"geometry":{"type":"Polygon","coordinates":[[[-58.603378,-34.456171],[-58.603716,-34.456354],[-58.603788,-34.456263],[-58.603449,-34.45608],[-58.603378,-34.456171]]]}},{"type":"Feature","properties":{"partida":"057106605","cca":"057020P00000000000000000000001460000019000","tipo":"Urbano","sup_m2":445.9},"geometry":{"type":"Polygon","coordinates":[[[-58.603521,-34.45599],[-58.603449,-34.45608],[-58.603788,-34.456263],[-58.603859,-34.456173],[-58.603521,-34.45599]]]}},{"type":"Feature","properties":{"partida":"057106607","cca":"057020P00000000000000000000001460000020000","tipo":"Urbano","sup_m2":445.7},"geometry":{"type":"Polygon","coordinates":[[[-58.603592,-34.455899],[-58.603521,-34.45599],[-58.603859,-34.456173],[-58.603931,-34.456082],[-58.603592,-34.455899]]]}},{"type":"Feature","properties":{"partida":"057106610","cca":"057020P00000000000000000000001460000021000","tipo":"Urbano","sup_m2":446.0},"geometry":{"type":"Polygon","coordinates":[[[-58.603592,-34.455899],[-58.603931,-34.456082],[-58.604002,-34.455992],[-58.603664,-34.455809],[-58.603592,-34.455899]]]}},{"type":"Feature","properties":{"partida":"057106612","cca":"057020P00000000000000000000001460000022000","tipo":"Urbano","sup_m2":445.6},"geometry":{"type":"Polygon","coordinates":[[[-58.604074,-34.455901],[-58.603735,-34.455718],[-58.603664,-34.455809],[-58.604002,-34.455992],[-58.604074,-34.455901]]]}},{"type":"Feature","properties":{"partida":"057106614","cca":"057020P00000000000000000000001460000023000","tipo":"Urbano","sup_m2":416.3},"geometry":{"type":"Polygon","coordinates":[[[-58.604074,-34.455901],[-58.604246,-34.455683],[-58.604237,-34.455645],[-58.604145,-34.455595],[-58.603954,-34.455837],[-58.604074,-34.455901]]]}},{"type":"Feature","properties":{"partida":"057106616","cca":"057020P00000000000000000000001460000024000","tipo":"Urbano","sup_m2":384.0},"geometry":{"type":"Polygon","coordinates":[[[-58.603845,-34.455777],[-58.603954,-34.455837],[-58.604145,-34.455595],[-58.604035,-34.455536],[-58.603845,-34.455777]]]}},{"type":"Feature","properties":{"partida":"057106618","cca":"057020P00000000000000000000001460000025000","tipo":"Urbano","sup_m2":383.9},"geometry":{"type":"Polygon","coordinates":[[[-58.603845,-34.455777],[-58.604035,-34.455536],[-58.603926,-34.455477],[-58.603735,-34.455718],[-58.603845,-34.455777]]]}},{"type":"Feature","properties":{"partida":"057106620","cca":"057020P00000000000000000000001460000026000","tipo":"Urbano","sup_m2":393.6},"geometry":{"type":"Polygon","coordinates":[[[-58.603817,-34.455418],[-58.603621,-34.455665],[-58.603731,-34.455724],[-58.603926,-34.455477],[-58.603817,-34.455418]]]}},{"type":"Feature","properties":{"partida":"057028017","cca":"057020P00000000000000000000001470000001000","tipo":"Urbano","sup_m2":405.7},"geometry":{"type":"Polygon","coordinates":[[[-58.602727,-34.456604],[-58.602656,-34.456567],[-58.602585,-34.45658],[-58.602418,-34.456798],[-58.602534,-34.456858],[-58.602727,-34.456604]]]}},{"type":"Feature","properties":{"partida":"057079560","cca":"057020P00000000000000000000001470000002000","tipo":"Urbano","sup_m2":444.1},"geometry":{"type":"Polygon","coordinates":[[[-58.602758,-34.456973],[-58.602418,-34.456798],[-58.602348,-34.456889],[-58.602688,-34.457066],[-58.602758,-34.456973]]]}},{"type":"Feature","properties":{"partida":"057079561","cca":"057020P00000000000000000000001470000003000","tipo":"Urbano","sup_m2":455.8},"geometry":{"type":"Polygon","coordinates":[[[-58.602617,-34.457159],[-58.602688,-34.457066],[-58.602348,-34.456889],[-58.602275,-34.456984],[-58.602617,-34.457159]]]}},{"type":"Feature","properties":{"partida":"057079562","cca":"057020P00000000000000000000001470000004000","tipo":"Urbano","sup_m2":460.0},"geometry":{"type":"Polygon","coordinates":[[[-58.602617,-34.457159],[-58.602275,-34.456984],[-58.602203,-34.457077],[-58.602544,-34.457254],[-58.602617,-34.457159]]]}},{"type":"Feature","properties":{"partida":"057079563","cca":"057020P00000000000000000000001470000005000","tipo":"Urbano","sup_m2":524.6},"geometry":{"type":"Polygon","coordinates":[[[-58.602203,-34.457077],[-58.602121,-34.457184],[-58.602462,-34.457363],[-58.602544,-34.457254],[-58.602203,-34.457077]]]}},{"type":"Feature","properties":{"partida":"057079564","cca":"057020P00000000000000000000001470000016000","tipo":"Urbano","sup_m2":512.4},"geometry":{"type":"Polygon","coordinates":[[[-58.602874,-34.457426],[-58.602544,-34.457254],[-58.602462,-34.457363],[-58.60279,-34.457535],[-58.602874,-34.457426]]]}},{"type":"Feature","properties":{"partida":"057079565","cca":"057020P00000000000000000000001470000017000","tipo":"Urbano","sup_m2":455.7},"geometry":{"type":"Polygon","coordinates":[[[-58.602617,-34.457159],[-58.602544,-34.457254],[-58.602874,-34.457426],[-58.60295,-34.457329],[-58.602617,-34.457159]]]}},{"type":"Feature","properties":{"partida":"057079566","cca":"057020P00000000000000000000001470000018000","tipo":"Urbano","sup_m2":434.2},"geometry":{"type":"Polygon","coordinates":[[[-58.602617,-34.457159],[-58.60295,-34.457329],[-58.60302,-34.457238],[-58.602688,-34.457066],[-58.602617,-34.457159]]]}},{"type":"Feature","properties":{"partida":"057079567","cca":"057020P00000000000000000000001470000019000","tipo":"Urbano","sup_m2":441.2},"geometry":{"type":"Polygon","coordinates":[[[-58.603093,-34.457145],[-58.602758,-34.456973],[-58.602688,-34.457066],[-58.60302,-34.457238],[-58.603093,-34.457145]]]}},{"type":"Feature","properties":{"partida":"057079568","cca":"057020P00000000000000000000001470000020000","tipo":"Urbano","sup_m2":426.5},"geometry":{"type":"Polygon","coordinates":[[[-58.603093,-34.457145],[-58.603255,-34.456936],[-58.603242,-34.456875],[-58.60316,-34.456832],[-58.602971,-34.457083],[-58.603093,-34.457145]]]}},{"type":"Feature","properties":{"partida":"057079569","cca":"057020P00000000000000000000001470000021000","tipo":"Urbano","sup_m2":398.5},"geometry":{"type":"Polygon","coordinates":[[[-58.603047,-34.456772],[-58.60286,-34.457026],[-58.602971,-34.457083],[-58.60316,-34.456832],[-58.603047,-34.456772]]]}},{"type":"Feature","properties":{"partida":"057079570","cca":"057020P00000000000000000000001470000022000","tipo":"Urbano","sup_m2":356.0},"geometry":{"type":"Polygon","coordinates":[[[-58.602758,-34.456973],[-58.60286,-34.457026],[-58.603047,-34.456772],[-58.60295,-34.456721],[-58.602758,-34.456973]]]}},{"type":"Feature","properties":{"partida":"057079571","cca":"057020P00000000000000000000001470000023000","tipo":"Urbano","sup_m2":381.7},"geometry":{"type":"Polygon","coordinates":[[[-58.602758,-34.456973],[-58.60295,-34.456721],[-58.602842,-34.456664],[-58.602654,-34.45692],[-58.602758,-34.456973]]]}},{"type":"Feature","properties":{"partida":"057079572","cca":"057020P00000000000000000000001470000024000","tipo":"Urbano","sup_m2":423.6},"geometry":{"type":"Polygon","coordinates":[[[-58.602727,-34.456604],[-58.602534,-34.456858],[-58.602654,-34.45692],[-58.602842,-34.456664],[-58.602727,-34.456604]]]}},{"type":"Feature","properties":{"partida":"057028013","cca":"057020P00000000000000000000001480000001000","tipo":"Urbano","sup_m2":455.1},"geometry":{"type":"Polygon","coordinates":[[[-58.605495,-34.454549],[-58.6054,-34.454498],[-58.605339,-34.454516],[-58.605174,-34.454731],[-58.605302,-34.4548],[-58.605495,-34.454549]]]}},{"type":"Feature","properties":{"partida":"057079137","cca":"057020P00000000000000000000001480000002000","tipo":"Urbano","sup_m2":448.0},"geometry":{"type":"Polygon","coordinates":[[[-58.605441,-34.455004],[-58.605511,-34.454913],[-58.605174,-34.454731],[-58.605102,-34.454823],[-58.605441,-34.455004]]]}},{"type":"Feature","properties":{"partida":"057079138","cca":"057020P00000000000000000000001480000003000","tipo":"Urbano","sup_m2":477.6},"geometry":{"type":"Polygon","coordinates":[[[-58.605441,-34.455004],[-58.605102,-34.454823],[-58.605027,-34.45492],[-58.605366,-34.455103],[-58.605441,-34.455004]]]}},{"type":"Feature","properties":{"partida":"057079139","cca":"057020P00000000000000000000001480000004000","tipo":"Urbano","sup_m2":440.8},"geometry":{"type":"Polygon","coordinates":[[[-58.604958,-34.45501],[-58.605296,-34.455193],[-58.605366,-34.455103],[-58.605027,-34.45492],[-58.604958,-34.45501]]]}},{"type":"Feature","properties":{"partida":"057079140","cca":"057020P00000000000000000000001480000005000","tipo":"Urbano","sup_m2":432.4},"geometry":{"type":"Polygon","coordinates":[[[-58.60523,-34.45528],[-58.605296,-34.455193],[-58.604958,-34.45501],[-58.604888,-34.4551],[-58.60523,-34.45528]]]}},{"type":"Feature","properties":{"partida":"057079141","cca":"057020P00000000000000000000001480000006000","tipo":"Urbano","sup_m2":438.0},"geometry":{"type":"Polygon","coordinates":[[[-58.60523,-34.45528],[-58.604888,-34.4551],[-58.604818,-34.455191],[-58.605162,-34.455368],[-58.60523,-34.45528]]]}},{"type":"Feature","properties":{"partida":"057079142","cca":"057020P00000000000000000000001480000007000","tipo":"Urbano","sup_m2":425.7},"geometry":{"type":"Polygon","coordinates":[[[-58.604754,-34.455274],[-58.605093,-34.455459],[-58.605162,-34.455368],[-58.604818,-34.455191],[-58.604754,-34.455274]]]}},{"type":"Feature","properties":{"partida":"057079143","cca":"057020P00000000000000000000001480000008000","tipo":"Urbano","sup_m2":456.0},"geometry":{"type":"Polygon","coordinates":[[[-58.605023,-34.45555],[-58.605093,-34.455459],[-58.604754,-34.455274],[-58.604681,-34.455369],[-58.605023,-34.45555]]]}},{"type":"Feature","properties":{"partida":"057079144","cca":"057020P00000000000000000000001480000009000","tipo":"Urbano","sup_m2":468.3},"geometry":{"type":"Polygon","coordinates":[[[-58.604681,-34.455369],[-58.604516,-34.455583],[-58.604527,-34.455641],[-58.60462,-34.455691],[-58.604813,-34.455439],[-58.604681,-34.455369]]]}},{"type":"Feature","properties":{"partida":"057079145","cca":"057020P00000000000000000000001480000010000","tipo":"Urbano","sup_m2":389.2},"geometry":{"type":"Polygon","coordinates":[[[-58.604922,-34.455497],[-58.604813,-34.455439],[-58.60462,-34.455691],[-58.604725,-34.455748],[-58.604922,-34.455497]]]}},{"type":"Feature","properties":{"partida":"057079146","cca":"057020P00000000000000000000001480000011000","tipo":"Urbano","sup_m2":369.5},"geometry":{"type":"Polygon","coordinates":[[[-58.604828,-34.455803],[-58.605023,-34.45555],[-58.604922,-34.455497],[-58.604725,-34.455748],[-58.604828,-34.455803]]]}},{"type":"Feature","properties":{"partida":"057079147","cca":"057020P00000000000000000000001480000012000","tipo":"Urbano","sup_m2":387.4},"geometry":{"type":"Polygon","coordinates":[[[-58.605129,-34.455607],[-58.605023,-34.45555],[-58.604828,-34.455803],[-58.604934,-34.45586],[-58.605129,-34.455607]]]}},{"type":"Feature","properties":{"partida":"057079148","cca":"057020P00000000000000000000001480000013000","tipo":"Urbano","sup_m2":397.4},"geometry":{"type":"Polygon","coordinates":[[[-58.605238,-34.455665],[-58.605129,-34.455607],[-58.604934,-34.45586],[-58.605043,-34.455919],[-58.605238,-34.455665]]]}},{"type":"Feature","properties":{"partida":"057079149","cca":"057020P00000000000000000000001480000014000","tipo":"Urbano","sup_m2":412.9},"geometry":{"type":"Polygon","coordinates":[[[-58.605238,-34.455665],[-58.605043,-34.455919],[-58.605116,-34.455958],[-58.605185,-34.455945],[-58.605355,-34.455727],[-58.605238,-34.455665]]]}},{"type":"Feature","properties":{"partida":"057079150","cca":"057020P00000000000000000000001480000015000","tipo":"Urbano","sup_m2":429.2},"geometry":{"type":"Polygon","coordinates":[[[-58.605093,-34.455459],[-58.605023,-34.45555],[-58.605355,-34.455727],[-58.605424,-34.455639],[-58.605093,-34.455459]]]}},{"type":"Feature","properties":{"partida":"057079151","cca":"057020P00000000000000000000001480000016000","tipo":"Urbano","sup_m2":450.6},"geometry":{"type":"Polygon","coordinates":[[[-58.605424,-34.455639],[-58.6055,-34.455542],[-58.605162,-34.455368],[-58.605093,-34.455459],[-58.605424,-34.455639]]]}},{"type":"Feature","properties":{"partida":"057079152","cca":"057020P00000000000000000000001480000017000","tipo":"Urbano","sup_m2":419.0},"geometry":{"type":"Polygon","coordinates":[[[-58.605567,-34.455457],[-58.60523,-34.45528],[-58.605162,-34.455368],[-58.6055,-34.455542],[-58.605567,-34.455457]]]}},{"type":"Feature","properties":{"partida":"057079153","cca":"057020P00000000000000000000001480000018000","tipo":"Urbano","sup_m2":411.5},"geometry":{"type":"Polygon","coordinates":[[[-58.605296,-34.455193],[-58.60523,-34.45528],[-58.605567,-34.455457],[-58.605632,-34.455374],[-58.605296,-34.455193]]]}},{"type":"Feature","properties":{"partida":"057079154","cca":"057020P00000000000000000000001480000019000","tipo":"Urbano","sup_m2":437.5},"geometry":{"type":"Polygon","coordinates":[[[-58.605366,-34.455103],[-58.605296,-34.455193],[-58.605632,-34.455374],[-58.605702,-34.455284],[-58.605366,-34.455103]]]}},{"type":"Feature","properties":{"partida":"057079155","cca":"057020P00000000000000000000001480000020000","tipo":"Urbano","sup_m2":480.5},"geometry":{"type":"Polygon","coordinates":[[[-58.605779,-34.455185],[-58.605441,-34.455004],[-58.605366,-34.455103],[-58.605702,-34.455284],[-58.605779,-34.455185]]]}},{"type":"Feature","properties":{"partida":"057079156","cca":"057020P00000000000000000000001480000021000","tipo":"Urbano","sup_m2":443.4},"geometry":{"type":"Polygon","coordinates":[[[-58.605511,-34.454913],[-58.605441,-34.455004],[-58.605779,-34.455185],[-58.60585,-34.455095],[-58.605511,-34.454913]]]}},{"type":"Feature","properties":{"partida":"057079157","cca":"057020P00000000000000000000001480000022000","tipo":"Urbano","sup_m2":439.4},"geometry":{"type":"Polygon","coordinates":[[[-58.60585,-34.455095],[-58.606025,-34.454871],[-58.606007,-34.454825],[-58.605923,-34.45478],[-58.605725,-34.455028],[-58.60585,-34.455095]]]}},{"type":"Feature","properties":{"partida":"057079158","cca":"057020P00000000000000000000001480000023000","tipo":"Urbano","sup_m2":372.6},"geometry":{"type":"Polygon","coordinates":[[[-58.605622,-34.454973],[-58.605725,-34.455028],[-58.605923,-34.45478],[-58.60582,-34.454725],[-58.605622,-34.454973]]]}},{"type":"Feature","properties":{"partida":"057079159","cca":"057020P00000000000000000000001480000024000","tipo":"Urbano","sup_m2":411.1},"geometry":{"type":"Polygon","coordinates":[[[-58.605511,-34.454913],[-58.605622,-34.454973],[-58.60582,-34.454725],[-58.605704,-34.454662],[-58.605511,-34.454913]]]}},{"type":"Feature","properties":{"partida":"057079160","cca":"057020P00000000000000000000001480000025000","tipo":"Urbano","sup_m2":358.4},"geometry":{"type":"Polygon","coordinates":[[[-58.605704,-34.454662],[-58.605603,-34.454608],[-58.605413,-34.45486],[-58.605511,-34.454913],[-58.605704,-34.454662]]]}},{"type":"Feature","properties":{"partida":"057079161","cca":"057020P00000000000000000000001480000026000","tipo":"Urbano","sup_m2":396.8},"geometry":{"type":"Polygon","coordinates":[[[-58.605495,-34.454549],[-58.605302,-34.4548],[-58.605413,-34.45486],[-58.605603,-34.454608],[-58.605495,-34.454549]]]}},{"type":"Feature","properties":{"partida":"057028014","cca":"057020P00000000000000000000001490000001000","tipo":"Urbano","sup_m2":446.6},"geometry":{"type":"Polygon","coordinates":[[[-58.604543,-34.455797],[-58.604468,-34.455757],[-58.604394,-34.455767],[-58.604223,-34.455983],[-58.604352,-34.456054],[-58.604543,-34.455797]]]}},{"type":"Feature","properties":{"partida":"057077383","cca":"057020P00000000000000000000001490000002000","tipo":"Urbano","sup_m2":447.4},"geometry":{"type":"Polygon","coordinates":[[[-58.604562,-34.456168],[-58.604223,-34.455983],[-58.604151,-34.456073],[-58.60449,-34.456258],[-58.604562,-34.456168]]]}},{"type":"Feature","properties":{"partida":"057077384","cca":"057020P00000000000000000000001490000003000","tipo":"Urbano","sup_m2":481.9},"geometry":{"type":"Polygon","coordinates":[[[-58.60449,-34.456258],[-58.604151,-34.456073],[-58.604074,-34.456171],[-58.604413,-34.456355],[-58.60449,-34.456258]]]}},{"type":"Feature","properties":{"partida":"057077385","cca":"057020P00000000000000000000001490000004000","tipo":"Urbano","sup_m2":419.9},"geometry":{"type":"Polygon","coordinates":[[[-58.604345,-34.456439],[-58.604413,-34.456355],[-58.604074,-34.456171],[-58.604006,-34.456256],[-58.604345,-34.456439]]]}},{"type":"Feature","properties":{"partida":"057077386","cca":"057020P00000000000000000000001490000005000","tipo":"Urbano","sup_m2":425.1},"geometry":{"type":"Polygon","coordinates":[[[-58.604345,-34.456439],[-58.604006,-34.456256],[-58.603938,-34.456342],[-58.604276,-34.456526],[-58.604345,-34.456439]]]}},{"type":"Feature","properties":{"partida":"057077387","cca":"057020P00000000000000000000001490000006000","tipo":"Urbano","sup_m2":418.6},"geometry":{"type":"Polygon","coordinates":[[[-58.604209,-34.45661],[-58.604276,-34.456526],[-58.603938,-34.456342],[-58.60387,-34.456427],[-58.604209,-34.45661]]]}},{"type":"Feature","properties":{"partida":"057077388","cca":"057020P00000000000000000000001490000007000","tipo":"Urbano","sup_m2":430.1},"geometry":{"type":"Polygon","coordinates":[[[-58.604138,-34.456699],[-58.604209,-34.45661],[-58.60387,-34.456427],[-58.603802,-34.456513],[-58.604138,-34.456699]]]}},{"type":"Feature","properties":{"partida":"057077389","cca":"057020P00000000000000000000001490000008000","tipo":"Urbano","sup_m2":449.6},"geometry":{"type":"Polygon","coordinates":[[[-58.604066,-34.456789],[-58.604138,-34.456699],[-58.603802,-34.456513],[-58.603729,-34.456605],[-58.604066,-34.456789]]]}},{"type":"Feature","properties":{"partida":"057077390","cca":"057020P00000000000000000000001490000009000","tipo":"Urbano","sup_m2":466.3},"geometry":{"type":"Polygon","coordinates":[[[-58.603729,-34.456605],[-58.603554,-34.456826],[-58.603568,-34.456885],[-58.603653,-34.456929],[-58.603858,-34.456675],[-58.603729,-34.456605]]]}},{"type":"Feature","properties":{"partida":"057077391","cca":"057020P00000000000000000000001490000010000","tipo":"Urbano","sup_m2":421.1},"geometry":{"type":"Polygon","coordinates":[[[-58.60397,-34.456736],[-58.603858,-34.456675],[-58.603653,-34.456929],[-58.603768,-34.45699],[-58.60397,-34.456736]]]}},{"type":"Feature","properties":{"partida":"057077392","cca":"057020P00000000000000000000001490000011000","tipo":"Urbano","sup_m2":352.0},"geometry":{"type":"Polygon","coordinates":[[[-58.604066,-34.456789],[-58.60397,-34.456736],[-58.603768,-34.45699],[-58.603864,-34.457041],[-58.604066,-34.456789]]]}},{"type":"Feature","properties":{"partida":"057077393","cca":"057020P00000000000000000000001490000012000","tipo":"Urbano","sup_m2":399.5},"geometry":{"type":"Polygon","coordinates":[[[-58.604173,-34.456847],[-58.604066,-34.456789],[-58.603864,-34.457041],[-58.603974,-34.457099],[-58.604173,-34.456847]]]}},{"type":"Feature","properties":{"partida":"057077394","cca":"057020P00000000000000000000001490000013000","tipo":"Urbano","sup_m2":399.3},"geometry":{"type":"Polygon","coordinates":[[[-58.604282,-34.456907],[-58.604173,-34.456847],[-58.603974,-34.457099],[-58.604084,-34.457157],[-58.604282,-34.456907]]]}},{"type":"Feature","properties":{"partida":"057077395","cca":"057020P00000000000000000000001490000014000","tipo":"Urbano","sup_m2":419.1},"geometry":{"type":"Polygon","coordinates":[[[-58.604282,-34.456907],[-58.604084,-34.457157],[-58.604159,-34.457196],[-58.604226,-34.457189],[-58.6044,-34.456971],[-58.604282,-34.456907]]]}},{"type":"Feature","properties":{"partida":"057077396","cca":"057020P00000000000000000000001490000015000","tipo":"Urbano","sup_m2":435.2},"geometry":{"type":"Polygon","coordinates":[[[-58.604138,-34.456699],[-58.604066,-34.456789],[-58.6044,-34.456971],[-58.60447,-34.456883],[-58.604138,-34.456699]]]}},{"type":"Feature","properties":{"partida":"057077397","cca":"057020P00000000000000000000001490000016000","tipo":"Urbano","sup_m2":443.6},"geometry":{"type":"Polygon","coordinates":[[[-58.604138,-34.456699],[-58.60447,-34.456883],[-58.604544,-34.456791],[-58.604209,-34.45661],[-58.604138,-34.456699]]]}},{"type":"Feature","properties":{"partida":"057077398","cca":"057020P00000000000000000000001490000017000","tipo":"Urbano","sup_m2":408.7},"geometry":{"type":"Polygon","coordinates":[[[-58.604276,-34.456526],[-58.604209,-34.45661],[-58.604544,-34.456791],[-58.60461,-34.456708],[-58.604276,-34.456526]]]}},{"type":"Feature","properties":{"partida":"057077399","cca":"057020P00000000000000000000001490000018000","tipo":"Urbano","sup_m2":425.5},"geometry":{"type":"Polygon","coordinates":[[[-58.604345,-34.456439],[-58.604276,-34.456526],[-58.60461,-34.456708],[-58.60468,-34.45662],[-58.604345,-34.456439]]]}},{"type":"Feature","properties":{"partida":"057077400","cca":"057020P00000000000000000000001490000019000","tipo":"Urbano","sup_m2":408.0},"geometry":{"type":"Polygon","coordinates":[[[-58.604413,-34.456355],[-58.604345,-34.456439],[-58.60468,-34.45662],[-58.604746,-34.456537],[-58.604413,-34.456355]]]}},{"type":"Feature","properties":{"partida":"057077401","cca":"057020P00000000000000000000001490000020000","tipo":"Urbano","sup_m2":474.3},"geometry":{"type":"Polygon","coordinates":[[[-58.604746,-34.456537],[-58.604824,-34.45644],[-58.60449,-34.456258],[-58.604413,-34.456355],[-58.604746,-34.456537]]]}},{"type":"Feature","properties":{"partida":"057077402","cca":"057020P00000000000000000000001490000021000","tipo":"Urbano","sup_m2":439.2},"geometry":{"type":"Polygon","coordinates":[[[-58.604896,-34.45635],[-58.604562,-34.456168],[-58.60449,-34.456258],[-58.604824,-34.45644],[-58.604896,-34.45635]]]}},{"type":"Feature","properties":{"partida":"057077403","cca":"057020P00000000000000000000001490000022000","tipo":"Urbano","sup_m2":448.6},"geometry":{"type":"Polygon","coordinates":[[[-58.604896,-34.45635],[-58.605074,-34.456127],[-58.605064,-34.456078],[-58.604974,-34.456029],[-58.604773,-34.456283],[-58.604896,-34.45635]]]}},{"type":"Feature","properties":{"partida":"057077404","cca":"057020P00000000000000000000001490000023000","tipo":"Urbano","sup_m2":392.5},"geometry":{"type":"Polygon","coordinates":[[[-58.604773,-34.456283],[-58.604974,-34.456029],[-58.604871,-34.455974],[-58.604664,-34.456224],[-58.604773,-34.456283]]]}},{"type":"Feature","properties":{"partida":"057077405","cca":"057020P00000000000000000000001490000024000","tipo":"Urbano","sup_m2":384.0},"geometry":{"type":"Polygon","coordinates":[[[-58.604562,-34.456168],[-58.604664,-34.456224],[-58.604871,-34.455974],[-58.604764,-34.455916],[-58.604562,-34.456168]]]}},{"type":"Feature","properties":{"partida":"057077406","cca":"057020P00000000000000000000001490000025000","tipo":"Urbano","sup_m2":372.9},"geometry":{"type":"Polygon","coordinates":[[[-58.604764,-34.455916],[-58.604664,-34.455862],[-58.604461,-34.456113],[-58.604562,-34.456168],[-58.604764,-34.455916]]]}},{"type":"Feature","properties":{"partida":"057077407","cca":"057020P00000000000000000000001490000026000","tipo":"Urbano","sup_m2":422.5},"geometry":{"type":"Polygon","coordinates":[[[-58.604543,-34.455797],[-58.604352,-34.456054],[-58.604461,-34.456113],[-58.604664,-34.455862],[-58.604543,-34.455797]]]}},{"type":"Feature","properties":{"partida":"057028015","cca":"057020P00000000000000000000001500000001000","tipo":"Urbano","sup_m2":404.3},"geometry":{"type":"Polygon","coordinates":[[[-58.603241,-34.45724],[-58.603355,-34.457298],[-58.60355,-34.457046],[-58.603474,-34.457006],[-58.603401,-34.457028],[-58.603241,-34.45724]]]}},{"type":"Feature","properties":{"partida":"057077471","cca":"057020P00000000000000000000001500000002000","tipo":"Urbano","sup_m2":458.1},"geometry":{"type":"Polygon","coordinates":[[[-58.603582,-34.457415],[-58.603241,-34.45724],[-58.60317,-34.457333],[-58.603509,-34.457511],[-58.603582,-34.457415]]]}},{"type":"Feature","properties":{"partida":"057077472","cca":"057020P00000000000000000000001500000003000","tipo":"Urbano","sup_m2":435.6},"geometry":{"type":"Polygon","coordinates":[[[-58.603509,-34.457511],[-58.60317,-34.457333],[-58.603101,-34.457424],[-58.603441,-34.4576],[-58.603509,-34.457511]]]}},{"type":"Feature","properties":{"partida":"057077473","cca":"057020P00000000000000000000001500000004000","tipo":"Urbano","sup_m2":463.1},"geometry":{"type":"Polygon","coordinates":[[[-58.603366,-34.457698],[-58.603441,-34.4576],[-58.603101,-34.457424],[-58.60303,-34.457519],[-58.603366,-34.457698]]]}},{"type":"Feature","properties":{"partida":"057077474","cca":"057020P00000000000000000000001500000005000","tipo":"Urbano","sup_m2":514.9},"geometry":{"type":"Polygon","coordinates":[[[-58.603366,-34.457698],[-58.60303,-34.457519],[-58.602948,-34.457627],[-58.603285,-34.457804],[-58.603366,-34.457698]]]}},{"type":"Feature","properties":{"partida":"057077475","cca":"057020P00000000000000000000001500000016000","tipo":"Urbano","sup_m2":504.4},"geometry":{"type":"Polygon","coordinates":[[[-58.603285,-34.457804],[-58.603617,-34.457979],[-58.603698,-34.457874],[-58.603366,-34.457698],[-58.603285,-34.457804]]]}},{"type":"Feature","properties":{"partida":"057077476","cca":"057020P00000000000000000000001500000017000","tipo":"Urbano","sup_m2":471.2},"geometry":{"type":"Polygon","coordinates":[[[-58.603441,-34.4576],[-58.603366,-34.457698],[-58.603698,-34.457874],[-58.603775,-34.457773],[-58.603441,-34.4576]]]}},{"type":"Feature","properties":{"partida":"057077477","cca":"057020P00000000000000000000001500000018000","tipo":"Urbano","sup_m2":417.6},"geometry":{"type":"Polygon","coordinates":[[[-58.603509,-34.457511],[-58.603441,-34.4576],[-58.603775,-34.457773],[-58.603841,-34.457687],[-58.603509,-34.457511]]]}},{"type":"Feature","properties":{"partida":"057077478","cca":"057020P00000000000000000000001500000019000","tipo":"Urbano","sup_m2":465.5},"geometry":{"type":"Polygon","coordinates":[[[-58.603918,-34.457587],[-58.603582,-34.457415],[-58.603509,-34.457511],[-58.603841,-34.457687],[-58.603918,-34.457587]]]}},{"type":"Feature","properties":{"partida":"057077479","cca":"057020P00000000000000000000001500000020000","tipo":"Urbano","sup_m2":410.2},"geometry":{"type":"Polygon","coordinates":[[[-58.603918,-34.457587],[-58.604077,-34.45738],[-58.604066,-34.457317],[-58.603989,-34.457277],[-58.603799,-34.457526],[-58.603918,-34.457587]]]}},{"type":"Feature","properties":{"partida":"057077480","cca":"057020P00000000000000000000001500000021000","tipo":"Urbano","sup_m2":411.9},"geometry":{"type":"Polygon","coordinates":[[[-58.603684,-34.457467],[-58.603799,-34.457526],[-58.603989,-34.457277],[-58.603872,-34.457215],[-58.603684,-34.457467]]]}},{"type":"Feature","properties":{"partida":"057077481","cca":"057020P00000000000000000000001500000022000","tipo":"Urbano","sup_m2":357.1},"geometry":{"type":"Polygon","coordinates":[[[-58.603684,-34.457467],[-58.603872,-34.457215],[-58.603774,-34.457164],[-58.603582,-34.457415],[-58.603684,-34.457467]]]}},{"type":"Feature","properties":{"partida":"057077482","cca":"057020P00000000000000000000001500000023000","tipo":"Urbano","sup_m2":385.1},"geometry":{"type":"Polygon","coordinates":[[[-58.603666,-34.457107],[-58.603476,-34.45736],[-58.603582,-34.457415],[-58.603774,-34.457164],[-58.603666,-34.457107]]]}},{"type":"Feature","properties":{"partida":"057077483","cca":"057020P00000000000000000000001500000024000","tipo":"Urbano","sup_m2":425.9},"geometry":{"type":"Polygon","coordinates":[[[-58.603666,-34.457107],[-58.60355,-34.457046],[-58.603355,-34.457298],[-58.603476,-34.45736],[-58.603666,-34.457107]]]}},{"type":"Feature","properties":{"partida":"057028010","cca":"057020P00000000000000000000001510000001000","tipo":"Urbano","sup_m2":452.4},"geometry":{"type":"Polygon","coordinates":[[[-58.606129,-34.455235],[-58.606319,-34.454981],[-58.606227,-34.454932],[-58.60617,-34.454945],[-58.606,-34.455168],[-58.606129,-34.455235]]]}},{"type":"Feature","properties":{"partida":"057059883","cca":"057020P00000000000000000000001510000002000","tipo":"Urbano","sup_m2":446.8},"geometry":{"type":"Polygon","coordinates":[[[-58.606,-34.455168],[-58.605932,-34.455258],[-58.606273,-34.45544],[-58.606343,-34.455347],[-58.606,-34.455168]]]}},{"type":"Feature","properties":{"partida":"057059884","cca":"057020P00000000000000000000001510000003000","tipo":"Urbano","sup_m2":462.8},"geometry":{"type":"Polygon","coordinates":[[[-58.606201,-34.455535],[-58.606273,-34.45544],[-58.605932,-34.455258],[-58.605859,-34.455353],[-58.606201,-34.455535]]]}},{"type":"Feature","properties":{"partida":"057059885","cca":"057020P00000000000000000000001510000004000","tipo":"Urbano","sup_m2":438.8},"geometry":{"type":"Polygon","coordinates":[[[-58.606134,-34.455624],[-58.606201,-34.455535],[-58.605859,-34.455353],[-58.605791,-34.455443],[-58.606134,-34.455624]]]}},{"type":"Feature","properties":{"partida":"057059886","cca":"057020P00000000000000000000001510000005000","tipo":"Urbano","sup_m2":426.2},"geometry":{"type":"Polygon","coordinates":[[[-58.605726,-34.455528],[-58.606067,-34.455712],[-58.606134,-34.455624],[-58.605791,-34.455443],[-58.605726,-34.455528]]]}},{"type":"Feature","properties":{"partida":"057059887","cca":"057020P00000000000000000000001510000006000","tipo":"Urbano","sup_m2":458.0},"geometry":{"type":"Polygon","coordinates":[[[-58.605999,-34.455802],[-58.606067,-34.455712],[-58.605726,-34.455528],[-58.605652,-34.455625],[-58.605999,-34.455802]]]}},{"type":"Feature","properties":{"partida":"057059888","cca":"057020P00000000000000000000001510000007000","tipo":"Urbano","sup_m2":431.9},"geometry":{"type":"Polygon","coordinates":[[[-58.605999,-34.455802],[-58.605652,-34.455625],[-58.605587,-34.45571],[-58.605931,-34.455893],[-58.605999,-34.455802]]]}},{"type":"Feature","properties":{"partida":"057059889","cca":"057020P00000000000000000000001510000008000","tipo":"Urbano","sup_m2":451.7},"geometry":{"type":"Polygon","coordinates":[[[-58.605862,-34.455984],[-58.605931,-34.455893],[-58.605587,-34.45571],[-58.605518,-34.455801],[-58.605637,-34.455867],[-58.605862,-34.455984]]]}},{"type":"Feature","properties":{"partida":"057059890","cca":"057020P00000000000000000000001510000009000","tipo":"Urbano","sup_m2":426.3},"geometry":{"type":"Polygon","coordinates":[[[-58.605518,-34.455801],[-58.605352,-34.456019],[-58.605364,-34.456075],[-58.605448,-34.456118],[-58.605637,-34.455867],[-58.605518,-34.455801]]]}},{"type":"Feature","properties":{"partida":"057059891","cca":"057020P00000000000000000000001510000010000","tipo":"Urbano","sup_m2":441.8},"geometry":{"type":"Polygon","coordinates":[[[-58.605761,-34.455931],[-58.605637,-34.455867],[-58.605448,-34.456118],[-58.60557,-34.456184],[-58.605761,-34.455931]]]}},{"type":"Feature","properties":{"partida":"057059892","cca":"057020P00000000000000000000001510000011000","tipo":"Urbano","sup_m2":363.8},"geometry":{"type":"Polygon","coordinates":[[[-58.605862,-34.455984],[-58.605761,-34.455931],[-58.60557,-34.456184],[-58.605671,-34.456237],[-58.605862,-34.455984]]]}},{"type":"Feature","properties":{"partida":"057059893","cca":"057020P00000000000000000000001510000012000","tipo":"Urbano","sup_m2":378.4},"geometry":{"type":"Polygon","coordinates":[[[-58.605966,-34.45604],[-58.605862,-34.455984],[-58.605671,-34.456237],[-58.605776,-34.456293],[-58.605966,-34.45604]]]}},{"type":"Feature","properties":{"partida":"057059894","cca":"057020P00000000000000000000001510000013000","tipo":"Urbano","sup_m2":376.4},"geometry":{"type":"Polygon","coordinates":[[[-58.605966,-34.45604],[-58.605776,-34.456293],[-58.605879,-34.456348],[-58.606071,-34.456097],[-58.605966,-34.45604]]]}},{"type":"Feature","properties":{"partida":"057059895","cca":"057020P00000000000000000000001510000014000","tipo":"Urbano","sup_m2":435.4},"geometry":{"type":"Polygon","coordinates":[[[-58.605879,-34.456348],[-58.605968,-34.456395],[-58.606026,-34.456382],[-58.606195,-34.456162],[-58.606071,-34.456097],[-58.605879,-34.456348]]]}},{"type":"Feature","properties":{"partida":"057059896","cca":"057020P00000000000000000000001510000015000","tipo":"Urbano","sup_m2":441.4},"geometry":{"type":"Polygon","coordinates":[[[-58.606266,-34.45607],[-58.605931,-34.455893],[-58.605862,-34.455984],[-58.606195,-34.456162],[-58.606266,-34.45607]]]}},{"type":"Feature","properties":{"partida":"057059897","cca":"057020P00000000000000000000001510000016000","tipo":"Urbano","sup_m2":442.6},"geometry":{"type":"Polygon","coordinates":[[[-58.606266,-34.45607],[-58.606338,-34.455976],[-58.605999,-34.455802],[-58.605931,-34.455893],[-58.606266,-34.45607]]]}},{"type":"Feature","properties":{"partida":"057059898","cca":"057020P00000000000000000000001510000017000","tipo":"Urbano","sup_m2":417.2},"geometry":{"type":"Polygon","coordinates":[[[-58.606067,-34.455712],[-58.605999,-34.455802],[-58.606338,-34.455976],[-58.606402,-34.455892],[-58.606067,-34.455712]]]}},{"type":"Feature","properties":{"partida":"057059899","cca":"057020P00000000000000000000001510000018000","tipo":"Urbano","sup_m2":429.6},"geometry":{"type":"Polygon","coordinates":[[[-58.606402,-34.455892],[-58.606472,-34.455803],[-58.606134,-34.455624],[-58.606067,-34.455712],[-58.606402,-34.455892]]]}},{"type":"Feature","properties":{"partida":"057059900","cca":"057020P00000000000000000000001510000019000","tipo":"Urbano","sup_m2":427.5},"geometry":{"type":"Polygon","coordinates":[[[-58.606539,-34.455715],[-58.606201,-34.455535],[-58.606134,-34.455624],[-58.606472,-34.455803],[-58.606539,-34.455715]]]}},{"type":"Feature","properties":{"partida":"057059901","cca":"057020P00000000000000000000001510000020000","tipo":"Urbano","sup_m2":458.3},"geometry":{"type":"Polygon","coordinates":[[[-58.606273,-34.45544],[-58.606201,-34.455535],[-58.606539,-34.455715],[-58.606611,-34.455621],[-58.606273,-34.45544]]]}},{"type":"Feature","properties":{"partida":"057059902","cca":"057020P00000000000000000000001510000021000","tipo":"Urbano","sup_m2":455.4},"geometry":{"type":"Polygon","coordinates":[[[-58.606684,-34.455526],[-58.606343,-34.455347],[-58.606273,-34.45544],[-58.606611,-34.455621],[-58.606684,-34.455526]]]}},{"type":"Feature","properties":{"partida":"057059903","cca":"057020P00000000000000000000001510000022000","tipo":"Urbano","sup_m2":440.2},"geometry":{"type":"Polygon","coordinates":[[[-58.60675,-34.455209],[-58.606561,-34.455462],[-58.606684,-34.455526],[-58.606855,-34.455304],[-58.606837,-34.455255],[-58.60675,-34.455209]]]}},{"type":"Feature","properties":{"partida":"057059904","cca":"057020P00000000000000000000001510000023000","tipo":"Urbano","sup_m2":394.5},"geometry":{"type":"Polygon","coordinates":[[[-58.606452,-34.455405],[-58.606561,-34.455462],[-58.60675,-34.455209],[-58.606639,-34.45515],[-58.606452,-34.455405]]]}},{"type":"Feature","properties":{"partida":"057059905","cca":"057020P00000000000000000000001510000024000","tipo":"Urbano","sup_m2":386.7},"geometry":{"type":"Polygon","coordinates":[[[-58.606343,-34.455347],[-58.606452,-34.455405],[-58.606639,-34.45515],[-58.606534,-34.455095],[-58.606343,-34.455347]]]}},{"type":"Feature","properties":{"partida":"057059906","cca":"057020P00000000000000000000001510000025000","tipo":"Urbano","sup_m2":381.5},"geometry":{"type":"Polygon","coordinates":[[[-58.606237,-34.455292],[-58.606343,-34.455347],[-58.606534,-34.455095],[-58.606428,-34.455038],[-58.606237,-34.455292]]]}},{"type":"Feature","properties":{"partida":"057059907","cca":"057020P00000000000000000000001510000026000","tipo":"Urbano","sup_m2":392.7},"geometry":{"type":"Polygon","coordinates":[[[-58.606428,-34.455038],[-58.606319,-34.454981],[-58.606129,-34.455235],[-58.606237,-34.455292],[-58.606428,-34.455038]]]}},{"type":"Feature","properties":{"partida":"057028011","cca":"057020P00000000000000000000001520000001000","tipo":"Urbano","sup_m2":472.4},"geometry":{"type":"Polygon","coordinates":[[[-58.605354,-34.45624],[-58.605271,-34.456195],[-58.60519,-34.456209],[-58.605021,-34.456425],[-58.60515,-34.456495],[-58.605354,-34.45624]]]}},{"type":"Feature","properties":{"partida":"057077268","cca":"057020P00000000000000000000001520000002000","tipo":"Urbano","sup_m2":428.4},"geometry":{"type":"Polygon","coordinates":[[[-58.605363,-34.45661],[-58.605021,-34.456425],[-58.604953,-34.456512],[-58.605294,-34.456696],[-58.605363,-34.45661]]]}},{"type":"Feature","properties":{"partida":"057077269","cca":"057020P00000000000000000000001520000003000","tipo":"Urbano","sup_m2":487.0},"geometry":{"type":"Polygon","coordinates":[[[-58.605217,-34.456795],[-58.605294,-34.456696],[-58.604953,-34.456512],[-58.604877,-34.45661],[-58.605217,-34.456795]]]}},{"type":"Feature","properties":{"partida":"057077270","cca":"057020P00000000000000000000001520000004000","tipo":"Urbano","sup_m2":415.6},"geometry":{"type":"Polygon","coordinates":[[[-58.605217,-34.456795],[-58.604877,-34.45661],[-58.604811,-34.456694],[-58.60515,-34.456879],[-58.605217,-34.456795]]]}},{"type":"Feature","properties":{"partida":"057077271","cca":"057020P00000000000000000000001520000005000","tipo":"Urbano","sup_m2":412.3},"geometry":{"type":"Polygon","coordinates":[[[-58.605085,-34.456962],[-58.60515,-34.456879],[-58.604811,-34.456694],[-58.604745,-34.456778],[-58.605085,-34.456962]]]}},{"type":"Feature","properties":{"partida":"057077272","cca":"057020P00000000000000000000001520000006000","tipo":"Urbano","sup_m2":456.6},"geometry":{"type":"Polygon","coordinates":[[[-58.605013,-34.457054],[-58.605085,-34.456962],[-58.604745,-34.456778],[-58.604672,-34.456871],[-58.605013,-34.457054]]]}},{"type":"Feature","properties":{"partida":"057077273","cca":"057020P00000000000000000000001520000007000","tipo":"Urbano","sup_m2":425.0},"geometry":{"type":"Polygon","coordinates":[[[-58.605013,-34.457054],[-58.604672,-34.456871],[-58.604605,-34.456958],[-58.604945,-34.45714],[-58.605013,-34.457054]]]}},{"type":"Feature","properties":{"partida":"057077274","cca":"057020P00000000000000000000001520000008000","tipo":"Urbano","sup_m2":435.8},"geometry":{"type":"Polygon","coordinates":[[[-58.604536,-34.457046],[-58.604875,-34.457228],[-58.604945,-34.45714],[-58.604605,-34.456958],[-58.604536,-34.457046]]]}},{"type":"Feature","properties":{"partida":"057077275","cca":"057020P00000000000000000000001520000009000","tipo":"Urbano","sup_m2":456.3},"geometry":{"type":"Polygon","coordinates":[[[-58.604664,-34.457115],[-58.604536,-34.457046],[-58.604363,-34.457267],[-58.604379,-34.457321],[-58.604464,-34.457367],[-58.604664,-34.457115]]]}},{"type":"Feature","properties":{"partida":"057077276","cca":"057020P00000000000000000000001520000010000","tipo":"Urbano","sup_m2":402.1},"geometry":{"type":"Polygon","coordinates":[[[-58.604774,-34.457174],[-58.604664,-34.457115],[-58.604464,-34.457367],[-58.604574,-34.457426],[-58.604774,-34.457174]]]}},{"type":"Feature","properties":{"partida":"057077277","cca":"057020P00000000000000000000001520000011000","tipo":"Urbano","sup_m2":369.3},"geometry":{"type":"Polygon","coordinates":[[[-58.604574,-34.457426],[-58.604676,-34.45748],[-58.604875,-34.457228],[-58.604774,-34.457174],[-58.604574,-34.457426]]]}},{"type":"Feature","properties":{"partida":"057077278","cca":"057020P00000000000000000000001520000012000","tipo":"Urbano","sup_m2":403.7},"geometry":{"type":"Polygon","coordinates":[[[-58.604988,-34.457289],[-58.604875,-34.457228],[-58.604676,-34.45748],[-58.604783,-34.457538],[-58.604988,-34.457289]]]}},{"type":"Feature","properties":{"partida":"057077279","cca":"057020P00000000000000000000001520000013000","tipo":"Urbano","sup_m2":412.1},"geometry":{"type":"Polygon","coordinates":[[[-58.604988,-34.457289],[-58.604783,-34.457538],[-58.604899,-34.457599],[-58.605098,-34.457348],[-58.604988,-34.457289]]]}},{"type":"Feature","properties":{"partida":"057077280","cca":"057020P00000000000000000000001520000014000","tipo":"Urbano","sup_m2":399.8},"geometry":{"type":"Polygon","coordinates":[[[-58.605209,-34.457408],[-58.605098,-34.457348],[-58.604899,-34.457599],[-58.604981,-34.457644],[-58.60504,-34.457624],[-58.605209,-34.457408]]]}},{"type":"Feature","properties":{"partida":"057077281","cca":"057020P00000000000000000000001520000015000","tipo":"Urbano","sup_m2":429.1},"geometry":{"type":"Polygon","coordinates":[[[-58.604875,-34.457228],[-58.605209,-34.457408],[-58.605278,-34.457319],[-58.604945,-34.45714],[-58.604875,-34.457228]]]}},{"type":"Feature","properties":{"partida":"057077282","cca":"057020P00000000000000000000001520000016000","tipo":"Urbano","sup_m2":417.2},"geometry":{"type":"Polygon","coordinates":[[[-58.605013,-34.457054],[-58.604945,-34.45714],[-58.605278,-34.457319],[-58.605346,-34.457232],[-58.605013,-34.457054]]]}},{"type":"Feature","properties":{"partida":"057077283","cca":"057020P00000000000000000000001520000017000","tipo":"Urbano","sup_m2":441.4},"geometry":{"type":"Polygon","coordinates":[[[-58.605085,-34.456962],[-58.605013,-34.457054],[-58.605346,-34.457232],[-58.605417,-34.457141],[-58.605085,-34.456962]]]}},{"type":"Feature","properties":{"partida":"057077284","cca":"057020P00000000000000000000001520000018000","tipo":"Urbano","sup_m2":397.1},"geometry":{"type":"Polygon","coordinates":[[[-58.60515,-34.456879],[-58.605085,-34.456962],[-58.605417,-34.457141],[-58.605481,-34.457059],[-58.60515,-34.456879]]]}},{"type":"Feature","properties":{"partida":"057077285","cca":"057020P00000000000000000000001520000019000","tipo":"Urbano","sup_m2":404.4},"geometry":{"type":"Polygon","coordinates":[[[-58.605547,-34.456975],[-58.605217,-34.456795],[-58.60515,-34.456879],[-58.605481,-34.457059],[-58.605547,-34.456975]]]}},{"type":"Feature","properties":{"partida":"057077286","cca":"057020P00000000000000000000001520000020000","tipo":"Urbano","sup_m2":477.4},"geometry":{"type":"Polygon","coordinates":[[[-58.605294,-34.456696],[-58.605217,-34.456795],[-58.605547,-34.456975],[-58.605625,-34.456875],[-58.605294,-34.456696]]]}},{"type":"Feature","properties":{"partida":"057077287","cca":"057020P00000000000000000000001520000021000","tipo":"Urbano","sup_m2":414.8},"geometry":{"type":"Polygon","coordinates":[[[-58.605692,-34.456789],[-58.605363,-34.45661],[-58.605294,-34.456696],[-58.605625,-34.456875],[-58.605692,-34.456789]]]}},{"type":"Feature","properties":{"partida":"057077288","cca":"057020P00000000000000000000001520000022000","tipo":"Urbano","sup_m2":434.4},"geometry":{"type":"Polygon","coordinates":[[[-58.605692,-34.456789],[-58.605872,-34.456559],[-58.605862,-34.456518],[-58.605772,-34.456468],[-58.605575,-34.456725],[-58.605692,-34.456789]]]}},{"type":"Feature","properties":{"partida":"057077289","cca":"057020P00000000000000000000001520000023000","tipo":"Urbano","sup_m2":380.7},"geometry":{"type":"Polygon","coordinates":[[[-58.605575,-34.456725],[-58.605772,-34.456468],[-58.605671,-34.456413],[-58.605471,-34.456669],[-58.605575,-34.456725]]]}},{"type":"Feature","properties":{"partida":"057077290","cca":"057020P00000000000000000000001520000024000","tipo":"Urbano","sup_m2":399.5},"geometry":{"type":"Polygon","coordinates":[[[-58.605564,-34.456355],[-58.605363,-34.45661],[-58.605471,-34.456669],[-58.605671,-34.456413],[-58.605564,-34.456355]]]}},{"type":"Feature","properties":{"partida":"057077291","cca":"057020P00000000000000000000001520000025000","tipo":"Urbano","sup_m2":394.3},"geometry":{"type":"Polygon","coordinates":[[[-58.605564,-34.456355],[-58.605457,-34.456297],[-58.605257,-34.456553],[-58.605363,-34.45661],[-58.605564,-34.456355]]]}},{"type":"Feature","properties":{"partida":"057077292","cca":"057020P00000000000000000000001520000026000","tipo":"Urbano","sup_m2":392.6},"geometry":{"type":"Polygon","coordinates":[[[-58.605257,-34.456553],[-58.605457,-34.456297],[-58.605354,-34.45624],[-58.60515,-34.456495],[-58.605257,-34.456553]]]}},{"type":"Feature","properties":{"partida":"057028012","cca":"057020P00000000000000000000001530000001000","tipo":"Urbano","sup_m2":399.8},"geometry":{"type":"Polygon","coordinates":[[[-58.604362,-34.457492],[-58.604286,-34.457453],[-58.604216,-34.457469],[-58.604056,-34.45768],[-58.604172,-34.45774],[-58.604362,-34.457492]]]}},{"type":"Feature","properties":{"partida":"057077255","cca":"057020P00000000000000000000001530000002000","tipo":"Urbano","sup_m2":455.9},"geometry":{"type":"Polygon","coordinates":[[[-58.604396,-34.457856],[-58.604056,-34.45768],[-58.603984,-34.457775],[-58.604326,-34.45795],[-58.604396,-34.457856]]]}},{"type":"Feature","properties":{"partida":"057077256","cca":"057020P00000000000000000000001530000003000","tipo":"Urbano","sup_m2":442.0},"geometry":{"type":"Polygon","coordinates":[[[-58.604258,-34.458042],[-58.604326,-34.45795],[-58.603984,-34.457775],[-58.603915,-34.457865],[-58.604258,-34.458042]]]}},{"type":"Feature","properties":{"partida":"057077257","cca":"057020P00000000000000000000001530000004000","tipo":"Urbano","sup_m2":449.9},"geometry":{"type":"Polygon","coordinates":[[[-58.604188,-34.458135],[-58.604258,-34.458042],[-58.603915,-34.457865],[-58.603845,-34.457957],[-58.604188,-34.458135]]]}},{"type":"Feature","properties":{"partida":"057077258","cca":"057020P00000000000000000000001530000005000","tipo":"Urbano","sup_m2":515.8},"geometry":{"type":"Polygon","coordinates":[[[-58.604188,-34.458135],[-58.603845,-34.457957],[-58.603766,-34.458062],[-58.604108,-34.458243],[-58.604188,-34.458135]]]}},{"type":"Feature","properties":{"partida":"057077259","cca":"057020P00000000000000000000001530000016000","tipo":"Urbano","sup_m2":521.0},"geometry":{"type":"Polygon","coordinates":[[[-58.604188,-34.458135],[-58.604108,-34.458243],[-58.604444,-34.45842],[-58.604527,-34.458311],[-58.604188,-34.458135]]]}},{"type":"Feature","properties":{"partida":"057077260","cca":"057020P00000000000000000000001530000017000","tipo":"Urbano","sup_m2":449.8},"geometry":{"type":"Polygon","coordinates":[[[-58.604258,-34.458042],[-58.604188,-34.458135],[-58.604527,-34.458311],[-58.604598,-34.458218],[-58.604258,-34.458042]]]}},{"type":"Feature","properties":{"partida":"057077261","cca":"057020P00000000000000000000001530000018000","tipo":"Urbano","sup_m2":444.3},"geometry":{"type":"Polygon","coordinates":[[[-58.604258,-34.458042],[-58.604598,-34.458218],[-58.604669,-34.458126],[-58.604326,-34.45795],[-58.604258,-34.458042]]]}},{"type":"Feature","properties":{"partida":"057077262","cca":"057020P00000000000000000000001530000019000","tipo":"Urbano","sup_m2":451.2},"geometry":{"type":"Polygon","coordinates":[[[-58.604739,-34.458034],[-58.604396,-34.457856],[-58.604326,-34.45795],[-58.604669,-34.458126],[-58.604739,-34.458034]]]}},{"type":"Feature","properties":{"partida":"057077263","cca":"057020P00000000000000000000001530000020000","tipo":"Urbano","sup_m2":421.1},"geometry":{"type":"Polygon","coordinates":[[[-58.604739,-34.458034],[-58.604897,-34.457827],[-58.604886,-34.457764],[-58.604804,-34.457721],[-58.604618,-34.457971],[-58.604739,-34.458034]]]}},{"type":"Feature","properties":{"partida":"057077264","cca":"057020P00000000000000000000001530000021000","tipo":"Urbano","sup_m2":384.8},"geometry":{"type":"Polygon","coordinates":[[[-58.604507,-34.457913],[-58.604618,-34.457971],[-58.604804,-34.457721],[-58.604697,-34.457666],[-58.604507,-34.457913]]]}},{"type":"Feature","properties":{"partida":"057077265","cca":"057020P00000000000000000000001530000022000","tipo":"Urbano","sup_m2":397.1},"geometry":{"type":"Polygon","coordinates":[[[-58.604396,-34.457856],[-58.604507,-34.457913],[-58.604697,-34.457666],[-58.604583,-34.457606],[-58.604396,-34.457856]]]}},{"type":"Feature","properties":{"partida":"057077266","cca":"057020P00000000000000000000001530000023000","tipo":"Urbano","sup_m2":370.5},"geometry":{"type":"Polygon","coordinates":[[[-58.604291,-34.457802],[-58.604396,-34.457856],[-58.604583,-34.457606],[-58.604478,-34.457552],[-58.604291,-34.457802]]]}},{"type":"Feature","properties":{"partida":"057077267","cca":"057020P00000000000000000000001530000024000","tipo":"Urbano","sup_m2":417.0},"geometry":{"type":"Polygon","coordinates":[[[-58.604478,-34.457552],[-58.604362,-34.457492],[-58.604172,-34.45774],[-58.604291,-34.457802],[-58.604478,-34.457552]]]}},{"type":"Feature","properties":{"partida":"057028007","cca":"057020P00000000000000000000001540000001000","tipo":"Urbano","sup_m2":455.9},"geometry":{"type":"Polygon","coordinates":[[[-58.606815,-34.455598],[-58.606942,-34.455667],[-58.607136,-34.455412],[-58.607045,-34.455362],[-58.606984,-34.455379],[-58.606815,-34.455598]]]}},{"type":"Feature","properties":{"partida":"057077446","cca":"057020P00000000000000000000001540000002000","tipo":"Urbano","sup_m2":441.4},"geometry":{"type":"Polygon","coordinates":[[[-58.607148,-34.45578],[-58.606815,-34.455598],[-58.606744,-34.455691],[-58.607079,-34.45587],[-58.607148,-34.45578]]]}},{"type":"Feature","properties":{"partida":"057077447","cca":"057020P00000000000000000000001540000003000","tipo":"Urbano","sup_m2":453.0},"geometry":{"type":"Polygon","coordinates":[[[-58.607079,-34.45587],[-58.606744,-34.455691],[-58.60667,-34.455785],[-58.607008,-34.455963],[-58.607079,-34.45587]]]}},{"type":"Feature","properties":{"partida":"057077448","cca":"057020P00000000000000000000001540000004000","tipo":"Urbano","sup_m2":431.1},"geometry":{"type":"Polygon","coordinates":[[[-58.606941,-34.456051],[-58.607008,-34.455963],[-58.60667,-34.455785],[-58.606601,-34.455875],[-58.606941,-34.456051]]]}},{"type":"Feature","properties":{"partida":"057077449","cca":"057020P00000000000000000000001540000005000","tipo":"Urbano","sup_m2":403.6},"geometry":{"type":"Polygon","coordinates":[[[-58.606875,-34.456136],[-58.606941,-34.456051],[-58.606601,-34.455875],[-58.606538,-34.455956],[-58.606875,-34.456136]]]}},{"type":"Feature","properties":{"partida":"057077450","cca":"057020P00000000000000000000001540000006000","tipo":"Urbano","sup_m2":454.6},"geometry":{"type":"Polygon","coordinates":[[[-58.606805,-34.456229],[-58.606875,-34.456136],[-58.606538,-34.455956],[-58.606465,-34.456051],[-58.606805,-34.456229]]]}},{"type":"Feature","properties":{"partida":"057077451","cca":"057020P00000000000000000000001540000007000","tipo":"Urbano","sup_m2":427.2},"geometry":{"type":"Polygon","coordinates":[[[-58.606737,-34.456317],[-58.606805,-34.456229],[-58.606465,-34.456051],[-58.606397,-34.456139],[-58.606737,-34.456317]]]}},{"type":"Feature","properties":{"partida":"057077452","cca":"057020P00000000000000000000001540000008000","tipo":"Urbano","sup_m2":455.9},"geometry":{"type":"Polygon","coordinates":[[[-58.606326,-34.456231],[-58.606664,-34.456412],[-58.606737,-34.456317],[-58.606397,-34.456139],[-58.606326,-34.456231]]]}},{"type":"Feature","properties":{"partida":"057077453","cca":"057020P00000000000000000000001540000009000","tipo":"Urbano","sup_m2":462.9},"geometry":{"type":"Polygon","coordinates":[[[-58.606326,-34.456231],[-58.606157,-34.456451],[-58.606167,-34.456508],[-58.606256,-34.456557],[-58.606454,-34.4563],[-58.606326,-34.456231]]]}},{"type":"Feature","properties":{"partida":"057077454","cca":"057020P00000000000000000000001540000010000","tipo":"Urbano","sup_m2":418.3},"geometry":{"type":"Polygon","coordinates":[[[-58.606568,-34.456361],[-58.606454,-34.4563],[-58.606256,-34.456557],[-58.606366,-34.456617],[-58.606568,-34.456361]]]}},{"type":"Feature","properties":{"partida":"057077455","cca":"057020P00000000000000000000001540000011000","tipo":"Urbano","sup_m2":365.4},"geometry":{"type":"Polygon","coordinates":[[[-58.606664,-34.456412],[-58.606568,-34.456361],[-58.606366,-34.456617],[-58.606466,-34.456672],[-58.606664,-34.456412]]]}},{"type":"Feature","properties":{"partida":"057077456","cca":"057020P00000000000000000000001540000012000","tipo":"Urbano","sup_m2":403.0},"geometry":{"type":"Polygon","coordinates":[[[-58.606466,-34.456672],[-58.606571,-34.456729],[-58.606774,-34.456471],[-58.606664,-34.456412],[-58.606466,-34.456672]]]}},{"type":"Feature","properties":{"partida":"057077457","cca":"057020P00000000000000000000001540000013000","tipo":"Urbano","sup_m2":417.6},"geometry":{"type":"Polygon","coordinates":[[[-58.606774,-34.456471],[-58.606571,-34.456729],[-58.606684,-34.456791],[-58.606883,-34.456529],[-58.606774,-34.456471]]]}},{"type":"Feature","properties":{"partida":"057077458","cca":"057020P00000000000000000000001540000014000","tipo":"Urbano","sup_m2":405.1},"geometry":{"type":"Polygon","coordinates":[[[-58.606996,-34.45659],[-58.606883,-34.456529],[-58.606684,-34.456791],[-58.606748,-34.456826],[-58.606821,-34.456813],[-58.606996,-34.45659]]]}},{"type":"Feature","properties":{"partida":"057077459","cca":"057020P00000000000000000000001540000015000","tipo":"Urbano","sup_m2":459.9},"geometry":{"type":"Polygon","coordinates":[[[-58.606664,-34.456412],[-58.606996,-34.45659],[-58.607072,-34.456493],[-58.606737,-34.456317],[-58.606664,-34.456412]]]}},{"type":"Feature","properties":{"partida":"057077460","cca":"057020P00000000000000000000001540000016000","tipo":"Urbano","sup_m2":423.1},"geometry":{"type":"Polygon","coordinates":[[[-58.607141,-34.456406],[-58.606805,-34.456229],[-58.606737,-34.456317],[-58.607072,-34.456493],[-58.607141,-34.456406]]]}},{"type":"Feature","properties":{"partida":"057077461","cca":"057020P00000000000000000000001540000017000","tipo":"Urbano","sup_m2":441.0},"geometry":{"type":"Polygon","coordinates":[[[-58.606875,-34.456136],[-58.606805,-34.456229],[-58.607141,-34.456406],[-58.607212,-34.456316],[-58.606875,-34.456136]]]}},{"type":"Feature","properties":{"partida":"057077462","cca":"057020P00000000000000000000001540000018000","tipo":"Urbano","sup_m2":426.1},"geometry":{"type":"Polygon","coordinates":[[[-58.606875,-34.456136],[-58.607212,-34.456316],[-58.607282,-34.456227],[-58.606941,-34.456051],[-58.606875,-34.456136]]]}},{"type":"Feature","properties":{"partida":"057077463","cca":"057020P00000000000000000000001540000019000","tipo":"Urbano","sup_m2":422.2},"geometry":{"type":"Polygon","coordinates":[[[-58.607008,-34.455963],[-58.606941,-34.456051],[-58.607282,-34.456227],[-58.607349,-34.456142],[-58.607008,-34.455963]]]}},{"type":"Feature","properties":{"partida":"057077464","cca":"057020P00000000000000000000001540000020000","tipo":"Urbano","sup_m2":446.6},"geometry":{"type":"Polygon","coordinates":[[[-58.607079,-34.45587],[-58.607008,-34.455963],[-58.607349,-34.456142],[-58.60742,-34.456052],[-58.607079,-34.45587]]]}},{"type":"Feature","properties":{"partida":"057077465","cca":"057020P00000000000000000000001540000021000","tipo":"Urbano","sup_m2":436.8},"geometry":{"type":"Polygon","coordinates":[[[-58.607148,-34.45578],[-58.607079,-34.45587],[-58.60742,-34.456052],[-58.607488,-34.455965],[-58.607148,-34.45578]]]}},{"type":"Feature","properties":{"partida":"057077466","cca":"057020P00000000000000000000001540000022000","tipo":"Urbano","sup_m2":433.7},"geometry":{"type":"Polygon","coordinates":[[[-58.607565,-34.455646],[-58.607369,-34.4559],[-58.607488,-34.455965],[-58.607664,-34.455742],[-58.607639,-34.455687],[-58.607565,-34.455646]]]}},{"type":"Feature","properties":{"partida":"057077467","cca":"057020P00000000000000000000001540000023000","tipo":"Urbano","sup_m2":386.7},"geometry":{"type":"Polygon","coordinates":[[[-58.607565,-34.455646],[-58.607463,-34.45559],[-58.607261,-34.455841],[-58.607369,-34.4559],[-58.607565,-34.455646]]]}},{"type":"Feature","properties":{"partida":"057077468","cca":"057020P00000000000000000000001540000024000","tipo":"Urbano","sup_m2":426.2},"geometry":{"type":"Polygon","coordinates":[[[-58.607148,-34.45578],[-58.607261,-34.455841],[-58.607463,-34.45559],[-58.607344,-34.455525],[-58.607148,-34.45578]]]}},{"type":"Feature","properties":{"partida":"057077469","cca":"057020P00000000000000000000001540000025000","tipo":"Urbano","sup_m2":359.6},"geometry":{"type":"Polygon","coordinates":[[[-58.607048,-34.455725],[-58.607148,-34.45578],[-58.607344,-34.455525],[-58.607249,-34.455473],[-58.607048,-34.455725]]]}},{"type":"Feature","properties":{"partida":"057077470","cca":"057020P00000000000000000000001540000026000","tipo":"Urbano","sup_m2":402.4},"geometry":{"type":"Polygon","coordinates":[[[-58.607249,-34.455473],[-58.607136,-34.455412],[-58.606942,-34.455667],[-58.607048,-34.455725],[-58.607249,-34.455473]]]}},{"type":"Feature","properties":{"partida":"057028008","cca":"057020P00000000000000000000001550000001000","tipo":"Urbano","sup_m2":427.4},"geometry":{"type":"Polygon","coordinates":[[[-58.605957,-34.456914],[-58.606151,-34.456664],[-58.606064,-34.456618],[-58.606009,-34.456628],[-58.605837,-34.45685],[-58.605957,-34.456914]]]}},{"type":"Feature","properties":{"partida":"057077421","cca":"057020P00000000000000000000001550000002000","tipo":"Urbano","sup_m2":445.5},"geometry":{"type":"Polygon","coordinates":[[[-58.606105,-34.457123],[-58.606176,-34.457032],[-58.605837,-34.45685],[-58.605766,-34.456941],[-58.606105,-34.457123]]]}},{"type":"Feature","properties":{"partida":"057077422","cca":"057020P00000000000000000000001550000003000","tipo":"Urbano","sup_m2":445.5},"geometry":{"type":"Polygon","coordinates":[[[-58.606105,-34.457123],[-58.605766,-34.456941],[-58.605695,-34.457032],[-58.606035,-34.457214],[-58.606105,-34.457123]]]}},{"type":"Feature","properties":{"partida":"057077423","cca":"057020P00000000000000000000001550000004000","tipo":"Urbano","sup_m2":445.5},"geometry":{"type":"Polygon","coordinates":[[[-58.605964,-34.457305],[-58.606035,-34.457214],[-58.605695,-34.457032],[-58.605625,-34.457123],[-58.605964,-34.457305]]]}},{"type":"Feature","properties":{"partida":"057077424","cca":"057020P00000000000000000000001550000005000","tipo":"Urbano","sup_m2":445.6},"geometry":{"type":"Polygon","coordinates":[[[-58.605625,-34.457123],[-58.605554,-34.457214],[-58.605893,-34.457396],[-58.605964,-34.457305],[-58.605625,-34.457123]]]}},{"type":"Feature","properties":{"partida":"057077425","cca":"057020P00000000000000000000001550000006000","tipo":"Urbano","sup_m2":445.5},"geometry":{"type":"Polygon","coordinates":[[[-58.605823,-34.457487],[-58.605893,-34.457396],[-58.605554,-34.457214],[-58.605483,-34.457305],[-58.605823,-34.457487]]]}},{"type":"Feature","properties":{"partida":"057077426","cca":"057020P00000000000000000000001550000007000","tipo":"Urbano","sup_m2":448.4},"geometry":{"type":"Polygon","coordinates":[[[-58.605751,-34.457579],[-58.605823,-34.457487],[-58.605483,-34.457305],[-58.605413,-34.457396],[-58.605751,-34.457579]]]}},{"type":"Feature","properties":{"partida":"057077427","cca":"057020P00000000000000000000001550000008000","tipo":"Urbano","sup_m2":443.2},"geometry":{"type":"Polygon","coordinates":[[[-58.605681,-34.457669],[-58.605751,-34.457579],[-58.605413,-34.457396],[-58.605342,-34.457487],[-58.605681,-34.457669]]]}},{"type":"Feature","properties":{"partida":"057077428","cca":"057020P00000000000000000000001550000009000","tipo":"Urbano","sup_m2":427.9},"geometry":{"type":"Polygon","coordinates":[[[-58.605268,-34.457801],[-58.605462,-34.457551],[-58.605342,-34.457487],[-58.605168,-34.45771],[-58.605181,-34.457754],[-58.605268,-34.457801]]]}},{"type":"Feature","properties":{"partida":"057077429","cca":"057020P00000000000000000000001550000010000","tipo":"Urbano","sup_m2":396.0},"geometry":{"type":"Polygon","coordinates":[[[-58.605572,-34.45761],[-58.605462,-34.457551],[-58.605268,-34.457801],[-58.605377,-34.45786],[-58.605572,-34.45761]]]}},{"type":"Feature","properties":{"partida":"057077430","cca":"057020P00000000000000000000001550000011000","tipo":"Urbano","sup_m2":396.0},"geometry":{"type":"Polygon","coordinates":[[[-58.605681,-34.457669],[-58.605572,-34.45761],[-58.605377,-34.45786],[-58.605487,-34.457919],[-58.605681,-34.457669]]]}},{"type":"Feature","properties":{"partida":"057077431","cca":"057020P00000000000000000000001550000012000","tipo":"Urbano","sup_m2":396.1},"geometry":{"type":"Polygon","coordinates":[[[-58.605681,-34.457669],[-58.605487,-34.457919],[-58.605597,-34.457978],[-58.605791,-34.457728],[-58.605681,-34.457669]]]}},{"type":"Feature","properties":{"partida":"057077432","cca":"057020P00000000000000000000001550000013000","tipo":"Urbano","sup_m2":395.8},"geometry":{"type":"Polygon","coordinates":[[[-58.6059,-34.457786],[-58.605791,-34.457728],[-58.605597,-34.457978],[-58.605706,-34.458036],[-58.6059,-34.457786]]]}},{"type":"Feature","properties":{"partida":"057077433","cca":"057020P00000000000000000000001550000014000","tipo":"Urbano","sup_m2":426.9},"geometry":{"type":"Polygon","coordinates":[[[-58.605706,-34.458036],[-58.60579,-34.458082],[-58.605847,-34.458074],[-58.606021,-34.457851],[-58.6059,-34.457786],[-58.605706,-34.458036]]]}},{"type":"Feature","properties":{"partida":"057077434","cca":"057020P00000000000000000000001550000015000","tipo":"Urbano","sup_m2":443.2},"geometry":{"type":"Polygon","coordinates":[[[-58.605751,-34.457579],[-58.605681,-34.457669],[-58.606021,-34.457851],[-58.606091,-34.45776],[-58.605751,-34.457579]]]}},{"type":"Feature","properties":{"partida":"057077435","cca":"057020P00000000000000000000001550000016000","tipo":"Urbano","sup_m2":448.2},"geometry":{"type":"Polygon","coordinates":[[[-58.605823,-34.457487],[-58.605751,-34.457579],[-58.606091,-34.45776],[-58.606162,-34.457669],[-58.605823,-34.457487]]]}},{"type":"Feature","properties":{"partida":"057077436","cca":"057020P00000000000000000000001550000017000","tipo":"Urbano","sup_m2":445.9},"geometry":{"type":"Polygon","coordinates":[[[-58.606232,-34.457578],[-58.605893,-34.457396],[-58.605823,-34.457487],[-58.606162,-34.457669],[-58.606232,-34.457578]]]}},{"type":"Feature","properties":{"partida":"057077437","cca":"057020P00000000000000000000001550000018000","tipo":"Urbano","sup_m2":445.9},"geometry":{"type":"Polygon","coordinates":[[[-58.605964,-34.457305],[-58.605893,-34.457396],[-58.606232,-34.457578],[-58.606303,-34.457487],[-58.605964,-34.457305]]]}},{"type":"Feature","properties":{"partida":"057077438","cca":"057020P00000000000000000000001550000019000","tipo":"Urbano","sup_m2":445.7},"geometry":{"type":"Polygon","coordinates":[[[-58.606035,-34.457214],[-58.605964,-34.457305],[-58.606303,-34.457487],[-58.606374,-34.457396],[-58.606035,-34.457214]]]}},{"type":"Feature","properties":{"partida":"057077439","cca":"057020P00000000000000000000001550000020000","tipo":"Urbano","sup_m2":445.7},"geometry":{"type":"Polygon","coordinates":[[[-58.606105,-34.457123],[-58.606035,-34.457214],[-58.606374,-34.457396],[-58.606444,-34.457305],[-58.606105,-34.457123]]]}},{"type":"Feature","properties":{"partida":"057077440","cca":"057020P00000000000000000000001550000021000","tipo":"Urbano","sup_m2":445.9},"geometry":{"type":"Polygon","coordinates":[[[-58.606176,-34.457032],[-58.606105,-34.457123],[-58.606444,-34.457305],[-58.606515,-34.457214],[-58.606176,-34.457032]]]}},{"type":"Feature","properties":{"partida":"057077441","cca":"057020P00000000000000000000001550000022000","tipo":"Urbano","sup_m2":427.0},"geometry":{"type":"Polygon","coordinates":[[[-58.606395,-34.45715],[-58.606515,-34.457214],[-58.606689,-34.456991],[-58.606673,-34.456944],[-58.606589,-34.456899],[-58.606395,-34.45715]]]}},{"type":"Feature","properties":{"partida":"057077442","cca":"057020P00000000000000000000001550000023000","tipo":"Urbano","sup_m2":396.0},"geometry":{"type":"Polygon","coordinates":[[[-58.606589,-34.456899],[-58.60648,-34.456841],[-58.606285,-34.457091],[-58.606395,-34.45715],[-58.606589,-34.456899]]]}},{"type":"Feature","properties":{"partida":"057077443","cca":"057020P00000000000000000000001550000024000","tipo":"Urbano","sup_m2":396.0},"geometry":{"type":"Polygon","coordinates":[[[-58.60637,-34.456782],[-58.606176,-34.457032],[-58.606285,-34.457091],[-58.60648,-34.456841],[-58.60637,-34.456782]]]}},{"type":"Feature","properties":{"partida":"057077444","cca":"057020P00000000000000000000001550000025000","tipo":"Urbano","sup_m2":395.8},"geometry":{"type":"Polygon","coordinates":[[[-58.606066,-34.456973],[-58.606176,-34.457032],[-58.60637,-34.456782],[-58.606261,-34.456723],[-58.606066,-34.456973]]]}},{"type":"Feature","properties":{"partida":"057077445","cca":"057020P00000000000000000000001550000026000","tipo":"Urbano","sup_m2":395.9},"geometry":{"type":"Polygon","coordinates":[[[-58.606151,-34.456664],[-58.605957,-34.456914],[-58.606066,-34.456973],[-58.606261,-34.456723],[-58.606151,-34.456664]]]}},{"type":"Feature","properties":{"partida":"057028009","cca":"057020P00000000000000000000001560000001000","tipo":"Urbano","sup_m2":400.2},"geometry":{"type":"Polygon","coordinates":[[[-58.604865,-34.458116],[-58.604979,-34.458177],[-58.605172,-34.457926],[-58.605098,-34.457887],[-58.605032,-34.4579],[-58.604865,-34.458116]]]}},{"type":"Feature","properties":{"partida":"057077408","cca":"057020P00000000000000000000001560000002000","tipo":"Urbano","sup_m2":441.2},"geometry":{"type":"Polygon","coordinates":[[[-58.605204,-34.458295],[-58.604865,-34.458116],[-58.604794,-34.458208],[-58.605135,-34.458384],[-58.605204,-34.458295]]]}},{"type":"Feature","properties":{"partida":"057077409","cca":"057020P00000000000000000000001560000003000","tipo":"Urbano","sup_m2":433.5},"geometry":{"type":"Polygon","coordinates":[[[-58.605067,-34.458474],[-58.605135,-34.458384],[-58.604794,-34.458208],[-58.604725,-34.458297],[-58.605067,-34.458474]]]}},{"type":"Feature","properties":{"partida":"057077410","cca":"057020P00000000000000000000001560000004000","tipo":"Urbano","sup_m2":452.8},"geometry":{"type":"Polygon","coordinates":[[[-58.605067,-34.458474],[-58.604725,-34.458297],[-58.604654,-34.458389],[-58.604995,-34.458568],[-58.605067,-34.458474]]]}},{"type":"Feature","properties":{"partida":"057077411","cca":"057020P00000000000000000000001560000005000","tipo":"Urbano","sup_m2":519.8},"geometry":{"type":"Polygon","coordinates":[[[-58.604654,-34.458389],[-58.604573,-34.458494],[-58.604913,-34.458675],[-58.604995,-34.458568],[-58.604654,-34.458389]]]}},{"type":"Feature","properties":{"partida":"057077412","cca":"057020P00000000000000000000001560000016000","tipo":"Urbano","sup_m2":523.7},"geometry":{"type":"Polygon","coordinates":[[[-58.604913,-34.458675],[-58.605251,-34.458854],[-58.605335,-34.458746],[-58.604995,-34.458568],[-58.604913,-34.458675]]]}},{"type":"Feature","properties":{"partida":"057077413","cca":"057020P00000000000000000000001560000017000","tipo":"Urbano","sup_m2":462.5},"geometry":{"type":"Polygon","coordinates":[[[-58.604995,-34.458568],[-58.605335,-34.458746],[-58.605409,-34.45865],[-58.605067,-34.458474],[-58.604995,-34.458568]]]}},{"type":"Feature","properties":{"partida":"057077414","cca":"057020P00000000000000000000001560000018000","tipo":"Urbano","sup_m2":433.9},"geometry":{"type":"Polygon","coordinates":[[[-58.605135,-34.458384],[-58.605067,-34.458474],[-58.605409,-34.45865],[-58.605478,-34.458561],[-58.605135,-34.458384]]]}},{"type":"Feature","properties":{"partida":"057077415","cca":"057020P00000000000000000000001560000019000","tipo":"Urbano","sup_m2":433.0},"geometry":{"type":"Polygon","coordinates":[[[-58.605545,-34.458474],[-58.605204,-34.458295],[-58.605135,-34.458384],[-58.605478,-34.458561],[-58.605545,-34.458474]]]}},{"type":"Feature","properties":{"partida":"057077416","cca":"057020P00000000000000000000001560000020000","tipo":"Urbano","sup_m2":432.1},"geometry":{"type":"Polygon","coordinates":[[[-58.605425,-34.45841],[-58.605545,-34.458474],[-58.60571,-34.458261],[-58.6057,-34.458204],[-58.605612,-34.458158],[-58.605425,-34.45841]]]}},{"type":"Feature","properties":{"partida":"057077417","cca":"057020P00000000000000000000001560000021000","tipo":"Urbano","sup_m2":392.2},"geometry":{"type":"Polygon","coordinates":[[[-58.605425,-34.45841],[-58.605612,-34.458158],[-58.605504,-34.458101],[-58.605314,-34.458352],[-58.605425,-34.45841]]]}},{"type":"Feature","properties":{"partida":"057077418","cca":"057020P00000000000000000000001560000022000","tipo":"Urbano","sup_m2":390.7},"geometry":{"type":"Polygon","coordinates":[[[-58.605396,-34.458044],[-58.605204,-34.458295],[-58.605314,-34.458352],[-58.605504,-34.458101],[-58.605396,-34.458044]]]}},{"type":"Feature","properties":{"partida":"057077419","cca":"057020P00000000000000000000001560000023000","tipo":"Urbano","sup_m2":381.8},"geometry":{"type":"Polygon","coordinates":[[[-58.605099,-34.458239],[-58.605204,-34.458295],[-58.605396,-34.458044],[-58.605288,-34.457987],[-58.605099,-34.458239]]]}},{"type":"Feature","properties":{"partida":"057077420","cca":"057020P00000000000000000000001560000024000","tipo":"Urbano","sup_m2":422.0},"geometry":{"type":"Polygon","coordinates":[[[-58.605099,-34.458239],[-58.605288,-34.457987],[-58.605172,-34.457926],[-58.604979,-34.458177],[-58.605099,-34.458239]]]}},{"type":"Feature","properties":{"partida":"057028004","cca":"057020P00000000000000000000001570000001000","tipo":"Urbano","sup_m2":456.9},"geometry":{"type":"Polygon","coordinates":[[[-58.607762,-34.456106],[-58.607964,-34.455858],[-58.60787,-34.455807],[-58.607803,-34.455825],[-58.607637,-34.456037],[-58.607762,-34.456106]]]}},{"type":"Feature","properties":{"partida":"057077358","cca":"057020P00000000000000000000001570000002000","tipo":"Urbano","sup_m2":435.3},"geometry":{"type":"Polygon","coordinates":[[[-58.607968,-34.45622],[-58.607637,-34.456037],[-58.607565,-34.456129],[-58.607901,-34.456308],[-58.607968,-34.45622]]]}},{"type":"Feature","properties":{"partida":"057077359","cca":"057020P00000000000000000000001570000003000","tipo":"Urbano","sup_m2":456.4},"geometry":{"type":"Polygon","coordinates":[[[-58.607827,-34.456404],[-58.607901,-34.456308],[-58.607565,-34.456129],[-58.607493,-34.456222],[-58.607827,-34.456404]]]}},{"type":"Feature","properties":{"partida":"057077360","cca":"057020P00000000000000000000001570000004000","tipo":"Urbano","sup_m2":437.1},"geometry":{"type":"Polygon","coordinates":[[[-58.607422,-34.456312],[-58.607758,-34.456493],[-58.607827,-34.456404],[-58.607493,-34.456222],[-58.607422,-34.456312]]]}},{"type":"Feature","properties":{"partida":"057077361","cca":"057020P00000000000000000000001570000005000","tipo":"Urbano","sup_m2":425.5},"geometry":{"type":"Polygon","coordinates":[[[-58.607353,-34.4564],[-58.607692,-34.45658],[-58.607758,-34.456493],[-58.607422,-34.456312],[-58.607353,-34.4564]]]}},{"type":"Feature","properties":{"partida":"057077362","cca":"057020P00000000000000000000001570000006000","tipo":"Urbano","sup_m2":446.4},"geometry":{"type":"Polygon","coordinates":[[[-58.607621,-34.456673],[-58.607692,-34.45658],[-58.607353,-34.4564],[-58.607283,-34.45649],[-58.607621,-34.456673]]]}},{"type":"Feature","properties":{"partida":"057077363","cca":"057020P00000000000000000000001570000007000","tipo":"Urbano","sup_m2":437.9},"geometry":{"type":"Polygon","coordinates":[[[-58.607551,-34.456764],[-58.607621,-34.456673],[-58.607283,-34.45649],[-58.607214,-34.456579],[-58.607551,-34.456764]]]}},{"type":"Feature","properties":{"partida":"057077364","cca":"057020P00000000000000000000001570000008000","tipo":"Urbano","sup_m2":448.8},"geometry":{"type":"Polygon","coordinates":[[[-58.607481,-34.456854],[-58.607551,-34.456764],[-58.607214,-34.456579],[-58.607142,-34.456671],[-58.607481,-34.456854]]]}},{"type":"Feature","properties":{"partida":"057077365","cca":"057020P00000000000000000000001570000009000","tipo":"Urbano","sup_m2":475.8},"geometry":{"type":"Polygon","coordinates":[[[-58.607081,-34.456993],[-58.607277,-34.456744],[-58.607142,-34.456671],[-58.606976,-34.456883],[-58.60699,-34.456944],[-58.607081,-34.456993]]]}},{"type":"Feature","properties":{"partida":"057077366","cca":"057020P00000000000000000000001570000010000","tipo":"Urbano","sup_m2":398.7},"geometry":{"type":"Polygon","coordinates":[[[-58.607081,-34.456993],[-58.607192,-34.457053],[-58.607386,-34.456803],[-58.607277,-34.456744],[-58.607081,-34.456993]]]}},{"type":"Feature","properties":{"partida":"057077367","cca":"057020P00000000000000000000001570000011000","tipo":"Urbano","sup_m2":346.9},"geometry":{"type":"Polygon","coordinates":[[[-58.607288,-34.457105],[-58.607481,-34.456854],[-58.607386,-34.456803],[-58.607192,-34.457053],[-58.607288,-34.457105]]]}},{"type":"Feature","properties":{"partida":"057077368","cca":"057020P00000000000000000000001570000012000","tipo":"Urbano","sup_m2":395.9},"geometry":{"type":"Polygon","coordinates":[[[-58.607591,-34.456914],[-58.607481,-34.456854],[-58.607288,-34.457105],[-58.607397,-34.457164],[-58.607591,-34.456914]]]}},{"type":"Feature","properties":{"partida":"057077369","cca":"057020P00000000000000000000001570000013000","tipo":"Urbano","sup_m2":403.4},"geometry":{"type":"Polygon","coordinates":[[[-58.607591,-34.456914],[-58.607397,-34.457164],[-58.607509,-34.457224],[-58.607702,-34.456974],[-58.607591,-34.456914]]]}},{"type":"Feature","properties":{"partida":"057077370","cca":"057020P00000000000000000000001570000014000","tipo":"Urbano","sup_m2":395.4},"geometry":{"type":"Polygon","coordinates":[[[-58.607702,-34.456974],[-58.607509,-34.457224],[-58.607577,-34.457261],[-58.60765,-34.457247],[-58.607816,-34.457035],[-58.607702,-34.456974]]]}},{"type":"Feature","properties":{"partida":"057077371","cca":"057020P00000000000000000000001570000015000","tipo":"Urbano","sup_m2":433.4},"geometry":{"type":"Polygon","coordinates":[[[-58.607816,-34.457035],[-58.607885,-34.456947],[-58.607551,-34.456764],[-58.607481,-34.456854],[-58.607816,-34.457035]]]}},{"type":"Feature","properties":{"partida":"057077372","cca":"057020P00000000000000000000001570000016000","tipo":"Urbano","sup_m2":444.8},"geometry":{"type":"Polygon","coordinates":[[[-58.607957,-34.456854],[-58.607621,-34.456673],[-58.607551,-34.456764],[-58.607885,-34.456947],[-58.607957,-34.456854]]]}},{"type":"Feature","properties":{"partida":"057077373","cca":"057020P00000000000000000000001570000017000","tipo":"Urbano","sup_m2":456.1},"geometry":{"type":"Polygon","coordinates":[[[-58.608031,-34.45676],[-58.607692,-34.45658],[-58.607621,-34.456673],[-58.607957,-34.456854],[-58.608031,-34.45676]]]}},{"type":"Feature","properties":{"partida":"057077374","cca":"057020P00000000000000000000001570000018000","tipo":"Urbano","sup_m2":416.6},"geometry":{"type":"Polygon","coordinates":[[[-58.608097,-34.456676],[-58.607758,-34.456493],[-58.607692,-34.45658],[-58.608031,-34.45676],[-58.608097,-34.456676]]]}},{"type":"Feature","properties":{"partida":"057077375","cca":"057020P00000000000000000000001570000019000","tipo":"Urbano","sup_m2":435.7},"geometry":{"type":"Polygon","coordinates":[[[-58.608166,-34.456588],[-58.607827,-34.456404],[-58.607758,-34.456493],[-58.608097,-34.456676],[-58.608166,-34.456588]]]}},{"type":"Feature","properties":{"partida":"057077376","cca":"057020P00000000000000000000001570000020000","tipo":"Urbano","sup_m2":478.7},"geometry":{"type":"Polygon","coordinates":[[[-58.608243,-34.45649],[-58.607901,-34.456308],[-58.607827,-34.456404],[-58.608166,-34.456588],[-58.608243,-34.45649]]]}},{"type":"Feature","properties":{"partida":"057077377","cca":"057020P00000000000000000000001570000021000","tipo":"Urbano","sup_m2":417.7},"geometry":{"type":"Polygon","coordinates":[[[-58.608307,-34.456408],[-58.607968,-34.45622],[-58.607901,-34.456308],[-58.608243,-34.45649],[-58.608307,-34.456408]]]}},{"type":"Feature","properties":{"partida":"057077378","cca":"057020P00000000000000000000001570000022000","tipo":"Urbano","sup_m2":430.3},"geometry":{"type":"Polygon","coordinates":[[[-58.608189,-34.456342],[-58.608307,-34.456408],[-58.608485,-34.456181],[-58.608466,-34.456132],[-58.608388,-34.456089],[-58.608189,-34.456342]]]}},{"type":"Feature","properties":{"partida":"057077379","cca":"057020P00000000000000000000001570000023000","tipo":"Urbano","sup_m2":426.7},"geometry":{"type":"Polygon","coordinates":[[[-58.608073,-34.456278],[-58.608189,-34.456342],[-58.608388,-34.456089],[-58.608272,-34.456026],[-58.608073,-34.456278]]]}},{"type":"Feature","properties":{"partida":"057077380","cca":"057020P00000000000000000000001570000024000","tipo":"Urbano","sup_m2":392.0},"geometry":{"type":"Polygon","coordinates":[[[-58.607968,-34.45622],[-58.608073,-34.456278],[-58.608272,-34.456026],[-58.608163,-34.455967],[-58.607968,-34.45622]]]}},{"type":"Feature","properties":{"partida":"057077381","cca":"057020P00000000000000000000001570000025000","tipo":"Urbano","sup_m2":366.3},"geometry":{"type":"Polygon","coordinates":[[[-58.60787,-34.456166],[-58.607968,-34.45622],[-58.608163,-34.455967],[-58.608062,-34.455912],[-58.60787,-34.456166]]]}},{"type":"Feature","properties":{"partida":"057077382","cca":"057020P00000000000000000000001570000026000","tipo":"Urbano","sup_m2":377.6},"geometry":{"type":"Polygon","coordinates":[[[-58.608062,-34.455912],[-58.607964,-34.455858],[-58.607762,-34.456106],[-58.60787,-34.456166],[-58.608062,-34.455912]]]}},{"type":"Feature","properties":{"partida":"057028005","cca":"057020P00000000000000000000001580000001000","tipo":"Urbano","sup_m2":461.8},"geometry":{"type":"Polygon","coordinates":[[[-58.606802,-34.457353],[-58.606995,-34.457103],[-58.606893,-34.457049],[-58.606847,-34.457058],[-58.606672,-34.457283],[-58.606802,-34.457353]]]}},{"type":"Feature","properties":{"partida":"057077230","cca":"057020P00000000000000000000001580000002000","tipo":"Urbano","sup_m2":441.5},"geometry":{"type":"Polygon","coordinates":[[[-58.606936,-34.457556],[-58.607007,-34.457463],[-58.606672,-34.457283],[-58.606602,-34.457373],[-58.606936,-34.457556]]]}},{"type":"Feature","properties":{"partida":"057077231","cca":"057020P00000000000000000000001580000003000","tipo":"Urbano","sup_m2":473.8},"geometry":{"type":"Polygon","coordinates":[[[-58.606936,-34.457556],[-58.606602,-34.457373],[-58.606525,-34.457471],[-58.606861,-34.457652],[-58.606936,-34.457556]]]}},{"type":"Feature","properties":{"partida":"057077232","cca":"057020P00000000000000000000001580000004000","tipo":"Urbano","sup_m2":415.8},"geometry":{"type":"Polygon","coordinates":[[[-58.606794,-34.457738],[-58.606861,-34.457652],[-58.606525,-34.457471],[-58.606459,-34.457557],[-58.606794,-34.457738]]]}},{"type":"Feature","properties":{"partida":"057077233","cca":"057020P00000000000000000000001580000005000","tipo":"Urbano","sup_m2":430.8},"geometry":{"type":"Polygon","coordinates":[[[-58.606726,-34.457825],[-58.606794,-34.457738],[-58.606459,-34.457557],[-58.606389,-34.457647],[-58.606726,-34.457825]]]}},{"type":"Feature","properties":{"partida":"057077234","cca":"057020P00000000000000000000001580000006000","tipo":"Urbano","sup_m2":437.1},"geometry":{"type":"Polygon","coordinates":[[[-58.606389,-34.457647],[-58.606319,-34.457737],[-58.606656,-34.457915],[-58.606726,-34.457825],[-58.606389,-34.457647]]]}},{"type":"Feature","properties":{"partida":"057077235","cca":"057020P00000000000000000000001580000007000","tipo":"Urbano","sup_m2":410.1},"geometry":{"type":"Polygon","coordinates":[[[-58.606254,-34.45782],[-58.606589,-34.458001],[-58.606656,-34.457915],[-58.606319,-34.457737],[-58.606254,-34.45782]]]}},{"type":"Feature","properties":{"partida":"057077236","cca":"057020P00000000000000000000001580000008000","tipo":"Urbano","sup_m2":460.8},"geometry":{"type":"Polygon","coordinates":[[[-58.606517,-34.458094],[-58.606589,-34.458001],[-58.606254,-34.45782],[-58.606179,-34.457917],[-58.606517,-34.458094]]]}},{"type":"Feature","properties":{"partida":"057077237","cca":"057020P00000000000000000000001580000009000","tipo":"Urbano","sup_m2":467.6},"geometry":{"type":"Polygon","coordinates":[[[-58.606309,-34.457985],[-58.606179,-34.457917],[-58.605999,-34.458148],[-58.606008,-34.458186],[-58.606108,-34.458239],[-58.606309,-34.457985]]]}},{"type":"Feature","properties":{"partida":"057077238","cca":"057020P00000000000000000000001580000010000","tipo":"Urbano","sup_m2":405.3},"geometry":{"type":"Polygon","coordinates":[[[-58.606219,-34.458299],[-58.606418,-34.458042],[-58.606309,-34.457985],[-58.606108,-34.458239],[-58.606219,-34.458299]]]}},{"type":"Feature","properties":{"partida":"057077239","cca":"057020P00000000000000000000001580000011000","tipo":"Urbano","sup_m2":364.0},"geometry":{"type":"Polygon","coordinates":[[[-58.606317,-34.458351],[-58.606517,-34.458094],[-58.606418,-34.458042],[-58.606219,-34.458299],[-58.606317,-34.458351]]]}},{"type":"Feature","properties":{"partida":"057077240","cca":"057020P00000000000000000000001580000012000","tipo":"Urbano","sup_m2":396.9},"geometry":{"type":"Polygon","coordinates":[[[-58.606625,-34.458151],[-58.606517,-34.458094],[-58.606317,-34.458351],[-58.606423,-34.458408],[-58.606625,-34.458151]]]}},{"type":"Feature","properties":{"partida":"057077241","cca":"057020P00000000000000000000001580000013000","tipo":"Urbano","sup_m2":419.5},"geometry":{"type":"Polygon","coordinates":[[[-58.60674,-34.458211],[-58.606625,-34.458151],[-58.606423,-34.458408],[-58.606535,-34.458467],[-58.60674,-34.458211]]]}},{"type":"Feature","properties":{"partida":"057077242","cca":"057020P00000000000000000000001580000014000","tipo":"Urbano","sup_m2":431.3},"geometry":{"type":"Polygon","coordinates":[[[-58.60674,-34.458211],[-58.606535,-34.458467],[-58.606626,-34.458516],[-58.606671,-34.458508],[-58.606855,-34.458272],[-58.60674,-34.458211]]]}},{"type":"Feature","properties":{"partida":"057077243","cca":"057020P00000000000000000000001580000015000","tipo":"Urbano","sup_m2":444.6},"geometry":{"type":"Polygon","coordinates":[[[-58.606855,-34.458272],[-58.606925,-34.458182],[-58.606589,-34.458001],[-58.606517,-34.458094],[-58.606855,-34.458272]]]}},{"type":"Feature","properties":{"partida":"057077244","cca":"057020P00000000000000000000001580000016000","tipo":"Urbano","sup_m2":421.0},"geometry":{"type":"Polygon","coordinates":[[[-58.606993,-34.458094],[-58.606656,-34.457915],[-58.606589,-34.458001],[-58.606925,-34.458182],[-58.606993,-34.458094]]]}},{"type":"Feature","properties":{"partida":"057077245","cca":"057020P00000000000000000000001580000017000","tipo":"Urbano","sup_m2":437.3},"geometry":{"type":"Polygon","coordinates":[[[-58.607063,-34.458004],[-58.606726,-34.457825],[-58.606656,-34.457915],[-58.606993,-34.458094],[-58.607063,-34.458004]]]}},{"type":"Feature","properties":{"partida":"057077246","cca":"057020P00000000000000000000001580000018000","tipo":"Urbano","sup_m2":420.8},"geometry":{"type":"Polygon","coordinates":[[[-58.60713,-34.457918],[-58.606794,-34.457738],[-58.606726,-34.457825],[-58.607063,-34.458004],[-58.60713,-34.457918]]]}},{"type":"Feature","properties":{"partida":"057077247","cca":"057020P00000000000000000000001580000019000","tipo":"Urbano","sup_m2":416.2},"geometry":{"type":"Polygon","coordinates":[[[-58.607197,-34.457833],[-58.606861,-34.457652],[-58.606794,-34.457738],[-58.60713,-34.457918],[-58.607197,-34.457833]]]}},{"type":"Feature","properties":{"partida":"057077248","cca":"057020P00000000000000000000001580000020000","tipo":"Urbano","sup_m2":463.3},"geometry":{"type":"Polygon","coordinates":[[[-58.60727,-34.457739],[-58.606936,-34.457556],[-58.606861,-34.457652],[-58.607197,-34.457833],[-58.60727,-34.457739]]]}},{"type":"Feature","properties":{"partida":"057077249","cca":"057020P00000000000000000000001580000021000","tipo":"Urbano","sup_m2":452.7},"geometry":{"type":"Polygon","coordinates":[[[-58.607343,-34.457644],[-58.607007,-34.457463],[-58.606936,-34.457556],[-58.60727,-34.457739],[-58.607343,-34.457644]]]}},{"type":"Feature","properties":{"partida":"057077250","cca":"057020P00000000000000000000001580000022000","tipo":"Urbano","sup_m2":414.9},"geometry":{"type":"Polygon","coordinates":[[[-58.607228,-34.457582],[-58.607343,-34.457644],[-58.607519,-34.457418],[-58.607506,-34.457372],[-58.607427,-34.45733],[-58.607228,-34.457582]]]}},{"type":"Feature","properties":{"partida":"057077251","cca":"057020P00000000000000000000001580000023000","tipo":"Urbano","sup_m2":415.7},"geometry":{"type":"Polygon","coordinates":[[[-58.607427,-34.45733],[-58.607312,-34.45727],[-58.607114,-34.457521],[-58.607228,-34.457582],[-58.607427,-34.45733]]]}},{"type":"Feature","properties":{"partida":"057077252","cca":"057020P00000000000000000000001580000024000","tipo":"Urbano","sup_m2":391.5},"geometry":{"type":"Polygon","coordinates":[[[-58.607203,-34.457212],[-58.607007,-34.457463],[-58.607114,-34.457521],[-58.607312,-34.45727],[-58.607203,-34.457212]]]}},{"type":"Feature","properties":{"partida":"057077253","cca":"057020P00000000000000000000001580000025000","tipo":"Urbano","sup_m2":372.4},"geometry":{"type":"Polygon","coordinates":[[[-58.607099,-34.457158],[-58.606905,-34.457408],[-58.607007,-34.457463],[-58.607203,-34.457212],[-58.607099,-34.457158]]]}},{"type":"Feature","properties":{"partida":"057077254","cca":"057020P00000000000000000000001580000026000","tipo":"Urbano","sup_m2":372.2},"geometry":{"type":"Polygon","coordinates":[[[-58.607099,-34.457158],[-58.606995,-34.457103],[-58.606802,-34.457353],[-58.606905,-34.457408],[-58.607099,-34.457158]]]}},{"type":"Feature","properties":{"partida":"057028006","cca":"057020P00000000000000000000001590000001000","tipo":"Urbano","sup_m2":406.1},"geometry":{"type":"Polygon","coordinates":[[[-58.605798,-34.458611],[-58.605991,-34.458361],[-58.605918,-34.458322],[-58.605847,-34.458337],[-58.605682,-34.458551],[-58.605798,-34.458611]]]}},{"type":"Feature","properties":{"partida":"057077217","cca":"057020P00000000000000000000001590000002000","tipo":"Urbano","sup_m2":441.0},"geometry":{"type":"Polygon","coordinates":[[[-58.606021,-34.458728],[-58.605682,-34.458551],[-58.605613,-34.458641],[-58.605951,-34.45882],[-58.606021,-34.458728]]]}},{"type":"Feature","properties":{"partida":"057077218","cca":"057020P00000000000000000000001590000003000","tipo":"Urbano","sup_m2":435.5},"geometry":{"type":"Polygon","coordinates":[[[-58.605883,-34.458909],[-58.605951,-34.45882],[-58.605613,-34.458641],[-58.605543,-34.458731],[-58.605883,-34.458909]]]}},{"type":"Feature","properties":{"partida":"057077219","cca":"057020P00000000000000000000001590000004000","tipo":"Urbano","sup_m2":458.5},"geometry":{"type":"Polygon","coordinates":[[[-58.605811,-34.459004],[-58.605883,-34.458909],[-58.605543,-34.458731],[-58.605471,-34.458824],[-58.605811,-34.459004]]]}},{"type":"Feature","properties":{"partida":"057077220","cca":"057020P00000000000000000000001590000005000","tipo":"Urbano","sup_m2":535.0},"geometry":{"type":"Polygon","coordinates":[[[-58.605811,-34.459004],[-58.605471,-34.458824],[-58.605387,-34.458934],[-58.605727,-34.459114],[-58.605811,-34.459004]]]}},{"type":"Feature","properties":{"partida":"057077221","cca":"057020P00000000000000000000001590000016000","tipo":"Urbano","sup_m2":527.7},"geometry":{"type":"Polygon","coordinates":[[[-58.605811,-34.459004],[-58.605727,-34.459114],[-58.60606,-34.459292],[-58.606146,-34.459183],[-58.605811,-34.459004]]]}},{"type":"Feature","properties":{"partida":"057077222","cca":"057020P00000000000000000000001590000017000","tipo":"Urbano","sup_m2":458.8},"geometry":{"type":"Polygon","coordinates":[[[-58.60622,-34.459088],[-58.605883,-34.458909],[-58.605811,-34.459004],[-58.606146,-34.459183],[-58.60622,-34.459088]]]}},{"type":"Feature","properties":{"partida":"057077223","cca":"057020P00000000000000000000001590000018000","tipo":"Urbano","sup_m2":432.3},"geometry":{"type":"Polygon","coordinates":[[[-58.60629,-34.459],[-58.605951,-34.45882],[-58.605883,-34.458909],[-58.60622,-34.459088],[-58.60629,-34.459]]]}},{"type":"Feature","properties":{"partida":"057077224","cca":"057020P00000000000000000000001590000019000","tipo":"Urbano","sup_m2":453.8},"geometry":{"type":"Polygon","coordinates":[[[-58.606363,-34.458906],[-58.606021,-34.458728],[-58.605951,-34.45882],[-58.60629,-34.459],[-58.606363,-34.458906]]]}},{"type":"Feature","properties":{"partida":"057077225","cca":"057020P00000000000000000000001590000020000","tipo":"Urbano","sup_m2":446.7},"geometry":{"type":"Polygon","coordinates":[[[-58.606234,-34.458838],[-58.606363,-34.458906],[-58.606529,-34.458695],[-58.606519,-34.458643],[-58.606426,-34.458593],[-58.606234,-34.458838]]]}},{"type":"Feature","properties":{"partida":"057077226","cca":"057020P00000000000000000000001590000021000","tipo":"Urbano","sup_m2":396.2},"geometry":{"type":"Polygon","coordinates":[[[-58.606234,-34.458838],[-58.606426,-34.458593],[-58.606312,-34.458532],[-58.606125,-34.458782],[-58.606234,-34.458838]]]}},{"type":"Feature","properties":{"partida":"057077227","cca":"057020P00000000000000000000001590000022000","tipo":"Urbano","sup_m2":363.6},"geometry":{"type":"Polygon","coordinates":[[[-58.606211,-34.458478],[-58.606021,-34.458728],[-58.606125,-34.458782],[-58.606312,-34.458532],[-58.606211,-34.458478]]]}},{"type":"Feature","properties":{"partida":"057077228","cca":"057020P00000000000000000000001590000023000","tipo":"Urbano","sup_m2":377.1},"geometry":{"type":"Polygon","coordinates":[[[-58.605915,-34.458672],[-58.606021,-34.458728],[-58.606211,-34.458478],[-58.606106,-34.458422],[-58.605915,-34.458672]]]}},{"type":"Feature","properties":{"partida":"057077229","cca":"057020P00000000000000000000001590000024000","tipo":"Urbano","sup_m2":415.4},"geometry":{"type":"Polygon","coordinates":[[[-58.606106,-34.458422],[-58.605991,-34.458361],[-58.605798,-34.458611],[-58.605915,-34.458672],[-58.606106,-34.458422]]]}},{"type":"Feature","properties":{"partida":"057028001","cca":"057020P0000000000000000000000160000000100A","tipo":"Urbano","sup_m2":232.0},"geometry":{"type":"Polygon","coordinates":[[[-58.608611,-34.456443],[-58.608758,-34.456265],[-58.608697,-34.456231],[-58.608634,-34.456253],[-58.608521,-34.456395],[-58.608611,-34.456443]]]}},{"type":"Feature","properties":{"partida":"057085310","cca":"057020P0000000000000000000000160000000100B","tipo":"Urbano","sup_m2":287.1},"geometry":{"type":"Polygon","coordinates":[[[-58.608792,-34.456539],[-58.608521,-34.456395],[-58.608464,-34.456468],[-58.608735,-34.456613],[-58.608792,-34.456539]]]}},{"type":"Feature","properties":{"partida":"057045106","cca":"057020P00000000000000000000001600000002000","tipo":"Urbano","sup_m2":471.4},"geometry":{"type":"Polygon","coordinates":[[[-58.608804,-34.45665],[-58.608464,-34.456468],[-58.60839,-34.456562],[-58.608729,-34.456747],[-58.608804,-34.45665]]]}},{"type":"Feature","properties":{"partida":"057045107","cca":"057020P00000000000000000000001600000003000","tipo":"Urbano","sup_m2":440.1},"geometry":{"type":"Polygon","coordinates":[[[-58.60866,-34.456835],[-58.608729,-34.456747],[-58.60839,-34.456562],[-58.608319,-34.456652],[-58.60866,-34.456835]]]}},{"type":"Feature","properties":{"partida":"057045108","cca":"057020P00000000000000000000001600000004000","tipo":"Urbano","sup_m2":462.1},"geometry":{"type":"Polygon","coordinates":[[[-58.608586,-34.45693],[-58.60866,-34.456835],[-58.608319,-34.456652],[-58.608246,-34.456744],[-58.608586,-34.45693]]]}},{"type":"Feature","properties":{"partida":"057045109","cca":"057020P00000000000000000000001600000005000","tipo":"Urbano","sup_m2":430.7},"geometry":{"type":"Polygon","coordinates":[[[-58.608179,-34.45683],[-58.608517,-34.457018],[-58.608586,-34.45693],[-58.608246,-34.456744],[-58.608179,-34.45683]]]}},{"type":"Feature","properties":{"partida":"057045110","cca":"057020P0000000000000000000000160000000600A","tipo":"Urbano","sup_m2":359.7},"geometry":{"type":"Polygon","coordinates":[[[-58.608462,-34.457089],[-58.608517,-34.457018],[-58.608179,-34.45683],[-58.60812,-34.456905],[-58.608462,-34.457089]]]}},{"type":"Feature","properties":{"partida":"057045111","cca":"057020P0000000000000000000000160000000700A","tipo":"Urbano","sup_m2":365.5},"geometry":{"type":"Polygon","coordinates":[[[-58.608406,-34.457161],[-58.608462,-34.457089],[-58.60812,-34.456905],[-58.608061,-34.456979],[-58.608406,-34.457161]]]}},{"type":"Feature","properties":{"partida":"057045112","cca":"057020P0000000000000000000000160000000800A","tipo":"Urbano","sup_m2":360.9},"geometry":{"type":"Polygon","coordinates":[[[-58.608004,-34.457052],[-58.608349,-34.457234],[-58.608406,-34.457161],[-58.608061,-34.456979],[-58.608004,-34.457052]]]}},{"type":"Feature","properties":{"partida":"057085311","cca":"057020P0000000000000000000000160000000800B","tipo":"Urbano","sup_m2":357.1},"geometry":{"type":"Polygon","coordinates":[[[-58.607942,-34.457131],[-58.608181,-34.45726],[-58.608203,-34.457231],[-58.608307,-34.457287],[-58.608349,-34.457234],[-58.608004,-34.457052],[-58.607942,-34.457131]]]}},{"type":"Feature","properties":{"partida":"057045113","cca":"057020P0000000000000000000000160000000900A","tipo":"Urbano","sup_m2":267.7},"geometry":{"type":"Polygon","coordinates":[[[-58.608122,-34.457337],[-58.608181,-34.45726],[-58.607942,-34.457131],[-58.607881,-34.457208],[-58.608122,-34.457337]]]}},{"type":"Feature","properties":{"partida":"057085312","cca":"057020P0000000000000000000000160000000900B","tipo":"Urbano","sup_m2":275.2},"geometry":{"type":"Polygon","coordinates":[[[-58.608011,-34.457278],[-58.607881,-34.457208],[-58.607791,-34.457322],[-58.607815,-34.457386],[-58.607898,-34.45743],[-58.608011,-34.457278]]]}},{"type":"Feature","properties":{"partida":"057045114","cca":"057020P0000000000000000000000160000001000A","tipo":"Urbano","sup_m2":238.4},"geometry":{"type":"Polygon","coordinates":[[[-58.608007,-34.457488],[-58.608122,-34.457337],[-58.608011,-34.457278],[-58.607898,-34.45743],[-58.608007,-34.457488]]]}},{"type":"Feature","properties":{"partida":"057045115","cca":"057020P00000000000000000000001600000011000","tipo":"Urbano","sup_m2":378.8},"geometry":{"type":"Polygon","coordinates":[[[-58.608108,-34.457542],[-58.608307,-34.457287],[-58.608203,-34.457231],[-58.608007,-34.457488],[-58.608108,-34.457542]]]}},{"type":"Feature","properties":{"partida":"057045116","cca":"057020P00000000000000000000001600000012000","tipo":"Urbano","sup_m2":395.8},"geometry":{"type":"Polygon","coordinates":[[[-58.608416,-34.457345],[-58.608307,-34.457287],[-58.608108,-34.457542],[-58.608214,-34.457599],[-58.608416,-34.457345]]]}},{"type":"Feature","properties":{"partida":"057045117","cca":"057020P00000000000000000000001600000013000","tipo":"Urbano","sup_m2":403.0},"geometry":{"type":"Polygon","coordinates":[[[-58.608214,-34.457599],[-58.608324,-34.457657],[-58.608525,-34.457404],[-58.608416,-34.457345],[-58.608214,-34.457599]]]}},{"type":"Feature","properties":{"partida":"057045118","cca":"057020P0000000000000000000000160000001400A","tipo":"Urbano","sup_m2":212.6},"geometry":{"type":"Polygon","coordinates":[[[-58.608546,-34.457593],[-58.608424,-34.457531],[-58.608324,-34.457657],[-58.608404,-34.4577],[-58.608471,-34.457687],[-58.608546,-34.457593]]]}},{"type":"Feature","properties":{"partida":"057085313","cca":"057020P0000000000000000000000160000001400B","tipo":"Urbano","sup_m2":218.6},"geometry":{"type":"Polygon","coordinates":[[[-58.608644,-34.457468],[-58.608525,-34.457404],[-58.608424,-34.457531],[-58.608546,-34.457593],[-58.608644,-34.457468]]]}},{"type":"Feature","properties":{"partida":"057045119","cca":"057020P0000000000000000000000160000001500A","tipo":"Urbano","sup_m2":398.3},"geometry":{"type":"Polygon","coordinates":[[[-58.608707,-34.457389],[-58.608373,-34.457203],[-58.608307,-34.457287],[-58.608644,-34.457468],[-58.608707,-34.457389]]]}},{"type":"Feature","properties":{"partida":"057045120","cca":"057020P0000000000000000000000160000001600A","tipo":"Urbano","sup_m2":344.3},"geometry":{"type":"Polygon","coordinates":[[[-58.608764,-34.457316],[-58.608426,-34.457135],[-58.608373,-34.457203],[-58.608707,-34.457389],[-58.608764,-34.457316]]]}},{"type":"Feature","properties":{"partida":"057085314","cca":"057020P0000000000000000000000160000001600B","tipo":"Urbano","sup_m2":365.4},"geometry":{"type":"Polygon","coordinates":[[[-58.608823,-34.457241],[-58.608484,-34.45706],[-58.608426,-34.457135],[-58.608764,-34.457316],[-58.608823,-34.457241]]]}},{"type":"Feature","properties":{"partida":"057045121","cca":"057020P0000000000000000000000160000001700A","tipo":"Urbano","sup_m2":362.0},"geometry":{"type":"Polygon","coordinates":[[[-58.60888,-34.457169],[-58.608543,-34.456985],[-58.608484,-34.45706],[-58.608823,-34.457241],[-58.60888,-34.457169]]]}},{"type":"Feature","properties":{"partida":"057045122","cca":"057020P0000000000000000000000160000001800A","tipo":"Urbano","sup_m2":360.6},"geometry":{"type":"Polygon","coordinates":[[[-58.608939,-34.457094],[-58.6086,-34.456912],[-58.608543,-34.456985],[-58.60888,-34.457169],[-58.608939,-34.457094]]]}},{"type":"Feature","properties":{"partida":"057045123","cca":"057020P0000000000000000000000160000001900A","tipo":"Urbano","sup_m2":377.7},"geometry":{"type":"Polygon","coordinates":[[[-58.608999,-34.457018],[-58.60866,-34.456835],[-58.6086,-34.456912],[-58.608939,-34.457094],[-58.608999,-34.457018]]]}},{"type":"Feature","properties":{"partida":"057045124","cca":"057020P0000000000000000000000160000002000A","tipo":"Urbano","sup_m2":385.0},"geometry":{"type":"Polygon","coordinates":[[[-58.60872,-34.456758],[-58.60866,-34.456835],[-58.608999,-34.457018],[-58.609061,-34.456939],[-58.60872,-34.456758]]]}},{"type":"Feature","properties":{"partida":"057045125","cca":"057020P0000000000000000000000160000002000B","tipo":"Urbano","sup_m2":389.0},"geometry":{"type":"Polygon","coordinates":[[[-58.609124,-34.456859],[-58.608782,-34.456679],[-58.60872,-34.456758],[-58.609061,-34.456939],[-58.609124,-34.456859]]]}},{"type":"Feature","properties":{"partida":"057085315","cca":"057020P0000000000000000000000160000002100A","tipo":"Urbano","sup_m2":369.5},"geometry":{"type":"Polygon","coordinates":[[[-58.608869,-34.456614],[-58.608804,-34.45665],[-58.608782,-34.456679],[-58.609124,-34.456859],[-58.609183,-34.456785],[-58.608869,-34.456614]]]}},{"type":"Feature","properties":{"partida":"057085316","cca":"057020P0000000000000000000000160000002200A","tipo":"Urbano","sup_m2":247.2},"geometry":{"type":"Polygon","coordinates":[[[-58.609243,-34.456708],[-58.609009,-34.456589],[-58.608954,-34.45666],[-58.609183,-34.456785],[-58.609243,-34.456708]]]}},{"type":"Feature","properties":{"partida":"057045126","cca":"057020P0000000000000000000000160000002200B","tipo":"Urbano","sup_m2":198.7},"geometry":{"type":"Polygon","coordinates":[[[-58.60922,-34.456518],[-58.60913,-34.45665],[-58.609243,-34.456708],[-58.609314,-34.456618],[-58.609289,-34.456556],[-58.60922,-34.456518]]]}},{"type":"Feature","properties":{"partida":"057045127","cca":"057020P0000000000000000000000160000002300A","tipo":"Urbano","sup_m2":215.2},"geometry":{"type":"Polygon","coordinates":[[[-58.609109,-34.456458],[-58.609009,-34.456589],[-58.60913,-34.45665],[-58.60922,-34.456518],[-58.609109,-34.456458]]]}},{"type":"Feature","properties":{"partida":"057045128","cca":"057020P0000000000000000000000160000002400A","tipo":"Urbano","sup_m2":251.9},"geometry":{"type":"Polygon","coordinates":[[[-58.609022,-34.45641],[-58.608869,-34.456614],[-58.608954,-34.45666],[-58.609109,-34.456458],[-58.609022,-34.45641]]]}},{"type":"Feature","properties":{"partida":"057045129","cca":"057020P0000000000000000000000160000002400B","tipo":"Urbano","sup_m2":335.7},"geometry":{"type":"Polygon","coordinates":[[[-58.609022,-34.45641],[-58.608929,-34.456359],[-58.608735,-34.456613],[-58.608804,-34.45665],[-58.608869,-34.456614],[-58.609022,-34.45641]]]}},{"type":"Feature","properties":{"partida":"057045130","cca":"057020P0000000000000000000000160000002500A","tipo":"Urbano","sup_m2":230.0},"geometry":{"type":"Polygon","coordinates":[[[-58.608699,-34.45649],[-58.608792,-34.456539],[-58.608929,-34.456359],[-58.608845,-34.456313],[-58.608699,-34.45649]]]}},{"type":"Feature","properties":{"partida":"057085317","cca":"057020P0000000000000000000000160000002600A","tipo":"Urbano","sup_m2":229.2},"geometry":{"type":"Polygon","coordinates":[[[-58.608758,-34.456265],[-58.608611,-34.456443],[-58.608699,-34.45649],[-58.608845,-34.456313],[-58.608758,-34.456265]]]}},{"type":"Feature","properties":{"partida":"057028002","cca":"057020P0000000000000000000000161000000100A","tipo":"Urbano","sup_m2":223.4},"geometry":{"type":"Polygon","coordinates":[[[-58.607579,-34.457595],[-58.607711,-34.457661],[-58.607809,-34.457537],[-58.607724,-34.457491],[-58.607646,-34.457509],[-58.607579,-34.457595]]]}},{"type":"Feature","properties":{"partida":"057088040","cca":"057020P0000000000000000000000161000000100B","tipo":"Urbano","sup_m2":249.6},"geometry":{"type":"Polygon","coordinates":[[[-58.607711,-34.457661],[-58.607579,-34.457595],[-58.607476,-34.457727],[-58.607606,-34.457796],[-58.607711,-34.457661]]]}},{"type":"Feature","properties":{"partida":"057077333","cca":"057020P00000000000000000000001610000002000","tipo":"Urbano","sup_m2":446.8},"geometry":{"type":"Polygon","coordinates":[[[-58.607746,-34.458],[-58.607817,-34.457908],[-58.607476,-34.457727],[-58.607406,-34.457817],[-58.607746,-34.458]]]}},{"type":"Feature","properties":{"partida":"057077334","cca":"057020P00000000000000000000001610000003000","tipo":"Urbano","sup_m2":455.0},"geometry":{"type":"Polygon","coordinates":[[[-58.607746,-34.458],[-58.607406,-34.457817],[-58.607333,-34.45791],[-58.607674,-34.458092],[-58.607746,-34.458]]]}},{"type":"Feature","properties":{"partida":"057077335","cca":"057020P00000000000000000000001610000004000","tipo":"Urbano","sup_m2":433.2},"geometry":{"type":"Polygon","coordinates":[[[-58.607605,-34.45818],[-58.607674,-34.458092],[-58.607333,-34.45791],[-58.607265,-34.457998],[-58.607605,-34.45818]]]}},{"type":"Feature","properties":{"partida":"057077336","cca":"057020P00000000000000000000001610000005000","tipo":"Urbano","sup_m2":414.3},"geometry":{"type":"Polygon","coordinates":[[[-58.607539,-34.458265],[-58.607605,-34.45818],[-58.607265,-34.457998],[-58.6072,-34.458081],[-58.607539,-34.458265]]]}},{"type":"Feature","properties":{"partida":"057077337","cca":"057020P00000000000000000000001610000006000","tipo":"Urbano","sup_m2":438.7},"geometry":{"type":"Polygon","coordinates":[[[-58.607131,-34.458169],[-58.607468,-34.458355],[-58.607539,-34.458265],[-58.6072,-34.458081],[-58.607131,-34.458169]]]}},{"type":"Feature","properties":{"partida":"057077338","cca":"057020P00000000000000000000001610000007000","tipo":"Urbano","sup_m2":444.5},"geometry":{"type":"Polygon","coordinates":[[[-58.607398,-34.458446],[-58.607468,-34.458355],[-58.607131,-34.458169],[-58.60706,-34.45826],[-58.607398,-34.458446]]]}},{"type":"Feature","properties":{"partida":"057077339","cca":"057020P00000000000000000000001610000008000","tipo":"Urbano","sup_m2":446.8},"geometry":{"type":"Polygon","coordinates":[[[-58.607328,-34.458535],[-58.607398,-34.458446],[-58.60706,-34.45826],[-58.606988,-34.458352],[-58.607328,-34.458535]]]}},{"type":"Feature","properties":{"partida":"057077340","cca":"057020P00000000000000000000001610000009000","tipo":"Urbano","sup_m2":457.2},"geometry":{"type":"Polygon","coordinates":[[[-58.606921,-34.458675],[-58.607111,-34.458418],[-58.606988,-34.458352],[-58.60681,-34.458581],[-58.606828,-34.458625],[-58.606921,-34.458675]]]}},{"type":"Feature","properties":{"partida":"057077341","cca":"057020P00000000000000000000001610000010000","tipo":"Urbano","sup_m2":393.4},"geometry":{"type":"Polygon","coordinates":[[[-58.607111,-34.458418],[-58.606921,-34.458675],[-58.607025,-34.45873],[-58.607223,-34.458478],[-58.607111,-34.458418]]]}},{"type":"Feature","properties":{"partida":"057077342","cca":"057020P00000000000000000000001610000011000","tipo":"Urbano","sup_m2":386.2},"geometry":{"type":"Polygon","coordinates":[[[-58.607132,-34.458787],[-58.607328,-34.458535],[-58.607223,-34.458478],[-58.607025,-34.45873],[-58.607132,-34.458787]]]}},{"type":"Feature","properties":{"partida":"057077343","cca":"057020P00000000000000000000001610000012000","tipo":"Urbano","sup_m2":398.6},"geometry":{"type":"Polygon","coordinates":[[[-58.607441,-34.458595],[-58.607328,-34.458535],[-58.607132,-34.458787],[-58.607238,-34.458844],[-58.607441,-34.458595]]]}},{"type":"Feature","properties":{"partida":"057077344","cca":"057020P00000000000000000000001610000013000","tipo":"Urbano","sup_m2":391.6},"geometry":{"type":"Polygon","coordinates":[[[-58.607544,-34.458651],[-58.607441,-34.458595],[-58.607238,-34.458844],[-58.60735,-34.458903],[-58.607544,-34.458651]]]}},{"type":"Feature","properties":{"partida":"057077345","cca":"057020P00000000000000000000001610000014000","tipo":"Urbano","sup_m2":421.1},"geometry":{"type":"Polygon","coordinates":[[[-58.607544,-34.458651],[-58.60735,-34.458903],[-58.607435,-34.458949],[-58.60749,-34.458937],[-58.607663,-34.458715],[-58.607544,-34.458651]]]}},{"type":"Feature","properties":{"partida":"057077346","cca":"057020P00000000000000000000001610000015000","tipo":"Urbano","sup_m2":423.6},"geometry":{"type":"Polygon","coordinates":[[[-58.60773,-34.458629],[-58.607398,-34.458446],[-58.607328,-34.458535],[-58.607663,-34.458715],[-58.60773,-34.458629]]]}},{"type":"Feature","properties":{"partida":"057077347","cca":"057020P00000000000000000000001610000016000","tipo":"Urbano","sup_m2":437.3},"geometry":{"type":"Polygon","coordinates":[[[-58.6078,-34.458539],[-58.607468,-34.458355],[-58.607398,-34.458446],[-58.60773,-34.458629],[-58.6078,-34.458539]]]}},{"type":"Feature","properties":{"partida":"057077348","cca":"057020P00000000000000000000001610000017000","tipo":"Urbano","sup_m2":442.4},"geometry":{"type":"Polygon","coordinates":[[[-58.607873,-34.458446],[-58.607539,-34.458265],[-58.607468,-34.458355],[-58.6078,-34.458539],[-58.607873,-34.458446]]]}},{"type":"Feature","properties":{"partida":"057077349","cca":"057020P00000000000000000000001610000018000","tipo":"Urbano","sup_m2":413.1},"geometry":{"type":"Polygon","coordinates":[[[-58.607939,-34.45836],[-58.607605,-34.45818],[-58.607539,-34.458265],[-58.607873,-34.458446],[-58.607939,-34.45836]]]}},{"type":"Feature","properties":{"partida":"057077350","cca":"057020P00000000000000000000001610000019000","tipo":"Urbano","sup_m2":426.6},"geometry":{"type":"Polygon","coordinates":[[[-58.607939,-34.45836],[-58.608008,-34.458272],[-58.607674,-34.458092],[-58.607605,-34.45818],[-58.607939,-34.45836]]]}},{"type":"Feature","properties":{"partida":"057077351","cca":"057020P00000000000000000000001610000020000","tipo":"Urbano","sup_m2":447.4},"geometry":{"type":"Polygon","coordinates":[[[-58.60808,-34.45818],[-58.607746,-34.458],[-58.607674,-34.458092],[-58.608008,-34.458272],[-58.60808,-34.45818]]]}},{"type":"Feature","properties":{"partida":"057077352","cca":"057020P00000000000000000000001610000021000","tipo":"Urbano","sup_m2":445.5},"geometry":{"type":"Polygon","coordinates":[[[-58.608152,-34.458087],[-58.607817,-34.457908],[-58.607746,-34.458],[-58.60808,-34.45818],[-58.608152,-34.458087]]]}},{"type":"Feature","properties":{"partida":"057077353","cca":"057020P00000000000000000000001610000022000","tipo":"Urbano","sup_m2":416.9},"geometry":{"type":"Polygon","coordinates":[[[-58.608037,-34.458026],[-58.608152,-34.458087],[-58.608328,-34.457863],[-58.608317,-34.457813],[-58.608237,-34.45777],[-58.608037,-34.458026]]]}},{"type":"Feature","properties":{"partida":"057077354","cca":"057020P00000000000000000000001610000023000","tipo":"Urbano","sup_m2":414.1},"geometry":{"type":"Polygon","coordinates":[[[-58.607925,-34.457966],[-58.608037,-34.458026],[-58.608237,-34.45777],[-58.608126,-34.45771],[-58.607925,-34.457966]]]}},{"type":"Feature","properties":{"partida":"057077355","cca":"057020P00000000000000000000001610000024000","tipo":"Urbano","sup_m2":403.2},"geometry":{"type":"Polygon","coordinates":[[[-58.608126,-34.45771],[-58.608018,-34.457651],[-58.607817,-34.457908],[-58.607925,-34.457966],[-58.608126,-34.45771]]]}},{"type":"Feature","properties":{"partida":"057077356","cca":"057020P00000000000000000000001610000025000","tipo":"Urbano","sup_m2":368.8},"geometry":{"type":"Polygon","coordinates":[[[-58.60792,-34.457598],[-58.607717,-34.457855],[-58.607817,-34.457908],[-58.608018,-34.457651],[-58.60792,-34.457598]]]}},{"type":"Feature","properties":{"partida":"057077357","cca":"057020P00000000000000000000001610000026000","tipo":"Urbano","sup_m2":417.9},"geometry":{"type":"Polygon","coordinates":[[[-58.60792,-34.457598],[-58.607809,-34.457537],[-58.607606,-34.457796],[-58.607717,-34.457855],[-58.60792,-34.457598]]]}},{"type":"Feature","properties":{"partida":"057028003","cca":"057020P00000000000000000000001620000001000","tipo":"Urbano","sup_m2":428.0},"geometry":{"type":"Polygon","coordinates":[[[-58.606625,-34.459056],[-58.606819,-34.458806],[-58.606733,-34.45876],[-58.60668,-34.458766],[-58.606504,-34.458992],[-58.606625,-34.459056]]]}},{"type":"Feature","properties":{"partida":"057078972","cca":"057020P00000000000000000000001620000002000","tipo":"Urbano","sup_m2":445.9},"geometry":{"type":"Polygon","coordinates":[[[-58.606845,-34.459172],[-58.606504,-34.458992],[-58.606433,-34.459083],[-58.606775,-34.459263],[-58.606845,-34.459172]]]}},{"type":"Feature","properties":{"partida":"057078973","cca":"057020P00000000000000000000001620000003000","tipo":"Urbano","sup_m2":445.6},"geometry":{"type":"Polygon","coordinates":[[[-58.606704,-34.459354],[-58.606775,-34.459263],[-58.606433,-34.459083],[-58.606363,-34.459174],[-58.606704,-34.459354]]]}},{"type":"Feature","properties":{"partida":"057078974","cca":"057020P00000000000000000000001620000004000","tipo":"Urbano","sup_m2":445.9},"geometry":{"type":"Polygon","coordinates":[[[-58.606633,-34.459445],[-58.606704,-34.459354],[-58.606363,-34.459174],[-58.606292,-34.459265],[-58.606633,-34.459445]]]}},{"type":"Feature","properties":{"partida":"057078975","cca":"057020P00000000000000000000001620000005000","tipo":"Urbano","sup_m2":545.3},"geometry":{"type":"Polygon","coordinates":[[[-58.606633,-34.459445],[-58.606292,-34.459265],[-58.606206,-34.459376],[-58.606547,-34.459556],[-58.606633,-34.459445]]]}},{"type":"Feature","properties":{"partida":"057078976","cca":"057020P00000000000000000000001620000016000","tipo":"Urbano","sup_m2":545.1},"geometry":{"type":"Polygon","coordinates":[[[-58.606633,-34.459445],[-58.606547,-34.459556],[-58.606888,-34.459735],[-58.606974,-34.459624],[-58.606633,-34.459445]]]}},{"type":"Feature","properties":{"partida":"057078977","cca":"057020P00000000000000000000001620000017000","tipo":"Urbano","sup_m2":445.8},"geometry":{"type":"Polygon","coordinates":[[[-58.606974,-34.459624],[-58.607045,-34.459533],[-58.606704,-34.459354],[-58.606633,-34.459445],[-58.606974,-34.459624]]]}},{"type":"Feature","properties":{"partida":"057078978","cca":"057020P00000000000000000000001620000018000","tipo":"Urbano","sup_m2":445.7},"geometry":{"type":"Polygon","coordinates":[[[-58.607116,-34.459442],[-58.606775,-34.459263],[-58.606704,-34.459354],[-58.607045,-34.459533],[-58.607116,-34.459442]]]}},{"type":"Feature","properties":{"partida":"057078979","cca":"057020P00000000000000000000001620000019000","tipo":"Urbano","sup_m2":446.0},"geometry":{"type":"Polygon","coordinates":[[[-58.607187,-34.459351],[-58.606845,-34.459172],[-58.606775,-34.459263],[-58.607116,-34.459442],[-58.607187,-34.459351]]]}},{"type":"Feature","properties":{"partida":"057078980","cca":"057020P00000000000000000000001620000020000","tipo":"Urbano","sup_m2":422.3},"geometry":{"type":"Polygon","coordinates":[[[-58.607066,-34.459288],[-58.607187,-34.459351],[-58.607351,-34.45914],[-58.60734,-34.459079],[-58.60726,-34.459038],[-58.607066,-34.459288]]]}},{"type":"Feature","properties":{"partida":"057078981","cca":"057020P00000000000000000000001620000021000","tipo":"Urbano","sup_m2":396.0},"geometry":{"type":"Polygon","coordinates":[[[-58.60726,-34.459038],[-58.60715,-34.45898],[-58.606956,-34.45923],[-58.607066,-34.459288],[-58.60726,-34.459038]]]}},{"type":"Feature","properties":{"partida":"057078982","cca":"057020P00000000000000000000001620000022000","tipo":"Urbano","sup_m2":396.0},"geometry":{"type":"Polygon","coordinates":[[[-58.60704,-34.458922],[-58.606845,-34.459172],[-58.606956,-34.45923],[-58.60715,-34.45898],[-58.60704,-34.458922]]]}},{"type":"Feature","properties":{"partida":"057078983","cca":"057020P00000000000000000000001620000023000","tipo":"Urbano","sup_m2":396.2},"geometry":{"type":"Polygon","coordinates":[[[-58.606929,-34.458864],[-58.606735,-34.459114],[-58.606845,-34.459172],[-58.60704,-34.458922],[-58.606929,-34.458864]]]}},{"type":"Feature","properties":{"partida":"057078984","cca":"057020P00000000000000000000001620000024000","tipo":"Urbano","sup_m2":395.7},"geometry":{"type":"Polygon","coordinates":[[[-58.606735,-34.459114],[-58.606929,-34.458864],[-58.606819,-34.458806],[-58.606625,-34.459056],[-58.606735,-34.459114]]]}},{"type":"Feature","properties":{"partida":"057027999","cca":"057020P0000000000000000000000163000000100A","tipo":"Urbano","sup_m2":246.2},"geometry":{"type":"Polygon","coordinates":[[[-58.609346,-34.456792],[-58.609465,-34.456857],[-58.609575,-34.456711],[-58.609481,-34.45666],[-58.60944,-34.456666],[-58.609346,-34.456792]]]}},{"type":"Feature","properties":{"partida":"057075254","cca":"057020P0000000000000000000000163000000100B","tipo":"Urbano","sup_m2":251.3},"geometry":{"type":"Polygon","coordinates":[[[-58.609575,-34.456916],[-58.609346,-34.456792],[-58.609288,-34.456868],[-58.609517,-34.456992],[-58.609575,-34.456916]]]}},{"type":"Feature","properties":{"partida":"057075255","cca":"057020P0000000000000000000000163000000200A","tipo":"Urbano","sup_m2":371.4},"geometry":{"type":"Polygon","coordinates":[[[-58.60923,-34.456944],[-58.609568,-34.457127],[-58.609626,-34.457051],[-58.609288,-34.456868],[-58.60923,-34.456944]]]}},{"type":"Feature","properties":{"partida":"057059941","cca":"057020P0000000000000000000000163000000200B","tipo":"Urbano","sup_m2":371.5},"geometry":{"type":"Polygon","coordinates":[[[-58.609172,-34.457021],[-58.609511,-34.457204],[-58.609568,-34.457127],[-58.60923,-34.456944],[-58.609172,-34.457021]]]}},{"type":"Feature","properties":{"partida":"057059942","cca":"057020P0000000000000000000000163000000300A","tipo":"Urbano","sup_m2":371.4},"geometry":{"type":"Polygon","coordinates":[[[-58.609114,-34.457097],[-58.609453,-34.45728],[-58.609511,-34.457204],[-58.609172,-34.457021],[-58.609114,-34.457097]]]}},{"type":"Feature","properties":{"partida":"057059943","cca":"057020P0000000000000000000000163000000400A","tipo":"Urbano","sup_m2":371.5},"geometry":{"type":"Polygon","coordinates":[[[-58.609395,-34.457357],[-58.609453,-34.45728],[-58.609114,-34.457097],[-58.609057,-34.457173],[-58.609395,-34.457357]]]}},{"type":"Feature","properties":{"partida":"057059944","cca":"057020P00000000000000000000001630000005000","tipo":"Urbano","sup_m2":445.7},"geometry":{"type":"Polygon","coordinates":[[[-58.608987,-34.457265],[-58.609326,-34.457448],[-58.609395,-34.457357],[-58.609057,-34.457173],[-58.608987,-34.457265]]]}},{"type":"Feature","properties":{"partida":"057059945","cca":"057020P00000000000000000000001630000006000","tipo":"Urbano","sup_m2":445.7},"geometry":{"type":"Polygon","coordinates":[[[-58.608918,-34.457357],[-58.609256,-34.45754],[-58.609326,-34.457448],[-58.608987,-34.457265],[-58.608918,-34.457357]]]}},{"type":"Feature","properties":{"partida":"057059946","cca":"057020P00000000000000000000001630000007000","tipo":"Urbano","sup_m2":445.8},"geometry":{"type":"Polygon","coordinates":[[[-58.609187,-34.457631],[-58.609256,-34.45754],[-58.608918,-34.457357],[-58.608848,-34.457448],[-58.609187,-34.457631]]]}},{"type":"Feature","properties":{"partida":"057059947","cca":"057020P00000000000000000000001630000008000","tipo":"Urbano","sup_m2":445.8},"geometry":{"type":"Polygon","coordinates":[[[-58.608779,-34.45754],[-58.609118,-34.457723],[-58.609187,-34.457631],[-58.608848,-34.457448],[-58.608779,-34.45754]]]}},{"type":"Feature","properties":{"partida":"057059948","cca":"057020P00000000000000000000001630000009000","tipo":"Urbano","sup_m2":429.3},"geometry":{"type":"Polygon","coordinates":[[[-58.608899,-34.457605],[-58.608779,-34.45754],[-58.608607,-34.457768],[-58.608615,-34.457806],[-58.608708,-34.457857],[-58.608899,-34.457605]]]}},{"type":"Feature","properties":{"partida":"057059949","cca":"057020P00000000000000000000001630000010000","tipo":"Urbano","sup_m2":395.9},"geometry":{"type":"Polygon","coordinates":[[[-58.608818,-34.457916],[-58.609008,-34.457664],[-58.608899,-34.457605],[-58.608708,-34.457857],[-58.608818,-34.457916]]]}},{"type":"Feature","properties":{"partida":"057059950","cca":"057020P00000000000000000000001630000011000","tipo":"Urbano","sup_m2":396.4},"geometry":{"type":"Polygon","coordinates":[[[-58.609118,-34.457723],[-58.609008,-34.457664],[-58.608818,-34.457916],[-58.608927,-34.457975],[-58.609118,-34.457723]]]}},{"type":"Feature","properties":{"partida":"057059951","cca":"057020P00000000000000000000001630000012000","tipo":"Urbano","sup_m2":380.4},"geometry":{"type":"Polygon","coordinates":[[[-58.609223,-34.45778],[-58.609118,-34.457723],[-58.608927,-34.457975],[-58.609032,-34.458032],[-58.609223,-34.45778]]]}},{"type":"Feature","properties":{"partida":"057059952","cca":"057020P00000000000000000000001630000013000","tipo":"Urbano","sup_m2":396.4},"geometry":{"type":"Polygon","coordinates":[[[-58.609223,-34.45778],[-58.609032,-34.458032],[-58.609141,-34.458091],[-58.609332,-34.457839],[-58.609223,-34.45778]]]}},{"type":"Feature","properties":{"partida":"057059953","cca":"057020P00000000000000000000001630000014000","tipo":"Urbano","sup_m2":424.5},"geometry":{"type":"Polygon","coordinates":[[[-58.609332,-34.457839],[-58.609141,-34.458091],[-58.609225,-34.458136],[-58.609288,-34.45812],[-58.609452,-34.457904],[-58.609332,-34.457839]]]}},{"type":"Feature","properties":{"partida":"057059954","cca":"057020P00000000000000000000001630000015000","tipo":"Urbano","sup_m2":440.6},"geometry":{"type":"Polygon","coordinates":[[[-58.609452,-34.457904],[-58.609522,-34.457813],[-58.609187,-34.457631],[-58.609118,-34.457723],[-58.609452,-34.457904]]]}},{"type":"Feature","properties":{"partida":"057059955","cca":"057020P00000000000000000000001630000016000","tipo":"Urbano","sup_m2":440.0},"geometry":{"type":"Polygon","coordinates":[[[-58.609256,-34.45754],[-58.609187,-34.457631],[-58.609522,-34.457813],[-58.609591,-34.457721],[-58.609256,-34.45754]]]}},{"type":"Feature","properties":{"partida":"057059956","cca":"057020P00000000000000000000001630000017000","tipo":"Urbano","sup_m2":441.0},"geometry":{"type":"Polygon","coordinates":[[[-58.60966,-34.457629],[-58.609326,-34.457448],[-58.609256,-34.45754],[-58.609591,-34.457721],[-58.60966,-34.457629]]]}},{"type":"Feature","properties":{"partida":"057059957","cca":"057020P00000000000000000000001630000018000","tipo":"Urbano","sup_m2":440.4},"geometry":{"type":"Polygon","coordinates":[[[-58.609395,-34.457357],[-58.609326,-34.457448],[-58.60966,-34.457629],[-58.609729,-34.457537],[-58.609395,-34.457357]]]}},{"type":"Feature","properties":{"partida":"057059958","cca":"057020P00000000000000000000001630000019000","tipo":"Urbano","sup_m2":440.2},"geometry":{"type":"Polygon","coordinates":[[[-58.609395,-34.457357],[-58.609729,-34.457537],[-58.609799,-34.457446],[-58.609464,-34.457265],[-58.609395,-34.457357]]]}},{"type":"Feature","properties":{"partida":"057059959","cca":"057020P00000000000000000000001630000020000","tipo":"Urbano","sup_m2":440.6},"geometry":{"type":"Polygon","coordinates":[[[-58.609464,-34.457265],[-58.609799,-34.457446],[-58.609868,-34.457354],[-58.609534,-34.457173],[-58.609464,-34.457265]]]}},{"type":"Feature","properties":{"partida":"057059960","cca":"057020P00000000000000000000001630000021000","tipo":"Urbano","sup_m2":440.2},"geometry":{"type":"Polygon","coordinates":[[[-58.609938,-34.457262],[-58.609603,-34.457082],[-58.609534,-34.457173],[-58.609868,-34.457354],[-58.609938,-34.457262]]]}},{"type":"Feature","properties":{"partida":"057059961","cca":"057020P0000000000000000000000163000002200A","tipo":"Urbano","sup_m2":210.3},"geometry":{"type":"Polygon","coordinates":[[[-58.609938,-34.457262],[-58.61003,-34.45714],[-58.60991,-34.457076],[-58.609818,-34.457198],[-58.609938,-34.457262]]]}},{"type":"Feature","properties":{"partida":"057075256","cca":"057020P0000000000000000000000163000002200B","tipo":"Urbano","sup_m2":217.4},"geometry":{"type":"Polygon","coordinates":[[[-58.60991,-34.457076],[-58.61003,-34.45714],[-58.61011,-34.457035],[-58.610092,-34.45699],[-58.610008,-34.456946],[-58.60991,-34.457076]]]}},{"type":"Feature","properties":{"partida":"057059962","cca":"057020P00000000000000000000001630000023000","tipo":"Urbano","sup_m2":396.1},"geometry":{"type":"Polygon","coordinates":[[[-58.609899,-34.456887],[-58.609708,-34.457139],[-58.609818,-34.457198],[-58.610008,-34.456946],[-58.609899,-34.456887]]]}},{"type":"Feature","properties":{"partida":"057059963","cca":"057020P00000000000000000000001630000024000","tipo":"Urbano","sup_m2":380.9},"geometry":{"type":"Polygon","coordinates":[[[-58.609794,-34.45683],[-58.609603,-34.457082],[-58.609708,-34.457139],[-58.609899,-34.456887],[-58.609794,-34.45683]]]}},{"type":"Feature","properties":{"partida":"057059964","cca":"057020P0000000000000000000000163000002500A","tipo":"Urbano","sup_m2":347.9},"geometry":{"type":"Polygon","coordinates":[[[-58.609685,-34.45677],[-58.609517,-34.456992],[-58.609626,-34.457051],[-58.609794,-34.45683],[-58.609685,-34.45677]]]}},{"type":"Feature","properties":{"partida":"057059965","cca":"057020P0000000000000000000000163000002600A","tipo":"Urbano","sup_m2":228.0},"geometry":{"type":"Polygon","coordinates":[[[-58.609575,-34.456916],[-58.609685,-34.45677],[-58.609575,-34.456711],[-58.609465,-34.456857],[-58.609575,-34.456916]]]}},{"type":"Feature","properties":{"partida":"057028028","cca":"057020P00000000000000000000001640000001000","tipo":"Urbano","sup_m2":4562.4},"geometry":{"type":"Polygon","coordinates":[[[-58.60872,-34.458838],[-58.608939,-34.458552],[-58.608724,-34.458438],[-58.608931,-34.458154],[-58.608515,-34.457937],[-58.608462,-34.457944],[-58.608045,-34.458482],[-58.60872,-34.458838]]]}},{"type":"Feature","properties":{"partida":"057100634","cca":"057020P00000000000000000000001640000002000","tipo":"Urbano","sup_m2":5453.7},"geometry":{"type":"Polygon","coordinates":[[[-58.60872,-34.458838],[-58.608045,-34.458482],[-58.607625,-34.459024],[-58.607655,-34.459069],[-58.60825,-34.459383],[-58.60831,-34.459372],[-58.60872,-34.458838]]]}},{"type":"Feature","properties":{"partida":"057100635","cca":"057020P00000000000000000000001640000003000","tipo":"Urbano","sup_m2":875.8},"geometry":{"type":"Polygon","coordinates":[[[-58.608939,-34.458552],[-58.609135,-34.458296],[-58.609121,-34.458253],[-58.608931,-34.458154],[-58.608724,-34.458438],[-58.608939,-34.458552]]]}},{"type":"Feature","properties":{"partida":"057028000","cca":"057020P00000000000000000000001650000001000","tipo":"Urbano","sup_m2":387.5},"geometry":{"type":"Polygon","coordinates":[[[-58.607441,-34.45948],[-58.60763,-34.459225],[-58.607561,-34.459189],[-58.607497,-34.459202],[-58.607328,-34.459423],[-58.607441,-34.45948]]]}},{"type":"Feature","properties":{"partida":"057077320","cca":"057020P00000000000000000000001650000002000","tipo":"Urbano","sup_m2":426.6},"geometry":{"type":"Polygon","coordinates":[[[-58.607667,-34.459594],[-58.607328,-34.459423],[-58.607261,-34.45951],[-58.607599,-34.459685],[-58.607667,-34.459594]]]}},{"type":"Feature","properties":{"partida":"057077321","cca":"057020P00000000000000000000001650000003000","tipo":"Urbano","sup_m2":426.1},"geometry":{"type":"Polygon","coordinates":[[[-58.607533,-34.459773],[-58.607599,-34.459685],[-58.607261,-34.45951],[-58.607193,-34.459599],[-58.607533,-34.459773]]]}},{"type":"Feature","properties":{"partida":"057077322","cca":"057020P00000000000000000000001650000004000","tipo":"Urbano","sup_m2":462.4},"geometry":{"type":"Polygon","coordinates":[[[-58.60712,-34.459694],[-58.60746,-34.45987],[-58.607533,-34.459773],[-58.607193,-34.459599],[-58.60712,-34.459694]]]}},{"type":"Feature","properties":{"partida":"057077323","cca":"057020P00000000000000000000001650000005000","tipo":"Urbano","sup_m2":531.8},"geometry":{"type":"Polygon","coordinates":[[[-58.60746,-34.45987],[-58.60712,-34.459694],[-58.607036,-34.459804],[-58.607377,-34.45998],[-58.60746,-34.45987]]]}},{"type":"Feature","properties":{"partida":"057077324","cca":"057020P00000000000000000000001650000016000","tipo":"Urbano","sup_m2":515.9},"geometry":{"type":"Polygon","coordinates":[[[-58.60746,-34.45987],[-58.607377,-34.45998],[-58.607706,-34.46015],[-58.60779,-34.46004],[-58.60746,-34.45987]]]}},{"type":"Feature","properties":{"partida":"057077325","cca":"057020P00000000000000000000001650000017000","tipo":"Urbano","sup_m2":453.4},"geometry":{"type":"Polygon","coordinates":[[[-58.607864,-34.459943],[-58.607533,-34.459773],[-58.60746,-34.45987],[-58.60779,-34.46004],[-58.607864,-34.459943]]]}},{"type":"Feature","properties":{"partida":"057077326","cca":"057020P00000000000000000000001650000018000","tipo":"Urbano","sup_m2":413.4},"geometry":{"type":"Polygon","coordinates":[[[-58.607533,-34.459773],[-58.607864,-34.459943],[-58.607931,-34.459856],[-58.607599,-34.459685],[-58.607533,-34.459773]]]}},{"type":"Feature","properties":{"partida":"057077327","cca":"057020P00000000000000000000001650000019000","tipo":"Urbano","sup_m2":431.6},"geometry":{"type":"Polygon","coordinates":[[[-58.608002,-34.459763],[-58.607667,-34.459594],[-58.607599,-34.459685],[-58.607931,-34.459856],[-58.608002,-34.459763]]]}},{"type":"Feature","properties":{"partida":"057077328","cca":"057020P00000000000000000000001650000020000","tipo":"Urbano","sup_m2":413.6},"geometry":{"type":"Polygon","coordinates":[[[-58.60788,-34.459701],[-58.608002,-34.459763],[-58.608162,-34.459552],[-58.608153,-34.459498],[-58.608069,-34.459455],[-58.60788,-34.459701]]]}},{"type":"Feature","properties":{"partida":"057077329","cca":"057020P00000000000000000000001650000021000","tipo":"Urbano","sup_m2":394.2},"geometry":{"type":"Polygon","coordinates":[[[-58.607769,-34.459646],[-58.60788,-34.459701],[-58.608069,-34.459455],[-58.607955,-34.459395],[-58.607769,-34.459646]]]}},{"type":"Feature","properties":{"partida":"057077330","cca":"057020P00000000000000000000001650000022000","tipo":"Urbano","sup_m2":356.0},"geometry":{"type":"Polygon","coordinates":[[[-58.607955,-34.459395],[-58.607856,-34.459343],[-58.607667,-34.459594],[-58.607769,-34.459646],[-58.607955,-34.459395]]]}},{"type":"Feature","properties":{"partida":"057077331","cca":"057020P00000000000000000000001650000023000","tipo":"Urbano","sup_m2":381.3},"geometry":{"type":"Polygon","coordinates":[[[-58.607562,-34.459541],[-58.607667,-34.459594],[-58.607856,-34.459343],[-58.607747,-34.459286],[-58.607562,-34.459541]]]}},{"type":"Feature","properties":{"partida":"057077332","cca":"057020P00000000000000000000001650000024000","tipo":"Urbano","sup_m2":425.6},"geometry":{"type":"Polygon","coordinates":[[[-58.60763,-34.459225],[-58.607441,-34.45948],[-58.607562,-34.459541],[-58.607747,-34.459286],[-58.60763,-34.459225]]]}},{"type":"Feature","properties":{"partida":"057027996","cca":"057020P00000000000000000000001660000001000","tipo":"Urbano","sup_m2":523.2},"geometry":{"type":"Polygon","coordinates":[[[-58.610426,-34.457164],[-58.610322,-34.45711],[-58.610258,-34.457125],[-58.610077,-34.457356],[-58.610215,-34.457428],[-58.610426,-34.457164]]]}},{"type":"Feature","properties":{"partida":"057045081","cca":"057020P00000000000000000000001660000002000","tipo":"Urbano","sup_m2":461.4},"geometry":{"type":"Polygon","coordinates":[[[-58.610432,-34.457541],[-58.610077,-34.457356],[-58.610005,-34.457448],[-58.610362,-34.45763],[-58.610432,-34.457541]]]}},{"type":"Feature","properties":{"partida":"057045082","cca":"057020P00000000000000000000001660000003000","tipo":"Urbano","sup_m2":442.7},"geometry":{"type":"Polygon","coordinates":[[[-58.610294,-34.457719],[-58.610362,-34.45763],[-58.610005,-34.457448],[-58.609938,-34.457533],[-58.610294,-34.457719]]]}},{"type":"Feature","properties":{"partida":"057045083","cca":"057020P00000000000000000000001660000004000","tipo":"Urbano","sup_m2":474.1},"geometry":{"type":"Polygon","coordinates":[[[-58.610294,-34.457719],[-58.609938,-34.457533],[-58.609867,-34.457624],[-58.61022,-34.457813],[-58.610294,-34.457719]]]}},{"type":"Feature","properties":{"partida":"057045084","cca":"057020P00000000000000000000001660000005000","tipo":"Urbano","sup_m2":440.9},"geometry":{"type":"Polygon","coordinates":[[[-58.61022,-34.457813],[-58.609867,-34.457624],[-58.609798,-34.457711],[-58.610154,-34.457898],[-58.61022,-34.457813]]]}},{"type":"Feature","properties":{"partida":"057045085","cca":"057020P00000000000000000000001660000006000","tipo":"Urbano","sup_m2":442.0},"geometry":{"type":"Polygon","coordinates":[[[-58.610086,-34.457986],[-58.610154,-34.457898],[-58.609798,-34.457711],[-58.609732,-34.457796],[-58.610086,-34.457986]]]}},{"type":"Feature","properties":{"partida":"057045086","cca":"057020P0000000000000000000000166000000700A","tipo":"Urbano","sup_m2":432.3},"geometry":{"type":"Polygon","coordinates":[[[-58.609988,-34.458065],[-58.61006,-34.457972],[-58.609732,-34.457796],[-58.609662,-34.457886],[-58.609988,-34.458065]]]}},{"type":"Feature","properties":{"partida":"057045087","cca":"057020P0000000000000000000000166000000800A","tipo":"Urbano","sup_m2":389.8},"geometry":{"type":"Polygon","coordinates":[[[-58.609597,-34.457968],[-58.609926,-34.458146],[-58.609988,-34.458065],[-58.609662,-34.457886],[-58.609597,-34.457968]]]}},{"type":"Feature","properties":{"partida":"057045088","cca":"057020P00000000000000000000001660000009000","tipo":"Urbano","sup_m2":508.2},"geometry":{"type":"Polygon","coordinates":[[[-58.609597,-34.457968],[-58.609417,-34.458197],[-58.60944,-34.458253],[-58.60953,-34.458301],[-58.609736,-34.458043],[-58.609597,-34.457968]]]}},{"type":"Feature","properties":{"partida":"057045089","cca":"057020P00000000000000000000001660000010000","tipo":"Urbano","sup_m2":420.1},"geometry":{"type":"Polygon","coordinates":[[[-58.609641,-34.45836],[-58.609849,-34.458104],[-58.609736,-34.458043],[-58.60953,-34.458301],[-58.609641,-34.45836]]]}},{"type":"Feature","properties":{"partida":"057045090","cca":"057020P0000000000000000000000166000001100A","tipo":"Urbano","sup_m2":301.7},"geometry":{"type":"Polygon","coordinates":[[[-58.609641,-34.45836],[-58.609726,-34.458405],[-58.609926,-34.458146],[-58.609849,-34.458104],[-58.609641,-34.45836]]]}},{"type":"Feature","properties":{"partida":"057045091","cca":"057020P0000000000000000000000166000001200A","tipo":"Urbano","sup_m2":265.0},"geometry":{"type":"Polygon","coordinates":[[[-58.609978,-34.45823],[-58.609896,-34.458185],[-58.609726,-34.458405],[-58.60981,-34.45845],[-58.609978,-34.45823]]]}},{"type":"Feature","properties":{"partida":"057075099","cca":"057020P0000000000000000000000166000001300A","tipo":"Urbano","sup_m2":249.8},"geometry":{"type":"Polygon","coordinates":[[[-58.609884,-34.458489],[-58.610062,-34.458276],[-58.609978,-34.45823],[-58.60981,-34.45845],[-58.609884,-34.458489]]]}},{"type":"Feature","properties":{"partida":"057045092","cca":"057020P0000000000000000000000166000001400A","tipo":"Urbano","sup_m2":176.4},"geometry":{"type":"Polygon","coordinates":[[[-58.609884,-34.458489],[-58.609974,-34.458537],[-58.610083,-34.458396],[-58.61,-34.458351],[-58.609884,-34.458489]]]}},{"type":"Feature","properties":{"partida":"057045093","cca":"057020P0000000000000000000000166000001400B","tipo":"Urbano","sup_m2":218.4},"geometry":{"type":"Polygon","coordinates":[[[-58.610197,-34.458459],[-58.610083,-34.458396],[-58.609974,-34.458537],[-58.610045,-34.458575],[-58.61012,-34.458557],[-58.610197,-34.458459]]]}},{"type":"Feature","properties":{"partida":"057075100","cca":"057020P0000000000000000000000166000001500A","tipo":"Urbano","sup_m2":217.3},"geometry":{"type":"Polygon","coordinates":[[[-58.610197,-34.458459],[-58.610256,-34.458382],[-58.610062,-34.458276],[-58.61,-34.458351],[-58.610197,-34.458459]]]}},{"type":"Feature","properties":{"partida":"057045094","cca":"057020P0000000000000000000000166000001500B","tipo":"Urbano","sup_m2":383.6},"geometry":{"type":"Polygon","coordinates":[[[-58.609951,-34.458113],[-58.609896,-34.458185],[-58.610256,-34.458382],[-58.610314,-34.458308],[-58.609951,-34.458113]]]}},{"type":"Feature","properties":{"partida":"057075101","cca":"057020P0000000000000000000000166000001600A","tipo":"Urbano","sup_m2":384.4},"geometry":{"type":"Polygon","coordinates":[[[-58.610009,-34.458038],[-58.609951,-34.458113],[-58.610314,-34.458308],[-58.61037,-34.458236],[-58.610009,-34.458038]]]}},{"type":"Feature","properties":{"partida":"057045095","cca":"057020P0000000000000000000000166000001600B","tipo":"Urbano","sup_m2":357.9},"geometry":{"type":"Polygon","coordinates":[[[-58.610009,-34.458038],[-58.61037,-34.458236],[-58.610425,-34.458166],[-58.61006,-34.457972],[-58.610009,-34.458038]]]}},{"type":"Feature","properties":{"partida":"057045096","cca":"057020P00000000000000000000001660000017000","tipo":"Urbano","sup_m2":432.7},"geometry":{"type":"Polygon","coordinates":[[[-58.610154,-34.457898],[-58.610086,-34.457986],[-58.610425,-34.458166],[-58.610495,-34.458077],[-58.610154,-34.457898]]]}},{"type":"Feature","properties":{"partida":"057045097","cca":"057020P00000000000000000000001660000018000","tipo":"Urbano","sup_m2":410.7},"geometry":{"type":"Polygon","coordinates":[[[-58.610495,-34.458077],[-58.610559,-34.457994],[-58.61022,-34.457813],[-58.610154,-34.457898],[-58.610495,-34.458077]]]}},{"type":"Feature","properties":{"partida":"057045098","cca":"057020P00000000000000000000001660000019000","tipo":"Urbano","sup_m2":464.9},"geometry":{"type":"Polygon","coordinates":[[[-58.610294,-34.457719],[-58.61022,-34.457813],[-58.610559,-34.457994],[-58.610634,-34.457898],[-58.610294,-34.457719]]]}},{"type":"Feature","properties":{"partida":"057045099","cca":"057020P00000000000000000000001660000020000","tipo":"Urbano","sup_m2":441.1},"geometry":{"type":"Polygon","coordinates":[[[-58.610362,-34.45763],[-58.610294,-34.457719],[-58.610634,-34.457898],[-58.610706,-34.457806],[-58.610362,-34.45763]]]}},{"type":"Feature","properties":{"partida":"057045100","cca":"057020P00000000000000000000001660000021000","tipo":"Urbano","sup_m2":432.8},"geometry":{"type":"Polygon","coordinates":[[[-58.610774,-34.457719],[-58.610432,-34.457541],[-58.610362,-34.45763],[-58.610706,-34.457806],[-58.610774,-34.457719]]]}},{"type":"Feature","properties":{"partida":"057045101","cca":"057020P0000000000000000000000166000002200A","tipo":"Urbano","sup_m2":284.5},"geometry":{"type":"Polygon","coordinates":[[[-58.610743,-34.457503],[-58.61063,-34.457644],[-58.610774,-34.457719],[-58.610879,-34.457584],[-58.610743,-34.457503]]]}},{"type":"Feature","properties":{"partida":"057075102","cca":"057020P0000000000000000000000166000002200B","tipo":"Urbano","sup_m2":246.9},"geometry":{"type":"Polygon","coordinates":[[[-58.610743,-34.457503],[-58.610879,-34.457584],[-58.610959,-34.457481],[-58.610936,-34.457431],[-58.61084,-34.457381],[-58.610743,-34.457503]]]}},{"type":"Feature","properties":{"partida":"057045102","cca":"057020P00000000000000000000001660000023000","tipo":"Urbano","sup_m2":384.8},"geometry":{"type":"Polygon","coordinates":[[[-58.61063,-34.457644],[-58.61084,-34.457381],[-58.610736,-34.457327],[-58.610532,-34.457593],[-58.61063,-34.457644]]]}},{"type":"Feature","properties":{"partida":"057045103","cca":"057020P00000000000000000000001660000024000","tipo":"Urbano","sup_m2":376.3},"geometry":{"type":"Polygon","coordinates":[[[-58.610432,-34.457541],[-58.610532,-34.457593],[-58.610736,-34.457327],[-58.610638,-34.457275],[-58.610432,-34.457541]]]}},{"type":"Feature","properties":{"partida":"057045104","cca":"057020P00000000000000000000001660000025000","tipo":"Urbano","sup_m2":381.3},"geometry":{"type":"Polygon","coordinates":[[[-58.610332,-34.457489],[-58.610432,-34.457541],[-58.610638,-34.457275],[-58.610537,-34.457223],[-58.610332,-34.457489]]]}},{"type":"Feature","properties":{"partida":"057045105","cca":"057020P00000000000000000000001660000026000","tipo":"Urbano","sup_m2":435.1},"geometry":{"type":"Polygon","coordinates":[[[-58.610332,-34.457489],[-58.610537,-34.457223],[-58.610426,-34.457164],[-58.610215,-34.457428],[-58.610332,-34.457489]]]}},{"type":"Feature","properties":{"partida":"057027997","cca":"057020P00000000000000000000001670000001000","tipo":"Urbano","sup_m2":457.2},"geometry":{"type":"Polygon","coordinates":[[[-58.609232,-34.45867],[-58.60943,-34.458409],[-58.609352,-34.458367],[-58.609276,-34.458382],[-58.609105,-34.458603],[-58.609232,-34.45867]]]}},{"type":"Feature","properties":{"partida":"057077295","cca":"057020P00000000000000000000001670000002000","tipo":"Urbano","sup_m2":446.1},"geometry":{"type":"Polygon","coordinates":[[[-58.609444,-34.458784],[-58.609105,-34.458603],[-58.609034,-34.458695],[-58.609374,-34.458874],[-58.609444,-34.458784]]]}},{"type":"Feature","properties":{"partida":"057077296","cca":"057020P00000000000000000000001670000003000","tipo":"Urbano","sup_m2":461.8},"geometry":{"type":"Polygon","coordinates":[[[-58.608959,-34.458792],[-58.609303,-34.458967],[-58.609374,-34.458874],[-58.609034,-34.458695],[-58.608959,-34.458792]]]}},{"type":"Feature","properties":{"partida":"057077297","cca":"057020P00000000000000000000001670000004000","tipo":"Urbano","sup_m2":417.9},"geometry":{"type":"Polygon","coordinates":[[[-58.609303,-34.458967],[-58.608959,-34.458792],[-58.608895,-34.458876],[-58.609234,-34.459055],[-58.609303,-34.458967]]]}},{"type":"Feature","properties":{"partida":"057077298","cca":"057020P00000000000000000000001670000005000","tipo":"Urbano","sup_m2":423.1},"geometry":{"type":"Polygon","coordinates":[[[-58.609168,-34.45914],[-58.609234,-34.459055],[-58.608895,-34.458876],[-58.608827,-34.458964],[-58.609168,-34.45914]]]}},{"type":"Feature","properties":{"partida":"057077299","cca":"057020P00000000000000000000001670000006000","tipo":"Urbano","sup_m2":423.3},"geometry":{"type":"Polygon","coordinates":[[[-58.6091,-34.459228],[-58.609168,-34.45914],[-58.608827,-34.458964],[-58.608761,-34.459049],[-58.6091,-34.459228]]]}},{"type":"Feature","properties":{"partida":"057077300","cca":"057020P00000000000000000000001670000007000","tipo":"Urbano","sup_m2":439.1},"geometry":{"type":"Polygon","coordinates":[[[-58.6091,-34.459228],[-58.608761,-34.459049],[-58.608691,-34.45914],[-58.60903,-34.459318],[-58.6091,-34.459228]]]}},{"type":"Feature","properties":{"partida":"057077301","cca":"057020P00000000000000000000001670000008000","tipo":"Urbano","sup_m2":425.2},"geometry":{"type":"Polygon","coordinates":[[[-58.608961,-34.459407],[-58.60903,-34.459318],[-58.608691,-34.45914],[-58.608625,-34.459225],[-58.608961,-34.459407]]]}},{"type":"Feature","properties":{"partida":"057077302","cca":"057020P00000000000000000000001670000009000","tipo":"Urbano","sup_m2":459.5},"geometry":{"type":"Polygon","coordinates":[[[-58.608555,-34.45955],[-58.60875,-34.459293],[-58.608625,-34.459225],[-58.608447,-34.459455],[-58.608476,-34.459508],[-58.608555,-34.45955]]]}},{"type":"Feature","properties":{"partida":"057077303","cca":"057020P00000000000000000000001670000010000","tipo":"Urbano","sup_m2":400.7},"geometry":{"type":"Polygon","coordinates":[[[-58.608859,-34.459352],[-58.60875,-34.459293],[-58.608555,-34.45955],[-58.608664,-34.459608],[-58.608859,-34.459352]]]}},{"type":"Feature","properties":{"partida":"057077304","cca":"057020P00000000000000000000001670000011000","tipo":"Urbano","sup_m2":373.6},"geometry":{"type":"Polygon","coordinates":[[[-58.608961,-34.459407],[-58.608859,-34.459352],[-58.608664,-34.459608],[-58.608764,-34.459662],[-58.608961,-34.459407]]]}},{"type":"Feature","properties":{"partida":"057077305","cca":"057020P00000000000000000000001670000012000","tipo":"Urbano","sup_m2":403.7},"geometry":{"type":"Polygon","coordinates":[[[-58.609073,-34.459467],[-58.608961,-34.459407],[-58.608764,-34.459662],[-58.608873,-34.45972],[-58.609073,-34.459467]]]}},{"type":"Feature","properties":{"partida":"057077306","cca":"057020P00000000000000000000001670000013000","tipo":"Urbano","sup_m2":387.3},"geometry":{"type":"Polygon","coordinates":[[[-58.609073,-34.459467],[-58.608873,-34.45972],[-58.608979,-34.459776],[-58.609178,-34.459525],[-58.609073,-34.459467]]]}},{"type":"Feature","properties":{"partida":"057077307","cca":"057020P00000000000000000000001670000014000","tipo":"Urbano","sup_m2":430.3},"geometry":{"type":"Polygon","coordinates":[[[-58.609296,-34.459588],[-58.609178,-34.459525],[-58.608979,-34.459776],[-58.609066,-34.459823],[-58.609128,-34.459807],[-58.609296,-34.459588]]]}},{"type":"Feature","properties":{"partida":"057077309","cca":"057020P00000000000000000000001670000015000","tipo":"Urbano","sup_m2":439.6},"geometry":{"type":"Polygon","coordinates":[[[-58.60903,-34.459318],[-58.608961,-34.459407],[-58.609296,-34.459588],[-58.609368,-34.459496],[-58.60903,-34.459318]]]}},{"type":"Feature","properties":{"partida":"057077308","cca":"057020P00000000000000000000001670000016000","tipo":"Urbano","sup_m2":436.5},"geometry":{"type":"Polygon","coordinates":[[[-58.609368,-34.459496],[-58.609437,-34.459406],[-58.6091,-34.459228],[-58.60903,-34.459318],[-58.609368,-34.459496]]]}},{"type":"Feature","properties":{"partida":"057077310","cca":"057020P00000000000000000000001670000017000","tipo":"Urbano","sup_m2":431.1},"geometry":{"type":"Polygon","coordinates":[[[-58.609507,-34.459315],[-58.609168,-34.45914],[-58.6091,-34.459228],[-58.609437,-34.459406],[-58.609507,-34.459315]]]}},{"type":"Feature","properties":{"partida":"057077311","cca":"057020P00000000000000000000001670000018000","tipo":"Urbano","sup_m2":408.5},"geometry":{"type":"Polygon","coordinates":[[[-58.609234,-34.459055],[-58.609168,-34.45914],[-58.609507,-34.459315],[-58.609571,-34.459232],[-58.609234,-34.459055]]]}},{"type":"Feature","properties":{"partida":"057077312","cca":"057020P00000000000000000000001670000019000","tipo":"Urbano","sup_m2":436.0},"geometry":{"type":"Polygon","coordinates":[[[-58.609234,-34.459055],[-58.609571,-34.459232],[-58.609643,-34.45914],[-58.609303,-34.458967],[-58.609234,-34.459055]]]}},{"type":"Feature","properties":{"partida":"057077313","cca":"057020P00000000000000000000001670000020000","tipo":"Urbano","sup_m2":435.8},"geometry":{"type":"Polygon","coordinates":[[[-58.609374,-34.458874],[-58.609303,-34.458967],[-58.609643,-34.45914],[-58.609711,-34.459052],[-58.609374,-34.458874]]]}},{"type":"Feature","properties":{"partida":"057077314","cca":"057020P00000000000000000000001670000021000","tipo":"Urbano","sup_m2":430.1},"geometry":{"type":"Polygon","coordinates":[[[-58.609779,-34.458964],[-58.609444,-34.458784],[-58.609374,-34.458874],[-58.609711,-34.459052],[-58.609779,-34.458964]]]}},{"type":"Feature","properties":{"partida":"057077315","cca":"057020P00000000000000000000001670000022000","tipo":"Urbano","sup_m2":428.5},"geometry":{"type":"Polygon","coordinates":[[[-58.609863,-34.45864],[-58.609664,-34.458902],[-58.609779,-34.458964],[-58.609956,-34.458733],[-58.609945,-34.458683],[-58.609863,-34.45864]]]}},{"type":"Feature","properties":{"partida":"057077316","cca":"057020P00000000000000000000001670000023000","tipo":"Urbano","sup_m2":424.1},"geometry":{"type":"Polygon","coordinates":[[[-58.609552,-34.458842],[-58.609664,-34.458902],[-58.609863,-34.45864],[-58.609749,-34.458579],[-58.609552,-34.458842]]]}},{"type":"Feature","properties":{"partida":"057077317","cca":"057020P00000000000000000000001670000024000","tipo":"Urbano","sup_m2":397.4},"geometry":{"type":"Polygon","coordinates":[[[-58.609444,-34.458784],[-58.609552,-34.458842],[-58.609749,-34.458579],[-58.609645,-34.458524],[-58.609444,-34.458784]]]}},{"type":"Feature","properties":{"partida":"057077318","cca":"057020P00000000000000000000001670000025000","tipo":"Urbano","sup_m2":392.6},"geometry":{"type":"Polygon","coordinates":[[[-58.609444,-34.458784],[-58.609645,-34.458524],[-58.609537,-34.458466],[-58.609343,-34.45873],[-58.609444,-34.458784]]]}},{"type":"Feature","properties":{"partida":"057077319","cca":"057020P00000000000000000000001670000026000","tipo":"Urbano","sup_m2":407.8},"geometry":{"type":"Polygon","coordinates":[[[-58.60943,-34.458409],[-58.609232,-34.45867],[-58.609343,-34.45873],[-58.609537,-34.458466],[-58.60943,-34.458409]]]}},{"type":"Feature","properties":{"partida":"057027998","cca":"057020P00000000000000000000001680000001000","tipo":"Urbano","sup_m2":409.3},"geometry":{"type":"Polygon","coordinates":[[[-58.608263,-34.459919],[-58.608455,-34.459666],[-58.608383,-34.459627],[-58.608309,-34.459645],[-58.608145,-34.459858],[-58.608263,-34.459919]]]}},{"type":"Feature","properties":{"partida":"057060018","cca":"057020P00000000000000000000001680000002000","tipo":"Urbano","sup_m2":439.6},"geometry":{"type":"Polygon","coordinates":[[[-58.608415,-34.460126],[-58.608485,-34.460035],[-58.608145,-34.459858],[-58.608076,-34.459948],[-58.608415,-34.460126]]]}},{"type":"Feature","properties":{"partida":"057060019","cca":"057020P00000000000000000000001680000003000","tipo":"Urbano","sup_m2":442.8},"geometry":{"type":"Polygon","coordinates":[[[-58.608345,-34.460217],[-58.608415,-34.460126],[-58.608076,-34.459948],[-58.608006,-34.460039],[-58.608345,-34.460217]]]}},{"type":"Feature","properties":{"partida":"057060020","cca":"057020P00000000000000000000001680000004000","tipo":"Urbano","sup_m2":444.5},"geometry":{"type":"Polygon","coordinates":[[[-58.608275,-34.460309],[-58.608345,-34.460217],[-58.608006,-34.460039],[-58.607936,-34.46013],[-58.608275,-34.460309]]]}},{"type":"Feature","properties":{"partida":"057060021","cca":"057020P00000000000000000000001680000005000","tipo":"Urbano","sup_m2":534.7},"geometry":{"type":"Polygon","coordinates":[[[-58.607936,-34.46013],[-58.607851,-34.46024],[-58.608191,-34.460419],[-58.608275,-34.460309],[-58.607936,-34.46013]]]}},{"type":"Feature","properties":{"partida":"057060022","cca":"057020P00000000000000000000001680000016000","tipo":"Urbano","sup_m2":517.4},"geometry":{"type":"Polygon","coordinates":[[[-58.608605,-34.460484],[-58.608275,-34.460309],[-58.608191,-34.460419],[-58.608521,-34.460593],[-58.608605,-34.460484]]]}},{"type":"Feature","properties":{"partida":"057060023","cca":"057020P00000000000000000000001680000017000","tipo":"Urbano","sup_m2":435.6},"geometry":{"type":"Polygon","coordinates":[[[-58.608676,-34.460391],[-58.608345,-34.460217],[-58.608275,-34.460309],[-58.608605,-34.460484],[-58.608676,-34.460391]]]}},{"type":"Feature","properties":{"partida":"057060024","cca":"057020P00000000000000000000001680000018000","tipo":"Urbano","sup_m2":431.5},"geometry":{"type":"Polygon","coordinates":[[[-58.608415,-34.460126],[-58.608345,-34.460217],[-58.608676,-34.460391],[-58.608746,-34.4603],[-58.608415,-34.460126]]]}},{"type":"Feature","properties":{"partida":"057060025","cca":"057020P00000000000000000000001680000019000","tipo":"Urbano","sup_m2":434.4},"geometry":{"type":"Polygon","coordinates":[[[-58.608485,-34.460035],[-58.608415,-34.460126],[-58.608746,-34.4603],[-58.608817,-34.460208],[-58.608485,-34.460035]]]}},{"type":"Feature","properties":{"partida":"057060026","cca":"057020P00000000000000000000001680000020000","tipo":"Urbano","sup_m2":404.5},"geometry":{"type":"Polygon","coordinates":[[[-58.608817,-34.460208],[-58.608986,-34.459989],[-58.608978,-34.459945],[-58.608891,-34.459898],[-58.608703,-34.460148],[-58.608817,-34.460208]]]}},{"type":"Feature","properties":{"partida":"057060027","cca":"057020P00000000000000000000001680000021000","tipo":"Urbano","sup_m2":407.0},"geometry":{"type":"Polygon","coordinates":[[[-58.608776,-34.459836],[-58.608591,-34.46009],[-58.608703,-34.460148],[-58.608891,-34.459898],[-58.608776,-34.459836]]]}},{"type":"Feature","properties":{"partida":"057060028","cca":"057020P00000000000000000000001680000022000","tipo":"Urbano","sup_m2":363.8},"geometry":{"type":"Polygon","coordinates":[[[-58.608591,-34.46009],[-58.608776,-34.459836],[-58.608678,-34.459784],[-58.608485,-34.460035],[-58.608591,-34.46009]]]}},{"type":"Feature","properties":{"partida":"057060029","cca":"057020P00000000000000000000001680000023000","tipo":"Urbano","sup_m2":382.7},"geometry":{"type":"Polygon","coordinates":[[[-58.608568,-34.459726],[-58.608382,-34.459981],[-58.608485,-34.460035],[-58.608678,-34.459784],[-58.608568,-34.459726]]]}},{"type":"Feature","properties":{"partida":"057060030","cca":"057020P00000000000000000000001680000024000","tipo":"Urbano","sup_m2":419.6},"geometry":{"type":"Polygon","coordinates":[[[-58.608382,-34.459981],[-58.608568,-34.459726],[-58.608455,-34.459666],[-58.608263,-34.459919],[-58.608382,-34.459981]]]}},{"type":"Feature","properties":{"partida":"057027993","cca":"057020P00000000000000000000001690000001000","tipo":"Urbano","sup_m2":470.8},"geometry":{"type":"Polygon","coordinates":[[[-58.611236,-34.457613],[-58.611145,-34.457564],[-58.611078,-34.45757],[-58.610905,-34.457789],[-58.611037,-34.45786],[-58.611236,-34.457613]]]}},{"type":"Feature","properties":{"partida":"057060031","cca":"057020P00000000000000000000001690000002000","tipo":"Urbano","sup_m2":448.4},"geometry":{"type":"Polygon","coordinates":[[[-58.611246,-34.457973],[-58.610905,-34.457789],[-58.610834,-34.45788],[-58.611174,-34.458063],[-58.611246,-34.457973]]]}},{"type":"Feature","properties":{"partida":"057060032","cca":"057020P00000000000000000000001690000003000","tipo":"Urbano","sup_m2":448.2},"geometry":{"type":"Polygon","coordinates":[[[-58.611103,-34.458153],[-58.611174,-34.458063],[-58.610834,-34.45788],[-58.610762,-34.45797],[-58.611103,-34.458153]]]}},{"type":"Feature","properties":{"partida":"057060033","cca":"057020P00000000000000000000001690000004000","tipo":"Urbano","sup_m2":447.8},"geometry":{"type":"Polygon","coordinates":[[[-58.611031,-34.458244],[-58.611103,-34.458153],[-58.610762,-34.45797],[-58.61069,-34.458061],[-58.611031,-34.458244]]]}},{"type":"Feature","properties":{"partida":"057060034","cca":"057020P00000000000000000000001690000005000","tipo":"Urbano","sup_m2":446.9},"geometry":{"type":"Polygon","coordinates":[[[-58.61096,-34.458334],[-58.611031,-34.458244],[-58.61069,-34.458061],[-58.610619,-34.458151],[-58.61096,-34.458334]]]}},{"type":"Feature","properties":{"partida":"057060035","cca":"057020P00000000000000000000001690000006000","tipo":"Urbano","sup_m2":449.1},"geometry":{"type":"Polygon","coordinates":[[[-58.610888,-34.458425],[-58.61096,-34.458334],[-58.610619,-34.458151],[-58.610547,-34.458242],[-58.610888,-34.458425]]]}},{"type":"Feature","properties":{"partida":"057060036","cca":"057020P00000000000000000000001690000007000","tipo":"Urbano","sup_m2":446.5},"geometry":{"type":"Polygon","coordinates":[[[-58.610815,-34.458514],[-58.610888,-34.458425],[-58.610547,-34.458242],[-58.610476,-34.458332],[-58.610815,-34.458514]]]}},{"type":"Feature","properties":{"partida":"057060037","cca":"057020P00000000000000000000001690000008000","tipo":"Urbano","sup_m2":446.7},"geometry":{"type":"Polygon","coordinates":[[[-58.610744,-34.458605],[-58.610815,-34.458514],[-58.610476,-34.458332],[-58.610404,-34.458422],[-58.610744,-34.458605]]]}},{"type":"Feature","properties":{"partida":"057060038","cca":"057020P00000000000000000000001690000009000","tipo":"Urbano","sup_m2":455.8},"geometry":{"type":"Polygon","coordinates":[[[-58.610331,-34.458739],[-58.610536,-34.458494],[-58.610404,-34.458422],[-58.610235,-34.458636],[-58.610243,-34.458692],[-58.610331,-34.458739]]]}},{"type":"Feature","properties":{"partida":"057060039","cca":"057020P00000000000000000000001690000010000","tipo":"Urbano","sup_m2":385.6},"geometry":{"type":"Polygon","coordinates":[[[-58.61064,-34.458549],[-58.610536,-34.458494],[-58.610331,-34.458739],[-58.61044,-34.458798],[-58.61064,-34.458549]]]}},{"type":"Feature","properties":{"partida":"057060040","cca":"057020P00000000000000000000001690000011000","tipo":"Urbano","sup_m2":382.3},"geometry":{"type":"Polygon","coordinates":[[[-58.61064,-34.458549],[-58.61044,-34.458798],[-58.610546,-34.458855],[-58.610744,-34.458605],[-58.61064,-34.458549]]]}},{"type":"Feature","properties":{"partida":"057060041","cca":"057020P00000000000000000000001690000012000","tipo":"Urbano","sup_m2":377.1},"geometry":{"type":"Polygon","coordinates":[[[-58.610744,-34.458605],[-58.610546,-34.458855],[-58.610647,-34.458909],[-58.61085,-34.458662],[-58.610744,-34.458605]]]}},{"type":"Feature","properties":{"partida":"057060042","cca":"057020P00000000000000000000001690000013000","tipo":"Urbano","sup_m2":396.9},"geometry":{"type":"Polygon","coordinates":[[[-58.61096,-34.458721],[-58.61085,-34.458662],[-58.610647,-34.458909],[-58.610757,-34.458968],[-58.61096,-34.458721]]]}},{"type":"Feature","properties":{"partida":"057060043","cca":"057020P00000000000000000000001690000014000","tipo":"Urbano","sup_m2":433.1},"geometry":{"type":"Polygon","coordinates":[[[-58.610757,-34.458968],[-58.61085,-34.459018],[-58.610904,-34.459005],[-58.611079,-34.458785],[-58.61096,-34.458721],[-58.610757,-34.458968]]]}},{"type":"Feature","properties":{"partida":"057060044","cca":"057020P00000000000000000000001690000015000","tipo":"Urbano","sup_m2":441.3},"geometry":{"type":"Polygon","coordinates":[[[-58.611151,-34.458695],[-58.610815,-34.458514],[-58.610744,-34.458605],[-58.611079,-34.458785],[-58.611151,-34.458695]]]}},{"type":"Feature","properties":{"partida":"057060045","cca":"057020P00000000000000000000001690000016000","tipo":"Urbano","sup_m2":441.1},"geometry":{"type":"Polygon","coordinates":[[[-58.610888,-34.458425],[-58.610815,-34.458514],[-58.611151,-34.458695],[-58.611223,-34.458605],[-58.610888,-34.458425]]]}},{"type":"Feature","properties":{"partida":"057060046","cca":"057020P00000000000000000000001690000017000","tipo":"Urbano","sup_m2":442.4},"geometry":{"type":"Polygon","coordinates":[[[-58.61096,-34.458334],[-58.610888,-34.458425],[-58.611223,-34.458605],[-58.611295,-34.458514],[-58.61096,-34.458334]]]}},{"type":"Feature","properties":{"partida":"057060047","cca":"057020P00000000000000000000001690000018000","tipo":"Urbano","sup_m2":440.8},"geometry":{"type":"Polygon","coordinates":[[[-58.611031,-34.458244],[-58.61096,-34.458334],[-58.611295,-34.458514],[-58.611367,-34.458424],[-58.611031,-34.458244]]]}},{"type":"Feature","properties":{"partida":"057060048","cca":"057020P00000000000000000000001690000019000","tipo":"Urbano","sup_m2":441.1},"geometry":{"type":"Polygon","coordinates":[[[-58.611103,-34.458153],[-58.611031,-34.458244],[-58.611367,-34.458424],[-58.611439,-34.458334],[-58.611103,-34.458153]]]}},{"type":"Feature","properties":{"partida":"057060049","cca":"057020P00000000000000000000001690000020000","tipo":"Urbano","sup_m2":442.8},"geometry":{"type":"Polygon","coordinates":[[[-58.611174,-34.458063],[-58.611103,-34.458153],[-58.611439,-34.458334],[-58.611511,-34.458244],[-58.611174,-34.458063]]]}},{"type":"Feature","properties":{"partida":"057060050","cca":"057020P00000000000000000000001690000021000","tipo":"Urbano","sup_m2":442.9},"geometry":{"type":"Polygon","coordinates":[[[-58.611246,-34.457973],[-58.611174,-34.458063],[-58.611511,-34.458244],[-58.611583,-34.458154],[-58.611246,-34.457973]]]}},{"type":"Feature","properties":{"partida":"057060051","cca":"057020P00000000000000000000001690000022000","tipo":"Urbano","sup_m2":425.1},"geometry":{"type":"Polygon","coordinates":[[[-58.611662,-34.457841],[-58.611462,-34.458089],[-58.611583,-34.458154],[-58.611758,-34.457935],[-58.611742,-34.457885],[-58.611662,-34.457841]]]}},{"type":"Feature","properties":{"partida":"057060052","cca":"057020P00000000000000000000001690000023000","tipo":"Urbano","sup_m2":408.0},"geometry":{"type":"Polygon","coordinates":[[[-58.611662,-34.457841],[-58.611551,-34.457782],[-58.611348,-34.458027],[-58.611462,-34.458089],[-58.611662,-34.457841]]]}},{"type":"Feature","properties":{"partida":"057060053","cca":"057020P00000000000000000000001690000024000","tipo":"Urbano","sup_m2":377.5},"geometry":{"type":"Polygon","coordinates":[[[-58.611246,-34.457973],[-58.611348,-34.458027],[-58.611551,-34.457782],[-58.611443,-34.457724],[-58.611246,-34.457973]]]}},{"type":"Feature","properties":{"partida":"057060054","cca":"057020P00000000000000000000001690000025000","tipo":"Urbano","sup_m2":379.9},"geometry":{"type":"Polygon","coordinates":[[[-58.611143,-34.457917],[-58.611246,-34.457973],[-58.611443,-34.457724],[-58.611337,-34.457667],[-58.611143,-34.457917]]]}},{"type":"Feature","properties":{"partida":"057060055","cca":"057020P00000000000000000000001690000026000","tipo":"Urbano","sup_m2":374.2},"geometry":{"type":"Polygon","coordinates":[[[-58.611337,-34.457667],[-58.611236,-34.457613],[-58.611037,-34.45786],[-58.611143,-34.457917],[-58.611337,-34.457667]]]}},{"type":"Feature","properties":{"partida":"057027994","cca":"057020P00000000000000000000001700000001000","tipo":"Urbano","sup_m2":441.8},"geometry":{"type":"Polygon","coordinates":[[[-58.610245,-34.458851],[-58.610171,-34.458811],[-58.610097,-34.458816],[-58.609924,-34.459038],[-58.610045,-34.459105],[-58.610245,-34.458851]]]}},{"type":"Feature","properties":{"partida":"057060079","cca":"057020P00000000000000000000001700000002000","tipo":"Urbano","sup_m2":451.5},"geometry":{"type":"Polygon","coordinates":[[[-58.610261,-34.459226],[-58.609924,-34.459038],[-58.60985,-34.459132],[-58.610191,-34.459314],[-58.610261,-34.459226]]]}},{"type":"Feature","properties":{"partida":"057060080","cca":"057020P00000000000000000000001700000003000","tipo":"Urbano","sup_m2":477.4},"geometry":{"type":"Polygon","coordinates":[[[-58.610191,-34.459314],[-58.60985,-34.459132],[-58.609775,-34.459229],[-58.610115,-34.459412],[-58.610191,-34.459314]]]}},{"type":"Feature","properties":{"partida":"057060081","cca":"057020P00000000000000000000001700000004000","tipo":"Urbano","sup_m2":431.5},"geometry":{"type":"Polygon","coordinates":[[[-58.610048,-34.459497],[-58.610115,-34.459412],[-58.609775,-34.459229],[-58.609705,-34.459319],[-58.610048,-34.459497]]]}},{"type":"Feature","properties":{"partida":"057060082","cca":"057020P00000000000000000000001700000005000","tipo":"Urbano","sup_m2":406.5},"geometry":{"type":"Polygon","coordinates":[[[-58.609982,-34.459582],[-58.610048,-34.459497],[-58.609705,-34.459319],[-58.609642,-34.4594],[-58.609982,-34.459582]]]}},{"type":"Feature","properties":{"partida":"057060083","cca":"057020P00000000000000000000001700000006000","tipo":"Urbano","sup_m2":460.7},"geometry":{"type":"Polygon","coordinates":[[[-58.609908,-34.459675],[-58.609982,-34.459582],[-58.609642,-34.4594],[-58.609568,-34.459495],[-58.609908,-34.459675]]]}},{"type":"Feature","properties":{"partida":"057060084","cca":"057020P00000000000000000000001700000007000","tipo":"Urbano","sup_m2":416.7},"geometry":{"type":"Polygon","coordinates":[[[-58.609841,-34.459761],[-58.609908,-34.459675],[-58.609568,-34.459495],[-58.609503,-34.459578],[-58.609841,-34.459761]]]}},{"type":"Feature","properties":{"partida":"057060085","cca":"057020P00000000000000000000001700000008000","tipo":"Urbano","sup_m2":445.9},"geometry":{"type":"Polygon","coordinates":[[[-58.60977,-34.459851],[-58.609841,-34.459761],[-58.609503,-34.459578],[-58.609431,-34.459671],[-58.60977,-34.459851]]]}},{"type":"Feature","properties":{"partida":"057060086","cca":"057020P00000000000000000000001700000009000","tipo":"Urbano","sup_m2":465.9},"geometry":{"type":"Polygon","coordinates":[[[-58.60936,-34.459995],[-58.609561,-34.45974],[-58.609431,-34.459671],[-58.609259,-34.459892],[-58.609275,-34.45995],[-58.60936,-34.459995]]]}},{"type":"Feature","properties":{"partida":"057060087","cca":"057020P00000000000000000000001700000010000","tipo":"Urbano","sup_m2":416.4},"geometry":{"type":"Polygon","coordinates":[[[-58.60967,-34.459798],[-58.609561,-34.45974],[-58.60936,-34.459995],[-58.609477,-34.460057],[-58.60967,-34.459798]]]}},{"type":"Feature","properties":{"partida":"057060088","cca":"057020P00000000000000000000001700000011000","tipo":"Urbano","sup_m2":355.8},"geometry":{"type":"Polygon","coordinates":[[[-58.60977,-34.459851],[-58.60967,-34.459798],[-58.609477,-34.460057],[-58.609571,-34.460106],[-58.60977,-34.459851]]]}},{"type":"Feature","properties":{"partida":"057060089","cca":"057020P00000000000000000000001700000012000","tipo":"Urbano","sup_m2":391.0},"geometry":{"type":"Polygon","coordinates":[[[-58.609871,-34.459905],[-58.60977,-34.459851],[-58.609571,-34.460106],[-58.609683,-34.460164],[-58.609871,-34.459905]]]}},{"type":"Feature","properties":{"partida":"057060090","cca":"057020P00000000000000000000001700000013000","tipo":"Urbano","sup_m2":428.1},"geometry":{"type":"Polygon","coordinates":[[[-58.609871,-34.459905],[-58.609683,-34.460164],[-58.609797,-34.460225],[-58.609991,-34.459969],[-58.609871,-34.459905]]]}},{"type":"Feature","properties":{"partida":"057060091","cca":"057020P00000000000000000000001700000014000","tipo":"Urbano","sup_m2":419.6},"geometry":{"type":"Polygon","coordinates":[[[-58.61011,-34.460033],[-58.609991,-34.459969],[-58.609797,-34.460225],[-58.609867,-34.460261],[-58.609938,-34.460255],[-58.61011,-34.460033]]]}},{"type":"Feature","properties":{"partida":"057060092","cca":"057020P00000000000000000000001700000015000","tipo":"Urbano","sup_m2":436.4},"geometry":{"type":"Polygon","coordinates":[[[-58.609841,-34.459761],[-58.60977,-34.459851],[-58.61011,-34.460033],[-58.610178,-34.459945],[-58.609841,-34.459761]]]}},{"type":"Feature","properties":{"partida":"057060093","cca":"057020P00000000000000000000001700000016000","tipo":"Urbano","sup_m2":432.0},"geometry":{"type":"Polygon","coordinates":[[[-58.609908,-34.459675],[-58.609841,-34.459761],[-58.610178,-34.459945],[-58.610248,-34.459854],[-58.609908,-34.459675]]]}},{"type":"Feature","properties":{"partida":"057060094","cca":"057020P00000000000000000000001700000017000","tipo":"Urbano","sup_m2":453.0},"geometry":{"type":"Polygon","coordinates":[[[-58.609982,-34.459582],[-58.609908,-34.459675],[-58.610248,-34.459854],[-58.610319,-34.459762],[-58.609982,-34.459582]]]}},{"type":"Feature","properties":{"partida":"057060095","cca":"057020P00000000000000000000001700000018000","tipo":"Urbano","sup_m2":419.7},"geometry":{"type":"Polygon","coordinates":[[[-58.610048,-34.459497],[-58.609982,-34.459582],[-58.610319,-34.459762],[-58.610387,-34.459674],[-58.610048,-34.459497]]]}},{"type":"Feature","properties":{"partida":"057060096","cca":"057020P00000000000000000000001700000019000","tipo":"Urbano","sup_m2":405.1},"geometry":{"type":"Polygon","coordinates":[[[-58.610115,-34.459412],[-58.610048,-34.459497],[-58.610387,-34.459674],[-58.61045,-34.459592],[-58.610115,-34.459412]]]}},{"type":"Feature","properties":{"partida":"057060097","cca":"057020P00000000000000000000001700000020000","tipo":"Urbano","sup_m2":476.5},"geometry":{"type":"Polygon","coordinates":[[[-58.610191,-34.459314],[-58.610115,-34.459412],[-58.61045,-34.459592],[-58.610526,-34.459493],[-58.610191,-34.459314]]]}},{"type":"Feature","properties":{"partida":"057060098","cca":"057020P00000000000000000000001700000021000","tipo":"Urbano","sup_m2":416.4},"geometry":{"type":"Polygon","coordinates":[[[-58.610591,-34.459409],[-58.610261,-34.459226],[-58.610191,-34.459314],[-58.610526,-34.459493],[-58.610591,-34.459409]]]}},{"type":"Feature","properties":{"partida":"057060099","cca":"057020P00000000000000000000001700000022000","tipo":"Urbano","sup_m2":435.1},"geometry":{"type":"Polygon","coordinates":[[[-58.610591,-34.459409],[-58.61077,-34.459178],[-58.61076,-34.459127],[-58.610681,-34.459084],[-58.610473,-34.459344],[-58.610591,-34.459409]]]}},{"type":"Feature","properties":{"partida":"057060100","cca":"057020P00000000000000000000001700000023000","tipo":"Urbano","sup_m2":435.2},"geometry":{"type":"Polygon","coordinates":[[[-58.610561,-34.45902],[-58.610363,-34.459282],[-58.610473,-34.459344],[-58.610681,-34.459084],[-58.610561,-34.45902]]]}},{"type":"Feature","properties":{"partida":"057060101","cca":"057020P00000000000000000000001700000024000","tipo":"Urbano","sup_m2":376.4},"geometry":{"type":"Polygon","coordinates":[[[-58.610363,-34.459282],[-58.610561,-34.45902],[-58.610463,-34.458968],[-58.610261,-34.459226],[-58.610363,-34.459282]]]}},{"type":"Feature","properties":{"partida":"057060102","cca":"057020P00000000000000000000001700000025000","tipo":"Urbano","sup_m2":391.5},"geometry":{"type":"Polygon","coordinates":[[[-58.610357,-34.458911],[-58.610158,-34.459168],[-58.610261,-34.459226],[-58.610463,-34.458968],[-58.610357,-34.458911]]]}},{"type":"Feature","properties":{"partida":"057060103","cca":"057020P00000000000000000000001700000026000","tipo":"Urbano","sup_m2":416.7},"geometry":{"type":"Polygon","coordinates":[[[-58.610357,-34.458911],[-58.610245,-34.458851],[-58.610045,-34.459105],[-58.610158,-34.459168],[-58.610357,-34.458911]]]}},{"type":"Feature","properties":{"partida":"057027995","cca":"057020P00000000000000000000001710000001000","tipo":"Urbano","sup_m2":394.3},"geometry":{"type":"Polygon","coordinates":[[[-58.609074,-34.460349],[-58.609272,-34.460097],[-58.609207,-34.46006],[-58.609131,-34.460076],[-58.608963,-34.460288],[-58.609074,-34.460349]]]}},{"type":"Feature","properties":{"partida":"057060109","cca":"057020P00000000000000000000001710000002000","tipo":"Urbano","sup_m2":439.4},"geometry":{"type":"Polygon","coordinates":[[[-58.609295,-34.460466],[-58.608963,-34.460288],[-58.608892,-34.460376],[-58.60922,-34.46056],[-58.609295,-34.460466]]]}},{"type":"Feature","properties":{"partida":"057060110","cca":"057020P00000000000000000000001710000003000","tipo":"Urbano","sup_m2":438.4},"geometry":{"type":"Polygon","coordinates":[[[-58.60915,-34.46065],[-58.60922,-34.46056],[-58.608892,-34.460376],[-58.608819,-34.460468],[-58.60915,-34.46065]]]}},{"type":"Feature","properties":{"partida":"057060111","cca":"057020P00000000000000000000001710000004000","tipo":"Urbano","sup_m2":455.3},"geometry":{"type":"Polygon","coordinates":[[[-58.60915,-34.46065],[-58.608819,-34.460468],[-58.608743,-34.46056],[-58.609079,-34.460745],[-58.60915,-34.46065]]]}},{"type":"Feature","properties":{"partida":"057060112","cca":"057020P00000000000000000000001710000005000","tipo":"Urbano","sup_m2":532.6},"geometry":{"type":"Polygon","coordinates":[[[-58.609079,-34.460745],[-58.608743,-34.46056],[-58.608658,-34.460668],[-58.608988,-34.460853],[-58.609079,-34.460745]]]}},{"type":"Feature","properties":{"partida":"057060113","cca":"057020P00000000000000000000001710000016000","tipo":"Urbano","sup_m2":519.5},"geometry":{"type":"Polygon","coordinates":[[[-58.609079,-34.460745],[-58.608988,-34.460853],[-58.609312,-34.46103],[-58.609401,-34.460921],[-58.609079,-34.460745]]]}},{"type":"Feature","properties":{"partida":"057060114","cca":"057020P00000000000000000000001710000017000","tipo":"Urbano","sup_m2":448.8},"geometry":{"type":"Polygon","coordinates":[[[-58.609401,-34.460921],[-58.609478,-34.460826],[-58.60915,-34.46065],[-58.609079,-34.460745],[-58.609401,-34.460921]]]}},{"type":"Feature","properties":{"partida":"057060115","cca":"057020P00000000000000000000001710000018000","tipo":"Urbano","sup_m2":428.6},"geometry":{"type":"Polygon","coordinates":[[[-58.60955,-34.460737],[-58.60922,-34.46056],[-58.60915,-34.46065],[-58.609478,-34.460826],[-58.60955,-34.460737]]]}},{"type":"Feature","properties":{"partida":"057060116","cca":"057020P00000000000000000000001710000019000","tipo":"Urbano","sup_m2":448.4},"geometry":{"type":"Polygon","coordinates":[[[-58.609626,-34.460643],[-58.609295,-34.460466],[-58.60922,-34.46056],[-58.60955,-34.460737],[-58.609626,-34.460643]]]}},{"type":"Feature","properties":{"partida":"057060117","cca":"057020P00000000000000000000001710000020000","tipo":"Urbano","sup_m2":415.6},"geometry":{"type":"Polygon","coordinates":[[[-58.60951,-34.460582],[-58.609626,-34.460643],[-58.609795,-34.460437],[-58.609783,-34.460374],[-58.609704,-34.460333],[-58.60951,-34.460582]]]}},{"type":"Feature","properties":{"partida":"057060118","cca":"057020P00000000000000000000001710000021000","tipo":"Urbano","sup_m2":398.1},"geometry":{"type":"Polygon","coordinates":[[[-58.60951,-34.460582],[-58.609704,-34.460333],[-58.609594,-34.460272],[-58.609401,-34.460525],[-58.60951,-34.460582]]]}},{"type":"Feature","properties":{"partida":"057060119","cca":"057020P00000000000000000000001710000022000","tipo":"Urbano","sup_m2":375.6},"geometry":{"type":"Polygon","coordinates":[[[-58.609494,-34.460218],[-58.609295,-34.460466],[-58.609401,-34.460525],[-58.609593,-34.460273],[-58.609494,-34.460218]]]}},{"type":"Feature","properties":{"partida":"057060120","cca":"057020P00000000000000000000001710000023000","tipo":"Urbano","sup_m2":379.9},"geometry":{"type":"Polygon","coordinates":[[[-58.609192,-34.46041],[-58.609295,-34.460466],[-58.609494,-34.460218],[-58.609389,-34.46016],[-58.609192,-34.46041]]]}},{"type":"Feature","properties":{"partida":"057060121","cca":"057020P00000000000000000000001710000024000","tipo":"Urbano","sup_m2":425.9},"geometry":{"type":"Polygon","coordinates":[[[-58.609389,-34.46016],[-58.609272,-34.460097],[-58.609074,-34.460349],[-58.609192,-34.46041],[-58.609389,-34.46016]]]}},{"type":"Feature","properties":{"partida":"057027991","cca":"057020P0000000000000000000000173000000100A","tipo":"Urbano","sup_m2":220.6},"geometry":{"type":"Polygon","coordinates":[[[-58.611026,-34.459408],[-58.611101,-34.459309],[-58.610974,-34.459242],[-58.61092,-34.459251],[-58.610866,-34.459324],[-58.611026,-34.459408]]]}},{"type":"Feature","properties":{"partida":"057074671","cca":"057020P0000000000000000000000173000000100B","tipo":"Urbano","sup_m2":174.1},"geometry":{"type":"Polygon","coordinates":[[[-58.611026,-34.459408],[-58.610866,-34.459324],[-58.610808,-34.4594],[-58.610967,-34.459484],[-58.611026,-34.459408]]]}},{"type":"Feature","properties":{"partida":"057045056","cca":"057020P0000000000000000000000173000000200A","tipo":"Urbano","sup_m2":370.9},"geometry":{"type":"Polygon","coordinates":[[[-58.611145,-34.459579],[-58.610808,-34.4594],[-58.61075,-34.459476],[-58.611086,-34.459656],[-58.611145,-34.459579]]]}},{"type":"Feature","properties":{"partida":"057074672","cca":"057020P0000000000000000000000173000000200B","tipo":"Urbano","sup_m2":365.8},"geometry":{"type":"Polygon","coordinates":[[[-58.611028,-34.459732],[-58.611086,-34.459656],[-58.61075,-34.459476],[-58.610693,-34.459552],[-58.611028,-34.459732]]]}},{"type":"Feature","properties":{"partida":"057045057","cca":"057020P0000000000000000000000173000000300A","tipo":"Urbano","sup_m2":368.5},"geometry":{"type":"Polygon","coordinates":[[[-58.610969,-34.459809],[-58.611028,-34.459732],[-58.610693,-34.459552],[-58.610635,-34.459629],[-58.610969,-34.459809]]]}},{"type":"Feature","properties":{"partida":"057045058","cca":"057020P0000000000000000000000173000000300B","tipo":"Urbano","sup_m2":365.4},"geometry":{"type":"Polygon","coordinates":[[[-58.61091,-34.459885],[-58.610969,-34.459809],[-58.610635,-34.459629],[-58.610578,-34.459706],[-58.61091,-34.459885]]]}},{"type":"Feature","properties":{"partida":"057045059","cca":"057020P0000000000000000000000173000000400A","tipo":"Urbano","sup_m2":359.5},"geometry":{"type":"Polygon","coordinates":[[[-58.610852,-34.45996],[-58.61091,-34.459885],[-58.610578,-34.459706],[-58.61052,-34.459781],[-58.610852,-34.45996]]]}},{"type":"Feature","properties":{"partida":"057074673","cca":"057020P0000000000000000000000173000000400B","tipo":"Urbano","sup_m2":365.6},"geometry":{"type":"Polygon","coordinates":[[[-58.610794,-34.460037],[-58.610852,-34.45996],[-58.61052,-34.459781],[-58.610464,-34.459859],[-58.610794,-34.460037]]]}},{"type":"Feature","properties":{"partida":"057045060","cca":"057020P0000000000000000000000173000000500A","tipo":"Urbano","sup_m2":360.1},"geometry":{"type":"Polygon","coordinates":[[[-58.610733,-34.460112],[-58.610794,-34.460037],[-58.610464,-34.459859],[-58.610404,-34.459934],[-58.610733,-34.460112]]]}},{"type":"Feature","properties":{"partida":"057045061","cca":"057020P00000000000000000000001730000007000","tipo":"Urbano","sup_m2":432.4},"geometry":{"type":"Polygon","coordinates":[[[-58.610664,-34.460203],[-58.610733,-34.460112],[-58.610404,-34.459934],[-58.610335,-34.460026],[-58.610664,-34.460203]]]}},{"type":"Feature","properties":{"partida":"057045062","cca":"057020P00000000000000000000001730000008000","tipo":"Urbano","sup_m2":431.2},"geometry":{"type":"Polygon","coordinates":[[[-58.610594,-34.460293],[-58.610664,-34.460203],[-58.610335,-34.460026],[-58.610265,-34.460116],[-58.610379,-34.46018],[-58.610594,-34.460293]]]}},{"type":"Feature","properties":{"partida":"057045063","cca":"057020P00000000000000000000001730000009000","tipo":"Urbano","sup_m2":407.3},"geometry":{"type":"Polygon","coordinates":[[[-58.610379,-34.46018],[-58.610265,-34.460116],[-58.610094,-34.460341],[-58.610102,-34.460383],[-58.610186,-34.460431],[-58.610379,-34.46018]]]}},{"type":"Feature","properties":{"partida":"057045064","cca":"057020P00000000000000000000001730000010000","tipo":"Urbano","sup_m2":369.6},"geometry":{"type":"Polygon","coordinates":[[[-58.610288,-34.460486],[-58.610481,-34.460232],[-58.610379,-34.46018],[-58.610186,-34.460431],[-58.610288,-34.460486]]]}},{"type":"Feature","properties":{"partida":"057045065","cca":"057020P00000000000000000000001730000011000","tipo":"Urbano","sup_m2":403.0},"geometry":{"type":"Polygon","coordinates":[[[-58.610594,-34.460293],[-58.610481,-34.460232],[-58.610288,-34.460486],[-58.610397,-34.460544],[-58.610594,-34.460293]]]}},{"type":"Feature","properties":{"partida":"057045066","cca":"057020P00000000000000000000001730000012000","tipo":"Urbano","sup_m2":408.6},"geometry":{"type":"Polygon","coordinates":[[[-58.610397,-34.460544],[-58.610512,-34.460604],[-58.610704,-34.460351],[-58.610594,-34.460293],[-58.610397,-34.460544]]]}},{"type":"Feature","properties":{"partida":"057045067","cca":"057020P0000000000000000000000173000001300A","tipo":"Urbano","sup_m2":274.2},"geometry":{"type":"Polygon","coordinates":[[[-58.610808,-34.460645],[-58.610577,-34.46052],[-58.610512,-34.460604],[-58.610706,-34.46071],[-58.610767,-34.4607],[-58.610808,-34.460645]]]}},{"type":"Feature","properties":{"partida":"057074674","cca":"057020P0000000000000000000000173000001300B","tipo":"Urbano","sup_m2":279.5},"geometry":{"type":"Polygon","coordinates":[[[-58.610871,-34.460559],[-58.610641,-34.460436],[-58.610577,-34.46052],[-58.610808,-34.460645],[-58.610871,-34.460559]]]}},{"type":"Feature","properties":{"partida":"057045068","cca":"057020P0000000000000000000000173000001400A","tipo":"Urbano","sup_m2":277.1},"geometry":{"type":"Polygon","coordinates":[[[-58.610934,-34.460475],[-58.610704,-34.460351],[-58.610641,-34.460436],[-58.610871,-34.460559],[-58.610934,-34.460475]]]}},{"type":"Feature","properties":{"partida":"057045069","cca":"057020P0000000000000000000000173000001400B","tipo":"Urbano","sup_m2":371.0},"geometry":{"type":"Polygon","coordinates":[[[-58.610992,-34.460399],[-58.610654,-34.460217],[-58.610594,-34.460293],[-58.610934,-34.460475],[-58.610992,-34.460399]]]}},{"type":"Feature","properties":{"partida":"057045070","cca":"057020P0000000000000000000000173000001500A","tipo":"Urbano","sup_m2":370.7},"geometry":{"type":"Polygon","coordinates":[[[-58.610712,-34.460141],[-58.610654,-34.460217],[-58.610992,-34.460399],[-58.61105,-34.460323],[-58.610712,-34.460141]]]}},{"type":"Feature","properties":{"partida":"057074675","cca":"057020P0000000000000000000000173000001600A","tipo":"Urbano","sup_m2":370.8},"geometry":{"type":"Polygon","coordinates":[[[-58.610771,-34.460065],[-58.610712,-34.460141],[-58.61105,-34.460323],[-58.611108,-34.460247],[-58.610771,-34.460065]]]}},{"type":"Feature","properties":{"partida":"057045071","cca":"057020P0000000000000000000000173000001600B","tipo":"Urbano","sup_m2":366.0},"geometry":{"type":"Polygon","coordinates":[[[-58.611164,-34.46017],[-58.61083,-34.45999],[-58.610771,-34.460065],[-58.611108,-34.460247],[-58.611164,-34.46017]]]}},{"type":"Feature","properties":{"partida":"057045072","cca":"057020P0000000000000000000000173000001700A","tipo":"Urbano","sup_m2":368.0},"geometry":{"type":"Polygon","coordinates":[[[-58.611223,-34.460094],[-58.610888,-34.459914],[-58.61083,-34.45999],[-58.611164,-34.46017],[-58.611223,-34.460094]]]}},{"type":"Feature","properties":{"partida":"057074676","cca":"057020P0000000000000000000000173000001800A","tipo":"Urbano","sup_m2":369.4},"geometry":{"type":"Polygon","coordinates":[[[-58.610947,-34.459838],[-58.610888,-34.459914],[-58.611223,-34.460094],[-58.611281,-34.460016],[-58.610947,-34.459838]]]}},{"type":"Feature","properties":{"partida":"057045073","cca":"057020P0000000000000000000000173000001900A","tipo":"Urbano","sup_m2":361.8},"geometry":{"type":"Polygon","coordinates":[[[-58.611281,-34.460016],[-58.611338,-34.459941],[-58.611005,-34.459762],[-58.610947,-34.459838],[-58.611281,-34.460016]]]}},{"type":"Feature","properties":{"partida":"057045074","cca":"057020P0000000000000000000000173000002000A","tipo":"Urbano","sup_m2":363.7},"geometry":{"type":"Polygon","coordinates":[[[-58.611064,-34.459686],[-58.611005,-34.459762],[-58.611338,-34.459941],[-58.611394,-34.459864],[-58.611064,-34.459686]]]}},{"type":"Feature","properties":{"partida":"057045075","cca":"057020P0000000000000000000000173000002100A","tipo":"Urbano","sup_m2":365.9},"geometry":{"type":"Polygon","coordinates":[[[-58.611121,-34.459609],[-58.611064,-34.459686],[-58.611394,-34.459864],[-58.611455,-34.459787],[-58.611121,-34.459609]]]}},{"type":"Feature","properties":{"partida":"057045076","cca":"057020P0000000000000000000000173000002200A","tipo":"Urbano","sup_m2":359.7},"geometry":{"type":"Polygon","coordinates":[[[-58.611509,-34.459711],[-58.611181,-34.459534],[-58.611121,-34.459609],[-58.611455,-34.459787],[-58.611509,-34.459711]]]}},{"type":"Feature","properties":{"partida":"057074677","cca":"057020P0000000000000000000000173000002200B","tipo":"Urbano","sup_m2":210.9},"geometry":{"type":"Polygon","coordinates":[[[-58.611391,-34.459647],[-58.611509,-34.459711],[-58.611586,-34.459605],[-58.611574,-34.459565],[-58.611489,-34.459518],[-58.611391,-34.459647]]]}},{"type":"Feature","properties":{"partida":"057045077","cca":"057020P0000000000000000000000173000002300A","tipo":"Urbano","sup_m2":192.2},"geometry":{"type":"Polygon","coordinates":[[[-58.611384,-34.459463],[-58.611288,-34.459592],[-58.611391,-34.459647],[-58.611489,-34.459518],[-58.611384,-34.459463]]]}},{"type":"Feature","properties":{"partida":"057045078","cca":"057020P0000000000000000000000173000002400A","tipo":"Urbano","sup_m2":197.7},"geometry":{"type":"Polygon","coordinates":[[[-58.611181,-34.459534],[-58.611288,-34.459592],[-58.611384,-34.459463],[-58.611279,-34.459404],[-58.611181,-34.459534]]]}},{"type":"Feature","properties":{"partida":"057045079","cca":"057020P0000000000000000000000173000002500A","tipo":"Urbano","sup_m2":225.6},"geometry":{"type":"Polygon","coordinates":[[[-58.611191,-34.459358],[-58.611054,-34.459531],[-58.611145,-34.459579],[-58.611279,-34.459404],[-58.611191,-34.459358]]]}},{"type":"Feature","properties":{"partida":"057045080","cca":"057020P0000000000000000000000173000002600A","tipo":"Urbano","sup_m2":221.1},"geometry":{"type":"Polygon","coordinates":[[[-58.611101,-34.459309],[-58.610967,-34.459484],[-58.611054,-34.459531],[-58.611191,-34.459358],[-58.611101,-34.459309]]]}},{"type":"Feature","properties":{"partida":"057027992","cca":"057020P00000000000000000000001740000001000","tipo":"Urbano","sup_m2":437.5},"geometry":{"type":"Polygon","coordinates":[[[-58.609894,-34.460782],[-58.610092,-34.460528],[-58.61,-34.460479],[-58.60995,-34.460491],[-58.609774,-34.460719],[-58.609894,-34.460782]]]}},{"type":"Feature","properties":{"partida":"057060179","cca":"057020P00000000000000000000001740000002000","tipo":"Urbano","sup_m2":445.3},"geometry":{"type":"Polygon","coordinates":[[[-58.610045,-34.460988],[-58.610115,-34.460898],[-58.609774,-34.460719],[-58.609702,-34.460809],[-58.610045,-34.460988]]]}},{"type":"Feature","properties":{"partida":"057060180","cca":"057020P00000000000000000000001740000003000","tipo":"Urbano","sup_m2":447.4},"geometry":{"type":"Polygon","coordinates":[[[-58.609974,-34.46108],[-58.610045,-34.460988],[-58.609702,-34.460809],[-58.609632,-34.4609],[-58.609974,-34.46108]]]}},{"type":"Feature","properties":{"partida":"057060181","cca":"057020P00000000000000000000001740000004000","tipo":"Urbano","sup_m2":447.1},"geometry":{"type":"Polygon","coordinates":[[[-58.609904,-34.46117],[-58.609974,-34.46108],[-58.609632,-34.4609],[-58.609559,-34.46099],[-58.609904,-34.46117]]]}},{"type":"Feature","properties":{"partida":"057060182","cca":"057020P00000000000000000000001740000005000","tipo":"Urbano","sup_m2":583.6},"geometry":{"type":"Polygon","coordinates":[[[-58.609904,-34.46117],[-58.609559,-34.46099],[-58.609468,-34.461109],[-58.609813,-34.461289],[-58.609904,-34.46117]]]}},{"type":"Feature","properties":{"partida":"057060183","cca":"057020P00000000000000000000001740000016000","tipo":"Urbano","sup_m2":575.6},"geometry":{"type":"Polygon","coordinates":[[[-58.609904,-34.46117],[-58.609813,-34.461289],[-58.610151,-34.461466],[-58.610244,-34.461349],[-58.609904,-34.46117]]]}},{"type":"Feature","properties":{"partida":"057060184","cca":"057020P00000000000000000000001740000017000","tipo":"Urbano","sup_m2":444.0},"geometry":{"type":"Polygon","coordinates":[[[-58.610244,-34.461349],[-58.610316,-34.461258],[-58.609974,-34.46108],[-58.609904,-34.46117],[-58.610244,-34.461349]]]}},{"type":"Feature","properties":{"partida":"057144269","cca":"057020P0000000000000000000000174000001800A","tipo":"Urbano","sup_m2":446.5},"geometry":{"type":"Polygon","coordinates":[[[-58.610387,-34.461168],[-58.610045,-34.460988],[-58.609974,-34.46108],[-58.610316,-34.461258],[-58.610387,-34.461168]]]}},{"type":"Feature","properties":{"partida":"057060186","cca":"057020P00000000000000000000001740000019000","tipo":"Urbano","sup_m2":444.1},"geometry":{"type":"Polygon","coordinates":[[[-58.610459,-34.461077],[-58.610115,-34.460898],[-58.610045,-34.460988],[-58.610387,-34.461168],[-58.610459,-34.461077]]]}},{"type":"Feature","properties":{"partida":"057060187","cca":"057020P00000000000000000000001740000020000","tipo":"Urbano","sup_m2":441.8},"geometry":{"type":"Polygon","coordinates":[[[-58.610531,-34.460764],[-58.610336,-34.461013],[-58.610459,-34.461077],[-58.610639,-34.460852],[-58.610625,-34.460811],[-58.610531,-34.460764]]]}},{"type":"Feature","properties":{"partida":"057060188","cca":"057020P00000000000000000000001740000021000","tipo":"Urbano","sup_m2":396.8},"geometry":{"type":"Polygon","coordinates":[[[-58.610336,-34.461013],[-58.610531,-34.460764],[-58.610421,-34.460705],[-58.610224,-34.460957],[-58.610336,-34.461013]]]}},{"type":"Feature","properties":{"partida":"057060189","cca":"057020P00000000000000000000001740000022000","tipo":"Urbano","sup_m2":398.6},"geometry":{"type":"Polygon","coordinates":[[[-58.610311,-34.460646],[-58.610115,-34.460898],[-58.610224,-34.460957],[-58.610421,-34.460705],[-58.610311,-34.460646]]]}},{"type":"Feature","properties":{"partida":"057060190","cca":"057020P00000000000000000000001740000023000","tipo":"Urbano","sup_m2":399.6},"geometry":{"type":"Polygon","coordinates":[[[-58.610202,-34.460587],[-58.610005,-34.46084],[-58.610115,-34.460898],[-58.610311,-34.460646],[-58.610202,-34.460587]]]}},{"type":"Feature","properties":{"partida":"057060191","cca":"057020P00000000000000000000001740000024000","tipo":"Urbano","sup_m2":401.3},"geometry":{"type":"Polygon","coordinates":[[[-58.610005,-34.46084],[-58.610202,-34.460587],[-58.610092,-34.460528],[-58.609894,-34.460782],[-58.610005,-34.46084]]]}},{"type":"Feature","properties":{"partida":"057027989","cca":"057020P00000000000000000000001760000001000","tipo":"Urbano","sup_m2":436.8},"geometry":{"type":"Polygon","coordinates":[[[-58.611681,-34.459991],[-58.611876,-34.459739],[-58.61179,-34.459694],[-58.611726,-34.459705],[-58.611561,-34.459923],[-58.611681,-34.459991]]]}},{"type":"Feature","properties":{"partida":"057045018","cca":"057020P00000000000000000000001760000002000","tipo":"Urbano","sup_m2":440.2},"geometry":{"type":"Polygon","coordinates":[[[-58.611825,-34.460196],[-58.611895,-34.460103],[-58.611681,-34.459991],[-58.611561,-34.459923],[-58.611489,-34.460014],[-58.611825,-34.460196]]]}},{"type":"Feature","properties":{"partida":"057045019","cca":"057020P00000000000000000000001760000003000","tipo":"Urbano","sup_m2":453.7},"geometry":{"type":"Polygon","coordinates":[[[-58.611755,-34.460289],[-58.611825,-34.460196],[-58.611489,-34.460014],[-58.611418,-34.46011],[-58.611755,-34.460289]]]}},{"type":"Feature","properties":{"partida":"057045020","cca":"057020P00000000000000000000001760000004000","tipo":"Urbano","sup_m2":435.6},"geometry":{"type":"Polygon","coordinates":[[[-58.611683,-34.460378],[-58.611755,-34.460289],[-58.611418,-34.46011],[-58.611348,-34.460199],[-58.611683,-34.460378]]]}},{"type":"Feature","properties":{"partida":"057045021","cca":"057020P00000000000000000000001760000005000","tipo":"Urbano","sup_m2":427.3},"geometry":{"type":"Polygon","coordinates":[[[-58.611348,-34.460199],[-58.611278,-34.460288],[-58.611616,-34.460466],[-58.611683,-34.460378],[-58.611348,-34.460199]]]}},{"type":"Feature","properties":{"partida":"057045022","cca":"057020P00000000000000000000001760000006000","tipo":"Urbano","sup_m2":439.2},"geometry":{"type":"Polygon","coordinates":[[[-58.611208,-34.460377],[-58.611544,-34.460557],[-58.611616,-34.460466],[-58.611278,-34.460288],[-58.611208,-34.460377]]]}},{"type":"Feature","properties":{"partida":"057045023","cca":"057020P00000000000000000000001760000007000","tipo":"Urbano","sup_m2":427.5},"geometry":{"type":"Polygon","coordinates":[[[-58.611544,-34.460557],[-58.611208,-34.460377],[-58.611139,-34.460465],[-58.611476,-34.460645],[-58.611544,-34.460557]]]}},{"type":"Feature","properties":{"partida":"057045024","cca":"057020P00000000000000000000001760000008000","tipo":"Urbano","sup_m2":448.3},"geometry":{"type":"Polygon","coordinates":[[[-58.611068,-34.460558],[-58.611406,-34.460738],[-58.611476,-34.460645],[-58.611139,-34.460465],[-58.611068,-34.460558]]]}},{"type":"Feature","properties":{"partida":"057045025","cca":"057020P0000000000000000000000176000000900A","tipo":"Urbano","sup_m2":215.5},"geometry":{"type":"Polygon","coordinates":[[[-58.611005,-34.460637],[-58.611195,-34.460736],[-58.611257,-34.460657],[-58.611068,-34.460558],[-58.611005,-34.460637]]]}},{"type":"Feature","properties":{"partida":"057075134","cca":"057020P0000000000000000000000176000000900B","tipo":"Urbano","sup_m2":207.9},"geometry":{"type":"Polygon","coordinates":[[[-58.611136,-34.460814],[-58.611195,-34.460736],[-58.611005,-34.460637],[-58.610947,-34.460713],[-58.611136,-34.460814]]]}},{"type":"Feature","properties":{"partida":"057045026","cca":"057020P0000000000000000000000176000001000A","tipo":"Urbano","sup_m2":257.4},"geometry":{"type":"Polygon","coordinates":[[[-58.611136,-34.460814],[-58.610947,-34.460713],[-58.610894,-34.460781],[-58.610903,-34.460829],[-58.611061,-34.460909],[-58.611136,-34.460814]]]}},{"type":"Feature","properties":{"partida":"057075135","cca":"057020P0000000000000000000000176000001000B","tipo":"Urbano","sup_m2":326.9},"geometry":{"type":"Polygon","coordinates":[[[-58.611151,-34.460957],[-58.611347,-34.460706],[-58.611257,-34.460657],[-58.611061,-34.460909],[-58.611151,-34.460957]]]}},{"type":"Feature","properties":{"partida":"057045027","cca":"057020P0000000000000000000000176000001100A","tipo":"Urbano","sup_m2":338.3},"geometry":{"type":"Polygon","coordinates":[[[-58.611439,-34.460757],[-58.611347,-34.460706],[-58.611151,-34.460957],[-58.611246,-34.461007],[-58.611439,-34.460757]]]}},{"type":"Feature","properties":{"partida":"057045028","cca":"057020P0000000000000000000000176000001200A","tipo":"Urbano","sup_m2":327.5},"geometry":{"type":"Polygon","coordinates":[[[-58.611246,-34.461007],[-58.611339,-34.461055],[-58.611528,-34.460805],[-58.611439,-34.460757],[-58.611246,-34.461007]]]}},{"type":"Feature","properties":{"partida":"057045029","cca":"057020P0000000000000000000000176000001300A","tipo":"Urbano","sup_m2":326.8},"geometry":{"type":"Polygon","coordinates":[[[-58.611622,-34.460855],[-58.611528,-34.460805],[-58.611339,-34.461055],[-58.611428,-34.461103],[-58.611622,-34.460855]]]}},{"type":"Feature","properties":{"partida":"057045030","cca":"057020P0000000000000000000000176000001400A","tipo":"Urbano","sup_m2":413.8},"geometry":{"type":"Polygon","coordinates":[[[-58.611622,-34.460855],[-58.611428,-34.461103],[-58.611516,-34.461149],[-58.611567,-34.461139],[-58.611739,-34.460916],[-58.611622,-34.460855]]]}},{"type":"Feature","properties":{"partida":"057045031","cca":"057020P00000000000000000000001760000015000","tipo":"Urbano","sup_m2":446.1},"geometry":{"type":"Polygon","coordinates":[[[-58.611811,-34.460827],[-58.611476,-34.460645],[-58.611406,-34.460738],[-58.611622,-34.460855],[-58.611739,-34.460916],[-58.611811,-34.460827]]]}},{"type":"Feature","properties":{"partida":"057045032","cca":"057020P00000000000000000000001760000016000","tipo":"Urbano","sup_m2":429.4},"geometry":{"type":"Polygon","coordinates":[[[-58.61188,-34.460736],[-58.611544,-34.460557],[-58.611476,-34.460645],[-58.611811,-34.460827],[-58.61188,-34.460736]]]}},{"type":"Feature","properties":{"partida":"057045033","cca":"057020P00000000000000000000001760000017000","tipo":"Urbano","sup_m2":449.1},"geometry":{"type":"Polygon","coordinates":[[[-58.611953,-34.460642],[-58.611616,-34.460466],[-58.611544,-34.460557],[-58.61188,-34.460736],[-58.611953,-34.460642]]]}},{"type":"Feature","properties":{"partida":"057045034","cca":"057020P00000000000000000000001760000018000","tipo":"Urbano","sup_m2":417.1},"geometry":{"type":"Polygon","coordinates":[[[-58.612019,-34.460557],[-58.611683,-34.460378],[-58.611616,-34.460466],[-58.611953,-34.460642],[-58.612019,-34.460557]]]}},{"type":"Feature","properties":{"partida":"057045035","cca":"057020P00000000000000000000001760000019000","tipo":"Urbano","sup_m2":431.1},"geometry":{"type":"Polygon","coordinates":[[[-58.612086,-34.460467],[-58.611755,-34.460289],[-58.611683,-34.460378],[-58.612019,-34.460557],[-58.612086,-34.460467]]]}},{"type":"Feature","properties":{"partida":"057045036","cca":"057020P00000000000000000000001760000020000","tipo":"Urbano","sup_m2":450.1},"geometry":{"type":"Polygon","coordinates":[[[-58.612163,-34.460373],[-58.611825,-34.460196],[-58.611755,-34.460289],[-58.612086,-34.460467],[-58.612163,-34.460373]]]}},{"type":"Feature","properties":{"partida":"057045037","cca":"057020P00000000000000000000001760000021000","tipo":"Urbano","sup_m2":448.2},"geometry":{"type":"Polygon","coordinates":[[[-58.612113,-34.46022],[-58.611895,-34.460103],[-58.611825,-34.460196],[-58.612163,-34.460373],[-58.612236,-34.46028],[-58.612113,-34.46022]]]}},{"type":"Feature","properties":{"partida":"057045038","cca":"057020P00000000000000000000001760000022000","tipo":"Urbano","sup_m2":426.2},"geometry":{"type":"Polygon","coordinates":[[[-58.612113,-34.46022],[-58.612236,-34.46028],[-58.612405,-34.460057],[-58.612393,-34.46001],[-58.612308,-34.459966],[-58.612113,-34.46022]]]}},{"type":"Feature","properties":{"partida":"057045039","cca":"057020P00000000000000000000001760000023000","tipo":"Urbano","sup_m2":406.8},"geometry":{"type":"Polygon","coordinates":[[[-58.612113,-34.46022],[-58.612308,-34.459966],[-58.612197,-34.459906],[-58.612002,-34.460158],[-58.612113,-34.46022]]]}},{"type":"Feature","properties":{"partida":"057045040","cca":"057020P00000000000000000000001760000024000","tipo":"Urbano","sup_m2":386.8},"geometry":{"type":"Polygon","coordinates":[[[-58.61209,-34.45985],[-58.611895,-34.460103],[-58.612002,-34.460158],[-58.612197,-34.459906],[-58.61209,-34.45985]]]}},{"type":"Feature","properties":{"partida":"057045041","cca":"057020P00000000000000000000001760000025000","tipo":"Urbano","sup_m2":374.6},"geometry":{"type":"Polygon","coordinates":[[[-58.61209,-34.45985],[-58.611986,-34.459796],[-58.611792,-34.460049],[-58.611895,-34.460103],[-58.61209,-34.45985]]]}},{"type":"Feature","properties":{"partida":"057045042","cca":"057020P00000000000000000000001760000026000","tipo":"Urbano","sup_m2":397.7},"geometry":{"type":"Polygon","coordinates":[[[-58.611876,-34.459739],[-58.611681,-34.459991],[-58.611792,-34.460049],[-58.611986,-34.459796],[-58.611876,-34.459739]]]}},{"type":"Feature","properties":{"partida":"057027990","cca":"057020P00000000000000000000001770000001000","tipo":"Urbano","sup_m2":413.6},"geometry":{"type":"Polygon","coordinates":[[[-58.610712,-34.461217],[-58.610907,-34.46096],[-58.610831,-34.460918],[-58.610766,-34.460935],[-58.610597,-34.461154],[-58.610712,-34.461217]]]}},{"type":"Feature","properties":{"partida":"057045043","cca":"057020P00000000000000000000001770000002000","tipo":"Urbano","sup_m2":440.6},"geometry":{"type":"Polygon","coordinates":[[[-58.610866,-34.461428],[-58.610933,-34.461337],[-58.610597,-34.461154],[-58.610526,-34.461244],[-58.610866,-34.461428]]]}},{"type":"Feature","properties":{"partida":"057045044","cca":"057020P00000000000000000000001770000003000","tipo":"Urbano","sup_m2":448.5},"geometry":{"type":"Polygon","coordinates":[[[-58.610866,-34.461428],[-58.610526,-34.461244],[-58.610454,-34.461334],[-58.610795,-34.461519],[-58.610866,-34.461428]]]}},{"type":"Feature","properties":{"partida":"057045045","cca":"057020P00000000000000000000001770000004000","tipo":"Urbano","sup_m2":447.9},"geometry":{"type":"Polygon","coordinates":[[[-58.610721,-34.461608],[-58.610795,-34.461519],[-58.610454,-34.461334],[-58.610382,-34.461425],[-58.610721,-34.461608]]]}},{"type":"Feature","properties":{"partida":"057045046","cca":"057020P00000000000000000000001770000005000","tipo":"Urbano","sup_m2":596.3},"geometry":{"type":"Polygon","coordinates":[[[-58.610628,-34.461729],[-58.610721,-34.461608],[-58.610382,-34.461425],[-58.610287,-34.461546],[-58.610628,-34.461729]]]}},{"type":"Feature","properties":{"partida":"057045047","cca":"057020P00000000000000000000001770000016000","tipo":"Urbano","sup_m2":579.1},"geometry":{"type":"Polygon","coordinates":[[[-58.610721,-34.461608],[-58.610628,-34.461729],[-58.610956,-34.461907],[-58.611053,-34.461787],[-58.610721,-34.461608]]]}},{"type":"Feature","properties":{"partida":"057045048","cca":"057020P00000000000000000000001770000017000","tipo":"Urbano","sup_m2":437.5},"geometry":{"type":"Polygon","coordinates":[[[-58.611128,-34.461698],[-58.610795,-34.461519],[-58.610721,-34.461608],[-58.611053,-34.461787],[-58.611128,-34.461698]]]}},{"type":"Feature","properties":{"partida":"057045049","cca":"057020P00000000000000000000001770000018000","tipo":"Urbano","sup_m2":437.6},"geometry":{"type":"Polygon","coordinates":[[[-58.611199,-34.461608],[-58.610866,-34.461428],[-58.610795,-34.461519],[-58.611128,-34.461698],[-58.611199,-34.461608]]]}},{"type":"Feature","properties":{"partida":"057045050","cca":"057020P00000000000000000000001770000019000","tipo":"Urbano","sup_m2":441.7},"geometry":{"type":"Polygon","coordinates":[[[-58.61127,-34.461517],[-58.611042,-34.461393],[-58.610933,-34.461337],[-58.610866,-34.461428],[-58.611199,-34.461608],[-58.61127,-34.461517]]]}},{"type":"Feature","properties":{"partida":"057045051","cca":"057020P00000000000000000000001770000020000","tipo":"Urbano","sup_m2":427.0},"geometry":{"type":"Polygon","coordinates":[[[-58.611152,-34.461452],[-58.61127,-34.461517],[-58.611442,-34.461304],[-58.611427,-34.461244],[-58.611348,-34.461202],[-58.611152,-34.461452]]]}},{"type":"Feature","properties":{"partida":"057045052","cca":"057020P00000000000000000000001770000021000","tipo":"Urbano","sup_m2":410.2},"geometry":{"type":"Polygon","coordinates":[[[-58.611348,-34.461202],[-58.611233,-34.461138],[-58.611042,-34.461393],[-58.611152,-34.461452],[-58.611348,-34.461202]]]}},{"type":"Feature","properties":{"partida":"057045053","cca":"057020P00000000000000000000001770000022000","tipo":"Urbano","sup_m2":379.3},"geometry":{"type":"Polygon","coordinates":[[[-58.611133,-34.461085],[-58.610933,-34.461337],[-58.611042,-34.461393],[-58.611233,-34.461138],[-58.611133,-34.461085]]]}},{"type":"Feature","properties":{"partida":"057045054","cca":"057020P00000000000000000000001770000023000","tipo":"Urbano","sup_m2":389.9},"geometry":{"type":"Polygon","coordinates":[[[-58.611023,-34.461027],[-58.61083,-34.461281],[-58.610933,-34.461337],[-58.611133,-34.461085],[-58.611023,-34.461027]]]}},{"type":"Feature","properties":{"partida":"057045055","cca":"057020P00000000000000000000001770000024000","tipo":"Urbano","sup_m2":434.8},"geometry":{"type":"Polygon","coordinates":[[[-58.61083,-34.461281],[-58.611023,-34.461027],[-58.610907,-34.46096],[-58.610712,-34.461217],[-58.61083,-34.461281]]]}},{"type":"Feature","properties":{"partida":"057027986","cca":"057020P00000000000000000000001780000001000","tipo":"Urbano","sup_m2":435.7},"geometry":{"type":"Polygon","coordinates":[[[-58.613472,-34.459165],[-58.613667,-34.458917],[-58.613582,-34.458871],[-58.613518,-34.458881],[-58.613351,-34.459099],[-58.613472,-34.459165]]]}},{"type":"Feature","properties":{"partida":"057060197","cca":"057020P00000000000000000000001780000002000","tipo":"Urbano","sup_m2":442.0},"geometry":{"type":"Polygon","coordinates":[[[-58.613684,-34.45928],[-58.613351,-34.459099],[-58.613278,-34.459189],[-58.613614,-34.459371],[-58.613684,-34.45928]]]}},{"type":"Feature","properties":{"partida":"057060198","cca":"057020P00000000000000000000001780000003000","tipo":"Urbano","sup_m2":442.5},"geometry":{"type":"Polygon","coordinates":[[[-58.613209,-34.45928],[-58.613545,-34.459463],[-58.613614,-34.459371],[-58.613278,-34.459189],[-58.613209,-34.45928]]]}},{"type":"Feature","properties":{"partida":"057060199","cca":"057020P00000000000000000000001780000004000","tipo":"Urbano","sup_m2":442.3},"geometry":{"type":"Polygon","coordinates":[[[-58.613471,-34.459552],[-58.613545,-34.459463],[-58.613209,-34.45928],[-58.613137,-34.45937],[-58.613471,-34.459552]]]}},{"type":"Feature","properties":{"partida":"057060200","cca":"057020P00000000000000000000001780000005000","tipo":"Urbano","sup_m2":443.0},"geometry":{"type":"Polygon","coordinates":[[[-58.613137,-34.45937],[-58.613064,-34.45946],[-58.6134,-34.459643],[-58.613471,-34.459552],[-58.613137,-34.45937]]]}},{"type":"Feature","properties":{"partida":"057060201","cca":"057020P00000000000000000000001780000006000","tipo":"Urbano","sup_m2":446.6},"geometry":{"type":"Polygon","coordinates":[[[-58.613327,-34.459734],[-58.6134,-34.459643],[-58.613064,-34.45946],[-58.612992,-34.459551],[-58.613327,-34.459734]]]}},{"type":"Feature","properties":{"partida":"057060202","cca":"057020P00000000000000000000001780000007000","tipo":"Urbano","sup_m2":429.4},"geometry":{"type":"Polygon","coordinates":[[[-58.613258,-34.459822],[-58.613327,-34.459734],[-58.612992,-34.459551],[-58.612922,-34.45964],[-58.613258,-34.459822]]]}},{"type":"Feature","properties":{"partida":"057060203","cca":"057020P00000000000000000000001780000008000","tipo":"Urbano","sup_m2":458.4},"geometry":{"type":"Polygon","coordinates":[[[-58.612971,-34.4598],[-58.613187,-34.459915],[-58.613258,-34.459822],[-58.612922,-34.45964],[-58.61285,-34.459732],[-58.612971,-34.4598]]]}},{"type":"Feature","properties":{"partida":"057060204","cca":"057020P00000000000000000000001780000009000","tipo":"Urbano","sup_m2":446.8},"geometry":{"type":"Polygon","coordinates":[[[-58.612971,-34.4598],[-58.61285,-34.459732],[-58.612669,-34.459956],[-58.612682,-34.459998],[-58.612775,-34.46005],[-58.612971,-34.4598]]]}},{"type":"Feature","properties":{"partida":"057060205","cca":"057020P00000000000000000000001780000010000","tipo":"Urbano","sup_m2":395.2},"geometry":{"type":"Polygon","coordinates":[[[-58.613081,-34.45986],[-58.612971,-34.4598],[-58.612775,-34.46005],[-58.612885,-34.460107],[-58.613081,-34.45986]]]}},{"type":"Feature","properties":{"partida":"057060206","cca":"057020P00000000000000000000001780000011000","tipo":"Urbano","sup_m2":377.0},"geometry":{"type":"Polygon","coordinates":[[[-58.61299,-34.460163],[-58.613187,-34.459915],[-58.613081,-34.45986],[-58.612885,-34.460107],[-58.61299,-34.460163]]]}},{"type":"Feature","properties":{"partida":"057060207","cca":"057020P00000000000000000000001780000012000","tipo":"Urbano","sup_m2":383.5},"geometry":{"type":"Polygon","coordinates":[[[-58.613293,-34.459974],[-58.613187,-34.459915],[-58.61299,-34.460163],[-58.613096,-34.46022],[-58.613293,-34.459974]]]}},{"type":"Feature","properties":{"partida":"057060208","cca":"057020P00000000000000000000001780000013000","tipo":"Urbano","sup_m2":394.7},"geometry":{"type":"Polygon","coordinates":[[[-58.613402,-34.460034],[-58.613293,-34.459974],[-58.613096,-34.46022],[-58.613205,-34.46028],[-58.613402,-34.460034]]]}},{"type":"Feature","properties":{"partida":"057060209","cca":"057020P00000000000000000000001780000014000","tipo":"Urbano","sup_m2":415.5},"geometry":{"type":"Polygon","coordinates":[[[-58.613402,-34.460034],[-58.613205,-34.46028],[-58.613293,-34.460327],[-58.613344,-34.460317],[-58.613519,-34.460095],[-58.613402,-34.460034]]]}},{"type":"Feature","properties":{"partida":"057060210","cca":"057020P00000000000000000000001780000015000","tipo":"Urbano","sup_m2":447.1},"geometry":{"type":"Polygon","coordinates":[[[-58.613402,-34.460034],[-58.613519,-34.460095],[-58.613592,-34.460006],[-58.613258,-34.459822],[-58.613187,-34.459915],[-58.613402,-34.460034]]]}},{"type":"Feature","properties":{"partida":"057060211","cca":"057020P00000000000000000000001780000016000","tipo":"Urbano","sup_m2":431.4},"geometry":{"type":"Polygon","coordinates":[[[-58.613661,-34.459916],[-58.613327,-34.459734],[-58.613258,-34.459822],[-58.613592,-34.460006],[-58.613661,-34.459916]]]}},{"type":"Feature","properties":{"partida":"057060212","cca":"057020P00000000000000000000001780000017000","tipo":"Urbano","sup_m2":450.9},"geometry":{"type":"Polygon","coordinates":[[[-58.613736,-34.459822],[-58.6134,-34.459643],[-58.613327,-34.459734],[-58.613661,-34.459916],[-58.613736,-34.459822]]]}},{"type":"Feature","properties":{"partida":"057060213","cca":"057020P00000000000000000000001780000018000","tipo":"Urbano","sup_m2":437.0},"geometry":{"type":"Polygon","coordinates":[[[-58.613805,-34.459733],[-58.613471,-34.459552],[-58.6134,-34.459643],[-58.613736,-34.459822],[-58.613805,-34.459733]]]}},{"type":"Feature","properties":{"partida":"057060214","cca":"057020P00000000000000000000001780000019000","tipo":"Urbano","sup_m2":438.6},"geometry":{"type":"Polygon","coordinates":[[[-58.613875,-34.459642],[-58.613545,-34.459463],[-58.613471,-34.459552],[-58.613805,-34.459733],[-58.613875,-34.459642]]]}},{"type":"Feature","properties":{"partida":"057060215","cca":"057020P00000000000000000000001780000020000","tipo":"Urbano","sup_m2":438.1},"geometry":{"type":"Polygon","coordinates":[[[-58.61395,-34.459553],[-58.613614,-34.459371],[-58.613545,-34.459463],[-58.613875,-34.459642],[-58.61395,-34.459553]]]}},{"type":"Feature","properties":{"partida":"057060216","cca":"057020P00000000000000000000001780000021000","tipo":"Urbano","sup_m2":444.5},"geometry":{"type":"Polygon","coordinates":[[[-58.614022,-34.459463],[-58.613684,-34.45928],[-58.613614,-34.459371],[-58.61395,-34.459553],[-58.614022,-34.459463]]]}},{"type":"Feature","properties":{"partida":"057060217","cca":"057020P00000000000000000000001780000022000","tipo":"Urbano","sup_m2":427.2},"geometry":{"type":"Polygon","coordinates":[[[-58.613902,-34.459398],[-58.614022,-34.459463],[-58.614195,-34.459239],[-58.614183,-34.459192],[-58.614099,-34.459147],[-58.613902,-34.459398]]]}},{"type":"Feature","properties":{"partida":"057060218","cca":"057020P00000000000000000000001780000023000","tipo":"Urbano","sup_m2":406.7},"geometry":{"type":"Polygon","coordinates":[[[-58.614099,-34.459147],[-58.613987,-34.459086],[-58.61379,-34.459337],[-58.613902,-34.459398],[-58.614099,-34.459147]]]}},{"type":"Feature","properties":{"partida":"057060219","cca":"057020P00000000000000000000001780000024000","tipo":"Urbano","sup_m2":387.3},"geometry":{"type":"Polygon","coordinates":[[[-58.613684,-34.45928],[-58.61379,-34.459337],[-58.613987,-34.459086],[-58.61388,-34.459029],[-58.613684,-34.45928]]]}},{"type":"Feature","properties":{"partida":"057060220","cca":"057020P00000000000000000000001780000025000","tipo":"Urbano","sup_m2":372.8},"geometry":{"type":"Polygon","coordinates":[[[-58.613582,-34.459224],[-58.613684,-34.45928],[-58.61388,-34.459029],[-58.613777,-34.458974],[-58.613582,-34.459224]]]}},{"type":"Feature","properties":{"partida":"057060221","cca":"057020P00000000000000000000001780000026000","tipo":"Urbano","sup_m2":394.7},"geometry":{"type":"Polygon","coordinates":[[[-58.613777,-34.458974],[-58.613667,-34.458917],[-58.613472,-34.459165],[-58.613582,-34.459224],[-58.613777,-34.458974]]]}},{"type":"Feature","properties":{"partida":"057027987","cca":"057020P00000000000000000000001790000001000","tipo":"Urbano","sup_m2":438.7},"geometry":{"type":"Polygon","coordinates":[[[-58.612503,-34.460423],[-58.612701,-34.460171],[-58.612615,-34.460126],[-58.612551,-34.460136],[-58.612383,-34.460354],[-58.612503,-34.460423]]]}},{"type":"Feature","properties":{"partida":"057044980","cca":"057020P00000000000000000000001790000002000","tipo":"Urbano","sup_m2":442.1},"geometry":{"type":"Polygon","coordinates":[[[-58.612716,-34.460536],[-58.612503,-34.460423],[-58.612383,-34.460354],[-58.61231,-34.460445],[-58.612645,-34.460629],[-58.612716,-34.460536]]]}},{"type":"Feature","properties":{"partida":"057044981","cca":"057020P00000000000000000000001790000003000","tipo":"Urbano","sup_m2":455.7},"geometry":{"type":"Polygon","coordinates":[[[-58.612574,-34.460722],[-58.612645,-34.460629],[-58.61231,-34.460445],[-58.612238,-34.46054],[-58.612574,-34.460722]]]}},{"type":"Feature","properties":{"partida":"057044982","cca":"057020P00000000000000000000001790000004000","tipo":"Urbano","sup_m2":437.4},"geometry":{"type":"Polygon","coordinates":[[[-58.612167,-34.460629],[-58.6125,-34.460811],[-58.612574,-34.460722],[-58.612238,-34.46054],[-58.612167,-34.460629]]]}},{"type":"Feature","properties":{"partida":"057044983","cca":"057020P00000000000000000000001790000005000","tipo":"Urbano","sup_m2":429.2},"geometry":{"type":"Polygon","coordinates":[[[-58.612096,-34.460717],[-58.612433,-34.460898],[-58.6125,-34.460811],[-58.612167,-34.460629],[-58.612096,-34.460717]]]}},{"type":"Feature","properties":{"partida":"057044984","cca":"057020P00000000000000000000001790000006000","tipo":"Urbano","sup_m2":441.1},"geometry":{"type":"Polygon","coordinates":[[[-58.61236,-34.460989],[-58.612433,-34.460898],[-58.612096,-34.460717],[-58.612025,-34.460806],[-58.61236,-34.460989]]]}},{"type":"Feature","properties":{"partida":"057044985","cca":"057020P00000000000000000000001790000007000","tipo":"Urbano","sup_m2":440.4},"geometry":{"type":"Polygon","coordinates":[[[-58.612289,-34.461079],[-58.61236,-34.460989],[-58.612025,-34.460806],[-58.611953,-34.460897],[-58.612289,-34.461079]]]}},{"type":"Feature","properties":{"partida":"057044986","cca":"057020P00000000000000000000001790000008000","tipo":"Urbano","sup_m2":458.3},"geometry":{"type":"Polygon","coordinates":[[[-58.612112,-34.461117],[-58.612218,-34.461172],[-58.612289,-34.461079],[-58.611953,-34.460897],[-58.611881,-34.460989],[-58.612112,-34.461117]]]}},{"type":"Feature","properties":{"partida":"057044987","cca":"057020P00000000000000000000001790000009000","tipo":"Urbano","sup_m2":451.1},"geometry":{"type":"Polygon","coordinates":[[[-58.612002,-34.461057],[-58.611881,-34.460989],[-58.611698,-34.461215],[-58.611711,-34.461257],[-58.611804,-34.461309],[-58.612002,-34.461057]]]}},{"type":"Feature","properties":{"partida":"057044988","cca":"057020P00000000000000000000001790000010000","tipo":"Urbano","sup_m2":398.6},"geometry":{"type":"Polygon","coordinates":[[[-58.611914,-34.461366],[-58.612112,-34.461117],[-58.612002,-34.461057],[-58.611804,-34.461309],[-58.611914,-34.461366]]]}},{"type":"Feature","properties":{"partida":"057044989","cca":"057020P00000000000000000000001790000011000","tipo":"Urbano","sup_m2":380.6},"geometry":{"type":"Polygon","coordinates":[[[-58.611914,-34.461366],[-58.61202,-34.461422],[-58.612218,-34.461172],[-58.612112,-34.461117],[-58.611914,-34.461366]]]}},{"type":"Feature","properties":{"partida":"057044990","cca":"057020P00000000000000000000001790000012000","tipo":"Urbano","sup_m2":387.0},"geometry":{"type":"Polygon","coordinates":[[[-58.612125,-34.46148],[-58.612324,-34.461231],[-58.612218,-34.461172],[-58.61202,-34.461422],[-58.612125,-34.46148]]]}},{"type":"Feature","properties":{"partida":"057044991","cca":"057020P00000000000000000000001790000013000","tipo":"Urbano","sup_m2":398.3},"geometry":{"type":"Polygon","coordinates":[[[-58.612324,-34.461231],[-58.612125,-34.46148],[-58.612235,-34.46154],[-58.612433,-34.461291],[-58.612324,-34.461231]]]}},{"type":"Feature","properties":{"partida":"057044992","cca":"057020P00000000000000000000001790000014000","tipo":"Urbano","sup_m2":419.4},"geometry":{"type":"Polygon","coordinates":[[[-58.61255,-34.461352],[-58.612433,-34.461291],[-58.612235,-34.46154],[-58.612323,-34.461587],[-58.612374,-34.461576],[-58.61255,-34.461352]]]}},{"type":"Feature","properties":{"partida":"057044993","cca":"057020P00000000000000000000001790000015000","tipo":"Urbano","sup_m2":447.2},"geometry":{"type":"Polygon","coordinates":[[[-58.612623,-34.461263],[-58.612289,-34.461079],[-58.612218,-34.461172],[-58.61255,-34.461352],[-58.612623,-34.461263]]]}},{"type":"Feature","properties":{"partida":"057044994","cca":"057020P00000000000000000000001790000016000","tipo":"Urbano","sup_m2":442.5},"geometry":{"type":"Polygon","coordinates":[[[-58.612289,-34.461079],[-58.612623,-34.461263],[-58.612694,-34.461171],[-58.61236,-34.460989],[-58.612289,-34.461079]]]}},{"type":"Feature","properties":{"partida":"057044995","cca":"057020P00000000000000000000001790000017000","tipo":"Urbano","sup_m2":450.9},"geometry":{"type":"Polygon","coordinates":[[[-58.612769,-34.461077],[-58.612433,-34.460898],[-58.61236,-34.460989],[-58.612694,-34.461171],[-58.612769,-34.461077]]]}},{"type":"Feature","properties":{"partida":"057044996","cca":"057020P00000000000000000000001790000018000","tipo":"Urbano","sup_m2":418.8},"geometry":{"type":"Polygon","coordinates":[[[-58.612835,-34.460992],[-58.6125,-34.460811],[-58.612433,-34.460898],[-58.612769,-34.461077],[-58.612835,-34.460992]]]}},{"type":"Feature","properties":{"partida":"057044997","cca":"057020P00000000000000000000001790000019000","tipo":"Urbano","sup_m2":433.1},"geometry":{"type":"Polygon","coordinates":[[[-58.612904,-34.460902],[-58.612574,-34.460722],[-58.6125,-34.460811],[-58.612835,-34.460992],[-58.612904,-34.460902]]]}},{"type":"Feature","properties":{"partida":"057044998","cca":"057020P00000000000000000000001790000020000","tipo":"Urbano","sup_m2":452.2},"geometry":{"type":"Polygon","coordinates":[[[-58.612645,-34.460629],[-58.612574,-34.460722],[-58.612904,-34.460902],[-58.612982,-34.460809],[-58.612645,-34.460629]]]}},{"type":"Feature","properties":{"partida":"057044999","cca":"057020P00000000000000000000001790000021000","tipo":"Urbano","sup_m2":450.4},"geometry":{"type":"Polygon","coordinates":[[[-58.613056,-34.460716],[-58.612934,-34.460655],[-58.612716,-34.460536],[-58.612645,-34.460629],[-58.612982,-34.460809],[-58.613056,-34.460716]]]}},{"type":"Feature","properties":{"partida":"057045000","cca":"057020P00000000000000000000001790000022000","tipo":"Urbano","sup_m2":428.0},"geometry":{"type":"Polygon","coordinates":[[[-58.612934,-34.460655],[-58.613056,-34.460716],[-58.613228,-34.460494],[-58.613216,-34.460447],[-58.613132,-34.460402],[-58.612934,-34.460655]]]}},{"type":"Feature","properties":{"partida":"057045001","cca":"057020P00000000000000000000001790000023000","tipo":"Urbano","sup_m2":408.9},"geometry":{"type":"Polygon","coordinates":[[[-58.613132,-34.460402],[-58.61302,-34.460341],[-58.612823,-34.460593],[-58.612934,-34.460655],[-58.613132,-34.460402]]]}},{"type":"Feature","properties":{"partida":"057045002","cca":"057020P00000000000000000000001790000024000","tipo":"Urbano","sup_m2":388.3},"geometry":{"type":"Polygon","coordinates":[[[-58.612913,-34.460284],[-58.612716,-34.460536],[-58.612823,-34.460593],[-58.61302,-34.460341],[-58.612913,-34.460284]]]}},{"type":"Feature","properties":{"partida":"057045003","cca":"057020P00000000000000000000001790000025000","tipo":"Urbano","sup_m2":376.0},"geometry":{"type":"Polygon","coordinates":[[[-58.612613,-34.460481],[-58.612716,-34.460536],[-58.612913,-34.460284],[-58.61281,-34.460229],[-58.612613,-34.460481]]]}},{"type":"Feature","properties":{"partida":"057045004","cca":"057020P00000000000000000000001790000026000","tipo":"Urbano","sup_m2":399.5},"geometry":{"type":"Polygon","coordinates":[[[-58.61281,-34.460229],[-58.612701,-34.460171],[-58.612503,-34.460423],[-58.612613,-34.460481],[-58.61281,-34.460229]]]}},{"type":"Feature","properties":{"partida":"057027988","cca":"057020P00000000000000000000001800000001000","tipo":"Urbano","sup_m2":426.3},"geometry":{"type":"Polygon","coordinates":[[[-58.611523,-34.461665],[-58.611721,-34.461403],[-58.611643,-34.461361],[-58.611578,-34.461378],[-58.611407,-34.4616],[-58.611523,-34.461665]]]}},{"type":"Feature","properties":{"partida":"057045005","cca":"057020P00000000000000000000001800000002000","tipo":"Urbano","sup_m2":468.6},"geometry":{"type":"Polygon","coordinates":[[[-58.611747,-34.461786],[-58.611407,-34.4616],[-58.611331,-34.461695],[-58.611677,-34.461881],[-58.611747,-34.461786]]]}},{"type":"Feature","properties":{"partida":"057045006","cca":"057020P00000000000000000000001800000003000","tipo":"Urbano","sup_m2":464.1},"geometry":{"type":"Polygon","coordinates":[[[-58.611605,-34.461973],[-58.611677,-34.461881],[-58.611331,-34.461695],[-58.611258,-34.461788],[-58.611605,-34.461973]]]}},{"type":"Feature","properties":{"partida":"057045007","cca":"057020P00000000000000000000001800000004000","tipo":"Urbano","sup_m2":462.0},"geometry":{"type":"Polygon","coordinates":[[[-58.611533,-34.462064],[-58.611605,-34.461973],[-58.611258,-34.461788],[-58.611185,-34.46188],[-58.611533,-34.462064]]]}},{"type":"Feature","properties":{"partida":"057045008","cca":"057020P00000000000000000000001800000005000","tipo":"Urbano","sup_m2":551.5},"geometry":{"type":"Polygon","coordinates":[[[-58.611446,-34.462174],[-58.611533,-34.462064],[-58.611185,-34.46188],[-58.611099,-34.461989],[-58.611446,-34.462174]]]}},{"type":"Feature","properties":{"partida":"057045009","cca":"057020P00000000000000000000001800000016000","tipo":"Urbano","sup_m2":541.9},"geometry":{"type":"Polygon","coordinates":[[[-58.611533,-34.462064],[-58.611446,-34.462174],[-58.61178,-34.462355],[-58.61187,-34.462244],[-58.611533,-34.462064]]]}},{"type":"Feature","properties":{"partida":"057045010","cca":"057020P00000000000000000000001800000017000","tipo":"Urbano","sup_m2":446.9},"geometry":{"type":"Polygon","coordinates":[[[-58.611944,-34.462154],[-58.611605,-34.461973],[-58.611533,-34.462064],[-58.61187,-34.462244],[-58.611944,-34.462154]]]}},{"type":"Feature","properties":{"partida":"057045011","cca":"057020P00000000000000000000001800000018000","tipo":"Urbano","sup_m2":453.5},"geometry":{"type":"Polygon","coordinates":[[[-58.612018,-34.462061],[-58.611677,-34.461881],[-58.611605,-34.461973],[-58.611944,-34.462154],[-58.612018,-34.462061]]]}},{"type":"Feature","properties":{"partida":"057045012","cca":"057020P00000000000000000000001800000019000","tipo":"Urbano","sup_m2":461.6},"geometry":{"type":"Polygon","coordinates":[[[-58.612089,-34.461968],[-58.611747,-34.461786],[-58.611677,-34.461881],[-58.612018,-34.462061],[-58.612089,-34.461968]]]}},{"type":"Feature","properties":{"partida":"057045013","cca":"057020P00000000000000000000001800000020000","tipo":"Urbano","sup_m2":440.2},"geometry":{"type":"Polygon","coordinates":[[[-58.611969,-34.461903],[-58.612089,-34.461968],[-58.612264,-34.461753],[-58.612248,-34.461691],[-58.612168,-34.461649],[-58.611969,-34.461903]]]}},{"type":"Feature","properties":{"partida":"057045014","cca":"057020P00000000000000000000001800000021000","tipo":"Urbano","sup_m2":422.6},"geometry":{"type":"Polygon","coordinates":[[[-58.611969,-34.461903],[-58.612168,-34.461649],[-58.612052,-34.461584],[-58.611858,-34.461843],[-58.611969,-34.461903]]]}},{"type":"Feature","properties":{"partida":"057045015","cca":"057020P00000000000000000000001800000022000","tipo":"Urbano","sup_m2":390.9},"geometry":{"type":"Polygon","coordinates":[[[-58.611951,-34.46153],[-58.611747,-34.461786],[-58.611858,-34.461843],[-58.612052,-34.461584],[-58.611951,-34.46153]]]}},{"type":"Feature","properties":{"partida":"057045016","cca":"057020P00000000000000000000001800000023000","tipo":"Urbano","sup_m2":401.6},"geometry":{"type":"Polygon","coordinates":[[[-58.611839,-34.461471],[-58.611642,-34.461729],[-58.611747,-34.461786],[-58.611951,-34.46153],[-58.611839,-34.461471]]]}},{"type":"Feature","properties":{"partida":"057045017","cca":"057020P00000000000000000000001800000024000","tipo":"Urbano","sup_m2":447.9},"geometry":{"type":"Polygon","coordinates":[[[-58.611839,-34.461471],[-58.611721,-34.461403],[-58.611523,-34.461665],[-58.611642,-34.461729],[-58.611839,-34.461471]]]}},{"type":"Feature","properties":{"partida":"057027981","cca":"057020P00000000000000000000001810000001000","tipo":"Urbano","sup_m2":571.6},"geometry":{"type":"Polygon","coordinates":[[[-58.614383,-34.459592],[-58.614553,-34.459381],[-58.614387,-34.459294],[-58.614344,-34.459302],[-58.614198,-34.45949],[-58.614383,-34.459592]]]}},{"type":"Feature","properties":{"partida":"057044948","cca":"057020P00000000000000000000001810000002000","tipo":"Urbano","sup_m2":535.7},"geometry":{"type":"Polygon","coordinates":[[[-58.614198,-34.45949],[-58.614112,-34.459596],[-58.614461,-34.459784],[-58.614543,-34.459679],[-58.614198,-34.45949]]]}},{"type":"Feature","properties":{"partida":"057044949","cca":"057020P00000000000000000000001810000003000","tipo":"Urbano","sup_m2":534.6},"geometry":{"type":"Polygon","coordinates":[[[-58.61415,-34.459893],[-58.614301,-34.4597],[-58.614112,-34.459596],[-58.613975,-34.459768],[-58.613991,-34.45981],[-58.61415,-34.459893]]]}},{"type":"Feature","properties":{"partida":"057044950","cca":"057020P00000000000000000000001810000004000","tipo":"Urbano","sup_m2":447.2},"geometry":{"type":"Polygon","coordinates":[[[-58.61415,-34.459893],[-58.614309,-34.45998],[-58.614461,-34.459784],[-58.614301,-34.4597],[-58.61415,-34.459893]]]}},{"type":"Feature","properties":{"partida":"057044951","cca":"057020P00000000000000000000001810000005000","tipo":"Urbano","sup_m2":335.6},"geometry":{"type":"Polygon","coordinates":[[[-58.614578,-34.459853],[-58.614461,-34.459784],[-58.614309,-34.45998],[-58.614428,-34.460044],[-58.614578,-34.459853]]]}},{"type":"Feature","properties":{"partida":"057044952","cca":"057020P00000000000000000000001810000006000","tipo":"Urbano","sup_m2":309.7},"geometry":{"type":"Polygon","coordinates":[[[-58.61469,-34.459912],[-58.614578,-34.459853],[-58.614428,-34.460044],[-58.61454,-34.460104],[-58.61469,-34.459912]]]}},{"type":"Feature","properties":{"partida":"057044953","cca":"057020P00000000000000000000001810000007000","tipo":"Urbano","sup_m2":299.6},"geometry":{"type":"Polygon","coordinates":[[[-58.61469,-34.459912],[-58.61454,-34.460104],[-58.614649,-34.460162],[-58.614799,-34.45997],[-58.61469,-34.459912]]]}},{"type":"Feature","properties":{"partida":"057044954","cca":"057020P00000000000000000000001810000008000","tipo":"Urbano","sup_m2":391.0},"geometry":{"type":"Polygon","coordinates":[[[-58.614725,-34.460062],[-58.614649,-34.460162],[-58.614892,-34.460295],[-58.614947,-34.460281],[-58.614995,-34.460205],[-58.614725,-34.460062]]]}},{"type":"Feature","properties":{"partida":"057044955","cca":"057020P00000000000000000000001810000009000","tipo":"Urbano","sup_m2":352.7},"geometry":{"type":"Polygon","coordinates":[[[-58.615062,-34.460114],[-58.614799,-34.45997],[-58.614725,-34.460062],[-58.614995,-34.460205],[-58.615062,-34.460114]]]}},{"type":"Feature","properties":{"partida":"057044956","cca":"057020P00000000000000000000001810000010000","tipo":"Urbano","sup_m2":326.4},"geometry":{"type":"Polygon","coordinates":[[[-58.614868,-34.459885],[-58.614799,-34.45997],[-58.615062,-34.460114],[-58.615124,-34.460023],[-58.614868,-34.459885]]]}},{"type":"Feature","properties":{"partida":"057044957","cca":"057020P00000000000000000000001810000011000","tipo":"Urbano","sup_m2":374.5},"geometry":{"type":"Polygon","coordinates":[[[-58.614868,-34.459885],[-58.615124,-34.460023],[-58.615184,-34.45994],[-58.615165,-34.459898],[-58.614948,-34.459782],[-58.614868,-34.459885]]]}},{"type":"Feature","properties":{"partida":"057044958","cca":"057020P00000000000000000000001810000012000","tipo":"Urbano","sup_m2":302.6},"geometry":{"type":"Polygon","coordinates":[[[-58.614948,-34.459782],[-58.614836,-34.459722],[-58.61469,-34.459912],[-58.614799,-34.45997],[-58.614948,-34.459782]]]}},{"type":"Feature","properties":{"partida":"057044959","cca":"057020P00000000000000000000001810000013000","tipo":"Urbano","sup_m2":316.1},"geometry":{"type":"Polygon","coordinates":[[[-58.614736,-34.459646],[-58.614578,-34.459853],[-58.61469,-34.459912],[-58.614836,-34.459722],[-58.614785,-34.459691],[-58.614736,-34.459646]]]}},{"type":"Feature","properties":{"partida":"057044960","cca":"057020P00000000000000000000001810000014000","tipo":"Urbano","sup_m2":394.2},"geometry":{"type":"Polygon","coordinates":[[[-58.614663,-34.459524],[-58.614461,-34.459784],[-58.614578,-34.459853],[-58.614736,-34.459646],[-58.614714,-34.45962],[-58.614687,-34.459579],[-58.614663,-34.459524]]]}},{"type":"Feature","properties":{"partida":"057044961","cca":"057020P00000000000000000000001810000015000","tipo":"Urbano","sup_m2":446.5},"geometry":{"type":"Polygon","coordinates":[[[-58.614663,-34.459524],[-58.614656,-34.459497],[-58.614628,-34.459443],[-58.614589,-34.459404],[-58.614553,-34.459381],[-58.614383,-34.459592],[-58.614543,-34.459679],[-58.614663,-34.459524]]]}},{"type":"Feature","properties":{"partida":"057027982","cca":"057020P00000000000000000000001820000001000","tipo":"Urbano","sup_m2":462.3},"geometry":{"type":"Polygon","coordinates":[[[-58.614065,-34.460181],[-58.614156,-34.460062],[-58.613915,-34.459931],[-58.613867,-34.459938],[-58.613792,-34.460033],[-58.614065,-34.460181]]]}},{"type":"Feature","properties":{"partida":"057050329","cca":"057020P00000000000000000000001820000002000","tipo":"Urbano","sup_m2":364.7},"geometry":{"type":"Polygon","coordinates":[[[-58.613994,-34.460271],[-58.614065,-34.460181],[-58.613792,-34.460033],[-58.613717,-34.460124],[-58.613994,-34.460271]]]}},{"type":"Feature","properties":{"partida":"057050315","cca":"057020P00000000000000000000001820000003000","tipo":"Urbano","sup_m2":356.2},"geometry":{"type":"Polygon","coordinates":[[[-58.613921,-34.460362],[-58.613994,-34.460271],[-58.613717,-34.460124],[-58.61365,-34.460212],[-58.613921,-34.460362]]]}},{"type":"Feature","properties":{"partida":"057050316","cca":"057020P00000000000000000000001820000004000","tipo":"Urbano","sup_m2":359.1},"geometry":{"type":"Polygon","coordinates":[[[-58.61365,-34.460212],[-58.61358,-34.460305],[-58.61385,-34.460452],[-58.613921,-34.460362],[-58.61365,-34.460212]]]}},{"type":"Feature","properties":{"partida":"057040480","cca":"057020P00000000000000000000001820000005000","tipo":"Urbano","sup_m2":464.8},"geometry":{"type":"Polygon","coordinates":[[[-58.613758,-34.460571],[-58.61385,-34.460452],[-58.61358,-34.460305],[-58.613504,-34.460404],[-58.613517,-34.460443],[-58.613758,-34.460571]]]}},{"type":"Feature","properties":{"partida":"057050317","cca":"057020P00000000000000000000001820000006000","tipo":"Urbano","sup_m2":416.0},"geometry":{"type":"Polygon","coordinates":[[[-58.613758,-34.460571],[-58.613869,-34.460631],[-58.614071,-34.460371],[-58.613962,-34.460312],[-58.613758,-34.460571]]]}},{"type":"Feature","properties":{"partida":"057050318","cca":"057020P00000000000000000000001820000007000","tipo":"Urbano","sup_m2":394.5},"geometry":{"type":"Polygon","coordinates":[[[-58.614177,-34.460427],[-58.614071,-34.460371],[-58.613869,-34.460631],[-58.613975,-34.460685],[-58.614177,-34.460427]]]}},{"type":"Feature","properties":{"partida":"057050319","cca":"057020P00000000000000000000001820000008000","tipo":"Urbano","sup_m2":410.3},"geometry":{"type":"Polygon","coordinates":[[[-58.614289,-34.460486],[-58.614177,-34.460427],[-58.613975,-34.460685],[-58.614082,-34.460744],[-58.614289,-34.460486]]]}},{"type":"Feature","properties":{"partida":"057050320","cca":"057020P00000000000000000000001820000009000","tipo":"Urbano","sup_m2":399.6},"geometry":{"type":"Polygon","coordinates":[[[-58.61419,-34.460801],[-58.614394,-34.46054],[-58.614289,-34.460486],[-58.614082,-34.460744],[-58.61419,-34.460801]]]}},{"type":"Feature","properties":{"partida":"057050321","cca":"057020P00000000000000000000001820000010000","tipo":"Urbano","sup_m2":539.7},"geometry":{"type":"Polygon","coordinates":[[[-58.614283,-34.460683],[-58.61419,-34.460801],[-58.61448,-34.460955],[-58.614538,-34.460948],[-58.614599,-34.460853],[-58.614283,-34.460683]]]}},{"type":"Feature","properties":{"partida":"057050322","cca":"057020P00000000000000000000001820000011000","tipo":"Urbano","sup_m2":422.1},"geometry":{"type":"Polygon","coordinates":[[[-58.614283,-34.460683],[-58.614599,-34.460853],[-58.614661,-34.460753],[-58.614357,-34.46059],[-58.614283,-34.460683]]]}},{"type":"Feature","properties":{"partida":"057050323","cca":"057020P00000000000000000000001820000012000","tipo":"Urbano","sup_m2":388.4},"geometry":{"type":"Polygon","coordinates":[[[-58.614427,-34.4605],[-58.614357,-34.46059],[-58.614661,-34.460753],[-58.614721,-34.460658],[-58.614427,-34.4605]]]}},{"type":"Feature","properties":{"partida":"057050324","cca":"057020P00000000000000000000001820000013000","tipo":"Urbano","sup_m2":382.4},"geometry":{"type":"Polygon","coordinates":[[[-58.614498,-34.460409],[-58.614427,-34.4605],[-58.614721,-34.460658],[-58.614782,-34.460561],[-58.614498,-34.460409]]]}},{"type":"Feature","properties":{"partida":"057050325","cca":"057020P00000000000000000000001820000014000","tipo":"Urbano","sup_m2":470.3},"geometry":{"type":"Polygon","coordinates":[[[-58.614498,-34.460409],[-58.614782,-34.460561],[-58.614843,-34.460468],[-58.614827,-34.460414],[-58.61459,-34.460291],[-58.614498,-34.460409]]]}},{"type":"Feature","properties":{"partida":"057050326","cca":"057020P00000000000000000000001820000015000","tipo":"Urbano","sup_m2":385.3},"geometry":{"type":"Polygon","coordinates":[[[-58.61459,-34.460291],[-58.614483,-34.460233],[-58.614289,-34.460486],[-58.614394,-34.46054],[-58.61459,-34.460291]]]}},{"type":"Feature","properties":{"partida":"057050327","cca":"057020P00000000000000000000001820000016000","tipo":"Urbano","sup_m2":400.0},"geometry":{"type":"Polygon","coordinates":[[[-58.614371,-34.460177],[-58.614177,-34.460427],[-58.614289,-34.460486],[-58.614483,-34.460233],[-58.614371,-34.460177]]]}},{"type":"Feature","properties":{"partida":"057050314","cca":"057020P00000000000000000000001820000017000","tipo":"Urbano","sup_m2":381.7},"geometry":{"type":"Polygon","coordinates":[[[-58.614071,-34.460371],[-58.614177,-34.460427],[-58.614371,-34.460177],[-58.614268,-34.460119],[-58.614071,-34.460371]]]}},{"type":"Feature","properties":{"partida":"057050328","cca":"057020P00000000000000000000001820000018000","tipo":"Urbano","sup_m2":398.3},"geometry":{"type":"Polygon","coordinates":[[[-58.614268,-34.460119],[-58.614156,-34.460062],[-58.613962,-34.460312],[-58.614071,-34.460371],[-58.614268,-34.460119]]]}},{"type":"Feature","properties":{"partida":"057027983","cca":"057020P00000000000000000000001830000001000","tipo":"Urbano","sup_m2":456.6},"geometry":{"type":"Polygon","coordinates":[[[-58.613572,-34.460797],[-58.613664,-34.46068],[-58.613417,-34.460549],[-58.613364,-34.460564],[-58.6133,-34.460649],[-58.613572,-34.460797]]]}},{"type":"Feature","properties":{"partida":"057060267","cca":"057020P00000000000000000000001830000002000","tipo":"Urbano","sup_m2":349.0},"geometry":{"type":"Polygon","coordinates":[[[-58.613572,-34.460797],[-58.6133,-34.460649],[-58.613231,-34.460737],[-58.613501,-34.460886],[-58.613572,-34.460797]]]}},{"type":"Feature","properties":{"partida":"057060268","cca":"057020P00000000000000000000001830000003000","tipo":"Urbano","sup_m2":398.3},"geometry":{"type":"Polygon","coordinates":[[[-58.613422,-34.460986],[-58.613501,-34.460886],[-58.613231,-34.460737],[-58.61315,-34.460837],[-58.613422,-34.460986]]]}},{"type":"Feature","properties":{"partida":"057060269","cca":"057020P00000000000000000000001830000004000","tipo":"Urbano","sup_m2":345.5},"geometry":{"type":"Polygon","coordinates":[[[-58.613354,-34.461072],[-58.613422,-34.460986],[-58.61315,-34.460837],[-58.61308,-34.460923],[-58.613354,-34.461072]]]}},{"type":"Feature","properties":{"partida":"057060270","cca":"057020P00000000000000000000001830000005000","tipo":"Urbano","sup_m2":439.3},"geometry":{"type":"Polygon","coordinates":[[[-58.613354,-34.461072],[-58.61308,-34.460923],[-58.613014,-34.46101],[-58.613017,-34.461048],[-58.613267,-34.461184],[-58.613354,-34.461072]]]}},{"type":"Feature","properties":{"partida":"057060271","cca":"057020P00000000000000000000001830000006000","tipo":"Urbano","sup_m2":400.4},"geometry":{"type":"Polygon","coordinates":[[[-58.613575,-34.460992],[-58.613463,-34.460934],[-58.613267,-34.461184],[-58.613376,-34.461244],[-58.613575,-34.460992]]]}},{"type":"Feature","properties":{"partida":"057060272","cca":"057020P00000000000000000000001830000007000","tipo":"Urbano","sup_m2":400.6},"geometry":{"type":"Polygon","coordinates":[[[-58.613376,-34.461244],[-58.613486,-34.461302],[-58.613684,-34.461051],[-58.613575,-34.460992],[-58.613376,-34.461244]]]}},{"type":"Feature","properties":{"partida":"057060273","cca":"057020P00000000000000000000001830000008000","tipo":"Urbano","sup_m2":398.3},"geometry":{"type":"Polygon","coordinates":[[[-58.613793,-34.46111],[-58.613684,-34.461051],[-58.613486,-34.461302],[-58.613595,-34.461361],[-58.613793,-34.46111]]]}},{"type":"Feature","properties":{"partida":"057060284","cca":"057020P00000000000000000000001830000009000","tipo":"Urbano","sup_m2":403.4},"geometry":{"type":"Polygon","coordinates":[[[-58.613905,-34.46117],[-58.613793,-34.46111],[-58.613595,-34.461361],[-58.613705,-34.46142],[-58.613905,-34.46117]]]}},{"type":"Feature","properties":{"partida":"057060274","cca":"057020P00000000000000000000001830000010000","tipo":"Urbano","sup_m2":399.1},"geometry":{"type":"Polygon","coordinates":[[[-58.613905,-34.46117],[-58.613705,-34.46142],[-58.613816,-34.461477],[-58.613906,-34.461367],[-58.614013,-34.461228],[-58.613905,-34.46117]]]}},{"type":"Feature","properties":{"partida":"057060275","cca":"057020P00000000000000000000001830000011000","tipo":"Urbano","sup_m2":470.7},"geometry":{"type":"Polygon","coordinates":[[[-58.613906,-34.461367],[-58.613816,-34.461477],[-58.614081,-34.461623],[-58.614125,-34.46162],[-58.614187,-34.461518],[-58.613906,-34.461367]]]}},{"type":"Feature","properties":{"partida":"057041345","cca":"057020P00000000000000000000001830000012000","tipo":"Urbano","sup_m2":348.6},"geometry":{"type":"Polygon","coordinates":[[[-58.614245,-34.461425],[-58.613973,-34.461279],[-58.613906,-34.461367],[-58.614187,-34.461518],[-58.614245,-34.461425]]]}},{"type":"Feature","properties":{"partida":"057060276","cca":"057020P00000000000000000000001830000013000","tipo":"Urbano","sup_m2":380.2},"geometry":{"type":"Polygon","coordinates":[[[-58.614049,-34.461181],[-58.613973,-34.461279],[-58.614245,-34.461425],[-58.614311,-34.461319],[-58.614049,-34.461181]]]}},{"type":"Feature","properties":{"partida":"057060277","cca":"057020P00000000000000000000001830000014000","tipo":"Urbano","sup_m2":325.4},"geometry":{"type":"Polygon","coordinates":[[[-58.614121,-34.461091],[-58.614049,-34.461181],[-58.614311,-34.461319],[-58.614365,-34.461224],[-58.614121,-34.461091]]]}},{"type":"Feature","properties":{"partida":"057060278","cca":"057020P00000000000000000000001830000015000","tipo":"Urbano","sup_m2":403.2},"geometry":{"type":"Polygon","coordinates":[[[-58.614121,-34.461091],[-58.614365,-34.461224],[-58.614421,-34.461136],[-58.614411,-34.461079],[-58.614214,-34.460972],[-58.614121,-34.461091]]]}},{"type":"Feature","properties":{"partida":"057060279","cca":"057020P00000000000000000000001830000016000","tipo":"Urbano","sup_m2":402.9},"geometry":{"type":"Polygon","coordinates":[[[-58.613905,-34.46117],[-58.614013,-34.461228],[-58.614214,-34.460972],[-58.614103,-34.460915],[-58.613905,-34.46117]]]}},{"type":"Feature","properties":{"partida":"057060280","cca":"057020P00000000000000000000001830000017000","tipo":"Urbano","sup_m2":405.6},"geometry":{"type":"Polygon","coordinates":[[[-58.613992,-34.460858],[-58.613793,-34.46111],[-58.613905,-34.46117],[-58.614103,-34.460915],[-58.613992,-34.460858]]]}},{"type":"Feature","properties":{"partida":"057060281","cca":"057020P00000000000000000000001830000018000","tipo":"Urbano","sup_m2":399.2},"geometry":{"type":"Polygon","coordinates":[[[-58.613882,-34.460799],[-58.613684,-34.461051],[-58.613793,-34.46111],[-58.613992,-34.460858],[-58.613882,-34.460799]]]}},{"type":"Feature","properties":{"partida":"057060282","cca":"057020P00000000000000000000001830000019000","tipo":"Urbano","sup_m2":400.0},"geometry":{"type":"Polygon","coordinates":[[[-58.613773,-34.46074],[-58.613575,-34.460992],[-58.613684,-34.461051],[-58.613882,-34.460799],[-58.613773,-34.46074]]]}},{"type":"Feature","properties":{"partida":"057060283","cca":"057020P00000000000000000000001830000020000","tipo":"Urbano","sup_m2":403.1},"geometry":{"type":"Polygon","coordinates":[[[-58.613575,-34.460992],[-58.613773,-34.46074],[-58.613664,-34.46068],[-58.613463,-34.460934],[-58.613575,-34.460992]]]}},{"type":"Feature","properties":{"partida":"057027984","cca":"057020P00000000000000000000001840000001000","tipo":"Urbano","sup_m2":468.8},"geometry":{"type":"Polygon","coordinates":[[[-58.613082,-34.461418],[-58.613172,-34.461303],[-58.612927,-34.461167],[-58.612874,-34.461177],[-58.612801,-34.461269],[-58.613082,-34.461418]]]}},{"type":"Feature","properties":{"partida":"057060287","cca":"057020P00000000000000000000001840000002000","tipo":"Urbano","sup_m2":370.6},"geometry":{"type":"Polygon","coordinates":[[[-58.613011,-34.46151],[-58.613082,-34.461418],[-58.612801,-34.461269],[-58.61273,-34.46136],[-58.613011,-34.46151]]]}},{"type":"Feature","properties":{"partida":"057060288","cca":"057020P00000000000000000000001840000003000","tipo":"Urbano","sup_m2":426.4},"geometry":{"type":"Polygon","coordinates":[[[-58.612978,-34.461559],[-58.613011,-34.46151],[-58.61273,-34.46136],[-58.612652,-34.461465],[-58.612929,-34.461616],[-58.612978,-34.461559]]]}},{"type":"Feature","properties":{"partida":"057060289","cca":"057020P00000000000000000000001840000004000","tipo":"Urbano","sup_m2":349.7},"geometry":{"type":"Polygon","coordinates":[[[-58.61286,-34.461705],[-58.612929,-34.461616],[-58.612652,-34.461465],[-58.612586,-34.46155],[-58.61286,-34.461705]]]}},{"type":"Feature","properties":{"partida":"057060290","cca":"057020P00000000000000000000001840000005000","tipo":"Urbano","sup_m2":463.8},"geometry":{"type":"Polygon","coordinates":[[[-58.61286,-34.461705],[-58.612586,-34.46155],[-58.612511,-34.461646],[-58.612517,-34.461682],[-58.612771,-34.461818],[-58.61286,-34.461705]]]}},{"type":"Feature","properties":{"partida":"057060291","cca":"057020P00000000000000000000001840000006000","tipo":"Urbano","sup_m2":401.8},"geometry":{"type":"Polygon","coordinates":[[[-58.613081,-34.461619],[-58.612978,-34.461559],[-58.612929,-34.461616],[-58.612771,-34.461818],[-58.612883,-34.461873],[-58.613081,-34.461619]]]}},{"type":"Feature","properties":{"partida":"057060292","cca":"057020P00000000000000000000001840000007000","tipo":"Urbano","sup_m2":404.1},"geometry":{"type":"Polygon","coordinates":[[[-58.613193,-34.461678],[-58.613081,-34.461619],[-58.612883,-34.461873],[-58.612992,-34.46193],[-58.613193,-34.461678]]]}},{"type":"Feature","properties":{"partida":"057060293","cca":"057020P00000000000000000000001840000008000","tipo":"Urbano","sup_m2":399.1},"geometry":{"type":"Polygon","coordinates":[[[-58.613301,-34.461736],[-58.613193,-34.461678],[-58.612992,-34.46193],[-58.613099,-34.46199],[-58.613301,-34.461736]]]}},{"type":"Feature","properties":{"partida":"057060294","cca":"057020P00000000000000000000001840000009000","tipo":"Urbano","sup_m2":413.5},"geometry":{"type":"Polygon","coordinates":[[[-58.613412,-34.461796],[-58.613301,-34.461736],[-58.613099,-34.46199],[-58.613212,-34.462051],[-58.613412,-34.461796]]]}},{"type":"Feature","properties":{"partida":"057060295","cca":"057020P00000000000000000000001840000010000","tipo":"Urbano","sup_m2":420.6},"geometry":{"type":"Polygon","coordinates":[[[-58.613328,-34.46211],[-58.613524,-34.46186],[-58.613412,-34.461796],[-58.613212,-34.462051],[-58.613328,-34.46211]]]}},{"type":"Feature","properties":{"partida":"057060296","cca":"057020P00000000000000000000001840000011000","tipo":"Urbano","sup_m2":589.2},"geometry":{"type":"Polygon","coordinates":[[[-58.613784,-34.462202],[-58.613415,-34.462001],[-58.613328,-34.46211],[-58.613682,-34.462299],[-58.61373,-34.462295],[-58.613784,-34.462202]]]}},{"type":"Feature","properties":{"partida":"057060297","cca":"057020P00000000000000000000001840000012000","tipo":"Urbano","sup_m2":477.2},"geometry":{"type":"Polygon","coordinates":[[[-58.613784,-34.462202],[-58.613843,-34.462103],[-58.613484,-34.461912],[-58.613415,-34.462001],[-58.613784,-34.462202]]]}},{"type":"Feature","properties":{"partida":"057060298","cca":"057020P00000000000000000000001840000013000","tipo":"Urbano","sup_m2":527.6},"geometry":{"type":"Polygon","coordinates":[[[-58.613564,-34.461809],[-58.613484,-34.461912],[-58.613843,-34.462103],[-58.613912,-34.461993],[-58.613564,-34.461809]]]}},{"type":"Feature","properties":{"partida":"057060299","cca":"057020P00000000000000000000001840000014000","tipo":"Urbano","sup_m2":464.6},"geometry":{"type":"Polygon","coordinates":[[[-58.613564,-34.461809],[-58.613912,-34.461993],[-58.613972,-34.461891],[-58.613638,-34.461714],[-58.613564,-34.461809]]]}},{"type":"Feature","properties":{"partida":"057060300","cca":"057020P00000000000000000000001840000015000","tipo":"Urbano","sup_m2":532.4},"geometry":{"type":"Polygon","coordinates":[[[-58.613638,-34.461714],[-58.613972,-34.461891],[-58.614026,-34.461798],[-58.614018,-34.461756],[-58.613723,-34.461597],[-58.613638,-34.461714]]]}},{"type":"Feature","properties":{"partida":"057060301","cca":"057020P00000000000000000000001840000016000","tipo":"Urbano","sup_m2":427.0},"geometry":{"type":"Polygon","coordinates":[[[-58.613524,-34.46186],[-58.613638,-34.461714],[-58.613723,-34.461597],[-58.613611,-34.461538],[-58.613412,-34.461796],[-58.613524,-34.46186]]]}},{"type":"Feature","properties":{"partida":"057060302","cca":"057020P00000000000000000000001840000017000","tipo":"Urbano","sup_m2":407.8},"geometry":{"type":"Polygon","coordinates":[[[-58.613502,-34.46148],[-58.613301,-34.461736],[-58.613412,-34.461796],[-58.613611,-34.461538],[-58.613502,-34.46148]]]}},{"type":"Feature","properties":{"partida":"057060303","cca":"057020P00000000000000000000001840000018000","tipo":"Urbano","sup_m2":405.7},"geometry":{"type":"Polygon","coordinates":[[[-58.613193,-34.461678],[-58.613301,-34.461736],[-58.613502,-34.46148],[-58.613393,-34.46142],[-58.613193,-34.461678]]]}},{"type":"Feature","properties":{"partida":"057060304","cca":"057020P00000000000000000000001840000019000","tipo":"Urbano","sup_m2":412.3},"geometry":{"type":"Polygon","coordinates":[[[-58.613283,-34.461361],[-58.613081,-34.461619],[-58.613193,-34.461678],[-58.613393,-34.46142],[-58.613283,-34.461361]]]}},{"type":"Feature","properties":{"partida":"057060305","cca":"057020P00000000000000000000001840000020000","tipo":"Urbano","sup_m2":405.7},"geometry":{"type":"Polygon","coordinates":[[[-58.613283,-34.461361],[-58.613172,-34.461303],[-58.613011,-34.46151],[-58.612978,-34.461559],[-58.613081,-34.461619],[-58.613283,-34.461361]]]}},{"type":"Feature","properties":{"partida":"057027985","cca":"057020P00000000000000000000001850000001000","tipo":"Urbano","sup_m2":395.7},"geometry":{"type":"Polygon","coordinates":[[[-58.612619,-34.462043],[-58.612696,-34.46194],[-58.612457,-34.461815],[-58.6124,-34.461818],[-58.612342,-34.461894],[-58.612619,-34.462043]]]}},{"type":"Feature","properties":{"partida":"057044962","cca":"057020P00000000000000000000001850000002000","tipo":"Urbano","sup_m2":338.3},"geometry":{"type":"Polygon","coordinates":[[[-58.612279,-34.461981],[-58.612549,-34.462127],[-58.612619,-34.462043],[-58.612342,-34.461894],[-58.612279,-34.461981]]]}},{"type":"Feature","properties":{"partida":"057044963","cca":"057020P00000000000000000000001850000003000","tipo":"Urbano","sup_m2":346.6},"geometry":{"type":"Polygon","coordinates":[[[-58.612208,-34.462069],[-58.612485,-34.462215],[-58.612549,-34.462127],[-58.612279,-34.461981],[-58.612208,-34.462069]]]}},{"type":"Feature","properties":{"partida":"057044964","cca":"057020P00000000000000000000001850000004000","tipo":"Urbano","sup_m2":484.4},"geometry":{"type":"Polygon","coordinates":[[[-58.612593,-34.462274],[-58.612208,-34.462069],[-58.612141,-34.462156],[-58.612523,-34.46236],[-58.612593,-34.462274]]]}},{"type":"Feature","properties":{"partida":"057044965","cca":"057020P00000000000000000000001850000005000","tipo":"Urbano","sup_m2":496.7},"geometry":{"type":"Polygon","coordinates":[[[-58.612071,-34.462249],[-58.612456,-34.46245],[-58.612523,-34.46236],[-58.612141,-34.462156],[-58.612071,-34.462249]]]}},{"type":"Feature","properties":{"partida":"057044966","cca":"057020P00000000000000000000001850000006000","tipo":"Urbano","sup_m2":614.0},"geometry":{"type":"Polygon","coordinates":[[[-58.612561,-34.462506],[-58.612071,-34.462249],[-58.612005,-34.462334],[-58.612494,-34.462594],[-58.612561,-34.462506]]]}},{"type":"Feature","properties":{"partida":"057044967","cca":"057020P00000000000000000000001850000007000","tipo":"Urbano","sup_m2":747.9},"geometry":{"type":"Polygon","coordinates":[[[-58.612494,-34.462594],[-58.612005,-34.462334],[-58.611925,-34.462444],[-58.612412,-34.462699],[-58.612494,-34.462594]]]}},{"type":"Feature","properties":{"partida":"057044968","cca":"057020P00000000000000000000001850000013000","tipo":"Urbano","sup_m2":845.2},"geometry":{"type":"Polygon","coordinates":[[[-58.612707,-34.462707],[-58.612625,-34.462811],[-58.613202,-34.463116],[-58.613269,-34.463007],[-58.612707,-34.462707]]]}},{"type":"Feature","properties":{"partida":"057044969","cca":"057020P00000000000000000000001850000014000","tipo":"Urbano","sup_m2":716.5},"geometry":{"type":"Polygon","coordinates":[[[-58.612774,-34.462619],[-58.612707,-34.462707],[-58.613269,-34.463007],[-58.613328,-34.462911],[-58.612774,-34.462619]]]}},{"type":"Feature","properties":{"partida":"057044970","cca":"057020P00000000000000000000001850000015000","tipo":"Urbano","sup_m2":555.0},"geometry":{"type":"Polygon","coordinates":[[[-58.61295,-34.462587],[-58.612884,-34.462676],[-58.613328,-34.462911],[-58.613386,-34.462819],[-58.61295,-34.462587]]]}},{"type":"Feature","properties":{"partida":"057044971","cca":"057020P00000000000000000000001850000016000","tipo":"Urbano","sup_m2":563.0},"geometry":{"type":"Polygon","coordinates":[[[-58.613023,-34.462498],[-58.61295,-34.462587],[-58.613386,-34.462819],[-58.613448,-34.462722],[-58.613023,-34.462498]]]}},{"type":"Feature","properties":{"partida":"057044972","cca":"057020P00000000000000000000001850000017000","tipo":"Urbano","sup_m2":523.8},"geometry":{"type":"Polygon","coordinates":[[[-58.613091,-34.462411],[-58.613023,-34.462498],[-58.613448,-34.462722],[-58.613503,-34.462628],[-58.613091,-34.462411]]]}},{"type":"Feature","properties":{"partida":"057044973","cca":"057020P00000000000000000000001850000018000","tipo":"Urbano","sup_m2":540.3},"geometry":{"type":"Polygon","coordinates":[[[-58.613161,-34.46232],[-58.613091,-34.462411],[-58.613503,-34.462628],[-58.613566,-34.46253],[-58.613161,-34.46232]]]}},{"type":"Feature","properties":{"partida":"057044974","cca":"057020P00000000000000000000001850000019000","tipo":"Urbano","sup_m2":551.2},"geometry":{"type":"Polygon","coordinates":[[[-58.613161,-34.46232],[-58.613566,-34.46253],[-58.613614,-34.462456],[-58.613591,-34.462406],[-58.613236,-34.462223],[-58.613161,-34.46232]]]}},{"type":"Feature","properties":{"partida":"057044975","cca":"057020P00000000000000000000001850000020000","tipo":"Urbano","sup_m2":724.4},"geometry":{"type":"Polygon","coordinates":[[[-58.612884,-34.462676],[-58.61295,-34.462587],[-58.613023,-34.462498],[-58.613236,-34.462223],[-58.613123,-34.462163],[-58.612774,-34.462619],[-58.612884,-34.462676]]]}},{"type":"Feature","properties":{"partida":"057044976","cca":"057020P00000000000000000000001850000021000","tipo":"Urbano","sup_m2":988.2},"geometry":{"type":"Polygon","coordinates":[[[-58.612625,-34.462811],[-58.613123,-34.462163],[-58.613018,-34.462109],[-58.612516,-34.462757],[-58.612625,-34.462811]]]}},{"type":"Feature","properties":{"partida":"057044977","cca":"057020P00000000000000000000001850000022000","tipo":"Urbano","sup_m2":989.5},"geometry":{"type":"Polygon","coordinates":[[[-58.613018,-34.462109],[-58.612911,-34.462052],[-58.612412,-34.462699],[-58.612516,-34.462757],[-58.613018,-34.462109]]]}},{"type":"Feature","properties":{"partida":"057044978","cca":"057020P00000000000000000000001850000023000","tipo":"Urbano","sup_m2":693.9},"geometry":{"type":"Polygon","coordinates":[[[-58.612456,-34.46245],[-58.612561,-34.462506],[-58.612911,-34.462052],[-58.612802,-34.461994],[-58.612456,-34.46245]]]}},{"type":"Feature","properties":{"partida":"057044979","cca":"057020P00000000000000000000001850000024000","tipo":"Urbano","sup_m2":424.5},"geometry":{"type":"Polygon","coordinates":[[[-58.612485,-34.462215],[-58.612593,-34.462274],[-58.612802,-34.461994],[-58.612696,-34.46194],[-58.612619,-34.462043],[-58.612549,-34.462127],[-58.612485,-34.462215]]]}},{"type":"Feature","properties":{"partida":"057028024","cca":"057020P00000000000000000200000000000001000","tipo":"Urbano","sup_m2":16819.1},"geometry":{"type":"Polygon","coordinates":[[[-58.61181,-34.459567],[-58.612459,-34.459906],[-58.612504,-34.459898],[-58.613453,-34.458659],[-58.61196,-34.457878],[-58.611659,-34.458272],[-58.61247,-34.458715],[-58.61181,-34.459567]]]}},{"type":"Feature","properties":{"partida":"057028025","cca":"057020P00000000000000000200000000000002000","tipo":"Urbano","sup_m2":10092.2},"geometry":{"type":"Polygon","coordinates":[[[-58.61181,-34.459567],[-58.61247,-34.458715],[-58.611659,-34.458272],[-58.611011,-34.459108],[-58.611019,-34.459151],[-58.61181,-34.459567]]]}},{"type":"Feature","properties":{"partida":"057100515","cca":"057020P00000000000000000400000000000000000","tipo":"Urbano","sup_m2":102.1},"geometry":{"type":"Polygon","coordinates":[[[-58.601314,-34.461762],[-58.601362,-34.461939],[-58.601446,-34.461831],[-58.601314,-34.461762]]]}},{"type":"Feature","properties":{"partida":"057055203","cca":"057020P00000000000000000700000000000001000","tipo":"Urbano","sup_m2":913158.7},"geometry":{"type":"Polygon","coordinates":[[[-58.604315,-34.458525],[-58.604277,-34.458532],[-58.604102,-34.45875],[-58.603523,-34.45949],[-58.603099,-34.460025],[-58.601775,-34.461724],[-58.601794,-34.461733],[-58.601776,-34.461758],[-58.601771,-34.4618],[-58.601774,-34.461834],[-58.601795,-34.46187],[-58.601822,-34.461899],[-58.601868,-34.46192],[-58.601926,-34.461932],[-58.601977,-34.461928],[-58.602018,-34.461913],[-58.602057,-34.461882],[-58.602086,-34.461881],[-58.602446,-34.462075],[-58.602513,-34.462749],[-58.602516,-34.462854],[-58.602544,-34.463112],[-58.602237,-34.463133],[-58.602239,-34.463226],[-58.602246,-34.46332],[-58.602257,-34.463413],[-58.602272,-34.463506],[-58.602292,-34.463598],[-58.602316,-34.463689],[-58.602343,-34.463784],[-58.602374,-34.463878],[-58.60241,-34.463971],[-58.60245,-34.464062],[-58.602494,-34.464153],[-58.602587,-34.464319],[-58.602636,-34.464395],[-58.602742,-34.464542],[-58.602861,-34.464683],[-58.602894,-34.464733],[-58.602952,-34.464837],[-58.603,-34.464944],[-58.60302,-34.464999],[-58.602442,-34.465126],[-58.603201,-34.467572],[-58.603825,-34.469399],[-58.604298,-34.470706],[-58.604335,-34.470787],[-58.604372,-34.470829],[-58.60504,-34.471193],[-58.605376,-34.471373],[-58.605443,-34.471403],[-58.606175,-34.471793],[-58.606274,-34.471833],[-58.606956,-34.472197],[-58.607058,-34.472259],[-58.607428,-34.472455],[-58.60864,-34.470463],[-58.609542,-34.469024],[-58.610282,-34.4678],[-58.610483,-34.467479],[-58.610682,-34.467155],[-58.611001,-34.466664],[-58.6111,-34.466501],[-58.611201,-34.466347],[-58.612006,-34.46502],[-58.613147,-34.463202],[-58.613135,-34.463163],[-58.612014,-34.462556],[-58.609975,-34.461479],[-58.60835,-34.460615],[-58.607019,-34.45989],[-58.606137,-34.459421],[-58.605431,-34.459036],[-58.604527,-34.458557],[-58.604479,-34.458613],[-58.604315,-34.458525]]]}},{"type":"Feature","properties":{"partida":"057138780","cca":"057020P00000000000000001000000000000001000","tipo":"Urbano","sup_m2":3818.3},"geometry":{"type":"Polygon","coordinates":[[[-58.621041,-34.454395],[-58.620302,-34.454205],[-58.620246,-34.454215],[-58.619625,-34.454654],[-58.619862,-34.454882],[-58.619954,-34.454796],[-58.620049,-34.454724],[-58.620167,-34.454653],[-58.62023,-34.454622],[-58.620295,-34.454593],[-58.620394,-34.454558],[-58.620471,-34.454536],[-58.620584,-34.454513],[-58.620663,-34.454501],[-58.62106,-34.454485],[-58.621041,-34.454395]]]}},{"type":"Feature","properties":{"partida":"057138781","cca":"057020P00000000000000001000000000000002000","tipo":"Urbano","sup_m2":1411.0},"geometry":{"type":"Polygon","coordinates":[[[-58.619625,-34.454654],[-58.619275,-34.4549],[-58.619503,-34.455178],[-58.619617,-34.455113],[-58.619564,-34.45505],[-58.619837,-34.454858],[-58.619625,-34.454654]]]}},{"type":"Feature","properties":{"partida":"057138782","cca":"057020P00000000000000001000000000000003000","tipo":"Urbano","sup_m2":7494.9},"geometry":{"type":"Polygon","coordinates":[[[-58.619275,-34.4549],[-58.618306,-34.455585],[-58.618301,-34.455623],[-58.618758,-34.456086],[-58.618794,-34.456054],[-58.618815,-34.456071],[-58.619019,-34.455864],[-58.619185,-34.455688],[-58.61938,-34.45547],[-58.619534,-34.45529],[-58.619682,-34.455109],[-58.619839,-34.454907],[-58.619862,-34.454882],[-58.619837,-34.454858],[-58.619564,-34.45505],[-58.619617,-34.455113],[-58.619503,-34.455178],[-58.619275,-34.4549]]]}},{"type":"Feature","properties":{"partida":"057138783","cca":"057020P00000000000000001100000000000001000","tipo":"Urbano","sup_m2":1077.5},"geometry":{"type":"Polygon","coordinates":[[[-58.621213,-34.454653],[-58.621106,-34.454679],[-58.620996,-34.454694],[-58.620944,-34.454697],[-58.620788,-34.454697],[-58.621055,-34.454914],[-58.621626,-34.454544],[-58.621501,-34.454513],[-58.621213,-34.454653]]]}},{"type":"Feature","properties":{"partida":"057138784","cca":"057020P00000000000000001100000000000002000","tipo":"Urbano","sup_m2":5970.3},"geometry":{"type":"Polygon","coordinates":[[[-58.620788,-34.454697],[-58.620583,-34.454708],[-58.620481,-34.454737],[-58.620422,-34.454758],[-58.620307,-34.45481],[-58.620206,-34.45487],[-58.620131,-34.454926],[-58.620059,-34.45499],[-58.619888,-34.455182],[-58.61968,-34.455447],[-58.61989,-34.455669],[-58.621055,-34.454914],[-58.620788,-34.454697]]]}},{"type":"Feature","properties":{"partida":"057138785","cca":"057020P00000000000000001100000000000003000","tipo":"Urbano","sup_m2":1530.3},"geometry":{"type":"Polygon","coordinates":[[[-58.61968,-34.455447],[-58.619372,-34.455842],[-58.619058,-34.456183],[-58.618941,-34.456274],[-58.618947,-34.45628],[-58.61989,-34.455669],[-58.61968,-34.455447]]]}},{"type":"Feature","properties":{"partida":"057044247","cca":"057030X00000000000000000000004190000007000","tipo":"Urbano","sup_m2":369.1},"geometry":{"type":"Polygon","coordinates":[[[-58.617208,-34.452363],[-58.617249,-34.45228],[-58.616896,-34.452121],[-58.616844,-34.452198],[-58.617208,-34.452363]]]}},{"type":"Feature","properties":{"partida":"057044248","cca":"057030X00000000000000000000004190000008000","tipo":"Urbano","sup_m2":391.4},"geometry":{"type":"Polygon","coordinates":[[[-58.617167,-34.452449],[-58.617208,-34.452363],[-58.616844,-34.452198],[-58.616796,-34.45228],[-58.617167,-34.452449]]]}},{"type":"Feature","properties":{"partida":"057044249","cca":"057030X00000000000000000000004190000009000","tipo":"Urbano","sup_m2":393.7},"geometry":{"type":"Polygon","coordinates":[[[-58.617127,-34.452531],[-58.617167,-34.452449],[-58.616796,-34.45228],[-58.616742,-34.452361],[-58.617127,-34.452531]]]}},{"type":"Feature","properties":{"partida":"057044250","cca":"057030X00000000000000000000004190000010000","tipo":"Urbano","sup_m2":383.8},"geometry":{"type":"Polygon","coordinates":[[[-58.616895,-34.452525],[-58.617077,-34.452608],[-58.617127,-34.452531],[-58.616742,-34.452361],[-58.616693,-34.452435],[-58.616895,-34.452525]]]}},{"type":"Feature","properties":{"partida":"057044251","cca":"057030X00000000000000000000004190000011000","tipo":"Urbano","sup_m2":200.4},"geometry":{"type":"Polygon","coordinates":[[[-58.616895,-34.452525],[-58.616693,-34.452435],[-58.616645,-34.452511],[-58.616847,-34.452601],[-58.616895,-34.452525]]]}},{"type":"Feature","properties":{"partida":"057044252","cca":"057030X00000000000000000000004190000012000","tipo":"Urbano","sup_m2":225.0},"geometry":{"type":"Polygon","coordinates":[[[-58.616747,-34.452556],[-58.616645,-34.452511],[-58.616548,-34.45266],[-58.616563,-34.452695],[-58.616636,-34.452727],[-58.616747,-34.452556]]]}},{"type":"Feature","properties":{"partida":"057044253","cca":"057030X00000000000000000000004190000013000","tipo":"Urbano","sup_m2":222.4},"geometry":{"type":"Polygon","coordinates":[[[-58.616847,-34.452601],[-58.616747,-34.452556],[-58.616636,-34.452727],[-58.616734,-34.452771],[-58.616847,-34.452601]]]}},{"type":"Feature","properties":{"partida":"057044254","cca":"057030X00000000000000000000004190000014000","tipo":"Urbano","sup_m2":288.3},"geometry":{"type":"Polygon","coordinates":[[[-58.616734,-34.452771],[-58.616822,-34.452812],[-58.616984,-34.452567],[-58.616895,-34.452525],[-58.616734,-34.452771]]]}},{"type":"Feature","properties":{"partida":null,"cca":"057030X0000000000000000000000419000001600A","tipo":null,"sup_m2":724.4},"geometry":{"type":"Polygon","coordinates":[[[-58.617025,-34.452903],[-58.617196,-34.452641],[-58.617139,-34.452535],[-58.617127,-34.452531],[-58.617077,-34.452608],[-58.616984,-34.452567],[-58.616822,-34.452812],[-58.617025,-34.452903]]]}},{"type":"Feature","properties":{"partida":"057044257","cca":"057030X00000000000000000000004190000017000","tipo":"Urbano","sup_m2":286.2},"geometry":{"type":"Polygon","coordinates":[[[-58.617122,-34.452943],[-58.617249,-34.452747],[-58.617196,-34.452641],[-58.617025,-34.452903],[-58.617122,-34.452943]]]}},{"type":"Feature","properties":{"partida":"057044258","cca":"057030X00000000000000000000004190000018000","tipo":"Urbano","sup_m2":205.2},"geometry":{"type":"Polygon","coordinates":[[[-58.617302,-34.452853],[-58.617249,-34.452747],[-58.617122,-34.452943],[-58.617219,-34.452986],[-58.617302,-34.452853]]]}},{"type":"Feature","properties":{"partida":"057044259","cca":"057030X00000000000000000000004190000019000","tipo":"Urbano","sup_m2":370.3},"geometry":{"type":"Polygon","coordinates":[[[-58.617302,-34.452853],[-58.617219,-34.452986],[-58.617403,-34.453068],[-58.617443,-34.453054],[-58.61749,-34.452896],[-58.617302,-34.452853]]]}},{"type":"Feature","properties":{"partida":"057044260","cca":"057030X00000000000000000000004190000020000","tipo":"Urbano","sup_m2":223.9},"geometry":{"type":"Polygon","coordinates":[[[-58.617302,-34.452853],[-58.61749,-34.452896],[-58.617518,-34.452805],[-58.617249,-34.452747],[-58.617302,-34.452853]]]}},{"type":"Feature","properties":{"partida":"057044261","cca":"057030X00000000000000000000004190000021000","tipo":"Urbano","sup_m2":302.4},"geometry":{"type":"Polygon","coordinates":[[[-58.617545,-34.452714],[-58.617196,-34.452641],[-58.617249,-34.452747],[-58.617518,-34.452805],[-58.617545,-34.452714]]]}},{"type":"Feature","properties":{"partida":"057044275","cca":"057030X00000000000000000000004190000022000","tipo":"Urbano","sup_m2":373.9},"geometry":{"type":"Polygon","coordinates":[[[-58.617573,-34.452626],[-58.617139,-34.452535],[-58.617196,-34.452641],[-58.617545,-34.452714],[-58.617573,-34.452626]]]}},{"type":"Feature","properties":{"partida":"057044262","cca":"057030X00000000000000000000004190000023000","tipo":"Urbano","sup_m2":415.0},"geometry":{"type":"Polygon","coordinates":[[[-58.6176,-34.452539],[-58.617167,-34.452449],[-58.617127,-34.452531],[-58.617139,-34.452535],[-58.617573,-34.452626],[-58.6176,-34.452539]]]}},{"type":"Feature","properties":{"partida":"057044263","cca":"057030X00000000000000000000004190000024000","tipo":"Urbano","sup_m2":410.6},"geometry":{"type":"Polygon","coordinates":[[[-58.617627,-34.45245],[-58.617208,-34.452363],[-58.617167,-34.452449],[-58.6176,-34.452539],[-58.617627,-34.45245]]]}},{"type":"Feature","properties":{"partida":"057044264","cca":"057030X00000000000000000000004190000025000","tipo":"Urbano","sup_m2":387.7},"geometry":{"type":"Polygon","coordinates":[[[-58.617653,-34.452363],[-58.617249,-34.45228],[-58.617208,-34.452363],[-58.617627,-34.45245],[-58.617653,-34.452363]]]}},{"type":"Feature","properties":{"partida":"057044265","cca":"057030X00000000000000000000004190000026000","tipo":"Urbano","sup_m2":391.1},"geometry":{"type":"Polygon","coordinates":[[[-58.617681,-34.452274],[-58.617292,-34.45219],[-58.617249,-34.45228],[-58.617653,-34.452363],[-58.617681,-34.452274]]]}},{"type":"Feature","properties":{"partida":"057044266","cca":"057030X00000000000000000000004190000027000","tipo":"Urbano","sup_m2":362.5},"geometry":{"type":"Polygon","coordinates":[[[-58.617706,-34.452186],[-58.617331,-34.452105],[-58.617292,-34.45219],[-58.617681,-34.452274],[-58.617706,-34.452186]]]}},{"type":"Feature","properties":{"partida":"057044288","cca":"057030X00000000000000000000004200000013000","tipo":"Urbano","sup_m2":219.8},"geometry":{"type":"Polygon","coordinates":[[[-58.615762,-34.452342],[-58.615871,-34.452185],[-58.615764,-34.452135],[-58.615672,-34.452268],[-58.615693,-34.452312],[-58.615762,-34.452342]]]}},{"type":"Feature","properties":{"partida":"057044289","cca":"057030X00000000000000000000004200000014000","tipo":"Urbano","sup_m2":217.9},"geometry":{"type":"Polygon","coordinates":[[[-58.615762,-34.452342],[-58.615865,-34.452389],[-58.615974,-34.452231],[-58.615871,-34.452185],[-58.615762,-34.452342]]]}},{"type":"Feature","properties":{"partida":"057044290","cca":"057030X00000000000000000000004200000015000","tipo":"Urbano","sup_m2":305.0},"geometry":{"type":"Polygon","coordinates":[[[-58.616029,-34.45215],[-58.615865,-34.452389],[-58.615961,-34.452434],[-58.616123,-34.452194],[-58.616029,-34.45215]]]}},{"type":"Feature","properties":{"partida":"057044291","cca":"057030X00000000000000000000004200000016000","tipo":"Urbano","sup_m2":315.1},"geometry":{"type":"Polygon","coordinates":[[[-58.616057,-34.45248],[-58.61622,-34.452241],[-58.616123,-34.452194],[-58.615961,-34.452434],[-58.616057,-34.45248]]]}},{"type":"Feature","properties":{"partida":"057044292","cca":"057030X0000000000000000000000420000001700A","tipo":"Urbano","sup_m2":517.8},"geometry":{"type":"Polygon","coordinates":[[[-58.616255,-34.452571],[-58.616361,-34.452414],[-58.616261,-34.452364],[-58.616312,-34.452286],[-58.61622,-34.452241],[-58.616057,-34.45248],[-58.616255,-34.452571]]]}},{"type":"Feature","properties":{"partida":"057044294","cca":"057030X00000000000000000000004200000019000","tipo":"Urbano","sup_m2":214.0},"geometry":{"type":"Polygon","coordinates":[[[-58.616361,-34.452414],[-58.616255,-34.452571],[-58.61633,-34.452606],[-58.616376,-34.452593],[-58.616466,-34.452459],[-58.616361,-34.452414]]]}},{"type":"Feature","properties":{"partida":"057044295","cca":"057030X00000000000000000000004200000020000","tipo":"Urbano","sup_m2":217.8},"geometry":{"type":"Polygon","coordinates":[[[-58.616519,-34.452381],[-58.616312,-34.452286],[-58.616261,-34.452364],[-58.616361,-34.452414],[-58.616466,-34.452459],[-58.616519,-34.452381]]]}},{"type":"Feature","properties":{"partida":"057044296","cca":"057030X00000000000000000000004200000021000","tipo":"Urbano","sup_m2":386.9},"geometry":{"type":"Polygon","coordinates":[[[-58.616574,-34.452301],[-58.616225,-34.452134],[-58.616171,-34.452217],[-58.616312,-34.452286],[-58.616519,-34.452381],[-58.616574,-34.452301]]]}}]}