{"type":"FeatureCollection","features":[{"type":"Feature","properties":{"partida":"357008806","cca":"357000100000000000000052100A00000000001000","tipo":"Urbano","sup_m2":2015.1},"geometry":{"type":"Polygon","coordinates":[[[-58.578743,-34.376697],[-58.578869,-34.376567],[-58.578072,-34.375793],[-58.577933,-34.375893],[-58.578743,-34.376697]]]}},{"type":"Feature","properties":{"partida":"357008807","cca":"357000100000000000000052100A00000000002000","tipo":"Urbano","sup_m2":4369.7},"geometry":{"type":"Polygon","coordinates":[[[-58.578444,-34.377003],[-58.578743,-34.376697],[-58.577933,-34.375893],[-58.577683,-34.376073],[-58.578444,-34.377003]]]}},{"type":"Feature","properties":{"partida":"357008808","cca":"357000100000000000000052100A00000000003000","tipo":"Urbano","sup_m2":3288.1},"geometry":{"type":"Polygon","coordinates":[[[-58.578263,-34.377176],[-58.578444,-34.377003],[-58.577683,-34.376073],[-58.577457,-34.376236],[-58.578263,-34.377176]]]}},{"type":"Feature","properties":{"partida":"357008809","cca":"357000100000000000000052100A00000000004000","tipo":"Urbano","sup_m2":3570.4},"geometry":{"type":"Polygon","coordinates":[[[-58.57814,-34.377316],[-58.578263,-34.377176],[-58.577457,-34.376236],[-58.577157,-34.376451],[-58.57814,-34.377316]]]}},{"type":"Feature","properties":{"partida":"357008810","cca":"357000100000000000000052100A00000000005000","tipo":"Urbano","sup_m2":3399.1},"geometry":{"type":"Polygon","coordinates":[[[-58.57814,-34.377316],[-58.577157,-34.376451],[-58.57711,-34.376485],[-58.576973,-34.376693],[-58.577035,-34.376796],[-58.578025,-34.377425],[-58.57814,-34.377316]]]}},{"type":"Feature","properties":{"partida":"357008811","cca":"357000100000000000000052100A00000000006000","tipo":"Urbano","sup_m2":3374.4},"geometry":{"type":"Polygon","coordinates":[[[-58.57814,-34.377316],[-58.578025,-34.377425],[-58.578281,-34.377587],[-58.579025,-34.376819],[-58.578869,-34.376567],[-58.578444,-34.377003],[-58.578263,-34.377176],[-58.57814,-34.377316]]]}},{"type":"Feature","properties":{"partida":"357008812","cca":"357000100000000000000052100A00000000007000","tipo":"Urbano","sup_m2":1976.9},"geometry":{"type":"Polygon","coordinates":[[[-58.578281,-34.377587],[-58.578463,-34.377702],[-58.578634,-34.377658],[-58.578637,-34.377541],[-58.578729,-34.377386],[-58.578841,-34.377289],[-58.578987,-34.377113],[-58.579008,-34.376967],[-58.579025,-34.376819],[-58.578281,-34.377587]]]}},{"type":"Feature","properties":{"partida":"357008813","cca":"357000100000000000000052100A00000000008000","tipo":"Urbano","sup_m2":903.1},"geometry":{"type":"Polygon","coordinates":[[[-58.578962,-34.377982],[-58.579259,-34.377663],[-58.578881,-34.377705],[-58.578661,-34.377805],[-58.578962,-34.377982]]]}},{"type":"Feature","properties":{"partida":"357008831","cca":"357000100000000000000052100B00000000001000","tipo":"Urbano","sup_m2":2433.3},"geometry":{"type":"Polygon","coordinates":[[[-58.577787,-34.37766],[-58.57791,-34.377516],[-58.576808,-34.37687],[-58.576686,-34.377015],[-58.577787,-34.37766]]]}},{"type":"Feature","properties":{"partida":"357008832","cca":"357000100000000000000052100B00000000002000","tipo":"Urbano","sup_m2":2458.3},"geometry":{"type":"Polygon","coordinates":[[[-58.577663,-34.377806],[-58.577787,-34.37766],[-58.576686,-34.377015],[-58.576563,-34.377161],[-58.577663,-34.377806]]]}},{"type":"Feature","properties":{"partida":"357008833","cca":"357000100000000000000052100B00000000003000","tipo":"Urbano","sup_m2":2459.0},"geometry":{"type":"Polygon","coordinates":[[[-58.577663,-34.377806],[-58.576563,-34.377161],[-58.576439,-34.377308],[-58.577538,-34.377952],[-58.577663,-34.377806]]]}},{"type":"Feature","properties":{"partida":"357008834","cca":"357000100000000000000052100B00000000004000","tipo":"Urbano","sup_m2":2474.2},"geometry":{"type":"Polygon","coordinates":[[[-58.577538,-34.377952],[-58.576439,-34.377308],[-58.576315,-34.377456],[-58.577413,-34.378099],[-58.577538,-34.377952]]]}},{"type":"Feature","properties":{"partida":"357008835","cca":"357000100000000000000052100B00000000005000","tipo":"Urbano","sup_m2":2474.2},"geometry":{"type":"Polygon","coordinates":[[[-58.577413,-34.378099],[-58.576315,-34.377456],[-58.57619,-34.377604],[-58.577287,-34.378247],[-58.577413,-34.378099]]]}},{"type":"Feature","properties":{"partida":"357008836","cca":"357000100000000000000052100B00000000006000","tipo":"Urbano","sup_m2":2472.0},"geometry":{"type":"Polygon","coordinates":[[[-58.577162,-34.378394],[-58.577287,-34.378247],[-58.57619,-34.377604],[-58.576066,-34.377751],[-58.577162,-34.378394]]]}},{"type":"Feature","properties":{"partida":"357008837","cca":"357000100000000000000052100B00000000007000","tipo":"Urbano","sup_m2":2467.9},"geometry":{"type":"Polygon","coordinates":[[[-58.577036,-34.378541],[-58.577162,-34.378394],[-58.576066,-34.377751],[-58.575941,-34.377899],[-58.577036,-34.378541]]]}},{"type":"Feature","properties":{"partida":"357008838","cca":"357000100000000000000052100B00000000008000","tipo":"Urbano","sup_m2":2466.0},"geometry":{"type":"Polygon","coordinates":[[[-58.577036,-34.378541],[-58.575941,-34.377899],[-58.575818,-34.378048],[-58.576911,-34.378688],[-58.577036,-34.378541]]]}},{"type":"Feature","properties":{"partida":"357008839","cca":"357000100000000000000052100B00000000009000","tipo":"Urbano","sup_m2":2415.7},"geometry":{"type":"Polygon","coordinates":[[[-58.576785,-34.378835],[-58.576911,-34.378688],[-58.575818,-34.378048],[-58.575733,-34.378219],[-58.576785,-34.378835]]]}},{"type":"Feature","properties":{"partida":"357008840","cca":"357000100000000000000052100B00000000010000","tipo":"Urbano","sup_m2":2522.3},"geometry":{"type":"Polygon","coordinates":[[[-58.576877,-34.37889],[-58.575733,-34.378219],[-58.575649,-34.37839],[-58.576743,-34.379032],[-58.576877,-34.37889]]]}},{"type":"Feature","properties":{"partida":"357008841","cca":"357000100000000000000052100B00000000011000","tipo":"Urbano","sup_m2":2376.3},"geometry":{"type":"Polygon","coordinates":[[[-58.575649,-34.37839],[-58.575564,-34.378561],[-58.576576,-34.379154],[-58.576706,-34.379063],[-58.576743,-34.379032],[-58.575649,-34.37839]]]}},{"type":"Feature","properties":{"partida":"357008842","cca":"357000100000000000000052100B00000000012000","tipo":"Urbano","sup_m2":2376.1},"geometry":{"type":"Polygon","coordinates":[[[-58.576576,-34.379154],[-58.576534,-34.37913],[-58.575564,-34.378561],[-58.57548,-34.378733],[-58.576589,-34.379383],[-58.576576,-34.379279],[-58.576568,-34.37916],[-58.576576,-34.379154]]]}},{"type":"Feature","properties":{"partida":"357008843","cca":"357000100000000000000052100B00000000013000","tipo":"Urbano","sup_m2":2550.5},"geometry":{"type":"Polygon","coordinates":[[[-58.57548,-34.378733],[-58.575395,-34.378904],[-58.576518,-34.379561],[-58.576535,-34.379545],[-58.576598,-34.379453],[-58.576589,-34.379383],[-58.57548,-34.378733]]]}},{"type":"Feature","properties":{"partida":"357008844","cca":"357000100000000000000052100B00000000014000","tipo":"Urbano","sup_m2":2414.9},"geometry":{"type":"Polygon","coordinates":[[[-58.576518,-34.379561],[-58.575395,-34.378904],[-58.575311,-34.379075],[-58.576158,-34.379571],[-58.57631,-34.379659],[-58.576463,-34.379613],[-58.576518,-34.379561]]]}},{"type":"Feature","properties":{"partida":"357008845","cca":"357000100000000000000052100B00000000015000","tipo":"Urbano","sup_m2":1538.4},"geometry":{"type":"Polygon","coordinates":[[[-58.57631,-34.379659],[-58.575311,-34.379075],[-58.575243,-34.379232],[-58.576222,-34.379723],[-58.57631,-34.379659]]]}},{"type":"Feature","properties":{"partida":"357008846","cca":"357000100000000000000052100B00000000016000","tipo":"Urbano","sup_m2":1921.8},"geometry":{"type":"Polygon","coordinates":[[[-58.576222,-34.379723],[-58.575243,-34.379232],[-58.575168,-34.379428],[-58.576156,-34.379844],[-58.576222,-34.379723]]]}},{"type":"Feature","properties":{"partida":"357008867","cca":"357000100000000000000052100B0000000003300C","tipo":"Urbano","sup_m2":1894.8},"geometry":{"type":"Polygon","coordinates":[[[-58.577511,-34.379706],[-58.576609,-34.379169],[-58.576603,-34.379173],[-58.576612,-34.379295],[-58.576625,-34.379401],[-58.577387,-34.379854],[-58.577511,-34.379706]]]}},{"type":"Feature","properties":{"partida":"357008868","cca":"357000100000000000000052100B0000000003400A","tipo":"Urbano","sup_m2":1976.4},"geometry":{"type":"Polygon","coordinates":[[[-58.577639,-34.37956],[-58.576773,-34.379049],[-58.576741,-34.379076],[-58.576609,-34.379169],[-58.577511,-34.379706],[-58.577639,-34.37956]]]}},{"type":"Feature","properties":{"partida":"357008869","cca":"357000100000000000000052100B0000000003400B","tipo":"Urbano","sup_m2":1917.3},"geometry":{"type":"Polygon","coordinates":[[[-58.576908,-34.378908],[-58.576888,-34.378927],[-58.576817,-34.379012],[-58.576773,-34.379049],[-58.577639,-34.37956],[-58.577764,-34.379418],[-58.576908,-34.378908]]]}},{"type":"Feature","properties":{"partida":"357008870","cca":"357000100000000000000052100B00000000035000","tipo":"Urbano","sup_m2":3749.1},"geometry":{"type":"Polygon","coordinates":[[[-58.577764,-34.379418],[-58.577981,-34.379157],[-58.57699,-34.378595],[-58.576785,-34.378835],[-58.577764,-34.379418]]]}},{"type":"Feature","properties":{"partida":"357008871","cca":"357000100000000000000052100B00000000036000","tipo":"Urbano","sup_m2":3641.1},"geometry":{"type":"Polygon","coordinates":[[[-58.577199,-34.378351],[-58.57699,-34.378595],[-58.577981,-34.379157],[-58.578184,-34.378914],[-58.577199,-34.378351]]]}},{"type":"Feature","properties":{"partida":"357008872","cca":"357000100000000000000052100B00000000037000","tipo":"Urbano","sup_m2":3831.5},"geometry":{"type":"Polygon","coordinates":[[[-58.577413,-34.378099],[-58.577199,-34.378351],[-58.578184,-34.378914],[-58.578406,-34.378661],[-58.577824,-34.378326],[-58.577413,-34.378099]]]}},{"type":"Feature","properties":{"partida":"357008873","cca":"357000100000000000000052100B00000000038000","tipo":"Urbano","sup_m2":3449.3},"geometry":{"type":"Polygon","coordinates":[[[-58.578406,-34.378661],[-58.578895,-34.378087],[-58.5785,-34.377858],[-58.578011,-34.378434],[-58.578406,-34.378661]]]}},{"type":"Feature","properties":{"partida":"357008874","cca":"357000100000000000000052100B00000000039000","tipo":"Urbano","sup_m2":1589.4},"geometry":{"type":"Polygon","coordinates":[[[-58.5785,-34.377858],[-58.578325,-34.377756],[-58.577824,-34.378326],[-58.578011,-34.378434],[-58.5785,-34.377858]]]}},{"type":"Feature","properties":{"partida":"357008875","cca":"357000100000000000000052100B00000000040000","tipo":"Urbano","sup_m2":1687.2},"geometry":{"type":"Polygon","coordinates":[[[-58.578325,-34.377756],[-58.578126,-34.377641],[-58.577637,-34.378221],[-58.577824,-34.378326],[-58.578325,-34.377756]]]}},{"type":"Feature","properties":{"partida":"357008876","cca":"357000100000000000000052100B00000000041000","tipo":"Urbano","sup_m2":1927.8},"geometry":{"type":"Polygon","coordinates":[[[-58.57791,-34.377516],[-58.577413,-34.378099],[-58.577637,-34.378221],[-58.578126,-34.377641],[-58.57791,-34.377516]]]}},{"type":"Feature","properties":{"partida":"357008877","cca":"357000100000000000000052100C00000000001000","tipo":"Urbano","sup_m2":3617.7},"geometry":{"type":"Polygon","coordinates":[[[-58.578924,-34.378937],[-58.579428,-34.378353],[-58.579211,-34.378256],[-58.578977,-34.378232],[-58.578736,-34.378377],[-58.578469,-34.378675],[-58.578924,-34.378937]]]}},{"type":"Feature","properties":{"partida":"357008878","cca":"357000100000000000000052100C00000000002000","tipo":"Urbano","sup_m2":4005.0},"geometry":{"type":"Polygon","coordinates":[[[-58.578469,-34.378675],[-58.57825,-34.378929],[-58.579257,-34.379525],[-58.579481,-34.37927],[-58.579113,-34.379047],[-58.578469,-34.378675]]]}},{"type":"Feature","properties":{"partida":"357008879","cca":"357000100000000000000052100C00000000003000","tipo":"Urbano","sup_m2":3805.7},"geometry":{"type":"Polygon","coordinates":[[[-58.57825,-34.378929],[-58.578033,-34.379182],[-58.579048,-34.379761],[-58.579257,-34.379525],[-58.57825,-34.378929]]]}},{"type":"Feature","properties":{"partida":"357008880","cca":"357000100000000000000052100C00000000004000","tipo":"Urbano","sup_m2":3823.2},"geometry":{"type":"Polygon","coordinates":[[[-58.578822,-34.380016],[-58.579048,-34.379761],[-58.578033,-34.379182],[-58.577827,-34.379421],[-58.578822,-34.380016]]]}},{"type":"Feature","properties":{"partida":null,"cca":"35700010000000000000006250000000000000100B","tipo":null,"sup_m2":10928.3},"geometry":{"type":"Polygon","coordinates":[[[-58.572636,-34.366521],[-58.573415,-34.36641],[-58.573187,-34.365148],[-58.572378,-34.365276],[-58.572428,-34.365807],[-58.572467,-34.365999],[-58.572573,-34.366356],[-58.572636,-34.366521]]]}},{"type":"Feature","properties":{"partida":null,"cca":"35700010000000000000006250000000000000100C","tipo":null,"sup_m2":6765.4},"geometry":{"type":"Polygon","coordinates":[[[-58.57284,-34.366793],[-58.573019,-34.366702],[-58.573007,-34.366849],[-58.572917,-34.366953],[-58.572824,-34.367173],[-58.572793,-34.367303],[-58.573966,-34.367059],[-58.573415,-34.36641],[-58.572636,-34.366521],[-58.57272,-34.366585],[-58.572737,-34.366772],[-58.57284,-34.366793]]]}},{"type":"Feature","properties":{"partida":"357012859","cca":"35700010000000000000006250000000000000100D","tipo":"Rural","sup_m2":45070.4},"geometry":{"type":"Polygon","coordinates":[[[-58.579616,-34.365545],[-58.579162,-34.364324],[-58.579073,-34.363929],[-58.577803,-34.365783],[-58.573415,-34.36641],[-58.573966,-34.367059],[-58.574331,-34.367043],[-58.575342,-34.366868],[-58.577811,-34.36615],[-58.579616,-34.365545]]]}},{"type":"Feature","properties":{"partida":"357015822","cca":"35700010000000000000006250000000000000100E","tipo":"Rural","sup_m2":47594.5},"geometry":{"type":"Polygon","coordinates":[[[-58.573415,-34.36641],[-58.577803,-34.365783],[-58.577774,-34.365689],[-58.577557,-34.365586],[-58.57754,-34.365594],[-58.577472,-34.365607],[-58.577404,-34.365594],[-58.577235,-34.365499],[-58.577149,-34.365428],[-58.577053,-34.365382],[-58.576904,-34.365369],[-58.576856,-34.36532],[-58.576883,-34.365232],[-58.576923,-34.365145],[-58.576837,-34.365046],[-58.576744,-34.365012],[-58.576634,-34.365024],[-58.576523,-34.365044],[-58.576414,-34.365038],[-58.57631,-34.364987],[-58.576203,-34.364963],[-58.576081,-34.364982],[-58.576056,-34.364973],[-58.57597,-34.364913],[-58.57575,-34.364827],[-58.575583,-34.364768],[-58.573187,-34.365148],[-58.573415,-34.36641]]]}},{"type":"Feature","properties":{"partida":null,"cca":"35700010000000000000006250000000000000200A","tipo":null,"sup_m2":393487.9},"geometry":{"type":"Polygon","coordinates":[[[-58.572747,-34.367441],[-58.572731,-34.367642],[-58.572824,-34.36776],[-58.573207,-34.368394],[-58.573644,-34.369091],[-58.573721,-34.369477],[-58.573801,-34.36996],[-58.573402,-34.370594],[-58.573362,-34.370739],[-58.579686,-34.373689],[-58.579928,-34.373398],[-58.580014,-34.373277],[-58.580137,-34.373131],[-58.579506,-34.372832],[-58.579533,-34.372237],[-58.579293,-34.371885],[-58.579156,-34.371589],[-58.579143,-34.370816],[-58.579363,-34.370377],[-58.57942,-34.370231],[-58.579678,-34.369808],[-58.580077,-34.369425],[-58.58051,-34.369118],[-58.580736,-34.368862],[-58.580984,-34.368215],[-58.581012,-34.368001],[-58.580915,-34.367743],[-58.580726,-34.367459],[-58.580229,-34.36667],[-58.579616,-34.365545],[-58.577811,-34.36615],[-58.575342,-34.366868],[-58.574331,-34.367043],[-58.573966,-34.367059],[-58.572793,-34.367303],[-58.57277,-34.367357],[-58.572747,-34.367441]]]}},{"type":"Feature","properties":{"partida":"357012865","cca":"357000100000000000000062500A00000000002000","tipo":"Urbano","sup_m2":2517.2},"geometry":{"type":"Polygon","coordinates":[[[-58.577509,-34.361776],[-58.578922,-34.361719],[-58.578919,-34.361636],[-58.578911,-34.361539],[-58.577574,-34.361593],[-58.577562,-34.361676],[-58.577538,-34.361728],[-58.577509,-34.361776]]]}},{"type":"Feature","properties":{"partida":"357012866","cca":"357000100000000000000062500A0000000000300A","tipo":"Urbano","sup_m2":975.1},"geometry":{"type":"Polygon","coordinates":[[[-58.578922,-34.361719],[-58.578394,-34.36174],[-58.578404,-34.36192],[-58.57894,-34.361898],[-58.578927,-34.361809],[-58.578922,-34.361719]]]}},{"type":"Feature","properties":{"partida":"357012867","cca":"357000100000000000000062500A0000000000400A","tipo":"Urbano","sup_m2":4775.4},"geometry":{"type":"Polygon","coordinates":[[[-58.577217,-34.362149],[-58.578947,-34.362079],[-58.57894,-34.361898],[-58.578404,-34.36192],[-58.578394,-34.36174],[-58.577509,-34.361776],[-58.577441,-34.361892],[-58.577217,-34.362149]]]}},{"type":"Feature","properties":{"partida":"357012868","cca":"357000100000000000000062500A00000000005000","tipo":"Urbano","sup_m2":3258.0},"geometry":{"type":"Polygon","coordinates":[[[-58.578947,-34.362079],[-58.577217,-34.362149],[-58.577184,-34.362224],[-58.577159,-34.362306],[-58.577143,-34.362332],[-58.57895,-34.362259],[-58.578947,-34.362079]]]}},{"type":"Feature","properties":{"partida":"357012869","cca":"357000100000000000000062500A00000000006000","tipo":"Urbano","sup_m2":1142.4},"geometry":{"type":"Polygon","coordinates":[[[-58.57665,-34.362939],[-58.576628,-34.362566],[-58.576598,-34.362582],[-58.576495,-34.362611],[-58.576437,-34.362614],[-58.57637,-34.362636],[-58.576304,-34.36269],[-58.576283,-34.362778],[-58.576297,-34.362871],[-58.576318,-34.362915],[-58.576344,-34.362951],[-58.57665,-34.362939]]]}},{"type":"Feature","properties":{"partida":"357012870","cca":"357000100000000000000062500A00000000007000","tipo":"Urbano","sup_m2":869.0},"geometry":{"type":"Polygon","coordinates":[[[-58.576867,-34.36293],[-58.576843,-34.36253],[-58.576708,-34.362543],[-58.576628,-34.362566],[-58.57665,-34.362939],[-58.576867,-34.36293]]]}},{"type":"Feature","properties":{"partida":"357012871","cca":"357000100000000000000062500A00000000008000","tipo":"Urbano","sup_m2":988.8},"geometry":{"type":"Polygon","coordinates":[[[-58.577055,-34.362431],[-58.576843,-34.36253],[-58.576867,-34.36293],[-58.577084,-34.362921],[-58.577055,-34.362431]]]}},{"type":"Feature","properties":{"partida":"357012872","cca":"357000100000000000000062500A00000000009000","tipo":"Urbano","sup_m2":1239.4},"geometry":{"type":"Polygon","coordinates":[[[-58.577084,-34.362921],[-58.577301,-34.362912],[-58.577266,-34.362327],[-58.577143,-34.362332],[-58.577112,-34.362399],[-58.577055,-34.362431],[-58.577084,-34.362921]]]}},{"type":"Feature","properties":{"partida":"357012873","cca":"357000100000000000000062500A00000000010000","tipo":"Urbano","sup_m2":1495.1},"geometry":{"type":"Polygon","coordinates":[[[-58.577516,-34.362317],[-58.577266,-34.362327],[-58.577301,-34.362912],[-58.577551,-34.362902],[-58.577516,-34.362317]]]}},{"type":"Feature","properties":{"partida":"357012874","cca":"357000100000000000000062500A00000000011000","tipo":"Urbano","sup_m2":1332.5},"geometry":{"type":"Polygon","coordinates":[[[-58.577773,-34.362893],[-58.577739,-34.362308],[-58.577516,-34.362317],[-58.577551,-34.362902],[-58.577773,-34.362893]]]}},{"type":"Feature","properties":{"partida":"357012875","cca":"357000100000000000000062500A00000000012000","tipo":"Urbano","sup_m2":1300.0},"geometry":{"type":"Polygon","coordinates":[[[-58.577956,-34.362299],[-58.577739,-34.362308],[-58.577773,-34.362893],[-58.57799,-34.362884],[-58.577956,-34.362299]]]}},{"type":"Feature","properties":{"partida":"357012876","cca":"357000100000000000000062500A00000000013000","tipo":"Urbano","sup_m2":1384.6},"geometry":{"type":"Polygon","coordinates":[[[-58.578221,-34.362875],[-58.578187,-34.36229],[-58.577956,-34.362299],[-58.57799,-34.362884],[-58.578221,-34.362875]]]}},{"type":"Feature","properties":{"partida":"357012877","cca":"357000100000000000000062500A00000000014000","tipo":"Urbano","sup_m2":1540.4},"geometry":{"type":"Polygon","coordinates":[[[-58.578479,-34.362865],[-58.578444,-34.362279],[-58.578187,-34.36229],[-58.578221,-34.362875],[-58.578479,-34.362865]]]}},{"type":"Feature","properties":{"partida":"357012878","cca":"357000100000000000000062500A00000000015000","tipo":"Urbano","sup_m2":1136.4},"geometry":{"type":"Polygon","coordinates":[[[-58.578962,-34.362619],[-58.578465,-34.36264],[-58.578479,-34.362865],[-58.578972,-34.362845],[-58.578962,-34.362619]]]}},{"type":"Feature","properties":{"partida":"357012879","cca":"357000100000000000000062500A00000000016000","tipo":"Urbano","sup_m2":912.0},"geometry":{"type":"Polygon","coordinates":[[[-58.578465,-34.36264],[-58.578962,-34.362619],[-58.578949,-34.362439],[-58.578455,-34.36246],[-58.578465,-34.36264]]]}},{"type":"Feature","properties":{"partida":"357012880","cca":"357000100000000000000062500A00000000017000","tipo":"Urbano","sup_m2":918.5},"geometry":{"type":"Polygon","coordinates":[[[-58.578444,-34.362279],[-58.578455,-34.36246],[-58.578949,-34.362439],[-58.578947,-34.362349],[-58.57895,-34.362259],[-58.578444,-34.362279]]]}},{"type":"Feature","properties":{"partida":"357012881","cca":"357000100000000000000062500B00000000001000","tipo":"Urbano","sup_m2":913.0},"geometry":{"type":"Polygon","coordinates":[[[-58.578998,-34.363159],[-58.578986,-34.36307],[-58.578981,-34.36298],[-58.578487,-34.363],[-58.578497,-34.36318],[-58.578998,-34.363159]]]}},{"type":"Feature","properties":{"partida":"357012882","cca":"357000100000000000000062500B00000000002000","tipo":"Urbano","sup_m2":947.9},"geometry":{"type":"Polygon","coordinates":[[[-58.578508,-34.36336],[-58.578487,-34.363],[-58.578229,-34.36301],[-58.578251,-34.36337],[-58.578508,-34.36336]]]}},{"type":"Feature","properties":{"partida":"357012883","cca":"357000100000000000000062500B00000000003000","tipo":"Urbano","sup_m2":952.1},"geometry":{"type":"Polygon","coordinates":[[[-58.577992,-34.363381],[-58.578251,-34.36337],[-58.578229,-34.36301],[-58.577971,-34.363021],[-58.577992,-34.363381]]]}},{"type":"Feature","properties":{"partida":"357012884","cca":"357000100000000000000062500B00000000004000","tipo":"Urbano","sup_m2":950.1},"geometry":{"type":"Polygon","coordinates":[[[-58.578519,-34.36354],[-58.578508,-34.36336],[-58.577992,-34.363381],[-58.578003,-34.363561],[-58.578519,-34.36354]]]}},{"type":"Feature","properties":{"partida":"357012885","cca":"357000100000000000000062500B00000000005000","tipo":"Urbano","sup_m2":950.1},"geometry":{"type":"Polygon","coordinates":[[[-58.578529,-34.36372],[-58.578519,-34.36354],[-58.578003,-34.363561],[-58.578014,-34.363741],[-58.578529,-34.36372]]]}},{"type":"Feature","properties":{"partida":"357012886","cca":"357000100000000000000062500B00000000006000","tipo":"Urbano","sup_m2":950.9},"geometry":{"type":"Polygon","coordinates":[[[-58.578529,-34.36372],[-58.578014,-34.363741],[-58.578024,-34.363921],[-58.57854,-34.3639],[-58.578529,-34.36372]]]}},{"type":"Feature","properties":{"partida":"357012887","cca":"357000100000000000000062500B00000000007000","tipo":"Urbano","sup_m2":786.5},"geometry":{"type":"Polygon","coordinates":[[[-58.578366,-34.36405],[-58.578358,-34.363907],[-58.578024,-34.363921],[-58.578035,-34.364101],[-58.578259,-34.364206],[-58.578366,-34.36405]]]}},{"type":"Feature","properties":{"partida":"357012888","cca":"357000100000000000000062500B00000000008000","tipo":"Urbano","sup_m2":1196.7},"geometry":{"type":"Polygon","coordinates":[[[-58.57866,-34.364396],[-58.578259,-34.364206],[-58.578035,-34.364101],[-58.578047,-34.364314],[-58.578553,-34.364552],[-58.57866,-34.364396]]]}},{"type":"Feature","properties":{"partida":"357012889","cca":"357000100000000000000062500B00000000009000","tipo":"Urbano","sup_m2":849.9},"geometry":{"type":"Polygon","coordinates":[[[-58.578259,-34.364206],[-58.57866,-34.364396],[-58.578768,-34.364239],[-58.578366,-34.36405],[-58.578259,-34.364206]]]}},{"type":"Feature","properties":{"partida":"357012890","cca":"357000100000000000000062500B00000000010000","tipo":"Urbano","sup_m2":1018.5},"geometry":{"type":"Polygon","coordinates":[[[-58.578888,-34.364064],[-58.57854,-34.3639],[-58.578358,-34.363907],[-58.578366,-34.36405],[-58.578768,-34.364239],[-58.578888,-34.364064]]]}},{"type":"Feature","properties":{"partida":"357012891","cca":"357000100000000000000062500B00000000011000","tipo":"Urbano","sup_m2":1392.9},"geometry":{"type":"Polygon","coordinates":[[[-58.579035,-34.363699],[-58.578529,-34.36372],[-58.57854,-34.3639],[-58.578888,-34.364064],[-58.579022,-34.363868],[-58.579066,-34.363864],[-58.57907,-34.363773],[-58.579048,-34.363739],[-58.579035,-34.363699]]]}},{"type":"Feature","properties":{"partida":"357012892","cca":"357000100000000000000062500B00000000012000","tipo":"Urbano","sup_m2":921.5},"geometry":{"type":"Polygon","coordinates":[[[-58.579035,-34.363699],[-58.579016,-34.36361],[-58.57903,-34.363519],[-58.578519,-34.36354],[-58.578529,-34.36372],[-58.579035,-34.363699]]]}},{"type":"Feature","properties":{"partida":"357012893","cca":"357000100000000000000062500B00000000013000","tipo":"Urbano","sup_m2":940.1},"geometry":{"type":"Polygon","coordinates":[[[-58.578519,-34.36354],[-58.57903,-34.363519],[-58.579026,-34.363429],[-58.579013,-34.363339],[-58.578508,-34.36336],[-58.578519,-34.36354]]]}},{"type":"Feature","properties":{"partida":"357012894","cca":"357000100000000000000062500B00000000014000","tipo":"Urbano","sup_m2":926.0},"geometry":{"type":"Polygon","coordinates":[[[-58.578508,-34.36336],[-58.579013,-34.363339],[-58.578998,-34.363159],[-58.578497,-34.36318],[-58.578508,-34.36336]]]}},{"type":"Feature","properties":{"partida":"357012895","cca":"357000100000000000000062500C00000000001000","tipo":"Urbano","sup_m2":920.0},"geometry":{"type":"Polygon","coordinates":[[[-58.577559,-34.363037],[-58.57758,-34.363397],[-58.577829,-34.363387],[-58.577808,-34.363027],[-58.577559,-34.363037]]]}},{"type":"Feature","properties":{"partida":"357012896","cca":"357000100000000000000062500C00000000002000","tipo":"Urbano","sup_m2":919.8},"geometry":{"type":"Polygon","coordinates":[[[-58.57758,-34.363397],[-58.577559,-34.363037],[-58.577309,-34.363048],[-58.57733,-34.363408],[-58.57758,-34.363397]]]}},{"type":"Feature","properties":{"partida":"357012897","cca":"357000100000000000000062500C00000000003000","tipo":"Urbano","sup_m2":1723.7},"geometry":{"type":"Polygon","coordinates":[[[-58.577134,-34.363776],[-58.577212,-34.363804],[-58.577273,-34.363835],[-58.577334,-34.36388],[-58.577359,-34.363903],[-58.577309,-34.363048],[-58.577092,-34.363056],[-58.577134,-34.363776]]]}},{"type":"Feature","properties":{"partida":"357012898","cca":"357000100000000000000062500C00000000004000","tipo":"Urbano","sup_m2":1277.6},"geometry":{"type":"Polygon","coordinates":[[[-58.576875,-34.363065],[-58.5769,-34.363489],[-58.576957,-34.363509],[-58.577015,-34.363604],[-58.577014,-34.363641],[-58.577023,-34.363711],[-58.577134,-34.363776],[-58.577092,-34.363056],[-58.576875,-34.363065]]]}},{"type":"Feature","properties":{"partida":"357012899","cca":"357000100000000000000062500C00000000005000","tipo":"Urbano","sup_m2":1464.6},"geometry":{"type":"Polygon","coordinates":[[[-58.576875,-34.363065],[-58.576424,-34.363083],[-58.576464,-34.36323],[-58.576487,-34.363261],[-58.576538,-34.363286],[-58.576625,-34.363339],[-58.576651,-34.363456],[-58.576762,-34.363498],[-58.576879,-34.363486],[-58.5769,-34.363489],[-58.576875,-34.363065]]]}},{"type":"Feature","properties":{"partida":"357012900","cca":"357000100000000000000062500C00000000006000","tipo":"Urbano","sup_m2":775.9},"geometry":{"type":"Polygon","coordinates":[[[-58.577861,-34.363927],[-58.577667,-34.363935],[-58.577682,-34.36398],[-58.577653,-34.364116],[-58.577661,-34.364206],[-58.577679,-34.364251],[-58.577712,-34.36431],[-58.577884,-34.364303],[-58.577861,-34.363927]]]}},{"type":"Feature","properties":{"partida":"357012901","cca":"357000100000000000000062500C00000000007000","tipo":"Urbano","sup_m2":839.3},"geometry":{"type":"Polygon","coordinates":[[[-58.577851,-34.363747],[-58.577351,-34.363768],[-58.577359,-34.363903],[-58.577379,-34.363907],[-58.577488,-34.363918],[-58.577601,-34.363916],[-58.577642,-34.363919],[-58.577667,-34.363935],[-58.577861,-34.363927],[-58.577851,-34.363747]]]}},{"type":"Feature","properties":{"partida":"357012902","cca":"357000100000000000000062500C00000000008000","tipo":"Urbano","sup_m2":920.0},"geometry":{"type":"Polygon","coordinates":[[[-58.57784,-34.363567],[-58.577341,-34.363588],[-58.577351,-34.363768],[-58.577851,-34.363747],[-58.57784,-34.363567]]]}},{"type":"Feature","properties":{"partida":"357012903","cca":"357000100000000000000062500C00000000009000","tipo":"Urbano","sup_m2":919.9},"geometry":{"type":"Polygon","coordinates":[[[-58.577829,-34.363387],[-58.57733,-34.363408],[-58.577341,-34.363588],[-58.57784,-34.363567],[-58.577829,-34.363387]]]}},{"type":"Feature","properties":{"partida":"357012904","cca":"357000100000000000000062500D00000000001000","tipo":"Urbano","sup_m2":1061.0},"geometry":{"type":"Polygon","coordinates":[[[-58.57766,-34.364702],[-58.577856,-34.364794],[-58.578071,-34.364481],[-58.577973,-34.364435],[-58.577703,-34.364446],[-58.577687,-34.364453],[-58.577609,-34.364539],[-58.577657,-34.364628],[-58.57766,-34.364702]]]}},{"type":"Feature","properties":{"partida":"357012905","cca":"357000100000000000000062500D00000000002000","tipo":"Urbano","sup_m2":1104.9},"geometry":{"type":"Polygon","coordinates":[[[-58.578043,-34.365297],[-58.577752,-34.36516],[-58.577771,-34.365184],[-58.57778,-34.365228],[-58.577778,-34.365268],[-58.577766,-34.365295],[-58.577694,-34.365434],[-58.57764,-34.365513],[-58.577557,-34.365586],[-58.577774,-34.365689],[-58.578043,-34.365297]]]}},{"type":"Feature","properties":{"partida":"357012906","cca":"357000100000000000000062500D00000000003000","tipo":"Urbano","sup_m2":860.3},"geometry":{"type":"Polygon","coordinates":[[[-58.577752,-34.36516],[-58.578043,-34.365297],[-58.57815,-34.36514],[-58.577651,-34.364905],[-58.57766,-34.364949],[-58.577689,-34.365036],[-58.577727,-34.365121],[-58.577752,-34.36516]]]}},{"type":"Feature","properties":{"partida":"357012907","cca":"357000100000000000000062500D00000000004000","tipo":"Urbano","sup_m2":1152.3},"geometry":{"type":"Polygon","coordinates":[[[-58.577651,-34.364905],[-58.57815,-34.36514],[-58.578257,-34.364983],[-58.57766,-34.364702],[-58.577667,-34.36472],[-58.577661,-34.364811],[-58.57765,-34.364888],[-58.577651,-34.364905]]]}},{"type":"Feature","properties":{"partida":"357012908","cca":"357000100000000000000062500D00000000005000","tipo":"Urbano","sup_m2":850.0},"geometry":{"type":"Polygon","coordinates":[[[-58.577963,-34.364637],[-58.577856,-34.364794],[-58.578257,-34.364983],[-58.578365,-34.364827],[-58.577963,-34.364637]]]}},{"type":"Feature","properties":{"partida":"357012909","cca":"357000100000000000000062500D00000000006000","tipo":"Urbano","sup_m2":849.9},"geometry":{"type":"Polygon","coordinates":[[[-58.578365,-34.364827],[-58.578472,-34.36467],[-58.578071,-34.364481],[-58.577963,-34.364637],[-58.578365,-34.364827]]]}},{"type":"Feature","properties":{"partida":"357012910","cca":"35700010000000000000006260000000000000100A","tipo":"Rural","sup_m2":189669.3},"geometry":{"type":"Polygon","coordinates":[[[-58.573139,-34.364278],[-58.573118,-34.364337],[-58.573041,-34.364375],[-58.572706,-34.36446],[-58.572606,-34.364585],[-58.572542,-34.364713],[-58.572435,-34.364974],[-58.572378,-34.365276],[-58.575583,-34.364768],[-58.57575,-34.364816],[-58.576081,-34.364948],[-58.576209,-34.364947],[-58.576475,-34.365016],[-58.576744,-34.364992],[-58.57685,-34.36504],[-58.57694,-34.365143],[-58.576876,-34.365312],[-58.576913,-34.365351],[-58.57706,-34.365371],[-58.577165,-34.365424],[-58.577404,-34.365577],[-58.57747,-34.365587],[-58.577539,-34.36557],[-58.577649,-34.365459],[-58.577752,-34.365266],[-58.577754,-34.365203],[-58.577667,-34.365042],[-58.577629,-34.3649],[-58.577633,-34.364647],[-58.577589,-34.364538],[-58.577694,-34.364402],[-58.577698,-34.364352],[-58.577626,-34.364187],[-58.577645,-34.364022],[-58.577595,-34.363939],[-58.57736,-34.363919],[-58.577238,-34.363841],[-58.577004,-34.36373],[-58.576973,-34.363599],[-58.576936,-34.363538],[-58.576885,-34.363513],[-58.576751,-34.36351],[-58.576628,-34.36347],[-58.576604,-34.363349],[-58.576452,-34.363266],[-58.576363,-34.363031],[-58.576256,-34.362843],[-58.576266,-34.362702],[-58.576351,-34.362617],[-58.576531,-34.362575],[-58.576824,-34.362498],[-58.577078,-34.362371],[-58.577122,-34.3623],[-58.577193,-34.362139],[-58.577425,-34.361849],[-58.577513,-34.361697],[-58.577531,-34.361601],[-58.577528,-34.361437],[-58.577658,-34.361242],[-58.577763,-34.361203],[-58.57782,-34.361119],[-58.57793,-34.361074],[-58.578174,-34.361071],[-58.578424,-34.361059],[-58.578566,-34.361084],[-58.57871,-34.36117],[-58.57884,-34.361222],[-58.578898,-34.361211],[-58.578946,-34.361149],[-58.578978,-34.361044],[-58.57899,-34.360849],[-58.578977,-34.360622],[-58.578944,-34.360463],[-58.578902,-34.360361],[-58.578773,-34.360291],[-58.578615,-34.360277],[-58.578265,-34.360284],[-58.577938,-34.360274],[-58.577531,-34.360227],[-58.577144,-34.360164],[-58.576713,-34.360033],[-58.576268,-34.359887],[-58.575967,-34.359833],[-58.572728,-34.3635],[-58.572939,-34.363766],[-58.572975,-34.363817],[-58.573042,-34.363984],[-58.573127,-34.364215],[-58.573139,-34.364278]]]}},{"type":"Feature","properties":{"partida":"357012911","cca":"35700010000000000000006260000000000000200C","tipo":"Rural","sup_m2":20179.7},"geometry":{"type":"Polygon","coordinates":[[[-58.57237,-34.363033],[-58.572728,-34.3635],[-58.574953,-34.360982],[-58.574372,-34.360664],[-58.57237,-34.363033]]]}},{"type":"Feature","properties":{"partida":"357012912","cca":"357000100000000000000062700000000000001000","tipo":"Rural","sup_m2":24056.8},"geometry":{"type":"Polygon","coordinates":[[[-58.571596,-34.362191],[-58.571266,-34.362049],[-58.570536,-34.362127],[-58.569968,-34.362433],[-58.569772,-34.362609],[-58.569685,-34.362734],[-58.569577,-34.362873],[-58.569525,-34.362969],[-58.569484,-34.363067],[-58.5724,-34.363376],[-58.572329,-34.363279],[-58.572133,-34.363033],[-58.572064,-34.362835],[-58.571984,-34.362644],[-58.571596,-34.362191]]]}},{"type":"Feature","properties":{"partida":"357012913","cca":"357000100000000000000062700000000000002000","tipo":"Rural","sup_m2":14529.4},"geometry":{"type":"Polygon","coordinates":[[[-58.572951,-34.363883],[-58.572825,-34.363786],[-58.572595,-34.363647],[-58.5724,-34.363376],[-58.569484,-34.363067],[-58.569309,-34.363483],[-58.572951,-34.363883]]]}},{"type":"Feature","properties":{"partida":"357012914","cca":"357000100000000000000062700000000000003000","tipo":"Rural","sup_m2":17642.1},"geometry":{"type":"Polygon","coordinates":[[[-58.572852,-34.364332],[-58.573068,-34.364099],[-58.572995,-34.363936],[-58.572951,-34.363883],[-58.569309,-34.363483],[-58.569245,-34.363634],[-58.569192,-34.36379],[-58.56915,-34.363925],[-58.572852,-34.364332]]]}},{"type":"Feature","properties":{"partida":"357012915","cca":"357000100000000000000062700000000000004000","tipo":"Rural","sup_m2":15703.5},"geometry":{"type":"Polygon","coordinates":[[[-58.572852,-34.364332],[-58.56915,-34.363925],[-58.569082,-34.364144],[-58.569,-34.364359],[-58.572214,-34.364716],[-58.572349,-34.364548],[-58.572835,-34.364345],[-58.572852,-34.364332]]]}},{"type":"Feature","properties":{"partida":"357012916","cca":"357000100000000000000062700000000000005000","tipo":"Rural","sup_m2":15751.1},"geometry":{"type":"Polygon","coordinates":[[[-58.57207,-34.365173],[-58.572046,-34.365118],[-58.572071,-34.364893],[-58.572214,-34.364716],[-58.569,-34.364359],[-58.56897,-34.364506],[-58.568917,-34.364679],[-58.568869,-34.364851],[-58.57207,-34.365173]]]}},{"type":"Feature","properties":{"partida":"357012917","cca":"357000100000000000000062700000000000006000","tipo":"Rural","sup_m2":14380.8},"geometry":{"type":"Polygon","coordinates":[[[-58.568773,-34.365235],[-58.572284,-34.365642],[-58.57207,-34.365173],[-58.568869,-34.364851],[-58.568826,-34.365053],[-58.568773,-34.365235]]]}},{"type":"Feature","properties":{"partida":"357012918","cca":"357000100000000000000062700000000000007000","tipo":"Rural","sup_m2":17344.1},"geometry":{"type":"Polygon","coordinates":[[[-58.568746,-34.365419],[-58.568711,-34.365608],[-58.568705,-34.365711],[-58.572499,-34.366108],[-58.572405,-34.365833],[-58.572284,-34.365642],[-58.568773,-34.365235],[-58.568746,-34.365419]]]}},{"type":"Feature","properties":{"partida":"357012919","cca":"357000100000000000000062700000000000008000","tipo":"Rural","sup_m2":18016.4},"geometry":{"type":"Polygon","coordinates":[[[-58.568692,-34.366164],[-58.57272,-34.366585],[-58.572636,-34.366521],[-58.572573,-34.366356],[-58.572499,-34.366108],[-58.568705,-34.365711],[-58.56869,-34.36598],[-58.568692,-34.366164]]]}},{"type":"Feature","properties":{"partida":"357012920","cca":"357000100000000000000062700000000000009000","tipo":"Rural","sup_m2":19882.0},"geometry":{"type":"Polygon","coordinates":[[[-58.572871,-34.367063],[-58.572917,-34.366953],[-58.573007,-34.366849],[-58.572737,-34.366772],[-58.57272,-34.366585],[-58.568692,-34.366164],[-58.568672,-34.3663],[-58.568662,-34.366634],[-58.572871,-34.367063]]]}},{"type":"Feature","properties":{"partida":"357012921","cca":"357000100000000000000062700000000000010000","tipo":"Rural","sup_m2":19252.4},"geometry":{"type":"Polygon","coordinates":[[[-58.572793,-34.367303],[-58.572824,-34.367173],[-58.572871,-34.367063],[-58.568662,-34.366634],[-58.568647,-34.366801],[-58.568664,-34.367086],[-58.572742,-34.367509],[-58.572747,-34.367441],[-58.57277,-34.367357],[-58.572793,-34.367303]]]}},{"type":"Feature","properties":{"partida":"357012922","cca":"357000100000000000000062700000000000011000","tipo":"Rural","sup_m2":19035.6},"geometry":{"type":"Polygon","coordinates":[[[-58.572956,-34.367979],[-58.572824,-34.36776],[-58.572731,-34.367642],[-58.572742,-34.367509],[-58.568664,-34.367086],[-58.56869,-34.367349],[-58.568705,-34.367402],[-58.568706,-34.367546],[-58.572956,-34.367979]]]}},{"type":"Feature","properties":{"partida":"357012923","cca":"357000100000000000000062700000000000012000","tipo":"Rural","sup_m2":17774.5},"geometry":{"type":"Polygon","coordinates":[[[-58.568767,-34.367964],[-58.573207,-34.368394],[-58.572956,-34.367979],[-58.568706,-34.367546],[-58.568738,-34.367713],[-58.568767,-34.367964]]]}},{"type":"Feature","properties":{"partida":"357012924","cca":"357000100000000000000062700000000000013000","tipo":"Rural","sup_m2":21728.8},"geometry":{"type":"Polygon","coordinates":[[[-58.568821,-34.368426],[-58.573524,-34.3689],[-58.573207,-34.368394],[-58.568767,-34.367964],[-58.568821,-34.368426]]]}},{"type":"Feature","properties":{"partida":"357012925","cca":"357000100000000000000062700000000000014000","tipo":"Rural","sup_m2":22221.6},"geometry":{"type":"Polygon","coordinates":[[[-58.573702,-34.369379],[-58.573644,-34.369091],[-58.573524,-34.3689],[-58.568821,-34.368426],[-58.568842,-34.368602],[-58.568872,-34.368793],[-58.568899,-34.368882],[-58.573702,-34.369379]]]}},{"type":"Feature","properties":{"partida":"357012926","cca":"357000100000000000000062700000000000015000","tipo":"Rural","sup_m2":22368.9},"geometry":{"type":"Polygon","coordinates":[[[-58.573782,-34.369844],[-58.573721,-34.369477],[-58.573702,-34.369379],[-58.568899,-34.368882],[-58.568905,-34.36898],[-58.568971,-34.369344],[-58.573782,-34.369844]]]}},{"type":"Feature","properties":{"partida":"357012927","cca":"357000100000000000000062700000000000016000","tipo":"Rural","sup_m2":23809.5},"geometry":{"type":"Polygon","coordinates":[[[-58.568971,-34.369344],[-58.569032,-34.369683],[-58.569055,-34.369877],[-58.573591,-34.370292],[-58.573801,-34.36996],[-58.573782,-34.369844],[-58.568971,-34.369344]]]}},{"type":"Feature","properties":{"partida":"357012928","cca":"357000100000000000000062700000000000017000","tipo":"Rural","sup_m2":19208.8},"geometry":{"type":"Polygon","coordinates":[[[-58.573365,-34.370728],[-58.573402,-34.370594],[-58.573591,-34.370292],[-58.569055,-34.369877],[-58.569096,-34.370036],[-58.569128,-34.370215],[-58.569163,-34.370294],[-58.573365,-34.370728]]]}},{"type":"Feature","properties":{"partida":"357012929","cca":"357000100000000000000062700000000000018000","tipo":"Rural","sup_m2":19166.0},"geometry":{"type":"Polygon","coordinates":[[[-58.573279,-34.371176],[-58.573298,-34.37097],[-58.573365,-34.370728],[-58.569163,-34.370294],[-58.569163,-34.37041],[-58.569178,-34.370617],[-58.569162,-34.370744],[-58.573279,-34.371176]]]}},{"type":"Feature","properties":{"partida":"357012930","cca":"357000100000000000000062700000000000019000","tipo":"Rural","sup_m2":19716.0},"geometry":{"type":"Polygon","coordinates":[[[-58.573244,-34.371627],[-58.573279,-34.371176],[-58.569162,-34.370744],[-58.569169,-34.370798],[-58.569158,-34.370988],[-58.569155,-34.371231],[-58.573244,-34.371627]]]}},{"type":"Feature","properties":{"partida":"357012931","cca":"357000100000000000000062700000000000020000","tipo":"Rural","sup_m2":18551.6},"geometry":{"type":"Polygon","coordinates":[[[-58.573244,-34.371627],[-58.569155,-34.371231],[-58.569131,-34.371424],[-58.569121,-34.371584],[-58.569122,-34.371662],[-58.573196,-34.372077],[-58.573228,-34.371744],[-58.573244,-34.371627]]]}},{"type":"Feature","properties":{"partida":"357012932","cca":"357000100000000000000062700000000000021000","tipo":"Rural","sup_m2":18374.9},"geometry":{"type":"Polygon","coordinates":[[[-58.569088,-34.372109],[-58.573138,-34.372506],[-58.573172,-34.372326],[-58.573196,-34.372077],[-58.569122,-34.371662],[-58.569108,-34.371779],[-58.569088,-34.372109]]]}},{"type":"Feature","properties":{"partida":"357012933","cca":"357000100000000000000062700000000000022000","tipo":"Rural","sup_m2":19886.4},"geometry":{"type":"Polygon","coordinates":[[[-58.569042,-34.372568],[-58.573046,-34.373],[-58.573138,-34.372506],[-58.569088,-34.372109],[-58.569042,-34.372568]]]}},{"type":"Feature","properties":{"partida":"357012934","cca":"357000100000000000000062700000000000023000","tipo":"Rural","sup_m2":17682.4},"geometry":{"type":"Polygon","coordinates":[[[-58.569015,-34.37298],[-58.569045,-34.373008],[-58.572968,-34.373422],[-58.573046,-34.373],[-58.569042,-34.372568],[-58.569015,-34.37298]]]}},{"type":"Feature","properties":{"partida":"357012935","cca":"357000100000000000000062700000000000024000","tipo":"Rural","sup_m2":18003.8},"geometry":{"type":"Polygon","coordinates":[[[-58.569015,-34.37298],[-58.568974,-34.373451],[-58.569109,-34.373487],[-58.57289,-34.373838],[-58.572968,-34.373422],[-58.569045,-34.373008],[-58.569015,-34.37298]]]}},{"type":"Feature","properties":{"partida":"357012936","cca":"357000100000000000000062700000000000025000","tipo":"Rural","sup_m2":29373.3},"geometry":{"type":"Polygon","coordinates":[[[-58.568908,-34.374203],[-58.572708,-34.374574],[-58.572846,-34.37408],[-58.57289,-34.373838],[-58.569109,-34.373487],[-58.568974,-34.373451],[-58.568908,-34.374203]]]}},{"type":"Feature","properties":{"partida":"357012937","cca":"357000100000000000000062700000000000026000","tipo":"Rural","sup_m2":17685.1},"geometry":{"type":"Polygon","coordinates":[[[-58.568908,-34.374203],[-58.568869,-34.374649],[-58.568894,-34.374668],[-58.572585,-34.375017],[-58.572708,-34.374574],[-58.568908,-34.374203]]]}},{"type":"Feature","properties":{"partida":"357012938","cca":"35700010000000000000006270000000000002700A","tipo":"Urbano","sup_m2":8604.5},"geometry":{"type":"Polygon","coordinates":[[[-58.568849,-34.374871],[-58.568866,-34.37489],[-58.572522,-34.375243],[-58.572585,-34.375017],[-58.568894,-34.374668],[-58.568869,-34.374649],[-58.568849,-34.374871]]]}},{"type":"Feature","properties":{"partida":"357012939","cca":"35700010000000000000006270000000000002700B","tipo":"Urbano","sup_m2":8977.6},"geometry":{"type":"Polygon","coordinates":[[[-58.568829,-34.3751],[-58.568837,-34.375119],[-58.572454,-34.375487],[-58.572522,-34.375243],[-58.568866,-34.37489],[-58.568849,-34.374871],[-58.568829,-34.3751]]]}},{"type":"Feature","properties":{"partida":"357012940","cca":"35700010000000000000006270000000000002800A","tipo":null,"sup_m2":6242.2},"geometry":{"type":"Polygon","coordinates":[[[-58.568814,-34.375278],[-58.568815,-34.375296],[-58.572411,-34.375642],[-58.572454,-34.375487],[-58.568837,-34.375119],[-58.568829,-34.3751],[-58.568814,-34.375278]]]}},{"type":"Feature","properties":{"partida":"357012941","cca":"35700010000000000000006270000000000002800B","tipo":"Urbano","sup_m2":6616.7},"geometry":{"type":"Polygon","coordinates":[[[-58.568796,-34.37548],[-58.572363,-34.375813],[-58.572411,-34.375642],[-58.568815,-34.375296],[-58.568814,-34.375278],[-58.568796,-34.37548]]]}},{"type":"Feature","properties":{"partida":"357012942","cca":"35700010000000000000006270000000000002900A","tipo":"Urbano","sup_m2":9843.9},"geometry":{"type":"Polygon","coordinates":[[[-58.568796,-34.37548],[-58.568773,-34.375743],[-58.572284,-34.376085],[-58.572297,-34.376049],[-58.572363,-34.375813],[-58.568796,-34.37548]]]}},{"type":"Feature","properties":{"partida":"357012943","cca":"35700010000000000000006270000000000002900B","tipo":"Urbano","sup_m2":9767.6},"geometry":{"type":"Polygon","coordinates":[[[-58.568748,-34.37602],[-58.572188,-34.376347],[-58.572284,-34.376085],[-58.568773,-34.375743],[-58.568748,-34.37602]]]}},{"type":"Feature","properties":{"partida":"357012944","cca":"357000100000000000000062700000000000030000","tipo":"Urbano","sup_m2":15651.0},"geometry":{"type":"Polygon","coordinates":[[[-58.568761,-34.37648],[-58.572028,-34.376786],[-58.572188,-34.376347],[-58.568748,-34.37602],[-58.568734,-34.376185],[-58.568764,-34.376462],[-58.568761,-34.37648]]]}},{"type":"Feature","properties":{"partida":"357012945","cca":"357000100000000000000062700000000000031000","tipo":"Urbano","sup_m2":12729.5},"geometry":{"type":"Polygon","coordinates":[[[-58.572028,-34.3771],[-58.571979,-34.37692],[-58.572028,-34.376786],[-58.568761,-34.37648],[-58.568701,-34.376909],[-58.568794,-34.376927],[-58.572028,-34.3771]]]}},{"type":"Feature","properties":{"partida":"357012946","cca":"35700010000000000000006270000000000003200A","tipo":"Urbano","sup_m2":6003.1},"geometry":{"type":"Polygon","coordinates":[[[-58.572005,-34.377266],[-58.572028,-34.3771],[-58.568794,-34.376927],[-58.568701,-34.376909],[-58.568659,-34.37709],[-58.568809,-34.377113],[-58.572005,-34.377266]]]}},{"type":"Feature","properties":{"partida":"357012947","cca":"35700010000000000000006270000000000003200B","tipo":"Urbano","sup_m2":5806.7},"geometry":{"type":"Polygon","coordinates":[[[-58.568706,-34.377268],[-58.568822,-34.377288],[-58.571982,-34.377434],[-58.572005,-34.377266],[-58.568809,-34.377113],[-58.568659,-34.37709],[-58.568664,-34.377132],[-58.568702,-34.377241],[-58.568706,-34.377268]]]}},{"type":"Feature","properties":{"partida":"357012948","cca":"35700010000000000000006270000000000003300A","tipo":"Urbano","sup_m2":11969.9},"geometry":{"type":"Polygon","coordinates":[[[-58.571933,-34.377791],[-58.571982,-34.377434],[-58.568822,-34.377288],[-58.568706,-34.377268],[-58.568655,-34.377627],[-58.56885,-34.377646],[-58.571933,-34.377791]]]}},{"type":"Feature","properties":{"partida":"357012949","cca":"35700010000000000000006270000000000003300B","tipo":"Urbano","sup_m2":6535.7},"geometry":{"type":"Polygon","coordinates":[[[-58.568655,-34.377627],[-58.568662,-34.37767],[-58.568673,-34.377824],[-58.568866,-34.377843],[-58.571906,-34.377986],[-58.571933,-34.377791],[-58.56885,-34.377646],[-58.568655,-34.377627]]]}},{"type":"Feature","properties":{"partida":"357012950","cca":"357000100000000000000062700000000000034000","tipo":"Urbano","sup_m2":14936.6},"geometry":{"type":"Polygon","coordinates":[[[-58.568622,-34.378278],[-58.568902,-34.37831],[-58.57187,-34.378419],[-58.571906,-34.377986],[-58.568866,-34.377843],[-58.568673,-34.377824],[-58.568629,-34.378106],[-58.568622,-34.378278]]]}},{"type":"Feature","properties":{"partida":"357012951","cca":"35700010000000000000006270000000000003500A","tipo":"Urbano","sup_m2":7736.3},"geometry":{"type":"Polygon","coordinates":[[[-58.568622,-34.378278],[-58.568609,-34.378402],[-58.568604,-34.378523],[-58.56892,-34.378538],[-58.571874,-34.378656],[-58.57187,-34.378419],[-58.568902,-34.37831],[-58.568622,-34.378278]]]}},{"type":"Feature","properties":{"partida":"357012952","cca":"35700010000000000000006270000000000003500B","tipo":"Urbano","sup_m2":7873.9},"geometry":{"type":"Polygon","coordinates":[[[-58.571874,-34.378656],[-58.56892,-34.378538],[-58.568604,-34.378523],[-58.568611,-34.378726],[-58.568935,-34.378766],[-58.571892,-34.378905],[-58.571874,-34.378656]]]}},{"type":"Feature","properties":{"partida":"357012953","cca":"35700010000000000000006270000000000003600A","tipo":"Urbano","sup_m2":6422.1},"geometry":{"type":"Polygon","coordinates":[[[-58.571892,-34.378905],[-58.568935,-34.378766],[-58.568611,-34.378726],[-58.56863,-34.378933],[-58.568946,-34.378951],[-58.571891,-34.379104],[-58.571892,-34.378905]]]}},{"type":"Feature","properties":{"partida":"357012954","cca":"35700010000000000000006270000000000003600B","tipo":"Urbano","sup_m2":11204.9},"geometry":{"type":"Polygon","coordinates":[[[-58.568964,-34.379228],[-58.571917,-34.379514],[-58.57192,-34.379492],[-58.571907,-34.379198],[-58.571891,-34.379104],[-58.56863,-34.378933],[-58.568611,-34.379184],[-58.568964,-34.379228]]]}},{"type":"Feature","properties":{"partida":"357012955","cca":"35700010000000000000006270000000000003700A","tipo":"Urbano","sup_m2":6724.1},"geometry":{"type":"Polygon","coordinates":[[[-58.568611,-34.379427],[-58.569001,-34.37946],[-58.57152,-34.379698],[-58.571537,-34.379477],[-58.568964,-34.379228],[-58.568611,-34.379184],[-58.56863,-34.379317],[-58.568611,-34.379427]]]}},{"type":"Feature","properties":{"partida":"357012956","cca":"35700010000000000000006270000000000003700B","tipo":"Urbano","sup_m2":7597.4},"geometry":{"type":"Polygon","coordinates":[[[-58.568622,-34.379617],[-58.568743,-34.379721],[-58.568988,-34.379729],[-58.569843,-34.379807],[-58.5715,-34.379929],[-58.57152,-34.379698],[-58.569001,-34.37946],[-58.568611,-34.379427],[-58.568622,-34.379617]]]}},{"type":"Feature","properties":{"partida":"357012987","cca":"357000100000000000000062700000000000063000","tipo":"Urbano","sup_m2":5548.7},"geometry":{"type":"Polygon","coordinates":[[[-58.571907,-34.379198],[-58.57192,-34.379492],[-58.574141,-34.379994],[-58.574186,-34.379813],[-58.571907,-34.379198]]]}},{"type":"Feature","properties":{"partida":"357012988","cca":"357000100000000000000062700000000000064000","tipo":"Urbano","sup_m2":4430.8},"geometry":{"type":"Polygon","coordinates":[[[-58.571891,-34.378983],[-58.571891,-34.379104],[-58.571907,-34.379198],[-58.574186,-34.379813],[-58.57423,-34.379635],[-58.57313,-34.379354],[-58.571891,-34.378983]]]}},{"type":"Feature","properties":{"partida":"357012989","cca":"357000100000000000000062700000000000065000","tipo":"Urbano","sup_m2":12761.8},"geometry":{"type":"Polygon","coordinates":[[[-58.574311,-34.379554],[-58.57351,-34.3793],[-58.57366,-34.378792],[-58.57337,-34.378734],[-58.571881,-34.378305],[-58.57187,-34.378419],[-58.571874,-34.378656],[-58.571892,-34.378905],[-58.571891,-34.378983],[-58.57313,-34.379354],[-58.57423,-34.379635],[-58.574311,-34.379554]]]}},{"type":"Feature","properties":{"partida":"357012990","cca":"35700010000000000000006270000000000006600B","tipo":"Urbano","sup_m2":2993.7},"geometry":{"type":"Polygon","coordinates":[[[-58.574311,-34.379554],[-58.574405,-34.379171],[-58.573598,-34.379],[-58.57351,-34.3793],[-58.574311,-34.379554]]]}},{"type":"Feature","properties":{"partida":"357019632","cca":"35700010000000000000006270000000000006600C","tipo":"Urbano","sup_m2":1523.1},"geometry":{"type":"Polygon","coordinates":[[[-58.573598,-34.379],[-58.574405,-34.379171],[-58.574448,-34.378994],[-58.57365,-34.378825],[-58.573598,-34.379]]]}},{"type":"Feature","properties":{"partida":"357019633","cca":"35700010000000000000006270000000000006600D","tipo":"Urbano","sup_m2":1505.4},"geometry":{"type":"Polygon","coordinates":[[[-58.573704,-34.37865],[-58.57365,-34.378825],[-58.574448,-34.378994],[-58.574491,-34.378818],[-58.573704,-34.37865]]]}},{"type":"Feature","properties":{"partida":"357019634","cca":"35700010000000000000006270000000000006600E","tipo":"Urbano","sup_m2":1742.1},"geometry":{"type":"Polygon","coordinates":[[[-58.574491,-34.378818],[-58.57453,-34.378656],[-58.574714,-34.378651],[-58.573768,-34.37845],[-58.573704,-34.37865],[-58.574491,-34.378818]]]}},{"type":"Feature","properties":{"partida":"357012991","cca":"357000100000000000000062700000000000067000","tipo":"Urbano","sup_m2":14673.2},"geometry":{"type":"Polygon","coordinates":[[[-58.571952,-34.377652],[-58.571906,-34.377986],[-58.571881,-34.378305],[-58.57337,-34.378734],[-58.57366,-34.378792],[-58.573768,-34.37845],[-58.574714,-34.378651],[-58.574785,-34.378489],[-58.573445,-34.378087],[-58.571952,-34.377652]]]}},{"type":"Feature","properties":{"partida":"357012992","cca":"357000100000000000000062700000000000068000","tipo":"Urbano","sup_m2":6316.9},"geometry":{"type":"Polygon","coordinates":[[[-58.571952,-34.377652],[-58.573445,-34.378087],[-58.574785,-34.378489],[-58.574919,-34.37829],[-58.571978,-34.377462],[-58.571952,-34.377652]]]}},{"type":"Feature","properties":{"partida":"357012993","cca":"357000100000000000000062700000000000069000","tipo":"Urbano","sup_m2":5988.4},"geometry":{"type":"Polygon","coordinates":[[[-58.572005,-34.377266],[-58.571978,-34.377462],[-58.574919,-34.37829],[-58.575011,-34.378125],[-58.572005,-34.377266]]]}},{"type":"Feature","properties":{"partida":"357012994","cca":"357000100000000000000062700000000000070000","tipo":"Urbano","sup_m2":6048.6},"geometry":{"type":"Polygon","coordinates":[[[-58.572005,-34.377266],[-58.575011,-34.378125],[-58.575148,-34.377944],[-58.572126,-34.377131],[-58.572028,-34.3771],[-58.572005,-34.377266]]]}},{"type":"Feature","properties":{"partida":"357012995","cca":"35700010000000000000006270000000000007100A","tipo":"Urbano","sup_m2":9831.4},"geometry":{"type":"Polygon","coordinates":[[[-58.575337,-34.377668],[-58.572677,-34.376929],[-58.572126,-34.377131],[-58.575148,-34.377944],[-58.575218,-34.377804],[-58.575337,-34.377668]]]}},{"type":"Feature","properties":{"partida":"357017527","cca":"357000100000000000000062700000000000073000","tipo":"Urbano","sup_m2":5586.5},"geometry":{"type":"Polygon","coordinates":[[[-58.573006,-34.376857],[-58.572677,-34.376929],[-58.575337,-34.377668],[-58.57548,-34.377472],[-58.575413,-34.377419],[-58.573006,-34.376857]]]}},{"type":"Feature","properties":{"partida":"357012996","cca":"357000100000000000000062700000000000074000","tipo":"Urbano","sup_m2":3649.3},"geometry":{"type":"Polygon","coordinates":[[[-58.573006,-34.376857],[-58.575413,-34.377419],[-58.57548,-34.377472],[-58.575594,-34.377319],[-58.575494,-34.377258],[-58.573954,-34.376894],[-58.573878,-34.376933],[-58.573492,-34.37692],[-58.573093,-34.376839],[-58.573006,-34.376857]]]}},{"type":"Feature","properties":{"partida":"357012997","cca":"357000100000000000000062700000000000075000","tipo":"Urbano","sup_m2":2948.9},"geometry":{"type":"Polygon","coordinates":[[[-58.573954,-34.376894],[-58.575494,-34.377258],[-58.575594,-34.377319],[-58.575707,-34.377166],[-58.575575,-34.377098],[-58.574194,-34.376768],[-58.574168,-34.376786],[-58.573954,-34.376894]]]}},{"type":"Feature","properties":{"partida":"357012998","cca":"357000100000000000000062700000000000076000","tipo":"Urbano","sup_m2":4458.0},"geometry":{"type":"Polygon","coordinates":[[[-58.574194,-34.376768],[-58.575575,-34.377098],[-58.575707,-34.377166],[-58.575832,-34.376996],[-58.575381,-34.376767],[-58.574825,-34.376535],[-58.574555,-34.376525],[-58.574194,-34.376768]]]}},{"type":"Feature","properties":{"partida":"357013001","cca":"35700010000000000000006280000000000000200C","tipo":"Rural","sup_m2":34900.4},"geometry":{"type":"Polygon","coordinates":[[[-58.568774,-34.361668],[-58.564216,-34.361184],[-58.563967,-34.36161],[-58.568586,-34.362608],[-58.568861,-34.362211],[-58.568912,-34.362022],[-58.56888,-34.361799],[-58.568774,-34.361668]]]}},{"type":"Feature","properties":{"partida":"357013002","cca":"35700010000000000000006280000000000000300A","tipo":"Rural","sup_m2":21789.8},"geometry":{"type":"Polygon","coordinates":[[[-58.568259,-34.363461],[-58.568253,-34.363383],[-58.568353,-34.363052],[-58.563749,-34.362007],[-58.56361,-34.362283],[-58.563537,-34.362448],[-58.568259,-34.363461]]]}},{"type":"Feature","properties":{"partida":"357013003","cca":"35700010000000000000006280000000000000300B","tipo":"Rural","sup_m2":21913.0},"geometry":{"type":"Polygon","coordinates":[[[-58.563749,-34.362007],[-58.568353,-34.363052],[-58.568411,-34.362861],[-58.568586,-34.362608],[-58.563967,-34.36161],[-58.563951,-34.361759],[-58.563858,-34.361887],[-58.563749,-34.362007]]]}},{"type":"Feature","properties":{"partida":"357013004","cca":"357000100000000000000062800000000000004000","tipo":"Rural","sup_m2":19988.6},"geometry":{"type":"Polygon","coordinates":[[[-58.563375,-34.362864],[-58.568257,-34.36383],[-58.568237,-34.363575],[-58.568259,-34.363461],[-58.563537,-34.362448],[-58.563468,-34.362669],[-58.563375,-34.362864]]]}},{"type":"Feature","properties":{"partida":"357013005","cca":"357000100000000000000062800000000000005000","tipo":"Rural","sup_m2":23905.3},"geometry":{"type":"Polygon","coordinates":[[[-58.563178,-34.363295],[-58.568271,-34.364306],[-58.568276,-34.364065],[-58.568257,-34.36383],[-58.563375,-34.362864],[-58.563298,-34.363186],[-58.563178,-34.363295]]]}},{"type":"Feature","properties":{"partida":"357013006","cca":"357000100000000000000062800000000000006000","tipo":"Rural","sup_m2":23898.5},"geometry":{"type":"Polygon","coordinates":[[[-58.563178,-34.363295],[-58.563081,-34.363444],[-58.562996,-34.36363],[-58.562995,-34.363708],[-58.563952,-34.363909],[-58.568223,-34.364738],[-58.568268,-34.364441],[-58.568271,-34.364306],[-58.563178,-34.363295]]]}},{"type":"Feature","properties":{"partida":"357000237","cca":"357000100000000000000062800000000000007000","tipo":"Urbano","sup_m2":9639.4},"geometry":{"type":"Polygon","coordinates":[[[-58.563879,-34.364117],[-58.56819,-34.36495],[-58.568223,-34.364738],[-58.563952,-34.363909],[-58.563879,-34.364117]]]}},{"type":"Feature","properties":{"partida":"357013013","cca":"357000100000000000000062800000000000008000","tipo":"Urbano","sup_m2":2113.2},"geometry":{"type":"Polygon","coordinates":[[[-58.563879,-34.364117],[-58.563952,-34.363909],[-58.562995,-34.363708],[-58.563024,-34.363854],[-58.56297,-34.363935],[-58.563879,-34.364117]]]}},{"type":"Feature","properties":{"partida":"357013007","cca":"357000100000000000000062800000000000009000","tipo":"Rural","sup_m2":12393.7},"geometry":{"type":"Polygon","coordinates":[[[-58.563879,-34.364117],[-58.56297,-34.363935],[-58.562804,-34.364128],[-58.568155,-34.365181],[-58.56819,-34.36495],[-58.563879,-34.364117]]]}},{"type":"Feature","properties":{"partida":"357013008","cca":"357000100000000000000062800000000000010000","tipo":"Rural","sup_m2":44149.5},"geometry":{"type":"Polygon","coordinates":[[[-58.568111,-34.365466],[-58.568155,-34.365181],[-58.562804,-34.364128],[-58.562666,-34.36448],[-58.562557,-34.364712],[-58.56798,-34.366107],[-58.568111,-34.365466]]]}},{"type":"Feature","properties":{"partida":"357013009","cca":"35700010000000000000006280000000000001100A","tipo":"Rural","sup_m2":52907.6},"geometry":{"type":"Polygon","coordinates":[[[-58.5678,-34.366992],[-58.56798,-34.366107],[-58.562557,-34.364712],[-58.562486,-34.364853],[-58.562439,-34.364925],[-58.567686,-34.367682],[-58.567711,-34.367474],[-58.5678,-34.366992]]]}},{"type":"Feature","properties":{"partida":"357013010","cca":"35700010000000000000006280000000000001100B","tipo":"Rural","sup_m2":41804.2},"geometry":{"type":"Polygon","coordinates":[[[-58.567466,-34.36888],[-58.567686,-34.367682],[-58.562439,-34.364925],[-58.562367,-34.365126],[-58.567466,-34.36888]]]}},{"type":"Feature","properties":{"partida":"357013011","cca":"35700010000000000000006280000000000001100C","tipo":"Rural","sup_m2":49907.2},"geometry":{"type":"Polygon","coordinates":[[[-58.567489,-34.369833],[-58.567466,-34.36888],[-58.562367,-34.365126],[-58.562239,-34.365336],[-58.566643,-34.369743],[-58.567489,-34.369833]]]}},{"type":"Feature","properties":{"partida":"357013012","cca":"35700010000000000000006280000000000001100D","tipo":"Rural","sup_m2":33101.1},"geometry":{"type":"Polygon","coordinates":[[[-58.566643,-34.369743],[-58.562239,-34.365336],[-58.562232,-34.365519],[-58.562152,-34.365619],[-58.563032,-34.366743],[-58.563618,-34.367503],[-58.565015,-34.369183],[-58.565227,-34.369489],[-58.565385,-34.369607],[-58.565578,-34.36963],[-58.566643,-34.369743]]]}},{"type":"Feature","properties":{"partida":"357013081","cca":"357000100000000000000063300000000000006000","tipo":"Urbano","sup_m2":34636.3},"geometry":{"type":"Polygon","coordinates":[[[-58.57927,-34.374073],[-58.579479,-34.373855],[-58.579686,-34.373689],[-58.573362,-34.370739],[-58.573298,-34.37097],[-58.573273,-34.371246],[-58.573445,-34.37133],[-58.578944,-34.37389],[-58.57927,-34.374073]]]}},{"type":"Feature","properties":{"partida":"357013082","cca":"35700010000000000000006330000000000000700A","tipo":"Urbano","sup_m2":30107.6},"geometry":{"type":"Polygon","coordinates":[[[-58.57927,-34.374073],[-58.578944,-34.37389],[-58.573445,-34.37133],[-58.573422,-34.371891],[-58.577041,-34.373605],[-58.577301,-34.373498],[-58.579029,-34.37432],[-58.57927,-34.374073]]]}},{"type":"Feature","properties":{"partida":null,"cca":"35700010000000000000006330000000000000700B","tipo":null,"sup_m2":1081.6},"geometry":{"type":"Polygon","coordinates":[[[-58.573244,-34.371627],[-58.573222,-34.371806],[-58.573422,-34.371891],[-58.573445,-34.37133],[-58.573273,-34.371246],[-58.573244,-34.371627]]]}},{"type":"Feature","properties":{"partida":"357013084","cca":"35700010000000000000006330000000000000800A","tipo":"Urbano","sup_m2":5281.6},"geometry":{"type":"Polygon","coordinates":[[[-58.578776,-34.374514],[-58.579015,-34.374335],[-58.579029,-34.37432],[-58.577301,-34.373498],[-58.576972,-34.373634],[-58.578677,-34.374441],[-58.578776,-34.374514]]]}},{"type":"Feature","properties":{"partida":"357013085","cca":"35700010000000000000006330000000000000900A","tipo":"Urbano","sup_m2":10084.8},"geometry":{"type":"Polygon","coordinates":[[[-58.578776,-34.374514],[-58.578677,-34.374441],[-58.576972,-34.373634],[-58.577041,-34.373605],[-58.573422,-34.371891],[-58.573222,-34.371806],[-58.573204,-34.371992],[-58.57858,-34.374526],[-58.578678,-34.374599],[-58.57871,-34.374564],[-58.578776,-34.374514]]]}},{"type":"Feature","properties":{"partida":"357013086","cca":"35700010000000000000006330000000000000900B","tipo":"Urbano","sup_m2":10159.6},"geometry":{"type":"Polygon","coordinates":[[[-58.573187,-34.372163],[-58.578438,-34.374646],[-58.578558,-34.37473],[-58.578678,-34.374599],[-58.57858,-34.374526],[-58.573204,-34.371992],[-58.573187,-34.372163]]]}},{"type":"Feature","properties":{"partida":"357013087","cca":"357000100000000000000063300000000000010000","tipo":"Urbano","sup_m2":10935.2},"geometry":{"type":"Polygon","coordinates":[[[-58.573187,-34.372163],[-58.573167,-34.372354],[-58.578284,-34.374774],[-58.57843,-34.37487],[-58.578558,-34.37473],[-58.578438,-34.374646],[-58.573187,-34.372163]]]}},{"type":"Feature","properties":{"partida":"357013088","cca":"357000100000000000000063300000000000011000","tipo":"Urbano","sup_m2":10122.2},"geometry":{"type":"Polygon","coordinates":[[[-58.57843,-34.37487],[-58.578284,-34.374774],[-58.573167,-34.372354],[-58.573135,-34.372525],[-58.578136,-34.374898],[-58.578252,-34.37498],[-58.578413,-34.374889],[-58.57843,-34.37487]]]}},{"type":"Feature","properties":{"partida":"357013089","cca":"357000100000000000000063300000000000012000","tipo":"Urbano","sup_m2":10357.1},"geometry":{"type":"Polygon","coordinates":[[[-58.573101,-34.372705],[-58.577982,-34.375027],[-58.578088,-34.375123],[-58.578252,-34.37498],[-58.578136,-34.374898],[-58.573135,-34.372525],[-58.573101,-34.372705]]]}},{"type":"Feature","properties":{"partida":"357013090","cca":"357000100000000000000063300000000000013000","tipo":"Urbano","sup_m2":9990.7},"geometry":{"type":"Polygon","coordinates":[[[-58.578088,-34.375123],[-58.577982,-34.375027],[-58.573101,-34.372705],[-58.573068,-34.372883],[-58.577828,-34.375156],[-58.577922,-34.375245],[-58.578,-34.375174],[-58.578088,-34.375123]]]}},{"type":"Feature","properties":{"partida":"357013091","cca":"357000100000000000000063300000000000014000","tipo":"Urbano","sup_m2":9837.1},"geometry":{"type":"Polygon","coordinates":[[[-58.573037,-34.373052],[-58.577793,-34.375356],[-58.577922,-34.375245],[-58.577828,-34.375156],[-58.573068,-34.372883],[-58.573037,-34.373052]]]}},{"type":"Feature","properties":{"partida":"357013092","cca":"357000100000000000000063300000000000015000","tipo":"Urbano","sup_m2":9923.0},"geometry":{"type":"Polygon","coordinates":[[[-58.577597,-34.375476],[-58.577793,-34.375356],[-58.573037,-34.373052],[-58.573003,-34.373236],[-58.577597,-34.375476]]]}},{"type":"Feature","properties":{"partida":"357013093","cca":"357000100000000000000063300000000000016000","tipo":"Urbano","sup_m2":8204.6},"geometry":{"type":"Polygon","coordinates":[[[-58.572972,-34.373401],[-58.577371,-34.375539],[-58.577435,-34.375596],[-58.577597,-34.375476],[-58.573003,-34.373236],[-58.572972,-34.373401]]]}},{"type":"Feature","properties":{"partida":"357013094","cca":"357000100000000000000063300000000000017000","tipo":"Urbano","sup_m2":8694.5},"geometry":{"type":"Polygon","coordinates":[[[-58.572972,-34.373401],[-58.572937,-34.373586],[-58.577233,-34.375654],[-58.577317,-34.375721],[-58.577435,-34.375596],[-58.577371,-34.375539],[-58.572972,-34.373401]]]}},{"type":"Feature","properties":{"partida":"357013095","cca":"357000100000000000000063300000000000018000","tipo":"Urbano","sup_m2":8771.1},"geometry":{"type":"Polygon","coordinates":[[[-58.577317,-34.375721],[-58.577233,-34.375654],[-58.572937,-34.373586],[-58.572904,-34.373764],[-58.577079,-34.375783],[-58.577146,-34.375842],[-58.577219,-34.375786],[-58.577317,-34.375721]]]}},{"type":"Feature","properties":{"partida":"357000668","cca":"357000100000000000000063300000000000019000","tipo":"Urbano","sup_m2":9365.1},"geometry":{"type":"Polygon","coordinates":[[[-58.572904,-34.373764],[-58.572871,-34.373945],[-58.576989,-34.37598],[-58.577146,-34.375842],[-58.577079,-34.375783],[-58.572904,-34.373764]]]}},{"type":"Feature","properties":{"partida":"357013096","cca":"35700010000000000000006330000000000002000A","tipo":"Rural","sup_m2":4229.0},"geometry":{"type":"Polygon","coordinates":[[[-58.576894,-34.376034],[-58.576955,-34.376005],[-58.576989,-34.37598],[-58.572871,-34.373945],[-58.572853,-34.374039],[-58.576894,-34.376034]]]}},{"type":"Feature","properties":{"partida":"357013097","cca":"35700010000000000000006330000000000002000B","tipo":"Urbano","sup_m2":4071.6},"geometry":{"type":"Polygon","coordinates":[[[-58.572835,-34.374119],[-58.576803,-34.376098],[-58.576894,-34.376034],[-58.572853,-34.374039],[-58.572835,-34.374119]]]}},{"type":"Feature","properties":{"partida":"357013098","cca":"357000100000000000000063300000000000021000","tipo":"Urbano","sup_m2":7735.9},"geometry":{"type":"Polygon","coordinates":[[[-58.576803,-34.376098],[-58.572835,-34.374119],[-58.572784,-34.374302],[-58.576649,-34.3762],[-58.576704,-34.376172],[-58.576803,-34.376098]]]}},{"type":"Feature","properties":{"partida":"357013099","cca":"357000100000000000000063300000000000022000","tipo":"Urbano","sup_m2":7818.5},"geometry":{"type":"Polygon","coordinates":[[[-58.572784,-34.374302],[-58.572734,-34.374479],[-58.57651,-34.376332],[-58.576649,-34.3762],[-58.572784,-34.374302]]]}},{"type":"Feature","properties":{"partida":"357013100","cca":"357000100000000000000063300000000000023000","tipo":"Urbano","sup_m2":8191.3},"geometry":{"type":"Polygon","coordinates":[[[-58.572685,-34.374655],[-58.576341,-34.37648],[-58.57651,-34.376332],[-58.572734,-34.374479],[-58.572685,-34.374655]]]}},{"type":"Feature","properties":{"partida":"357013101","cca":"357000100000000000000063300000000000024000","tipo":"Urbano","sup_m2":10883.7},"geometry":{"type":"Polygon","coordinates":[[[-58.576341,-34.37648],[-58.572685,-34.374655],[-58.572611,-34.374923],[-58.576136,-34.376667],[-58.576185,-34.376612],[-58.576341,-34.37648]]]}},{"type":"Feature","properties":{"partida":"357013102","cca":"357000100000000000000063300000000000025000","tipo":"Urbano","sup_m2":9927.5},"geometry":{"type":"Polygon","coordinates":[[[-58.575937,-34.376824],[-58.576136,-34.376667],[-58.572611,-34.374923],[-58.572535,-34.375195],[-58.575937,-34.376824]]]}},{"type":"Feature","properties":{"partida":"357013103","cca":"357000100000000000000063300000000000026000","tipo":"Rural","sup_m2":32735.2},"geometry":{"type":"Polygon","coordinates":[[[-58.575832,-34.376996],[-58.575881,-34.376894],[-58.575937,-34.376824],[-58.572535,-34.375195],[-58.572297,-34.376049],[-58.571979,-34.37692],[-58.572028,-34.3771],[-58.572126,-34.377131],[-58.572679,-34.376928],[-58.573093,-34.376839],[-58.573492,-34.37692],[-58.573878,-34.376933],[-58.574168,-34.376786],[-58.574555,-34.376525],[-58.574825,-34.376535],[-58.575381,-34.376767],[-58.575832,-34.376996]]]}},{"type":"Feature","properties":{"partida":"357013104","cca":"357000100000000000000063400000000000001000","tipo":"Rural","sup_m2":11270.2},"geometry":{"type":"Polygon","coordinates":[[[-58.561666,-34.366852],[-58.562957,-34.367087],[-58.563032,-34.366743],[-58.562152,-34.365619],[-58.562044,-34.365822],[-58.561879,-34.366078],[-58.561818,-34.366221],[-58.561737,-34.366617],[-58.561666,-34.366852]]]}},{"type":"Feature","properties":{"partida":"357013108","cca":"35700010000000000000006340000000000000200A","tipo":"Rural","sup_m2":260761.3},"geometry":{"type":"Polygon","coordinates":[[[-58.567167,-34.371469],[-58.567241,-34.371067],[-58.569155,-34.371231],[-58.569158,-34.370988],[-58.567272,-34.370899],[-58.567304,-34.370726],[-58.567375,-34.370561],[-58.567488,-34.369952],[-58.567489,-34.369833],[-58.565578,-34.36963],[-58.565385,-34.369607],[-58.565227,-34.369489],[-58.565015,-34.369183],[-58.563618,-34.367503],[-58.563032,-34.366743],[-58.562957,-34.367087],[-58.561666,-34.366852],[-58.561555,-34.367031],[-58.561388,-34.367458],[-58.561319,-34.367623],[-58.561194,-34.368046],[-58.561032,-34.368238],[-58.560902,-34.368521],[-58.560763,-34.368845],[-58.560805,-34.369117],[-58.560781,-34.369426],[-58.560723,-34.369687],[-58.560621,-34.36994],[-58.560482,-34.370255],[-58.560216,-34.370483],[-58.560893,-34.370523],[-58.560627,-34.371131],[-58.561758,-34.371226],[-58.56385,-34.372295],[-58.564392,-34.372455],[-58.564735,-34.372533],[-58.565138,-34.372707],[-58.565938,-34.373161],[-58.566295,-34.373183],[-58.566455,-34.373087],[-58.566843,-34.372778],[-58.567167,-34.371469]]]}},{"type":"Feature","properties":{"partida":"357013110","cca":"357000100000000000000063400000000000007000","tipo":"Rural","sup_m2":3969.2},"geometry":{"type":"Polygon","coordinates":[[[-58.560216,-34.370483],[-58.560039,-34.37107],[-58.560627,-34.371131],[-58.560893,-34.370523],[-58.560216,-34.370483]]]}},{"type":"Feature","properties":{"partida":"357013111","cca":"357000100000000000000063400000000000008000","tipo":"Urbano","sup_m2":5322.1},"geometry":{"type":"Polygon","coordinates":[[[-58.560627,-34.371131],[-58.560039,-34.37107],[-58.560161,-34.371265],[-58.560096,-34.371381],[-58.562311,-34.371508],[-58.561758,-34.371226],[-58.560627,-34.371131]]]}},{"type":"Feature","properties":{"partida":"357013112","cca":"357000100000000000000063500000000000001000","tipo":"Rural","sup_m2":9734.9},"geometry":{"type":"Polygon","coordinates":[[[-58.559879,-34.371774],[-58.559911,-34.371771],[-58.560112,-34.371776],[-58.56299,-34.371856],[-58.562311,-34.371508],[-58.560096,-34.371381],[-58.559879,-34.371774]]]}},{"type":"Feature","properties":{"partida":null,"cca":"357000100000000000000063500000000000002000","tipo":null,"sup_m2":3129.4},"geometry":{"type":"Polygon","coordinates":[[[-58.560112,-34.371776],[-58.563431,-34.372081],[-58.56299,-34.371856],[-58.560112,-34.371776]]]}},{"type":"Feature","properties":{"partida":"357013114","cca":"35700010000000000000006350000000000000300A","tipo":"Rural","sup_m2":21703.4},"geometry":{"type":"Polygon","coordinates":[[[-58.559879,-34.371774],[-58.559858,-34.372059],[-58.559743,-34.372352],[-58.559704,-34.372464],[-58.564392,-34.372455],[-58.56385,-34.372295],[-58.563431,-34.372081],[-58.560112,-34.371776],[-58.559911,-34.371771],[-58.559879,-34.371774]]]}},{"type":"Feature","properties":{"partida":"357013118","cca":"35700010000000000000006350000000000000400A","tipo":"Rural","sup_m2":14452.1},"geometry":{"type":"Polygon","coordinates":[[[-58.55964,-34.372772],[-58.559685,-34.372768],[-58.55981,-34.372774],[-58.563741,-34.372752],[-58.563907,-34.372748],[-58.564129,-34.372753],[-58.564346,-34.372748],[-58.564392,-34.372455],[-58.559704,-34.372464],[-58.559671,-34.372666],[-58.55964,-34.372772]]]}},{"type":"Feature","properties":{"partida":"357017546","cca":"35700010000000000000006350000000000000500B","tipo":"Rural","sup_m2":67673.8},"geometry":{"type":"Polygon","coordinates":[[[-58.564113,-34.37404],[-58.559432,-34.373931],[-58.559447,-34.374056],[-58.559333,-34.374318],[-58.559235,-34.374637],[-58.559207,-34.37471],[-58.559199,-34.374743],[-58.55915,-34.374831],[-58.559268,-34.374882],[-58.559267,-34.374961],[-58.559248,-34.375029],[-58.559006,-34.375246],[-58.559007,-34.375248],[-58.563798,-34.375522],[-58.564113,-34.37404]]]}},{"type":"Feature","properties":{"partida":"357013116","cca":"357000100000000000000063500000000000006000","tipo":"Rural","sup_m2":21014.8},"geometry":{"type":"Polygon","coordinates":[[[-58.558889,-34.375672],[-58.563708,-34.375945],[-58.563798,-34.375522],[-58.559007,-34.375248],[-58.558961,-34.375439],[-58.558934,-34.375596],[-58.558889,-34.375672]]]}},{"type":"Feature","properties":{"partida":"357013117","cca":"357000100000000000000063500000000000007000","tipo":"Rural","sup_m2":88843.8},"geometry":{"type":"Polygon","coordinates":[[[-58.563708,-34.375945],[-58.558889,-34.375672],[-58.558877,-34.375806],[-58.558839,-34.375952],[-58.558828,-34.376062],[-58.558804,-34.376417],[-58.558879,-34.376757],[-58.558922,-34.376916],[-58.558883,-34.377067],[-58.55899,-34.377243],[-58.559016,-34.377334],[-58.558985,-34.37753],[-58.559011,-34.377629],[-58.563424,-34.377702],[-58.563708,-34.375945]]]}},{"type":"Feature","properties":{"partida":"357013115","cca":"357000100000000000000063500000000000008000","tipo":"Urbano","sup_m2":1102.3},"geometry":{"type":"Polygon","coordinates":[[[-58.560247,-34.372772],[-58.55981,-34.372774],[-58.559685,-34.372768],[-58.55964,-34.372772],[-58.559605,-34.37295],[-58.5602,-34.372954],[-58.560247,-34.372772]]]}},{"type":"Feature","properties":{"partida":"357017605","cca":"357000100000000000000063500000000000009000","tipo":"Urbano","sup_m2":1153.8},"geometry":{"type":"Polygon","coordinates":[[[-58.559605,-34.37295],[-58.559566,-34.373141],[-58.559685,-34.373139],[-58.560152,-34.373148],[-58.5602,-34.372954],[-58.559605,-34.37295]]]}},{"type":"Feature","properties":{"partida":"357017606","cca":"357000100000000000000063500000000000010000","tipo":"Urbano","sup_m2":954.5},"geometry":{"type":"Polygon","coordinates":[[[-58.560395,-34.373153],[-58.560495,-34.37277],[-58.560247,-34.372772],[-58.560152,-34.373148],[-58.560395,-34.373153]]]}},{"type":"Feature","properties":{"partida":"357017607","cca":"357000100000000000000063500000000000011000","tipo":"Urbano","sup_m2":1000.4},"geometry":{"type":"Polygon","coordinates":[[[-58.560648,-34.373157],[-58.56075,-34.372769],[-58.560495,-34.37277],[-58.560395,-34.373153],[-58.560648,-34.373157]]]}},{"type":"Feature","properties":{"partida":"357017608","cca":"357000100000000000000063500000000000012000","tipo":"Urbano","sup_m2":967.4},"geometry":{"type":"Polygon","coordinates":[[[-58.560648,-34.373157],[-58.560888,-34.373162],[-58.560994,-34.372767],[-58.56075,-34.372769],[-58.560648,-34.373157]]]}},{"type":"Feature","properties":{"partida":"357017609","cca":"357000100000000000000063500000000000013000","tipo":"Urbano","sup_m2":953.1},"geometry":{"type":"Polygon","coordinates":[[[-58.561122,-34.373166],[-58.561229,-34.372766],[-58.560994,-34.372767],[-58.560888,-34.373162],[-58.561122,-34.373166]]]}},{"type":"Feature","properties":{"partida":"357017610","cca":"357000100000000000000063500000000000014000","tipo":"Urbano","sup_m2":957.6},"geometry":{"type":"Polygon","coordinates":[[[-58.561122,-34.373166],[-58.561352,-34.37317],[-58.561464,-34.372765],[-58.561229,-34.372766],[-58.561122,-34.373166]]]}},{"type":"Feature","properties":{"partida":"357017611","cca":"357000100000000000000063500000000000015000","tipo":"Urbano","sup_m2":948.0},"geometry":{"type":"Polygon","coordinates":[[[-58.561582,-34.373175],[-58.561688,-34.372764],[-58.561464,-34.372765],[-58.561352,-34.37317],[-58.561582,-34.373175]]]}},{"type":"Feature","properties":{"partida":"357017612","cca":"357000100000000000000063500000000000016000","tipo":"Urbano","sup_m2":948.6},"geometry":{"type":"Polygon","coordinates":[[[-58.561582,-34.373175],[-58.561804,-34.373179],[-58.561914,-34.372762],[-58.561688,-34.372764],[-58.561582,-34.373175]]]}},{"type":"Feature","properties":{"partida":"357017613","cca":"357000100000000000000063500000000000017000","tipo":"Urbano","sup_m2":984.0},"geometry":{"type":"Polygon","coordinates":[[[-58.562033,-34.373183],[-58.562145,-34.372761],[-58.561914,-34.372762],[-58.561804,-34.373179],[-58.562033,-34.373183]]]}},{"type":"Feature","properties":{"partida":"357017614","cca":"357000100000000000000063500000000000018000","tipo":"Urbano","sup_m2":972.2},"geometry":{"type":"Polygon","coordinates":[[[-58.562033,-34.373183],[-58.562255,-34.373187],[-58.56237,-34.37276],[-58.562145,-34.372761],[-58.562033,-34.373183]]]}},{"type":"Feature","properties":{"partida":"357017615","cca":"357000100000000000000063500000000000019000","tipo":"Urbano","sup_m2":1002.5},"geometry":{"type":"Polygon","coordinates":[[[-58.562255,-34.373187],[-58.562483,-34.373191],[-58.562597,-34.372758],[-58.56237,-34.37276],[-58.562255,-34.373187]]]}},{"type":"Feature","properties":{"partida":"357017616","cca":"357000100000000000000063500000000000020000","tipo":"Urbano","sup_m2":998.2},"geometry":{"type":"Polygon","coordinates":[[[-58.562483,-34.373191],[-58.562638,-34.373194],[-58.562703,-34.373202],[-58.562823,-34.372757],[-58.562597,-34.372758],[-58.562483,-34.373191]]]}},{"type":"Feature","properties":{"partida":"357017617","cca":"357000100000000000000063500000000000021000","tipo":"Urbano","sup_m2":1083.1},"geometry":{"type":"Polygon","coordinates":[[[-58.563054,-34.372756],[-58.562823,-34.372757],[-58.562703,-34.373202],[-58.562929,-34.373227],[-58.563054,-34.372756]]]}},{"type":"Feature","properties":{"partida":"357017618","cca":"357000100000000000000063500000000000022000","tipo":"Urbano","sup_m2":1123.9},"geometry":{"type":"Polygon","coordinates":[[[-58.56315,-34.373247],[-58.563283,-34.372754],[-58.563054,-34.372756],[-58.562929,-34.373227],[-58.563108,-34.373247],[-58.56315,-34.373247]]]}},{"type":"Feature","properties":{"partida":"357017619","cca":"357000100000000000000063500000000000023000","tipo":"Urbano","sup_m2":1147.8},"geometry":{"type":"Polygon","coordinates":[[[-58.563283,-34.372754],[-58.56315,-34.373247],[-58.563374,-34.373253],[-58.56351,-34.372753],[-58.563283,-34.372754]]]}},{"type":"Feature","properties":{"partida":"357017620","cca":"35700010000000000000006350000000000002400A","tipo":"Urbano","sup_m2":2203.2},"geometry":{"type":"Polygon","coordinates":[[[-58.563907,-34.372748],[-58.56351,-34.372753],[-58.563374,-34.373253],[-58.563824,-34.373267],[-58.563907,-34.372748]]]}},{"type":"Feature","properties":{"partida":"357017622","cca":"357000100000000000000063500000000000026000","tipo":"Urbano","sup_m2":1183.0},"geometry":{"type":"Polygon","coordinates":[[[-58.564129,-34.372753],[-58.563907,-34.372748],[-58.563824,-34.373267],[-58.564046,-34.373274],[-58.564129,-34.372753]]]}},{"type":"Feature","properties":{"partida":"357017623","cca":"357000100000000000000063500000000000027000","tipo":"Urbano","sup_m2":1166.0},"geometry":{"type":"Polygon","coordinates":[[[-58.564346,-34.372748],[-58.564129,-34.372753],[-58.564046,-34.373274],[-58.564263,-34.37328],[-58.564346,-34.372748]]]}},{"type":"Feature","properties":{"partida":"357017624","cca":"357000100000000000000063500000000000028000","tipo":"Urbano","sup_m2":1210.2},"geometry":{"type":"Polygon","coordinates":[[[-58.564011,-34.373479],[-58.563902,-34.374035],[-58.564113,-34.37404],[-58.564228,-34.373499],[-58.564011,-34.373479]]]}},{"type":"Feature","properties":{"partida":"357017625","cca":"357000100000000000000063500000000000029000","tipo":"Urbano","sup_m2":1237.3},"geometry":{"type":"Polygon","coordinates":[[[-58.563902,-34.374035],[-58.564011,-34.373479],[-58.563801,-34.373467],[-58.563682,-34.374029],[-58.563902,-34.374035]]]}},{"type":"Feature","properties":{"partida":"357017626","cca":"357000100000000000000063500000000000030000","tipo":"Urbano","sup_m2":1335.5},"geometry":{"type":"Polygon","coordinates":[[[-58.563457,-34.374024],[-58.563682,-34.374029],[-58.563801,-34.373467],[-58.563569,-34.373452],[-58.563457,-34.374024]]]}},{"type":"Feature","properties":{"partida":"357017627","cca":"357000100000000000000063500000000000031000","tipo":"Urbano","sup_m2":1292.5},"geometry":{"type":"Polygon","coordinates":[[[-58.56324,-34.374019],[-58.563457,-34.374024],[-58.563569,-34.373452],[-58.563347,-34.373444],[-58.56324,-34.374019]]]}},{"type":"Feature","properties":{"partida":"357017628","cca":"357000100000000000000063500000000000032000","tipo":"Urbano","sup_m2":1278.0},"geometry":{"type":"Polygon","coordinates":[[[-58.563016,-34.374014],[-58.56324,-34.374019],[-58.563347,-34.373444],[-58.563132,-34.373449],[-58.563016,-34.374014]]]}},{"type":"Feature","properties":{"partida":"357017629","cca":"357000100000000000000063500000000000033000","tipo":"Urbano","sup_m2":1274.6},"geometry":{"type":"Polygon","coordinates":[[[-58.562905,-34.373454],[-58.562792,-34.374009],[-58.563016,-34.374014],[-58.563132,-34.373449],[-58.563033,-34.373463],[-58.562905,-34.373454]]]}},{"type":"Feature","properties":{"partida":"357017630","cca":"357000100000000000000063500000000000034000","tipo":"Urbano","sup_m2":1274.3},"geometry":{"type":"Polygon","coordinates":[[[-58.562792,-34.374009],[-58.562905,-34.373454],[-58.562675,-34.373464],[-58.562564,-34.374003],[-58.562792,-34.374009]]]}},{"type":"Feature","properties":{"partida":"357017631","cca":"357000100000000000000063500000000000035000","tipo":"Urbano","sup_m2":1220.0},"geometry":{"type":"Polygon","coordinates":[[[-58.56234,-34.373998],[-58.562564,-34.374003],[-58.562675,-34.373464],[-58.562457,-34.37346],[-58.56234,-34.373998]]]}},{"type":"Feature","properties":{"partida":"357017632","cca":"357000100000000000000063500000000000036000","tipo":"Urbano","sup_m2":1247.9},"geometry":{"type":"Polygon","coordinates":[[[-58.562113,-34.373993],[-58.56234,-34.373998],[-58.562457,-34.37346],[-58.56222,-34.373472],[-58.562113,-34.373993]]]}},{"type":"Feature","properties":{"partida":"357017633","cca":"357000100000000000000063500000000000037000","tipo":"Urbano","sup_m2":1173.4},"geometry":{"type":"Polygon","coordinates":[[[-58.562113,-34.373993],[-58.56222,-34.373472],[-58.561992,-34.373481],[-58.561893,-34.373988],[-58.562113,-34.373993]]]}},{"type":"Feature","properties":{"partida":"357017634","cca":"357000100000000000000063500000000000038000","tipo":"Urbano","sup_m2":1132.4},"geometry":{"type":"Polygon","coordinates":[[[-58.561669,-34.373982],[-58.561893,-34.373988],[-58.561992,-34.373481],[-58.561906,-34.373487],[-58.561772,-34.373487],[-58.561669,-34.373982]]]}},{"type":"Feature","properties":{"partida":"357017635","cca":"357000100000000000000063500000000000039000","tipo":"Urbano","sup_m2":1098.5},"geometry":{"type":"Polygon","coordinates":[[[-58.561454,-34.373977],[-58.561669,-34.373982],[-58.561772,-34.373487],[-58.56155,-34.373488],[-58.561454,-34.373977]]]}},{"type":"Feature","properties":{"partida":"357017636","cca":"357000100000000000000063500000000000040000","tipo":"Urbano","sup_m2":1108.2},"geometry":{"type":"Polygon","coordinates":[[[-58.561228,-34.373972],[-58.561454,-34.373977],[-58.56155,-34.373488],[-58.561331,-34.373488],[-58.561228,-34.373972]]]}},{"type":"Feature","properties":{"partida":"357017637","cca":"357000100000000000000063500000000000041000","tipo":"Urbano","sup_m2":1167.2},"geometry":{"type":"Polygon","coordinates":[[[-58.560991,-34.373966],[-58.561228,-34.373972],[-58.561331,-34.373488],[-58.561079,-34.373509],[-58.560991,-34.373966]]]}},{"type":"Feature","properties":{"partida":"357017638","cca":"357000100000000000000063500000000000042000","tipo":"Urbano","sup_m2":1048.7},"geometry":{"type":"Polygon","coordinates":[[[-58.561079,-34.373509],[-58.56085,-34.373515],[-58.560765,-34.373961],[-58.560991,-34.373966],[-58.561079,-34.373509]]]}},{"type":"Feature","properties":{"partida":"357017639","cca":"357000100000000000000063500000000000043000","tipo":"Urbano","sup_m2":1063.0},"geometry":{"type":"Polygon","coordinates":[[[-58.560525,-34.373956],[-58.560765,-34.373961],[-58.56085,-34.373515],[-58.560614,-34.373527],[-58.560525,-34.373956]]]}},{"type":"Feature","properties":{"partida":"357017640","cca":"357000100000000000000063500000000000044000","tipo":"Urbano","sup_m2":1046.6},"geometry":{"type":"Polygon","coordinates":[[[-58.560279,-34.37395],[-58.560525,-34.373956],[-58.560614,-34.373527],[-58.560375,-34.373532],[-58.560279,-34.37395]]]}},{"type":"Feature","properties":{"partida":"357017641","cca":"357000100000000000000063500000000000045000","tipo":"Urbano","sup_m2":1077.7},"geometry":{"type":"Polygon","coordinates":[[[-58.560375,-34.373532],[-58.560124,-34.373533],[-58.560064,-34.373761],[-58.560027,-34.373944],[-58.560279,-34.37395],[-58.560375,-34.373532]]]}},{"type":"Feature","properties":{"partida":"357017642","cca":"35700010000000000000006350000000000004600A","tipo":"Urbano","sup_m2":2268.9},"geometry":{"type":"Polygon","coordinates":[[[-58.559432,-34.373931],[-58.560027,-34.373944],[-58.560064,-34.373761],[-58.560124,-34.373533],[-58.559944,-34.373564],[-58.559725,-34.373589],[-58.559613,-34.373596],[-58.559493,-34.373633],[-58.559424,-34.373742],[-58.559432,-34.373931]]]}},{"type":"Feature","properties":{"partida":"357013121","cca":"357000100000000000000063600000000000003000","tipo":"Urbano","sup_m2":843.2},"geometry":{"type":"Polygon","coordinates":[[[-58.563067,-34.377716],[-58.562893,-34.377713],[-58.562714,-34.378185],[-58.562888,-34.378188],[-58.563067,-34.377716]]]}},{"type":"Feature","properties":{"partida":"357013122","cca":"357000100000000000000063600000000000004000","tipo":"Urbano","sup_m2":843.2},"geometry":{"type":"Polygon","coordinates":[[[-58.562893,-34.377713],[-58.562719,-34.37771],[-58.56254,-34.378182],[-58.562714,-34.378185],[-58.562893,-34.377713]]]}},{"type":"Feature","properties":{"partida":"357013123","cca":"357000100000000000000063600000000000005000","tipo":"Urbano","sup_m2":843.2},"geometry":{"type":"Polygon","coordinates":[[[-58.562719,-34.37771],[-58.562545,-34.377708],[-58.562366,-34.37818],[-58.56254,-34.378182],[-58.562719,-34.37771]]]}},{"type":"Feature","properties":{"partida":"357013124","cca":"357000100000000000000063600000000000006000","tipo":"Urbano","sup_m2":843.3},"geometry":{"type":"Polygon","coordinates":[[[-58.562366,-34.37818],[-58.562545,-34.377708],[-58.562371,-34.377705],[-58.562192,-34.378177],[-58.562366,-34.37818]]]}},{"type":"Feature","properties":{"partida":"357013125","cca":"357000100000000000000063600000000000007000","tipo":"Urbano","sup_m2":848.3},"geometry":{"type":"Polygon","coordinates":[[[-58.562005,-34.378174],[-58.56218,-34.378176],[-58.562359,-34.377704],[-58.562184,-34.377701],[-58.562005,-34.378174]]]}},{"type":"Feature","properties":{"partida":"357013126","cca":"357000100000000000000063600000000000008000","tipo":"Urbano","sup_m2":880.1},"geometry":{"type":"Polygon","coordinates":[[[-58.562005,-34.378174],[-58.562184,-34.377701],[-58.562003,-34.377699],[-58.561823,-34.378172],[-58.562005,-34.378174]]]}},{"type":"Feature","properties":{"partida":"357013127","cca":"357000100000000000000063600000000000009000","tipo":"Urbano","sup_m2":882.0},"geometry":{"type":"Polygon","coordinates":[[[-58.561642,-34.37817],[-58.561823,-34.378172],[-58.562003,-34.377699],[-58.561822,-34.377696],[-58.561642,-34.37817]]]}},{"type":"Feature","properties":{"partida":"357013128","cca":"357000100000000000000063600000000000010000","tipo":"Urbano","sup_m2":883.3},"geometry":{"type":"Polygon","coordinates":[[[-58.56146,-34.378168],[-58.561642,-34.37817],[-58.561822,-34.377696],[-58.56164,-34.377693],[-58.56146,-34.378168]]]}},{"type":"Feature","properties":{"partida":"357013129","cca":"357000100000000000000063600000000000011000","tipo":"Urbano","sup_m2":885.2},"geometry":{"type":"Polygon","coordinates":[[[-58.561279,-34.378166],[-58.56146,-34.378168],[-58.56164,-34.377693],[-58.561459,-34.37769],[-58.561279,-34.378166]]]}},{"type":"Feature","properties":{"partida":"357013130","cca":"357000100000000000000063600000000000012000","tipo":"Urbano","sup_m2":819.8},"geometry":{"type":"Polygon","coordinates":[[[-58.5611,-34.378163],[-58.561268,-34.378165],[-58.561448,-34.377689],[-58.56128,-34.377687],[-58.5611,-34.378163]]]}},{"type":"Feature","properties":{"partida":"357013131","cca":"357000100000000000000063600000000000013000","tipo":"Urbano","sup_m2":848.5},"geometry":{"type":"Polygon","coordinates":[[[-58.56128,-34.377687],[-58.561106,-34.377685],[-58.560926,-34.378161],[-58.5611,-34.378163],[-58.56128,-34.377687]]]}},{"type":"Feature","properties":{"partida":"357013132","cca":"357000100000000000000063600000000000014000","tipo":"Urbano","sup_m2":848.5},"geometry":{"type":"Polygon","coordinates":[[[-58.560933,-34.377683],[-58.560752,-34.378159],[-58.560926,-34.378161],[-58.561106,-34.377685],[-58.560933,-34.377683]]]}},{"type":"Feature","properties":{"partida":"357013133","cca":"357000100000000000000063600000000000015000","tipo":"Urbano","sup_m2":848.5},"geometry":{"type":"Polygon","coordinates":[[[-58.560759,-34.377681],[-58.560578,-34.378157],[-58.560752,-34.378159],[-58.560933,-34.377683],[-58.560759,-34.377681]]]}},{"type":"Feature","properties":{"partida":"357013134","cca":"357000100000000000000063600000000000016000","tipo":"Urbano","sup_m2":848.5},"geometry":{"type":"Polygon","coordinates":[[[-58.560578,-34.378157],[-58.560759,-34.377681],[-58.560585,-34.377679],[-58.560404,-34.378155],[-58.560578,-34.378157]]]}},{"type":"Feature","properties":{"partida":"357013135","cca":"357000100000000000000063600000000000017000","tipo":"Urbano","sup_m2":1538.6},"geometry":{"type":"Polygon","coordinates":[[[-58.560107,-34.378368],[-58.560315,-34.37837],[-58.560577,-34.377679],[-58.560351,-34.377677],[-58.560107,-34.378368]]]}},{"type":"Feature","properties":{"partida":"357013136","cca":"357000100000000000000063600000000000018000","tipo":"Urbano","sup_m2":2638.5},"geometry":{"type":"Polygon","coordinates":[[[-58.560275,-34.377891],[-58.560351,-34.377677],[-58.559043,-34.377661],[-58.559128,-34.377744],[-58.559141,-34.377878],[-58.560275,-34.377891]]]}},{"type":"Feature","properties":{"partida":"357013137","cca":"357000100000000000000063600000000000019000","tipo":"Urbano","sup_m2":2981.0},"geometry":{"type":"Polygon","coordinates":[[[-58.560177,-34.378169],[-58.560275,-34.377891],[-58.559141,-34.377878],[-58.559168,-34.378061],[-58.559283,-34.378159],[-58.560177,-34.378169]]]}},{"type":"Feature","properties":{"partida":"357013138","cca":"357000100000000000000063600000000000020000","tipo":"Urbano","sup_m2":1511.8},"geometry":{"type":"Polygon","coordinates":[[[-58.560107,-34.378368],[-58.560177,-34.378169],[-58.559283,-34.378159],[-58.559403,-34.378238],[-58.559465,-34.37836],[-58.560107,-34.378368]]]}},{"type":"Feature","properties":{"partida":"357013140","cca":"357000100000000000000063600000000000022000","tipo":"Urbano","sup_m2":994.9},"geometry":{"type":"Polygon","coordinates":[[[-58.56285,-34.378748],[-58.563062,-34.378191],[-58.562888,-34.378188],[-58.562676,-34.378745],[-58.56285,-34.378748]]]}},{"type":"Feature","properties":{"partida":"357013141","cca":"357000100000000000000063600000000000023000","tipo":"Urbano","sup_m2":995.3},"geometry":{"type":"Polygon","coordinates":[[[-58.562888,-34.378188],[-58.562714,-34.378185],[-58.562502,-34.378743],[-58.562676,-34.378745],[-58.562888,-34.378188]]]}},{"type":"Feature","properties":{"partida":"357013142","cca":"357000100000000000000063600000000000024000","tipo":"Urbano","sup_m2":995.1},"geometry":{"type":"Polygon","coordinates":[[[-58.562714,-34.378185],[-58.56254,-34.378182],[-58.562328,-34.37874],[-58.562502,-34.378743],[-58.562714,-34.378185]]]}},{"type":"Feature","properties":{"partida":"357013143","cca":"357000100000000000000063600000000000025000","tipo":"Urbano","sup_m2":995.1},"geometry":{"type":"Polygon","coordinates":[[[-58.562366,-34.37818],[-58.562154,-34.378737],[-58.562328,-34.37874],[-58.56254,-34.378182],[-58.562366,-34.37818]]]}},{"type":"Feature","properties":{"partida":"357013144","cca":"357000100000000000000063600000000000026000","tipo":"Urbano","sup_m2":869.4},"geometry":{"type":"Polygon","coordinates":[[[-58.562366,-34.37818],[-58.562192,-34.378177],[-58.56211,-34.378394],[-58.562053,-34.378735],[-58.562154,-34.378737],[-58.562366,-34.37818]]]}},{"type":"Feature","properties":{"partida":"357013145","cca":"357000100000000000000063600000000000027000","tipo":"Urbano","sup_m2":937.2},"geometry":{"type":"Polygon","coordinates":[[[-58.56218,-34.378176],[-58.562005,-34.378174],[-58.561922,-34.378391],[-58.561909,-34.378733],[-58.562043,-34.378735],[-58.5621,-34.378394],[-58.56218,-34.378176]]]}},{"type":"Feature","properties":{"partida":"357013146","cca":"357000100000000000000063600000000000028000","tipo":"Urbano","sup_m2":981.5},"geometry":{"type":"Polygon","coordinates":[[[-58.562005,-34.378174],[-58.561823,-34.378172],[-58.561741,-34.378389],[-58.561759,-34.37873],[-58.561909,-34.378733],[-58.561922,-34.378391],[-58.562005,-34.378174]]]}},{"type":"Feature","properties":{"partida":"357013147","cca":"357000100000000000000063600000000000029000","tipo":"Urbano","sup_m2":999.4},"geometry":{"type":"Polygon","coordinates":[[[-58.561598,-34.378728],[-58.561759,-34.37873],[-58.561741,-34.378389],[-58.561823,-34.378172],[-58.561642,-34.37817],[-58.561559,-34.378386],[-58.561598,-34.378728]]]}},{"type":"Feature","properties":{"partida":"357013148","cca":"357000100000000000000063600000000000030000","tipo":"Urbano","sup_m2":1033.8},"geometry":{"type":"Polygon","coordinates":[[[-58.561416,-34.378725],[-58.561598,-34.378728],[-58.561559,-34.378386],[-58.561642,-34.37817],[-58.56146,-34.378168],[-58.561378,-34.378384],[-58.561416,-34.378725]]]}},{"type":"Feature","properties":{"partida":"357013149","cca":"357000100000000000000063600000000000031000","tipo":"Urbano","sup_m2":1014.7},"geometry":{"type":"Polygon","coordinates":[[[-58.561279,-34.378166],[-58.561196,-34.378382],[-58.561245,-34.378722],[-58.561416,-34.378725],[-58.561378,-34.378384],[-58.56146,-34.378168],[-58.561279,-34.378166]]]}},{"type":"Feature","properties":{"partida":"357013150","cca":"357000100000000000000063600000000000032000","tipo":"Urbano","sup_m2":918.5},"geometry":{"type":"Polygon","coordinates":[[[-58.5611,-34.378163],[-58.561018,-34.378379],[-58.561081,-34.378719],[-58.561229,-34.378722],[-58.561186,-34.378382],[-58.561268,-34.378165],[-58.5611,-34.378163]]]}},{"type":"Feature","properties":{"partida":"357013151","cca":"357000100000000000000063600000000000033000","tipo":"Urbano","sup_m2":904.8},"geometry":{"type":"Polygon","coordinates":[[[-58.5611,-34.378163],[-58.560926,-34.378161],[-58.560844,-34.378377],[-58.560954,-34.378717],[-58.561081,-34.378719],[-58.561018,-34.378379],[-58.5611,-34.378163]]]}},{"type":"Feature","properties":{"partida":"357013152","cca":"357000100000000000000063600000000000034000","tipo":"Urbano","sup_m2":939.0},"geometry":{"type":"Polygon","coordinates":[[[-58.560926,-34.378161],[-58.560752,-34.378159],[-58.56067,-34.378375],[-58.560806,-34.378715],[-58.560954,-34.378717],[-58.560844,-34.378377],[-58.560926,-34.378161]]]}},{"type":"Feature","properties":{"partida":"357013153","cca":"357000100000000000000063600000000000035000","tipo":"Urbano","sup_m2":949.1},"geometry":{"type":"Polygon","coordinates":[[[-58.560806,-34.378715],[-58.56067,-34.378375],[-58.560752,-34.378159],[-58.560578,-34.378157],[-58.560496,-34.378373],[-58.560652,-34.378712],[-58.560806,-34.378715]]]}},{"type":"Feature","properties":{"partida":"357013154","cca":"357000100000000000000063600000000000036000","tipo":"Urbano","sup_m2":942.2},"geometry":{"type":"Polygon","coordinates":[[[-58.560404,-34.378155],[-58.560322,-34.37837],[-58.560501,-34.378709],[-58.560652,-34.378712],[-58.560496,-34.378373],[-58.560578,-34.378157],[-58.560404,-34.378155]]]}},{"type":"Feature","properties":{"partida":"357013155","cca":"357000100000000000000063600000000000037000","tipo":"Urbano","sup_m2":713.5},"geometry":{"type":"Polygon","coordinates":[[[-58.560107,-34.378368],[-58.560285,-34.378706],[-58.560493,-34.378709],[-58.560315,-34.37837],[-58.560107,-34.378368]]]}},{"type":"Feature","properties":{"partida":"357013156","cca":"357000100000000000000063600000000000038000","tipo":"Urbano","sup_m2":889.3},"geometry":{"type":"Polygon","coordinates":[[[-58.560107,-34.378368],[-58.559465,-34.37836],[-58.559538,-34.378553],[-58.560147,-34.378444],[-58.560107,-34.378368]]]}},{"type":"Feature","properties":{"partida":"357013157","cca":"357000100000000000000063600000000000039000","tipo":"Urbano","sup_m2":707.6},"geometry":{"type":"Polygon","coordinates":[[[-58.560147,-34.378444],[-58.559538,-34.378553],[-58.559649,-34.378678],[-58.56019,-34.378525],[-58.560147,-34.378444]]]}},{"type":"Feature","properties":{"partida":"357013158","cca":"35700010000000000000006360000000000004000A","tipo":"Urbano","sup_m2":367.3},"geometry":{"type":"Polygon","coordinates":[[[-58.560218,-34.378578],[-58.56019,-34.378525],[-58.559649,-34.378678],[-58.559678,-34.37871],[-58.559719,-34.378733],[-58.560218,-34.378578]]]}},{"type":"Feature","properties":{"partida":"357013159","cca":"35700010000000000000006360000000000004000C","tipo":"Urbano","sup_m2":776.3},"geometry":{"type":"Polygon","coordinates":[[[-58.559719,-34.378733],[-58.55985,-34.378803],[-58.559867,-34.378879],[-58.560285,-34.378706],[-58.560218,-34.378578],[-58.559719,-34.378733]]]}},{"type":"Feature","properties":{"partida":"357013160","cca":"357000100000000000000063600000000000042000","tipo":"Rural","sup_m2":21874.1},"geometry":{"type":"Polygon","coordinates":[[[-58.562839,-34.379385],[-58.562893,-34.379102],[-58.563019,-34.378769],[-58.56029,-34.378724],[-58.559834,-34.378913],[-58.559765,-34.378984],[-58.559672,-34.379059],[-58.559662,-34.379134],[-58.559769,-34.379257],[-58.559949,-34.379426],[-58.559948,-34.379501],[-58.562839,-34.379385]]]}},{"type":"Feature","properties":{"partida":null,"cca":"35700010000000000000006360000000000004300A","tipo":null,"sup_m2":752.4},"geometry":{"type":"Polygon","coordinates":[[[-58.56244,-34.379801],[-58.562426,-34.379402],[-58.56224,-34.379409],[-58.562256,-34.379807],[-58.56244,-34.379801]]]}},{"type":"Feature","properties":{"partida":"357013161","cca":"35700010000000000000006360000000000004300B","tipo":"Urbano","sup_m2":2098.5},"geometry":{"type":"Polygon","coordinates":[[[-58.559771,-34.379673],[-58.560977,-34.379652],[-58.560972,-34.37946],[-58.559948,-34.379501],[-58.559837,-34.379568],[-58.559772,-34.37962],[-58.559771,-34.379673]]]}},{"type":"Feature","properties":{"partida":"357013162","cca":"35700010000000000000006360000000000004300C","tipo":"Urbano","sup_m2":749.8},"geometry":{"type":"Polygon","coordinates":[[[-58.562611,-34.379394],[-58.562627,-34.379798],[-58.562761,-34.379795],[-58.562839,-34.379385],[-58.562611,-34.379394]]]}},{"type":"Feature","properties":{"partida":"357013163","cca":"35700010000000000000006360000000000004300D","tipo":"Urbano","sup_m2":764.9},"geometry":{"type":"Polygon","coordinates":[[[-58.562627,-34.379798],[-58.562611,-34.379394],[-58.562426,-34.379402],[-58.56244,-34.379801],[-58.562627,-34.379798]]]}},{"type":"Feature","properties":{"partida":"357013165","cca":"35700010000000000000006360000000000004300F","tipo":"Urbano","sup_m2":718.4},"geometry":{"type":"Polygon","coordinates":[[[-58.562256,-34.379807],[-58.56224,-34.379409],[-58.562064,-34.379416],[-58.562079,-34.379814],[-58.562256,-34.379807]]]}},{"type":"Feature","properties":{"partida":"357013166","cca":"35700010000000000000006360000000000004300G","tipo":"Urbano","sup_m2":744.0},"geometry":{"type":"Polygon","coordinates":[[[-58.562079,-34.379814],[-58.562064,-34.379416],[-58.561878,-34.379424],[-58.561897,-34.379818],[-58.562079,-34.379814]]]}},{"type":"Feature","properties":{"partida":"357013167","cca":"35700010000000000000006360000000000004300H","tipo":"Urbano","sup_m2":736.0},"geometry":{"type":"Polygon","coordinates":[[[-58.561897,-34.379818],[-58.561878,-34.379424],[-58.5617,-34.379431],[-58.561709,-34.379824],[-58.561897,-34.379818]]]}},{"type":"Feature","properties":{"partida":"357013168","cca":"35700010000000000000006360000000000004300J","tipo":"Urbano","sup_m2":716.5},"geometry":{"type":"Polygon","coordinates":[[[-58.561709,-34.379824],[-58.5617,-34.379431],[-58.561521,-34.379438],[-58.561529,-34.379827],[-58.561709,-34.379824]]]}},{"type":"Feature","properties":{"partida":"357013169","cca":"35700010000000000000006360000000000004300K","tipo":"Urbano","sup_m2":719.0},"geometry":{"type":"Polygon","coordinates":[[[-58.561529,-34.379827],[-58.561521,-34.379438],[-58.561335,-34.379446],[-58.561352,-34.379831],[-58.561529,-34.379827]]]}},{"type":"Feature","properties":{"partida":"357013170","cca":"35700010000000000000006360000000000004300M","tipo":"Urbano","sup_m2":713.0},"geometry":{"type":"Polygon","coordinates":[[[-58.561352,-34.379831],[-58.561335,-34.379446],[-58.561155,-34.379453],[-58.561166,-34.379829],[-58.561352,-34.379831]]]}},{"type":"Feature","properties":{"partida":"357013171","cca":"35700010000000000000006360000000000004300N","tipo":"Urbano","sup_m2":702.8},"geometry":{"type":"Polygon","coordinates":[[[-58.560972,-34.37946],[-58.560982,-34.379834],[-58.561166,-34.379829],[-58.561155,-34.379453],[-58.560972,-34.37946]]]}},{"type":"Feature","properties":{"partida":"357013192","cca":"357000100000000000000063700A00000000001000","tipo":"Urbano","sup_m2":1682.9},"geometry":{"type":"Polygon","coordinates":[[[-58.568861,-34.362211],[-58.568765,-34.362348],[-58.569685,-34.362734],[-58.569772,-34.362609],[-58.569118,-34.362304],[-58.568861,-34.362211]]]}},{"type":"Feature","properties":{"partida":"357013193","cca":"357000100000000000000063700A00000000002000","tipo":"Urbano","sup_m2":1918.6},"geometry":{"type":"Polygon","coordinates":[[[-58.568644,-34.362524],[-58.569577,-34.362873],[-58.569685,-34.362734],[-58.568765,-34.362348],[-58.568644,-34.362524]]]}},{"type":"Feature","properties":{"partida":"357013194","cca":"357000100000000000000063700A00000000003000","tipo":"Urbano","sup_m2":2235.2},"geometry":{"type":"Polygon","coordinates":[[[-58.568644,-34.362524],[-58.568515,-34.362709],[-58.569484,-34.363067],[-58.569525,-34.362969],[-58.569577,-34.362873],[-58.568644,-34.362524]]]}},{"type":"Feature","properties":{"partida":"357013195","cca":"357000100000000000000063700A00000000004000","tipo":"Urbano","sup_m2":2018.7},"geometry":{"type":"Polygon","coordinates":[[[-58.568411,-34.362861],[-58.569407,-34.36325],[-58.569484,-34.363067],[-58.568515,-34.362709],[-58.568411,-34.362861]]]}},{"type":"Feature","properties":{"partida":"357013196","cca":"357000100000000000000063700A00000000005000","tipo":"Urbano","sup_m2":2140.3},"geometry":{"type":"Polygon","coordinates":[[[-58.568411,-34.362861],[-58.568334,-34.363114],[-58.569356,-34.363371],[-58.569407,-34.36325],[-58.568411,-34.362861]]]}},{"type":"Feature","properties":{"partida":"357013197","cca":"357000100000000000000063700A00000000006000","tipo":"Urbano","sup_m2":1582.9},"geometry":{"type":"Polygon","coordinates":[[[-58.569309,-34.363483],[-58.569356,-34.363371],[-58.568334,-34.363114],[-58.568283,-34.363282],[-58.569309,-34.363483]]]}},{"type":"Feature","properties":{"partida":"357013198","cca":"357000100000000000000063700A00000000007000","tipo":"Urbano","sup_m2":1426.2},"geometry":{"type":"Polygon","coordinates":[[[-58.568259,-34.363461],[-58.569273,-34.363567],[-58.569309,-34.363483],[-58.568283,-34.363282],[-58.568253,-34.363383],[-58.568259,-34.363461]]]}},{"type":"Feature","properties":{"partida":"357013199","cca":"357000100000000000000063700A00000000008000","tipo":"Urbano","sup_m2":953.1},"geometry":{"type":"Polygon","coordinates":[[[-58.568237,-34.363575],[-58.569245,-34.363634],[-58.569273,-34.363567],[-58.568259,-34.363461],[-58.568237,-34.363575]]]}},{"type":"Feature","properties":{"partida":"357013200","cca":"357000100000000000000063700A00000000009000","tipo":"Urbano","sup_m2":1701.1},"geometry":{"type":"Polygon","coordinates":[[[-58.568252,-34.363759],[-58.569192,-34.36379],[-58.569245,-34.363634],[-58.568237,-34.363575],[-58.568252,-34.363759]]]}},{"type":"Feature","properties":{"partida":"357013201","cca":"357000100000000000000063700A00000000010000","tipo":"Urbano","sup_m2":1640.4},"geometry":{"type":"Polygon","coordinates":[[[-58.568265,-34.363926],[-58.569134,-34.363976],[-58.569192,-34.36379],[-58.568252,-34.363759],[-58.568265,-34.363926]]]}},{"type":"Feature","properties":{"partida":"357013202","cca":"357000100000000000000063700A00000000011000","tipo":"Urbano","sup_m2":1463.9},"geometry":{"type":"Polygon","coordinates":[[[-58.568265,-34.363926],[-58.568276,-34.364065],[-58.568275,-34.364098],[-58.569082,-34.364144],[-58.569134,-34.363976],[-58.568265,-34.363926]]]}},{"type":"Feature","properties":{"partida":"357013203","cca":"357000100000000000000063700A00000000012000","tipo":"Urbano","sup_m2":1681.4},"geometry":{"type":"Polygon","coordinates":[[[-58.569082,-34.364144],[-58.568275,-34.364098],[-58.568271,-34.364306],[-58.569,-34.364359],[-58.569082,-34.364144]]]}},{"type":"Feature","properties":{"partida":"357013204","cca":"357000100000000000000063700A00000000013000","tipo":"Urbano","sup_m2":1118.2},"geometry":{"type":"Polygon","coordinates":[[[-58.568265,-34.364464],[-58.56897,-34.364506],[-58.569,-34.364359],[-58.568271,-34.364306],[-58.568268,-34.364441],[-58.568265,-34.364464]]]}},{"type":"Feature","properties":{"partida":"357013205","cca":"357000100000000000000063700A00000000014000","tipo":"Urbano","sup_m2":1274.3},"geometry":{"type":"Polygon","coordinates":[[[-58.568237,-34.364646],[-58.568917,-34.364679],[-58.56897,-34.364506],[-58.568265,-34.364464],[-58.568237,-34.364646]]]}},{"type":"Feature","properties":{"partida":"357013206","cca":"357000100000000000000063700A00000000015000","tipo":"Urbano","sup_m2":1219.5},"geometry":{"type":"Polygon","coordinates":[[[-58.568209,-34.364828],[-58.568869,-34.364851],[-58.568917,-34.364679],[-58.568237,-34.364646],[-58.568209,-34.364828]]]}},{"type":"Feature","properties":{"partida":"357013207","cca":"357000100000000000000063700A00000000016000","tipo":"Urbano","sup_m2":1291.6},"geometry":{"type":"Polygon","coordinates":[[[-58.568826,-34.365053],[-58.568869,-34.364851],[-58.568209,-34.364828],[-58.568181,-34.36501],[-58.568826,-34.365053]]]}},{"type":"Feature","properties":{"partida":"357013208","cca":"357000100000000000000063700A00000000017000","tipo":"Urbano","sup_m2":1176.5},"geometry":{"type":"Polygon","coordinates":[[[-58.568826,-34.365053],[-58.568181,-34.36501],[-58.568154,-34.365187],[-58.568773,-34.365235],[-58.568826,-34.365053]]]}},{"type":"Feature","properties":{"partida":"357013209","cca":"357000100000000000000063700A00000000018000","tipo":"Urbano","sup_m2":1177.4},"geometry":{"type":"Polygon","coordinates":[[[-58.568126,-34.365371],[-58.568746,-34.365419],[-58.568773,-34.365235],[-58.568154,-34.365187],[-58.568126,-34.365371]]]}},{"type":"Feature","properties":{"partida":"357013210","cca":"357000100000000000000063700A00000000019000","tipo":"Urbano","sup_m2":1196.3},"geometry":{"type":"Polygon","coordinates":[[[-58.568126,-34.365371],[-58.568111,-34.365466],[-58.568093,-34.365556],[-58.568711,-34.365608],[-58.568746,-34.365419],[-58.568126,-34.365371]]]}},{"type":"Feature","properties":{"partida":"357013211","cca":"357000100000000000000063700A00000000020000","tipo":"Urbano","sup_m2":1130.6},"geometry":{"type":"Polygon","coordinates":[[[-58.568711,-34.365608],[-58.568093,-34.365556],[-58.568057,-34.36573],[-58.568701,-34.365781],[-58.568711,-34.365608]]]}},{"type":"Feature","properties":{"partida":"357013212","cca":"357000100000000000000063700A00000000021000","tipo":"Urbano","sup_m2":1327.3},"geometry":{"type":"Polygon","coordinates":[[[-58.56869,-34.36598],[-58.568701,-34.365781],[-58.568057,-34.36573],[-58.568018,-34.365922],[-58.56869,-34.36598]]]}},{"type":"Feature","properties":{"partida":"357013213","cca":"357000100000000000000063700A00000000022000","tipo":"Urbano","sup_m2":1262.0},"geometry":{"type":"Polygon","coordinates":[[[-58.568018,-34.365922],[-58.567983,-34.366092],[-58.568692,-34.366164],[-58.56869,-34.36598],[-58.568018,-34.365922]]]}},{"type":"Feature","properties":{"partida":"357013214","cca":"357000100000000000000063700A00000000023000","tipo":"Urbano","sup_m2":1152.1},"geometry":{"type":"Polygon","coordinates":[[[-58.567948,-34.366268],[-58.568672,-34.3663],[-58.568692,-34.366164],[-58.567983,-34.366092],[-58.567948,-34.366268]]]}},{"type":"Feature","properties":{"partida":"357013215","cca":"357000100000000000000063700B00000000001000","tipo":"Urbano","sup_m2":1404.6},"geometry":{"type":"Polygon","coordinates":[[[-58.567918,-34.366411],[-58.567883,-34.366582],[-58.567956,-34.366592],[-58.568662,-34.366634],[-58.568669,-34.366453],[-58.567918,-34.366411]]]}},{"type":"Feature","properties":{"partida":"357013216","cca":"357000100000000000000063700B00000000002000","tipo":"Urbano","sup_m2":1371.3},"geometry":{"type":"Polygon","coordinates":[[[-58.568662,-34.366634],[-58.567956,-34.366592],[-58.567883,-34.366582],[-58.567849,-34.366751],[-58.567993,-34.366767],[-58.568647,-34.366801],[-58.568662,-34.366634]]]}},{"type":"Feature","properties":{"partida":"357013217","cca":"357000100000000000000063700B00000000003000","tipo":"Urbano","sup_m2":1612.2},"geometry":{"type":"Polygon","coordinates":[[[-58.56866,-34.366993],[-58.568647,-34.366801],[-58.567993,-34.366767],[-58.567849,-34.366751],[-58.56781,-34.36694],[-58.568034,-34.366961],[-58.56866,-34.366993]]]}},{"type":"Feature","properties":{"partida":"357013218","cca":"357000100000000000000063700B00000000004000","tipo":"Urbano","sup_m2":1530.3},"geometry":{"type":"Polygon","coordinates":[[[-58.567778,-34.367112],[-58.56807,-34.367134],[-58.568674,-34.367166],[-58.568664,-34.367086],[-58.56866,-34.366993],[-58.568034,-34.366961],[-58.56781,-34.36694],[-58.567778,-34.367112]]]}},{"type":"Feature","properties":{"partida":"357013219","cca":"357000100000000000000063700B00000000005000","tipo":"Urbano","sup_m2":1735.7},"geometry":{"type":"Polygon","coordinates":[[[-58.56869,-34.367349],[-58.568674,-34.367166],[-58.56807,-34.367134],[-58.567778,-34.367112],[-58.567744,-34.367297],[-58.56811,-34.367321],[-58.56869,-34.367349]]]}},{"type":"Feature","properties":{"partida":"357013220","cca":"357000100000000000000063700B00000000006000","tipo":"Urbano","sup_m2":1739.7},"geometry":{"type":"Polygon","coordinates":[[[-58.56869,-34.367349],[-58.56811,-34.367321],[-58.567744,-34.367297],[-58.567711,-34.367474],[-58.568147,-34.367498],[-58.568705,-34.367522],[-58.568705,-34.367402],[-58.56869,-34.367349]]]}},{"type":"Feature","properties":{"partida":"357013221","cca":"357000100000000000000063700B00000000007000","tipo":"Urbano","sup_m2":2009.1},"geometry":{"type":"Polygon","coordinates":[[[-58.568705,-34.367522],[-58.568147,-34.367498],[-58.567711,-34.367474],[-58.567686,-34.367682],[-58.568187,-34.367686],[-58.568738,-34.367713],[-58.568706,-34.367546],[-58.568705,-34.367522]]]}},{"type":"Feature","properties":{"partida":"357013222","cca":"357000100000000000000063700B00000000008000","tipo":"Urbano","sup_m2":2008.8},"geometry":{"type":"Polygon","coordinates":[[[-58.568759,-34.367894],[-58.568738,-34.367713],[-58.568187,-34.367686],[-58.567686,-34.367682],[-58.567652,-34.367868],[-58.568225,-34.367869],[-58.568759,-34.367894]]]}},{"type":"Feature","properties":{"partida":"357013223","cca":"357000100000000000000063700B00000000009000","tipo":"Urbano","sup_m2":2202.7},"geometry":{"type":"Polygon","coordinates":[[[-58.568759,-34.367894],[-58.568225,-34.367869],[-58.567652,-34.367868],[-58.567617,-34.368056],[-58.568265,-34.368061],[-58.568781,-34.368083],[-58.568759,-34.367894]]]}},{"type":"Feature","properties":{"partida":"357013224","cca":"357000100000000000000063700B00000000010000","tipo":"Urbano","sup_m2":2114.7},"geometry":{"type":"Polygon","coordinates":[[[-58.568801,-34.368256],[-58.568781,-34.368083],[-58.568265,-34.368061],[-58.567617,-34.368056],[-58.567586,-34.368229],[-58.568301,-34.368238],[-58.568801,-34.368256]]]}},{"type":"Feature","properties":{"partida":"357013225","cca":"357000100000000000000063700B00000000011000","tipo":"Urbano","sup_m2":2084.8},"geometry":{"type":"Polygon","coordinates":[[[-58.568801,-34.368256],[-58.568301,-34.368238],[-58.567586,-34.368229],[-58.567556,-34.368391],[-58.568348,-34.368404],[-58.568821,-34.368426],[-58.568801,-34.368256]]]}},{"type":"Feature","properties":{"partida":"357013226","cca":"357000100000000000000063700B00000000012000","tipo":"Urbano","sup_m2":2395.5},"geometry":{"type":"Polygon","coordinates":[[[-58.567522,-34.368574],[-58.568399,-34.368587],[-58.568842,-34.368602],[-58.568821,-34.368426],[-58.568348,-34.368404],[-58.567556,-34.368391],[-58.567522,-34.368574]]]}},{"type":"Feature","properties":{"partida":"357013227","cca":"357000100000000000000063700B00000000013000","tipo":"Urbano","sup_m2":2552.8},"geometry":{"type":"Polygon","coordinates":[[[-58.568872,-34.368793],[-58.568842,-34.368602],[-58.568399,-34.368587],[-58.567522,-34.368574],[-58.567489,-34.368754],[-58.568452,-34.368775],[-58.568872,-34.368793]]]}},{"type":"Feature","properties":{"partida":"357013228","cca":"357000100000000000000063700B00000000014000","tipo":"Urbano","sup_m2":2673.4},"geometry":{"type":"Polygon","coordinates":[[[-58.568872,-34.368793],[-58.568452,-34.368775],[-58.567489,-34.368754],[-58.567466,-34.36888],[-58.567467,-34.368938],[-58.568504,-34.368961],[-58.568905,-34.36898],[-58.568899,-34.368882],[-58.568872,-34.368793]]]}},{"type":"Feature","properties":{"partida":"357013229","cca":"357000100000000000000063700B00000000015000","tipo":"Urbano","sup_m2":2668.8},"geometry":{"type":"Polygon","coordinates":[[[-58.568939,-34.369165],[-58.568905,-34.36898],[-58.568504,-34.368961],[-58.567467,-34.368938],[-58.567472,-34.369117],[-58.568555,-34.369142],[-58.568939,-34.369165]]]}},{"type":"Feature","properties":{"partida":"357013230","cca":"357000100000000000000063700B00000000016000","tipo":"Urbano","sup_m2":2481.7},"geometry":{"type":"Polygon","coordinates":[[[-58.568971,-34.369344],[-58.568939,-34.369165],[-58.568555,-34.369142],[-58.567472,-34.369117],[-58.567476,-34.369281],[-58.568601,-34.369305],[-58.568971,-34.369344]]]}},{"type":"Feature","properties":{"partida":"357013231","cca":"357000100000000000000063700B00000000017000","tipo":"Urbano","sup_m2":2733.9},"geometry":{"type":"Polygon","coordinates":[[[-58.568971,-34.369344],[-58.568601,-34.369305],[-58.567476,-34.369281],[-58.56748,-34.369456],[-58.56865,-34.369491],[-58.569,-34.369506],[-58.568971,-34.369344]]]}},{"type":"Feature","properties":{"partida":"357013232","cca":"357000100000000000000063700B00000000018000","tipo":"Urbano","sup_m2":2835.5},"geometry":{"type":"Polygon","coordinates":[[[-58.569032,-34.369683],[-58.569,-34.369506],[-58.56865,-34.369491],[-58.56748,-34.369456],[-58.567484,-34.36964],[-58.569032,-34.369683]]]}},{"type":"Feature","properties":{"partida":"357013233","cca":"357000100000000000000063700B00000000019000","tipo":"Urbano","sup_m2":3015.5},"geometry":{"type":"Polygon","coordinates":[[[-58.567489,-34.369833],[-58.56873,-34.36986],[-58.569055,-34.369877],[-58.569032,-34.369683],[-58.568693,-34.369673],[-58.567484,-34.36964],[-58.567489,-34.369833]]]}},{"type":"Feature","properties":{"partida":"357013234","cca":"357000100000000000000063700B00000000020000","tipo":"Urbano","sup_m2":2758.2},"geometry":{"type":"Polygon","coordinates":[[[-58.567489,-34.369833],[-58.567488,-34.369952],[-58.567477,-34.370011],[-58.568763,-34.370027],[-58.569096,-34.370036],[-58.569055,-34.369877],[-58.56873,-34.36986],[-58.567489,-34.369833]]]}},{"type":"Feature","properties":{"partida":"357013235","cca":"357000100000000000000063700B00000000021000","tipo":"Urbano","sup_m2":3022.9},"geometry":{"type":"Polygon","coordinates":[[[-58.569128,-34.370215],[-58.569096,-34.370036],[-58.568763,-34.370027],[-58.567477,-34.370011],[-58.567444,-34.370187],[-58.569128,-34.370215]]]}},{"type":"Feature","properties":{"partida":"357013236","cca":"357000100000000000000063700B00000000022000","tipo":"Urbano","sup_m2":3094.8},"geometry":{"type":"Polygon","coordinates":[[[-58.567444,-34.370187],[-58.567414,-34.370352],[-58.568801,-34.370389],[-58.569163,-34.37041],[-58.569163,-34.370294],[-58.569128,-34.370215],[-58.567444,-34.370187]]]}},{"type":"Feature","properties":{"partida":"357013237","cca":"357000100000000000000063700B00000000023000","tipo":"Urbano","sup_m2":3800.1},"geometry":{"type":"Polygon","coordinates":[[[-58.569178,-34.370617],[-58.569163,-34.37041],[-58.568801,-34.370389],[-58.567414,-34.370352],[-58.567375,-34.370561],[-58.568791,-34.370599],[-58.569178,-34.370617]]]}},{"type":"Feature","properties":{"partida":"357013238","cca":"357000100000000000000063700B00000000024000","tipo":"Urbano","sup_m2":3337.4},"geometry":{"type":"Polygon","coordinates":[[[-58.569178,-34.370617],[-58.568791,-34.370599],[-58.567375,-34.370561],[-58.567304,-34.370726],[-58.568782,-34.370786],[-58.569169,-34.370798],[-58.569162,-34.370744],[-58.569178,-34.370617]]]}},{"type":"Feature","properties":{"partida":"357013239","cca":"357000100000000000000063700B00000000025000","tipo":"Urbano","sup_m2":3463.7},"geometry":{"type":"Polygon","coordinates":[[[-58.567304,-34.370726],[-58.567272,-34.370899],[-58.569158,-34.370988],[-58.569169,-34.370798],[-58.568782,-34.370786],[-58.567304,-34.370726]]]}},{"type":"Feature","properties":{"partida":"357013240","cca":"357000100000000000000063700C00000000001000","tipo":"Urbano","sup_m2":4569.0},"geometry":{"type":"Polygon","coordinates":[[[-58.567189,-34.371348],[-58.56848,-34.371384],[-58.569131,-34.371424],[-58.569155,-34.371231],[-58.567241,-34.371067],[-58.567189,-34.371348]]]}},{"type":"Feature","properties":{"partida":"357013241","cca":"357000100000000000000063700C00000000002000","tipo":"Urbano","sup_m2":3402.2},"geometry":{"type":"Polygon","coordinates":[[[-58.567189,-34.371348],[-58.567167,-34.371469],[-58.567155,-34.371519],[-58.568468,-34.371556],[-58.569121,-34.371584],[-58.569131,-34.371424],[-58.56848,-34.371384],[-58.567189,-34.371348]]]}},{"type":"Feature","properties":{"partida":"357013242","cca":"357000100000000000000063700C00000000003000","tipo":"Urbano","sup_m2":3755.8},"geometry":{"type":"Polygon","coordinates":[[[-58.56711,-34.3717],[-58.568455,-34.37174],[-58.569108,-34.371779],[-58.569122,-34.371662],[-58.569121,-34.371584],[-58.568468,-34.371556],[-58.567155,-34.371519],[-58.56711,-34.3717]]]}},{"type":"Feature","properties":{"partida":"357013243","cca":"357000100000000000000063700C00000000004000","tipo":"Urbano","sup_m2":3622.7},"geometry":{"type":"Polygon","coordinates":[[[-58.56711,-34.3717],[-58.567066,-34.371878],[-58.569099,-34.371937],[-58.569108,-34.371779],[-58.568455,-34.37174],[-58.56711,-34.3717]]]}},{"type":"Feature","properties":{"partida":"357013244","cca":"357000100000000000000063700C00000000005000","tipo":"Urbano","sup_m2":3624.2},"geometry":{"type":"Polygon","coordinates":[[[-58.569099,-34.371937],[-58.567066,-34.371878],[-58.567022,-34.372054],[-58.568431,-34.372089],[-58.569088,-34.372109],[-58.569099,-34.371937]]]}},{"type":"Feature","properties":{"partida":"357013245","cca":"357000100000000000000063700C00000000006000","tipo":"Urbano","sup_m2":3999.2},"geometry":{"type":"Polygon","coordinates":[[[-58.566976,-34.37224],[-58.569071,-34.372295],[-58.569088,-34.372109],[-58.568431,-34.372089],[-58.567022,-34.372054],[-58.566976,-34.37224]]]}},{"type":"Feature","properties":{"partida":"357013246","cca":"357000100000000000000063700C00000000007000","tipo":"Urbano","sup_m2":3832.0},"geometry":{"type":"Polygon","coordinates":[[[-58.566932,-34.372418],[-58.569052,-34.372471],[-58.569071,-34.372295],[-58.566976,-34.37224],[-58.566932,-34.372418]]]}},{"type":"Feature","properties":{"partida":"357013247","cca":"357000100000000000000063700C00000000008000","tipo":"Urbano","sup_m2":3920.3},"geometry":{"type":"Polygon","coordinates":[[[-58.569052,-34.372471],[-58.566932,-34.372418],[-58.566888,-34.372597],[-58.569037,-34.372651],[-58.569052,-34.372471]]]}},{"type":"Feature","properties":{"partida":"357013248","cca":"357000100000000000000063700C00000000009000","tipo":"Urbano","sup_m2":4028.3},"geometry":{"type":"Polygon","coordinates":[[[-58.566888,-34.372597],[-58.566843,-34.372778],[-58.567447,-34.372789],[-58.568442,-34.372823],[-58.569025,-34.372836],[-58.569037,-34.372651],[-58.566888,-34.372597]]]}},{"type":"Feature","properties":{"partida":"357013249","cca":"357000100000000000000063700C00000000010000","tipo":"Urbano","sup_m2":3078.7},"geometry":{"type":"Polygon","coordinates":[[[-58.567447,-34.372789],[-58.567438,-34.372979],[-58.56846,-34.373015],[-58.569011,-34.373028],[-58.569025,-34.372836],[-58.568442,-34.372823],[-58.567447,-34.372789]]]}},{"type":"Feature","properties":{"partida":"357013250","cca":"357000100000000000000063700C00000000011000","tipo":"Urbano","sup_m2":2708.8},"geometry":{"type":"Polygon","coordinates":[[[-58.56743,-34.373148],[-58.568476,-34.373185],[-58.568996,-34.373196],[-58.569011,-34.373028],[-58.56846,-34.373015],[-58.567438,-34.372979],[-58.56743,-34.373148]]]}},{"type":"Feature","properties":{"partida":"357013251","cca":"357000100000000000000063700C00000000012000","tipo":"Urbano","sup_m2":2812.6},"geometry":{"type":"Polygon","coordinates":[[[-58.567422,-34.373324],[-58.568493,-34.373362],[-58.568981,-34.373372],[-58.568996,-34.373196],[-58.568476,-34.373185],[-58.56743,-34.373148],[-58.567422,-34.373324]]]}},{"type":"Feature","properties":{"partida":"357013252","cca":"357000100000000000000063700C00000000013000","tipo":"Urbano","sup_m2":3000.7},"geometry":{"type":"Polygon","coordinates":[[[-58.567422,-34.373324],[-58.567413,-34.373511],[-58.568511,-34.373552],[-58.568964,-34.373562],[-58.568981,-34.373372],[-58.568493,-34.373362],[-58.567422,-34.373324]]]}},{"type":"Feature","properties":{"partida":"357013253","cca":"357000100000000000000063700C00000000014000","tipo":"Urbano","sup_m2":2918.3},"geometry":{"type":"Polygon","coordinates":[[[-58.567413,-34.373511],[-58.567404,-34.373695],[-58.568529,-34.373738],[-58.568948,-34.373746],[-58.568964,-34.373562],[-58.568511,-34.373552],[-58.567413,-34.373511]]]}},{"type":"Feature","properties":{"partida":"357013254","cca":"357000100000000000000063700C00000000015000","tipo":"Urbano","sup_m2":2728.4},"geometry":{"type":"Polygon","coordinates":[[[-58.567396,-34.373873],[-58.568933,-34.37392],[-58.568948,-34.373746],[-58.568529,-34.373738],[-58.567404,-34.373695],[-58.567396,-34.373873]]]}},{"type":"Feature","properties":{"partida":"357013255","cca":"357000100000000000000063700C00000000016000","tipo":"Urbano","sup_m2":2738.6},"geometry":{"type":"Polygon","coordinates":[[[-58.568918,-34.374094],[-58.568933,-34.37392],[-58.567396,-34.373873],[-58.567388,-34.374049],[-58.568918,-34.374094]]]}},{"type":"Feature","properties":{"partida":"357013256","cca":"357000100000000000000063700C00000000017000","tipo":"Urbano","sup_m2":2957.5},"geometry":{"type":"Polygon","coordinates":[[[-58.568918,-34.374094],[-58.567388,-34.374049],[-58.567379,-34.374234],[-58.568901,-34.374287],[-58.568918,-34.374094]]]}},{"type":"Feature","properties":{"partida":"357013257","cca":"357000100000000000000063700C00000000018000","tipo":"Urbano","sup_m2":2835.6},"geometry":{"type":"Polygon","coordinates":[[[-58.568885,-34.374465],[-58.568901,-34.374287],[-58.567379,-34.374234],[-58.56737,-34.374421],[-58.568885,-34.374465]]]}},{"type":"Feature","properties":{"partida":"357013258","cca":"357000100000000000000063700C00000000019000","tipo":"Urbano","sup_m2":2812.0},"geometry":{"type":"Polygon","coordinates":[[[-58.56737,-34.374421],[-58.567362,-34.374601],[-58.568869,-34.374649],[-58.568885,-34.374465],[-58.56737,-34.374421]]]}},{"type":"Feature","properties":{"partida":"357013259","cca":"357000100000000000000063700C00000000020000","tipo":"Urbano","sup_m2":2759.0},"geometry":{"type":"Polygon","coordinates":[[[-58.567362,-34.374601],[-58.567353,-34.374781],[-58.568853,-34.374828],[-58.568869,-34.374649],[-58.567362,-34.374601]]]}},{"type":"Feature","properties":{"partida":"357013260","cca":"357000100000000000000063700C00000000021000","tipo":"Urbano","sup_m2":2787.6},"geometry":{"type":"Polygon","coordinates":[[[-58.568853,-34.374828],[-58.567353,-34.374781],[-58.567345,-34.37496],[-58.568837,-34.375013],[-58.568853,-34.374828]]]}},{"type":"Feature","properties":{"partida":"357013261","cca":"357000100000000000000063700C00000000022000","tipo":"Urbano","sup_m2":2612.2},"geometry":{"type":"Polygon","coordinates":[[[-58.568837,-34.375013],[-58.567345,-34.37496],[-58.567337,-34.375134],[-58.568822,-34.375183],[-58.568837,-34.375013]]]}},{"type":"Feature","properties":{"partida":"357013262","cca":"357000100000000000000063700C00000000023000","tipo":"Urbano","sup_m2":2863.8},"geometry":{"type":"Polygon","coordinates":[[[-58.567337,-34.375134],[-58.567328,-34.375313],[-58.568805,-34.375381],[-58.568822,-34.375183],[-58.567337,-34.375134]]]}},{"type":"Feature","properties":{"partida":"357013263","cca":"357000100000000000000063700C00000000024000","tipo":"Urbano","sup_m2":131888.2},"geometry":{"type":"Polygon","coordinates":[[[-58.568734,-34.376185],[-58.568805,-34.375381],[-58.567328,-34.375313],[-58.567447,-34.372789],[-58.566843,-34.372778],[-58.566455,-34.373087],[-58.566295,-34.373183],[-58.565938,-34.373161],[-58.565138,-34.372707],[-58.564735,-34.372533],[-58.564392,-34.372455],[-58.564228,-34.373499],[-58.563708,-34.375945],[-58.56363,-34.376432],[-58.566272,-34.376334],[-58.566542,-34.376295],[-58.56707,-34.376142],[-58.567472,-34.376099],[-58.568734,-34.376185]]]}},{"type":"Feature","properties":{"partida":"357013264","cca":"357000100000000000000063700D00000000002000","tipo":"Rural","sup_m2":59402.2},"geometry":{"type":"Polygon","coordinates":[[[-58.563917,-34.376076],[-58.563772,-34.376787],[-58.568774,-34.377501],[-58.568849,-34.37588],[-58.563917,-34.376076]]]}},{"type":"Feature","properties":{"partida":"357013265","cca":"357000100000000000000063700D00000000003000","tipo":"Rural","sup_m2":61449.5},"geometry":{"type":"Polygon","coordinates":[[[-58.568558,-34.379131],[-58.568713,-34.377745],[-58.568774,-34.377501],[-58.563772,-34.376787],[-58.563625,-34.377505],[-58.568558,-34.379131]]]}},{"type":"Feature","properties":{"partida":"357013266","cca":"357000100000000000000063700D0000000000400A","tipo":"Rural","sup_m2":124218.8},"geometry":{"type":"Polygon","coordinates":[[[-58.569357,-34.381663],[-58.568632,-34.380269],[-58.568558,-34.379131],[-58.563625,-34.377505],[-58.563193,-34.379611],[-58.569357,-34.381663]]]}},{"type":"Feature","properties":{"partida":"357014972","cca":"357000100000000000000066700000000000001000","tipo":"Urbano","sup_m2":3053.3},"geometry":{"type":"Polygon","coordinates":[[[-58.560319,-34.363043],[-58.561733,-34.363371],[-58.561868,-34.36307],[-58.561191,-34.363074],[-58.560378,-34.362869],[-58.560319,-34.363043]]]}},{"type":"Feature","properties":{"partida":"357014973","cca":"357000100000000000000066700000000000002000","tipo":"Urbano","sup_m2":2683.9},"geometry":{"type":"Polygon","coordinates":[[[-58.561733,-34.363371],[-58.560319,-34.363043],[-58.560261,-34.363216],[-58.561656,-34.36354],[-58.561733,-34.363371]]]}},{"type":"Feature","properties":{"partida":"357014974","cca":"357000100000000000000066700000000000003000","tipo":"Urbano","sup_m2":2649.3},"geometry":{"type":"Polygon","coordinates":[[[-58.561656,-34.36354],[-58.560261,-34.363216],[-58.560202,-34.36339],[-58.561579,-34.36371],[-58.561656,-34.36354]]]}},{"type":"Feature","properties":{"partida":"357014975","cca":"357000100000000000000066700000000000004000","tipo":"Urbano","sup_m2":2614.5},"geometry":{"type":"Polygon","coordinates":[[[-58.561579,-34.36371],[-58.560202,-34.36339],[-58.560143,-34.363563],[-58.561503,-34.363879],[-58.561579,-34.36371]]]}},{"type":"Feature","properties":{"partida":"357014976","cca":"357000100000000000000066700000000000005000","tipo":"Urbano","sup_m2":2580.8},"geometry":{"type":"Polygon","coordinates":[[[-58.561503,-34.363879],[-58.560143,-34.363563],[-58.560085,-34.363737],[-58.561426,-34.364048],[-58.561503,-34.363879]]]}},{"type":"Feature","properties":{"partida":"357014977","cca":"357000100000000000000066700000000000006000","tipo":"Urbano","sup_m2":2536.0},"geometry":{"type":"Polygon","coordinates":[[[-58.561426,-34.364048],[-58.560085,-34.363737],[-58.560026,-34.363911],[-58.561339,-34.364215],[-58.561426,-34.364048]]]}},{"type":"Feature","properties":{"partida":"357014978","cca":"357000100000000000000066700000000000007000","tipo":"Urbano","sup_m2":5195.9},"geometry":{"type":"Polygon","coordinates":[[[-58.560378,-34.362869],[-58.559925,-34.362764],[-58.559573,-34.363805],[-58.560026,-34.363911],[-58.560378,-34.362869]]]}},{"type":"Feature","properties":{"partida":"357014979","cca":"357000100000000000000066700000000000008000","tipo":"Urbano","sup_m2":5196.4},"geometry":{"type":"Polygon","coordinates":[[[-58.559472,-34.362658],[-58.55912,-34.3637],[-58.559573,-34.363805],[-58.559925,-34.362764],[-58.559472,-34.362658]]]}},{"type":"Feature","properties":{"partida":"357014980","cca":"357000100000000000000066700000000000009000","tipo":"Urbano","sup_m2":5195.6},"geometry":{"type":"Polygon","coordinates":[[[-58.559472,-34.362658],[-58.559019,-34.362553],[-58.558667,-34.363595],[-58.55912,-34.3637],[-58.559472,-34.362658]]]}},{"type":"Feature","properties":{"partida":"357014981","cca":"357000100000000000000066700000000000010000","tipo":"Urbano","sup_m2":5195.9},"geometry":{"type":"Polygon","coordinates":[[[-58.559019,-34.362553],[-58.558565,-34.362448],[-58.558214,-34.363489],[-58.558667,-34.363595],[-58.559019,-34.362553]]]}},{"type":"Feature","properties":{"partida":"357014982","cca":"357000100000000000000066700000000000011000","tipo":"Urbano","sup_m2":5196.6},"geometry":{"type":"Polygon","coordinates":[[[-58.558565,-34.362448],[-58.558112,-34.362343],[-58.55776,-34.363384],[-58.558214,-34.363489],[-58.558565,-34.362448]]]}},{"type":"Feature","properties":{"partida":"357014983","cca":"357000100000000000000066700000000000012000","tipo":"Rural","sup_m2":5195.6},"geometry":{"type":"Polygon","coordinates":[[[-58.558112,-34.362343],[-58.557659,-34.362237],[-58.557307,-34.363279],[-58.55776,-34.363384],[-58.558112,-34.362343]]]}},{"type":"Feature","properties":{"partida":"357000315","cca":"357000100000000000000066700000000000013000","tipo":"Urbano","sup_m2":5195.9},"geometry":{"type":"Polygon","coordinates":[[[-58.557659,-34.362237],[-58.557206,-34.362132],[-58.556854,-34.363174],[-58.557307,-34.363279],[-58.557659,-34.362237]]]}},{"type":"Feature","properties":{"partida":"357000321","cca":"357000100000000000000066700000000000019000","tipo":"Urbano","sup_m2":2501.4},"geometry":{"type":"Polygon","coordinates":[[[-58.561339,-34.364215],[-58.560026,-34.363911],[-58.559968,-34.364084],[-58.561273,-34.364387],[-58.561339,-34.364215]]]}},{"type":"Feature","properties":{"partida":"357000322","cca":"357000100000000000000066700000000000020000","tipo":"Urbano","sup_m2":2487.2},"geometry":{"type":"Polygon","coordinates":[[[-58.561273,-34.364387],[-58.559968,-34.364084],[-58.559909,-34.364258],[-58.561207,-34.364559],[-58.561273,-34.364387]]]}},{"type":"Feature","properties":{"partida":"357014984","cca":"357000100000000000000066700000000000021000","tipo":"Urbano","sup_m2":2473.3},"geometry":{"type":"Polygon","coordinates":[[[-58.559909,-34.364258],[-58.55985,-34.364431],[-58.561141,-34.364731],[-58.561207,-34.364559],[-58.559909,-34.364258]]]}},{"type":"Feature","properties":{"partida":"357014985","cca":"35700010000000000000006670000000000002200A","tipo":"Urbano","sup_m2":200.9},"geometry":{"type":"Polygon","coordinates":[[[-58.561141,-34.364731],[-58.55985,-34.364431],[-58.559847,-34.36444],[-58.560872,-34.364678],[-58.560867,-34.364695],[-58.561123,-34.364776],[-58.561141,-34.364731]]]}},{"type":"Feature","properties":{"partida":"357014986","cca":"35700010000000000000006670000000000002200C","tipo":"Urbano","sup_m2":15046.4},"geometry":{"type":"Polygon","coordinates":[[[-58.559163,-34.36502],[-58.560813,-34.365404],[-58.560814,-34.365368],[-58.560857,-34.365203],[-58.561044,-34.364798],[-58.56107,-34.364759],[-58.560867,-34.364695],[-58.560872,-34.364678],[-58.559847,-34.36444],[-58.560026,-34.363911],[-58.559573,-34.363805],[-58.559163,-34.36502]]]}},{"type":"Feature","properties":{"partida":"357019845","cca":"357000100000000000000066700000000000025000","tipo":"Urbano","sup_m2":2310.6},"geometry":{"type":"Polygon","coordinates":[[[-58.559557,-34.365299],[-58.560757,-34.365578],[-58.560834,-34.365408],[-58.559616,-34.365126],[-58.559557,-34.365299]]]}},{"type":"Feature","properties":{"partida":"357000324","cca":"357000100000000000000066700000000000026000","tipo":"Urbano","sup_m2":2286.8},"geometry":{"type":"Polygon","coordinates":[[[-58.560757,-34.365578],[-58.559557,-34.365299],[-58.559499,-34.365473],[-58.560691,-34.36575],[-58.560757,-34.365578]]]}},{"type":"Feature","properties":{"partida":"357000325","cca":"357000100000000000000066700000000000027000","tipo":"Urbano","sup_m2":2271.8},"geometry":{"type":"Polygon","coordinates":[[[-58.560691,-34.36575],[-58.559499,-34.365473],[-58.55944,-34.365646],[-58.560625,-34.365922],[-58.560691,-34.36575]]]}},{"type":"Feature","properties":{"partida":"357014989","cca":"357000100000000000000066700000000000028000","tipo":"Urbano","sup_m2":4107.5},"geometry":{"type":"Polygon","coordinates":[[[-58.55944,-34.365646],[-58.559323,-34.365993],[-58.559562,-34.366069],[-58.560521,-34.366166],[-58.560625,-34.365922],[-58.55944,-34.365646]]]}},{"type":"Feature","properties":{"partida":"357000326","cca":"35700010000000000000006670000000000002900A","tipo":"Urbano","sup_m2":2143.6},"geometry":{"type":"Polygon","coordinates":[[[-58.559102,-34.365923],[-58.559323,-34.365993],[-58.559616,-34.365126],[-58.559389,-34.365073],[-58.559102,-34.365923]]]}},{"type":"Feature","properties":{"partida":"357000327","cca":"35700010000000000000006670000000000002900C","tipo":"Urbano","sup_m2":2075.4},"geometry":{"type":"Polygon","coordinates":[[[-58.559389,-34.365073],[-58.559163,-34.36502],[-58.558895,-34.365812],[-58.55896,-34.365872],[-58.559102,-34.365923],[-58.559389,-34.365073]]]}},{"type":"Feature","properties":{"partida":"357000328","cca":"357000100000000000000066700000000000030000","tipo":"Urbano","sup_m2":9520.2},"geometry":{"type":"Polygon","coordinates":[[[-58.55912,-34.3637],[-58.558498,-34.36554],[-58.558749,-34.365675],[-58.558895,-34.365812],[-58.559573,-34.363805],[-58.55912,-34.3637]]]}},{"type":"Feature","properties":{"partida":"357000329","cca":"357000100000000000000066700000000000031000","tipo":"Urbano","sup_m2":8899.4},"geometry":{"type":"Polygon","coordinates":[[[-58.55912,-34.3637],[-58.558667,-34.363595],[-58.558089,-34.365305],[-58.558235,-34.365409],[-58.558498,-34.36554],[-58.55912,-34.3637]]]}},{"type":"Feature","properties":{"partida":"357000330","cca":"357000100000000000000066700000000000032000","tipo":"Urbano","sup_m2":7617.4},"geometry":{"type":"Polygon","coordinates":[[[-58.558667,-34.363595],[-58.558214,-34.363489],[-58.557781,-34.36477],[-58.55787,-34.365025],[-58.558089,-34.365305],[-58.558667,-34.363595]]]}},{"type":"Feature","properties":{"partida":"357014992","cca":"35700010000000000000006670000000000003300A","tipo":"Urbano","sup_m2":3910.6},"geometry":{"type":"Polygon","coordinates":[[[-58.557781,-34.36477],[-58.558201,-34.363528],[-58.557873,-34.363452],[-58.55756,-34.364378],[-58.557781,-34.36477]]]}},{"type":"Feature","properties":{"partida":"357014993","cca":"35700010000000000000006670000000000003300B","tipo":"Urbano","sup_m2":1197.1},"geometry":{"type":"Polygon","coordinates":[[[-58.557475,-34.364228],[-58.55756,-34.364378],[-58.557873,-34.363452],[-58.557747,-34.363423],[-58.557475,-34.364228]]]}},{"type":"Feature","properties":{"partida":null,"cca":"35700010000000000000006670000000000003300C","tipo":null,"sup_m2":192.7},"geometry":{"type":"Polygon","coordinates":[[[-58.558214,-34.363489],[-58.55776,-34.363384],[-58.557747,-34.363423],[-58.558201,-34.363528],[-58.558214,-34.363489]]]}},{"type":"Feature","properties":{"partida":"357014994","cca":"357000100000000000000066700000000000034000","tipo":"Urbano","sup_m2":4044.3},"geometry":{"type":"Polygon","coordinates":[[[-58.557307,-34.363279],[-58.557028,-34.364104],[-58.557453,-34.364169],[-58.557475,-34.364228],[-58.55776,-34.363384],[-58.557307,-34.363279]]]}},{"type":"Feature","properties":{"partida":"357000339","cca":"35700010000000000000006680000000000004200A","tipo":"Urbano","sup_m2":1266.7},"geometry":{"type":"Polygon","coordinates":[[[-58.559619,-34.366184],[-58.559585,-34.366285],[-58.560371,-34.366467],[-58.560462,-34.366285],[-58.559619,-34.366184]]]}},{"type":"Feature","properties":{"partida":"357000340","cca":"35700010000000000000006680000000000004200B","tipo":"Urbano","sup_m2":1551.2},"geometry":{"type":"Polygon","coordinates":[[[-58.5595,-34.366471],[-58.560306,-34.366658],[-58.560376,-34.366487],[-58.559559,-34.366297],[-58.5595,-34.366471]]]}},{"type":"Feature","properties":{"partida":"357014995","cca":"35700010000000000000006680000000000004200C","tipo":"Urbano","sup_m2":1000.4},"geometry":{"type":"Polygon","coordinates":[[[-58.5595,-34.366471],[-58.559598,-34.366179],[-58.559283,-34.366111],[-58.559186,-34.366398],[-58.5595,-34.366471]]]}},{"type":"Feature","properties":{"partida":"357000341","cca":"357000100000000000000066800000000000043000","tipo":"Urbano","sup_m2":2139.7},"geometry":{"type":"Polygon","coordinates":[[[-58.559186,-34.366398],[-58.559127,-34.366571],[-58.560247,-34.366832],[-58.560306,-34.366658],[-58.559186,-34.366398]]]}},{"type":"Feature","properties":{"partida":"357000342","cca":"357000100000000000000066800000000000044000","tipo":"Urbano","sup_m2":2119.6},"geometry":{"type":"Polygon","coordinates":[[[-58.559069,-34.366745],[-58.560168,-34.367],[-58.560247,-34.366832],[-58.559127,-34.366571],[-58.559069,-34.366745]]]}},{"type":"Feature","properties":{"partida":"357014996","cca":"357000100000000000000066800000000000045000","tipo":"Urbano","sup_m2":3446.6},"geometry":{"type":"Polygon","coordinates":[[[-58.559283,-34.366111],[-58.558868,-34.365892],[-58.558615,-34.36664],[-58.559069,-34.366745],[-58.559283,-34.366111]]]}},{"type":"Feature","properties":{"partida":"357014997","cca":"357000100000000000000066800000000000046000","tipo":"Urbano","sup_m2":4024.9},"geometry":{"type":"Polygon","coordinates":[[[-58.558162,-34.366534],[-58.558615,-34.36664],[-58.558868,-34.365892],[-58.558455,-34.365668],[-58.558162,-34.366534]]]}},{"type":"Feature","properties":{"partida":"357000343","cca":"35700010000000000000006680000000000004700A","tipo":"Urbano","sup_m2":499.8},"geometry":{"type":"Polygon","coordinates":[[[-58.55811,-34.366522],[-58.558162,-34.366534],[-58.558455,-34.365668],[-58.558404,-34.365653],[-58.55811,-34.366522]]]}},{"type":"Feature","properties":{"partida":"357000344","cca":"35700010000000000000006680000000000004700B","tipo":"Urbano","sup_m2":4033.3},"geometry":{"type":"Polygon","coordinates":[[[-58.558404,-34.365653],[-58.558033,-34.365471],[-58.557709,-34.366429],[-58.55811,-34.366522],[-58.558404,-34.365653]]]}},{"type":"Feature","properties":{"partida":"357000345","cca":"35700010000000000000006680000000000004800A","tipo":"Urbano","sup_m2":2579.2},"geometry":{"type":"Polygon","coordinates":[[[-58.558033,-34.365471],[-58.557858,-34.365267],[-58.557483,-34.366377],[-58.557709,-34.366429],[-58.558033,-34.365471]]]}},{"type":"Feature","properties":{"partida":"357000346","cca":"35700010000000000000006680000000000004800B","tipo":"Urbano","sup_m2":3170.7},"geometry":{"type":"Polygon","coordinates":[[[-58.557256,-34.366324],[-58.557483,-34.366377],[-58.557858,-34.365267],[-58.55774,-34.364892],[-58.557256,-34.366324]]]}},{"type":"Feature","properties":{"partida":"357000347","cca":"357000100000000000000066800000000000049000","tipo":"Urbano","sup_m2":8351.3},"geometry":{"type":"Polygon","coordinates":[[[-58.556803,-34.366219],[-58.557256,-34.366324],[-58.55774,-34.364892],[-58.55745,-34.364303],[-58.556803,-34.366219]]]}},{"type":"Feature","properties":{"partida":"357014998","cca":"357000100000000000000066800000000000058000","tipo":"Urbano","sup_m2":2100.2},"geometry":{"type":"Polygon","coordinates":[[[-58.55901,-34.366919],[-58.560109,-34.367174],[-58.560168,-34.367],[-58.559069,-34.366745],[-58.55901,-34.366919]]]}},{"type":"Feature","properties":{"partida":"357000356","cca":"357000100000000000000066800000000000059000","tipo":"Urbano","sup_m2":2080.3},"geometry":{"type":"Polygon","coordinates":[[[-58.558951,-34.367092],[-58.560029,-34.367343],[-58.560109,-34.367174],[-58.55901,-34.366919],[-58.558951,-34.367092]]]}},{"type":"Feature","properties":{"partida":"357000357","cca":"35700010000000000000006680000000000006000A","tipo":"Urbano","sup_m2":528.1},"geometry":{"type":"Polygon","coordinates":[[[-58.559445,-34.367301],[-58.559996,-34.367428],[-58.560029,-34.367343],[-58.559475,-34.367214],[-58.559445,-34.367301]]]}},{"type":"Feature","properties":{"partida":"357000358","cca":"35700010000000000000006680000000000006100A","tipo":"Urbano","sup_m2":1768.2},"geometry":{"type":"Polygon","coordinates":[[[-58.559996,-34.367428],[-58.559445,-34.367301],[-58.559343,-34.367604],[-58.559887,-34.367712],[-58.559996,-34.367428]]]}},{"type":"Feature","properties":{"partida":"357014999","cca":"35700010000000000000006680000000000006200A","tipo":"Urbano","sup_m2":1125.1},"geometry":{"type":"Polygon","coordinates":[[[-58.559213,-34.367153],[-58.559081,-34.367543],[-58.559343,-34.367604],[-58.559475,-34.367214],[-58.559213,-34.367153]]]}},{"type":"Feature","properties":{"partida":"357015000","cca":"35700010000000000000006680000000000006200B","tipo":"Urbano","sup_m2":1124.7},"geometry":{"type":"Polygon","coordinates":[[[-58.558951,-34.367092],[-58.55882,-34.367483],[-58.559081,-34.367543],[-58.559213,-34.367153],[-58.558951,-34.367092]]]}},{"type":"Feature","properties":{"partida":"357000361","cca":"35700010000000000000006680000000000006300C","tipo":"Urbano","sup_m2":1529.9},"geometry":{"type":"Polygon","coordinates":[[[-58.558504,-34.366614],[-58.558254,-34.367351],[-58.558443,-34.367395],[-58.558692,-34.366657],[-58.558504,-34.366614]]]}},{"type":"Feature","properties":{"partida":"357000360","cca":"35700010000000000000006680000000000006300D","tipo":"Urbano","sup_m2":3060.1},"geometry":{"type":"Polygon","coordinates":[[[-58.55882,-34.367483],[-58.559069,-34.366745],[-58.558692,-34.366657],[-58.558443,-34.367395],[-58.55882,-34.367483]]]}},{"type":"Feature","properties":{"partida":"357000362","cca":"35700010000000000000006680000000000006400A","tipo":"Urbano","sup_m2":1529.9},"geometry":{"type":"Polygon","coordinates":[[[-58.558315,-34.36657],[-58.558066,-34.367308],[-58.558254,-34.367351],[-58.558504,-34.366614],[-58.558315,-34.36657]]]}},{"type":"Feature","properties":{"partida":"357000363","cca":"35700010000000000000006680000000000006400B","tipo":"Urbano","sup_m2":1529.9},"geometry":{"type":"Polygon","coordinates":[[[-58.558315,-34.36657],[-58.558127,-34.366526],[-58.557878,-34.367264],[-58.558066,-34.367308],[-58.558315,-34.36657]]]}},{"type":"Feature","properties":{"partida":"357000364","cca":"35700010000000000000006680000000000006400C","tipo":"Urbano","sup_m2":1530.1},"geometry":{"type":"Polygon","coordinates":[[[-58.558127,-34.366526],[-58.557938,-34.366482],[-58.557689,-34.36722],[-58.557878,-34.367264],[-58.558127,-34.366526]]]}},{"type":"Feature","properties":{"partida":"357000365","cca":"35700010000000000000006680000000000006500A","tipo":"Urbano","sup_m2":1530.5},"geometry":{"type":"Polygon","coordinates":[[[-58.55775,-34.366439],[-58.557501,-34.367176],[-58.557689,-34.36722],[-58.557938,-34.366482],[-58.55775,-34.366439]]]}},{"type":"Feature","properties":{"partida":"357000366","cca":"35700010000000000000006680000000000006500B","tipo":"Urbano","sup_m2":1530.1},"geometry":{"type":"Polygon","coordinates":[[[-58.55775,-34.366439],[-58.557562,-34.366395],[-58.557312,-34.367133],[-58.557501,-34.367176],[-58.55775,-34.366439]]]}},{"type":"Feature","properties":{"partida":"357000367","cca":"35700010000000000000006680000000000006500C","tipo":"Urbano","sup_m2":1530.1},"geometry":{"type":"Polygon","coordinates":[[[-58.557373,-34.366351],[-58.557124,-34.367089],[-58.557312,-34.367133],[-58.557562,-34.366395],[-58.557373,-34.366351]]]}},{"type":"Feature","properties":{"partida":"357000368","cca":"35700010000000000000006680000000000006600A","tipo":"Urbano","sup_m2":1529.9},"geometry":{"type":"Polygon","coordinates":[[[-58.557373,-34.366351],[-58.557185,-34.366307],[-58.556936,-34.367045],[-58.557124,-34.367089],[-58.557373,-34.366351]]]}},{"type":"Feature","properties":{"partida":"357000387","cca":"357000100000000000000066800000000000077000","tipo":"Urbano","sup_m2":2019.4},"geometry":{"type":"Polygon","coordinates":[[[-58.558767,-34.367639],[-58.558708,-34.367812],[-58.559765,-34.368058],[-58.559824,-34.367884],[-58.558767,-34.367639]]]}},{"type":"Feature","properties":{"partida":"357000388","cca":"35700010000000000000006680000000000007800A","tipo":"Urbano","sup_m2":505.1},"geometry":{"type":"Polygon","coordinates":[[[-58.558693,-34.367856],[-58.559751,-34.368101],[-58.559765,-34.368058],[-58.558708,-34.367812],[-58.558693,-34.367856]]]}},{"type":"Feature","properties":{"partida":"357000389","cca":"35700010000000000000006680000000000007800B","tipo":"Urbano","sup_m2":2531.2},"geometry":{"type":"Polygon","coordinates":[[[-58.55862,-34.368073],[-58.559682,-34.36832],[-58.559751,-34.368101],[-58.558693,-34.367856],[-58.55862,-34.368073]]]}},{"type":"Feature","properties":{"partida":"357000390","cca":"35700010000000000000006680000000000007900A","tipo":"Urbano","sup_m2":1518.1},"geometry":{"type":"Polygon","coordinates":[[[-58.558576,-34.368203],[-58.559632,-34.368448],[-58.559682,-34.36832],[-58.55862,-34.368073],[-58.558576,-34.368203]]]}},{"type":"Feature","properties":{"partida":"357000391","cca":"35700010000000000000006680000000000007900B","tipo":"Urbano","sup_m2":1510.3},"geometry":{"type":"Polygon","coordinates":[[[-58.558532,-34.368333],[-58.559584,-34.368578],[-58.559632,-34.368448],[-58.558576,-34.368203],[-58.558532,-34.368333]]]}},{"type":"Feature","properties":{"partida":"357000392","cca":"357000100000000000000066800000000000080000","tipo":"Urbano","sup_m2":3463.9},"geometry":{"type":"Polygon","coordinates":[[[-58.558532,-34.368333],[-58.558767,-34.367639],[-58.558314,-34.367534],[-58.558079,-34.368228],[-58.558532,-34.368333]]]}},{"type":"Feature","properties":{"partida":"357000393","cca":"357000100000000000000066800000000000081000","tipo":"Urbano","sup_m2":3464.3},"geometry":{"type":"Polygon","coordinates":[[[-58.558079,-34.368228],[-58.558314,-34.367534],[-58.55786,-34.367428],[-58.557626,-34.368123],[-58.558079,-34.368228]]]}},{"type":"Feature","properties":{"partida":"357000394","cca":"357000100000000000000066800000000000082000","tipo":"Urbano","sup_m2":3463.8},"geometry":{"type":"Polygon","coordinates":[[[-58.557173,-34.368017],[-58.557626,-34.368123],[-58.55786,-34.367428],[-58.557407,-34.367323],[-58.557173,-34.368017]]]}},{"type":"Feature","properties":{"partida":"357015002","cca":"357000100000000000000066800000000000090000","tipo":"Urbano","sup_m2":2339.3},"geometry":{"type":"Polygon","coordinates":[[[-58.558553,-34.368619],[-58.55847,-34.36885],[-58.558551,-34.368915],[-58.558598,-34.368935],[-58.558639,-34.368968],[-58.558709,-34.368976],[-58.559023,-34.368955],[-58.55916,-34.368933],[-58.559272,-34.368944],[-58.559436,-34.369025],[-58.559499,-34.368839],[-58.558553,-34.368619]]]}},{"type":"Feature","properties":{"partida":"357000401","cca":"357000100000000000000066800000000000091000","tipo":"Urbano","sup_m2":2949.1},"geometry":{"type":"Polygon","coordinates":[[[-58.557538,-34.368383],[-58.557433,-34.368694],[-58.558444,-34.368844],[-58.558527,-34.368613],[-58.557538,-34.368383]]]}},{"type":"Feature","properties":{"partida":"357000402","cca":"35700010000000000000006680000000000009200A","tipo":"Urbano","sup_m2":746.3},"geometry":{"type":"Polygon","coordinates":[[[-58.557538,-34.368383],[-58.557289,-34.368325],[-58.557193,-34.368608],[-58.557449,-34.368645],[-58.557538,-34.368383]]]}},{"type":"Feature","properties":{"partida":"357000403","cca":"35700010000000000000006680000000000009200B","tipo":"Urbano","sup_m2":672.4},"geometry":{"type":"Polygon","coordinates":[[[-58.556978,-34.368577],[-58.557193,-34.368608],[-58.557289,-34.368325],[-58.557079,-34.368277],[-58.556978,-34.368577]]]}},{"type":"Feature","properties":{"partida":"357000497","cca":"357000100000000000000067300A00000000012000","tipo":"Urbano","sup_m2":764.6},"geometry":{"type":"Polygon","coordinates":[[[-58.556999,-34.369326],[-58.557238,-34.36936],[-58.557361,-34.369103],[-58.557054,-34.369059],[-58.556999,-34.369326]]]}},{"type":"Feature","properties":{"partida":"357000498","cca":"357000100000000000000067300A00000000013000","tipo":"Urbano","sup_m2":715.9},"geometry":{"type":"Polygon","coordinates":[[[-58.557097,-34.368855],[-58.557054,-34.369059],[-58.557361,-34.369103],[-58.557456,-34.368906],[-58.557097,-34.368855]]]}},{"type":"Feature","properties":{"partida":"357000499","cca":"357000100000000000000067300A00000000014000","tipo":"Urbano","sup_m2":657.6},"geometry":{"type":"Polygon","coordinates":[[[-58.557097,-34.368855],[-58.557456,-34.368906],[-58.557532,-34.368748],[-58.557131,-34.368691],[-58.557097,-34.368855]]]}},{"type":"Feature","properties":{"partida":"357000509","cca":"357000100000000000000067300B00000000002000","tipo":"Urbano","sup_m2":665.8},"geometry":{"type":"Polygon","coordinates":[[[-58.557936,-34.369785],[-58.557705,-34.369752],[-58.557656,-34.369985],[-58.557925,-34.37003],[-58.557966,-34.369877],[-58.557936,-34.369785]]]}},{"type":"Feature","properties":{"partida":"357000510","cca":"357000100000000000000067300B00000000003000","tipo":"Urbano","sup_m2":673.2},"geometry":{"type":"Polygon","coordinates":[[[-58.557752,-34.369525],[-58.557705,-34.369752],[-58.557936,-34.369785],[-58.558084,-34.369572],[-58.557752,-34.369525]]]}},{"type":"Feature","properties":{"partida":"357000511","cca":"357000100000000000000067300B00000000004000","tipo":"Urbano","sup_m2":929.0},"geometry":{"type":"Polygon","coordinates":[[[-58.557656,-34.369985],[-58.557752,-34.369525],[-58.557559,-34.369497],[-58.557464,-34.369953],[-58.557656,-34.369985]]]}},{"type":"Feature","properties":{"partida":"357000512","cca":"357000100000000000000067300B00000000005000","tipo":"Urbano","sup_m2":920.0},"geometry":{"type":"Polygon","coordinates":[[[-58.557273,-34.369921],[-58.557464,-34.369953],[-58.557559,-34.369497],[-58.557366,-34.36947],[-58.557273,-34.369921]]]}},{"type":"Feature","properties":{"partida":"357000513","cca":"357000100000000000000067300B00000000006000","tipo":"Urbano","sup_m2":910.6},"geometry":{"type":"Polygon","coordinates":[[[-58.557173,-34.369442],[-58.557081,-34.369889],[-58.557273,-34.369921],[-58.557366,-34.36947],[-58.557173,-34.369442]]]}},{"type":"Feature","properties":{"partida":"357015059","cca":"357000100000000000000067300C00000000001000","tipo":"Urbano","sup_m2":510.1},"geometry":{"type":"Polygon","coordinates":[[[-58.55768,-34.369106],[-58.557748,-34.368779],[-58.557642,-34.368763],[-58.55749,-34.369079],[-58.55768,-34.369106]]]}},{"type":"Feature","properties":{"partida":"357015060","cca":"357000100000000000000067300C00000000002000","tipo":"Urbano","sup_m2":741.4},"geometry":{"type":"Polygon","coordinates":[[[-58.557616,-34.369414],[-58.55768,-34.369106],[-58.55749,-34.369079],[-58.557347,-34.369375],[-58.557616,-34.369414]]]}},{"type":"Feature","properties":{"partida":"357015061","cca":"357000100000000000000067300C00000000003000","tipo":"Urbano","sup_m2":622.8},"geometry":{"type":"Polygon","coordinates":[[[-58.557873,-34.369134],[-58.55768,-34.369106],[-58.557616,-34.369414],[-58.557809,-34.369441],[-58.557873,-34.369134]]]}},{"type":"Feature","properties":{"partida":"357015062","cca":"357000100000000000000067300C00000000004000","tipo":"Urbano","sup_m2":622.8},"geometry":{"type":"Polygon","coordinates":[[[-58.558066,-34.369161],[-58.557873,-34.369134],[-58.557809,-34.369441],[-58.558002,-34.369469],[-58.558066,-34.369161]]]}},{"type":"Feature","properties":{"partida":"357015063","cca":"357000100000000000000067300C00000000005000","tipo":"Urbano","sup_m2":689.5},"geometry":{"type":"Polygon","coordinates":[[[-58.558002,-34.369469],[-58.558141,-34.369489],[-58.558288,-34.369277],[-58.558387,-34.369207],[-58.558066,-34.369161],[-58.558002,-34.369469]]]}},{"type":"Feature","properties":{"partida":"357015064","cca":"357000100000000000000067300C00000000006000","tipo":"Urbano","sup_m2":556.3},"geometry":{"type":"Polygon","coordinates":[[[-58.558066,-34.369161],[-58.558387,-34.369207],[-58.558439,-34.36905],[-58.558099,-34.369001],[-58.558066,-34.369161]]]}},{"type":"Feature","properties":{"partida":"357015065","cca":"357000100000000000000067300C00000000007000","tipo":"Urbano","sup_m2":605.1},"geometry":{"type":"Polygon","coordinates":[[[-58.558099,-34.369001],[-58.558439,-34.36905],[-58.558482,-34.368921],[-58.558425,-34.368875],[-58.558134,-34.368834],[-58.558099,-34.369001]]]}},{"type":"Feature","properties":{"partida":"357015066","cca":"357000100000000000000067300C00000000008000","tipo":"Urbano","sup_m2":664.1},"geometry":{"type":"Polygon","coordinates":[[[-58.558066,-34.369161],[-58.558134,-34.368834],[-58.557941,-34.368806],[-58.557873,-34.369134],[-58.558066,-34.369161]]]}},{"type":"Feature","properties":{"partida":"357015067","cca":"357000100000000000000067300C00000000009000","tipo":"Urbano","sup_m2":664.1},"geometry":{"type":"Polygon","coordinates":[[[-58.557873,-34.369134],[-58.557941,-34.368806],[-58.557748,-34.368779],[-58.55768,-34.369106],[-58.557873,-34.369134]]]}},{"type":"Feature","properties":{"partida":"357015068","cca":"357000100000000000000067300D00000000001000","tipo":"Urbano","sup_m2":459.3},"geometry":{"type":"Polygon","coordinates":[[[-58.558647,-34.369281],[-58.558708,-34.368987],[-58.558632,-34.368979],[-58.558588,-34.368943],[-58.558483,-34.369258],[-58.558647,-34.369281]]]}},{"type":"Feature","properties":{"partida":"357015069","cca":"357000100000000000000067300D00000000002000","tipo":"Urbano","sup_m2":762.0},"geometry":{"type":"Polygon","coordinates":[[[-58.558591,-34.369553],[-58.558647,-34.369281],[-58.558483,-34.369258],[-58.558372,-34.369336],[-58.558255,-34.369505],[-58.558591,-34.369553]]]}},{"type":"Feature","properties":{"partida":"357015070","cca":"357000100000000000000067300D00000000003000","tipo":"Urbano","sup_m2":840.2},"geometry":{"type":"Polygon","coordinates":[[[-58.558964,-34.36935],[-58.558643,-34.369304],[-58.558591,-34.369553],[-58.558913,-34.369599],[-58.558964,-34.36935]]]}},{"type":"Feature","properties":{"partida":"357015051","cca":"357000100000000000000067300D00000000004000","tipo":"Urbano","sup_m2":1221.0},"geometry":{"type":"Polygon","coordinates":[[[-58.558964,-34.36935],[-58.558913,-34.369599],[-58.559279,-34.369651],[-58.559392,-34.369641],[-58.559435,-34.369417],[-58.558964,-34.36935]]]}},{"type":"Feature","properties":{"partida":"357015071","cca":"357000100000000000000067300D00000000005000","tipo":"Urbano","sup_m2":2462.8},"geometry":{"type":"Polygon","coordinates":[[[-58.55891,-34.368972],[-58.558836,-34.369332],[-58.559435,-34.369417],[-58.559502,-34.369071],[-58.559268,-34.368956],[-58.55916,-34.368944],[-58.559025,-34.368966],[-58.55891,-34.368972]]]}},{"type":"Feature","properties":{"partida":"357015072","cca":"357000100000000000000067300D00000000006000","tipo":"Urbano","sup_m2":685.0},"geometry":{"type":"Polygon","coordinates":[[[-58.558836,-34.369332],[-58.558903,-34.369008],[-58.55891,-34.368972],[-58.558708,-34.368987],[-58.558643,-34.369304],[-58.558836,-34.369332]]]}},{"type":"Feature","properties":{"partida":"357015073","cca":"357000100000000000000067300E00000000001000","tipo":"Urbano","sup_m2":543.3},"geometry":{"type":"Polygon","coordinates":[[[-58.558198,-34.369588],[-58.558053,-34.369797],[-58.558334,-34.369838],[-58.55838,-34.369614],[-58.558198,-34.369588]]]}},{"type":"Feature","properties":{"partida":"357015074","cca":"357000100000000000000067300E00000000002000","tipo":"Urbano","sup_m2":654.3},"geometry":{"type":"Polygon","coordinates":[[[-58.558053,-34.369797],[-58.558078,-34.369875],[-58.558032,-34.370048],[-58.558281,-34.37009],[-58.558334,-34.369838],[-58.558053,-34.369797]]]}},{"type":"Feature","properties":{"partida":"357015075","cca":"357000100000000000000067300E00000000003000","tipo":"Urbano","sup_m2":968.2},"geometry":{"type":"Polygon","coordinates":[[[-58.55838,-34.369614],[-58.558281,-34.37009],[-58.558473,-34.370122],[-58.558573,-34.369642],[-58.55838,-34.369614]]]}},{"type":"Feature","properties":{"partida":"357015076","cca":"357000100000000000000067300E00000000004000","tipo":"Urbano","sup_m2":977.1},"geometry":{"type":"Polygon","coordinates":[[[-58.558665,-34.370154],[-58.558766,-34.369669],[-58.558573,-34.369642],[-58.558473,-34.370122],[-58.558665,-34.370154]]]}},{"type":"Feature","properties":{"partida":"357015077","cca":"357000100000000000000067300E00000000005000","tipo":"Urbano","sup_m2":876.4},"geometry":{"type":"Polygon","coordinates":[[[-58.559189,-34.370059],[-58.558699,-34.369989],[-58.558665,-34.370154],[-58.559151,-34.370235],[-58.559189,-34.370059]]]}},{"type":"Feature","properties":{"partida":"357015078","cca":"357000100000000000000067300E00000000006000","tipo":"Urbano","sup_m2":824.9},"geometry":{"type":"Polygon","coordinates":[[[-58.558699,-34.369989],[-58.559189,-34.370059],[-58.559224,-34.369899],[-58.558732,-34.369829],[-58.558699,-34.369989]]]}},{"type":"Feature","properties":{"partida":"357015079","cca":"357000100000000000000067300E00000000007000","tipo":"Urbano","sup_m2":828.1},"geometry":{"type":"Polygon","coordinates":[[[-58.558732,-34.369829],[-58.559224,-34.369899],[-58.559259,-34.36974],[-58.558766,-34.369669],[-58.558732,-34.369829]]]}},{"type":"Feature","properties":{"partida":"357015081","cca":"357000100000000000000067300F00000000003000","tipo":"Rural","sup_m2":22333.3},"geometry":{"type":"Polygon","coordinates":[[[-58.558995,-34.370916],[-58.554949,-34.370467],[-58.554947,-34.370467],[-58.554982,-34.370788],[-58.555314,-34.370889],[-58.555646,-34.370979],[-58.556058,-34.371049],[-58.5565,-34.371166],[-58.556944,-34.371264],[-58.557409,-34.371333],[-58.558066,-34.371469],[-58.558844,-34.371643],[-58.558925,-34.371265],[-58.558995,-34.370916]]]}},{"type":"Feature","properties":{"partida":"357015085","cca":"357000100000000000000067300F0000000000700D","tipo":"Urbano","sup_m2":5570.3},"geometry":{"type":"Polygon","coordinates":[[[-58.558394,-34.373507],[-58.555759,-34.37316],[-58.558304,-34.373904],[-58.558309,-34.373836],[-58.558356,-34.373766],[-58.558404,-34.373634],[-58.558394,-34.373507]]]}},{"type":"Feature","properties":{"partida":"357015087","cca":"357000100000000000000067300F0000000000700F","tipo":"Urbano","sup_m2":5920.5},"geometry":{"type":"Polygon","coordinates":[[[-58.558149,-34.374677],[-58.55819,-34.3746],[-58.558222,-34.374489],[-58.55824,-34.37435],[-58.55824,-34.374267],[-58.555759,-34.37316],[-58.556322,-34.373528],[-58.558149,-34.374677]]]}},{"type":"Feature","properties":{"partida":"357015088","cca":"357000100000000000000067300F00000000008000","tipo":"Urbano","sup_m2":12830.9},"geometry":{"type":"Polygon","coordinates":[[[-58.556322,-34.373528],[-58.555952,-34.373835],[-58.556304,-34.374124],[-58.556468,-34.374261],[-58.556808,-34.374555],[-58.556985,-34.374701],[-58.557887,-34.375107],[-58.557963,-34.375004],[-58.558035,-34.37487],[-58.558094,-34.374786],[-58.558149,-34.374677],[-58.556322,-34.373528]]]}},{"type":"Feature","properties":{"partida":"357015089","cca":"357000100000000000000067300F00000000009000","tipo":"Urbano","sup_m2":1934.2},"geometry":{"type":"Polygon","coordinates":[[[-58.557887,-34.375107],[-58.556985,-34.374701],[-58.556848,-34.374815],[-58.557722,-34.37527],[-58.557818,-34.375189],[-58.557887,-34.375107]]]}},{"type":"Feature","properties":{"partida":"357015090","cca":"357000100000000000000067300F00000000010000","tipo":"Urbano","sup_m2":1759.2},"geometry":{"type":"Polygon","coordinates":[[[-58.557722,-34.37527],[-58.556848,-34.374815],[-58.556722,-34.374916],[-58.557564,-34.375412],[-58.557686,-34.37531],[-58.557722,-34.37527]]]}},{"type":"Feature","properties":{"partida":"357015221","cca":"35700010000000000000006790000000000000100A","tipo":"Urbano","sup_m2":6054.4},"geometry":{"type":"Polygon","coordinates":[[[-58.557317,-34.376451],[-58.557438,-34.377079],[-58.558066,-34.376869],[-58.558063,-34.376765],[-58.558241,-34.37666],[-58.558284,-34.376442],[-58.558177,-34.376184],[-58.558058,-34.376122],[-58.557925,-34.376161],[-58.557675,-34.376288],[-58.557317,-34.376451]]]}},{"type":"Feature","properties":{"partida":"357015222","cca":"357000100000000000000067900000000000003000","tipo":"Urbano","sup_m2":2105.1},"geometry":{"type":"Polygon","coordinates":[[[-58.55746,-34.377209],[-58.557438,-34.377079],[-58.557317,-34.376451],[-58.557265,-34.376474],[-58.55709,-34.376583],[-58.557036,-34.376606],[-58.557199,-34.377253],[-58.55746,-34.377209]]]}},{"type":"Feature","properties":{"partida":"357015237","cca":"357000100000000000000067900000000000018000","tipo":"Urbano","sup_m2":1179.7},"geometry":{"type":"Polygon","coordinates":[[[-58.55746,-34.377209],[-58.558068,-34.377105],[-58.558072,-34.37706],[-58.558066,-34.376869],[-58.557438,-34.377079],[-58.55746,-34.377209]]]}},{"type":"Feature","properties":{"partida":"357015238","cca":"357000100000000000000067900000000000019000","tipo":"Urbano","sup_m2":2081.1},"geometry":{"type":"Polygon","coordinates":[[[-58.556918,-34.377306],[-58.556957,-34.37744],[-58.558048,-34.377328],[-58.558068,-34.377105],[-58.557199,-34.377253],[-58.556918,-34.377306]]]}},{"type":"Feature","properties":{"partida":"357015239","cca":"357000100000000000000067900000000000020000","tipo":"Urbano","sup_m2":1465.8},"geometry":{"type":"Polygon","coordinates":[[[-58.55699,-34.377559],[-58.558034,-34.377476],[-58.558048,-34.377328],[-58.556957,-34.37744],[-58.55699,-34.377559]]]}},{"type":"Feature","properties":{"partida":"357017759","cca":"35700010000000000000006790000000000002100B","tipo":"Urbano","sup_m2":6996.7},"geometry":{"type":"Polygon","coordinates":[[[-58.556567,-34.377652],[-58.556523,-34.377662],[-58.556544,-34.378202],[-58.556754,-34.378229],[-58.557383,-34.378293],[-58.557818,-34.378274],[-58.557926,-34.378048],[-58.558014,-34.3779],[-58.556567,-34.377652]]]}},{"type":"Feature","properties":{"partida":"357019947","cca":"35700010000000000000006790000000000002100D","tipo":"Urbano","sup_m2":1162.6},"geometry":{"type":"Polygon","coordinates":[[[-58.55699,-34.377559],[-58.556842,-34.377592],[-58.558011,-34.377652],[-58.558034,-34.377476],[-58.55699,-34.377559]]]}},{"type":"Feature","properties":{"partida":"357015240","cca":"35700010000000000000006790000000000002100E","tipo":"Urbano","sup_m2":2291.3},"geometry":{"type":"Polygon","coordinates":[[[-58.556842,-34.377592],[-58.556567,-34.377652],[-58.558014,-34.3779],[-58.558053,-34.377822],[-58.557987,-34.37772],[-58.558011,-34.377652],[-58.556842,-34.377592]]]}},{"type":"Feature","properties":{"partida":"357015604","cca":"357000100000000000000068200000000000001000","tipo":"Urbano","sup_m2":907.6},"geometry":{"type":"Polygon","coordinates":[[[-58.557921,-34.378799],[-58.55805,-34.37899],[-58.558538,-34.378831],[-58.558453,-34.378751],[-58.558126,-34.378747],[-58.557921,-34.378799]]]}},{"type":"Feature","properties":{"partida":"357015605","cca":"357000100000000000000068200000000000002000","tipo":"Urbano","sup_m2":1116.5},"geometry":{"type":"Polygon","coordinates":[[[-58.557952,-34.379215],[-58.558149,-34.379146],[-58.55805,-34.37899],[-58.557921,-34.378799],[-58.557601,-34.378815],[-58.557952,-34.379215]]]}},{"type":"Feature","properties":{"partida":"357015606","cca":"357000100000000000000068200000000000003000","tipo":"Urbano","sup_m2":1334.8},"geometry":{"type":"Polygon","coordinates":[[[-58.557325,-34.378826],[-58.557711,-34.379301],[-58.557952,-34.379215],[-58.557601,-34.378815],[-58.557325,-34.378826]]]}},{"type":"Feature","properties":{"partida":"357015607","cca":"35700010000000000000006820000000000000400A","tipo":"Urbano","sup_m2":2760.1},"geometry":{"type":"Polygon","coordinates":[[[-58.556974,-34.378914],[-58.557823,-34.379758],[-58.558002,-34.37971],[-58.557627,-34.37933],[-58.557711,-34.379301],[-58.557325,-34.378826],[-58.557176,-34.37886],[-58.556974,-34.378914]]]}},{"type":"Feature","properties":{"partida":"357015609","cca":"357000100000000000000068200000000000006000","tipo":"Urbano","sup_m2":2287.0},"geometry":{"type":"Polygon","coordinates":[[[-58.556725,-34.378995],[-58.557663,-34.379801],[-58.557823,-34.379758],[-58.556974,-34.378914],[-58.556725,-34.378995]]]}},{"type":"Feature","properties":{"partida":"357015637","cca":"357000100000000000000068200000000000035000","tipo":"Urbano","sup_m2":3802.0},"geometry":{"type":"Polygon","coordinates":[[[-58.55749,-34.379848],[-58.557698,-34.380004],[-58.559315,-34.379565],[-58.5592,-34.379354],[-58.558002,-34.37971],[-58.55749,-34.379848]]]}},{"type":"Feature","properties":{"partida":"357015638","cca":"357000100000000000000068200000000000036000","tipo":"Urbano","sup_m2":2032.2},"geometry":{"type":"Polygon","coordinates":[[[-58.557857,-34.379563],[-58.558002,-34.37971],[-58.5592,-34.379354],[-58.558949,-34.379266],[-58.557857,-34.379563]]]}},{"type":"Feature","properties":{"partida":"357015639","cca":"357000100000000000000068200000000000037000","tipo":"Urbano","sup_m2":2393.9},"geometry":{"type":"Polygon","coordinates":[[[-58.557709,-34.379413],[-58.557857,-34.379563],[-58.558949,-34.379266],[-58.558847,-34.379067],[-58.557709,-34.379413]]]}},{"type":"Feature","properties":{"partida":"357015640","cca":"357000100000000000000068200000000000038000","tipo":"Urbano","sup_m2":1624.0},"geometry":{"type":"Polygon","coordinates":[[[-58.557709,-34.379413],[-58.558847,-34.379067],[-58.558835,-34.378996],[-58.55878,-34.378924],[-58.557627,-34.37933],[-58.557709,-34.379413]]]}},{"type":"Feature","properties":{"partida":"357015641","cca":"357000100000000000000068200000000000039000","tipo":"Urbano","sup_m2":1042.5},"geometry":{"type":"Polygon","coordinates":[[[-58.55805,-34.37899],[-58.558149,-34.379146],[-58.55878,-34.378924],[-58.558538,-34.378831],[-58.55805,-34.37899]]]}}]}