{"type":"FeatureCollection","features":[{"type":"Feature","properties":{"partida":"357006418","cca":"357000100000000000000043200000000000010000","tipo":"Urbano","sup_m2":1457.4},"geometry":{"type":"Polygon","coordinates":[[[-58.601113,-34.310674],[-58.601133,-34.310524],[-58.600185,-34.310311],[-58.600169,-34.310454],[-58.601113,-34.310674]]]}},{"type":"Feature","properties":{"partida":"357006419","cca":"357000100000000000000043200000000000011000","tipo":"Urbano","sup_m2":1283.0},"geometry":{"type":"Polygon","coordinates":[[[-58.601055,-34.310791],[-58.601113,-34.310674],[-58.600169,-34.310454],[-58.600134,-34.310582],[-58.6003,-34.310623],[-58.601055,-34.310791]]]}},{"type":"Feature","properties":{"partida":"357006420","cca":"357000100000000000000043200000000000012000","tipo":"Urbano","sup_m2":1786.3},"geometry":{"type":"Polygon","coordinates":[[[-58.601055,-34.310791],[-58.6003,-34.310623],[-58.600134,-34.310582],[-58.600004,-34.310735],[-58.601005,-34.310963],[-58.601055,-34.310791]]]}},{"type":"Feature","properties":{"partida":"357006421","cca":"357000100000000000000043200000000000013000","tipo":"Urbano","sup_m2":1761.6},"geometry":{"type":"Polygon","coordinates":[[[-58.601005,-34.310963],[-58.600267,-34.310795],[-58.600004,-34.310735],[-58.600093,-34.310944],[-58.600232,-34.310977],[-58.600956,-34.311131],[-58.601005,-34.310963]]]}},{"type":"Feature","properties":{"partida":"357006426","cca":"357000100000000000000043200000000000018000","tipo":"Urbano","sup_m2":1577.6},"geometry":{"type":"Polygon","coordinates":[[[-58.600789,-34.311616],[-58.60066,-34.311957],[-58.600871,-34.312002],[-58.601127,-34.311312],[-58.600925,-34.311269],[-58.600789,-34.311616]]]}},{"type":"Feature","properties":{"partida":"357006427","cca":"357000100000000000000043200000000000019000","tipo":"Urbano","sup_m2":1519.4},"geometry":{"type":"Polygon","coordinates":[[[-58.600862,-34.311427],[-58.600925,-34.311269],[-58.600205,-34.311117],[-58.600068,-34.311081],[-58.600035,-34.31124],[-58.600171,-34.311293],[-58.600862,-34.311427]]]}},{"type":"Feature","properties":{"partida":"357006428","cca":"357000100000000000000043200000000000020000","tipo":"Urbano","sup_m2":1695.8},"geometry":{"type":"Polygon","coordinates":[[[-58.600035,-34.31124],[-58.600003,-34.311336],[-58.599943,-34.311434],[-58.600153,-34.311482],[-58.600789,-34.311616],[-58.600862,-34.311427],[-58.600171,-34.311293],[-58.600035,-34.31124]]]}},{"type":"Feature","properties":{"partida":"357006429","cca":"357000100000000000000043200000000000021000","tipo":"Urbano","sup_m2":1632.0},"geometry":{"type":"Polygon","coordinates":[[[-58.600724,-34.311791],[-58.600789,-34.311616],[-58.600153,-34.311482],[-58.599943,-34.311434],[-58.599851,-34.311587],[-58.600082,-34.311652],[-58.600724,-34.311791]]]}},{"type":"Feature","properties":{"partida":"357006430","cca":"357000100000000000000043200000000000022000","tipo":"Urbano","sup_m2":1643.5},"geometry":{"type":"Polygon","coordinates":[[[-58.599851,-34.311587],[-58.599775,-34.311767],[-58.60066,-34.311957],[-58.600724,-34.311791],[-58.600082,-34.311652],[-58.599851,-34.311587]]]}},{"type":"Feature","properties":{"partida":"357006431","cca":"357000100000000000000043200000000000023000","tipo":"Urbano","sup_m2":1811.9},"geometry":{"type":"Polygon","coordinates":[[[-58.600812,-34.312154],[-58.600871,-34.312002],[-58.599775,-34.311767],[-58.59974,-34.311922],[-58.600812,-34.312154]]]}},{"type":"Feature","properties":{"partida":"357006432","cca":"357000100000000000000043200000000000024000","tipo":"Urbano","sup_m2":2095.8},"geometry":{"type":"Polygon","coordinates":[[[-58.60074,-34.312337],[-58.600812,-34.312154],[-58.59974,-34.311922],[-58.599699,-34.312103],[-58.60074,-34.312337]]]}},{"type":"Feature","properties":{"partida":"357006433","cca":"357000100000000000000043200000000000025000","tipo":"Urbano","sup_m2":1939.4},"geometry":{"type":"Polygon","coordinates":[[[-58.60074,-34.312337],[-58.599699,-34.312103],[-58.599659,-34.312282],[-58.600675,-34.312504],[-58.60074,-34.312337]]]}},{"type":"Feature","properties":{"partida":"357006434","cca":"357000100000000000000043200000000000026000","tipo":"Urbano","sup_m2":1885.5},"geometry":{"type":"Polygon","coordinates":[[[-58.600675,-34.312504],[-58.599659,-34.312282],[-58.599619,-34.312459],[-58.60061,-34.312672],[-58.600675,-34.312504]]]}},{"type":"Feature","properties":{"partida":"357006435","cca":"357000100000000000000043200000000000027000","tipo":"Urbano","sup_m2":1509.2},"geometry":{"type":"Polygon","coordinates":[[[-58.600871,-34.312002],[-58.60061,-34.312672],[-58.600815,-34.312715],[-58.601073,-34.312046],[-58.600871,-34.312002]]]}},{"type":"Feature","properties":{"partida":"357006436","cca":"357000100000000000000043200000000000028000","tipo":"Urbano","sup_m2":1470.2},"geometry":{"type":"Polygon","coordinates":[[[-58.601012,-34.312758],[-58.601273,-34.312089],[-58.601073,-34.312046],[-58.600815,-34.312715],[-58.601012,-34.312758]]]}},{"type":"Feature","properties":{"partida":"357006440","cca":"357000100000000000000043200000000000032000","tipo":"Urbano","sup_m2":1446.3},"geometry":{"type":"Polygon","coordinates":[[[-58.600703,-34.313545],[-58.600903,-34.313585],[-58.601155,-34.312928],[-58.600956,-34.312886],[-58.600703,-34.313545]]]}},{"type":"Feature","properties":{"partida":"357006441","cca":"357000100000000000000043200000000000033000","tipo":"Urbano","sup_m2":1632.5},"geometry":{"type":"Polygon","coordinates":[[[-58.600731,-34.31284],[-58.600478,-34.3135],[-58.600703,-34.313545],[-58.600956,-34.312886],[-58.600731,-34.31284]]]}},{"type":"Feature","properties":{"partida":"357006442","cca":"357000100000000000000043200000000000034000","tipo":"Urbano","sup_m2":1886.5},"geometry":{"type":"Polygon","coordinates":[[[-58.600666,-34.31301],[-58.600731,-34.31284],[-58.599641,-34.312614],[-58.599662,-34.312787],[-58.600666,-34.31301]]]}},{"type":"Feature","properties":{"partida":"357006443","cca":"357000100000000000000043200000000000035000","tipo":"Urbano","sup_m2":1957.6},"geometry":{"type":"Polygon","coordinates":[[[-58.600601,-34.313179],[-58.600666,-34.31301],[-58.599662,-34.312787],[-58.599579,-34.312963],[-58.600601,-34.313179]]]}},{"type":"Feature","properties":{"partida":"357006444","cca":"357000100000000000000043200000000000036000","tipo":"Rural","sup_m2":1807.7},"geometry":{"type":"Polygon","coordinates":[[[-58.600601,-34.313179],[-58.599856,-34.313022],[-58.599579,-34.312963],[-58.599569,-34.313133],[-58.600536,-34.313349],[-58.600601,-34.313179]]]}},{"type":"Feature","properties":{"partida":"357006445","cca":"357000100000000000000043200000000000037000","tipo":"Urbano","sup_m2":1633.1},"geometry":{"type":"Polygon","coordinates":[[[-58.600478,-34.3135],[-58.600536,-34.313349],[-58.599569,-34.313133],[-58.599558,-34.313306],[-58.600478,-34.3135]]]}},{"type":"Feature","properties":{"partida":"357006446","cca":"357000100000000000000043200000000000038000","tipo":"Urbano","sup_m2":3086.0},"geometry":{"type":"Polygon","coordinates":[[[-58.601041,-34.313811],[-58.601111,-34.313631],[-58.600903,-34.313585],[-58.600478,-34.3135],[-58.599558,-34.313306],[-58.599546,-34.313505],[-58.601041,-34.313811]]]}},{"type":"Feature","properties":{"partida":"357006447","cca":"357000100000000000000043200000000000039000","tipo":"Urbano","sup_m2":2870.4},"geometry":{"type":"Polygon","coordinates":[[[-58.600971,-34.313991],[-58.601041,-34.313811],[-58.599546,-34.313505],[-58.599538,-34.313649],[-58.599531,-34.313692],[-58.600971,-34.313991]]]}},{"type":"Feature","properties":{"partida":"357006448","cca":"357000100000000000000043200000000000040000","tipo":"Urbano","sup_m2":2685.8},"geometry":{"type":"Polygon","coordinates":[[[-58.600971,-34.313991],[-58.59979,-34.313745],[-58.599531,-34.313692],[-58.599501,-34.313872],[-58.600905,-34.31416],[-58.600971,-34.313991]]]}},{"type":"Feature","properties":{"partida":"357006449","cca":"357000100000000000000043200000000000041000","tipo":"Urbano","sup_m2":2611.6},"geometry":{"type":"Polygon","coordinates":[[[-58.600905,-34.31416],[-58.599743,-34.313922],[-58.599501,-34.313872],[-58.599472,-34.314051],[-58.600839,-34.314331],[-58.600905,-34.31416]]]}},{"type":"Feature","properties":{"partida":"357006450","cca":"357000100000000000000043200000000000042000","tipo":"Urbano","sup_m2":2460.3},"geometry":{"type":"Polygon","coordinates":[[[-58.600839,-34.314331],[-58.599696,-34.314097],[-58.599472,-34.314051],[-58.599445,-34.314217],[-58.600773,-34.314502],[-58.600839,-34.314331]]]}},{"type":"Feature","properties":{"partida":"357006451","cca":"357000100000000000000043200000000000043000","tipo":"Urbano","sup_m2":2351.9},"geometry":{"type":"Polygon","coordinates":[[[-58.599511,-34.314416],[-58.600708,-34.314668],[-58.600773,-34.314502],[-58.599445,-34.314217],[-58.599511,-34.314416]]]}},{"type":"Feature","properties":{"partida":"357006452","cca":"357000100000000000000043200000000000044000","tipo":"Urbano","sup_m2":1884.1},"geometry":{"type":"Polygon","coordinates":[[[-58.599387,-34.314569],[-58.600429,-34.314794],[-58.600496,-34.314624],[-58.599511,-34.314416],[-58.599387,-34.314569]]]}},{"type":"Feature","properties":{"partida":"357006453","cca":"357000100000000000000043200000000000045000","tipo":"Urbano","sup_m2":1612.3},"geometry":{"type":"Polygon","coordinates":[[[-58.600226,-34.31475],[-58.599387,-34.314569],[-58.599331,-34.314639],[-58.599312,-34.314737],[-58.60016,-34.314921],[-58.600226,-34.31475]]]}},{"type":"Feature","properties":{"partida":"357006454","cca":"357000100000000000000043200000000000046000","tipo":"Urbano","sup_m2":7058.4},"geometry":{"type":"Polygon","coordinates":[[[-58.60016,-34.314921],[-58.599312,-34.314737],[-58.599096,-34.315502],[-58.599379,-34.315639],[-58.59987,-34.31568],[-58.60016,-34.314921]]]}},{"type":"Feature","properties":{"partida":"357006455","cca":"357000100000000000000043200000000000047000","tipo":"Urbano","sup_m2":2045.5},"geometry":{"type":"Polygon","coordinates":[[[-58.600429,-34.314794],[-58.600226,-34.31475],[-58.59987,-34.31568],[-58.600078,-34.315705],[-58.600159,-34.315488],[-58.600429,-34.314794]]]}},{"type":"Feature","properties":{"partida":"357006456","cca":"357000100000000000000043200000000000048000","tipo":"Urbano","sup_m2":2511.9},"geometry":{"type":"Polygon","coordinates":[[[-58.600496,-34.314624],[-58.600159,-34.315488],[-58.600078,-34.315705],[-58.600287,-34.31573],[-58.600376,-34.315525],[-58.600708,-34.314668],[-58.600496,-34.314624]]]}},{"type":"Feature","properties":{"partida":"357000130","cca":"357000100000000000000057100000000000001000","tipo":"Rural","sup_m2":71453.1},"geometry":{"type":"Polygon","coordinates":[[[-58.600139,-34.308239],[-58.600161,-34.308146],[-58.600168,-34.308084],[-58.60017,-34.307997],[-58.600164,-34.307935],[-58.6001,-34.307753],[-58.599992,-34.307255],[-58.599994,-34.306773],[-58.592855,-34.307093],[-58.592603,-34.307531],[-58.600139,-34.308239]]]}},{"type":"Feature","properties":{"partida":"357000135","cca":"357000100000000000000057100000000000002000","tipo":"Rural","sup_m2":73163.0},"geometry":{"type":"Polygon","coordinates":[[[-58.600139,-34.308239],[-58.592603,-34.307531],[-58.592158,-34.308201],[-58.600161,-34.309357],[-58.600163,-34.309022],[-58.60014,-34.308513],[-58.60016,-34.308452],[-58.600243,-34.308417],[-58.600267,-34.308369],[-58.600257,-34.308332],[-58.600217,-34.308285],[-58.600118,-34.308303],[-58.600123,-34.308272],[-58.600139,-34.308239]]]}},{"type":"Feature","properties":{"partida":"357000132","cca":"357000100000000000000057100000000000003000","tipo":"Rural","sup_m2":76201.7},"geometry":{"type":"Polygon","coordinates":[[[-58.599841,-34.31051],[-58.600096,-34.309604],[-58.600161,-34.309357],[-58.592158,-34.308201],[-58.591445,-34.309305],[-58.59137,-34.309427],[-58.594774,-34.309163],[-58.599841,-34.31051]]]}},{"type":"Feature","properties":{"partida":"357011366","cca":"357000100000000000000057100000000000004000","tipo":"Rural","sup_m2":57685.1},"geometry":{"type":"Polygon","coordinates":[[[-58.59137,-34.309427],[-58.590848,-34.309555],[-58.590811,-34.309954],[-58.593941,-34.309898],[-58.594738,-34.309418],[-58.596113,-34.309715],[-58.597557,-34.311041],[-58.59823,-34.311236],[-58.599646,-34.311225],[-58.599852,-34.310711],[-58.599841,-34.31051],[-58.594774,-34.309163],[-58.59137,-34.309427]]]}},{"type":"Feature","properties":{"partida":"357011367","cca":"357000100000000000000057200000000000000000","tipo":"Rural","sup_m2":251632.4},"geometry":{"type":"Polygon","coordinates":[[[-58.599646,-34.311225],[-58.59823,-34.311236],[-58.597557,-34.311041],[-58.596113,-34.309715],[-58.594738,-34.309418],[-58.593941,-34.309898],[-58.590811,-34.309954],[-58.590588,-34.312333],[-58.592197,-34.312425],[-58.595042,-34.313077],[-58.599174,-34.313647],[-58.599174,-34.313605],[-58.599226,-34.313564],[-58.599295,-34.313545],[-58.599332,-34.313527],[-58.5994,-34.31302],[-58.599389,-34.312641],[-58.599373,-34.31259],[-58.59944,-34.312594],[-58.599467,-34.312558],[-58.599442,-34.312475],[-58.599439,-34.312419],[-58.599405,-34.312266],[-58.599454,-34.312242],[-58.599497,-34.312006],[-58.599569,-34.311972],[-58.599589,-34.311864],[-58.599633,-34.311739],[-58.599588,-34.311697],[-58.599648,-34.311513],[-58.599715,-34.311432],[-58.599713,-34.311336],[-58.599646,-34.311225]]]}},{"type":"Feature","properties":{"partida":"357011368","cca":"357000100000000000000057300000000000001000","tipo":"Rural","sup_m2":27794.6},"geometry":{"type":"Polygon","coordinates":[[[-58.599197,-34.31444],[-58.599307,-34.313795],[-58.599289,-34.313738],[-58.599265,-34.313693],[-58.599226,-34.313665],[-58.599174,-34.313647],[-58.595042,-34.313077],[-58.595826,-34.313832],[-58.599197,-34.31444]]]}},{"type":"Feature","properties":{"partida":"357020454","cca":"35700010000000000000005730000000000000200A","tipo":"Urbano","sup_m2":9183.0},"geometry":{"type":"Polygon","coordinates":[[[-58.599197,-34.31444],[-58.596668,-34.313984],[-58.59658,-34.314319],[-58.599052,-34.314781],[-58.599062,-34.314771],[-58.599054,-34.314754],[-58.599055,-34.314743],[-58.599074,-34.314736],[-58.599072,-34.314706],[-58.599089,-34.314658],[-58.599107,-34.314623],[-58.599138,-34.314624],[-58.599168,-34.314562],[-58.599166,-34.314531],[-58.599176,-34.314488],[-58.599199,-34.314448],[-58.599197,-34.31444]]]}},{"type":"Feature","properties":{"partida":"357020455","cca":"357000100000000000000057300000000000003000","tipo":"Urbano","sup_m2":11212.9},"geometry":{"type":"Polygon","coordinates":[[[-58.59703,-34.314568],[-58.597201,-34.314799],[-58.597956,-34.314858],[-58.598814,-34.315263],[-58.598866,-34.315248],[-58.59888,-34.31521],[-58.598874,-34.315185],[-58.598884,-34.315168],[-58.598897,-34.315136],[-58.598854,-34.315074],[-58.598862,-34.315058],[-58.598906,-34.315054],[-58.598924,-34.315047],[-58.598932,-34.315008],[-58.598948,-34.314984],[-58.59897,-34.314972],[-58.598986,-34.314955],[-58.598985,-34.314941],[-58.598976,-34.314925],[-58.598991,-34.314912],[-58.598996,-34.314896],[-58.598988,-34.314863],[-58.599007,-34.314854],[-58.599021,-34.314834],[-58.599048,-34.31482],[-58.599052,-34.314781],[-58.59658,-34.314319],[-58.596668,-34.313984],[-58.595826,-34.313832],[-58.595896,-34.314035],[-58.596176,-34.314262],[-58.596311,-34.314491],[-58.59703,-34.314568]]]}},{"type":"Feature","properties":{"partida":"357011369","cca":"357000100000000000000057300000000000004000","tipo":"Urbano","sup_m2":7346.7},"geometry":{"type":"Polygon","coordinates":[[[-58.597956,-34.314858],[-58.597591,-34.315564],[-58.598244,-34.315798],[-58.598309,-34.315772],[-58.598356,-34.315773],[-58.598366,-34.315847],[-58.598414,-34.315848],[-58.598518,-34.315791],[-58.598588,-34.315789],[-58.598628,-34.315719],[-58.598636,-34.315692],[-58.598638,-34.315664],[-58.598675,-34.315613],[-58.598726,-34.315573],[-58.598731,-34.315539],[-58.598706,-34.315516],[-58.598685,-34.31549],[-58.598748,-34.315414],[-58.598792,-34.315399],[-58.598829,-34.315407],[-58.598842,-34.315394],[-58.598848,-34.315376],[-58.598831,-34.315361],[-58.598815,-34.315333],[-58.598814,-34.315263],[-58.597956,-34.314858]]]}},{"type":"Feature","properties":{"partida":"357011372","cca":"35700010000000000000005740000000000000300A","tipo":"Urbano","sup_m2":80732.3},"geometry":{"type":"Polygon","coordinates":[[[-58.589503,-34.30729],[-58.589433,-34.30742],[-58.590335,-34.30762],[-58.589893,-34.308827],[-58.589822,-34.309041],[-58.590874,-34.309265],[-58.591445,-34.309305],[-58.592158,-34.308201],[-58.592603,-34.307531],[-58.592855,-34.307093],[-58.593133,-34.306046],[-58.59071,-34.305505],[-58.590331,-34.306727],[-58.590363,-34.307482],[-58.589503,-34.30729]]]}},{"type":"Feature","properties":{"partida":"357019624","cca":"35700010000000000000005740000000000000300S","tipo":"Urbano","sup_m2":1623.2},"geometry":{"type":"Polygon","coordinates":[[[-58.590355,-34.307293],[-58.589618,-34.307129],[-58.589513,-34.307105],[-58.589503,-34.30729],[-58.590363,-34.307482],[-58.590355,-34.307293]]]}},{"type":"Feature","properties":{"partida":"357019625","cca":"35700010000000000000005740000000000000300T","tipo":"Urbano","sup_m2":1699.0},"geometry":{"type":"Polygon","coordinates":[[[-58.589433,-34.30742],[-58.589391,-34.307597],[-58.590272,-34.307793],[-58.590335,-34.30762],[-58.589433,-34.30742]]]}},{"type":"Feature","properties":{"partida":"357019606","cca":"35700010000000000000005740000000000000300W","tipo":"Urbano","sup_m2":1659.1},"geometry":{"type":"Polygon","coordinates":[[[-58.589391,-34.307597],[-58.589348,-34.307774],[-58.590209,-34.307965],[-58.590272,-34.307793],[-58.589391,-34.307597]]]}},{"type":"Feature","properties":{"partida":"357019626","cca":"35700010000000000000005740000000000000300X","tipo":"Urbano","sup_m2":1618.9},"geometry":{"type":"Polygon","coordinates":[[[-58.589348,-34.307774],[-58.589306,-34.307951],[-58.590146,-34.308138],[-58.590209,-34.307965],[-58.589348,-34.307774]]]}},{"type":"Feature","properties":{"partida":"357019627","cca":"35700010000000000000005740000000000000300Y","tipo":"Urbano","sup_m2":1579.1},"geometry":{"type":"Polygon","coordinates":[[[-58.589306,-34.307951],[-58.589264,-34.308128],[-58.590082,-34.30831],[-58.590146,-34.308138],[-58.589306,-34.307951]]]}},{"type":"Feature","properties":{"partida":"357019628","cca":"35700010000000000000005740000000000000300Z","tipo":"Urbano","sup_m2":1559.0},"geometry":{"type":"Polygon","coordinates":[[[-58.589264,-34.308128],[-58.589201,-34.308301],[-58.590019,-34.308483],[-58.590082,-34.30831],[-58.589264,-34.308128]]]}},{"type":"Feature","properties":{"partida":"357019629","cca":"3570001000000000000000574000000000000030AB","tipo":"Urbano","sup_m2":1548.9},"geometry":{"type":"Polygon","coordinates":[[[-58.589201,-34.308301],[-58.589148,-34.308476],[-58.589956,-34.308655],[-58.590019,-34.308483],[-58.589201,-34.308301]]]}},{"type":"Feature","properties":{"partida":"357019630","cca":"3570001000000000000000574000000000000030AC","tipo":"Urbano","sup_m2":1519.6},"geometry":{"type":"Polygon","coordinates":[[[-58.589148,-34.308476],[-58.589106,-34.308653],[-58.589893,-34.308827],[-58.589956,-34.308655],[-58.589148,-34.308476]]]}},{"type":"Feature","properties":{"partida":"357019631","cca":"3570001000000000000000574000000000000030AD","tipo":"Urbano","sup_m2":1825.6},"geometry":{"type":"Polygon","coordinates":[[[-58.589106,-34.308653],[-58.589086,-34.308762],[-58.589039,-34.308867],[-58.589822,-34.309041],[-58.589893,-34.308827],[-58.589106,-34.308653]]]}},{"type":"Feature","properties":{"partida":"357011373","cca":"35700010000000000000005740000000000000400A","tipo":"Urbano","sup_m2":2018.4},"geometry":{"type":"Polygon","coordinates":[[[-58.59137,-34.309427],[-58.591445,-34.309305],[-58.590874,-34.309265],[-58.590598,-34.310101],[-58.590793,-34.310142],[-58.590848,-34.309555],[-58.59137,-34.309427]]]}},{"type":"Feature","properties":{"partida":"357011374","cca":"35700010000000000000005740000000000000400B","tipo":"Urbano","sup_m2":1912.4},"geometry":{"type":"Polygon","coordinates":[[[-58.590388,-34.310056],[-58.590598,-34.310101],[-58.590874,-34.309265],[-58.590666,-34.309221],[-58.590388,-34.310056]]]}},{"type":"Feature","properties":{"partida":"357011375","cca":"35700010000000000000005740000000000000400C","tipo":"Urbano","sup_m2":1922.7},"geometry":{"type":"Polygon","coordinates":[[[-58.590178,-34.310011],[-58.590388,-34.310056],[-58.590666,-34.309221],[-58.590456,-34.309176],[-58.590178,-34.310011]]]}},{"type":"Feature","properties":{"partida":"357011376","cca":"35700010000000000000005740000000000000400D","tipo":"Urbano","sup_m2":1921.7},"geometry":{"type":"Polygon","coordinates":[[[-58.589967,-34.309966],[-58.590178,-34.310011],[-58.590456,-34.309176],[-58.590245,-34.309131],[-58.589967,-34.309966]]]}},{"type":"Feature","properties":{"partida":"357011377","cca":"35700010000000000000005740000000000000400E","tipo":"Urbano","sup_m2":1922.7},"geometry":{"type":"Polygon","coordinates":[[[-58.589757,-34.309922],[-58.589967,-34.309966],[-58.590245,-34.309131],[-58.590035,-34.309087],[-58.589757,-34.309922]]]}},{"type":"Feature","properties":{"partida":"357011378","cca":"35700010000000000000005740000000000000400F","tipo":"Urbano","sup_m2":1957.1},"geometry":{"type":"Polygon","coordinates":[[[-58.590035,-34.309087],[-58.589822,-34.309041],[-58.589759,-34.309214],[-58.589546,-34.309877],[-58.589757,-34.309922],[-58.590035,-34.309087]]]}},{"type":"Feature","properties":{"partida":"357011379","cca":"35700010000000000000005740000000000000400G","tipo":"Urbano","sup_m2":1286.9},"geometry":{"type":"Polygon","coordinates":[[[-58.589039,-34.308867],[-58.589098,-34.308985],[-58.589067,-34.309037],[-58.589759,-34.309214],[-58.589822,-34.309041],[-58.589039,-34.308867]]]}},{"type":"Feature","properties":{"partida":"357011380","cca":"35700010000000000000005740000000000000400H","tipo":"Urbano","sup_m2":1318.7},"geometry":{"type":"Polygon","coordinates":[[[-58.589067,-34.309037],[-58.589051,-34.309229],[-58.589703,-34.309388],[-58.589759,-34.309214],[-58.589067,-34.309037]]]}},{"type":"Feature","properties":{"partida":"357011382","cca":"35700010000000000000005740000000000000400I","tipo":"Urbano","sup_m2":1240.9},"geometry":{"type":"Polygon","coordinates":[[[-58.589051,-34.309229],[-58.588984,-34.309392],[-58.589647,-34.309563],[-58.589703,-34.309388],[-58.589051,-34.309229]]]}},{"type":"Feature","properties":{"partida":"357011383","cca":"35700010000000000000005740000000000000400J","tipo":"Urbano","sup_m2":1194.3},"geometry":{"type":"Polygon","coordinates":[[[-58.588984,-34.309392],[-58.588921,-34.309556],[-58.589597,-34.30972],[-58.589647,-34.309563],[-58.588984,-34.309392]]]}},{"type":"Feature","properties":{"partida":"357011384","cca":"35700010000000000000005740000000000000400K","tipo":"Urbano","sup_m2":1253.8},"geometry":{"type":"Polygon","coordinates":[[[-58.588921,-34.309556],[-58.588842,-34.309726],[-58.589546,-34.309877],[-58.589597,-34.30972],[-58.588921,-34.309556]]]}},{"type":"Feature","properties":{"partida":"357011386","cca":"35700010000000000000005740000000000000400L","tipo":"Urbano","sup_m2":1251.4},"geometry":{"type":"Polygon","coordinates":[[[-58.588652,-34.309918],[-58.589334,-34.310016],[-58.589357,-34.309836],[-58.588842,-34.309726],[-58.588652,-34.309918]]]}},{"type":"Feature","properties":{"partida":"357011387","cca":"35700010000000000000005740000000000000400M","tipo":"Urbano","sup_m2":1613.1},"geometry":{"type":"Polygon","coordinates":[[[-58.588395,-34.310124],[-58.588319,-34.310184],[-58.58823,-34.310238],[-58.588174,-34.310263],[-58.588114,-34.310272],[-58.589236,-34.310379],[-58.589273,-34.310236],[-58.588395,-34.310124]]]}},{"type":"Feature","properties":{"partida":"357019790","cca":"35700010000000000000005740000000000000400N","tipo":"Urbano","sup_m2":2105.9},"geometry":{"type":"Polygon","coordinates":[[[-58.588114,-34.310272],[-58.588142,-34.310385],[-58.588128,-34.310417],[-58.588112,-34.310437],[-58.588072,-34.31047],[-58.589227,-34.310549],[-58.589236,-34.310379],[-58.588114,-34.310272]]]}},{"type":"Feature","properties":{"partida":"357011389","cca":"35700010000000000000005740000000000000400O","tipo":"Urbano","sup_m2":2235.0},"geometry":{"type":"Polygon","coordinates":[[[-58.587915,-34.310649],[-58.58921,-34.310717],[-58.589227,-34.310549],[-58.588072,-34.31047],[-58.587915,-34.310649]]]}},{"type":"Feature","properties":{"partida":"357011390","cca":"35700010000000000000005740000000000000400P","tipo":"Rural","sup_m2":36729.7},"geometry":{"type":"Polygon","coordinates":[[[-58.587915,-34.310649],[-58.587981,-34.310955],[-58.589024,-34.311025],[-58.588884,-34.311916],[-58.590616,-34.312037],[-58.590793,-34.310142],[-58.589357,-34.309836],[-58.589334,-34.310016],[-58.589236,-34.310379],[-58.589227,-34.310549],[-58.58921,-34.310717],[-58.587915,-34.310649]]]}},{"type":"Feature","properties":{"partida":"357011391","cca":"35700010000000000000005740000000000000400Q","tipo":"Urbano","sup_m2":1994.2},"geometry":{"type":"Polygon","coordinates":[[[-58.587981,-34.310955],[-58.587953,-34.311149],[-58.588996,-34.311202],[-58.589024,-34.311025],[-58.587981,-34.310955]]]}},{"type":"Feature","properties":{"partida":"357011392","cca":"35700010000000000000005740000000000000400R","tipo":"Urbano","sup_m2":1803.8},"geometry":{"type":"Polygon","coordinates":[[[-58.587971,-34.311317],[-58.588968,-34.311379],[-58.588996,-34.311202],[-58.587953,-34.311149],[-58.587971,-34.311317]]]}},{"type":"Feature","properties":{"partida":"357011394","cca":"35700010000000000000005740000000000000400S","tipo":"Urbano","sup_m2":1765.6},"geometry":{"type":"Polygon","coordinates":[[[-58.587948,-34.311671],[-58.588912,-34.311733],[-58.58894,-34.311556],[-58.587976,-34.311497],[-58.587937,-34.311631],[-58.587948,-34.311671]]]}},{"type":"Feature","properties":{"partida":"357011395","cca":"35700010000000000000005740000000000000400T","tipo":"Urbano","sup_m2":1976.1},"geometry":{"type":"Polygon","coordinates":[[[-58.587948,-34.311671],[-58.587936,-34.311892],[-58.588884,-34.311916],[-58.588912,-34.311733],[-58.587948,-34.311671]]]}},{"type":"Feature","properties":{"partida":"357011381","cca":"35700010000000000000005740000000000000400U","tipo":"Rural","sup_m2":36994.7},"geometry":{"type":"Polygon","coordinates":[[[-58.592197,-34.312425],[-58.590588,-34.312333],[-58.590616,-34.312037],[-58.588884,-34.311916],[-58.587936,-34.311892],[-58.588456,-34.312261],[-58.591602,-34.313881],[-58.592197,-34.312425]]]}},{"type":"Feature","properties":{"partida":"357011385","cca":"3570001000000000000000574000000000000040LL","tipo":"Urbano","sup_m2":1865.9},"geometry":{"type":"Polygon","coordinates":[[[-58.588652,-34.309918],[-58.588395,-34.310124],[-58.589273,-34.310236],[-58.589334,-34.310016],[-58.588652,-34.309918]]]}},{"type":"Feature","properties":{"partida":"357011393","cca":"3570001000000000000000574000000000000040RR","tipo":"Urbano","sup_m2":1791.5},"geometry":{"type":"Polygon","coordinates":[[[-58.587976,-34.311497],[-58.58894,-34.311556],[-58.588968,-34.311379],[-58.587971,-34.311317],[-58.587976,-34.311497]]]}},{"type":"Feature","properties":{"partida":null,"cca":"35700010000000000000005740000000000000500D","tipo":null,"sup_m2":1003.8},"geometry":{"type":"Polygon","coordinates":[[[-58.587749,-34.312338],[-58.587789,-34.312514],[-58.588361,-34.312707],[-58.588393,-34.312556],[-58.587749,-34.312338]]]}},{"type":"Feature","properties":{"partida":"357019644","cca":"35700010000000000000005740000000000000500E","tipo":"Urbano","sup_m2":975.8},"geometry":{"type":"Polygon","coordinates":[[[-58.587789,-34.312514],[-58.587741,-34.312666],[-58.588329,-34.312857],[-58.588361,-34.312707],[-58.587789,-34.312514]]]}},{"type":"Feature","properties":{"partida":"357019645","cca":"35700010000000000000005740000000000000500F","tipo":"Urbano","sup_m2":946.2},"geometry":{"type":"Polygon","coordinates":[[[-58.587741,-34.312666],[-58.587712,-34.312811],[-58.588297,-34.313008],[-58.588329,-34.312857],[-58.587741,-34.312666]]]}},{"type":"Feature","properties":{"partida":"357019646","cca":"35700010000000000000005740000000000000500G","tipo":"Urbano","sup_m2":936.1},"geometry":{"type":"Polygon","coordinates":[[[-58.587712,-34.312811],[-58.587716,-34.312974],[-58.588265,-34.313158],[-58.588297,-34.313008],[-58.587712,-34.312811]]]}},{"type":"Feature","properties":{"partida":"357019647","cca":"35700010000000000000005740000000000000500H","tipo":"Urbano","sup_m2":920.1},"geometry":{"type":"Polygon","coordinates":[[[-58.588232,-34.313309],[-58.588265,-34.313158],[-58.587716,-34.312974],[-58.587659,-34.313115],[-58.588232,-34.313309]]]}},{"type":"Feature","properties":{"partida":"357019648","cca":"35700010000000000000005740000000000000500M","tipo":"Urbano","sup_m2":946.1},"geometry":{"type":"Polygon","coordinates":[[[-58.587631,-34.313268],[-58.5882,-34.313459],[-58.588232,-34.313309],[-58.587659,-34.313115],[-58.587631,-34.313268]]]}},{"type":"Feature","properties":{"partida":"357019649","cca":"35700010000000000000005740000000000000500N","tipo":"Urbano","sup_m2":924.3},"geometry":{"type":"Polygon","coordinates":[[[-58.587631,-34.313268],[-58.587614,-34.313423],[-58.588168,-34.31361],[-58.5882,-34.313459],[-58.587631,-34.313268]]]}},{"type":"Feature","properties":{"partida":"357019650","cca":"35700010000000000000005740000000000000500R","tipo":"Urbano","sup_m2":911.7},"geometry":{"type":"Polygon","coordinates":[[[-58.588168,-34.31361],[-58.587614,-34.313423],[-58.587588,-34.313577],[-58.588136,-34.313761],[-58.588168,-34.31361]]]}},{"type":"Feature","properties":{"partida":"357011396","cca":"35700010000000000000005740000000000000500S","tipo":"Rural","sup_m2":44260.3},"geometry":{"type":"Polygon","coordinates":[[[-58.587816,-34.312196],[-58.587749,-34.312338],[-58.588393,-34.312556],[-58.588136,-34.313761],[-58.591226,-34.314799],[-58.591602,-34.313881],[-58.588456,-34.312261],[-58.588426,-34.312405],[-58.587816,-34.312196]]]}},{"type":"Feature","properties":{"partida":"357019771","cca":"35700010000000000000005740000000000000500T","tipo":"Rural","sup_m2":1389.1},"geometry":{"type":"Polygon","coordinates":[[[-58.587816,-34.312196],[-58.588426,-34.312405],[-58.588456,-34.312261],[-58.587936,-34.311892],[-58.588002,-34.31197],[-58.587992,-34.312013],[-58.58796,-34.312075],[-58.587884,-34.312087],[-58.587842,-34.312081],[-58.587816,-34.312102],[-58.587816,-34.312196]]]}},{"type":"Feature","properties":{"partida":"357011397","cca":"35700010000000000000005740000000000000500W","tipo":"Rural","sup_m2":32619.5},"geometry":{"type":"Polygon","coordinates":[[[-58.587402,-34.314407],[-58.590906,-34.315583],[-58.591226,-34.314799],[-58.587588,-34.313577],[-58.587598,-34.31367],[-58.58759,-34.313758],[-58.587488,-34.313923],[-58.587449,-34.314035],[-58.58739,-34.314128],[-58.587418,-34.314195],[-58.587433,-34.314282],[-58.587402,-34.314407]]]}},{"type":"Feature","properties":{"partida":"357020473","cca":"35700010000000000000005740000000000000500X","tipo":"Rural","sup_m2":21500.2},"geometry":{"type":"Polygon","coordinates":[[[-58.587402,-34.314407],[-58.587364,-34.314509],[-58.587288,-34.314673],[-58.587204,-34.314942],[-58.590689,-34.316112],[-58.590906,-34.315583],[-58.587402,-34.314407]]]}},{"type":"Feature","properties":{"partida":"357020474","cca":"35700010000000000000005740000000000000500Y","tipo":"Rural","sup_m2":25165.6},"geometry":{"type":"Polygon","coordinates":[[[-58.586899,-34.315566],[-58.590442,-34.316718],[-58.590689,-34.316112],[-58.587204,-34.314942],[-58.587105,-34.315264],[-58.586899,-34.315566]]]}},{"type":"Feature","properties":{"partida":"357011398","cca":"357000100000000000000057400000000000006000","tipo":"Rural","sup_m2":94253.0},"geometry":{"type":"Polygon","coordinates":[[[-58.590405,-34.319063],[-58.590192,-34.317331],[-58.590442,-34.316718],[-58.586899,-34.315566],[-58.586143,-34.316542],[-58.585583,-34.317077],[-58.585599,-34.317272],[-58.590405,-34.319063]]]}},{"type":"Feature","properties":{"partida":"357011399","cca":"35700010000000000000005740000000000000700A","tipo":"Rural","sup_m2":67659.4},"geometry":{"type":"Polygon","coordinates":[[[-58.590547,-34.320216],[-58.590405,-34.319063],[-58.585599,-34.317272],[-58.585473,-34.317384],[-58.585524,-34.317424],[-58.585527,-34.31747],[-58.585523,-34.317508],[-58.585571,-34.317518],[-58.585599,-34.317564],[-58.585619,-34.317615],[-58.585664,-34.317621],[-58.585669,-34.317653],[-58.585691,-34.317686],[-58.585654,-34.317709],[-58.585613,-34.317741],[-58.585588,-34.317781],[-58.585569,-34.317847],[-58.585584,-34.317891],[-58.585708,-34.317925],[-58.585686,-34.317958],[-58.585656,-34.317984],[-58.585675,-34.318002],[-58.585718,-34.318034],[-58.585733,-34.31804],[-58.585692,-34.318074],[-58.585696,-34.318097],[-58.585705,-34.318122],[-58.585697,-34.318179],[-58.585696,-34.318207],[-58.585679,-34.318238],[-58.585644,-34.318254],[-58.585613,-34.318281],[-58.58559,-34.31832],[-58.585593,-34.318354],[-58.585603,-34.318381],[-58.585632,-34.318404],[-58.58567,-34.318405],[-58.585689,-34.318396],[-58.585726,-34.318394],[-58.585719,-34.318408],[-58.585708,-34.318412],[-58.585693,-34.31841],[-58.585657,-34.318453],[-58.585655,-34.318469],[-58.585661,-34.318487],[-58.585661,-34.318509],[-58.585668,-34.318523],[-58.585686,-34.318537],[-58.585686,-34.318556],[-58.585674,-34.31857],[-58.585638,-34.318581],[-58.585643,-34.318594],[-58.585671,-34.318611],[-58.585623,-34.318632],[-58.585666,-34.318676],[-58.585663,-34.318699],[-58.58562,-34.318694],[-58.585605,-34.318698],[-58.585625,-34.318711],[-58.585617,-34.318726],[-58.585601,-34.318731],[-58.585609,-34.318751],[-58.585606,-34.318769],[-58.58558,-34.318786],[-58.585566,-34.31881],[-58.585557,-34.318846],[-58.585567,-34.318862],[-58.585559,-34.318886],[-58.590547,-34.320216]]]}},{"type":"Feature","properties":{"partida":"357019836","cca":"35700010000000000000005740000000000000700B","tipo":"Rural","sup_m2":23226.6},"geometry":{"type":"Polygon","coordinates":[[[-58.590603,-34.320673],[-58.590547,-34.320216],[-58.585559,-34.318886],[-58.585516,-34.318926],[-58.585506,-34.318947],[-58.585515,-34.318966],[-58.585434,-34.318981],[-58.585425,-34.31901],[-58.585441,-34.319024],[-58.585361,-34.319058],[-58.585359,-34.319072],[-58.585347,-34.319072],[-58.58532,-34.319086],[-58.58532,-34.319101],[-58.585336,-34.319118],[-58.58534,-34.319147],[-58.585365,-34.31916],[-58.585406,-34.319166],[-58.58536,-34.319176],[-58.585331,-34.319195],[-58.585332,-34.319208],[-58.585339,-34.319222],[-58.585352,-34.319223],[-58.585376,-34.319211],[-58.585391,-34.319211],[-58.585412,-34.319226],[-58.585402,-34.319235],[-58.585383,-34.319279],[-58.590603,-34.320673]]]}},{"type":"Feature","properties":{"partida":"357019837","cca":"35700010000000000000005740000000000000700D","tipo":"Rural","sup_m2":18645.0},"geometry":{"type":"Polygon","coordinates":[[[-58.590648,-34.32104],[-58.590603,-34.320673],[-58.585383,-34.319279],[-58.585397,-34.319328],[-58.585375,-34.31932],[-58.58534,-34.319329],[-58.585328,-34.319344],[-58.585334,-34.319356],[-58.585319,-34.319357],[-58.585302,-34.319355],[-58.585292,-34.319375],[-58.585307,-34.319388],[-58.585309,-34.319407],[-58.585338,-34.319428],[-58.58534,-34.319447],[-58.585334,-34.319469],[-58.585315,-34.319504],[-58.585226,-34.31947],[-58.585176,-34.319513],[-58.585189,-34.319557],[-58.590648,-34.32104]]]}},{"type":"Feature","properties":{"partida":"357019985","cca":"35700010000000000000005740000000000000700E","tipo":"Rural","sup_m2":21206.7},"geometry":{"type":"Polygon","coordinates":[[[-58.590693,-34.321406],[-58.590648,-34.32104],[-58.585189,-34.319557],[-58.585139,-34.319601],[-58.585128,-34.319646],[-58.585121,-34.319698],[-58.585092,-34.319789],[-58.585086,-34.319832],[-58.585057,-34.319914],[-58.590693,-34.321406]]]}},{"type":"Feature","properties":{"partida":"357011400","cca":"35700010000000000000005740000000000000800A","tipo":"Rural","sup_m2":19652.6},"geometry":{"type":"Polygon","coordinates":[[[-58.590693,-34.321406],[-58.585057,-34.319914],[-58.585115,-34.320055],[-58.585118,-34.32019],[-58.58507,-34.320251],[-58.585053,-34.320286],[-58.590733,-34.321729],[-58.590693,-34.321406]]]}},{"type":"Feature","properties":{"partida":"357019990","cca":"35700010000000000000005740000000000000800B","tipo":"Rural","sup_m2":20852.9},"geometry":{"type":"Polygon","coordinates":[[[-58.584892,-34.320617],[-58.58646,-34.321005],[-58.590776,-34.322075],[-58.590733,-34.321729],[-58.585053,-34.320286],[-58.585042,-34.320309],[-58.585031,-34.320363],[-58.585028,-34.320402],[-58.585043,-34.320459],[-58.58489,-34.320507],[-58.584852,-34.320548],[-58.584892,-34.320617]]]}},{"type":"Feature","properties":{"partida":"357019991","cca":"35700010000000000000005740000000000000800C","tipo":"Rural","sup_m2":25684.2},"geometry":{"type":"Polygon","coordinates":[[[-58.590813,-34.322375],[-58.590776,-34.322075],[-58.584892,-34.320617],[-58.584934,-34.320664],[-58.584816,-34.320729],[-58.584867,-34.320756],[-58.58494,-34.320754],[-58.58492,-34.320825],[-58.584862,-34.320854],[-58.584843,-34.320901],[-58.5849,-34.320928],[-58.584939,-34.320953],[-58.584865,-34.321124],[-58.584828,-34.321166],[-58.58599,-34.321398],[-58.590813,-34.322375]]]}},{"type":"Feature","properties":{"partida":"357019992","cca":"35700010000000000000005740000000000000800D","tipo":"Rural","sup_m2":26294.4},"geometry":{"type":"Polygon","coordinates":[[[-58.590852,-34.322697],[-58.590813,-34.322375],[-58.58599,-34.321398],[-58.584828,-34.321166],[-58.584819,-34.321209],[-58.584848,-34.321247],[-58.584822,-34.321292],[-58.584796,-34.321358],[-58.584759,-34.32141],[-58.584778,-34.321451],[-58.584768,-34.32148],[-58.584777,-34.321539],[-58.584734,-34.321552],[-58.584709,-34.321582],[-58.584741,-34.321683],[-58.590852,-34.322697]]]}},{"type":"Feature","properties":{"partida":"357019993","cca":"35700010000000000000005740000000000000800E","tipo":"Rural","sup_m2":21647.6},"geometry":{"type":"Polygon","coordinates":[[[-58.590882,-34.322937],[-58.590852,-34.322697],[-58.584741,-34.321683],[-58.58473,-34.321759],[-58.584775,-34.321824],[-58.584844,-34.321888],[-58.584843,-34.321916],[-58.584824,-34.321953],[-58.584815,-34.321994],[-58.584832,-34.322025],[-58.5848,-34.322059],[-58.584787,-34.32209],[-58.584793,-34.322127],[-58.584767,-34.322151],[-58.590882,-34.322937]]]}},{"type":"Feature","properties":{"partida":"357011401","cca":"35700010000000000000005740000000000000900A","tipo":"Urbano","sup_m2":69397.2},"geometry":{"type":"Polygon","coordinates":[[[-58.590573,-34.324633],[-58.590922,-34.323265],[-58.590882,-34.322937],[-58.587547,-34.322508],[-58.587538,-34.323671],[-58.584858,-34.323326],[-58.584907,-34.323786],[-58.590573,-34.324633]]]}},{"type":"Feature","properties":{"partida":"357019957","cca":"35700010000000000000005740000000000000900B","tipo":"Urbano","sup_m2":10703.7},"geometry":{"type":"Polygon","coordinates":[[[-58.584816,-34.322933],[-58.584858,-34.323326],[-58.587538,-34.323671],[-58.587541,-34.323283],[-58.584816,-34.322933]]]}},{"type":"Feature","properties":{"partida":"357019958","cca":"35700010000000000000005740000000000000900C","tipo":"Urbano","sup_m2":10883.6},"geometry":{"type":"Polygon","coordinates":[[[-58.587541,-34.323283],[-58.587544,-34.322896],[-58.584774,-34.32254],[-58.584816,-34.322933],[-58.587541,-34.323283]]]}},{"type":"Feature","properties":{"partida":"357019959","cca":"35700010000000000000005740000000000000900D","tipo":"Urbano","sup_m2":11016.1},"geometry":{"type":"Polygon","coordinates":[[[-58.587544,-34.322896],[-58.587547,-34.322508],[-58.584767,-34.322151],[-58.584761,-34.322418],[-58.584774,-34.32254],[-58.587544,-34.322896]]]}},{"type":"Feature","properties":{"partida":"357011403","cca":"35700010000000000000005740000000000001000B","tipo":"Urbano","sup_m2":1446.1},"geometry":{"type":"Polygon","coordinates":[[[-58.584907,-34.323786],[-58.584952,-34.323862],[-58.584944,-34.323893],[-58.584956,-34.323972],[-58.58608,-34.324029],[-58.586096,-34.323963],[-58.584907,-34.323786]]]}},{"type":"Feature","properties":{"partida":"357011404","cca":"35700010000000000000005740000000000001000C","tipo":"Urbano","sup_m2":1192.5},"geometry":{"type":"Polygon","coordinates":[[[-58.586054,-34.324137],[-58.58608,-34.324029],[-58.584956,-34.323972],[-58.58501,-34.324015],[-58.585052,-34.324043],[-58.58505,-34.324067],[-58.585031,-34.32409],[-58.586054,-34.324137]]]}},{"type":"Feature","properties":{"partida":"357011405","cca":"35700010000000000000005740000000000001000D","tipo":"Urbano","sup_m2":1068.5},"geometry":{"type":"Polygon","coordinates":[[[-58.586027,-34.32425],[-58.586054,-34.324137],[-58.585031,-34.32409],[-58.585074,-34.324189],[-58.586027,-34.32425]]]}},{"type":"Feature","properties":{"partida":"357011406","cca":"35700010000000000000005740000000000001000E","tipo":"Urbano","sup_m2":1145.7},"geometry":{"type":"Polygon","coordinates":[[[-58.585089,-34.32431],[-58.585998,-34.324369],[-58.586027,-34.32425],[-58.585074,-34.324189],[-58.585089,-34.32431]]]}},{"type":"Feature","properties":{"partida":"357011422","cca":"357000100000000000000057400000000000022000","tipo":"Rural","sup_m2":63141.6},"geometry":{"type":"Polygon","coordinates":[[[-58.595787,-34.325206],[-58.595693,-34.323963],[-58.590813,-34.323693],[-58.590524,-34.324827],[-58.593301,-34.324889],[-58.594635,-34.32545],[-58.595787,-34.325206]]]}},{"type":"Feature","properties":{"partida":"357018143","cca":"35700010000000000000005740000000000002300A","tipo":"Urbano","sup_m2":1664.8},"geometry":{"type":"Polygon","coordinates":[[[-58.594666,-34.323906],[-58.595693,-34.323963],[-58.595557,-34.323892],[-58.595577,-34.323862],[-58.595627,-34.323802],[-58.59563,-34.323785],[-58.594685,-34.323732],[-58.594666,-34.323906]]]}},{"type":"Feature","properties":{"partida":"357018144","cca":"35700010000000000000005740000000000002300B","tipo":"Urbano","sup_m2":1783.5},"geometry":{"type":"Polygon","coordinates":[[[-58.59563,-34.323785],[-58.59564,-34.32372],[-58.595628,-34.323599],[-58.594706,-34.323548],[-58.594685,-34.323732],[-58.59563,-34.323785]]]}},{"type":"Feature","properties":{"partida":"357011423","cca":"35700010000000000000005740000000000002300C","tipo":"Rural","sup_m2":34490.5},"geometry":{"type":"Polygon","coordinates":[[[-58.594765,-34.32301],[-58.592576,-34.322897],[-58.5909,-34.323081],[-58.590922,-34.323265],[-58.590813,-34.323693],[-58.594666,-34.323906],[-58.594706,-34.323548],[-58.595628,-34.323599],[-58.595621,-34.323525],[-58.595622,-34.323463],[-58.59564,-34.323414],[-58.595653,-34.323401],[-58.594727,-34.323354],[-58.594765,-34.32301]]]}},{"type":"Feature","properties":{"partida":"357018145","cca":"35700010000000000000005740000000000002300D","tipo":"Urbano","sup_m2":1774.9},"geometry":{"type":"Polygon","coordinates":[[[-58.595703,-34.323223],[-58.594747,-34.323175],[-58.594727,-34.323354],[-58.595653,-34.323401],[-58.595711,-34.323341],[-58.595711,-34.323231],[-58.595703,-34.323223]]]}},{"type":"Feature","properties":{"partida":"357018146","cca":"35700010000000000000005740000000000002300E","tipo":"Urbano","sup_m2":1537.4},"geometry":{"type":"Polygon","coordinates":[[[-58.595703,-34.323223],[-58.595678,-34.323202],[-58.595677,-34.323104],[-58.595584,-34.323084],[-58.595633,-34.323053],[-58.594765,-34.32301],[-58.594747,-34.323175],[-58.595703,-34.323223]]]}},{"type":"Feature","properties":{"partida":"357011424","cca":"35700010000000000000005740000000000002400A","tipo":"Urbano","sup_m2":1550.9},"geometry":{"type":"Polygon","coordinates":[[[-58.594083,-34.322975],[-58.595633,-34.323053],[-58.595644,-34.323046],[-58.595654,-34.323007],[-58.59562,-34.322965],[-58.595623,-34.322955],[-58.594094,-34.322878],[-58.594083,-34.322975]]]}},{"type":"Feature","properties":{"partida":"357011425","cca":"35700010000000000000005740000000000002400B","tipo":"Urbano","sup_m2":2872.8},"geometry":{"type":"Polygon","coordinates":[[[-58.594115,-34.322686],[-58.594094,-34.322878],[-58.595623,-34.322955],[-58.595629,-34.322932],[-58.595585,-34.322883],[-58.595448,-34.322857],[-58.595416,-34.322828],[-58.595451,-34.322809],[-58.595508,-34.322813],[-58.595592,-34.322801],[-58.595658,-34.322777],[-58.595681,-34.322765],[-58.594115,-34.322686]]]}},{"type":"Feature","properties":{"partida":"357011426","cca":"357000100000000000000057400000000000025000","tipo":"Urbano","sup_m2":3979.5},"geometry":{"type":"Polygon","coordinates":[[[-58.595761,-34.322521],[-58.594142,-34.32244],[-58.594115,-34.322686],[-58.595681,-34.322765],[-58.595666,-34.32271],[-58.595669,-34.322669],[-58.595729,-34.322603],[-58.595734,-34.32257],[-58.595761,-34.322521]]]}},{"type":"Feature","properties":{"partida":"357011427","cca":"35700010000000000000005740000000000002600A","tipo":"Rural","sup_m2":26184.9},"geometry":{"type":"Polygon","coordinates":[[[-58.594083,-34.322975],[-58.594282,-34.321182],[-58.592822,-34.321133],[-58.592713,-34.322636],[-58.592576,-34.322897],[-58.594083,-34.322975]]]}},{"type":"Feature","properties":{"partida":"357011428","cca":"35700010000000000000005740000000000002600B","tipo":"Rural","sup_m2":4139.7},"geometry":{"type":"Polygon","coordinates":[[[-58.595761,-34.32226],[-58.594171,-34.32218],[-58.594142,-34.32244],[-58.595761,-34.322521],[-58.59568,-34.32247],[-58.59567,-34.322423],[-58.595761,-34.32226]]]}},{"type":"Feature","properties":{"partida":"357011429","cca":"35700010000000000000005740000000000002600C","tipo":"Rural","sup_m2":3894.7},"geometry":{"type":"Polygon","coordinates":[[[-58.595761,-34.322008],[-58.594197,-34.32195],[-58.594171,-34.32218],[-58.595761,-34.32226],[-58.595761,-34.322008]]]}},{"type":"Feature","properties":{"partida":"357011430","cca":"35700010000000000000005740000000000002700A","tipo":"Rural","sup_m2":3261.8},"geometry":{"type":"Polygon","coordinates":[[[-58.595767,-34.321813],[-58.594221,-34.321736],[-58.594197,-34.32195],[-58.595761,-34.322008],[-58.595767,-34.321813]]]}},{"type":"Feature","properties":{"partida":"357011431","cca":"35700010000000000000005740000000000002700B","tipo":"Rural","sup_m2":2876.2},"geometry":{"type":"Polygon","coordinates":[[[-58.595802,-34.321631],[-58.59424,-34.321558],[-58.594221,-34.321736],[-58.595767,-34.321813],[-58.595802,-34.321631]]]}},{"type":"Feature","properties":{"partida":"357011432","cca":"35700010000000000000005740000000000002700C","tipo":"Rural","sup_m2":3328.1},"geometry":{"type":"Polygon","coordinates":[[[-58.595845,-34.321425],[-58.594263,-34.321352],[-58.59424,-34.321558],[-58.595802,-34.321631],[-58.595845,-34.321425]]]}},{"type":"Feature","properties":{"partida":"357011433","cca":"35700010000000000000005740000000000002700D","tipo":"Rural","sup_m2":2987.0},"geometry":{"type":"Polygon","coordinates":[[[-58.594263,-34.321352],[-58.595845,-34.321425],[-58.595888,-34.32123],[-58.594282,-34.321182],[-58.594263,-34.321352]]]}},{"type":"Feature","properties":{"partida":"357011434","cca":"35700010000000000000005740000000000002800A","tipo":"Urbano","sup_m2":4031.8},"geometry":{"type":"Polygon","coordinates":[[[-58.596114,-34.32038],[-58.596144,-34.320193],[-58.59499,-34.319778],[-58.595011,-34.320289],[-58.596114,-34.32038]]]}},{"type":"Feature","properties":{"partida":"357011435","cca":"35700010000000000000005740000000000002800E","tipo":"Urbano","sup_m2":32185.4},"geometry":{"type":"Polygon","coordinates":[[[-58.592822,-34.321133],[-58.594783,-34.321198],[-58.594825,-34.320598],[-58.595611,-34.320635],[-58.595606,-34.320898],[-58.595982,-34.320907],[-58.596114,-34.32038],[-58.595011,-34.320289],[-58.59499,-34.319778],[-58.592846,-34.319938],[-58.592822,-34.321133]]]}},{"type":"Feature","properties":{"partida":"357018149","cca":"35700010000000000000005740000000000002800F","tipo":"Urbano","sup_m2":5964.5},"geometry":{"type":"Polygon","coordinates":[[[-58.595888,-34.32123],[-58.595982,-34.320907],[-58.595606,-34.320898],[-58.595611,-34.320635],[-58.594825,-34.320598],[-58.594783,-34.321198],[-58.595888,-34.32123]]]}},{"type":"Feature","properties":{"partida":"357011442","cca":"357000100000000000000057500000000000000000","tipo":"Rural","sup_m2":463715.8},"geometry":{"type":"Polygon","coordinates":[[[-58.578533,-34.312114],[-58.578904,-34.313041],[-58.579146,-34.313089],[-58.579233,-34.313206],[-58.579393,-34.313392],[-58.579708,-34.313605],[-58.58003,-34.31378],[-58.580362,-34.31407],[-58.580552,-34.314125],[-58.580684,-34.31413],[-58.580948,-34.314071],[-58.581484,-34.314019],[-58.582062,-34.313998],[-58.582733,-34.314068],[-58.583136,-34.314089],[-58.583574,-34.314269],[-58.583758,-34.314552],[-58.583963,-34.314912],[-58.583907,-34.315071],[-58.583977,-34.315463],[-58.584304,-34.315739],[-58.584849,-34.315953],[-58.585687,-34.316454],[-58.586507,-34.315649],[-58.586972,-34.314686],[-58.587682,-34.31183],[-58.587589,-34.310847],[-58.58783,-34.310133],[-58.587192,-34.309646],[-58.587004,-34.309615],[-58.586615,-34.309783],[-58.58612,-34.310252],[-58.585255,-34.311372],[-58.585103,-34.311425],[-58.584691,-34.311326],[-58.584444,-34.311258],[-58.584263,-34.311508],[-58.584202,-34.311927],[-58.584141,-34.312127],[-58.583949,-34.312435],[-58.583827,-34.312436],[-58.58355,-34.31223],[-58.58286,-34.311616],[-58.582574,-34.311257],[-58.582452,-34.310992],[-58.582409,-34.310457],[-58.582517,-34.31025],[-58.582743,-34.309978],[-58.58278,-34.309839],[-58.582587,-34.309428],[-58.582285,-34.309176],[-58.581955,-34.30865],[-58.58179,-34.307758],[-58.581707,-34.307472],[-58.578127,-34.307574],[-58.578367,-34.309233],[-58.578533,-34.312114]]]}},{"type":"Feature","properties":{"partida":"357011461","cca":"357000100000000000000057900000000000000000","tipo":"Rural","sup_m2":210630.7},"geometry":{"type":"Polygon","coordinates":[[[-58.596436,-34.320615],[-58.596626,-34.320544],[-58.596749,-34.320521],[-58.596934,-34.32055],[-58.597025,-34.320556],[-58.597616,-34.320418],[-58.597698,-34.320488],[-58.597774,-34.320648],[-58.597836,-34.32067],[-58.598221,-34.320579],[-58.598881,-34.320441],[-58.599802,-34.320236],[-58.600108,-34.320218],[-58.600262,-34.320248],[-58.600489,-34.32035],[-58.60057,-34.320414],[-58.600641,-34.320567],[-58.600641,-34.320842],[-58.600663,-34.321191],[-58.600572,-34.321322],[-58.600621,-34.322195],[-58.601692,-34.319297],[-58.601763,-34.319188],[-58.601979,-34.319079],[-58.602095,-34.319039],[-58.602289,-34.318964],[-58.602362,-34.318931],[-58.601886,-34.318852],[-58.601528,-34.318617],[-58.601118,-34.318417],[-58.601342,-34.318202],[-58.601375,-34.318185],[-58.601439,-34.318142],[-58.601455,-34.318106],[-58.601468,-34.318063],[-58.601473,-34.318034],[-58.60149,-34.318019],[-58.601595,-34.31796],[-58.60163,-34.317928],[-58.601708,-34.317869],[-58.601733,-34.317836],[-58.601769,-34.317775],[-58.601801,-34.317738],[-58.601801,-34.317691],[-58.60178,-34.31766],[-58.601702,-34.317593],[-58.60169,-34.317554],[-58.601693,-34.317498],[-58.601739,-34.317398],[-58.601751,-34.317354],[-58.601776,-34.317333],[-58.601868,-34.317302],[-58.601897,-34.317283],[-58.601919,-34.317213],[-58.601884,-34.31712],[-58.601827,-34.317104],[-58.601787,-34.317042],[-58.601805,-34.317002],[-58.601886,-34.31696],[-58.602004,-34.316919],[-58.602093,-34.316869],[-58.602163,-34.316779],[-58.602213,-34.31674],[-58.602316,-34.316713],[-58.602395,-34.316683],[-58.602443,-34.316621],[-58.602457,-34.316465],[-58.602253,-34.316435],[-58.602008,-34.31638],[-58.600621,-34.316126],[-58.600205,-34.316059],[-58.600102,-34.31609],[-58.600079,-34.316079],[-58.600074,-34.316041],[-58.600033,-34.316008],[-58.599989,-34.316009],[-58.599953,-34.316039],[-58.599914,-34.31604],[-58.599867,-34.316033],[-58.599856,-34.315998],[-58.599835,-34.315989],[-58.599792,-34.316011],[-58.599802,-34.315939],[-58.599747,-34.315993],[-58.599688,-34.315972],[-58.599633,-34.31597],[-58.599618,-34.315961],[-58.59957,-34.315964],[-58.599554,-34.315945],[-58.59952,-34.315946],[-58.599472,-34.3159],[-58.599405,-34.315908],[-58.599412,-34.315864],[-58.599395,-34.315832],[-58.599328,-34.315827],[-58.599301,-34.315871],[-58.599235,-34.315852],[-58.599175,-34.315807],[-58.599087,-34.315789],[-58.59904,-34.315796],[-58.599006,-34.315774],[-58.598949,-34.315806],[-58.598894,-34.315851],[-58.598871,-34.315863],[-58.598837,-34.315863],[-58.598812,-34.315811],[-58.598767,-34.315831],[-58.598761,-34.315858],[-58.598766,-34.315885],[-58.598745,-34.315896],[-58.598733,-34.315924],[-58.598704,-34.315935],[-58.598658,-34.315941],[-58.598635,-34.315953],[-58.59862,-34.315974],[-58.598634,-34.315995],[-58.59862,-34.31601],[-58.59858,-34.316042],[-58.598558,-34.316032],[-58.598562,-34.316009],[-58.598512,-34.316006],[-58.598461,-34.316046],[-58.598433,-34.316041],[-58.598396,-34.316058],[-58.598369,-34.316101],[-58.598368,-34.316134],[-58.598394,-34.316151],[-58.598371,-34.316175],[-58.598368,-34.316194],[-58.598395,-34.316213],[-58.598405,-34.31624],[-58.598396,-34.316296],[-58.598353,-34.316273],[-58.598332,-34.316214],[-58.598178,-34.316299],[-58.59817,-34.316334],[-58.598197,-34.316363],[-58.598218,-34.316374],[-58.598173,-34.316389],[-58.598115,-34.316401],[-58.598065,-34.316434],[-58.598059,-34.316479],[-58.59807,-34.316519],[-58.598086,-34.31654],[-58.598139,-34.316549],[-58.598125,-34.316584],[-58.598093,-34.316608],[-58.59807,-34.316588],[-58.597966,-34.316577],[-58.597984,-34.316621],[-58.598069,-34.316636],[-58.598056,-34.316664],[-58.598017,-34.316714],[-58.597998,-34.316732],[-58.597903,-34.316773],[-58.597731,-34.316804],[-58.597596,-34.317015],[-58.59763,-34.317038],[-58.597579,-34.317075],[-58.59752,-34.317112],[-58.597468,-34.317122],[-58.597448,-34.317149],[-58.597427,-34.317201],[-58.597397,-34.3172],[-58.597369,-34.31724],[-58.597356,-34.317276],[-58.597361,-34.317334],[-58.597423,-34.31741],[-58.597352,-34.317455],[-58.597327,-34.317512],[-58.597305,-34.3175],[-58.597271,-34.317531],[-58.597237,-34.317587],[-58.597241,-34.317659],[-58.597211,-34.317688],[-58.597179,-34.317733],[-58.597147,-34.317764],[-58.597149,-34.317826],[-58.597093,-34.317904],[-58.597014,-34.318035],[-58.597005,-34.318072],[-58.597022,-34.318108],[-58.596977,-34.318111],[-58.596974,-34.318153],[-58.596996,-34.318178],[-58.596978,-34.318223],[-58.596969,-34.318266],[-58.59687,-34.318415],[-58.596776,-34.318574],[-58.596692,-34.31877],[-58.596671,-34.318889],[-58.596612,-34.319033],[-58.596648,-34.319158],[-58.596785,-34.319196],[-58.596773,-34.319286],[-58.596708,-34.319298],[-58.596633,-34.319343],[-58.596629,-34.319397],[-58.596632,-34.319551],[-58.596622,-34.319632],[-58.596648,-34.319729],[-58.596742,-34.319804],[-58.596686,-34.319865],[-58.596662,-34.319962],[-58.596655,-34.320059],[-58.596638,-34.320108],[-58.596647,-34.320167],[-58.596621,-34.320262],[-58.596672,-34.320313],[-58.596643,-34.320387],[-58.596572,-34.320415],[-58.596436,-34.320615]]]}},{"type":"Feature","properties":{"partida":"357011462","cca":"357000100000000000000058000000000000001000","tipo":"Rural","sup_m2":29118.6},"geometry":{"type":"Polygon","coordinates":[[[-58.595738,-34.315901],[-58.597531,-34.316798],[-58.597471,-34.316752],[-58.597471,-34.31673],[-58.59751,-34.316684],[-58.597541,-34.316669],[-58.59758,-34.316643],[-58.597609,-34.316666],[-58.597656,-34.316692],[-58.59769,-34.316653],[-58.597706,-34.316629],[-58.597732,-34.316604],[-58.597825,-34.316469],[-58.597811,-34.316442],[-58.597825,-34.316418],[-58.597879,-34.316387],[-58.597902,-34.316359],[-58.597954,-34.316365],[-58.597974,-34.316348],[-58.597999,-34.316312],[-58.598003,-34.316268],[-58.598019,-34.316243],[-58.598024,-34.316202],[-58.598023,-34.316176],[-58.598016,-34.316157],[-58.598195,-34.315865],[-58.598224,-34.315838],[-58.598244,-34.315798],[-58.597591,-34.315564],[-58.597956,-34.314858],[-58.597201,-34.314799],[-58.596775,-34.314808],[-58.595738,-34.315901]]]}},{"type":"Feature","properties":{"partida":"357011463","cca":"357000100000000000000058000000000000002000","tipo":"Rural","sup_m2":24516.8},"geometry":{"type":"Polygon","coordinates":[[[-58.595826,-34.313832],[-58.5945,-34.315126],[-58.595738,-34.315901],[-58.596775,-34.314808],[-58.597201,-34.314799],[-58.59703,-34.314568],[-58.596311,-34.314491],[-58.596176,-34.314262],[-58.595896,-34.314035],[-58.595826,-34.313832]]]}},{"type":"Feature","properties":{"partida":"357011464","cca":"357000100000000000000058000000000000003000","tipo":"Rural","sup_m2":181946.6},"geometry":{"type":"Polygon","coordinates":[[[-58.596919,-34.317586],[-58.596987,-34.317531],[-58.597021,-34.317515],[-58.59707,-34.31751],[-58.597109,-34.317456],[-58.597103,-34.317393],[-58.597079,-34.317352],[-58.597092,-34.317324],[-58.597158,-34.317274],[-58.597189,-34.317125],[-58.597294,-34.316983],[-58.597332,-34.316973],[-58.597382,-34.316946],[-58.597414,-34.316919],[-58.597413,-34.316887],[-58.597469,-34.316863],[-58.597508,-34.31683],[-58.597531,-34.316798],[-58.595738,-34.315901],[-58.5945,-34.315126],[-58.595826,-34.313832],[-58.595042,-34.313077],[-58.592197,-34.312425],[-58.590689,-34.316112],[-58.596919,-34.317586]]]}},{"type":"Feature","properties":{"partida":"357019944","cca":"35700010000000000000005800000000000000400A","tipo":"Rural","sup_m2":73172.8},"geometry":{"type":"Polygon","coordinates":[[[-58.590265,-34.317926],[-58.595306,-34.31818],[-58.595495,-34.317249],[-58.590689,-34.316112],[-58.590192,-34.317331],[-58.590265,-34.317926]]]}},{"type":"Feature","properties":{"partida":"357011465","cca":"35700010000000000000005800000000000000400B","tipo":"Rural","sup_m2":12002.6},"geometry":{"type":"Polygon","coordinates":[[[-58.595495,-34.317249],[-58.595306,-34.31818],[-58.596662,-34.31825],[-58.596827,-34.317875],[-58.596853,-34.317784],[-58.596915,-34.31777],[-58.596954,-34.317756],[-58.596989,-34.31773],[-58.597011,-34.317702],[-58.597012,-34.31768],[-58.596993,-34.317661],[-58.596949,-34.317636],[-58.596915,-34.317621],[-58.596919,-34.317586],[-58.595495,-34.317249]]]}},{"type":"Feature","properties":{"partida":"357011466","cca":"357000100000000000000058000A00000000005000","tipo":"Urbano","sup_m2":1591.9},"geometry":{"type":"Polygon","coordinates":[[[-58.596569,-34.31843],[-58.596547,-34.318376],[-58.59656,-34.318335],[-58.596596,-34.318303],[-58.596636,-34.318275],[-58.596662,-34.31825],[-58.595737,-34.318202],[-58.595702,-34.318383],[-58.596205,-34.318404],[-58.596569,-34.31843]]]}},{"type":"Feature","properties":{"partida":"357011467","cca":"357000100000000000000058000A00000000006000","tipo":"Urbano","sup_m2":1500.3},"geometry":{"type":"Polygon","coordinates":[[[-58.596569,-34.31843],[-58.596205,-34.318404],[-58.595702,-34.318383],[-58.595669,-34.31855],[-58.596505,-34.318596],[-58.596569,-34.31843]]]}},{"type":"Feature","properties":{"partida":"357011468","cca":"357000100000000000000058000A00000000007000","tipo":"Urbano","sup_m2":1308.2},"geometry":{"type":"Polygon","coordinates":[[[-58.596505,-34.318596],[-58.595669,-34.31855],[-58.595639,-34.318702],[-58.596468,-34.318749],[-58.596505,-34.318596]]]}},{"type":"Feature","properties":{"partida":"357011469","cca":"357000100000000000000058000A00000000008000","tipo":"Urbano","sup_m2":940.6},"geometry":{"type":"Polygon","coordinates":[[[-58.595639,-34.318702],[-58.595737,-34.318202],[-58.595548,-34.318193],[-58.595458,-34.318663],[-58.595639,-34.318702]]]}},{"type":"Feature","properties":{"partida":"357011470","cca":"357000100000000000000058000A00000000009000","tipo":"Urbano","sup_m2":988.7},"geometry":{"type":"Polygon","coordinates":[[[-58.595252,-34.31862],[-58.595458,-34.318663],[-58.595548,-34.318193],[-58.595338,-34.318182],[-58.595252,-34.31862]]]}},{"type":"Feature","properties":{"partida":"357011471","cca":"357000100000000000000058000A00000000010000","tipo":"Urbano","sup_m2":1026.9},"geometry":{"type":"Polygon","coordinates":[[[-58.595022,-34.318571],[-58.595252,-34.31862],[-58.595338,-34.318182],[-58.5951,-34.31817],[-58.595022,-34.318571]]]}},{"type":"Feature","properties":{"partida":"357011472","cca":"357000100000000000000058000A00000000011000","tipo":"Urbano","sup_m2":1058.0},"geometry":{"type":"Polygon","coordinates":[[[-58.594764,-34.318517],[-58.595022,-34.318571],[-58.5951,-34.31817],[-58.594828,-34.318156],[-58.594764,-34.318517]]]}},{"type":"Feature","properties":{"partida":"357011473","cca":"357000100000000000000058000A00000000012000","tipo":"Urbano","sup_m2":1147.3},"geometry":{"type":"Polygon","coordinates":[[[-58.59444,-34.318448],[-58.594764,-34.318517],[-58.594828,-34.318156],[-58.594494,-34.318139],[-58.59444,-34.318448]]]}},{"type":"Feature","properties":{"partida":"357011474","cca":"357000100000000000000058000A00000000013000","tipo":"Urbano","sup_m2":1238.2},"geometry":{"type":"Polygon","coordinates":[[[-58.594013,-34.318358],[-58.59444,-34.318448],[-58.594494,-34.318139],[-58.59406,-34.318118],[-58.594013,-34.318358]]]}},{"type":"Feature","properties":{"partida":"357011475","cca":"357000100000000000000058000A00000000014000","tipo":"Urbano","sup_m2":1924.0},"geometry":{"type":"Polygon","coordinates":[[[-58.59406,-34.318118],[-58.592507,-34.318039],[-58.594013,-34.318358],[-58.59406,-34.318118]]]}},{"type":"Feature","properties":{"partida":"357011476","cca":"357000100000000000000058000B00000000001000","tipo":"Urbano","sup_m2":1713.4},"geometry":{"type":"Polygon","coordinates":[[[-58.596416,-34.319035],[-58.596449,-34.318852],[-58.595574,-34.318788],[-58.595537,-34.31878],[-58.595496,-34.318963],[-58.596416,-34.319035]]]}},{"type":"Feature","properties":{"partida":"357011477","cca":"357000100000000000000058000B00000000002000","tipo":"Urbano","sup_m2":882.7},"geometry":{"type":"Polygon","coordinates":[[[-58.595249,-34.319182],[-58.595437,-34.319222],[-58.595537,-34.31878],[-58.595351,-34.318741],[-58.595249,-34.319182]]]}},{"type":"Feature","properties":{"partida":"357011478","cca":"357000100000000000000058000B00000000003000","tipo":"Urbano","sup_m2":892.5},"geometry":{"type":"Polygon","coordinates":[[[-58.59506,-34.319142],[-58.595249,-34.319182],[-58.595351,-34.318741],[-58.595162,-34.318701],[-58.59506,-34.319142]]]}},{"type":"Feature","properties":{"partida":"357011479","cca":"357000100000000000000058000B00000000004000","tipo":"Urbano","sup_m2":912.9},"geometry":{"type":"Polygon","coordinates":[[[-58.59506,-34.319142],[-58.595162,-34.318701],[-58.59497,-34.31866],[-58.594866,-34.319101],[-58.59506,-34.319142]]]}},{"type":"Feature","properties":{"partida":"357011480","cca":"357000100000000000000058000B00000000005000","tipo":"Urbano","sup_m2":878.9},"geometry":{"type":"Polygon","coordinates":[[[-58.594679,-34.319061],[-58.594866,-34.319101],[-58.59497,-34.31866],[-58.594785,-34.318621],[-58.594679,-34.319061]]]}},{"type":"Feature","properties":{"partida":"357011481","cca":"357000100000000000000058000B00000000006000","tipo":"Urbano","sup_m2":916.1},"geometry":{"type":"Polygon","coordinates":[[[-58.594486,-34.319021],[-58.594679,-34.319061],[-58.594785,-34.318621],[-58.59459,-34.31858],[-58.594486,-34.319021]]]}},{"type":"Feature","properties":{"partida":"357011482","cca":"357000100000000000000058000B00000000007000","tipo":"Urbano","sup_m2":898.7},"geometry":{"type":"Polygon","coordinates":[[[-58.594297,-34.318981],[-58.594486,-34.319021],[-58.59459,-34.31858],[-58.594399,-34.31854],[-58.594297,-34.318981]]]}},{"type":"Feature","properties":{"partida":"357011483","cca":"357000100000000000000058000B00000000008000","tipo":"Urbano","sup_m2":901.8},"geometry":{"type":"Polygon","coordinates":[[[-58.594106,-34.31894],[-58.594297,-34.318981],[-58.594399,-34.31854],[-58.594208,-34.318499],[-58.594106,-34.31894]]]}},{"type":"Feature","properties":{"partida":"357011484","cca":"357000100000000000000058000B00000000009000","tipo":"Urbano","sup_m2":895.1},"geometry":{"type":"Polygon","coordinates":[[[-58.593915,-34.3189],[-58.594106,-34.31894],[-58.594208,-34.318499],[-58.59402,-34.318459],[-58.593915,-34.3189]]]}},{"type":"Feature","properties":{"partida":"357011485","cca":"357000100000000000000058000B00000000010000","tipo":"Urbano","sup_m2":886.0},"geometry":{"type":"Polygon","coordinates":[[[-58.593729,-34.318861],[-58.593915,-34.3189],[-58.59402,-34.318459],[-58.593831,-34.318419],[-58.593729,-34.318861]]]}},{"type":"Feature","properties":{"partida":"357011486","cca":"357000100000000000000058000B00000000011000","tipo":"Urbano","sup_m2":910.3},"geometry":{"type":"Polygon","coordinates":[[[-58.593536,-34.31882],[-58.593729,-34.318861],[-58.593831,-34.318419],[-58.593639,-34.318379],[-58.593536,-34.31882]]]}},{"type":"Feature","properties":{"partida":"357011487","cca":"357000100000000000000058000B00000000012000","tipo":"Urbano","sup_m2":797.5},"geometry":{"type":"Polygon","coordinates":[[[-58.593643,-34.319237],[-58.593729,-34.318861],[-58.593536,-34.31882],[-58.593445,-34.319212],[-58.593643,-34.319237]]]}},{"type":"Feature","properties":{"partida":"357017503","cca":"357000100000000000000058000B00000000013000","tipo":"Urbano","sup_m2":728.5},"geometry":{"type":"Polygon","coordinates":[[[-58.59383,-34.31926],[-58.593915,-34.3189],[-58.593729,-34.318861],[-58.593643,-34.319237],[-58.59383,-34.31926]]]}},{"type":"Feature","properties":{"partida":"357011488","cca":"357000100000000000000058000B00000000014000","tipo":"Urbano","sup_m2":723.8},"geometry":{"type":"Polygon","coordinates":[[[-58.594027,-34.319284],[-58.594106,-34.31894],[-58.593915,-34.3189],[-58.59383,-34.31926],[-58.594027,-34.319284]]]}},{"type":"Feature","properties":{"partida":"357011489","cca":"357000100000000000000058000B00000000015000","tipo":"Urbano","sup_m2":685.7},"geometry":{"type":"Polygon","coordinates":[[[-58.594221,-34.319309],[-58.594297,-34.318981],[-58.594106,-34.31894],[-58.594027,-34.319284],[-58.594221,-34.319309]]]}},{"type":"Feature","properties":{"partida":"357011490","cca":"357000100000000000000058000B00000000016000","tipo":"Urbano","sup_m2":645.5},"geometry":{"type":"Polygon","coordinates":[[[-58.594412,-34.319332],[-58.594486,-34.319021],[-58.594297,-34.318981],[-58.594221,-34.319309],[-58.594412,-34.319332]]]}},{"type":"Feature","properties":{"partida":"357011491","cca":"357000100000000000000058000B00000000017000","tipo":"Urbano","sup_m2":760.5},"geometry":{"type":"Polygon","coordinates":[[[-58.594679,-34.319061],[-58.594486,-34.319021],[-58.594412,-34.319332],[-58.594561,-34.319503],[-58.594679,-34.319061]]]}},{"type":"Feature","properties":{"partida":"357011492","cca":"357000100000000000000058000B00000000018000","tipo":"Urbano","sup_m2":1090.6},"geometry":{"type":"Polygon","coordinates":[[[-58.594866,-34.319101],[-58.594679,-34.319061],[-58.594561,-34.319503],[-58.594726,-34.319698],[-58.594866,-34.319101]]]}},{"type":"Feature","properties":{"partida":"357011493","cca":"357000100000000000000058000B00000000019000","tipo":"Urbano","sup_m2":1206.8},"geometry":{"type":"Polygon","coordinates":[[[-58.59506,-34.319142],[-58.594866,-34.319101],[-58.594726,-34.319698],[-58.594929,-34.319705],[-58.59506,-34.319142]]]}},{"type":"Feature","properties":{"partida":"357011494","cca":"357000100000000000000058000B00000000020000","tipo":"Urbano","sup_m2":1119.1},"geometry":{"type":"Polygon","coordinates":[[[-58.59512,-34.319733],[-58.595249,-34.319182],[-58.59506,-34.319142],[-58.594929,-34.319705],[-58.594989,-34.319706],[-58.59512,-34.319733]]]}},{"type":"Feature","properties":{"partida":"357011495","cca":"357000100000000000000058000B00000000021000","tipo":"Urbano","sup_m2":1127.9},"geometry":{"type":"Polygon","coordinates":[[[-58.595311,-34.319778],[-58.595437,-34.319222],[-58.595249,-34.319182],[-58.59512,-34.319733],[-58.595311,-34.319778]]]}},{"type":"Feature","properties":{"partida":"357011496","cca":"357000100000000000000058000B00000000022000","tipo":"Urbano","sup_m2":4283.3},"geometry":{"type":"Polygon","coordinates":[[[-58.59633,-34.319514],[-58.595387,-34.319441],[-58.595311,-34.319778],[-58.595381,-34.319794],[-58.595663,-34.319904],[-58.596236,-34.320014],[-58.59633,-34.319514]]]}},{"type":"Feature","properties":{"partida":"357011497","cca":"357000100000000000000058000B00000000023000","tipo":"Urbano","sup_m2":1554.4},"geometry":{"type":"Polygon","coordinates":[[[-58.595387,-34.319441],[-58.59633,-34.319514],[-58.596359,-34.319353],[-58.595423,-34.319283],[-58.595387,-34.319441]]]}},{"type":"Feature","properties":{"partida":"357011498","cca":"357000100000000000000058000B00000000024000","tipo":"Urbano","sup_m2":1527.6},"geometry":{"type":"Polygon","coordinates":[[[-58.595423,-34.319283],[-58.596359,-34.319353],[-58.596387,-34.319198],[-58.59546,-34.319122],[-58.595423,-34.319283]]]}},{"type":"Feature","properties":{"partida":"357011499","cca":"357000100000000000000058000B00000000025000","tipo":"Urbano","sup_m2":1546.5},"geometry":{"type":"Polygon","coordinates":[[[-58.595496,-34.318963],[-58.59546,-34.319122],[-58.596387,-34.319198],[-58.596416,-34.319035],[-58.595496,-34.318963]]]}},{"type":"Feature","properties":{"partida":"357011500","cca":"357000100000000000000058000C00000000001000","tipo":"Urbano","sup_m2":908.9},"geometry":{"type":"Polygon","coordinates":[[[-58.593455,-34.31878],[-58.593558,-34.318337],[-58.593369,-34.318289],[-58.593266,-34.318732],[-58.593455,-34.31878]]]}},{"type":"Feature","properties":{"partida":"357011501","cca":"357000100000000000000058000C00000000002000","tipo":"Urbano","sup_m2":949.5},"geometry":{"type":"Polygon","coordinates":[[[-58.593068,-34.318683],[-58.593266,-34.318732],[-58.593369,-34.318289],[-58.59317,-34.318239],[-58.593068,-34.318683]]]}},{"type":"Feature","properties":{"partida":"357011502","cca":"357000100000000000000058000C00000000003000","tipo":"Urbano","sup_m2":923.7},"geometry":{"type":"Polygon","coordinates":[[[-58.592875,-34.318635],[-58.593068,-34.318683],[-58.59317,-34.318239],[-58.592977,-34.318191],[-58.592875,-34.318635]]]}},{"type":"Feature","properties":{"partida":"357011503","cca":"357000100000000000000058000C00000000004000","tipo":"Urbano","sup_m2":920.0},"geometry":{"type":"Polygon","coordinates":[[[-58.592875,-34.318635],[-58.592977,-34.318191],[-58.592787,-34.318143],[-58.592682,-34.318586],[-58.592875,-34.318635]]]}},{"type":"Feature","properties":{"partida":"357017524","cca":"357000100000000000000058000C00000000005000","tipo":"Urbano","sup_m2":929.3},"geometry":{"type":"Polygon","coordinates":[[[-58.592489,-34.318538],[-58.592682,-34.318586],[-58.592787,-34.318143],[-58.592592,-34.318094],[-58.592489,-34.318538]]]}},{"type":"Feature","properties":{"partida":"357017525","cca":"357000100000000000000058000C00000000006000","tipo":"Urbano","sup_m2":925.5},"geometry":{"type":"Polygon","coordinates":[[[-58.592389,-34.31807],[-58.592292,-34.318488],[-58.592489,-34.318538],[-58.592592,-34.318094],[-58.592545,-34.318082],[-58.592389,-34.31807]]]}},{"type":"Feature","properties":{"partida":"357011504","cca":"357000100000000000000058000C00000000007000","tipo":"Urbano","sup_m2":986.9},"geometry":{"type":"Polygon","coordinates":[[[-58.592019,-34.318419],[-58.592292,-34.318488],[-58.592389,-34.31807],[-58.592198,-34.318055],[-58.592019,-34.318419]]]}},{"type":"Feature","properties":{"partida":"357011505","cca":"357000100000000000000058000C00000000008000","tipo":"Urbano","sup_m2":940.3},"geometry":{"type":"Polygon","coordinates":[[[-58.592292,-34.318488],[-58.592019,-34.318419],[-58.591881,-34.3187],[-58.592229,-34.318759],[-58.592292,-34.318488]]]}},{"type":"Feature","properties":{"partida":"357011506","cca":"357000100000000000000058000C00000000009000","tipo":"Urbano","sup_m2":988.3},"geometry":{"type":"Polygon","coordinates":[[[-58.592172,-34.319004],[-58.592229,-34.318759],[-58.591881,-34.3187],[-58.591764,-34.318938],[-58.592172,-34.319004]]]}},{"type":"Feature","properties":{"partida":"357011507","cca":"357000100000000000000058000C00000000010000","tipo":"Urbano","sup_m2":1084.7},"geometry":{"type":"Polygon","coordinates":[[[-58.592373,-34.319037],[-58.592489,-34.318538],[-58.592292,-34.318488],[-58.592172,-34.319004],[-58.592373,-34.319037]]]}},{"type":"Feature","properties":{"partida":"357011508","cca":"357000100000000000000058000C00000000011000","tipo":"Urbano","sup_m2":1018.5},"geometry":{"type":"Polygon","coordinates":[[[-58.592568,-34.319069],[-58.592682,-34.318586],[-58.592489,-34.318538],[-58.592373,-34.319037],[-58.592568,-34.319069]]]}},{"type":"Feature","properties":{"partida":"357011509","cca":"357000100000000000000058000C00000000012000","tipo":"Urbano","sup_m2":999.3},"geometry":{"type":"Polygon","coordinates":[[[-58.592768,-34.319101],[-58.592875,-34.318635],[-58.592682,-34.318586],[-58.592568,-34.319069],[-58.592768,-34.319101]]]}},{"type":"Feature","properties":{"partida":"357011510","cca":"357000100000000000000058000C00000000013000","tipo":"Urbano","sup_m2":951.8},"geometry":{"type":"Polygon","coordinates":[[[-58.592964,-34.319133],[-58.593068,-34.318683],[-58.592875,-34.318635],[-58.592768,-34.319101],[-58.592964,-34.319133]]]}},{"type":"Feature","properties":{"partida":"357011511","cca":"357000100000000000000058000C00000000014000","tipo":"Urbano","sup_m2":942.5},"geometry":{"type":"Polygon","coordinates":[[[-58.593266,-34.318732],[-58.593068,-34.318683],[-58.592964,-34.319133],[-58.593165,-34.319166],[-58.593266,-34.318732]]]}},{"type":"Feature","properties":{"partida":"357011512","cca":"357000100000000000000058000C00000000015000","tipo":"Urbano","sup_m2":872.8},"geometry":{"type":"Polygon","coordinates":[[[-58.593165,-34.319166],[-58.593359,-34.319197],[-58.593455,-34.31878],[-58.593266,-34.318732],[-58.593165,-34.319166]]]}},{"type":"Feature","properties":{"partida":"357011513","cca":"357000100000000000000058000D00000000001000","tipo":"Urbano","sup_m2":1354.0},"geometry":{"type":"Polygon","coordinates":[[[-58.594016,-34.319762],[-58.594209,-34.319751],[-58.594594,-34.319694],[-58.594358,-34.319446],[-58.59409,-34.319403],[-58.594016,-34.319762]]]}},{"type":"Feature","properties":{"partida":"357011514","cca":"357000100000000000000058000D00000000002000","tipo":"Urbano","sup_m2":1127.8},"geometry":{"type":"Polygon","coordinates":[[[-58.593724,-34.31978],[-58.594016,-34.319762],[-58.59409,-34.319403],[-58.59382,-34.319359],[-58.593724,-34.31978]]]}},{"type":"Feature","properties":{"partida":"357011515","cca":"357000100000000000000058000D00000000003000","tipo":"Urbano","sup_m2":1029.4},"geometry":{"type":"Polygon","coordinates":[[[-58.593606,-34.319324],[-58.593492,-34.3198],[-58.593724,-34.31978],[-58.59382,-34.319359],[-58.593606,-34.319324]]]}},{"type":"Feature","properties":{"partida":"357011516","cca":"357000100000000000000058000D00000000004000","tipo":"Urbano","sup_m2":1130.4},"geometry":{"type":"Polygon","coordinates":[[[-58.593492,-34.3198],[-58.593606,-34.319324],[-58.593391,-34.319289],[-58.593271,-34.319819],[-58.593492,-34.3198]]]}},{"type":"Feature","properties":{"partida":"357011517","cca":"357000100000000000000058000D00000000005000","tipo":"Urbano","sup_m2":856.1},"geometry":{"type":"Polygon","coordinates":[[[-58.593093,-34.319634],[-58.593305,-34.319669],[-58.593391,-34.319289],[-58.593177,-34.319255],[-58.593093,-34.319634]]]}},{"type":"Feature","properties":{"partida":"357011518","cca":"357000100000000000000058000D00000000006000","tipo":"Urbano","sup_m2":846.3},"geometry":{"type":"Polygon","coordinates":[[[-58.592882,-34.3196],[-58.593093,-34.319634],[-58.593177,-34.319255],[-58.592967,-34.31922],[-58.592882,-34.3196]]]}},{"type":"Feature","properties":{"partida":"357011519","cca":"357000100000000000000058000D00000000007000","tipo":"Urbano","sup_m2":863.2},"geometry":{"type":"Polygon","coordinates":[[[-58.592668,-34.319565],[-58.592882,-34.3196],[-58.592967,-34.31922],[-58.592751,-34.319185],[-58.592668,-34.319565]]]}},{"type":"Feature","properties":{"partida":"357011520","cca":"357000100000000000000058000D00000000008000","tipo":"Urbano","sup_m2":833.4},"geometry":{"type":"Polygon","coordinates":[[[-58.592668,-34.319565],[-58.592751,-34.319185],[-58.592545,-34.319152],[-58.592459,-34.31953],[-58.592668,-34.319565]]]}},{"type":"Feature","properties":{"partida":"357011521","cca":"357000100000000000000058000D00000000009000","tipo":"Urbano","sup_m2":843.6},"geometry":{"type":"Polygon","coordinates":[[[-58.592459,-34.31953],[-58.592545,-34.319152],[-58.592335,-34.319118],[-58.592248,-34.319496],[-58.592459,-34.31953]]]}},{"type":"Feature","properties":{"partida":"357011522","cca":"357000100000000000000058000D00000000010000","tipo":"Urbano","sup_m2":874.9},"geometry":{"type":"Polygon","coordinates":[[[-58.592114,-34.319082],[-58.592031,-34.31946],[-58.592248,-34.319496],[-58.592335,-34.319118],[-58.592114,-34.319082]]]}},{"type":"Feature","properties":{"partida":"357011523","cca":"357000100000000000000058000D00000000011000","tipo":"Urbano","sup_m2":841.0},"geometry":{"type":"Polygon","coordinates":[[[-58.591819,-34.319425],[-58.592031,-34.31946],[-58.592114,-34.319082],[-58.591905,-34.319048],[-58.591819,-34.319425]]]}},{"type":"Feature","properties":{"partida":"357011524","cca":"357000100000000000000058000D00000000012000","tipo":"Urbano","sup_m2":891.9},"geometry":{"type":"Polygon","coordinates":[[[-58.591905,-34.319048],[-58.591857,-34.31904],[-58.591703,-34.319057],[-58.59154,-34.319378],[-58.591819,-34.319425],[-58.591905,-34.319048]]]}},{"type":"Feature","properties":{"partida":"357011525","cca":"357000100000000000000058000D00000000013000","tipo":"Urbano","sup_m2":931.9},"geometry":{"type":"Polygon","coordinates":[[[-58.591996,-34.319629],[-58.592061,-34.319465],[-58.59154,-34.319378],[-58.59146,-34.319534],[-58.591996,-34.319629]]]}},{"type":"Feature","properties":{"partida":"357011526","cca":"357000100000000000000058000D00000000014000","tipo":"Urbano","sup_m2":921.2},"geometry":{"type":"Polygon","coordinates":[[[-58.591934,-34.319784],[-58.591996,-34.319629],[-58.59146,-34.319534],[-58.591382,-34.319687],[-58.591934,-34.319784]]]}},{"type":"Feature","properties":{"partida":"357011527","cca":"357000100000000000000058000D00000000015000","tipo":"Urbano","sup_m2":976.9},"geometry":{"type":"Polygon","coordinates":[[[-58.591871,-34.319944],[-58.591934,-34.319784],[-58.591382,-34.319687],[-58.591303,-34.319843],[-58.591871,-34.319944]]]}},{"type":"Feature","properties":{"partida":"357011528","cca":"357000100000000000000058000D00000000016000","tipo":"Urbano","sup_m2":1023.3},"geometry":{"type":"Polygon","coordinates":[[[-58.591806,-34.320108],[-58.591871,-34.319944],[-58.591303,-34.319843],[-58.591222,-34.320001],[-58.591806,-34.320108]]]}},{"type":"Feature","properties":{"partida":"357011529","cca":"357000100000000000000058000D00000000017000","tipo":"Urbano","sup_m2":1010.6},"geometry":{"type":"Polygon","coordinates":[[[-58.591806,-34.320108],[-58.591222,-34.320001],[-58.591146,-34.320151],[-58.591743,-34.320267],[-58.591806,-34.320108]]]}},{"type":"Feature","properties":{"partida":"357011530","cca":"357000100000000000000058000D00000000018000","tipo":"Urbano","sup_m2":1068.8},"geometry":{"type":"Polygon","coordinates":[[[-58.59168,-34.320426],[-58.591743,-34.320267],[-58.591146,-34.320151],[-58.591065,-34.320309],[-58.59168,-34.320426]]]}},{"type":"Feature","properties":{"partida":"357011531","cca":"357000100000000000000058000D00000000019000","tipo":"Urbano","sup_m2":1064.2},"geometry":{"type":"Polygon","coordinates":[[[-58.591602,-34.320581],[-58.59168,-34.320426],[-58.591065,-34.320309],[-58.590987,-34.320464],[-58.591602,-34.320581]]]}},{"type":"Feature","properties":{"partida":"357011532","cca":"357000100000000000000058000D00000000020000","tipo":"Urbano","sup_m2":975.0},"geometry":{"type":"Polygon","coordinates":[[[-58.59091,-34.320615],[-58.591437,-34.320717],[-58.591602,-34.320581],[-58.590987,-34.320464],[-58.59091,-34.320615]]]}},{"type":"Feature","properties":{"partida":"357011533","cca":"357000100000000000000058000D00000000021000","tipo":"Urbano","sup_m2":845.8},"geometry":{"type":"Polygon","coordinates":[[[-58.590827,-34.320777],[-58.590722,-34.320982],[-58.590777,-34.321284],[-58.591027,-34.321214],[-58.590827,-34.320777]]]}},{"type":"Feature","properties":{"partida":"357011534","cca":"357000100000000000000058000D00000000022000","tipo":"Urbano","sup_m2":1107.4},"geometry":{"type":"Polygon","coordinates":[[[-58.590971,-34.320627],[-58.59091,-34.320615],[-58.590827,-34.320777],[-58.591027,-34.321214],[-58.591214,-34.321161],[-58.590971,-34.320627]]]}},{"type":"Feature","properties":{"partida":"357011535","cca":"357000100000000000000058000D00000000023000","tipo":"Urbano","sup_m2":1025.8},"geometry":{"type":"Polygon","coordinates":[[[-58.590971,-34.320627],[-58.591214,-34.321161],[-58.591399,-34.32111],[-58.591195,-34.32067],[-58.590971,-34.320627]]]}},{"type":"Feature","properties":{"partida":"357011536","cca":"357000100000000000000058000D00000000024000","tipo":"Urbano","sup_m2":890.1},"geometry":{"type":"Polygon","coordinates":[[[-58.591603,-34.321053],[-58.591437,-34.320717],[-58.591195,-34.32067],[-58.591399,-34.32111],[-58.591603,-34.321053]]]}},{"type":"Feature","properties":{"partida":"357011537","cca":"357000100000000000000058000D00000000025000","tipo":"Urbano","sup_m2":875.3},"geometry":{"type":"Polygon","coordinates":[[[-58.591437,-34.320717],[-58.591603,-34.321053],[-58.591801,-34.320997],[-58.591602,-34.320581],[-58.591437,-34.320717]]]}},{"type":"Feature","properties":{"partida":"357011538","cca":"357000100000000000000058000D00000000026000","tipo":"Urbano","sup_m2":1119.8},"geometry":{"type":"Polygon","coordinates":[[[-58.59168,-34.320426],[-58.591602,-34.320581],[-58.591801,-34.320997],[-58.591986,-34.320946],[-58.591776,-34.320445],[-58.59168,-34.320426]]]}},{"type":"Feature","properties":{"partida":"357011539","cca":"357000100000000000000058000D00000000027000","tipo":"Urbano","sup_m2":932.9},"geometry":{"type":"Polygon","coordinates":[[[-58.591988,-34.320485],[-58.591776,-34.320445],[-58.591986,-34.320946],[-58.59217,-34.320894],[-58.591988,-34.320485]]]}},{"type":"Feature","properties":{"partida":"357011540","cca":"357000100000000000000058000D00000000028000","tipo":"Urbano","sup_m2":1675.5},"geometry":{"type":"Polygon","coordinates":[[[-58.59217,-34.320894],[-58.592681,-34.320752],[-58.59268,-34.320617],[-58.591988,-34.320485],[-58.59217,-34.320894]]]}},{"type":"Feature","properties":{"partida":"357011541","cca":"357000100000000000000058000D00000000029000","tipo":"Urbano","sup_m2":1686.8},"geometry":{"type":"Polygon","coordinates":[[[-58.59168,-34.320426],[-58.591988,-34.320485],[-58.59268,-34.320617],[-58.59268,-34.320448],[-58.591743,-34.320267],[-58.59168,-34.320426]]]}},{"type":"Feature","properties":{"partida":"357011542","cca":"357000100000000000000058000D00000000030000","tipo":"Urbano","sup_m2":1628.4},"geometry":{"type":"Polygon","coordinates":[[[-58.592677,-34.320266],[-58.591806,-34.320108],[-58.591743,-34.320267],[-58.59268,-34.320448],[-58.59268,-34.32028],[-58.592677,-34.320266]]]}},{"type":"Feature","properties":{"partida":"357011543","cca":"357000100000000000000058000D00000000031000","tipo":"Urbano","sup_m2":1470.1},"geometry":{"type":"Polygon","coordinates":[[[-58.591871,-34.319944],[-58.591806,-34.320108],[-58.592677,-34.320266],[-58.592635,-34.320081],[-58.591871,-34.319944]]]}},{"type":"Feature","properties":{"partida":"357011544","cca":"357000100000000000000058000D00000000032000","tipo":"Urbano","sup_m2":1335.4},"geometry":{"type":"Polygon","coordinates":[[[-58.592635,-34.320081],[-58.592629,-34.320052],[-58.592695,-34.319917],[-58.591934,-34.319784],[-58.591871,-34.319944],[-58.592635,-34.320081]]]}},{"type":"Feature","properties":{"partida":"357011545","cca":"357000100000000000000058000D00000000033000","tipo":"Urbano","sup_m2":1512.9},"geometry":{"type":"Polygon","coordinates":[[[-58.59314,-34.319833],[-58.591996,-34.319629],[-58.591934,-34.319784],[-58.592695,-34.319917],[-58.592714,-34.319878],[-58.59314,-34.319833]]]}},{"type":"Feature","properties":{"partida":"357011546","cca":"357000100000000000000058000D00000000034000","tipo":"Urbano","sup_m2":2339.0},"geometry":{"type":"Polygon","coordinates":[[[-58.593305,-34.319669],[-58.592061,-34.319465],[-58.591996,-34.319629],[-58.59314,-34.319833],[-58.593271,-34.319819],[-58.593305,-34.319669]]]}},{"type":"Feature","properties":{"partida":"357011547","cca":"357000100000000000000058000E00000000015000","tipo":"Urbano","sup_m2":1399.4},"geometry":{"type":"Polygon","coordinates":[[[-58.591373,-34.31811],[-58.591962,-34.318303],[-58.592102,-34.318019],[-58.591481,-34.317988],[-58.591373,-34.31811]]]}},{"type":"Feature","properties":{"partida":"357011548","cca":"357000100000000000000058000E00000000016000","tipo":"Urbano","sup_m2":938.5},"geometry":{"type":"Polygon","coordinates":[[[-58.591428,-34.31835],[-58.591866,-34.318497],[-58.591962,-34.318303],[-58.59158,-34.318178],[-58.591428,-34.31835]]]}},{"type":"Feature","properties":{"partida":"357011549","cca":"357000100000000000000058000E00000000017000","tipo":"Urbano","sup_m2":1030.9},"geometry":{"type":"Polygon","coordinates":[[[-58.59128,-34.318517],[-58.591775,-34.318682],[-58.591866,-34.318497],[-58.591428,-34.31835],[-58.59128,-34.318517]]]}},{"type":"Feature","properties":{"partida":"357011550","cca":"357000100000000000000058000E00000000018000","tipo":"Urbano","sup_m2":1114.9},"geometry":{"type":"Polygon","coordinates":[[[-58.591775,-34.318682],[-58.59128,-34.318517],[-58.59118,-34.318631],[-58.591659,-34.318917],[-58.591775,-34.318682]]]}},{"type":"Feature","properties":{"partida":"357011551","cca":"357000100000000000000058000E00000000019000","tipo":"Urbano","sup_m2":1187.3},"geometry":{"type":"Polygon","coordinates":[[[-58.59118,-34.318631],[-58.59158,-34.318178],[-58.591373,-34.31811],[-58.591004,-34.318526],[-58.59118,-34.318631]]]}},{"type":"Feature","properties":{"partida":"357011552","cca":"357000100000000000000058000E00000000020000","tipo":"Urbano","sup_m2":1364.6},"geometry":{"type":"Polygon","coordinates":[[[-58.590827,-34.318421],[-58.591004,-34.318526],[-58.591481,-34.317988],[-58.591221,-34.317974],[-58.590827,-34.318421]]]}},{"type":"Feature","properties":{"partida":"357011553","cca":"357000100000000000000058000E00000000021000","tipo":"Urbano","sup_m2":1852.6},"geometry":{"type":"Polygon","coordinates":[[[-58.590607,-34.318373],[-58.590756,-34.318379],[-58.590827,-34.318421],[-58.591221,-34.317974],[-58.590635,-34.317945],[-58.590607,-34.318373]]]}},{"type":"Feature","properties":{"partida":"357011554","cca":"357000100000000000000058000E00000000022000","tipo":"Urbano","sup_m2":1449.6},"geometry":{"type":"Polygon","coordinates":[[[-58.590635,-34.317945],[-58.590265,-34.317926],[-58.590318,-34.318361],[-58.590607,-34.318373],[-58.590635,-34.317945]]]}},{"type":"Feature","properties":{"partida":"357011555","cca":"357000100000000000000058000F00000000001000","tipo":"Urbano","sup_m2":1183.4},"geometry":{"type":"Polygon","coordinates":[[[-58.591195,-34.318755],[-58.590996,-34.318972],[-58.591537,-34.319136],[-58.591615,-34.318983],[-58.591195,-34.318755]]]}},{"type":"Feature","properties":{"partida":"357011556","cca":"357000100000000000000058000F00000000002000","tipo":"Urbano","sup_m2":1120.8},"geometry":{"type":"Polygon","coordinates":[[[-58.590996,-34.318972],[-58.591195,-34.318755],[-58.591011,-34.318655],[-58.590625,-34.319108],[-58.590821,-34.319156],[-58.590996,-34.318972]]]}},{"type":"Feature","properties":{"partida":"357011557","cca":"357000100000000000000058000F00000000003000","tipo":"Urbano","sup_m2":1291.6},"geometry":{"type":"Polygon","coordinates":[[[-58.590405,-34.319063],[-58.590625,-34.319108],[-58.591011,-34.318655],[-58.590826,-34.318555],[-58.590405,-34.319063]]]}},{"type":"Feature","properties":{"partida":"357011558","cca":"357000100000000000000058000F00000000004000","tipo":"Urbano","sup_m2":1571.1},"geometry":{"type":"Polygon","coordinates":[[[-58.590826,-34.318555],[-58.590692,-34.318482],[-58.590333,-34.318482],[-58.590405,-34.319063],[-58.590826,-34.318555]]]}},{"type":"Feature","properties":{"partida":"357011559","cca":"357000100000000000000058000F00000000005000","tipo":"Urbano","sup_m2":1324.0},"geometry":{"type":"Polygon","coordinates":[[[-58.590547,-34.320216],[-58.590603,-34.320673],[-58.590632,-34.320911],[-58.590933,-34.320321],[-58.590547,-34.320216]]]}},{"type":"Feature","properties":{"partida":"357011560","cca":"357000100000000000000058000F00000000006000","tipo":"Urbano","sup_m2":1159.4},"geometry":{"type":"Polygon","coordinates":[[[-58.590933,-34.320321],[-58.591044,-34.320104],[-58.590515,-34.319959],[-58.590547,-34.320216],[-58.590933,-34.320321]]]}},{"type":"Feature","properties":{"partida":"357011561","cca":"357000100000000000000058000F00000000007000","tipo":"Urbano","sup_m2":1216.5},"geometry":{"type":"Polygon","coordinates":[[[-58.591137,-34.319922],[-58.59049,-34.319754],[-58.590515,-34.319959],[-58.591044,-34.320104],[-58.591137,-34.319922]]]}},{"type":"Feature","properties":{"partida":"357011562","cca":"357000100000000000000058000F00000000008000","tipo":"Urbano","sup_m2":1247.7},"geometry":{"type":"Polygon","coordinates":[[[-58.591214,-34.31977],[-58.590467,-34.319569],[-58.59049,-34.319754],[-58.591137,-34.319922],[-58.591214,-34.31977]]]}},{"type":"Feature","properties":{"partida":"357011563","cca":"357000100000000000000058000F00000000009000","tipo":"Urbano","sup_m2":1352.5},"geometry":{"type":"Polygon","coordinates":[[[-58.591288,-34.319624],[-58.590446,-34.319396],[-58.590467,-34.319569],[-58.591214,-34.31977],[-58.591288,-34.319624]]]}},{"type":"Feature","properties":{"partida":"357011564","cca":"357000100000000000000058000F00000000010000","tipo":"Urbano","sup_m2":1589.5},"geometry":{"type":"Polygon","coordinates":[[[-58.591365,-34.319473],[-58.590423,-34.319213],[-58.590446,-34.319396],[-58.591288,-34.319624],[-58.591365,-34.319473]]]}},{"type":"Feature","properties":{"partida":"357011565","cca":"357000100000000000000058000F00000000011000","tipo":"Urbano","sup_m2":1671.2},"geometry":{"type":"Polygon","coordinates":[[[-58.590821,-34.319156],[-58.590625,-34.319108],[-58.590405,-34.319063],[-58.590423,-34.319213],[-58.591365,-34.319473],[-58.591443,-34.319321],[-58.590821,-34.319156]]]}},{"type":"Feature","properties":{"partida":"357011566","cca":"357000100000000000000058000F00000000012000","tipo":"Urbano","sup_m2":1323.5},"geometry":{"type":"Polygon","coordinates":[[[-58.591537,-34.319136],[-58.590996,-34.318972],[-58.590821,-34.319156],[-58.591443,-34.319321],[-58.591537,-34.319136]]]}},{"type":"Feature","properties":{"partida":"357011567","cca":"357000100000000000000058000G00000000001000","tipo":"Urbano","sup_m2":1312.3},"geometry":{"type":"Polygon","coordinates":[[[-58.592698,-34.321021],[-58.592686,-34.320854],[-58.591914,-34.32107],[-58.591981,-34.321226],[-58.592698,-34.321021]]]}},{"type":"Feature","properties":{"partida":"357011568","cca":"357000100000000000000058000G00000000002000","tipo":"Urbano","sup_m2":1312.2},"geometry":{"type":"Polygon","coordinates":[[[-58.592176,-34.321681],[-58.591914,-34.32107],[-58.591726,-34.321122],[-58.591989,-34.321734],[-58.592176,-34.321681]]]}},{"type":"Feature","properties":{"partida":"357011569","cca":"357000100000000000000058000G00000000003000","tipo":"Urbano","sup_m2":1304.6},"geometry":{"type":"Polygon","coordinates":[[[-58.591803,-34.321786],[-58.591989,-34.321734],[-58.591726,-34.321122],[-58.591539,-34.321174],[-58.591803,-34.321786]]]}},{"type":"Feature","properties":{"partida":"357011570","cca":"357000100000000000000058000G00000000004000","tipo":"Urbano","sup_m2":1269.9},"geometry":{"type":"Polygon","coordinates":[[[-58.591803,-34.321786],[-58.591539,-34.321174],[-58.591358,-34.321225],[-58.591621,-34.321837],[-58.591803,-34.321786]]]}},{"type":"Feature","properties":{"partida":"357011571","cca":"357000100000000000000058000G00000000005000","tipo":"Urbano","sup_m2":1321.4},"geometry":{"type":"Polygon","coordinates":[[[-58.591433,-34.32189],[-58.591621,-34.321837],[-58.591358,-34.321225],[-58.591169,-34.321278],[-58.591433,-34.32189]]]}},{"type":"Feature","properties":{"partida":"357011572","cca":"357000100000000000000058000G00000000006000","tipo":"Urbano","sup_m2":1298.7},"geometry":{"type":"Polygon","coordinates":[[[-58.591248,-34.321942],[-58.591433,-34.32189],[-58.591169,-34.321278],[-58.590984,-34.32133],[-58.591248,-34.321942]]]}},{"type":"Feature","properties":{"partida":"357011573","cca":"357000100000000000000058000G00000000007000","tipo":"Urbano","sup_m2":2677.0},"geometry":{"type":"Polygon","coordinates":[[[-58.590776,-34.322075],[-58.591248,-34.321942],[-58.590984,-34.32133],[-58.590693,-34.321406],[-58.590776,-34.322075]]]}},{"type":"Feature","properties":{"partida":"357011574","cca":"357000100000000000000058000G00000000008000","tipo":"Urbano","sup_m2":3272.1},"geometry":{"type":"Polygon","coordinates":[[[-58.59106,-34.321995],[-58.590776,-34.322075],[-58.590871,-34.322851],[-58.59138,-34.322729],[-58.59106,-34.321995]]]}},{"type":"Feature","properties":{"partida":"357011575","cca":"357000100000000000000058000G00000000009000","tipo":"Urbano","sup_m2":1576.6},"geometry":{"type":"Polygon","coordinates":[[[-58.591248,-34.321942],[-58.59106,-34.321995],[-58.59138,-34.322729],[-58.591568,-34.322684],[-58.591248,-34.321942]]]}},{"type":"Feature","properties":{"partida":"357011576","cca":"357000100000000000000058000G00000000010000","tipo":"Urbano","sup_m2":1584.1},"geometry":{"type":"Polygon","coordinates":[[[-58.591248,-34.321942],[-58.591568,-34.322684],[-58.591757,-34.322639],[-58.591433,-34.32189],[-58.591248,-34.321942]]]}},{"type":"Feature","properties":{"partida":"357011577","cca":"357000100000000000000058000G00000000011000","tipo":"Urbano","sup_m2":1621.7},"geometry":{"type":"Polygon","coordinates":[[[-58.591621,-34.321837],[-58.591433,-34.32189],[-58.591757,-34.322639],[-58.591947,-34.322593],[-58.591621,-34.321837]]]}},{"type":"Feature","properties":{"partida":"357011578","cca":"357000100000000000000058000G00000000012000","tipo":"Urbano","sup_m2":1569.1},"geometry":{"type":"Polygon","coordinates":[[[-58.592127,-34.32255],[-58.591803,-34.321786],[-58.591621,-34.321837],[-58.591947,-34.322593],[-58.592127,-34.32255]]]}},{"type":"Feature","properties":{"partida":"357011579","cca":"357000100000000000000058000G00000000013000","tipo":"Urbano","sup_m2":1848.3},"geometry":{"type":"Polygon","coordinates":[[[-58.592661,-34.32206],[-58.592002,-34.322248],[-58.592127,-34.32255],[-58.592458,-34.322478],[-58.592613,-34.322233],[-58.592661,-34.32206]]]}},{"type":"Feature","properties":{"partida":"357011580","cca":"357000100000000000000058000G00000000014000","tipo":"Urbano","sup_m2":1158.9},"geometry":{"type":"Polygon","coordinates":[[[-58.592002,-34.322248],[-58.592661,-34.32206],[-58.592599,-34.321907],[-58.591935,-34.322094],[-58.592002,-34.322248]]]}},{"type":"Feature","properties":{"partida":"357011581","cca":"357000100000000000000058000G00000000015000","tipo":"Urbano","sup_m2":1217.2},"geometry":{"type":"Polygon","coordinates":[[[-58.591869,-34.321939],[-58.591935,-34.322094],[-58.592599,-34.321907],[-58.592587,-34.321739],[-58.591869,-34.321939]]]}},{"type":"Feature","properties":{"partida":"357011582","cca":"357000100000000000000058000G00000000016000","tipo":"Urbano","sup_m2":1418.2},"geometry":{"type":"Polygon","coordinates":[[[-58.591803,-34.321786],[-58.591869,-34.321939],[-58.592587,-34.321739],[-58.592692,-34.321536],[-58.591803,-34.321786]]]}},{"type":"Feature","properties":{"partida":"357011583","cca":"357000100000000000000058000G00000000017000","tipo":"Urbano","sup_m2":966.5},"geometry":{"type":"Polygon","coordinates":[[[-58.592111,-34.321528],[-58.592176,-34.321681],[-58.592692,-34.321536],[-58.592702,-34.321362],[-58.592111,-34.321528]]]}},{"type":"Feature","properties":{"partida":"357011584","cca":"357000100000000000000058000G00000000018000","tipo":"Urbano","sup_m2":1100.4},"geometry":{"type":"Polygon","coordinates":[[[-58.592709,-34.321187],[-58.592046,-34.321377],[-58.592111,-34.321528],[-58.592702,-34.321362],[-58.59271,-34.321208],[-58.592709,-34.321187]]]}},{"type":"Feature","properties":{"partida":"357011585","cca":"357000100000000000000058000G00000000019000","tipo":"Urbano","sup_m2":1193.0},"geometry":{"type":"Polygon","coordinates":[[[-58.591981,-34.321226],[-58.592046,-34.321377],[-58.592709,-34.321187],[-58.592698,-34.321021],[-58.591981,-34.321226]]]}},{"type":"Feature","properties":{"partida":"357011586","cca":"357000100000000000000058100000000000001000","tipo":"Rural","sup_m2":377861.3},"geometry":{"type":"Polygon","coordinates":[[[-58.584574,-34.320597],[-58.584819,-34.31964],[-58.585253,-34.318214],[-58.585223,-34.317854],[-58.585167,-34.317632],[-58.585245,-34.317283],[-58.585582,-34.316558],[-58.585687,-34.316454],[-58.584849,-34.315953],[-58.584304,-34.315739],[-58.583977,-34.315463],[-58.583907,-34.315071],[-58.583963,-34.314912],[-58.583758,-34.314552],[-58.583574,-34.314269],[-58.583136,-34.314089],[-58.582733,-34.314068],[-58.582062,-34.313998],[-58.581484,-34.314019],[-58.580948,-34.314071],[-58.580684,-34.31413],[-58.580552,-34.314125],[-58.580362,-34.31407],[-58.58003,-34.31378],[-58.579708,-34.313605],[-58.579393,-34.313392],[-58.579233,-34.313206],[-58.579146,-34.313089],[-58.578904,-34.313041],[-58.578876,-34.315808],[-58.57886,-34.316802],[-58.579249,-34.316929],[-58.579431,-34.319766],[-58.582646,-34.320793],[-58.582707,-34.320952],[-58.58364,-34.321354],[-58.58368,-34.320628],[-58.584401,-34.320606],[-58.584574,-34.320597]]]}},{"type":"Feature","properties":{"partida":"357011587","cca":"35700010000000000000005810000000000000200A","tipo":"Rural","sup_m2":21098.2},"geometry":{"type":"Polygon","coordinates":[[[-58.582646,-34.320793],[-58.579118,-34.319665],[-58.57905,-34.319645],[-58.57961,-34.320973],[-58.582646,-34.320793]]]}},{"type":"Feature","properties":{"partida":"357011588","cca":"357000100000000000000058100000000000003000","tipo":"Urbano","sup_m2":1712.2},"geometry":{"type":"Polygon","coordinates":[[[-58.58367,-34.320808],[-58.584355,-34.320789],[-58.584578,-34.320821],[-58.584574,-34.320597],[-58.584401,-34.320606],[-58.58368,-34.320628],[-58.58367,-34.320808]]]}},{"type":"Feature","properties":{"partida":"357011589","cca":"357000100000000000000058100000000000004000","tipo":"Urbano","sup_m2":1619.6},"geometry":{"type":"Polygon","coordinates":[[[-58.58367,-34.320808],[-58.58366,-34.320987],[-58.584309,-34.320969],[-58.584536,-34.320984],[-58.584578,-34.320821],[-58.584355,-34.320789],[-58.58367,-34.320808]]]}},{"type":"Feature","properties":{"partida":"357011590","cca":"357000100000000000000058100000000000005000","tipo":"Urbano","sup_m2":1690.9},"geometry":{"type":"Polygon","coordinates":[[[-58.584525,-34.321172],[-58.584536,-34.320984],[-58.584309,-34.320969],[-58.58366,-34.320987],[-58.58365,-34.321178],[-58.584262,-34.321157],[-58.584525,-34.321172]]]}},{"type":"Feature","properties":{"partida":"357011591","cca":"357000100000000000000058100000000000006000","tipo":"Urbano","sup_m2":1616.8},"geometry":{"type":"Polygon","coordinates":[[[-58.58365,-34.321178],[-58.58364,-34.321354],[-58.584215,-34.321344],[-58.584503,-34.321352],[-58.584525,-34.321172],[-58.584262,-34.321157],[-58.58365,-34.321178]]]}},{"type":"Feature","properties":{"partida":"357011592","cca":"357000100000000000000058100000000000007000","tipo":"Rural","sup_m2":66373.4},"geometry":{"type":"Polygon","coordinates":[[[-58.58364,-34.321354],[-58.582707,-34.320952],[-58.582646,-34.320793],[-58.57961,-34.320973],[-58.580315,-34.322848],[-58.583218,-34.322645],[-58.583181,-34.322346],[-58.583291,-34.321697],[-58.584169,-34.321652],[-58.584506,-34.321659],[-58.584503,-34.321352],[-58.584215,-34.321344],[-58.58364,-34.321354]]]}},{"type":"Feature","properties":{"partida":"357011593","cca":"357000100000000000000058100000000000008000","tipo":"Urbano","sup_m2":2269.5},"geometry":{"type":"Polygon","coordinates":[[[-58.58326,-34.321881],[-58.584177,-34.321835],[-58.584511,-34.321823],[-58.584506,-34.321659],[-58.584169,-34.321652],[-58.583291,-34.321697],[-58.58326,-34.321881]]]}},{"type":"Feature","properties":{"partida":"357011594","cca":"357000100000000000000058100000000000009000","tipo":"Urbano","sup_m2":2358.2},"geometry":{"type":"Polygon","coordinates":[[[-58.58326,-34.321881],[-58.583229,-34.322065],[-58.584496,-34.322005],[-58.584511,-34.321823],[-58.584177,-34.321835],[-58.58326,-34.321881]]]}},{"type":"Feature","properties":{"partida":"357011595","cca":"357000100000000000000058100000000000010000","tipo":"Urbano","sup_m2":2396.6},"geometry":{"type":"Polygon","coordinates":[[[-58.583229,-34.322065],[-58.583195,-34.322264],[-58.584192,-34.322195],[-58.584474,-34.322181],[-58.584496,-34.322005],[-58.583229,-34.322065]]]}},{"type":"Feature","properties":{"partida":"357011596","cca":"357000100000000000000058100000000000011000","tipo":"Urbano","sup_m2":2631.8},"geometry":{"type":"Polygon","coordinates":[[[-58.583196,-34.322467],[-58.58421,-34.322399],[-58.584428,-34.322388],[-58.584474,-34.322181],[-58.584192,-34.322195],[-58.583195,-34.322264],[-58.583181,-34.322346],[-58.583196,-34.322467]]]}},{"type":"Feature","properties":{"partida":"357011597","cca":"357000100000000000000058100000000000012000","tipo":"Urbano","sup_m2":2242.3},"geometry":{"type":"Polygon","coordinates":[[[-58.584428,-34.322388],[-58.58421,-34.322399],[-58.583196,-34.322467],[-58.583218,-34.322645],[-58.584236,-34.322577],[-58.584437,-34.322561],[-58.584428,-34.322388]]]}},{"type":"Feature","properties":{"partida":"357011598","cca":"357000100000000000000058100000000000013000","tipo":"Urbano","sup_m2":2241.4},"geometry":{"type":"Polygon","coordinates":[[[-58.583218,-34.322645],[-58.58324,-34.322825],[-58.584263,-34.322757],[-58.584446,-34.322734],[-58.584437,-34.322561],[-58.584236,-34.322577],[-58.583218,-34.322645]]]}},{"type":"Feature","properties":{"partida":"357011599","cca":"357000100000000000000058100000000000014000","tipo":"Urbano","sup_m2":4770.6},"geometry":{"type":"Polygon","coordinates":[[[-58.58324,-34.322825],[-58.583287,-34.323212],[-58.584469,-34.323135],[-58.584446,-34.322734],[-58.584263,-34.322757],[-58.58324,-34.322825]]]}},{"type":"Feature","properties":{"partida":"357011600","cca":"357000100000000000000058100000000000015000","tipo":"Urbano","sup_m2":2566.0},"geometry":{"type":"Polygon","coordinates":[[[-58.583287,-34.323212],[-58.583315,-34.323441],[-58.584347,-34.323333],[-58.58454,-34.323316],[-58.584469,-34.323135],[-58.583287,-34.323212]]]}},{"type":"Feature","properties":{"partida":"357011601","cca":"357000100000000000000058100000000000016000","tipo":"Urbano","sup_m2":2159.6},"geometry":{"type":"Polygon","coordinates":[[[-58.583337,-34.323619],[-58.584555,-34.323478],[-58.58454,-34.323316],[-58.584347,-34.323333],[-58.583315,-34.323441],[-58.583337,-34.323619]]]}},{"type":"Feature","properties":{"partida":"357011602","cca":"357000100000000000000058100000000000017000","tipo":"Urbano","sup_m2":2270.1},"geometry":{"type":"Polygon","coordinates":[[[-58.583337,-34.323619],[-58.583358,-34.323797],[-58.584573,-34.323661],[-58.584555,-34.323478],[-58.583337,-34.323619]]]}},{"type":"Feature","properties":{"partida":"357011603","cca":"357000100000000000000058100000000000018000","tipo":"Rural","sup_m2":59762.8},"geometry":{"type":"Polygon","coordinates":[[[-58.583358,-34.323797],[-58.583218,-34.322645],[-58.580315,-34.322848],[-58.581084,-34.324889],[-58.583481,-34.324655],[-58.583405,-34.324119],[-58.584442,-34.323983],[-58.584597,-34.323955],[-58.584573,-34.323661],[-58.583358,-34.323797]]]}},{"type":"Feature","properties":{"partida":"357011604","cca":"357000100000000000000058100000000000019000","tipo":"Urbano","sup_m2":2228.3},"geometry":{"type":"Polygon","coordinates":[[[-58.58343,-34.324294],[-58.584468,-34.324159],[-58.584669,-34.324131],[-58.584597,-34.323955],[-58.584442,-34.323983],[-58.583405,-34.324119],[-58.58343,-34.324294]]]}},{"type":"Feature","properties":{"partida":"357011605","cca":"357000100000000000000058100000000000020000","tipo":"Urbano","sup_m2":2692.6},"geometry":{"type":"Polygon","coordinates":[[[-58.584669,-34.324131],[-58.58343,-34.324294],[-58.583455,-34.324473],[-58.584501,-34.324379],[-58.58472,-34.324378],[-58.584711,-34.324226],[-58.584669,-34.324131]]]}},{"type":"Feature","properties":{"partida":"357011606","cca":"357000100000000000000058100000000000021000","tipo":"Urbano","sup_m2":2588.6},"geometry":{"type":"Polygon","coordinates":[[[-58.583455,-34.324473],[-58.583481,-34.324655],[-58.584741,-34.324579],[-58.58472,-34.324378],[-58.584501,-34.324379],[-58.583455,-34.324473]]]}},{"type":"Feature","properties":{"partida":"357011607","cca":"357000100000000000000058100000000000022000","tipo":"Urbano","sup_m2":2055.7},"geometry":{"type":"Polygon","coordinates":[[[-58.583481,-34.324655],[-58.583506,-34.324826],[-58.584769,-34.324723],[-58.584741,-34.324579],[-58.583481,-34.324655]]]}},{"type":"Feature","properties":{"partida":"357011608","cca":"357000100000000000000058100000000000023000","tipo":"Urbano","sup_m2":2426.2},"geometry":{"type":"Polygon","coordinates":[[[-58.583532,-34.325012],[-58.58481,-34.324906],[-58.584769,-34.324723],[-58.583506,-34.324826],[-58.583532,-34.325012]]]}},{"type":"Feature","properties":{"partida":"357011609","cca":"357000100000000000000058100000000000024000","tipo":"Urbano","sup_m2":1988.1},"geometry":{"type":"Polygon","coordinates":[[[-58.583532,-34.325012],[-58.583551,-34.325142],[-58.584797,-34.325084],[-58.58481,-34.324906],[-58.583532,-34.325012]]]}},{"type":"Feature","properties":{"partida":"357011610","cca":"357000100000000000000058100000000000025000","tipo":"Urbano","sup_m2":1916.7},"geometry":{"type":"Polygon","coordinates":[[[-58.583574,-34.325301],[-58.584792,-34.325228],[-58.584797,-34.325084],[-58.583551,-34.325142],[-58.583574,-34.325301]]]}},{"type":"Feature","properties":{"partida":"357011794","cca":"357000100000000000000058400C00000000022000","tipo":"Urbano","sup_m2":1466.2},"geometry":{"type":"Polygon","coordinates":[[[-58.601032,-34.321111],[-58.600842,-34.321606],[-58.601377,-34.321338],[-58.601555,-34.321245],[-58.601032,-34.321111]]]}},{"type":"Feature","properties":{"partida":"357011795","cca":"357000100000000000000058400C00000000023000","tipo":"Urbano","sup_m2":3542.8},"geometry":{"type":"Polygon","coordinates":[[[-58.600621,-34.322195],[-58.600643,-34.322598],[-58.601302,-34.322284],[-58.600842,-34.321606],[-58.600621,-34.322195]]]}},{"type":"Feature","properties":{"partida":"357011918","cca":"35700010000000000000005850000000000000100A","tipo":"Urbano","sup_m2":1309.3},"geometry":{"type":"Polygon","coordinates":[[[-58.597149,-34.320752],[-58.59717,-34.320522],[-58.597025,-34.320556],[-58.596934,-34.32055],[-58.596749,-34.320521],[-58.596626,-34.320544],[-58.596436,-34.320615],[-58.59642,-34.320698],[-58.597149,-34.320752]]]}},{"type":"Feature","properties":{"partida":"357018049","cca":"35700010000000000000005850000000000000100B","tipo":"Urbano","sup_m2":1386.3},"geometry":{"type":"Polygon","coordinates":[[[-58.597134,-34.320926],[-58.597149,-34.320752],[-58.59642,-34.320698],[-58.596345,-34.320875],[-58.597134,-34.320926]]]}},{"type":"Feature","properties":{"partida":"357018050","cca":"35700010000000000000005850000000000000100C","tipo":"Urbano","sup_m2":1394.1},"geometry":{"type":"Polygon","coordinates":[[[-58.597119,-34.321092],[-58.597134,-34.320926],[-58.596345,-34.320875],[-58.596318,-34.32105],[-58.597119,-34.321092]]]}},{"type":"Feature","properties":{"partida":"357018051","cca":"35700010000000000000005850000000000000100D","tipo":"Urbano","sup_m2":1254.7},"geometry":{"type":"Polygon","coordinates":[[[-58.596295,-34.321198],[-58.597105,-34.321248],[-58.597119,-34.321092],[-58.596318,-34.32105],[-58.596295,-34.321198]]]}},{"type":"Feature","properties":{"partida":"357018052","cca":"35700010000000000000005850000000000000100E","tipo":"Rural","sup_m2":66985.2},"geometry":{"type":"Polygon","coordinates":[[[-58.600604,-34.321896],[-58.600572,-34.321322],[-58.600663,-34.321191],[-58.600641,-34.320842],[-58.600641,-34.320567],[-58.60057,-34.320414],[-58.600489,-34.32035],[-58.600262,-34.320248],[-58.600108,-34.320218],[-58.599802,-34.320236],[-58.598881,-34.320441],[-58.598221,-34.320579],[-58.597836,-34.32067],[-58.597774,-34.320648],[-58.597698,-34.320488],[-58.597616,-34.320418],[-58.59717,-34.320522],[-58.597105,-34.321248],[-58.596295,-34.321198],[-58.596234,-34.321444],[-58.596076,-34.322244],[-58.596942,-34.322187],[-58.600604,-34.321896]]]}},{"type":"Feature","properties":{"partida":"357018720","cca":"35700010000000000000005850000000000000100H","tipo":"Urbano","sup_m2":1574.3},"geometry":{"type":"Polygon","coordinates":[[[-58.596962,-34.322363],[-58.596942,-34.322187],[-58.596076,-34.322244],[-58.596048,-34.32233],[-58.596078,-34.322414],[-58.596962,-34.322363]]]}},{"type":"Feature","properties":{"partida":"357018721","cca":"35700010000000000000005850000000000000100K","tipo":"Urbano","sup_m2":1560.6},"geometry":{"type":"Polygon","coordinates":[[[-58.596078,-34.322414],[-58.59608,-34.32259],[-58.59698,-34.322528],[-58.596962,-34.322363],[-58.596078,-34.322414]]]}},{"type":"Feature","properties":{"partida":"357018722","cca":"35700010000000000000005850000000000000100M","tipo":"Urbano","sup_m2":1611.6},"geometry":{"type":"Polygon","coordinates":[[[-58.59698,-34.322528],[-58.59608,-34.32259],[-58.596036,-34.322754],[-58.597,-34.322704],[-58.59698,-34.322528]]]}},{"type":"Feature","properties":{"partida":"357018932","cca":"35700010000000000000005850000000000000100N","tipo":"Urbano","sup_m2":2015.9},"geometry":{"type":"Polygon","coordinates":[[[-58.596036,-34.322754],[-58.596046,-34.32297],[-58.597021,-34.322893],[-58.597,-34.322704],[-58.596036,-34.322754]]]}},{"type":"Feature","properties":{"partida":"357018933","cca":"35700010000000000000005850000000000000100R","tipo":"Urbano","sup_m2":1745.7},"geometry":{"type":"Polygon","coordinates":[[[-58.596046,-34.32297],[-58.596071,-34.323147],[-58.597041,-34.323064],[-58.597021,-34.322893],[-58.596046,-34.32297]]]}},{"type":"Feature","properties":{"partida":"357018934","cca":"35700010000000000000005850000000000000100S","tipo":"Urbano","sup_m2":1902.8},"geometry":{"type":"Polygon","coordinates":[[[-58.596057,-34.323333],[-58.597062,-34.323255],[-58.597041,-34.323064],[-58.596071,-34.323147],[-58.596057,-34.323333]]]}},{"type":"Feature","properties":{"partida":"357018053","cca":"35700010000000000000005850000000000000100T","tipo":"Rural","sup_m2":55533.8},"geometry":{"type":"Polygon","coordinates":[[[-58.600682,-34.323301],[-58.600604,-34.321896],[-58.596942,-34.322187],[-58.597062,-34.323255],[-58.596057,-34.323333],[-58.59604,-34.323661],[-58.600682,-34.323301]]]}},{"type":"Feature","properties":{"partida":"357018054","cca":"35700010000000000000005850000000000000200Y","tipo":"Urbano","sup_m2":61493.8},"geometry":{"type":"Polygon","coordinates":[[[-58.596131,-34.324711],[-58.598687,-34.324517],[-58.598717,-34.325057],[-58.600771,-34.324902],[-58.600682,-34.323301],[-58.59604,-34.323661],[-58.596103,-34.323808],[-58.596158,-34.32392],[-58.596107,-34.323961],[-58.595983,-34.324036],[-58.59603,-34.324237],[-58.596078,-34.324332],[-58.596136,-34.324416],[-58.596131,-34.324711]]]}},{"type":"Feature","properties":{"partida":"357020354","cca":"35700010000000000000005850000000000000200Z","tipo":"Urbano","sup_m2":12852.9},"geometry":{"type":"Polygon","coordinates":[[[-58.596131,-34.324711],[-58.596142,-34.325068],[-58.596855,-34.325014],[-58.596874,-34.325197],[-58.598717,-34.325057],[-58.598687,-34.324517],[-58.596131,-34.324711]]]}}]}