{"type":"FeatureCollection","features":[{"type":"Feature","properties":{"partida":"357008146","cca":"35700010000000000000004990000000000001300A","tipo":"Urbano","sup_m2":1319.9},"geometry":{"type":"Polygon","coordinates":[[[-58.595312,-34.372918],[-58.594446,-34.372373],[-58.59431,-34.37244],[-58.595184,-34.372983],[-58.595312,-34.372918]]]}},{"type":"Feature","properties":{"partida":"357008147","cca":"35700010000000000000004990000000000001300B","tipo":"Urbano","sup_m2":1323.4},"geometry":{"type":"Polygon","coordinates":[[[-58.59431,-34.37244],[-58.594175,-34.372507],[-58.595056,-34.373049],[-58.595184,-34.372983],[-58.59431,-34.37244]]]}},{"type":"Feature","properties":{"partida":"357008148","cca":"35700010000000000000004990000000000001300C","tipo":"Urbano","sup_m2":1328.0},"geometry":{"type":"Polygon","coordinates":[[[-58.594175,-34.372507],[-58.594039,-34.372574],[-58.594928,-34.373115],[-58.595056,-34.373049],[-58.594175,-34.372507]]]}},{"type":"Feature","properties":{"partida":"357008149","cca":"35700010000000000000004990000000000001300D","tipo":"Urbano","sup_m2":1330.2},"geometry":{"type":"Polygon","coordinates":[[[-58.594039,-34.372574],[-58.593904,-34.37264],[-58.5948,-34.37318],[-58.594928,-34.373115],[-58.594039,-34.372574]]]}},{"type":"Feature","properties":{"partida":"357008150","cca":"35700010000000000000004990000000000001300E","tipo":"Urbano","sup_m2":1334.9},"geometry":{"type":"Polygon","coordinates":[[[-58.593904,-34.37264],[-58.593768,-34.372707],[-58.594671,-34.373246],[-58.5948,-34.37318],[-58.593904,-34.37264]]]}},{"type":"Feature","properties":{"partida":"357008151","cca":"35700010000000000000004990000000000001300F","tipo":"Urbano","sup_m2":1338.3},"geometry":{"type":"Polygon","coordinates":[[[-58.593768,-34.372707],[-58.593633,-34.372774],[-58.594543,-34.373312],[-58.594671,-34.373246],[-58.593768,-34.372707]]]}},{"type":"Feature","properties":{"partida":"357008152","cca":"35700010000000000000004990000000000001300G","tipo":"Urbano","sup_m2":1341.7},"geometry":{"type":"Polygon","coordinates":[[[-58.593633,-34.372774],[-58.593497,-34.37284],[-58.594415,-34.373378],[-58.594543,-34.373312],[-58.593633,-34.372774]]]}},{"type":"Feature","properties":{"partida":"357008153","cca":"35700010000000000000004990000000000001300H","tipo":"Rural","sup_m2":1345.4},"geometry":{"type":"Polygon","coordinates":[[[-58.593497,-34.37284],[-58.593362,-34.372907],[-58.594287,-34.373443],[-58.594415,-34.373378],[-58.593497,-34.37284]]]}},{"type":"Feature","properties":{"partida":"357008154","cca":"35700010000000000000004990000000000001300J","tipo":"Rural","sup_m2":36095.5},"geometry":{"type":"Polygon","coordinates":[[[-58.593362,-34.372907],[-58.593322,-34.372927],[-58.596646,-34.374873],[-58.597889,-34.375221],[-58.598519,-34.374931],[-58.595312,-34.372918],[-58.594287,-34.373443],[-58.593362,-34.372907]]]}},{"type":"Feature","properties":{"partida":null,"cca":"357000100000000000000049900000000000014000","tipo":null,"sup_m2":1260.6},"geometry":{"type":"Polygon","coordinates":[[[-58.595783,-34.371672],[-58.595591,-34.371781],[-58.596108,-34.3721],[-58.596319,-34.371981],[-58.595783,-34.371672]]]}},{"type":"Feature","properties":{"partida":"357000175","cca":"35700010000000000000004990000000000001500A","tipo":"Urbano","sup_m2":2407.9},"geometry":{"type":"Polygon","coordinates":[[[-58.595283,-34.371915],[-58.595199,-34.371984],[-58.59573,-34.372315],[-58.596108,-34.3721],[-58.595591,-34.371781],[-58.595401,-34.371887],[-58.595283,-34.371915]]]}},{"type":"Feature","properties":{"partida":"357000200","cca":"357000100000000000000049900000000000017000","tipo":"Urbano","sup_m2":1249.2},"geometry":{"type":"Polygon","coordinates":[[[-58.59573,-34.372315],[-58.595199,-34.371984],[-58.595088,-34.372028],[-58.595007,-34.372093],[-58.595541,-34.372422],[-58.59573,-34.372315]]]}},{"type":"Feature","properties":{"partida":"357000192","cca":"357000100000000000000049900000000000018000","tipo":"Urbano","sup_m2":1255.4},"geometry":{"type":"Polygon","coordinates":[[[-58.595541,-34.372422],[-58.595007,-34.372093],[-58.594959,-34.372099],[-58.594905,-34.372119],[-58.594868,-34.372144],[-58.594813,-34.372196],[-58.595352,-34.372529],[-58.595541,-34.372422]]]}},{"type":"Feature","properties":{"partida":"357008145","cca":"357000100000000000000049900000000000019000","tipo":"Urbano","sup_m2":63366.0},"geometry":{"type":"Polygon","coordinates":[[[-58.594488,-34.3724],[-58.598519,-34.374931],[-58.600131,-34.374177],[-58.59973,-34.373941],[-58.598589,-34.373284],[-58.596319,-34.371981],[-58.595352,-34.372529],[-58.594813,-34.372196],[-58.594713,-34.372209],[-58.594615,-34.372242],[-58.594528,-34.372306],[-58.594488,-34.3724]]]}},{"type":"Feature","properties":{"partida":"357008173","cca":"357000100000000000000049900000000000124000","tipo":"Urbano","sup_m2":1171.3},"geometry":{"type":"Polygon","coordinates":[[[-58.601034,-34.369426],[-58.601222,-34.368856],[-58.601031,-34.36882],[-58.600846,-34.369382],[-58.601034,-34.369426]]]}},{"type":"Feature","properties":{"partida":"357008174","cca":"357000100000000000000049900000000000125000","tipo":"Urbano","sup_m2":1660.2},"geometry":{"type":"Polygon","coordinates":[[[-58.600958,-34.369043],[-58.601031,-34.36882],[-58.600271,-34.368676],[-58.600225,-34.368742],[-58.600215,-34.368771],[-58.600217,-34.368821],[-58.600239,-34.368859],[-58.600958,-34.369043]]]}},{"type":"Feature","properties":{"partida":"357008175","cca":"357000100000000000000049900000000000126000","tipo":"Urbano","sup_m2":1392.3},"geometry":{"type":"Polygon","coordinates":[[[-58.600899,-34.36922],[-58.600958,-34.369043],[-58.600239,-34.368859],[-58.600236,-34.368916],[-58.600204,-34.368996],[-58.600175,-34.369034],[-58.600899,-34.36922]]]}},{"type":"Feature","properties":{"partida":"357008176","cca":"357000100000000000000049900000000000127000","tipo":"Urbano","sup_m2":1372.8},"geometry":{"type":"Polygon","coordinates":[[[-58.600899,-34.36922],[-58.600175,-34.369034],[-58.600135,-34.369122],[-58.60011,-34.369209],[-58.600846,-34.369382],[-58.600899,-34.36922]]]}},{"type":"Feature","properties":{"partida":"357008193","cca":"357000100000000000000049900000000000144000","tipo":"Urbano","sup_m2":1165.8},"geometry":{"type":"Polygon","coordinates":[[[-58.601166,-34.369613],[-58.600978,-34.36957],[-58.600787,-34.370129],[-58.600974,-34.370179],[-58.601166,-34.369613]]]}},{"type":"Feature","properties":{"partida":"357008194","cca":"357000100000000000000049900000000000145000","tipo":"Urbano","sup_m2":1151.8},"geometry":{"type":"Polygon","coordinates":[[[-58.600978,-34.36957],[-58.600789,-34.369527],[-58.600601,-34.370078],[-58.600787,-34.370129],[-58.600978,-34.36957]]]}},{"type":"Feature","properties":{"partida":"357008195","cca":"357000100000000000000049900000000000146000","tipo":"Urbano","sup_m2":1492.2},"geometry":{"type":"Polygon","coordinates":[[[-58.600725,-34.369716],[-58.600789,-34.369527],[-58.600055,-34.369359],[-58.600022,-34.369406],[-58.600005,-34.369448],[-58.599991,-34.369532],[-58.600725,-34.369716]]]}},{"type":"Feature","properties":{"partida":"357008196","cca":"357000100000000000000049900000000000147000","tipo":"Urbano","sup_m2":1424.5},"geometry":{"type":"Polygon","coordinates":[[[-58.600725,-34.369716],[-58.599991,-34.369532],[-58.599926,-34.369705],[-58.600665,-34.369891],[-58.600725,-34.369716]]]}},{"type":"Feature","properties":{"partida":"357008197","cca":"357000100000000000000049900000000000148000","tipo":"Urbano","sup_m2":1486.3},"geometry":{"type":"Polygon","coordinates":[[[-58.600665,-34.369891],[-58.599926,-34.369705],[-58.599862,-34.369878],[-58.600601,-34.370078],[-58.600665,-34.369891]]]}},{"type":"Feature","properties":{"partida":"357008198","cca":"357000100000000000000049900A00000000001000","tipo":"Urbano","sup_m2":952.3},"geometry":{"type":"Polygon","coordinates":[[[-58.599671,-34.369992],[-58.600262,-34.370152],[-58.60034,-34.370008],[-58.5998,-34.369862],[-58.599671,-34.369992]]]}},{"type":"Feature","properties":{"partida":"357008199","cca":"357000100000000000000049900A00000000002000","tipo":"Urbano","sup_m2":963.0},"geometry":{"type":"Polygon","coordinates":[[[-58.600188,-34.37029],[-58.600262,-34.370152],[-58.599671,-34.369992],[-58.599568,-34.370103],[-58.599603,-34.370124],[-58.600188,-34.37029]]]}},{"type":"Feature","properties":{"partida":"357008200","cca":"357000100000000000000049900A00000000003000","tipo":"Urbano","sup_m2":1223.0},"geometry":{"type":"Polygon","coordinates":[[[-58.599603,-34.370124],[-58.599568,-34.370103],[-58.599505,-34.370154],[-58.599445,-34.370186],[-58.599411,-34.3702],[-58.599437,-34.370219],[-58.600087,-34.370476],[-58.600188,-34.37029],[-58.599603,-34.370124]]]}},{"type":"Feature","properties":{"partida":"357008201","cca":"357000100000000000000049900A00000000004000","tipo":"Urbano","sup_m2":1046.2},"geometry":{"type":"Polygon","coordinates":[[[-58.60034,-34.370008],[-58.600087,-34.370476],[-58.600264,-34.370545],[-58.600528,-34.370058],[-58.60034,-34.370008]]]}},{"type":"Feature","properties":{"partida":"357008143","cca":"357000100000000000000049900A00000000005000","tipo":"Urbano","sup_m2":1086.2},"geometry":{"type":"Polygon","coordinates":[[[-58.600264,-34.370545],[-58.600442,-34.370614],[-58.600715,-34.370109],[-58.600528,-34.370058],[-58.600264,-34.370545]]]}},{"type":"Feature","properties":{"partida":"357008202","cca":"357000100000000000000049900A00000000006000","tipo":"Urbano","sup_m2":1127.0},"geometry":{"type":"Polygon","coordinates":[[[-58.600715,-34.370109],[-58.600442,-34.370614],[-58.600619,-34.370683],[-58.600902,-34.37016],[-58.600715,-34.370109]]]}},{"type":"Feature","properties":{"partida":"357008203","cca":"357000100000000000000049900A00000000007000","tipo":"Urbano","sup_m2":1167.5},"geometry":{"type":"Polygon","coordinates":[[[-58.600619,-34.370683],[-58.600796,-34.370752],[-58.60109,-34.37021],[-58.600902,-34.37016],[-58.600619,-34.370683]]]}},{"type":"Feature","properties":{"partida":"357008204","cca":"357000100000000000000049900A00000000008000","tipo":"Urbano","sup_m2":1208.3},"geometry":{"type":"Polygon","coordinates":[[[-58.600796,-34.370752],[-58.600973,-34.370821],[-58.601277,-34.370261],[-58.60109,-34.37021],[-58.600796,-34.370752]]]}},{"type":"Feature","properties":{"partida":"357008217","cca":"357000100000000000000049900B00000000001000","tipo":"Urbano","sup_m2":4700.1},"geometry":{"type":"Polygon","coordinates":[[[-58.598583,-34.370508],[-58.599583,-34.371008],[-58.59984,-34.370529],[-58.59927,-34.370307],[-58.599242,-34.370272],[-58.599136,-34.370326],[-58.599102,-34.370339],[-58.598911,-34.370375],[-58.598758,-34.370419],[-58.598707,-34.37043],[-58.59864,-34.370441],[-58.598613,-34.370459],[-58.598583,-34.370508]]]}},{"type":"Feature","properties":{"partida":"357008218","cca":"357000100000000000000049900B00000000002000","tipo":"Urbano","sup_m2":1062.6},"geometry":{"type":"Polygon","coordinates":[[[-58.59984,-34.370529],[-58.599583,-34.371008],[-58.599752,-34.371093],[-58.600017,-34.370598],[-58.59984,-34.370529]]]}},{"type":"Feature","properties":{"partida":"357008219","cca":"357000100000000000000049900B00000000003000","tipo":"Urbano","sup_m2":1096.1},"geometry":{"type":"Polygon","coordinates":[[[-58.600017,-34.370598],[-58.599752,-34.371093],[-58.59992,-34.371177],[-58.600194,-34.370667],[-58.600017,-34.370598]]]}},{"type":"Feature","properties":{"partida":"357008220","cca":"357000100000000000000049900B00000000004000","tipo":"Urbano","sup_m2":1129.0},"geometry":{"type":"Polygon","coordinates":[[[-58.600194,-34.370667],[-58.59992,-34.371177],[-58.600088,-34.371261],[-58.600371,-34.370736],[-58.600194,-34.370667]]]}},{"type":"Feature","properties":{"partida":"357008221","cca":"357000100000000000000049900B00000000005000","tipo":"Urbano","sup_m2":1178.1},"geometry":{"type":"Polygon","coordinates":[[[-58.600371,-34.370736],[-58.600088,-34.371261],[-58.600257,-34.371345],[-58.600552,-34.37081],[-58.600371,-34.370736]]]}},{"type":"Feature","properties":{"partida":"357008222","cca":"357000100000000000000049900B00000000006000","tipo":"Urbano","sup_m2":1175.6},"geometry":{"type":"Polygon","coordinates":[[[-58.600552,-34.37081],[-58.600257,-34.371345],[-58.600425,-34.371429],[-58.600725,-34.370875],[-58.600552,-34.37081]]]}},{"type":"Feature","properties":{"partida":"357008223","cca":"357000100000000000000049900B00000000007000","tipo":"Urbano","sup_m2":1229.7},"geometry":{"type":"Polygon","coordinates":[[[-58.600725,-34.370875],[-58.600425,-34.371429],[-58.600594,-34.371513],[-58.600902,-34.370944],[-58.600725,-34.370875]]]}},{"type":"Feature","properties":{"partida":"357008224","cca":"357000100000000000000049900B00000000008000","tipo":"Urbano","sup_m2":1262.8},"geometry":{"type":"Polygon","coordinates":[[[-58.600902,-34.370944],[-58.600594,-34.371513],[-58.600762,-34.371598],[-58.60108,-34.371013],[-58.600902,-34.370944]]]}},{"type":"Feature","properties":{"partida":"357008225","cca":"357000100000000000000049900B00000000009000","tipo":"Urbano","sup_m2":1296.2},"geometry":{"type":"Polygon","coordinates":[[[-58.60108,-34.371013],[-58.600762,-34.371598],[-58.60093,-34.371682],[-58.601257,-34.371082],[-58.60108,-34.371013]]]}},{"type":"Feature","properties":{"partida":"357008240","cca":"357000100000000000000049900B00000000024000","tipo":"Urbano","sup_m2":1478.8},"geometry":{"type":"Polygon","coordinates":[[[-58.601311,-34.371872],[-58.60111,-34.371772],[-58.600697,-34.372282],[-58.600892,-34.37239],[-58.601311,-34.371872]]]}},{"type":"Feature","properties":{"partida":"357008241","cca":"357000100000000000000049900B00000000025000","tipo":"Urbano","sup_m2":1218.0},"geometry":{"type":"Polygon","coordinates":[[[-58.60111,-34.371772],[-58.600942,-34.371688],[-58.600535,-34.372191],[-58.600697,-34.372282],[-58.60111,-34.371772]]]}},{"type":"Feature","properties":{"partida":"357008242","cca":"357000100000000000000049900B00000000026000","tipo":"Urbano","sup_m2":1202.3},"geometry":{"type":"Polygon","coordinates":[[[-58.600775,-34.371604],[-58.600373,-34.3721],[-58.600535,-34.372191],[-58.600942,-34.371688],[-58.600775,-34.371604]]]}},{"type":"Feature","properties":{"partida":"357008243","cca":"357000100000000000000049900B00000000027000","tipo":"Urbano","sup_m2":1184.1},"geometry":{"type":"Polygon","coordinates":[[[-58.600607,-34.37152],[-58.600211,-34.372009],[-58.600373,-34.3721],[-58.600775,-34.371604],[-58.600607,-34.37152]]]}},{"type":"Feature","properties":{"partida":"357008244","cca":"357000100000000000000049900B00000000028000","tipo":"Urbano","sup_m2":1167.3},"geometry":{"type":"Polygon","coordinates":[[[-58.600607,-34.37152],[-58.600439,-34.371436],[-58.600049,-34.371918],[-58.600211,-34.372009],[-58.600607,-34.37152]]]}},{"type":"Feature","properties":{"partida":"357008245","cca":"357000100000000000000049900B00000000029000","tipo":"Urbano","sup_m2":1149.5},"geometry":{"type":"Polygon","coordinates":[[[-58.600439,-34.371436],[-58.600271,-34.371352],[-58.599887,-34.371827],[-58.600049,-34.371918],[-58.600439,-34.371436]]]}},{"type":"Feature","properties":{"partida":"357008246","cca":"357000100000000000000049900B00000000030000","tipo":"Urbano","sup_m2":1132.9},"geometry":{"type":"Polygon","coordinates":[[[-58.600271,-34.371352],[-58.600103,-34.371268],[-58.599725,-34.371736],[-58.599887,-34.371827],[-58.600271,-34.371352]]]}},{"type":"Feature","properties":{"partida":"357008247","cca":"357000100000000000000049900B00000000031000","tipo":"Urbano","sup_m2":1115.4},"geometry":{"type":"Polygon","coordinates":[[[-58.600103,-34.371268],[-58.599935,-34.371184],[-58.599564,-34.371645],[-58.599725,-34.371736],[-58.600103,-34.371268]]]}},{"type":"Feature","properties":{"partida":"357008248","cca":"357000100000000000000049900B00000000032000","tipo":"Urbano","sup_m2":1098.1},"geometry":{"type":"Polygon","coordinates":[[[-58.599935,-34.371184],[-58.599767,-34.371101],[-58.599401,-34.371554],[-58.599564,-34.371645],[-58.599935,-34.371184]]]}},{"type":"Feature","properties":{"partida":"357008249","cca":"357000100000000000000049900B00000000033000","tipo":"Urbano","sup_m2":1080.7},"geometry":{"type":"Polygon","coordinates":[[[-58.599767,-34.371101],[-58.5996,-34.371017],[-58.59924,-34.371463],[-58.599401,-34.371554],[-58.599767,-34.371101]]]}},{"type":"Feature","properties":{"partida":"357008250","cca":"357000100000000000000049900B00000000034000","tipo":"Urbano","sup_m2":1063.9},"geometry":{"type":"Polygon","coordinates":[[[-58.5996,-34.371017],[-58.599432,-34.370933],[-58.599077,-34.371372],[-58.59924,-34.371463],[-58.5996,-34.371017]]]}},{"type":"Feature","properties":{"partida":"357008251","cca":"357000100000000000000049900B00000000035000","tipo":"Urbano","sup_m2":1046.3},"geometry":{"type":"Polygon","coordinates":[[[-58.599264,-34.370849],[-58.598916,-34.371281],[-58.599077,-34.371372],[-58.599432,-34.370933],[-58.599264,-34.370849]]]}},{"type":"Feature","properties":{"partida":"357008252","cca":"357000100000000000000049900B00000000036000","tipo":"Urbano","sup_m2":1029.1},"geometry":{"type":"Polygon","coordinates":[[[-58.599096,-34.370765],[-58.598754,-34.37119],[-58.598916,-34.371281],[-58.599264,-34.370849],[-58.599096,-34.370765]]]}},{"type":"Feature","properties":{"partida":"357008253","cca":"357000100000000000000049900B00000000037000","tipo":"Urbano","sup_m2":1011.9},"geometry":{"type":"Polygon","coordinates":[[[-58.599096,-34.370765],[-58.598928,-34.370681],[-58.598592,-34.371099],[-58.598754,-34.37119],[-58.599096,-34.370765]]]}},{"type":"Feature","properties":{"partida":"357008254","cca":"357000100000000000000049900B00000000038000","tipo":"Urbano","sup_m2":804.2},"geometry":{"type":"Polygon","coordinates":[[[-58.598928,-34.370681],[-58.598583,-34.370508],[-58.598364,-34.370579],[-58.598809,-34.370829],[-58.598928,-34.370681]]]}},{"type":"Feature","properties":{"partida":"357008255","cca":"357000100000000000000049900B00000000039000","tipo":"Urbano","sup_m2":1039.2},"geometry":{"type":"Polygon","coordinates":[[[-58.598809,-34.370829],[-58.598364,-34.370579],[-58.59831,-34.370581],[-58.598249,-34.370588],[-58.598218,-34.370601],[-58.598142,-34.37065],[-58.5987,-34.370964],[-58.598809,-34.370829]]]}},{"type":"Feature","properties":{"partida":"357008256","cca":"357000100000000000000049900B00000000040000","tipo":"Urbano","sup_m2":1253.5},"geometry":{"type":"Polygon","coordinates":[[[-58.598592,-34.371099],[-58.5987,-34.370964],[-58.598142,-34.37065],[-58.598029,-34.370665],[-58.59792,-34.370721],[-58.598592,-34.371099]]]}},{"type":"Feature","properties":{"partida":"357008257","cca":"357000100000000000000049900B00000000041000","tipo":"Urbano","sup_m2":1186.8},"geometry":{"type":"Polygon","coordinates":[[[-58.598406,-34.371168],[-58.598592,-34.371099],[-58.59792,-34.370721],[-58.597843,-34.370719],[-58.597796,-34.370739],[-58.597738,-34.37078],[-58.598406,-34.371168]]]}},{"type":"Feature","properties":{"partida":"357008258","cca":"357000100000000000000049900B00000000042000","tipo":"Urbano","sup_m2":1219.1},"geometry":{"type":"Polygon","coordinates":[[[-58.598221,-34.371238],[-58.598406,-34.371168],[-58.597738,-34.37078],[-58.59763,-34.37078],[-58.597562,-34.370811],[-58.597556,-34.370838],[-58.598221,-34.371238]]]}},{"type":"Feature","properties":{"partida":"357008259","cca":"357000100000000000000049900B00000000043000","tipo":"Urbano","sup_m2":1213.2},"geometry":{"type":"Polygon","coordinates":[[[-58.598035,-34.371308],[-58.598221,-34.371238],[-58.597556,-34.370838],[-58.597476,-34.370846],[-58.597373,-34.370897],[-58.598035,-34.371308]]]}},{"type":"Feature","properties":{"partida":"357008260","cca":"357000100000000000000049900B00000000044000","tipo":"Urbano","sup_m2":1215.5},"geometry":{"type":"Polygon","coordinates":[[[-58.597373,-34.370897],[-58.597191,-34.370955],[-58.59785,-34.371378],[-58.598035,-34.371308],[-58.597373,-34.370897]]]}},{"type":"Feature","properties":{"partida":"357008261","cca":"357000100000000000000049900C00000000001000","tipo":"Urbano","sup_m2":1136.3},"geometry":{"type":"Polygon","coordinates":[[[-58.598187,-34.3714],[-58.598568,-34.371627],[-58.598782,-34.371369],[-58.598575,-34.371253],[-58.598187,-34.3714]]]}},{"type":"Feature","properties":{"partida":"357008262","cca":"357000100000000000000049900C00000000002000","tipo":"Urbano","sup_m2":1082.0},"geometry":{"type":"Polygon","coordinates":[[[-58.598568,-34.371627],[-58.598187,-34.3714],[-58.597942,-34.371488],[-58.598431,-34.371793],[-58.598568,-34.371627]]]}},{"type":"Feature","properties":{"partida":"357008263","cca":"357000100000000000000049900C00000000003000","tipo":"Urbano","sup_m2":1034.8},"geometry":{"type":"Polygon","coordinates":[[[-58.598782,-34.371369],[-58.598431,-34.371793],[-58.598587,-34.371891],[-58.598944,-34.37146],[-58.598782,-34.371369]]]}},{"type":"Feature","properties":{"partida":"357008264","cca":"357000100000000000000049900C00000000004000","tipo":"Urbano","sup_m2":1051.0},"geometry":{"type":"Polygon","coordinates":[[[-58.598744,-34.371988],[-58.599106,-34.371551],[-58.598944,-34.37146],[-58.598587,-34.371891],[-58.598744,-34.371988]]]}},{"type":"Feature","properties":{"partida":"357008265","cca":"357000100000000000000049900C00000000005000","tipo":"Urbano","sup_m2":1067.0},"geometry":{"type":"Polygon","coordinates":[[[-58.598744,-34.371988],[-58.598901,-34.372086],[-58.599268,-34.371642],[-58.599106,-34.371551],[-58.598744,-34.371988]]]}},{"type":"Feature","properties":{"partida":"357008266","cca":"357000100000000000000049900C00000000006000","tipo":"Urbano","sup_m2":1083.1},"geometry":{"type":"Polygon","coordinates":[[[-58.598901,-34.372086],[-58.599057,-34.372184],[-58.59943,-34.371733],[-58.599268,-34.371642],[-58.598901,-34.372086]]]}},{"type":"Feature","properties":{"partida":"357008267","cca":"357000100000000000000049900C00000000007000","tipo":"Urbano","sup_m2":1099.0},"geometry":{"type":"Polygon","coordinates":[[[-58.599057,-34.372184],[-58.599214,-34.372281],[-58.599592,-34.371824],[-58.59943,-34.371733],[-58.599057,-34.372184]]]}},{"type":"Feature","properties":{"partida":"357008268","cca":"357000100000000000000049900C00000000008000","tipo":"Urbano","sup_m2":1114.5},"geometry":{"type":"Polygon","coordinates":[[[-58.599214,-34.372281],[-58.59937,-34.372379],[-58.599753,-34.371915],[-58.599592,-34.371824],[-58.599214,-34.372281]]]}},{"type":"Feature","properties":{"partida":"357008269","cca":"357000100000000000000049900C00000000009000","tipo":"Urbano","sup_m2":1130.7},"geometry":{"type":"Polygon","coordinates":[[[-58.59937,-34.372379],[-58.599527,-34.372476],[-58.599915,-34.372006],[-58.599753,-34.371915],[-58.59937,-34.372379]]]}},{"type":"Feature","properties":{"partida":"357008270","cca":"357000100000000000000049900C00000000010000","tipo":"Urbano","sup_m2":1146.5},"geometry":{"type":"Polygon","coordinates":[[[-58.599683,-34.372574],[-58.600077,-34.372097],[-58.599915,-34.372006],[-58.599527,-34.372476],[-58.599683,-34.372574]]]}},{"type":"Feature","properties":{"partida":"357008271","cca":"357000100000000000000049900C00000000011000","tipo":"Urbano","sup_m2":1163.0},"geometry":{"type":"Polygon","coordinates":[[[-58.599683,-34.372574],[-58.59984,-34.372672],[-58.600239,-34.372188],[-58.600077,-34.372097],[-58.599683,-34.372574]]]}},{"type":"Feature","properties":{"partida":"357008272","cca":"357000100000000000000049900C00000000012000","tipo":"Urbano","sup_m2":1178.2},"geometry":{"type":"Polygon","coordinates":[[[-58.59984,-34.372672],[-58.599996,-34.372769],[-58.600401,-34.372279],[-58.600239,-34.372188],[-58.59984,-34.372672]]]}},{"type":"Feature","properties":{"partida":"357008273","cca":"357000100000000000000049900C00000000013000","tipo":"Urbano","sup_m2":1194.7},"geometry":{"type":"Polygon","coordinates":[[[-58.599996,-34.372769],[-58.600153,-34.372867],[-58.600563,-34.37237],[-58.600401,-34.372279],[-58.599996,-34.372769]]]}},{"type":"Feature","properties":{"partida":"357008274","cca":"357000100000000000000049900C00000000014000","tipo":"Urbano","sup_m2":1210.3},"geometry":{"type":"Polygon","coordinates":[[[-58.600153,-34.372867],[-58.60031,-34.372965],[-58.600725,-34.372461],[-58.600563,-34.37237],[-58.600153,-34.372867]]]}},{"type":"Feature","properties":{"partida":"357008275","cca":"357000100000000000000049900C00000000015000","tipo":"Urbano","sup_m2":1226.6},"geometry":{"type":"Polygon","coordinates":[[[-58.60031,-34.372965],[-58.600466,-34.373062],[-58.600887,-34.372552],[-58.600725,-34.372461],[-58.60031,-34.372965]]]}},{"type":"Feature","properties":{"partida":"357008276","cca":"357000100000000000000049900C00000000016000","tipo":"Urbano","sup_m2":1242.1},"geometry":{"type":"Polygon","coordinates":[[[-58.600466,-34.373062],[-58.600623,-34.37316],[-58.601049,-34.372643],[-58.600887,-34.372552],[-58.600466,-34.373062]]]}},{"type":"Feature","properties":{"partida":"357008277","cca":"357000100000000000000049900C00000000017000","tipo":"Urbano","sup_m2":1638.4},"geometry":{"type":"Polygon","coordinates":[[[-58.600623,-34.37316],[-58.600851,-34.373302],[-58.601234,-34.372747],[-58.601049,-34.372643],[-58.600623,-34.37316]]]}},{"type":"Feature","properties":{"partida":"357008280","cca":"357000100000000000000049900C00000000020000","tipo":"Urbano","sup_m2":1268.8},"geometry":{"type":"Polygon","coordinates":[[[-58.601307,-34.373587],[-58.601079,-34.373444],[-58.600633,-34.373764],[-58.6008,-34.373861],[-58.601285,-34.373632],[-58.601307,-34.373587]]]}},{"type":"Feature","properties":{"partida":"357008281","cca":"357000100000000000000049900C00000000021000","tipo":"Urbano","sup_m2":1199.9},"geometry":{"type":"Polygon","coordinates":[[[-58.601079,-34.373444],[-58.600851,-34.373302],[-58.600463,-34.373669],[-58.600633,-34.373764],[-58.601079,-34.373444]]]}},{"type":"Feature","properties":{"partida":"357008282","cca":"357000100000000000000049900C00000000022000","tipo":"Urbano","sup_m2":1226.4},"geometry":{"type":"Polygon","coordinates":[[[-58.600851,-34.373302],[-58.600623,-34.37316],[-58.600293,-34.373572],[-58.600463,-34.373669],[-58.600851,-34.373302]]]}},{"type":"Feature","properties":{"partida":"357008283","cca":"357000100000000000000049900C00000000023000","tipo":"Urbano","sup_m2":995.8},"geometry":{"type":"Polygon","coordinates":[[[-58.600623,-34.37316],[-58.600466,-34.373062],[-58.600131,-34.373481],[-58.600293,-34.373572],[-58.600623,-34.37316]]]}},{"type":"Feature","properties":{"partida":"357008284","cca":"357000100000000000000049900C00000000024000","tipo":"Urbano","sup_m2":1012.0},"geometry":{"type":"Polygon","coordinates":[[[-58.600466,-34.373062],[-58.60031,-34.372965],[-58.599969,-34.373391],[-58.600131,-34.373481],[-58.600466,-34.373062]]]}},{"type":"Feature","properties":{"partida":"357008285","cca":"357000100000000000000049900C00000000025000","tipo":"Urbano","sup_m2":1028.4},"geometry":{"type":"Polygon","coordinates":[[[-58.600153,-34.372867],[-58.599807,-34.3733],[-58.599969,-34.373391],[-58.60031,-34.372965],[-58.600153,-34.372867]]]}},{"type":"Feature","properties":{"partida":"357008286","cca":"357000100000000000000049900C00000000026000","tipo":"Urbano","sup_m2":1044.2},"geometry":{"type":"Polygon","coordinates":[[[-58.599996,-34.372769],[-58.599645,-34.373209],[-58.599807,-34.3733],[-58.600153,-34.372867],[-58.599996,-34.372769]]]}},{"type":"Feature","properties":{"partida":"357008287","cca":"357000100000000000000049900C00000000027000","tipo":"Urbano","sup_m2":1060.5},"geometry":{"type":"Polygon","coordinates":[[[-58.59984,-34.372672],[-58.599483,-34.373118],[-58.599645,-34.373209],[-58.599996,-34.372769],[-58.59984,-34.372672]]]}},{"type":"Feature","properties":{"partida":"357008288","cca":"357000100000000000000049900C00000000028000","tipo":"Urbano","sup_m2":1076.7},"geometry":{"type":"Polygon","coordinates":[[[-58.599683,-34.372574],[-58.599321,-34.373027],[-58.599483,-34.373118],[-58.59984,-34.372672],[-58.599683,-34.372574]]]}},{"type":"Feature","properties":{"partida":"357008289","cca":"357000100000000000000049900C00000000029000","tipo":"Urbano","sup_m2":1093.1},"geometry":{"type":"Polygon","coordinates":[[[-58.599683,-34.372574],[-58.599527,-34.372476],[-58.599159,-34.372936],[-58.599321,-34.373027],[-58.599683,-34.372574]]]}},{"type":"Feature","properties":{"partida":"357008290","cca":"357000100000000000000049900C00000000030000","tipo":"Urbano","sup_m2":1182.1},"geometry":{"type":"Polygon","coordinates":[[[-58.599527,-34.372476],[-58.59937,-34.372379],[-58.598976,-34.372833],[-58.599159,-34.372936],[-58.599527,-34.372476]]]}},{"type":"Feature","properties":{"partida":"357008291","cca":"357000100000000000000049900C00000000031000","tipo":"Urbano","sup_m2":1186.7},"geometry":{"type":"Polygon","coordinates":[[[-58.59937,-34.372379],[-58.599214,-34.372281],[-58.598802,-34.372719],[-58.598976,-34.372833],[-58.59937,-34.372379]]]}},{"type":"Feature","properties":{"partida":"357008292","cca":"357000100000000000000049900C00000000032000","tipo":"Urbano","sup_m2":1105.1},"geometry":{"type":"Polygon","coordinates":[[[-58.599214,-34.372281],[-58.599057,-34.372184],[-58.598649,-34.372618],[-58.598802,-34.372719],[-58.599214,-34.372281]]]}},{"type":"Feature","properties":{"partida":"357008293","cca":"357000100000000000000049900C00000000033000","tipo":"Urbano","sup_m2":1097.0},"geometry":{"type":"Polygon","coordinates":[[[-58.599057,-34.372184],[-58.598901,-34.372086],[-58.598496,-34.372517],[-58.598649,-34.372618],[-58.599057,-34.372184]]]}},{"type":"Feature","properties":{"partida":"357008294","cca":"357000100000000000000049900C00000000034000","tipo":"Urbano","sup_m2":1088.0},"geometry":{"type":"Polygon","coordinates":[[[-58.598901,-34.372086],[-58.598744,-34.371988],[-58.598342,-34.372416],[-58.598496,-34.372517],[-58.598901,-34.372086]]]}},{"type":"Feature","properties":{"partida":"357008295","cca":"357000100000000000000049900C00000000035000","tipo":"Urbano","sup_m2":1079.4},"geometry":{"type":"Polygon","coordinates":[[[-58.598744,-34.371988],[-58.598587,-34.371891],[-58.598189,-34.372314],[-58.598342,-34.372416],[-58.598744,-34.371988]]]}},{"type":"Feature","properties":{"partida":"357008296","cca":"357000100000000000000049900C00000000036000","tipo":"Urbano","sup_m2":1070.4},"geometry":{"type":"Polygon","coordinates":[[[-58.598587,-34.371891],[-58.598431,-34.371793],[-58.598036,-34.372213],[-58.598189,-34.372314],[-58.598587,-34.371891]]]}},{"type":"Feature","properties":{"partida":"357008297","cca":"357000100000000000000049900C00000000037000","tipo":"Urbano","sup_m2":1378.8},"geometry":{"type":"Polygon","coordinates":[[[-58.598431,-34.371793],[-58.597942,-34.371488],[-58.597763,-34.371555],[-58.597721,-34.371591],[-58.598276,-34.371958],[-58.598431,-34.371793]]]}},{"type":"Feature","properties":{"partida":"357008298","cca":"357000100000000000000049900C00000000038000","tipo":"Urbano","sup_m2":1195.6},"geometry":{"type":"Polygon","coordinates":[[[-58.597721,-34.371591],[-58.597654,-34.371648],[-58.59758,-34.371707],[-58.598156,-34.372086],[-58.598276,-34.371958],[-58.597721,-34.371591]]]}},{"type":"Feature","properties":{"partida":"357008299","cca":"357000100000000000000049900C00000000039000","tipo":"Urbano","sup_m2":1238.4},"geometry":{"type":"Polygon","coordinates":[[[-58.598036,-34.372213],[-58.598156,-34.372086],[-58.59758,-34.371707],[-58.59744,-34.371822],[-58.598036,-34.372213]]]}},{"type":"Feature","properties":{"partida":"357008300","cca":"357000100000000000000049900D0000000000100B","tipo":"Urbano","sup_m2":1283.8},"geometry":{"type":"Polygon","coordinates":[[[-58.597348,-34.371935],[-58.597195,-34.371834],[-58.596732,-34.372217],[-58.596962,-34.372349],[-58.597348,-34.371935]]]}},{"type":"Feature","properties":{"partida":"357008304","cca":"357000100000000000000049900D0000000000100F","tipo":"Urbano","sup_m2":2672.8},"geometry":{"type":"Polygon","coordinates":[[[-58.596905,-34.372074],[-58.597089,-34.371921],[-58.596181,-34.371373],[-58.596122,-34.371377],[-58.596079,-34.371392],[-58.596063,-34.371424],[-58.596048,-34.371444],[-58.596021,-34.371469],[-58.595964,-34.371535],[-58.596092,-34.371611],[-58.596905,-34.372074]]]}},{"type":"Feature","properties":{"partida":"357008305","cca":"357000100000000000000049900D0000000000100G","tipo":"Urbano","sup_m2":2367.2},"geometry":{"type":"Polygon","coordinates":[[[-58.595783,-34.371672],[-58.596732,-34.372217],[-58.596905,-34.372074],[-58.596092,-34.371611],[-58.595964,-34.371535],[-58.595946,-34.371542],[-58.595897,-34.371554],[-58.595858,-34.371575],[-58.595835,-34.371592],[-58.595807,-34.371621],[-58.595789,-34.371653],[-58.595783,-34.371672]]]}},{"type":"Feature","properties":{"partida":"357008302","cca":"357000100000000000000049900D0000000000100H","tipo":"Urbano","sup_m2":3298.2},"geometry":{"type":"Polygon","coordinates":[[[-58.597664,-34.371446],[-58.596998,-34.371011],[-58.596805,-34.371028],[-58.5967,-34.371077],[-58.59658,-34.37112],[-58.596549,-34.371137],[-58.59738,-34.371681],[-58.597664,-34.371446]]]}},{"type":"Feature","properties":{"partida":"357008303","cca":"357000100000000000000049900D0000000000100K","tipo":"Urbano","sup_m2":4063.5},"geometry":{"type":"Polygon","coordinates":[[[-58.59738,-34.371681],[-58.596549,-34.371137],[-58.5964,-34.371187],[-58.596325,-34.371224],[-58.596256,-34.371291],[-58.596181,-34.371373],[-58.597089,-34.371921],[-58.59738,-34.371681]]]}},{"type":"Feature","properties":{"partida":"357008306","cca":"357000100000000000000049900D00000000002000","tipo":"Urbano","sup_m2":1034.5},"geometry":{"type":"Polygon","coordinates":[[[-58.597348,-34.371935],[-58.596962,-34.372349],[-58.597123,-34.372441],[-58.597501,-34.372036],[-58.597348,-34.371935]]]}},{"type":"Feature","properties":{"partida":"357008307","cca":"357000100000000000000049900D00000000003000","tipo":"Urbano","sup_m2":1014.1},"geometry":{"type":"Polygon","coordinates":[[[-58.597655,-34.372137],[-58.597501,-34.372036],[-58.597123,-34.372441],[-58.597284,-34.372534],[-58.597655,-34.372137]]]}},{"type":"Feature","properties":{"partida":"357008308","cca":"357000100000000000000049900D00000000004000","tipo":"Urbano","sup_m2":992.5},"geometry":{"type":"Polygon","coordinates":[[[-58.597655,-34.372137],[-58.597284,-34.372534],[-58.597445,-34.372626],[-58.597808,-34.372238],[-58.597655,-34.372137]]]}},{"type":"Feature","properties":{"partida":"357008309","cca":"357000100000000000000049900D00000000005000","tipo":"Urbano","sup_m2":971.7},"geometry":{"type":"Polygon","coordinates":[[[-58.597961,-34.372338],[-58.597808,-34.372238],[-58.597445,-34.372626],[-58.597606,-34.372719],[-58.597961,-34.372338]]]}},{"type":"Feature","properties":{"partida":"357008310","cca":"357000100000000000000049900D00000000006000","tipo":"Urbano","sup_m2":950.5},"geometry":{"type":"Polygon","coordinates":[[[-58.597961,-34.372338],[-58.597606,-34.372719],[-58.597768,-34.372812],[-58.598114,-34.372439],[-58.597961,-34.372338]]]}},{"type":"Feature","properties":{"partida":"357008311","cca":"357000100000000000000049900D00000000007000","tipo":"Urbano","sup_m2":929.0},"geometry":{"type":"Polygon","coordinates":[[[-58.598268,-34.37254],[-58.598114,-34.372439],[-58.597768,-34.372812],[-58.597929,-34.372904],[-58.598268,-34.37254]]]}},{"type":"Feature","properties":{"partida":"357008312","cca":"357000100000000000000049900D00000000008000","tipo":"Urbano","sup_m2":907.9},"geometry":{"type":"Polygon","coordinates":[[[-58.598268,-34.37254],[-58.597929,-34.372904],[-58.59809,-34.372997],[-58.598421,-34.372641],[-58.598268,-34.37254]]]}},{"type":"Feature","properties":{"partida":"357008313","cca":"357000100000000000000049900D00000000009000","tipo":"Urbano","sup_m2":886.4},"geometry":{"type":"Polygon","coordinates":[[[-58.598574,-34.372742],[-58.598421,-34.372641],[-58.59809,-34.372997],[-58.598251,-34.373089],[-58.598574,-34.372742]]]}},{"type":"Feature","properties":{"partida":"357008314","cca":"357000100000000000000049900D00000000010000","tipo":"Urbano","sup_m2":866.0},"geometry":{"type":"Polygon","coordinates":[[[-58.598574,-34.372742],[-58.598251,-34.373089],[-58.598412,-34.373182],[-58.598727,-34.372843],[-58.598574,-34.372742]]]}},{"type":"Feature","properties":{"partida":"357008315","cca":"357000100000000000000049900D00000000011000","tipo":"Urbano","sup_m2":885.0},"geometry":{"type":"Polygon","coordinates":[[[-58.59888,-34.372944],[-58.598727,-34.372843],[-58.598412,-34.373182],[-58.598589,-34.373284],[-58.59888,-34.372944]]]}},{"type":"Feature","properties":{"partida":"357008316","cca":"357000100000000000000049900D00000000012000","tipo":"Urbano","sup_m2":875.6},"geometry":{"type":"Polygon","coordinates":[[[-58.59888,-34.372944],[-58.598589,-34.373284],[-58.598766,-34.373385],[-58.599042,-34.373035],[-58.59888,-34.372944]]]}},{"type":"Feature","properties":{"partida":"357008317","cca":"357000100000000000000049900D00000000013000","tipo":"Urbano","sup_m2":837.7},"geometry":{"type":"Polygon","coordinates":[[[-58.599204,-34.373126],[-58.599042,-34.373035],[-58.598766,-34.373385],[-58.598926,-34.373478],[-58.599204,-34.373126]]]}},{"type":"Feature","properties":{"partida":"357008318","cca":"357000100000000000000049900D00000000014000","tipo":"Urbano","sup_m2":841.8},"geometry":{"type":"Polygon","coordinates":[[[-58.599204,-34.373126],[-58.598926,-34.373478],[-58.599087,-34.373571],[-58.599366,-34.373217],[-58.599204,-34.373126]]]}},{"type":"Feature","properties":{"partida":"357008319","cca":"357000100000000000000049900D00000000015000","tipo":"Urbano","sup_m2":845.1},"geometry":{"type":"Polygon","coordinates":[[[-58.599366,-34.373217],[-58.599087,-34.373571],[-58.599248,-34.373664],[-58.599528,-34.373309],[-58.599366,-34.373217]]]}},{"type":"Feature","properties":{"partida":"357008320","cca":"357000100000000000000049900D00000000016000","tipo":"Urbano","sup_m2":848.5},"geometry":{"type":"Polygon","coordinates":[[[-58.599528,-34.373309],[-58.599248,-34.373664],[-58.599408,-34.373756],[-58.59969,-34.3734],[-58.599528,-34.373309]]]}},{"type":"Feature","properties":{"partida":"357008321","cca":"357000100000000000000049900D00000000017000","tipo":"Urbano","sup_m2":851.7},"geometry":{"type":"Polygon","coordinates":[[[-58.599851,-34.373491],[-58.59969,-34.3734],[-58.599408,-34.373756],[-58.599569,-34.373849],[-58.599851,-34.373491]]]}},{"type":"Feature","properties":{"partida":"357008322","cca":"357000100000000000000049900D00000000018000","tipo":"Urbano","sup_m2":855.6},"geometry":{"type":"Polygon","coordinates":[[[-58.599851,-34.373491],[-58.599569,-34.373849],[-58.599729,-34.373941],[-58.600013,-34.373582],[-58.599851,-34.373491]]]}},{"type":"Feature","properties":{"partida":"357008323","cca":"357000100000000000000049900D00000000019000","tipo":"Urbano","sup_m2":919.0},"geometry":{"type":"Polygon","coordinates":[[[-58.600223,-34.3737],[-58.600013,-34.373582],[-58.599729,-34.373941],[-58.599864,-34.37402],[-58.600223,-34.3737]]]}},{"type":"Feature","properties":{"partida":"357008324","cca":"357000100000000000000049900D00000000020000","tipo":"Urbano","sup_m2":924.1},"geometry":{"type":"Polygon","coordinates":[[[-58.600223,-34.3737],[-58.599864,-34.37402],[-58.599997,-34.374099],[-58.600432,-34.373818],[-58.600223,-34.3737]]]}},{"type":"Feature","properties":{"partida":"357008325","cca":"357000100000000000000049900D00000000021000","tipo":"Urbano","sup_m2":927.9},"geometry":{"type":"Polygon","coordinates":[[[-58.600432,-34.373818],[-58.599997,-34.374099],[-58.60013,-34.374177],[-58.600641,-34.373936],[-58.600432,-34.373818]]]}},{"type":"Feature","properties":{"partida":"357008461","cca":"35700010000000000000005070000000000000200C","tipo":"Rural","sup_m2":86481.5},"geometry":{"type":"Polygon","coordinates":[[[-58.600641,-34.373936],[-58.598519,-34.374931],[-58.598025,-34.375158],[-58.600552,-34.376618],[-58.600361,-34.376763],[-58.600239,-34.376789],[-58.600094,-34.376851],[-58.60027,-34.377337],[-58.60033,-34.377295],[-58.600471,-34.377217],[-58.601007,-34.376895],[-58.601333,-34.37671],[-58.601429,-34.376652],[-58.601566,-34.376566],[-58.602134,-34.376195],[-58.602754,-34.37701],[-58.603113,-34.376829],[-58.602847,-34.376089],[-58.602708,-34.375827],[-58.602467,-34.375765],[-58.602286,-34.375628],[-58.602157,-34.37554],[-58.602133,-34.375431],[-58.60216,-34.37529],[-58.602184,-34.375275],[-58.602201,-34.375246],[-58.601944,-34.374288],[-58.602098,-34.37389],[-58.601947,-34.373787],[-58.601407,-34.374149],[-58.600992,-34.37401],[-58.600641,-34.373936]]]}},{"type":"Feature","properties":{"partida":"357008470","cca":"35700010000000000000005070000000000000200N","tipo":"Urbano","sup_m2":1506.5},"geometry":{"type":"Polygon","coordinates":[[[-58.600734,-34.37706],[-58.600608,-34.377133],[-58.601216,-34.377947],[-58.601266,-34.377906],[-58.601351,-34.377882],[-58.600734,-34.37706]]]}},{"type":"Feature","properties":{"partida":"357008471","cca":"35700010000000000000005070000000000000200P","tipo":"Urbano","sup_m2":1650.5},"geometry":{"type":"Polygon","coordinates":[[[-58.600608,-34.377133],[-58.600471,-34.377217],[-58.601071,-34.378019],[-58.601104,-34.377996],[-58.601176,-34.377981],[-58.601216,-34.377947],[-58.600608,-34.377133]]]}},{"type":"Feature","properties":{"partida":"357008472","cca":"35700010000000000000005070000000000000200R","tipo":"Urbano","sup_m2":1626.2},"geometry":{"type":"Polygon","coordinates":[[[-58.600471,-34.377217],[-58.60033,-34.377295],[-58.600927,-34.37809],[-58.601011,-34.378061],[-58.601071,-34.378019],[-58.600471,-34.377217]]]}},{"type":"Feature","properties":{"partida":"357008473","cca":"35700010000000000000005070000000000000200S","tipo":"Urbano","sup_m2":1761.9},"geometry":{"type":"Polygon","coordinates":[[[-58.60033,-34.377295],[-58.60027,-34.377337],[-58.600657,-34.378199],[-58.60078,-34.378141],[-58.600927,-34.37809],[-58.60033,-34.377295]]]}},{"type":"Feature","properties":{"partida":"357008474","cca":"35700010000000000000005070000000000000200T","tipo":"Urbano","sup_m2":1301.0},"geometry":{"type":"Polygon","coordinates":[[[-58.600657,-34.378199],[-58.60027,-34.377337],[-58.600275,-34.377509],[-58.60027,-34.377585],[-58.600291,-34.377721],[-58.600313,-34.377827],[-58.600331,-34.377947],[-58.600425,-34.378117],[-58.600479,-34.378197],[-58.600517,-34.378265],[-58.600657,-34.378199]]]}},{"type":"Feature","properties":{"partida":"357008475","cca":"35700010000000000000005070000000000000300A","tipo":"Rural","sup_m2":54182.7},"geometry":{"type":"Polygon","coordinates":[[[-58.597889,-34.375221],[-58.597998,-34.376786],[-58.599399,-34.378737],[-58.59943,-34.378724],[-58.599436,-34.378715],[-58.599489,-34.378708],[-58.599499,-34.37869],[-58.599523,-34.378684],[-58.599557,-34.378687],[-58.599599,-34.378673],[-58.599598,-34.378639],[-58.599617,-34.378621],[-58.599662,-34.378603],[-58.599702,-34.378593],[-58.59975,-34.37857],[-58.600229,-34.378401],[-58.600342,-34.378332],[-58.600517,-34.378265],[-58.600479,-34.378197],[-58.600425,-34.378117],[-58.600331,-34.377947],[-58.600313,-34.377827],[-58.600291,-34.377721],[-58.60027,-34.377585],[-58.600275,-34.377509],[-58.60027,-34.377337],[-58.600094,-34.376851],[-58.600239,-34.376789],[-58.600361,-34.376763],[-58.600552,-34.376618],[-58.598025,-34.375158],[-58.597889,-34.375221]]]}},{"type":"Feature","properties":{"partida":"357008476","cca":"35700010000000000000005070000000000000300B","tipo":"Rural","sup_m2":29726.8},"geometry":{"type":"Polygon","coordinates":[[[-58.59765,-34.375154],[-58.597456,-34.377484],[-58.597467,-34.377764],[-58.59818,-34.378943],[-58.598218,-34.378989],[-58.598257,-34.379012],[-58.598308,-34.379023],[-58.598383,-34.379028],[-58.598415,-34.37901],[-58.598437,-34.379029],[-58.598476,-34.379032],[-58.598513,-34.379016],[-58.598594,-34.379001],[-58.598645,-34.378981],[-58.59879,-34.378944],[-58.598829,-34.378931],[-58.598844,-34.378902],[-58.598836,-34.37888],[-58.598868,-34.378851],[-58.598916,-34.378851],[-58.599014,-34.378878],[-58.599075,-34.378853],[-58.599095,-34.378799],[-58.599138,-34.378822],[-58.599167,-34.378826],[-58.599217,-34.378796],[-58.599246,-34.378787],[-58.59927,-34.378796],[-58.599274,-34.378778],[-58.59929,-34.378772],[-58.599304,-34.378781],[-58.599317,-34.378781],[-58.599338,-34.37877],[-58.599337,-34.378752],[-58.599349,-34.378741],[-58.599359,-34.378745],[-58.59937,-34.378756],[-58.599399,-34.378737],[-58.597998,-34.376786],[-58.597889,-34.375221],[-58.59765,-34.375154]]]}},{"type":"Feature","properties":{"partida":"357008477","cca":"35700010000000000000005070000000000000400A","tipo":"Rural","sup_m2":20251.3},"geometry":{"type":"Polygon","coordinates":[[[-58.59765,-34.375154],[-58.597016,-34.374977],[-58.597098,-34.377798],[-58.59764,-34.379112],[-58.59787,-34.379106],[-58.597894,-34.379121],[-58.597969,-34.379099],[-58.598004,-34.379069],[-58.598039,-34.37906],[-58.598078,-34.37904],[-58.598126,-34.379002],[-58.59818,-34.378943],[-58.597467,-34.377764],[-58.597456,-34.377484],[-58.59765,-34.375154]]]}},{"type":"Feature","properties":{"partida":"357019387","cca":"35700010000000000000005070000000000000400B","tipo":"Rural","sup_m2":27416.0},"geometry":{"type":"Polygon","coordinates":[[[-58.597016,-34.374977],[-58.596646,-34.374873],[-58.596376,-34.375244],[-58.596479,-34.377882],[-58.597038,-34.3792],[-58.597362,-34.379204],[-58.597416,-34.379212],[-58.597476,-34.379191],[-58.59752,-34.37917],[-58.597587,-34.379146],[-58.59764,-34.379112],[-58.597098,-34.377798],[-58.597016,-34.374977]]]}},{"type":"Feature","properties":{"partida":"357019388","cca":"35700010000000000000005070000000000000400C","tipo":"Rural","sup_m2":22428.4},"geometry":{"type":"Polygon","coordinates":[[[-58.597038,-34.3792],[-58.596479,-34.377882],[-58.596376,-34.375244],[-58.595759,-34.37603],[-58.595944,-34.377967],[-58.596428,-34.379262],[-58.596534,-34.379317],[-58.596595,-34.379356],[-58.596645,-34.379286],[-58.596753,-34.379304],[-58.596839,-34.379261],[-58.596917,-34.379247],[-58.596964,-34.379245],[-58.596994,-34.379233],[-58.597038,-34.3792]]]}},{"type":"Feature","properties":{"partida":"357019389","cca":"35700010000000000000005070000000000000400D","tipo":"Rural","sup_m2":15468.0},"geometry":{"type":"Polygon","coordinates":[[[-58.595759,-34.37603],[-58.595275,-34.376647],[-58.595517,-34.378041],[-58.595851,-34.37932],[-58.596161,-34.379325],[-58.596428,-34.379262],[-58.595944,-34.377967],[-58.595759,-34.37603]]]}},{"type":"Feature","properties":{"partida":"357017729","cca":"357000100000000000000050700000000000014000","tipo":"Urbano","sup_m2":948.6},"geometry":{"type":"Polygon","coordinates":[[[-58.60129,-34.378555],[-58.601,-34.378209],[-58.600807,-34.378295],[-58.601102,-34.378649],[-58.60129,-34.378555]]]}},{"type":"Feature","properties":{"partida":"357017731","cca":"357000100000000000000050700000000000016000","tipo":"Urbano","sup_m2":1018.3},"geometry":{"type":"Polygon","coordinates":[[[-58.600883,-34.378764],[-58.6006,-34.378388],[-58.600408,-34.378474],[-58.600674,-34.378854],[-58.600883,-34.378764]]]}},{"type":"Feature","properties":{"partida":"357017732","cca":"357000100000000000000050700000000000017000","tipo":"Urbano","sup_m2":1011.3},"geometry":{"type":"Polygon","coordinates":[[[-58.600674,-34.378854],[-58.600408,-34.378474],[-58.60024,-34.378549],[-58.600214,-34.378558],[-58.600466,-34.378943],[-58.600674,-34.378854]]]}},{"type":"Feature","properties":{"partida":"357017733","cca":"357000100000000000000050700000000000018000","tipo":"Urbano","sup_m2":1027.7},"geometry":{"type":"Polygon","coordinates":[[[-58.600466,-34.378943],[-58.600214,-34.378558],[-58.600013,-34.378629],[-58.600258,-34.379033],[-58.600466,-34.378943]]]}},{"type":"Feature","properties":{"partida":"357017734","cca":"357000100000000000000050700000000000019000","tipo":"Urbano","sup_m2":1055.0},"geometry":{"type":"Polygon","coordinates":[[[-58.600258,-34.379033],[-58.600013,-34.378629],[-58.599813,-34.3787],[-58.600052,-34.379122],[-58.600258,-34.379033]]]}},{"type":"Feature","properties":{"partida":"357017735","cca":"357000100000000000000050700000000000020000","tipo":"Urbano","sup_m2":1040.5},"geometry":{"type":"Polygon","coordinates":[[[-58.600052,-34.379122],[-58.599813,-34.3787],[-58.599612,-34.378771],[-58.599852,-34.379194],[-58.600052,-34.379122]]]}},{"type":"Feature","properties":{"partida":"357017736","cca":"357000100000000000000050700000000000021000","tipo":"Urbano","sup_m2":1040.3},"geometry":{"type":"Polygon","coordinates":[[[-58.599852,-34.379194],[-58.599612,-34.378771],[-58.599412,-34.378842],[-58.599653,-34.379267],[-58.599852,-34.379194]]]}},{"type":"Feature","properties":{"partida":"357017737","cca":"357000100000000000000050700000000000022000","tipo":"Urbano","sup_m2":1047.7},"geometry":{"type":"Polygon","coordinates":[[[-58.599653,-34.379267],[-58.599412,-34.378842],[-58.599211,-34.378912],[-58.599454,-34.37934],[-58.599653,-34.379267]]]}},{"type":"Feature","properties":{"partida":"357017738","cca":"357000100000000000000050700000000000023000","tipo":"Urbano","sup_m2":1052.1},"geometry":{"type":"Polygon","coordinates":[[[-58.599454,-34.37934],[-58.599211,-34.378912],[-58.599011,-34.378983],[-58.599255,-34.379413],[-58.599454,-34.37934]]]}},{"type":"Feature","properties":{"partida":"357017739","cca":"357000100000000000000050700000000000024000","tipo":"Urbano","sup_m2":1146.2},"geometry":{"type":"Polygon","coordinates":[[[-58.599255,-34.379413],[-58.599011,-34.378983],[-58.598929,-34.379012],[-58.598789,-34.379049],[-58.599041,-34.379491],[-58.599255,-34.379413]]]}},{"type":"Feature","properties":{"partida":"357017740","cca":"357000100000000000000050700000000000025000","tipo":"Urbano","sup_m2":1109.6},"geometry":{"type":"Polygon","coordinates":[[[-58.599041,-34.379491],[-58.598789,-34.379049],[-58.59858,-34.379103],[-58.598842,-34.379564],[-58.599041,-34.379491]]]}},{"type":"Feature","properties":{"partida":"357008626","cca":"357000100000000000000051500000000000010000","tipo":"Rural","sup_m2":8032.5},"geometry":{"type":"Polygon","coordinates":[[[-58.596646,-34.374873],[-58.593322,-34.372927],[-58.593186,-34.372991],[-58.593142,-34.373074],[-58.59435,-34.373763],[-58.596532,-34.37503],[-58.596646,-34.374873]]]}},{"type":"Feature","properties":{"partida":"357008627","cca":"35700010000000000000005150000000000001100A","tipo":"Urbano","sup_m2":8298.9},"geometry":{"type":"Polygon","coordinates":[[[-58.596376,-34.375244],[-58.596532,-34.37503],[-58.59435,-34.373763],[-58.594152,-34.374091],[-58.596376,-34.375244]]]}},{"type":"Feature","properties":{"partida":"357008628","cca":"35700010000000000000005150000000000001100B","tipo":"Urbano","sup_m2":9554.2},"geometry":{"type":"Polygon","coordinates":[[[-58.594152,-34.374091],[-58.593926,-34.374444],[-58.596165,-34.375513],[-58.596376,-34.375244],[-58.594152,-34.374091]]]}},{"type":"Feature","properties":{"partida":"357008629","cca":"35700010000000000000005150000000000001100C","tipo":"Urbano","sup_m2":8316.6},"geometry":{"type":"Polygon","coordinates":[[[-58.593926,-34.374444],[-58.593686,-34.374819],[-58.596027,-34.375689],[-58.596165,-34.375513],[-58.593926,-34.374444]]]}},{"type":"Feature","properties":{"partida":"357008630","cca":"35700010000000000000005150000000000001100F","tipo":"Urbano","sup_m2":1873.7},"geometry":{"type":"Polygon","coordinates":[[[-58.594225,-34.373969],[-58.594286,-34.373868],[-58.593054,-34.373188],[-58.593015,-34.373224],[-58.592989,-34.373295],[-58.592988,-34.373313],[-58.594225,-34.373969]]]}},{"type":"Feature","properties":{"partida":"357008631","cca":"35700010000000000000005150000000000001100G","tipo":"Urbano","sup_m2":2148.8},"geometry":{"type":"Polygon","coordinates":[[[-58.594225,-34.373969],[-58.592988,-34.373313],[-58.593,-34.373334],[-58.593016,-34.37335],[-58.593007,-34.373368],[-58.592963,-34.373492],[-58.594152,-34.374091],[-58.594225,-34.373969]]]}},{"type":"Feature","properties":{"partida":"357008632","cca":"35700010000000000000005150000000000001100H","tipo":"Urbano","sup_m2":1473.3},"geometry":{"type":"Polygon","coordinates":[[[-58.592919,-34.373607],[-58.5941,-34.374172],[-58.594152,-34.374091],[-58.592963,-34.373492],[-58.592924,-34.373577],[-58.592919,-34.373607]]]}},{"type":"Feature","properties":{"partida":"357008633","cca":"35700010000000000000005150000000000001100I","tipo":"Urbano","sup_m2":1286.9},"geometry":{"type":"Polygon","coordinates":[[[-58.59405,-34.37425],[-58.5941,-34.374172],[-58.592919,-34.373607],[-58.592866,-34.373642],[-58.592824,-34.373648],[-58.592807,-34.373643],[-58.592785,-34.373642],[-58.592781,-34.373648],[-58.59405,-34.37425]]]}},{"type":"Feature","properties":{"partida":"357008634","cca":"35700010000000000000005150000000000001100J","tipo":"Urbano","sup_m2":1229.9},"geometry":{"type":"Polygon","coordinates":[[[-58.59405,-34.37425],[-58.592781,-34.373648],[-58.592735,-34.373737],[-58.594011,-34.37431],[-58.59405,-34.37425]]]}},{"type":"Feature","properties":{"partida":"357008635","cca":"35700010000000000000005150000000000001100K","tipo":"Urbano","sup_m2":1254.0},"geometry":{"type":"Polygon","coordinates":[[[-58.593966,-34.374382],[-58.594011,-34.37431],[-58.592735,-34.373737],[-58.592724,-34.373836],[-58.593966,-34.374382]]]}},{"type":"Feature","properties":{"partida":"357008636","cca":"35700010000000000000005150000000000001100M","tipo":"Urbano","sup_m2":1341.5},"geometry":{"type":"Polygon","coordinates":[[[-58.593966,-34.374382],[-58.592724,-34.373836],[-58.592687,-34.373954],[-58.593926,-34.374444],[-58.593966,-34.374382]]]}},{"type":"Feature","properties":{"partida":"357008639","cca":"35700010000000000000005150000000000001100Q","tipo":"Urbano","sup_m2":1502.7},"geometry":{"type":"Polygon","coordinates":[[[-58.593722,-34.374763],[-58.593787,-34.374661],[-58.592482,-34.374228],[-58.592457,-34.374268],[-58.59242,-34.374309],[-58.593722,-34.374763]]]}},{"type":"Feature","properties":{"partida":"357008640","cca":"35700010000000000000005150000000000001100R","tipo":"Urbano","sup_m2":1042.8},"geometry":{"type":"Polygon","coordinates":[[[-58.593722,-34.374763],[-58.59242,-34.374309],[-58.592436,-34.374372],[-58.592475,-34.374416],[-58.593341,-34.374709],[-58.593686,-34.374819],[-58.593722,-34.374763]]]}},{"type":"Feature","properties":{"partida":"357008641","cca":"35700010000000000000005150000000000001100S","tipo":"Urbano","sup_m2":1900.8},"geometry":{"type":"Polygon","coordinates":[[[-58.59435,-34.373763],[-58.593142,-34.373074],[-58.593104,-34.373118],[-58.593054,-34.373188],[-58.594286,-34.373868],[-58.59435,-34.373763]]]}},{"type":"Feature","properties":{"partida":"357008637","cca":"35700010000000000000005150000000000001100V","tipo":"Urbano","sup_m2":2093.5},"geometry":{"type":"Polygon","coordinates":[[[-58.592614,-34.374094],[-58.593844,-34.374572],[-58.593926,-34.374444],[-58.592687,-34.373954],[-58.59263,-34.374011],[-58.592613,-34.374046],[-58.592614,-34.374094]]]}},{"type":"Feature","properties":{"partida":"357008638","cca":"35700010000000000000005150000000000001100W","tipo":"Urbano","sup_m2":1869.5},"geometry":{"type":"Polygon","coordinates":[[[-58.592482,-34.374228],[-58.593787,-34.374661],[-58.593844,-34.374572],[-58.592614,-34.374094],[-58.592554,-34.374149],[-58.59255,-34.374202],[-58.592482,-34.374228]]]}},{"type":"Feature","properties":{"partida":"357017588","cca":"35700010000000000000005150000000000001200A","tipo":"Rural","sup_m2":1759.5},"geometry":{"type":"Polygon","coordinates":[[[-58.592475,-34.374416],[-58.592436,-34.374452],[-58.592401,-34.374501],[-58.592382,-34.37454],[-58.592373,-34.374578],[-58.593292,-34.37488],[-58.593341,-34.374709],[-58.592475,-34.374416]]]}},{"type":"Feature","properties":{"partida":"357017589","cca":"35700010000000000000005150000000000001200B","tipo":"Urbano","sup_m2":1771.8},"geometry":{"type":"Polygon","coordinates":[[[-58.593292,-34.37488],[-58.592373,-34.374578],[-58.592328,-34.37463],[-58.592305,-34.374674],[-58.592277,-34.374737],[-58.593244,-34.375037],[-58.593292,-34.37488]]]}},{"type":"Feature","properties":{"partida":"357017590","cca":"35700010000000000000005150000000000001200C","tipo":"Rural","sup_m2":1806.7},"geometry":{"type":"Polygon","coordinates":[[[-58.593197,-34.375194],[-58.593244,-34.375037],[-58.592277,-34.374737],[-58.592255,-34.374792],[-58.592248,-34.374831],[-58.592234,-34.374882],[-58.592236,-34.374917],[-58.592284,-34.374933],[-58.593197,-34.375194]]]}},{"type":"Feature","properties":{"partida":"357017591","cca":"35700010000000000000005150000000000001200D","tipo":"Rural","sup_m2":1791.4},"geometry":{"type":"Polygon","coordinates":[[[-58.593149,-34.375352],[-58.593197,-34.375194],[-58.592284,-34.374933],[-58.592236,-34.374917],[-58.592216,-34.374949],[-58.592198,-34.37499],[-58.592193,-34.375096],[-58.592243,-34.375112],[-58.593149,-34.375352]]]}},{"type":"Feature","properties":{"partida":"357017592","cca":"35700010000000000000005150000000000001200E","tipo":"Rural","sup_m2":1763.3},"geometry":{"type":"Polygon","coordinates":[[[-58.592151,-34.375274],[-58.592202,-34.375291],[-58.593101,-34.375509],[-58.593149,-34.375352],[-58.592243,-34.375112],[-58.592193,-34.375096],[-58.592155,-34.375187],[-58.592151,-34.375274]]]}},{"type":"Feature","properties":{"partida":"357008642","cca":"35700010000000000000005150000000000001200F","tipo":"Rural","sup_m2":41100.0},"geometry":{"type":"Polygon","coordinates":[[[-58.595275,-34.376647],[-58.596027,-34.375689],[-58.593686,-34.374819],[-58.593341,-34.374709],[-58.593292,-34.37488],[-58.593101,-34.375509],[-58.592151,-34.375274],[-58.592141,-34.375318],[-58.592134,-34.375417],[-58.592118,-34.375443],[-58.592103,-34.375483],[-58.592063,-34.375571],[-58.593029,-34.375743],[-58.592837,-34.376372],[-58.593211,-34.376406],[-58.595275,-34.376647]]]}},{"type":"Feature","properties":{"partida":"357017593","cca":"35700010000000000000005150000000000001200G","tipo":"Rural","sup_m2":1737.1},"geometry":{"type":"Polygon","coordinates":[[[-58.592981,-34.375901],[-58.593029,-34.375743],[-58.592063,-34.375571],[-58.592046,-34.375612],[-58.59202,-34.375749],[-58.592981,-34.375901]]]}},{"type":"Feature","properties":{"partida":"357017594","cca":"35700010000000000000005150000000000001200H","tipo":"Rural","sup_m2":1691.8},"geometry":{"type":"Polygon","coordinates":[[[-58.592933,-34.376058],[-58.592981,-34.375901],[-58.59202,-34.375749],[-58.591997,-34.375803],[-58.591979,-34.375923],[-58.592933,-34.376058]]]}},{"type":"Feature","properties":{"partida":"357017595","cca":"35700010000000000000005150000000000001200K","tipo":"Rural","sup_m2":1694.4},"geometry":{"type":"Polygon","coordinates":[[[-58.592933,-34.376058],[-58.591979,-34.375923],[-58.591942,-34.376048],[-58.591937,-34.376102],[-58.592885,-34.376215],[-58.592933,-34.376058]]]}},{"type":"Feature","properties":{"partida":"357017596","cca":"35700010000000000000005150000000000001200M","tipo":"Rural","sup_m2":1670.2},"geometry":{"type":"Polygon","coordinates":[[[-58.591911,-34.376283],[-58.592837,-34.376372],[-58.592885,-34.376215],[-58.591937,-34.376102],[-58.59192,-34.376151],[-58.591912,-34.37622],[-58.591911,-34.376283]]]}},{"type":"Feature","properties":{"partida":"357008643","cca":"35700010000000000000005150000000000001300A","tipo":"Urbano","sup_m2":2427.7},"geometry":{"type":"Polygon","coordinates":[[[-58.592234,-34.370213],[-58.592468,-34.370409],[-58.592414,-34.370574],[-58.592899,-34.370495],[-58.592874,-34.370373],[-58.59263,-34.369953],[-58.592553,-34.369924],[-58.592234,-34.370213]]]}},{"type":"Feature","properties":{"partida":"357008644","cca":"35700010000000000000005150000000000001300B","tipo":"Urbano","sup_m2":598.0},"geometry":{"type":"Polygon","coordinates":[[[-58.592234,-34.370213],[-58.592141,-34.370405],[-58.592414,-34.370574],[-58.592468,-34.370409],[-58.592234,-34.370213]]]}},{"type":"Feature","properties":{"partida":"357008645","cca":"35700010000000000000005150000000000001300C","tipo":"Urbano","sup_m2":678.1},"geometry":{"type":"Polygon","coordinates":[[[-58.591959,-34.370486],[-58.592359,-34.37074],[-58.592414,-34.370574],[-58.592141,-34.370405],[-58.591959,-34.370486]]]}},{"type":"Feature","properties":{"partida":"357008646","cca":"35700010000000000000005150000000000001300D","tipo":"Urbano","sup_m2":901.5},"geometry":{"type":"Polygon","coordinates":[[[-58.591843,-34.370625],[-58.592305,-34.370905],[-58.592359,-34.37074],[-58.591959,-34.370486],[-58.591843,-34.370625]]]}},{"type":"Feature","properties":{"partida":"357008647","cca":"35700010000000000000005150000000000001300E","tipo":"Urbano","sup_m2":921.1},"geometry":{"type":"Polygon","coordinates":[[[-58.591744,-34.370734],[-58.592251,-34.37107],[-58.592305,-34.370905],[-58.591843,-34.370625],[-58.591744,-34.370734]]]}},{"type":"Feature","properties":{"partida":"357008648","cca":"35700010000000000000005150000000000001300F","tipo":"Urbano","sup_m2":1294.7},"geometry":{"type":"Polygon","coordinates":[[[-58.591571,-34.370884],[-58.592196,-34.371235],[-58.592251,-34.37107],[-58.591744,-34.370734],[-58.591654,-34.370827],[-58.591571,-34.370884]]]}},{"type":"Feature","properties":{"partida":"357008649","cca":"35700010000000000000005150000000000001300G","tipo":"Urbano","sup_m2":1071.2},"geometry":{"type":"Polygon","coordinates":[[[-58.591484,-34.370958],[-58.592142,-34.3714],[-58.592196,-34.371235],[-58.591571,-34.370884],[-58.591484,-34.370958]]]}},{"type":"Feature","properties":{"partida":"357008650","cca":"35700010000000000000005150000000000001300H","tipo":"Urbano","sup_m2":1375.1},"geometry":{"type":"Polygon","coordinates":[[[-58.591386,-34.371086],[-58.592088,-34.371566],[-58.592142,-34.3714],[-58.591484,-34.370958],[-58.591386,-34.371086]]]}},{"type":"Feature","properties":{"partida":"357008651","cca":"35700010000000000000005150000000000001300J","tipo":"Urbano","sup_m2":3093.2},"geometry":{"type":"Polygon","coordinates":[[[-58.591161,-34.371319],[-58.591949,-34.37189],[-58.592088,-34.371566],[-58.591386,-34.371086],[-58.591161,-34.371319]]]}},{"type":"Feature","properties":{"partida":"357008652","cca":"35700010000000000000005150000000000001300K","tipo":"Urbano","sup_m2":2047.9},"geometry":{"type":"Polygon","coordinates":[[[-58.591161,-34.371319],[-58.591071,-34.371429],[-58.591051,-34.371471],[-58.591089,-34.371509],[-58.591283,-34.37162],[-58.591376,-34.371729],[-58.591835,-34.372084],[-58.591949,-34.37189],[-58.591161,-34.371319]]]}},{"type":"Feature","properties":{"partida":"357008653","cca":"35700010000000000000005150000000000001300M","tipo":"Urbano","sup_m2":762.5},"geometry":{"type":"Polygon","coordinates":[[[-58.592857,-34.37065],[-58.592899,-34.370495],[-58.592414,-34.370574],[-58.592359,-34.37074],[-58.592857,-34.37065]]]}},{"type":"Feature","properties":{"partida":"357008654","cca":"35700010000000000000005150000000000001300N","tipo":"Urbano","sup_m2":795.0},"geometry":{"type":"Polygon","coordinates":[[[-58.592819,-34.37081],[-58.592857,-34.37065],[-58.592359,-34.37074],[-58.592305,-34.370905],[-58.592819,-34.37081]]]}},{"type":"Feature","properties":{"partida":"357008656","cca":"35700010000000000000005150000000000001300P","tipo":"Urbano","sup_m2":912.5},"geometry":{"type":"Polygon","coordinates":[[[-58.592818,-34.370987],[-58.59281,-34.370897],[-58.592819,-34.37081],[-58.592305,-34.370905],[-58.592251,-34.37107],[-58.592818,-34.370987]]]}},{"type":"Feature","properties":{"partida":"357008655","cca":"35700010000000000000005150000000000001300Q","tipo":"Urbano","sup_m2":962.4},"geometry":{"type":"Polygon","coordinates":[[[-58.592878,-34.371123],[-58.592818,-34.370987],[-58.592251,-34.37107],[-58.592196,-34.371235],[-58.592878,-34.371123]]]}},{"type":"Feature","properties":{"partida":"357008657","cca":"35700010000000000000005150000000000001300R","tipo":"Urbano","sup_m2":1246.9},"geometry":{"type":"Polygon","coordinates":[[[-58.592887,-34.371307],[-58.592878,-34.371123],[-58.592196,-34.371235],[-58.592142,-34.3714],[-58.592887,-34.371307]]]}},{"type":"Feature","properties":{"partida":"357008658","cca":"35700010000000000000005150000000000001300S","tipo":"Urbano","sup_m2":1319.7},"geometry":{"type":"Polygon","coordinates":[[[-58.592887,-34.371307],[-58.592142,-34.3714],[-58.592088,-34.371566],[-58.592904,-34.371476],[-58.592905,-34.371418],[-58.592887,-34.371307]]]}},{"type":"Feature","properties":{"partida":"357008659","cca":"35700010000000000000005150000000000001300T","tipo":"Urbano","sup_m2":2683.6},"geometry":{"type":"Polygon","coordinates":[[[-58.592954,-34.371741],[-58.592904,-34.371476],[-58.592088,-34.371566],[-58.591949,-34.37189],[-58.592954,-34.371741]]]}},{"type":"Feature","properties":{"partida":"357008660","cca":"35700010000000000000005150000000000001300U","tipo":"Urbano","sup_m2":1842.1},"geometry":{"type":"Polygon","coordinates":[[[-58.592928,-34.371912],[-58.592954,-34.371741],[-58.591949,-34.37189],[-58.591835,-34.372084],[-58.592928,-34.371912]]]}},{"type":"Feature","properties":{"partida":"357008661","cca":"35700010000000000000005150000000000001300V","tipo":"Urbano","sup_m2":1733.8},"geometry":{"type":"Polygon","coordinates":[[[-58.591835,-34.372084],[-58.591995,-34.372194],[-58.593091,-34.37209],[-58.593002,-34.372059],[-58.592926,-34.37201],[-58.592916,-34.371955],[-58.592928,-34.371912],[-58.591835,-34.372084]]]}},{"type":"Feature","properties":{"partida":"357008662","cca":"35700010000000000000005150000000000001300W","tipo":"Urbano","sup_m2":1946.9},"geometry":{"type":"Polygon","coordinates":[[[-58.593105,-34.372262],[-58.593091,-34.37209],[-58.591995,-34.372194],[-58.592201,-34.372379],[-58.593105,-34.372262]]]}},{"type":"Feature","properties":{"partida":"357008663","cca":"35700010000000000000005150000000000001300X","tipo":"Urbano","sup_m2":1445.1},"geometry":{"type":"Polygon","coordinates":[[[-58.592201,-34.372379],[-58.592352,-34.372533],[-58.593151,-34.372413],[-58.593105,-34.372262],[-58.592201,-34.372379]]]}},{"type":"Feature","properties":{"partida":"357008664","cca":"35700010000000000000005150000000000001300Y","tipo":"Urbano","sup_m2":1284.5},"geometry":{"type":"Polygon","coordinates":[[[-58.592352,-34.372533],[-58.592582,-34.372631],[-58.592953,-34.372745],[-58.593151,-34.372413],[-58.592352,-34.372533]]]}},{"type":"Feature","properties":{"partida":"357008665","cca":"357000100000000000000051500000000000014000","tipo":"Rural","sup_m2":1997.3},"geometry":{"type":"Polygon","coordinates":[[[-58.590561,-34.371678],[-58.59083,-34.371996],[-58.591256,-34.371638],[-58.590844,-34.371433],[-58.590561,-34.371678]]]}},{"type":"Feature","properties":{"partida":"357008666","cca":"35700010000000000000005150000000000001500A","tipo":"Urbano","sup_m2":7622.2},"geometry":{"type":"Polygon","coordinates":[[[-58.591007,-34.372285],[-58.592828,-34.372934],[-58.592901,-34.372805],[-58.592926,-34.372769],[-58.592283,-34.372568],[-58.59136,-34.371759],[-58.591256,-34.371638],[-58.59083,-34.371996],[-58.591007,-34.372285]]]}},{"type":"Feature","properties":{"partida":"357019562","cca":"35700010000000000000005150000000000001500B","tipo":"Urbano","sup_m2":4048.5},"geometry":{"type":"Polygon","coordinates":[[[-58.591131,-34.372653],[-58.592707,-34.373034],[-58.592828,-34.372934],[-58.591007,-34.372285],[-58.591131,-34.372653]]]}},{"type":"Feature","properties":{"partida":"357019563","cca":"35700010000000000000005150000000000001500C","tipo":"Urbano","sup_m2":2328.3},"geometry":{"type":"Polygon","coordinates":[[[-58.592622,-34.373163],[-58.592707,-34.373034],[-58.591131,-34.372653],[-58.591309,-34.372802],[-58.591325,-34.372875],[-58.592622,-34.373163]]]}},{"type":"Feature","properties":{"partida":"357019564","cca":"35700010000000000000005150000000000001500D","tipo":"Urbano","sup_m2":1929.8},"geometry":{"type":"Polygon","coordinates":[[[-58.591325,-34.372875],[-58.591308,-34.373003],[-58.592527,-34.373309],[-58.592622,-34.373163],[-58.591325,-34.372875]]]}},{"type":"Feature","properties":{"partida":null,"cca":"35700010000000000000005150000000000001500E","tipo":null,"sup_m2":2044.8},"geometry":{"type":"Polygon","coordinates":[[[-58.592463,-34.373461],[-58.592527,-34.373309],[-58.591308,-34.373003],[-58.591258,-34.37311],[-58.591252,-34.373149],[-58.592463,-34.373461]]]}},{"type":"Feature","properties":{"partida":null,"cca":"35700010000000000000005150000000000001500F","tipo":null,"sup_m2":1917.3},"geometry":{"type":"Polygon","coordinates":[[[-58.591252,-34.373149],[-58.591228,-34.373282],[-58.59236,-34.373613],[-58.592463,-34.373461],[-58.591252,-34.373149]]]}},{"type":"Feature","properties":{"partida":"357019567","cca":"35700010000000000000005150000000000001500G","tipo":"Urbano","sup_m2":1953.0},"geometry":{"type":"Polygon","coordinates":[[[-58.591228,-34.373282],[-58.591173,-34.3734],[-58.592293,-34.373797],[-58.59236,-34.373613],[-58.591228,-34.373282]]]}},{"type":"Feature","properties":{"partida":"357019568","cca":"35700010000000000000005150000000000001500H","tipo":"Urbano","sup_m2":2085.2},"geometry":{"type":"Polygon","coordinates":[[[-58.592293,-34.373797],[-58.591173,-34.3734],[-58.591141,-34.37353],[-58.59221,-34.373995],[-58.592247,-34.373894],[-58.592293,-34.373797]]]}},{"type":"Feature","properties":{"partida":"357019569","cca":"35700010000000000000005150000000000001500M","tipo":"Urbano","sup_m2":1906.3},"geometry":{"type":"Polygon","coordinates":[[[-58.591141,-34.37353],[-58.591092,-34.373685],[-58.592135,-34.37414],[-58.59221,-34.373995],[-58.591141,-34.37353]]]}},{"type":"Feature","properties":{"partida":"357019570","cca":"35700010000000000000005150000000000001500N","tipo":"Urbano","sup_m2":1625.4},"geometry":{"type":"Polygon","coordinates":[[[-58.592135,-34.37414],[-58.591092,-34.373685],[-58.591091,-34.37385],[-58.591391,-34.373971],[-58.592079,-34.37427],[-58.592135,-34.37414]]]}},{"type":"Feature","properties":{"partida":"357018005","cca":"35700010000000000000005150000000000001600A","tipo":"Urbano","sup_m2":1378.3},"geometry":{"type":"Polygon","coordinates":[[[-58.592028,-34.37437],[-58.592079,-34.37427],[-58.591391,-34.373971],[-58.591297,-34.374205],[-58.592028,-34.37437]]]}},{"type":"Feature","properties":{"partida":"357018006","cca":"35700010000000000000005150000000000001600B","tipo":"Urbano","sup_m2":2169.3},"geometry":{"type":"Polygon","coordinates":[[[-58.591979,-34.374633],[-58.592108,-34.37451],[-58.592028,-34.37437],[-58.591297,-34.374205],[-58.59122,-34.374446],[-58.591979,-34.374633]]]}},{"type":"Feature","properties":{"partida":"357018007","cca":"35700010000000000000005150000000000001600C","tipo":"Urbano","sup_m2":1445.0},"geometry":{"type":"Polygon","coordinates":[[[-58.59191,-34.37478],[-58.591979,-34.374633],[-58.59122,-34.374446],[-58.591128,-34.374631],[-58.59191,-34.37478]]]}},{"type":"Feature","properties":{"partida":"357018008","cca":"35700010000000000000005150000000000001600D","tipo":"Urbano","sup_m2":1374.0},"geometry":{"type":"Polygon","coordinates":[[[-58.591791,-34.374912],[-58.59191,-34.37478],[-58.591128,-34.374631],[-58.591079,-34.374833],[-58.591791,-34.374912]]]}},{"type":"Feature","properties":{"partida":"357018009","cca":"35700010000000000000005150000000000001600E","tipo":"Rural","sup_m2":8556.1},"geometry":{"type":"Polygon","coordinates":[[[-58.591791,-34.374912],[-58.591079,-34.374833],[-58.591128,-34.374631],[-58.59122,-34.374446],[-58.591297,-34.374205],[-58.591391,-34.373971],[-58.591091,-34.37385],[-58.590959,-34.374044],[-58.590777,-34.374499],[-58.590734,-34.374807],[-58.590719,-34.37508],[-58.590649,-34.375262],[-58.590607,-34.375467],[-58.590689,-34.375684],[-58.590701,-34.375866],[-58.59086,-34.375849],[-58.590904,-34.375632],[-58.590988,-34.375367],[-58.591013,-34.375135],[-58.591771,-34.375065],[-58.591842,-34.374998],[-58.591791,-34.374912]]]}},{"type":"Feature","properties":{"partida":"357008669","cca":"357000100000000000000051600A00000000001000","tipo":"Urbano","sup_m2":1493.0},"geometry":{"type":"Polygon","coordinates":[[[-58.585819,-34.373743],[-58.585451,-34.374073],[-58.585599,-34.37413],[-58.586272,-34.373959],[-58.585819,-34.373743]]]}},{"type":"Feature","properties":{"partida":"357008670","cca":"357000100000000000000051600A00000000002000","tipo":"Urbano","sup_m2":1147.9},"geometry":{"type":"Polygon","coordinates":[[[-58.585202,-34.373992],[-58.585264,-34.374022],[-58.585451,-34.374073],[-58.585819,-34.373743],[-58.585709,-34.373724],[-58.585672,-34.373686],[-58.585665,-34.37365],[-58.585681,-34.373589],[-58.585202,-34.373992]]]}},{"type":"Feature","properties":{"partida":"357008671","cca":"357000100000000000000051600A00000000003000","tipo":"Urbano","sup_m2":1228.7},"geometry":{"type":"Polygon","coordinates":[[[-58.585202,-34.373992],[-58.585681,-34.373589],[-58.585491,-34.373477],[-58.585022,-34.373926],[-58.585202,-34.373992]]]}},{"type":"Feature","properties":{"partida":"357008672","cca":"357000100000000000000051600A00000000004000","tipo":"Urbano","sup_m2":1123.6},"geometry":{"type":"Polygon","coordinates":[[[-58.585491,-34.373477],[-58.585356,-34.373465],[-58.585264,-34.37343],[-58.584857,-34.373855],[-58.585022,-34.373926],[-58.585491,-34.373477]]]}},{"type":"Feature","properties":{"partida":"357008673","cca":"357000100000000000000051600A00000000005000","tipo":"Urbano","sup_m2":1150.6},"geometry":{"type":"Polygon","coordinates":[[[-58.585264,-34.37343],[-58.585122,-34.373313],[-58.584683,-34.373769],[-58.584857,-34.373855],[-58.585264,-34.37343]]]}},{"type":"Feature","properties":{"partida":"357008674","cca":"357000100000000000000051600A00000000006000","tipo":"Urbano","sup_m2":1006.8},"geometry":{"type":"Polygon","coordinates":[[[-58.584566,-34.373695],[-58.584619,-34.373738],[-58.584683,-34.373769],[-58.585122,-34.373313],[-58.584988,-34.373206],[-58.584566,-34.373695]]]}},{"type":"Feature","properties":{"partida":"357008675","cca":"357000100000000000000051600A00000000007000","tipo":"Urbano","sup_m2":1285.1},"geometry":{"type":"Polygon","coordinates":[[[-58.584988,-34.373206],[-58.58472,-34.373063],[-58.584621,-34.373214],[-58.584714,-34.373269],[-58.584429,-34.373624],[-58.584566,-34.373695],[-58.584988,-34.373206]]]}},{"type":"Feature","properties":{"partida":"357008676","cca":"357000100000000000000051600B0000000000100D","tipo":"Urbano","sup_m2":28365.7},"geometry":{"type":"MultiPolygon","coordinates":[[[[-58.583553,-34.373102],[-58.583711,-34.373175],[-58.584268,-34.373488],[-58.584572,-34.373072],[-58.584385,-34.372971],[-58.584268,-34.372862],[-58.584127,-34.37278],[-58.583992,-34.372718],[-58.583908,-34.372622],[-58.583553,-34.373102]]],[[[-58.584633,-34.373781],[-58.584142,-34.373466],[-58.583603,-34.373166],[-58.583241,-34.373016],[-58.58297,-34.372923],[-58.582656,-34.373011],[-58.582348,-34.373146],[-58.582161,-34.373241],[-58.582663,-34.37394],[-58.584221,-34.374579],[-58.5843,-34.374417],[-58.584573,-34.374473],[-58.584769,-34.374149],[-58.584633,-34.373781]]]]}},{"type":"Feature","properties":{"partida":"357008679","cca":"357000100000000000000051600B00000000004000","tipo":"Urbano","sup_m2":1159.9},"geometry":{"type":"Polygon","coordinates":[[[-58.583553,-34.373102],[-58.583908,-34.372622],[-58.583732,-34.372556],[-58.583362,-34.373019],[-58.583553,-34.373102]]]}},{"type":"Feature","properties":{"partida":"357008680","cca":"357000100000000000000051600C00000000001000","tipo":"Urbano","sup_m2":1912.5},"geometry":{"type":"Polygon","coordinates":[[[-58.583031,-34.372883],[-58.583326,-34.372986],[-58.583686,-34.372545],[-58.583342,-34.372407],[-58.583031,-34.372883]]]}},{"type":"Feature","properties":{"partida":"357008681","cca":"357000100000000000000051600C00000000002000","tipo":"Urbano","sup_m2":802.7},"geometry":{"type":"Polygon","coordinates":[[[-58.583175,-34.372354],[-58.582916,-34.372878],[-58.583031,-34.372883],[-58.583342,-34.372407],[-58.583175,-34.372354]]]}},{"type":"Feature","properties":{"partida":"357008682","cca":"357000100000000000000051600C00000000003000","tipo":"Urbano","sup_m2":1117.5},"geometry":{"type":"Polygon","coordinates":[[[-58.5829,-34.372281],[-58.582824,-34.372899],[-58.582916,-34.372878],[-58.583175,-34.372354],[-58.5829,-34.372281]]]}},{"type":"Feature","properties":{"partida":"357008683","cca":"357000100000000000000051600C00000000004000","tipo":"Urbano","sup_m2":1992.6},"geometry":{"type":"Polygon","coordinates":[[[-58.582496,-34.37226],[-58.582649,-34.372979],[-58.582824,-34.372899],[-58.5829,-34.372281],[-58.582675,-34.372264],[-58.582496,-34.37226]]]}},{"type":"Feature","properties":{"partida":"357008684","cca":"357000100000000000000051600C00000000005000","tipo":"Urbano","sup_m2":1102.7},"geometry":{"type":"Polygon","coordinates":[[[-58.582496,-34.37226],[-58.582323,-34.372261],[-58.582544,-34.373027],[-58.582649,-34.372979],[-58.582496,-34.37226]]]}},{"type":"Feature","properties":{"partida":"357008685","cca":"357000100000000000000051600C00000000006000","tipo":"Urbano","sup_m2":2009.0},"geometry":{"type":"Polygon","coordinates":[[[-58.582323,-34.372261],[-58.58211,-34.372265],[-58.581976,-34.372306],[-58.582434,-34.37308],[-58.582544,-34.373027],[-58.582323,-34.372261]]]}},{"type":"Feature","properties":{"partida":"357008686","cca":"357000100000000000000051600C00000000007000","tipo":"Urbano","sup_m2":1943.2},"geometry":{"type":"Polygon","coordinates":[[[-58.581976,-34.372306],[-58.581768,-34.372401],[-58.582253,-34.37316],[-58.582434,-34.37308],[-58.581976,-34.372306]]]}},{"type":"Feature","properties":{"partida":"357008687","cca":"357000100000000000000051600C00000000008000","tipo":"Urbano","sup_m2":1854.2},"geometry":{"type":"Polygon","coordinates":[[[-58.581768,-34.372401],[-58.581582,-34.372471],[-58.582069,-34.373252],[-58.582253,-34.37316],[-58.581768,-34.372401]]]}},{"type":"Feature","properties":{"partida":"357008688","cca":"357000100000000000000051600C00000000009000","tipo":"Urbano","sup_m2":1271.3},"geometry":{"type":"Polygon","coordinates":[[[-58.581582,-34.372471],[-58.581406,-34.37256],[-58.582004,-34.373286],[-58.582069,-34.373252],[-58.581582,-34.372471]]]}},{"type":"Feature","properties":{"partida":"357008689","cca":"357000100000000000000051600C00000000010000","tipo":"Urbano","sup_m2":1259.9},"geometry":{"type":"Polygon","coordinates":[[[-58.581406,-34.37256],[-58.581259,-34.372659],[-58.581926,-34.37333],[-58.582004,-34.373286],[-58.581406,-34.37256]]]}},{"type":"Feature","properties":{"partida":"357008690","cca":"357000100000000000000051600C00000000011000","tipo":"Urbano","sup_m2":1981.3},"geometry":{"type":"Polygon","coordinates":[[[-58.581259,-34.372659],[-58.581043,-34.372806],[-58.581813,-34.373428],[-58.581926,-34.37333],[-58.581259,-34.372659]]]}},{"type":"Feature","properties":{"partida":"357008691","cca":"357000100000000000000051600C00000000012000","tipo":"Urbano","sup_m2":2043.7},"geometry":{"type":"Polygon","coordinates":[[[-58.581043,-34.372806],[-58.581028,-34.372816],[-58.580884,-34.372942],[-58.581632,-34.373544],[-58.581813,-34.373428],[-58.581043,-34.372806]]]}},{"type":"Feature","properties":{"partida":"357008692","cca":"357000100000000000000051600C00000000013000","tipo":"Urbano","sup_m2":2005.4},"geometry":{"type":"Polygon","coordinates":[[[-58.580884,-34.372942],[-58.580722,-34.373077],[-58.580864,-34.373178],[-58.581031,-34.373323],[-58.581208,-34.373465],[-58.581461,-34.373686],[-58.581566,-34.373592],[-58.581632,-34.373544],[-58.580884,-34.372942]]]}},{"type":"Feature","properties":{"partida":"357008693","cca":"357000100000000000000051600D0000000000100B","tipo":"Rural","sup_m2":61192.0},"geometry":{"type":"Polygon","coordinates":[[[-58.583242,-34.377046],[-58.583714,-34.376958],[-58.583763,-34.376597],[-58.583821,-34.376229],[-58.583974,-34.375831],[-58.584197,-34.375478],[-58.584419,-34.375217],[-58.584566,-34.375051],[-58.584696,-34.374921],[-58.584794,-34.374705],[-58.584904,-34.374649],[-58.584974,-34.374501],[-58.585143,-34.374204],[-58.585298,-34.374058],[-58.584633,-34.373781],[-58.584769,-34.374149],[-58.584573,-34.374473],[-58.5843,-34.374417],[-58.584221,-34.374579],[-58.582663,-34.37394],[-58.582161,-34.373241],[-58.581989,-34.373327],[-58.581565,-34.373636],[-58.581465,-34.373732],[-58.581325,-34.373894],[-58.581491,-34.374147],[-58.581983,-34.374695],[-58.582537,-34.375827],[-58.582982,-34.376827],[-58.583093,-34.377049],[-58.583242,-34.377046]]]}},{"type":"Feature","properties":{"partida":"357008695","cca":"35700010000000000000005170000000000000200A","tipo":"Urbano","sup_m2":3170.1},"geometry":{"type":"Polygon","coordinates":[[[-58.580852,-34.374074],[-58.58113,-34.373827],[-58.580402,-34.373344],[-58.580362,-34.373377],[-58.580153,-34.373616],[-58.580852,-34.374074]]]}},{"type":"Feature","properties":{"partida":"357017539","cca":"35700010000000000000005170000000000000200B","tipo":"Urbano","sup_m2":1664.8},"geometry":{"type":"Polygon","coordinates":[[[-58.580738,-34.374205],[-58.580852,-34.374074],[-58.580153,-34.373616],[-58.580028,-34.373803],[-58.580738,-34.374205]]]}},{"type":"Feature","properties":{"partida":"357017540","cca":"35700010000000000000005170000000000000200C","tipo":"Urbano","sup_m2":1493.4},"geometry":{"type":"Polygon","coordinates":[[[-58.58061,-34.37435],[-58.580738,-34.374205],[-58.580028,-34.373803],[-58.57994,-34.373957],[-58.58061,-34.37435]]]}},{"type":"Feature","properties":{"partida":"357017541","cca":"35700010000000000000005170000000000000200D","tipo":"Urbano","sup_m2":1830.9},"geometry":{"type":"Polygon","coordinates":[[[-58.580456,-34.374526],[-58.58061,-34.37435],[-58.57994,-34.373957],[-58.579741,-34.374088],[-58.580456,-34.374526]]]}},{"type":"Feature","properties":{"partida":"357017542","cca":"35700010000000000000005170000000000000300A","tipo":"Urbano","sup_m2":1608.0},"geometry":{"type":"Polygon","coordinates":[[[-58.580326,-34.374676],[-58.580456,-34.374526],[-58.579741,-34.374088],[-58.579671,-34.374275],[-58.580326,-34.374676]]]}},{"type":"Feature","properties":{"partida":"357017543","cca":"35700010000000000000005170000000000000300B","tipo":"Urbano","sup_m2":1440.2},"geometry":{"type":"Polygon","coordinates":[[[-58.579632,-34.374483],[-58.580193,-34.374827],[-58.580326,-34.374676],[-58.579671,-34.374275],[-58.579632,-34.374483]]]}},{"type":"Feature","properties":{"partida":"357008694","cca":"35700010000000000000005170000000000000300C","tipo":"Rural","sup_m2":31330.9},"geometry":{"type":"Polygon","coordinates":[[[-58.582982,-34.376827],[-58.582537,-34.375827],[-58.581983,-34.374695],[-58.581491,-34.374147],[-58.581325,-34.373894],[-58.58113,-34.373827],[-58.580852,-34.374074],[-58.580193,-34.374827],[-58.579632,-34.374483],[-58.579404,-34.374731],[-58.580893,-34.375352],[-58.581513,-34.375657],[-58.582982,-34.376827]]]}},{"type":"Feature","properties":{"partida":"357008696","cca":"357000100000000000000051700000000000005000","tipo":"Rural","sup_m2":84141.4},"geometry":{"type":"Polygon","coordinates":[[[-58.58125,-34.377462],[-58.581968,-34.377225],[-58.582507,-34.377067],[-58.583093,-34.377049],[-58.582982,-34.376827],[-58.581513,-34.375657],[-58.580893,-34.375352],[-58.579404,-34.374731],[-58.578901,-34.375123],[-58.578094,-34.375777],[-58.578391,-34.375958],[-58.578855,-34.37621],[-58.578945,-34.376413],[-58.579039,-34.376694],[-58.579008,-34.376967],[-58.578987,-34.377113],[-58.578841,-34.377289],[-58.578729,-34.377386],[-58.578637,-34.377541],[-58.578634,-34.377658],[-58.578662,-34.377717],[-58.578881,-34.377705],[-58.579259,-34.377663],[-58.579556,-34.377639],[-58.579857,-34.377627],[-58.580864,-34.37754],[-58.58125,-34.377462]]]}},{"type":"Feature","properties":{"partida":"357008697","cca":"357000100000000000000051700A00000000001000","tipo":"Urbano","sup_m2":3272.9},"geometry":{"type":"Polygon","coordinates":[[[-58.581325,-34.373894],[-58.581465,-34.373732],[-58.581186,-34.373526],[-58.58095,-34.373294],[-58.580697,-34.373099],[-58.580402,-34.373344],[-58.58113,-34.373827],[-58.581325,-34.373894]]]}},{"type":"Feature","properties":{"partida":"357008698","cca":"35700010000000000000005180000000000000100A","tipo":"Rural","sup_m2":31968.0},"geometry":{"type":"Polygon","coordinates":[[[-58.593256,-34.376718],[-58.593409,-34.378046],[-58.595517,-34.378041],[-58.595275,-34.376647],[-58.593211,-34.376406],[-58.593256,-34.376718]]]}},{"type":"Feature","properties":{"partida":"357019542","cca":"35700010000000000000005180000000000000100B","tipo":"Urbano","sup_m2":4014.3},"geometry":{"type":"Polygon","coordinates":[[[-58.593256,-34.376718],[-58.593211,-34.376406],[-58.591911,-34.376283],[-58.591917,-34.376574],[-58.593256,-34.376718]]]}},{"type":"Feature","properties":{"partida":"357019543","cca":"35700010000000000000005180000000000000100C","tipo":"Urbano","sup_m2":4262.0},"geometry":{"type":"Polygon","coordinates":[[[-58.593281,-34.376931],[-58.593256,-34.376718],[-58.591917,-34.376574],[-58.591893,-34.376835],[-58.591896,-34.376972],[-58.593281,-34.376931]]]}},{"type":"Feature","properties":{"partida":"357000772","cca":"35700010000000000000005180000000000000200A","tipo":"Urbano","sup_m2":2615.3},"geometry":{"type":"Polygon","coordinates":[[[-58.593281,-34.376931],[-58.591896,-34.376972],[-58.591923,-34.377076],[-58.59193,-34.377148],[-58.593303,-34.377126],[-58.593281,-34.376931]]]}},{"type":"Feature","properties":{"partida":"357019544","cca":"35700010000000000000005180000000000000200B","tipo":"Urbano","sup_m2":2646.2},"geometry":{"type":"Polygon","coordinates":[[[-58.593303,-34.377126],[-58.59193,-34.377148],[-58.5919,-34.377334],[-58.593324,-34.377311],[-58.593303,-34.377126]]]}},{"type":"Feature","properties":{"partida":"357019545","cca":"35700010000000000000005180000000000000200C","tipo":"Urbano","sup_m2":2491.6},"geometry":{"type":"Polygon","coordinates":[[[-58.593345,-34.377489],[-58.593324,-34.377311],[-58.5919,-34.377334],[-58.591947,-34.377501],[-58.593345,-34.377489]]]}},{"type":"Feature","properties":{"partida":"357000773","cca":"35700010000000000000005180000000000000300A","tipo":"Urbano","sup_m2":2433.7},"geometry":{"type":"Polygon","coordinates":[[[-58.593345,-34.377489],[-58.591947,-34.377501],[-58.591939,-34.377616],[-58.59199,-34.37765],[-58.593367,-34.377679],[-58.593345,-34.377489]]]}},{"type":"Feature","properties":{"partida":"357019546","cca":"35700010000000000000005180000000000000300B","tipo":"Urbano","sup_m2":2677.0},"geometry":{"type":"Polygon","coordinates":[[[-58.593388,-34.37786],[-58.593367,-34.377679],[-58.59199,-34.37765],[-58.591962,-34.377682],[-58.59197,-34.377715],[-58.591998,-34.377736],[-58.592034,-34.377755],[-58.592055,-34.377787],[-58.592102,-34.377786],[-58.592145,-34.377815],[-58.592156,-34.377866],[-58.593388,-34.37786]]]}},{"type":"Feature","properties":{"partida":"357019547","cca":"35700010000000000000005180000000000000300C","tipo":"Urbano","sup_m2":2210.6},"geometry":{"type":"Polygon","coordinates":[[[-58.593388,-34.37786],[-58.592156,-34.377866],[-58.592222,-34.378038],[-58.593409,-34.378046],[-58.593388,-34.37786]]]}},{"type":"Feature","properties":{"partida":"357008699","cca":"357000100000000000000051800000000000004000","tipo":"Urbano","sup_m2":9374.3},"geometry":{"type":"Polygon","coordinates":[[[-58.593409,-34.378046],[-58.592222,-34.378038],[-58.592279,-34.378321],[-58.59559,-34.378321],[-58.595517,-34.378041],[-58.593409,-34.378046]]]}},{"type":"Feature","properties":{"partida":"357008700","cca":"35700010000000000000005180000000000000500A","tipo":"Rural","sup_m2":47173.1},"geometry":{"type":"Polygon","coordinates":[[[-58.59246,-34.378929],[-58.59297,-34.378972],[-58.592921,-34.379171],[-58.59239,-34.379131],[-58.592441,-34.379305],[-58.592434,-34.379335],[-58.592419,-34.379366],[-58.592397,-34.379385],[-58.592402,-34.37941],[-58.592431,-34.379437],[-58.592418,-34.379465],[-58.592453,-34.379474],[-58.592461,-34.379486],[-58.592424,-34.379494],[-58.592442,-34.379527],[-58.592464,-34.379557],[-58.592454,-34.379571],[-58.592456,-34.379609],[-58.592485,-34.379653],[-58.592507,-34.379722],[-58.592541,-34.379854],[-58.592523,-34.379886],[-58.592532,-34.379927],[-58.592532,-34.379957],[-58.592527,-34.379985],[-58.592557,-34.380028],[-58.592589,-34.380082],[-58.592647,-34.380092],[-58.592699,-34.380083],[-58.592728,-34.380129],[-58.592713,-34.380192],[-58.592636,-34.380259],[-58.592694,-34.380316],[-58.592889,-34.380268],[-58.593037,-34.380115],[-58.593072,-34.380084],[-58.593112,-34.380092],[-58.593169,-34.380088],[-58.59319,-34.380052],[-58.593236,-34.380009],[-58.593244,-34.379978],[-58.593277,-34.379947],[-58.593363,-34.379904],[-58.593403,-34.379872],[-58.593478,-34.379893],[-58.593524,-34.37987],[-58.593558,-34.379867],[-58.593572,-34.379889],[-58.593606,-34.379893],[-58.593647,-34.379851],[-58.593691,-34.379862],[-58.59372,-34.379892],[-58.593741,-34.379898],[-58.593778,-34.379881],[-58.593844,-34.379863],[-58.5939,-34.379852],[-58.593911,-34.379827],[-58.593905,-34.37979],[-58.593932,-34.379765],[-58.59396,-34.37975],[-58.594003,-34.379766],[-58.594013,-34.379739],[-58.594034,-34.379729],[-58.594052,-34.379779],[-58.594075,-34.379767],[-58.594106,-34.379743],[-58.59408,-34.379688],[-58.594127,-34.379677],[-58.594149,-34.379689],[-58.594166,-34.379689],[-58.594179,-34.379675],[-58.594218,-34.379649],[-58.594278,-34.379637],[-58.594325,-34.379642],[-58.594333,-34.379614],[-58.594357,-34.37959],[-58.594373,-34.379567],[-58.594439,-34.379575],[-58.594473,-34.379597],[-58.594477,-34.379572],[-58.594504,-34.379578],[-58.594537,-34.379595],[-58.594588,-34.379578],[-58.594615,-34.379539],[-58.594622,-34.379502],[-58.594721,-34.379504],[-58.595497,-34.379379],[-58.595725,-34.379357],[-58.595851,-34.37932],[-58.59559,-34.378321],[-58.592279,-34.378321],[-58.592243,-34.37842],[-58.592193,-34.378438],[-58.592177,-34.378476],[-58.592199,-34.378521],[-58.592233,-34.37855],[-58.592283,-34.378571],[-58.592325,-34.378605],[-58.592345,-34.378653],[-58.592353,-34.378686],[-58.592375,-34.378727],[-58.592411,-34.378774],[-58.592424,-34.378811],[-58.592417,-34.378836],[-58.59246,-34.378929]]]}},{"type":"Feature","properties":{"partida":"357008701","cca":"35700010000000000000005180000000000000600A","tipo":"Rural","sup_m2":1088.2},"geometry":{"type":"Polygon","coordinates":[[[-58.59246,-34.378929],[-58.59239,-34.379131],[-58.592921,-34.379171],[-58.59297,-34.378972],[-58.59246,-34.378929]]]}},{"type":"Feature","properties":{"partida":"357008702","cca":"357000100000000000000051900000000000001000","tipo":"Urbano","sup_m2":2354.6},"geometry":{"type":"Polygon","coordinates":[[[-58.591131,-34.372653],[-58.591007,-34.372285],[-58.59083,-34.371996],[-58.590561,-34.371678],[-58.590414,-34.37177],[-58.590438,-34.371925],[-58.591035,-34.372646],[-58.591131,-34.372653]]]}},{"type":"Feature","properties":{"partida":"357008703","cca":"357000100000000000000051900000000000002000","tipo":"Urbano","sup_m2":1877.5},"geometry":{"type":"Polygon","coordinates":[[[-58.590438,-34.371925],[-58.590298,-34.372112],[-58.590871,-34.372738],[-58.591035,-34.372646],[-58.590438,-34.371925]]]}},{"type":"Feature","properties":{"partida":"357008704","cca":"357000100000000000000051900000000000003000","tipo":"Urbano","sup_m2":1809.4},"geometry":{"type":"Polygon","coordinates":[[[-58.590298,-34.372112],[-58.590138,-34.372275],[-58.590722,-34.372873],[-58.590792,-34.372767],[-58.590871,-34.372738],[-58.590298,-34.372112]]]}},{"type":"Feature","properties":{"partida":"357008705","cca":"357000100000000000000051900000000000004000","tipo":"Urbano","sup_m2":2106.2},"geometry":{"type":"Polygon","coordinates":[[[-58.590138,-34.372275],[-58.589941,-34.372395],[-58.590535,-34.373045],[-58.590722,-34.372873],[-58.590138,-34.372275]]]}},{"type":"Feature","properties":{"partida":"357008706","cca":"357000100000000000000051900000000000005000","tipo":"Urbano","sup_m2":1649.5},"geometry":{"type":"Polygon","coordinates":[[[-58.589781,-34.372488],[-58.590403,-34.373167],[-58.590535,-34.373045],[-58.589941,-34.372395],[-58.589852,-34.372452],[-58.589781,-34.372488]]]}},{"type":"Feature","properties":{"partida":"357008707","cca":"357000100000000000000051900000000000006000","tipo":"Urbano","sup_m2":1704.1},"geometry":{"type":"Polygon","coordinates":[[[-58.589781,-34.372488],[-58.589614,-34.372564],[-58.590281,-34.373293],[-58.590403,-34.373167],[-58.589781,-34.372488]]]}},{"type":"Feature","properties":{"partida":"357008708","cca":"357000100000000000000051900000000000007000","tipo":"Urbano","sup_m2":1765.2},"geometry":{"type":"Polygon","coordinates":[[[-58.589614,-34.372564],[-58.589476,-34.372671],[-58.590155,-34.373412],[-58.590281,-34.373293],[-58.589614,-34.372564]]]}},{"type":"Feature","properties":{"partida":"357008709","cca":"357000100000000000000051900000000000008000","tipo":"Urbano","sup_m2":1819.0},"geometry":{"type":"Polygon","coordinates":[[[-58.589476,-34.372671],[-58.589341,-34.372783],[-58.590028,-34.373534],[-58.590155,-34.373412],[-58.589476,-34.372671]]]}},{"type":"Feature","properties":{"partida":"357008710","cca":"357000100000000000000051900000000000009000","tipo":"Urbano","sup_m2":6126.3},"geometry":{"type":"Polygon","coordinates":[[[-58.589341,-34.372783],[-58.588875,-34.373154],[-58.589487,-34.373872],[-58.590028,-34.373534],[-58.589341,-34.372783]]]}},{"type":"Feature","properties":{"partida":"357008711","cca":"357000100000000000000051900000000000010000","tipo":"Urbano","sup_m2":2228.4},"geometry":{"type":"Polygon","coordinates":[[[-58.588718,-34.373276],[-58.589289,-34.374047],[-58.58938,-34.373953],[-58.589487,-34.373872],[-58.588875,-34.373154],[-58.588718,-34.373276]]]}},{"type":"Feature","properties":{"partida":"357008712","cca":"357000100000000000000051900000000000011000","tipo":"Urbano","sup_m2":2147.8},"geometry":{"type":"Polygon","coordinates":[[[-58.588404,-34.37328],[-58.589166,-34.374139],[-58.589289,-34.374047],[-58.588718,-34.373276],[-58.588404,-34.37328]]]}},{"type":"Feature","properties":{"partida":"357008713","cca":"357000100000000000000051900000000000012000","tipo":"Urbano","sup_m2":4330.3},"geometry":{"type":"Polygon","coordinates":[[[-58.588165,-34.373594],[-58.588926,-34.374412],[-58.589166,-34.374139],[-58.588404,-34.37328],[-58.588165,-34.373594]]]}},{"type":"Feature","properties":{"partida":"357008715","cca":"35700010000000000000005190000000000001300B","tipo":"Urbano","sup_m2":3064.2},"geometry":{"type":"Polygon","coordinates":[[[-58.587263,-34.374027],[-58.587022,-34.374045],[-58.587767,-34.375229],[-58.587963,-34.375096],[-58.587263,-34.374027]]]}},{"type":"Feature","properties":{"partida":"357008716","cca":"35700010000000000000005190000000000001300C","tipo":"Rural","sup_m2":197198.0},"geometry":{"type":"Polygon","coordinates":[[[-58.587022,-34.374045],[-58.586856,-34.374053],[-58.586417,-34.373973],[-58.586,-34.374077],[-58.585704,-34.374147],[-58.585597,-34.374168],[-58.585298,-34.374058],[-58.585143,-34.374204],[-58.584974,-34.374501],[-58.584904,-34.374649],[-58.584794,-34.374705],[-58.584696,-34.374921],[-58.584566,-34.375051],[-58.584419,-34.375217],[-58.584197,-34.375478],[-58.583974,-34.375831],[-58.583821,-34.376229],[-58.583763,-34.376597],[-58.583714,-34.376958],[-58.583769,-34.377135],[-58.584036,-34.377768],[-58.584701,-34.377547],[-58.585177,-34.3776],[-58.585372,-34.377779],[-58.585691,-34.378181],[-58.586098,-34.378827],[-58.586301,-34.379087],[-58.587302,-34.380151],[-58.587673,-34.38052],[-58.58819,-34.38056],[-58.588612,-34.3803],[-58.588906,-34.380126],[-58.589384,-34.379987],[-58.59036,-34.379869],[-58.59031,-34.379626],[-58.589802,-34.379168],[-58.589239,-34.37871],[-58.588636,-34.378047],[-58.588173,-34.37762],[-58.58716,-34.376778],[-58.586809,-34.37637],[-58.586716,-34.376171],[-58.586709,-34.376064],[-58.586837,-34.375867],[-58.587108,-34.375686],[-58.587487,-34.37542],[-58.587767,-34.375229],[-58.587022,-34.374045]]]}},{"type":"Feature","properties":{"partida":"357017970","cca":"35700010000000000000005190000000000001300D","tipo":"Urbano","sup_m2":3054.6},"geometry":{"type":"Polygon","coordinates":[[[-58.588707,-34.374598],[-58.588926,-34.374412],[-58.588165,-34.373594],[-58.588076,-34.373672],[-58.587934,-34.373695],[-58.588707,-34.374598]]]}},{"type":"Feature","properties":{"partida":"357008714","cca":"35700010000000000000005190000000000001300E","tipo":"Urbano","sup_m2":3541.9},"geometry":{"type":"Polygon","coordinates":[[[-58.588411,-34.374812],[-58.588574,-34.374719],[-58.588707,-34.374598],[-58.587934,-34.373695],[-58.587696,-34.373781],[-58.588255,-34.374513],[-58.588411,-34.374812]]]}},{"type":"Feature","properties":{"partida":"357017971","cca":"35700010000000000000005190000000000001300F","tipo":"Urbano","sup_m2":3819.9},"geometry":{"type":"Polygon","coordinates":[[[-58.588411,-34.374812],[-58.588255,-34.374513],[-58.587696,-34.373781],[-58.587453,-34.37395],[-58.588159,-34.374923],[-58.588411,-34.374812]]]}},{"type":"Feature","properties":{"partida":"357017972","cca":"35700010000000000000005190000000000001300G","tipo":"Urbano","sup_m2":2906.1},"geometry":{"type":"Polygon","coordinates":[[[-58.587263,-34.374027],[-58.587963,-34.375096],[-58.588159,-34.374923],[-58.587453,-34.37395],[-58.587263,-34.374027]]]}},{"type":"Feature","properties":{"partida":"357008717","cca":"35700010000000000000005190000000000001400A","tipo":"Rural","sup_m2":146222.3},"geometry":{"type":"Polygon","coordinates":[[[-58.590956,-34.377673],[-58.590926,-34.377496],[-58.590809,-34.377125],[-58.590779,-34.376858],[-58.590782,-34.376774],[-58.590807,-34.376733],[-58.590869,-34.376729],[-58.590958,-34.376741],[-58.591022,-34.376726],[-58.591064,-34.376681],[-58.591094,-34.376637],[-58.591022,-34.37648],[-58.590862,-34.376463],[-58.590699,-34.376311],[-58.590631,-34.376083],[-58.590701,-34.375866],[-58.590689,-34.375684],[-58.590607,-34.375467],[-58.590649,-34.375262],[-58.590719,-34.37508],[-58.590734,-34.374807],[-58.590777,-34.374499],[-58.590959,-34.374044],[-58.591091,-34.37385],[-58.591092,-34.373685],[-58.591141,-34.37353],[-58.591173,-34.3734],[-58.591228,-34.373282],[-58.591258,-34.37311],[-58.591308,-34.373003],[-58.591325,-34.372875],[-58.591309,-34.372802],[-58.591131,-34.372653],[-58.591035,-34.372646],[-58.590871,-34.372738],[-58.590792,-34.372767],[-58.590722,-34.372873],[-58.590403,-34.373167],[-58.590281,-34.373293],[-58.590028,-34.373534],[-58.589487,-34.373872],[-58.58938,-34.373953],[-58.589289,-34.374047],[-58.589166,-34.374139],[-58.588926,-34.374412],[-58.588707,-34.374598],[-58.588574,-34.374719],[-58.588411,-34.374812],[-58.588159,-34.374923],[-58.587963,-34.375096],[-58.587487,-34.37542],[-58.587108,-34.375686],[-58.586837,-34.375867],[-58.586709,-34.376064],[-58.586716,-34.376171],[-58.586809,-34.37637],[-58.58716,-34.376778],[-58.588173,-34.37762],[-58.588636,-34.378047],[-58.589239,-34.37871],[-58.589699,-34.379085],[-58.589998,-34.378622],[-58.590093,-34.378374],[-58.590163,-34.378147],[-58.590219,-34.378049],[-58.59036,-34.377939],[-58.590436,-34.377931],[-58.590594,-34.377974],[-58.590734,-34.378021],[-58.590773,-34.378009],[-58.590886,-34.37791],[-58.590929,-34.377836],[-58.590956,-34.377673]]]}},{"type":"Feature","properties":{"partida":"357017999","cca":"35700010000000000000005190000000000001500A","tipo":"Urbano","sup_m2":1853.1},"geometry":{"type":"Polygon","coordinates":[[[-58.591771,-34.375065],[-58.591013,-34.375135],[-58.590988,-34.375367],[-58.591709,-34.37533],[-58.591771,-34.375065]]]}},{"type":"Feature","properties":{"partida":"357018000","cca":"35700010000000000000005190000000000001500B","tipo":"Urbano","sup_m2":1899.4},"geometry":{"type":"Polygon","coordinates":[[[-58.590988,-34.375367],[-58.590904,-34.375632],[-58.591626,-34.375586],[-58.591676,-34.375474],[-58.591709,-34.37533],[-58.590988,-34.375367]]]}},{"type":"Feature","properties":{"partida":"357008667","cca":"35700010000000000000005190000000000001500C","tipo":"Urbano","sup_m2":1405.8},"geometry":{"type":"Polygon","coordinates":[[[-58.591655,-34.375734],[-58.591626,-34.375586],[-58.590904,-34.375632],[-58.59086,-34.375849],[-58.591655,-34.375734]]]}},{"type":"Feature","properties":{"partida":"357018001","cca":"35700010000000000000005190000000000001500D","tipo":"Urbano","sup_m2":1732.5},"geometry":{"type":"Polygon","coordinates":[[[-58.590701,-34.375866],[-58.590649,-34.376028],[-58.59162,-34.37594],[-58.591655,-34.375734],[-58.59086,-34.375849],[-58.590701,-34.375866]]]}},{"type":"Feature","properties":{"partida":"357008718","cca":"35700010000000000000005190000000000001500E","tipo":"Urbano","sup_m2":1792.2},"geometry":{"type":"Polygon","coordinates":[[[-58.590649,-34.376028],[-58.590631,-34.376083],[-58.590666,-34.376199],[-58.591614,-34.376129],[-58.59162,-34.37594],[-58.590649,-34.376028]]]}},{"type":"Feature","properties":{"partida":"357018002","cca":"35700010000000000000005190000000000001500F","tipo":"Urbano","sup_m2":1557.2},"geometry":{"type":"Polygon","coordinates":[[[-58.590666,-34.376199],[-58.590699,-34.376311],[-58.590735,-34.376345],[-58.591634,-34.376306],[-58.591614,-34.376129],[-58.590666,-34.376199]]]}},{"type":"Feature","properties":{"partida":"357018003","cca":"35700010000000000000005190000000000001500G","tipo":"Urbano","sup_m2":1196.2},"geometry":{"type":"Polygon","coordinates":[[[-58.590735,-34.376345],[-58.590862,-34.376463],[-58.591022,-34.37648],[-58.591561,-34.376465],[-58.591634,-34.376306],[-58.590735,-34.376345]]]}},{"type":"Feature","properties":{"partida":"357018004","cca":"35700010000000000000005190000000000001500H","tipo":"Urbano","sup_m2":1087.8},"geometry":{"type":"Polygon","coordinates":[[[-58.591022,-34.37648],[-58.591094,-34.376637],[-58.591186,-34.376687],[-58.59134,-34.376717],[-58.591529,-34.376696],[-58.591561,-34.376465],[-58.591022,-34.37648]]]}},{"type":"Feature","properties":{"partida":"357008719","cca":"357000100000000000000051900000000000017000","tipo":"Urbano","sup_m2":1727.9},"geometry":{"type":"Polygon","coordinates":[[[-58.591541,-34.376874],[-58.591529,-34.376696],[-58.59134,-34.376717],[-58.591186,-34.376687],[-58.591094,-34.376637],[-58.591064,-34.376681],[-58.591022,-34.376726],[-58.590958,-34.376741],[-58.590869,-34.376729],[-58.590807,-34.376733],[-58.590782,-34.376774],[-58.590779,-34.376858],[-58.590793,-34.376989],[-58.591541,-34.376874]]]}},{"type":"Feature","properties":{"partida":"357008720","cca":"357000100000000000000051900000000000018000","tipo":"Urbano","sup_m2":1960.9},"geometry":{"type":"Polygon","coordinates":[[[-58.59084,-34.377224],[-58.591597,-34.377124],[-58.591577,-34.376936],[-58.591541,-34.376874],[-58.590793,-34.376989],[-58.590809,-34.377125],[-58.59084,-34.377224]]]}},{"type":"Feature","properties":{"partida":"357008721","cca":"357000100000000000000051900000000000019000","tipo":"Urbano","sup_m2":1617.9},"geometry":{"type":"Polygon","coordinates":[[[-58.59084,-34.377224],[-58.590909,-34.377439],[-58.591564,-34.377353],[-58.591597,-34.377124],[-58.59084,-34.377224]]]}},{"type":"Feature","properties":{"partida":"357008722","cca":"357000100000000000000051900000000000020000","tipo":"Urbano","sup_m2":1549.9},"geometry":{"type":"Polygon","coordinates":[[[-58.590909,-34.377439],[-58.590926,-34.377496],[-58.590956,-34.377673],[-58.591554,-34.377601],[-58.591564,-34.377353],[-58.590909,-34.377439]]]}},{"type":"Feature","properties":{"partida":"357008723","cca":"357000100000000000000051900000000000021000","tipo":"Urbano","sup_m2":3024.7},"geometry":{"type":"Polygon","coordinates":[[[-58.590956,-34.377673],[-58.590929,-34.377836],[-58.590886,-34.37791],[-58.590773,-34.378009],[-58.591382,-34.378147],[-58.591501,-34.377983],[-58.591555,-34.377919],[-58.591617,-34.37791],[-58.591554,-34.377601],[-58.590956,-34.377673]]]}},{"type":"Feature","properties":{"partida":"357008724","cca":"357000100000000000000051900000000000022000","tipo":"Urbano","sup_m2":2056.5},"geometry":{"type":"Polygon","coordinates":[[[-58.590295,-34.37799],[-58.591207,-34.378424],[-58.591282,-34.378262],[-58.591382,-34.378147],[-58.590773,-34.378009],[-58.590734,-34.378021],[-58.590594,-34.377974],[-58.590436,-34.377931],[-58.59036,-34.377939],[-58.590295,-34.37799]]]}},{"type":"Feature","properties":{"partida":"357008725","cca":"357000100000000000000051900000000000023000","tipo":"Urbano","sup_m2":1401.2},"geometry":{"type":"Polygon","coordinates":[[[-58.590196,-34.378089],[-58.591152,-34.378544],[-58.591207,-34.378424],[-58.590295,-34.37799],[-58.590219,-34.378049],[-58.590196,-34.378089]]]}},{"type":"Feature","properties":{"partida":"357008726","cca":"357000100000000000000051900000000000024000","tipo":"Urbano","sup_m2":1557.9},"geometry":{"type":"Polygon","coordinates":[[[-58.59014,-34.378221],[-58.591112,-34.378683],[-58.591115,-34.378626],[-58.591152,-34.378544],[-58.590196,-34.378089],[-58.590163,-34.378147],[-58.59014,-34.378221]]]}},{"type":"Feature","properties":{"partida":"357008727","cca":"357000100000000000000051900000000000025000","tipo":"Urbano","sup_m2":1463.9},"geometry":{"type":"Polygon","coordinates":[[[-58.590101,-34.378348],[-58.591106,-34.378825],[-58.591112,-34.378683],[-58.59014,-34.378221],[-58.590101,-34.378348]]]}},{"type":"Feature","properties":{"partida":"357008728","cca":"357000100000000000000051900000000000026000","tipo":"Urbano","sup_m2":2080.3},"geometry":{"type":"Polygon","coordinates":[[[-58.590041,-34.378509],[-58.591064,-34.379015],[-58.591103,-34.378888],[-58.591106,-34.378825],[-58.590101,-34.378348],[-58.590041,-34.378509]]]}},{"type":"Feature","properties":{"partida":"357008729","cca":"357000100000000000000051900000000000027000","tipo":"Urbano","sup_m2":1812.5},"geometry":{"type":"Polygon","coordinates":[[[-58.589975,-34.378657],[-58.590911,-34.379123],[-58.591064,-34.379015],[-58.590041,-34.378509],[-58.589998,-34.378622],[-58.589975,-34.378657]]]}},{"type":"Feature","properties":{"partida":"357008730","cca":"357000100000000000000051900000000000028000","tipo":"Urbano","sup_m2":2059.3},"geometry":{"type":"Polygon","coordinates":[[[-58.589975,-34.378657],[-58.589892,-34.378786],[-58.590687,-34.379287],[-58.590911,-34.379123],[-58.589975,-34.378657]]]}},{"type":"Feature","properties":{"partida":"357008731","cca":"357000100000000000000051900000000000029000","tipo":"Urbano","sup_m2":1590.8},"geometry":{"type":"Polygon","coordinates":[[[-58.589801,-34.378927],[-58.590531,-34.379399],[-58.590687,-34.379287],[-58.589892,-34.378786],[-58.589801,-34.378927]]]}},{"type":"Feature","properties":{"partida":"357008732","cca":"357000100000000000000051900000000000030000","tipo":"Urbano","sup_m2":1669.0},"geometry":{"type":"Polygon","coordinates":[[[-58.589699,-34.379085],[-58.589843,-34.379206],[-58.590411,-34.379523],[-58.590531,-34.379399],[-58.589801,-34.378927],[-58.589699,-34.379085]]]}},{"type":"Feature","properties":{"partida":"357008733","cca":"357000100000000000000051900000000000031000","tipo":"Urbano","sup_m2":462.6},"geometry":{"type":"Polygon","coordinates":[[[-58.589843,-34.379206],[-58.59031,-34.379626],[-58.590411,-34.379523],[-58.589843,-34.379206]]]}},{"type":"Feature","properties":{"partida":"357008734","cca":"357000100000000000000052000A00000000001000","tipo":"Urbano","sup_m2":795.9},"geometry":{"type":"Polygon","coordinates":[[[-58.583332,-34.37703],[-58.583389,-34.377237],[-58.583769,-34.377135],[-58.583714,-34.376958],[-58.583332,-34.37703]]]}},{"type":"Feature","properties":{"partida":"357008735","cca":"357000100000000000000052000A00000000002000","tipo":"Urbano","sup_m2":482.6},"geometry":{"type":"Polygon","coordinates":[[[-58.583123,-34.377049],[-58.58319,-34.377291],[-58.583389,-34.377237],[-58.583332,-34.37703],[-58.583242,-34.377046],[-58.583123,-34.377049]]]}},{"type":"Feature","properties":{"partida":"357008736","cca":"357000100000000000000052000A00000000003000","tipo":"Urbano","sup_m2":901.4},"geometry":{"type":"Polygon","coordinates":[[[-58.583123,-34.377049],[-58.582914,-34.377056],[-58.583035,-34.377498],[-58.583231,-34.37744],[-58.583123,-34.377049]]]}},{"type":"Feature","properties":{"partida":"357008737","cca":"357000100000000000000052000A00000000004000","tipo":"Urbano","sup_m2":1108.9},"geometry":{"type":"Polygon","coordinates":[[[-58.582816,-34.377556],[-58.583035,-34.377498],[-58.582914,-34.377056],[-58.582686,-34.377062],[-58.582816,-34.377556]]]}},{"type":"Feature","properties":{"partida":"357008738","cca":"357000100000000000000052000A00000000005000","tipo":"Urbano","sup_m2":1119.3},"geometry":{"type":"Polygon","coordinates":[[[-58.582476,-34.377076],[-58.582619,-34.377608],[-58.582816,-34.377556],[-58.582686,-34.377062],[-58.582507,-34.377067],[-58.582476,-34.377076]]]}},{"type":"Feature","properties":{"partida":"357008739","cca":"357000100000000000000052000A00000000006000","tipo":"Urbano","sup_m2":1244.2},"geometry":{"type":"Polygon","coordinates":[[[-58.582525,-34.377637],[-58.582619,-34.377608],[-58.582476,-34.377076],[-58.582261,-34.377139],[-58.582407,-34.377665],[-58.582525,-34.377637]]]}},{"type":"Feature","properties":{"partida":"357008740","cca":"357000100000000000000052000A00000000007000","tipo":"Urbano","sup_m2":1167.3},"geometry":{"type":"Polygon","coordinates":[[[-58.582198,-34.377718],[-58.582407,-34.377665],[-58.582261,-34.377139],[-58.582063,-34.377197],[-58.582198,-34.377718]]]}},{"type":"Feature","properties":{"partida":"357008741","cca":"357000100000000000000052000A00000000008000","tipo":"Urbano","sup_m2":1178.6},"geometry":{"type":"Polygon","coordinates":[[[-58.582002,-34.377773],[-58.582198,-34.377718],[-58.582063,-34.377197],[-58.581968,-34.377225],[-58.581845,-34.377266],[-58.582002,-34.377773]]]}},{"type":"Feature","properties":{"partida":"357008742","cca":"357000100000000000000052000A00000000009000","tipo":"Urbano","sup_m2":1123.4},"geometry":{"type":"Polygon","coordinates":[[[-58.581647,-34.377331],[-58.581797,-34.377826],[-58.582002,-34.377773],[-58.581845,-34.377266],[-58.581647,-34.377331]]]}},{"type":"Feature","properties":{"partida":"357008743","cca":"357000100000000000000052000A00000000010000","tipo":"Urbano","sup_m2":1092.5},"geometry":{"type":"Polygon","coordinates":[[[-58.581647,-34.377331],[-58.58145,-34.377396],[-58.581589,-34.377875],[-58.581797,-34.377826],[-58.581647,-34.377331]]]}},{"type":"Feature","properties":{"partida":"357008744","cca":"357000100000000000000052000A00000000011000","tipo":"Urbano","sup_m2":689.8},"geometry":{"type":"Polygon","coordinates":[[[-58.580864,-34.37754],[-58.580958,-34.377639],[-58.581488,-34.377526],[-58.58145,-34.377396],[-58.58125,-34.377462],[-58.580864,-34.37754]]]}},{"type":"Feature","properties":{"partida":"357008745","cca":"357000100000000000000052000A00000000012000","tipo":"Urbano","sup_m2":897.4},"geometry":{"type":"Polygon","coordinates":[[[-58.580958,-34.377639],[-58.5811,-34.37779],[-58.581538,-34.377698],[-58.581488,-34.377526],[-58.580958,-34.377639]]]}},{"type":"Feature","properties":{"partida":"357008746","cca":"357000100000000000000052000A00000000013000","tipo":"Urbano","sup_m2":744.3},"geometry":{"type":"Polygon","coordinates":[[[-58.581589,-34.377875],[-58.581538,-34.377698],[-58.5811,-34.37779],[-58.581239,-34.377944],[-58.581589,-34.377875]]]}},{"type":"Feature","properties":{"partida":"357008747","cca":"357000100000000000000052000A00000000014000","tipo":"Urbano","sup_m2":957.4},"geometry":{"type":"Polygon","coordinates":[[[-58.581239,-34.377944],[-58.581389,-34.378254],[-58.581797,-34.377826],[-58.581589,-34.377875],[-58.581239,-34.377944]]]}},{"type":"Feature","properties":{"partida":"357008748","cca":"357000100000000000000052000A00000000015000","tipo":"Urbano","sup_m2":1534.0},"geometry":{"type":"Polygon","coordinates":[[[-58.582002,-34.377773],[-58.581797,-34.377826],[-58.581389,-34.378254],[-58.581427,-34.378338],[-58.581517,-34.378397],[-58.582165,-34.377727],[-58.582002,-34.377773]]]}},{"type":"Feature","properties":{"partida":"357008749","cca":"357000100000000000000052000A00000000016000","tipo":"Urbano","sup_m2":2113.1},"geometry":{"type":"Polygon","coordinates":[[[-58.581679,-34.378503],[-58.582525,-34.377637],[-58.582165,-34.377727],[-58.581517,-34.378397],[-58.581679,-34.378503]]]}},{"type":"Feature","properties":{"partida":"357008750","cca":"357000100000000000000052000A00000000017000","tipo":"Urbano","sup_m2":2648.1},"geometry":{"type":"Polygon","coordinates":[[[-58.581863,-34.378591],[-58.582892,-34.377536],[-58.582621,-34.377607],[-58.582525,-34.377637],[-58.581679,-34.378503],[-58.581704,-34.378519],[-58.581863,-34.378591]]]}},{"type":"Feature","properties":{"partida":"357008751","cca":"357000100000000000000052000A00000000018000","tipo":"Urbano","sup_m2":3203.8},"geometry":{"type":"Polygon","coordinates":[[[-58.583231,-34.37744],[-58.583034,-34.377498],[-58.582892,-34.377536],[-58.581863,-34.378591],[-58.582051,-34.378678],[-58.583237,-34.377463],[-58.583231,-34.37744]]]}},{"type":"Feature","properties":{"partida":"357008752","cca":"357000100000000000000052000A00000000019000","tipo":"Urbano","sup_m2":3221.4},"geometry":{"type":"Polygon","coordinates":[[[-58.58222,-34.378788],[-58.583297,-34.377677],[-58.583237,-34.377463],[-58.582051,-34.378678],[-58.58222,-34.378788]]]}},{"type":"Feature","properties":{"partida":"357008753","cca":"357000100000000000000052000A00000000020000","tipo":"Urbano","sup_m2":3014.6},"geometry":{"type":"Polygon","coordinates":[[[-58.582388,-34.378897],[-58.583358,-34.377908],[-58.583349,-34.377864],[-58.583297,-34.377677],[-58.58222,-34.378788],[-58.582388,-34.378897]]]}},{"type":"Feature","properties":{"partida":"357008754","cca":"357000100000000000000052000A00000000021000","tipo":"Urbano","sup_m2":909.2},"geometry":{"type":"Polygon","coordinates":[[[-58.583012,-34.378913],[-58.58254,-34.378742],[-58.582388,-34.378897],[-58.582483,-34.378959],[-58.582522,-34.379034],[-58.583012,-34.378913]]]}},{"type":"Feature","properties":{"partida":"357008755","cca":"357000100000000000000052000A00000000022000","tipo":"Urbano","sup_m2":1070.0},"geometry":{"type":"Polygon","coordinates":[[[-58.582612,-34.379206],[-58.583064,-34.379099],[-58.583164,-34.378969],[-58.583012,-34.378913],[-58.582522,-34.379034],[-58.582612,-34.379206]]]}},{"type":"Feature","properties":{"partida":"357008756","cca":"357000100000000000000052000A00000000023000","tipo":"Urbano","sup_m2":1028.5},"geometry":{"type":"Polygon","coordinates":[[[-58.582612,-34.379206],[-58.582674,-34.379325],[-58.582564,-34.37975],[-58.583064,-34.379099],[-58.582612,-34.379206]]]}},{"type":"Feature","properties":{"partida":"357008757","cca":"357000100000000000000052000A00000000024000","tipo":"Urbano","sup_m2":2107.3},"geometry":{"type":"Polygon","coordinates":[[[-58.583164,-34.378969],[-58.582564,-34.37975],[-58.582719,-34.379839],[-58.583395,-34.379052],[-58.583164,-34.378969]]]}},{"type":"Feature","properties":{"partida":"357008758","cca":"357000100000000000000052000A00000000025000","tipo":"Urbano","sup_m2":1670.2},"geometry":{"type":"Polygon","coordinates":[[[-58.58254,-34.378742],[-58.583395,-34.379052],[-58.583521,-34.378906],[-58.582681,-34.378599],[-58.58254,-34.378742]]]}},{"type":"Feature","properties":{"partida":"357008759","cca":"357000100000000000000052000A00000000026000","tipo":"Urbano","sup_m2":1669.3},"geometry":{"type":"Polygon","coordinates":[[[-58.582826,-34.378451],[-58.582681,-34.378599],[-58.583521,-34.378906],[-58.583646,-34.37876],[-58.582826,-34.378451]]]}},{"type":"Feature","properties":{"partida":"357008760","cca":"357000100000000000000052000A00000000027000","tipo":"Urbano","sup_m2":1609.2},"geometry":{"type":"Polygon","coordinates":[[[-58.582826,-34.378451],[-58.583646,-34.37876],[-58.583777,-34.378607],[-58.582958,-34.378316],[-58.582826,-34.378451]]]}},{"type":"Feature","properties":{"partida":"357008761","cca":"357000100000000000000052000A00000000028000","tipo":"Urbano","sup_m2":1609.5},"geometry":{"type":"Polygon","coordinates":[[[-58.582958,-34.378316],[-58.583777,-34.378607],[-58.583898,-34.378467],[-58.583107,-34.378164],[-58.582958,-34.378316]]]}},{"type":"Feature","properties":{"partida":"357008762","cca":"357000100000000000000052000A00000000029000","tipo":"Urbano","sup_m2":1627.1},"geometry":{"type":"Polygon","coordinates":[[[-58.583248,-34.37802],[-58.583107,-34.378164],[-58.583898,-34.378467],[-58.584033,-34.378309],[-58.583248,-34.37802]]]}},{"type":"Feature","properties":{"partida":"357008763","cca":"357000100000000000000052000A00000000030000","tipo":"Urbano","sup_m2":1741.3},"geometry":{"type":"Polygon","coordinates":[[[-58.584033,-34.378309],[-58.584197,-34.378119],[-58.583631,-34.377906],[-58.583542,-34.377937],[-58.583248,-34.37802],[-58.584033,-34.378309]]]}},{"type":"Feature","properties":{"partida":"357008764","cca":"357000100000000000000052000A00000000031000","tipo":"Urbano","sup_m2":1073.3},"geometry":{"type":"Polygon","coordinates":[[[-58.583631,-34.377906],[-58.584197,-34.378119],[-58.58434,-34.377958],[-58.58393,-34.377803],[-58.583631,-34.377906]]]}},{"type":"Feature","properties":{"partida":"357008765","cca":"357000100000000000000052000A00000000032000","tipo":"Urbano","sup_m2":678.5},"geometry":{"type":"Polygon","coordinates":[[[-58.58393,-34.377803],[-58.58434,-34.377958],[-58.584471,-34.377809],[-58.584209,-34.377711],[-58.58393,-34.377803]]]}},{"type":"Feature","properties":{"partida":"357008766","cca":"357000100000000000000052000A00000000033000","tipo":"Urbano","sup_m2":465.3},"geometry":{"type":"Polygon","coordinates":[[[-58.584209,-34.377711],[-58.584471,-34.377809],[-58.584701,-34.377547],[-58.584209,-34.377711]]]}},{"type":"Feature","properties":{"partida":"357008767","cca":"357000100000000000000052000A00000000034000","tipo":"Urbano","sup_m2":1331.0},"geometry":{"type":"Polygon","coordinates":[[[-58.583329,-34.377791],[-58.583358,-34.377908],[-58.583248,-34.37802],[-58.583542,-34.377937],[-58.584036,-34.377768],[-58.583972,-34.377616],[-58.583329,-34.377791]]]}},{"type":"Feature","properties":{"partida":"357008768","cca":"357000100000000000000052000A00000000035000","tipo":"Urbano","sup_m2":1223.6},"geometry":{"type":"Polygon","coordinates":[[[-58.583329,-34.377791],[-58.583972,-34.377616],[-58.583898,-34.37744],[-58.583281,-34.377621],[-58.583329,-34.377791]]]}},{"type":"Feature","properties":{"partida":"357008769","cca":"357000100000000000000052000A00000000036000","tipo":"Urbano","sup_m2":1164.4},"geometry":{"type":"Polygon","coordinates":[[[-58.583231,-34.37744],[-58.583281,-34.377621],[-58.583898,-34.37744],[-58.58383,-34.377279],[-58.583231,-34.37744]]]}},{"type":"Feature","properties":{"partida":"357008770","cca":"357000100000000000000052000A00000000037000","tipo":"Urbano","sup_m2":963.0},"geometry":{"type":"Polygon","coordinates":[[[-58.58383,-34.377279],[-58.583769,-34.377135],[-58.58319,-34.377291],[-58.583231,-34.37744],[-58.58383,-34.377279]]]}},{"type":"Feature","properties":{"partida":"357008771","cca":"357000100000000000000052000B0000000000100A","tipo":"Urbano","sup_m2":1984.9},"geometry":{"type":"Polygon","coordinates":[[[-58.585392,-34.378072],[-58.585499,-34.377939],[-58.585372,-34.377779],[-58.585177,-34.3776],[-58.584813,-34.37756],[-58.584697,-34.377694],[-58.585392,-34.378072]]]}},{"type":"Feature","properties":{"partida":"357008772","cca":"357000100000000000000052000B0000000000100B","tipo":"Urbano","sup_m2":1985.8},"geometry":{"type":"Polygon","coordinates":[[[-58.585235,-34.378266],[-58.585392,-34.378072],[-58.584697,-34.377694],[-58.584534,-34.377884],[-58.585235,-34.378266]]]}},{"type":"Feature","properties":{"partida":"357008773","cca":"357000100000000000000052000B00000000002000","tipo":"Urbano","sup_m2":1631.2},"geometry":{"type":"Polygon","coordinates":[[[-58.585109,-34.378423],[-58.585235,-34.378266],[-58.584534,-34.377884],[-58.5844,-34.37804],[-58.585109,-34.378423]]]}},{"type":"Feature","properties":{"partida":"357008774","cca":"357000100000000000000052000B00000000003000","tipo":"Urbano","sup_m2":1622.5},"geometry":{"type":"Polygon","coordinates":[[[-58.585109,-34.378423],[-58.5844,-34.37804],[-58.584263,-34.3782],[-58.58499,-34.37857],[-58.585109,-34.378423]]]}},{"type":"Feature","properties":{"partida":"357008775","cca":"357000100000000000000052000B00000000004000","tipo":"Urbano","sup_m2":1523.6},"geometry":{"type":"Polygon","coordinates":[[[-58.58487,-34.378719],[-58.58499,-34.37857],[-58.584263,-34.3782],[-58.584143,-34.378339],[-58.58487,-34.378719]]]}},{"type":"Feature","properties":{"partida":"357008776","cca":"357000100000000000000052000B00000000005000","tipo":"Urbano","sup_m2":1583.0},"geometry":{"type":"Polygon","coordinates":[[[-58.584748,-34.37887],[-58.58487,-34.378719],[-58.584143,-34.378339],[-58.584019,-34.378484],[-58.584748,-34.37887]]]}},{"type":"Feature","properties":{"partida":"357008777","cca":"357000100000000000000052000B00000000006000","tipo":"Urbano","sup_m2":1590.9},"geometry":{"type":"Polygon","coordinates":[[[-58.584748,-34.37887],[-58.584019,-34.378484],[-58.583894,-34.37863],[-58.584627,-34.37902],[-58.584748,-34.37887]]]}},{"type":"Feature","properties":{"partida":"357008778","cca":"357000100000000000000052000B00000000007000","tipo":"Urbano","sup_m2":1644.4},"geometry":{"type":"Polygon","coordinates":[[[-58.584503,-34.379173],[-58.584627,-34.37902],[-58.583894,-34.37863],[-58.583765,-34.37878],[-58.584503,-34.379173]]]}},{"type":"Feature","properties":{"partida":"357008779","cca":"357000100000000000000052000B00000000008000","tipo":"Urbano","sup_m2":1649.3},"geometry":{"type":"Polygon","coordinates":[[[-58.58438,-34.379326],[-58.584503,-34.379173],[-58.583765,-34.37878],[-58.583637,-34.378929],[-58.58438,-34.379326]]]}},{"type":"Feature","properties":{"partida":"357008780","cca":"357000100000000000000052000B00000000009000","tipo":"Urbano","sup_m2":1635.0},"geometry":{"type":"Polygon","coordinates":[[[-58.58438,-34.379326],[-58.583637,-34.378929],[-58.583509,-34.379077],[-58.58426,-34.379475],[-58.58438,-34.379326]]]}},{"type":"Feature","properties":{"partida":"357008781","cca":"357000100000000000000052000B00000000010000","tipo":"Urbano","sup_m2":1631.2},"geometry":{"type":"Polygon","coordinates":[[[-58.583599,-34.379336],[-58.584141,-34.379623],[-58.58426,-34.379475],[-58.583509,-34.379077],[-58.583382,-34.379226],[-58.583599,-34.379336]]]}},{"type":"Feature","properties":{"partida":"357008782","cca":"357000100000000000000052000B00000000011000","tipo":"Urbano","sup_m2":2217.2},"geometry":{"type":"Polygon","coordinates":[[[-58.583382,-34.379226],[-58.582811,-34.379889],[-58.582905,-34.379941],[-58.583021,-34.380035],[-58.583599,-34.379336],[-58.583382,-34.379226]]]}},{"type":"Feature","properties":{"partida":"357008786","cca":"357000100000000000000052000B00000000015000","tipo":"Urbano","sup_m2":6318.1},"geometry":{"type":"Polygon","coordinates":[[[-58.583788,-34.38041],[-58.585622,-34.378093],[-58.585499,-34.377939],[-58.583579,-34.380319],[-58.583788,-34.38041]]]}},{"type":"Feature","properties":{"partida":"357008787","cca":"357000100000000000000052000B00000000016000","tipo":"Urbano","sup_m2":5842.8},"geometry":{"type":"Polygon","coordinates":[[[-58.585745,-34.378267],[-58.585691,-34.378181],[-58.585622,-34.378093],[-58.583788,-34.38041],[-58.583967,-34.380489],[-58.585745,-34.378267]]]}},{"type":"Feature","properties":{"partida":"357008788","cca":"357000100000000000000052000B00000000017000","tipo":"Urbano","sup_m2":5766.0},"geometry":{"type":"Polygon","coordinates":[[[-58.585862,-34.378451],[-58.585745,-34.378267],[-58.583967,-34.380489],[-58.584156,-34.380572],[-58.585862,-34.378451]]]}},{"type":"Feature","properties":{"partida":"357008789","cca":"357000100000000000000052000B00000000018000","tipo":"Urbano","sup_m2":6222.6},"geometry":{"type":"Polygon","coordinates":[[[-58.584156,-34.380572],[-58.584357,-34.380687],[-58.585991,-34.378657],[-58.585862,-34.378451],[-58.584156,-34.380572]]]}},{"type":"Feature","properties":{"partida":"357008814","cca":"357000100000000000000052100A00000000009000","tipo":"Urbano","sup_m2":1089.2},"geometry":{"type":"Polygon","coordinates":[[[-58.579259,-34.377663],[-58.578962,-34.377982],[-58.579143,-34.378089],[-58.579556,-34.377639],[-58.579259,-34.377663]]]}},{"type":"Feature","properties":{"partida":"357008815","cca":"357000100000000000000052100A00000000010000","tipo":"Urbano","sup_m2":1431.1},"geometry":{"type":"Polygon","coordinates":[[[-58.579556,-34.377639],[-58.579143,-34.378089],[-58.579312,-34.37819],[-58.579857,-34.377627],[-58.579556,-34.377639]]]}},{"type":"Feature","properties":{"partida":"357008816","cca":"357000100000000000000052100A00000000011000","tipo":"Urbano","sup_m2":1870.1},"geometry":{"type":"Polygon","coordinates":[[[-58.579857,-34.377627],[-58.579312,-34.37819],[-58.579475,-34.378287],[-58.580211,-34.377597],[-58.579857,-34.377627]]]}},{"type":"Feature","properties":{"partida":"357008817","cca":"357000100000000000000052100A00000000012000","tipo":"Urbano","sup_m2":2558.8},"geometry":{"type":"Polygon","coordinates":[[[-58.580549,-34.377567],[-58.580211,-34.377597],[-58.579475,-34.378287],[-58.579633,-34.37838],[-58.579719,-34.378387],[-58.580549,-34.377567]]]}},{"type":"Feature","properties":{"partida":"357008818","cca":"357000100000000000000052100A00000000013000","tipo":"Urbano","sup_m2":2667.8},"geometry":{"type":"Polygon","coordinates":[[[-58.580549,-34.377567],[-58.579719,-34.378387],[-58.579809,-34.378427],[-58.579923,-34.378488],[-58.580864,-34.37754],[-58.580549,-34.377567]]]}},{"type":"Feature","properties":{"partida":"357008819","cca":"357000100000000000000052100A00000000014000","tipo":"Urbano","sup_m2":2760.3},"geometry":{"type":"Polygon","coordinates":[[[-58.581005,-34.377689],[-58.580864,-34.37754],[-58.579923,-34.378488],[-58.58011,-34.378596],[-58.581005,-34.377689]]]}},{"type":"Feature","properties":{"partida":"357008820","cca":"357000100000000000000052100A00000000015000","tipo":"Urbano","sup_m2":2466.7},"geometry":{"type":"Polygon","coordinates":[[[-58.581144,-34.377839],[-58.581005,-34.377689],[-58.58011,-34.378596],[-58.58028,-34.378688],[-58.581144,-34.377839]]]}},{"type":"Feature","properties":{"partida":"357008821","cca":"357000100000000000000052100A00000000016000","tipo":"Urbano","sup_m2":1988.0},"geometry":{"type":"Polygon","coordinates":[[[-58.58125,-34.377967],[-58.581239,-34.377944],[-58.581144,-34.377839],[-58.58028,-34.378688],[-58.580434,-34.378766],[-58.58125,-34.377967]]]}},{"type":"Feature","properties":{"partida":"357008822","cca":"357000100000000000000052100A00000000017000","tipo":"Urbano","sup_m2":1991.0},"geometry":{"type":"Polygon","coordinates":[[[-58.58125,-34.377967],[-58.580434,-34.378766],[-58.58059,-34.378859],[-58.581334,-34.378142],[-58.58125,-34.377967]]]}},{"type":"Feature","properties":{"partida":"357008823","cca":"357000100000000000000052100A00000000018000","tipo":"Urbano","sup_m2":1959.6},"geometry":{"type":"Polygon","coordinates":[[[-58.581419,-34.378322],[-58.581334,-34.378142],[-58.58059,-34.378859],[-58.580766,-34.378972],[-58.581419,-34.378322]]]}},{"type":"Feature","properties":{"partida":"357008824","cca":"357000100000000000000052100A00000000019000","tipo":"Urbano","sup_m2":1840.1},"geometry":{"type":"Polygon","coordinates":[[[-58.581419,-34.378322],[-58.580766,-34.378972],[-58.580978,-34.379074],[-58.581566,-34.378429],[-58.581427,-34.378338],[-58.581419,-34.378322]]]}},{"type":"Feature","properties":{"partida":"357008825","cca":"357000100000000000000052100A00000000020000","tipo":"Urbano","sup_m2":1691.5},"geometry":{"type":"Polygon","coordinates":[[[-58.581566,-34.378429],[-58.580978,-34.379074],[-58.581163,-34.379166],[-58.581727,-34.37853],[-58.581704,-34.378519],[-58.581566,-34.378429]]]}},{"type":"Feature","properties":{"partida":"357008826","cca":"357000100000000000000052100A00000000021000","tipo":"Urbano","sup_m2":1624.8},"geometry":{"type":"Polygon","coordinates":[[[-58.581727,-34.37853],[-58.581163,-34.379166],[-58.581334,-34.379259],[-58.5819,-34.378608],[-58.581727,-34.37853]]]}},{"type":"Feature","properties":{"partida":"357008827","cca":"357000100000000000000052100A00000000022000","tipo":"Urbano","sup_m2":1633.2},"geometry":{"type":"Polygon","coordinates":[[[-58.5819,-34.378608],[-58.581334,-34.379259],[-58.581487,-34.379361],[-58.58207,-34.37869],[-58.582051,-34.378678],[-58.5819,-34.378608]]]}},{"type":"Feature","properties":{"partida":"357008828","cca":"357000100000000000000052100A00000000023000","tipo":"Urbano","sup_m2":1584.0},"geometry":{"type":"Polygon","coordinates":[[[-58.58222,-34.378788],[-58.58207,-34.37869],[-58.581487,-34.379361],[-58.581649,-34.379443],[-58.58222,-34.378788]]]}},{"type":"Feature","properties":{"partida":"357008829","cca":"357000100000000000000052100A00000000024000","tipo":"Urbano","sup_m2":1684.6},"geometry":{"type":"Polygon","coordinates":[[[-58.581844,-34.379511],[-58.582388,-34.378897],[-58.58222,-34.378788],[-58.581649,-34.379443],[-58.581844,-34.379511]]]}},{"type":"Feature","properties":{"partida":"357008830","cca":"357000100000000000000052100A00000000025000","tipo":"Urbano","sup_m2":3843.9},"geometry":{"type":"Polygon","coordinates":[[[-58.582674,-34.379325],[-58.582483,-34.378959],[-58.582388,-34.378897],[-58.581844,-34.379511],[-58.582033,-34.379597],[-58.582209,-34.379635],[-58.582425,-34.379649],[-58.582564,-34.37975],[-58.582674,-34.379325]]]}},{"type":"Feature","properties":{"partida":"357008915","cca":"357000100000000000000052100C00000000038000","tipo":"Urbano","sup_m2":2087.0},"geometry":{"type":"Polygon","coordinates":[[[-58.579481,-34.37927],[-58.579369,-34.379398],[-58.580374,-34.379997],[-58.580572,-34.37992],[-58.579481,-34.37927]]]}},{"type":"Feature","properties":{"partida":"357008916","cca":"357000100000000000000052100C00000000039000","tipo":"Urbano","sup_m2":2463.7},"geometry":{"type":"Polygon","coordinates":[[[-58.580702,-34.379768],[-58.579609,-34.379124],[-58.579481,-34.37927],[-58.580572,-34.37992],[-58.580608,-34.379812],[-58.580702,-34.379768]]]}},{"type":"Feature","properties":{"partida":"357008917","cca":"357000100000000000000052100C00000000040000","tipo":"Urbano","sup_m2":2444.6},"geometry":{"type":"Polygon","coordinates":[[[-58.580827,-34.379622],[-58.579737,-34.378979],[-58.579609,-34.379124],[-58.580702,-34.379768],[-58.580827,-34.379622]]]}},{"type":"Feature","properties":{"partida":"357008918","cca":"357000100000000000000052100C00000000041000","tipo":"Urbano","sup_m2":2438.4},"geometry":{"type":"Polygon","coordinates":[[[-58.580827,-34.379622],[-58.580952,-34.379477],[-58.579864,-34.378835],[-58.579737,-34.378979],[-58.580827,-34.379622]]]}},{"type":"Feature","properties":{"partida":"357008919","cca":"357000100000000000000052100C00000000042000","tipo":"Urbano","sup_m2":3387.2},"geometry":{"type":"Polygon","coordinates":[[[-58.579864,-34.378835],[-58.580952,-34.379477],[-58.581272,-34.379343],[-58.580012,-34.378666],[-58.579864,-34.378835]]]}},{"type":"Feature","properties":{"partida":"357008920","cca":"357000100000000000000052100C00000000043000","tipo":"Urbano","sup_m2":1698.5},"geometry":{"type":"Polygon","coordinates":[[[-58.579481,-34.37927],[-58.580012,-34.378666],[-58.579821,-34.378564],[-58.579303,-34.379162],[-58.579481,-34.37927]]]}},{"type":"Feature","properties":{"partida":"357008921","cca":"357000100000000000000052100C00000000044000","tipo":"Urbano","sup_m2":1749.9},"geometry":{"type":"Polygon","coordinates":[[[-58.579303,-34.379162],[-58.579821,-34.378564],[-58.579624,-34.378458],[-58.579113,-34.379047],[-58.579303,-34.379162]]]}},{"type":"Feature","properties":{"partida":"357008922","cca":"357000100000000000000052100C00000000045000","tipo":"Urbano","sup_m2":1709.2},"geometry":{"type":"Polygon","coordinates":[[[-58.578924,-34.378937],[-58.579113,-34.379047],[-58.579624,-34.378458],[-58.579428,-34.378353],[-58.578924,-34.378937]]]}},{"type":"Feature","properties":{"partida":"357008949","cca":"357000100000000000000052400A0000000000200A","tipo":"Urbano","sup_m2":2736.3},"geometry":{"type":"Polygon","coordinates":[[[-58.591247,-34.378539],[-58.591516,-34.378678],[-58.591854,-34.378602],[-58.591621,-34.377927],[-58.591579,-34.377931],[-58.591522,-34.377985],[-58.591433,-34.378122],[-58.591328,-34.378227],[-58.591299,-34.378378],[-58.591247,-34.378539]]]}},{"type":"Feature","properties":{"partida":"357008950","cca":"357000100000000000000052400A00000000003000","tipo":"Urbano","sup_m2":1176.0},"geometry":{"type":"Polygon","coordinates":[[[-58.591247,-34.378539],[-58.591178,-34.378709],[-58.591481,-34.378842],[-58.591899,-34.378755],[-58.591854,-34.378602],[-58.591516,-34.378678],[-58.591247,-34.378539]]]}},{"type":"Feature","properties":{"partida":"357008951","cca":"357000100000000000000052400A00000000004000","tipo":"Urbano","sup_m2":1377.9},"geometry":{"type":"Polygon","coordinates":[[[-58.59147,-34.379008],[-58.591953,-34.378928],[-58.591899,-34.378755],[-58.591481,-34.378842],[-58.591178,-34.378709],[-58.591127,-34.37887],[-58.59147,-34.379008]]]}},{"type":"Feature","properties":{"partida":"357008952","cca":"357000100000000000000052400A00000000005000","tipo":"Urbano","sup_m2":845.2},"geometry":{"type":"Polygon","coordinates":[[[-58.591442,-34.379183],[-58.591985,-34.379075],[-58.591953,-34.378928],[-58.59147,-34.379008],[-58.591442,-34.379183]]]}},{"type":"Feature","properties":{"partida":"357008953","cca":"357000100000000000000052400A00000000006000","tipo":"Urbano","sup_m2":614.0},"geometry":{"type":"Polygon","coordinates":[[[-58.591442,-34.379183],[-58.59147,-34.379008],[-58.591127,-34.37887],[-58.591087,-34.379011],[-58.591442,-34.379183]]]}},{"type":"Feature","properties":{"partida":"357008954","cca":"357000100000000000000052400A00000000007000","tipo":"Urbano","sup_m2":918.2},"geometry":{"type":"Polygon","coordinates":[[[-58.591419,-34.379344],[-58.59203,-34.379222],[-58.591985,-34.379075],[-58.591442,-34.379183],[-58.591419,-34.379344]]]}},{"type":"Feature","properties":{"partida":"357008955","cca":"357000100000000000000052400A00000000008000","tipo":"Urbano","sup_m2":664.0},"geometry":{"type":"Polygon","coordinates":[[[-58.591419,-34.379344],[-58.591442,-34.379183],[-58.591087,-34.379011],[-58.591021,-34.379152],[-58.591419,-34.379344]]]}},{"type":"Feature","properties":{"partida":"357008956","cca":"357000100000000000000052400A00000000009000","tipo":"Urbano","sup_m2":1007.0},"geometry":{"type":"Polygon","coordinates":[[[-58.591395,-34.379499],[-58.592072,-34.379369],[-58.59203,-34.379222],[-58.591419,-34.379344],[-58.591395,-34.379499]]]}},{"type":"Feature","properties":{"partida":"357008957","cca":"357000100000000000000052400A00000000010000","tipo":"Urbano","sup_m2":720.5},"geometry":{"type":"Polygon","coordinates":[[[-58.591395,-34.379499],[-58.591419,-34.379344],[-58.591021,-34.379152],[-58.590959,-34.379294],[-58.591395,-34.379499]]]}},{"type":"Feature","properties":{"partida":"357008958","cca":"357000100000000000000052400A00000000011000","tipo":"Urbano","sup_m2":1242.8},"geometry":{"type":"Polygon","coordinates":[[[-58.591372,-34.379674],[-58.592116,-34.379533],[-58.592072,-34.379369],[-58.591395,-34.379499],[-58.591372,-34.379674]]]}},{"type":"Feature","properties":{"partida":"357008959","cca":"357000100000000000000052400A00000000012000","tipo":"Urbano","sup_m2":874.8},"geometry":{"type":"Polygon","coordinates":[[[-58.591372,-34.379674],[-58.591395,-34.379499],[-58.590959,-34.379294],[-58.590887,-34.379447],[-58.591372,-34.379674]]]}},{"type":"Feature","properties":{"partida":"357008961","cca":"357000100000000000000052400A00000000014000","tipo":"Urbano","sup_m2":856.4},"geometry":{"type":"Polygon","coordinates":[[[-58.591347,-34.379828],[-58.591372,-34.379674],[-58.590887,-34.379447],[-58.590814,-34.379577],[-58.591347,-34.379828]]]}},{"type":"Feature","properties":{"partida":"357012609","cca":"357000100000000000000062100000000000051000","tipo":"Rural","sup_m2":58242.0},"geometry":{"type":"Polygon","coordinates":[[[-58.596611,-34.363027],[-58.597708,-34.362553],[-58.598061,-34.362487],[-58.598499,-34.36234],[-58.599085,-34.362374],[-58.599686,-34.3626],[-58.600166,-34.362562],[-58.600476,-34.362517],[-58.600719,-34.362519],[-58.601213,-34.362675],[-58.601563,-34.362423],[-58.601869,-34.362274],[-58.596854,-34.360687],[-58.596718,-34.360947],[-58.596615,-34.362234],[-58.596611,-34.363027]]]}},{"type":"Feature","properties":{"partida":null,"cca":"357000100000000000000062100000000000052000","tipo":null,"sup_m2":50074.4},"geometry":{"type":"Polygon","coordinates":[[[-58.601213,-34.362675],[-58.600719,-34.362519],[-58.600476,-34.362517],[-58.600166,-34.362562],[-58.599686,-34.3626],[-58.599085,-34.362374],[-58.598499,-34.36234],[-58.598061,-34.362487],[-58.597708,-34.362553],[-58.596611,-34.363027],[-58.59661,-34.363374],[-58.596636,-34.36382],[-58.598612,-34.363665],[-58.601282,-34.363402],[-58.601213,-34.362675]]]}},{"type":"Feature","properties":{"partida":"357012611","cca":"35700010000000000000006210000000000005300A","tipo":"Rural","sup_m2":46009.7},"geometry":{"type":"Polygon","coordinates":[[[-58.596673,-34.364468],[-58.601411,-34.364693],[-58.601353,-34.364068],[-58.601282,-34.363402],[-58.598612,-34.363665],[-58.596636,-34.36382],[-58.596673,-34.364468]]]}},{"type":"Feature","properties":{"partida":"357012612","cca":"35700010000000000000006210000000000005400A","tipo":"Rural","sup_m2":42316.6},"geometry":{"type":"Polygon","coordinates":[[[-58.596673,-34.364468],[-58.596651,-34.364879],[-58.601096,-34.366021],[-58.60121,-34.365791],[-58.601411,-34.364693],[-58.596673,-34.364468]]]}},{"type":"Feature","properties":{"partida":"357012613","cca":"357000100000000000000062100000000000055000","tipo":"Rural","sup_m2":85162.0},"geometry":{"type":"Polygon","coordinates":[[[-58.596142,-34.366376],[-58.59962,-34.36783],[-58.600249,-34.368072],[-58.600365,-34.367695],[-58.600763,-34.366886],[-58.600768,-34.366793],[-58.600933,-34.36645],[-58.600842,-34.366388],[-58.6009,-34.366241],[-58.600998,-34.366246],[-58.601041,-34.36623],[-58.601107,-34.366081],[-58.601091,-34.366049],[-58.601096,-34.366021],[-58.596651,-34.364879],[-58.596597,-34.365892],[-58.596142,-34.366376]]]}},{"type":"Feature","properties":{"partida":"357012615","cca":"357000100000000000000062100A00000000011000","tipo":"Urbano","sup_m2":1973.4},"geometry":{"type":"Polygon","coordinates":[[[-58.599477,-34.368052],[-58.599898,-34.368236],[-58.600138,-34.368344],[-58.600203,-34.368197],[-58.600249,-34.368072],[-58.59962,-34.36783],[-58.599477,-34.368052]]]}},{"type":"Feature","properties":{"partida":"357012616","cca":"357000100000000000000062100A00000000012000","tipo":"Urbano","sup_m2":1387.0},"geometry":{"type":"Polygon","coordinates":[[[-58.599376,-34.368209],[-58.599836,-34.368411],[-58.600067,-34.368511],[-58.600138,-34.368344],[-58.599898,-34.368236],[-58.599477,-34.368052],[-58.599376,-34.368209]]]}},{"type":"Feature","properties":{"partida":"357012617","cca":"357000100000000000000062100A00000000013000","tipo":"Urbano","sup_m2":1264.5},"geometry":{"type":"Polygon","coordinates":[[[-58.599284,-34.368353],[-58.59978,-34.36857],[-58.599942,-34.368638],[-58.600067,-34.368511],[-58.599376,-34.368209],[-58.599284,-34.368353]]]}},{"type":"Feature","properties":{"partida":"357012618","cca":"357000100000000000000062100A00000000014000","tipo":"Urbano","sup_m2":2929.9},"geometry":{"type":"Polygon","coordinates":[[[-58.599284,-34.368353],[-58.599096,-34.368645],[-58.599894,-34.369027],[-58.599942,-34.368638],[-58.59978,-34.36857],[-58.599284,-34.368353]]]}},{"type":"Feature","properties":{"partida":"357012619","cca":"357000100000000000000062100A00000000015000","tipo":"Urbano","sup_m2":1806.3},"geometry":{"type":"Polygon","coordinates":[[[-58.599096,-34.368645],[-58.59962,-34.36783],[-58.599447,-34.367757],[-58.598932,-34.368561],[-58.599096,-34.368645]]]}},{"type":"Feature","properties":{"partida":"357012620","cca":"357000100000000000000062100A00000000016000","tipo":"Urbano","sup_m2":1784.1},"geometry":{"type":"Polygon","coordinates":[[[-58.598767,-34.368476],[-58.598932,-34.368561],[-58.599447,-34.367757],[-58.599275,-34.367685],[-58.598767,-34.368476]]]}},{"type":"Feature","properties":{"partida":"357012621","cca":"357000100000000000000062100A00000000017000","tipo":"Urbano","sup_m2":1850.9},"geometry":{"type":"Polygon","coordinates":[[[-58.598767,-34.368476],[-58.599275,-34.367685],[-58.599091,-34.367608],[-58.598595,-34.368388],[-58.598767,-34.368476]]]}},{"type":"Feature","properties":{"partida":"357012622","cca":"357000100000000000000062100A00000000018000","tipo":"Urbano","sup_m2":1705.5},"geometry":{"type":"Polygon","coordinates":[[[-58.59843,-34.368304],[-58.598595,-34.368388],[-58.599091,-34.367608],[-58.598922,-34.367538],[-58.59843,-34.368304]]]}},{"type":"Feature","properties":{"partida":"357012623","cca":"357000100000000000000062100A00000000019000","tipo":"Urbano","sup_m2":1736.8},"geometry":{"type":"Polygon","coordinates":[[[-58.59843,-34.368304],[-58.598922,-34.367538],[-58.598745,-34.367464],[-58.598262,-34.368218],[-58.59843,-34.368304]]]}},{"type":"Feature","properties":{"partida":"357012624","cca":"357000100000000000000062100A00000000020000","tipo":"Urbano","sup_m2":1721.0},"geometry":{"type":"Polygon","coordinates":[[[-58.59809,-34.36813],[-58.598262,-34.368218],[-58.598745,-34.367464],[-58.598569,-34.36739],[-58.59809,-34.36813]]]}},{"type":"Feature","properties":{"partida":"357012625","cca":"357000100000000000000062100A00000000021000","tipo":"Urbano","sup_m2":1704.2},"geometry":{"type":"Polygon","coordinates":[[[-58.59809,-34.36813],[-58.598569,-34.36739],[-58.598388,-34.367315],[-58.597921,-34.368043],[-58.59809,-34.36813]]]}},{"type":"Feature","properties":{"partida":"357012626","cca":"357000100000000000000062100A00000000022000","tipo":"Urbano","sup_m2":1745.2},"geometry":{"type":"Polygon","coordinates":[[[-58.597921,-34.368043],[-58.598388,-34.367315],[-58.598202,-34.367237],[-58.597742,-34.367952],[-58.597921,-34.368043]]]}},{"type":"Feature","properties":{"partida":"357012627","cca":"357000100000000000000062100B00000000023000","tipo":"Urbano","sup_m2":1958.5},"geometry":{"type":"Polygon","coordinates":[[[-58.597431,-34.367795],[-58.597658,-34.367927],[-58.598117,-34.367202],[-58.597938,-34.367127],[-58.597431,-34.367795]]]}},{"type":"Feature","properties":{"partida":"357012628","cca":"357000100000000000000062100B00000000024000","tipo":"Urbano","sup_m2":1576.0},"geometry":{"type":"Polygon","coordinates":[[[-58.597266,-34.367699],[-58.597431,-34.367795],[-58.597938,-34.367127],[-58.597761,-34.367053],[-58.597266,-34.367699]]]}},{"type":"Feature","properties":{"partida":"357012629","cca":"357000100000000000000062100B00000000025000","tipo":"Urbano","sup_m2":1583.8},"geometry":{"type":"Polygon","coordinates":[[[-58.597098,-34.367601],[-58.597266,-34.367699],[-58.597761,-34.367053],[-58.597576,-34.366976],[-58.597098,-34.367601]]]}},{"type":"Feature","properties":{"partida":"357012630","cca":"357000100000000000000062100B00000000026000","tipo":"Urbano","sup_m2":1582.1},"geometry":{"type":"Polygon","coordinates":[[[-58.596925,-34.3675],[-58.597098,-34.367601],[-58.597576,-34.366976],[-58.597384,-34.366895],[-58.596925,-34.3675]]]}},{"type":"Feature","properties":{"partida":"357012631","cca":"357000100000000000000062100B00000000027000","tipo":"Urbano","sup_m2":1714.8},"geometry":{"type":"Polygon","coordinates":[[[-58.596728,-34.367386],[-58.596925,-34.3675],[-58.597384,-34.366895],[-58.597169,-34.366805],[-58.596728,-34.367386]]]}},{"type":"Feature","properties":{"partida":"357012632","cca":"357000100000000000000062100B00000000028000","tipo":"Urbano","sup_m2":1832.1},"geometry":{"type":"Polygon","coordinates":[[[-58.596512,-34.367259],[-58.596728,-34.367386],[-58.597169,-34.366805],[-58.596925,-34.366703],[-58.596512,-34.367259]]]}},{"type":"Feature","properties":{"partida":"357012633","cca":"357000100000000000000062100B00000000029000","tipo":"Urbano","sup_m2":2102.9},"geometry":{"type":"Polygon","coordinates":[[[-58.596244,-34.367103],[-58.596512,-34.367259],[-58.596925,-34.366703],[-58.596634,-34.366582],[-58.596244,-34.367103]]]}},{"type":"Feature","properties":{"partida":"357012634","cca":"357000100000000000000062100B00000000030000","tipo":"Urbano","sup_m2":1592.3},"geometry":{"type":"Polygon","coordinates":[[[-58.59603,-34.366978],[-58.596244,-34.367103],[-58.596634,-34.366582],[-58.596401,-34.366484],[-58.59603,-34.366978]]]}},{"type":"Feature","properties":{"partida":"357012635","cca":"357000100000000000000062100B00000000031000","tipo":"Urbano","sup_m2":1841.8},"geometry":{"type":"Polygon","coordinates":[[[-58.59603,-34.366978],[-58.596401,-34.366484],[-58.596142,-34.366376],[-58.595946,-34.366585],[-58.595745,-34.366812],[-58.59603,-34.366978]]]}},{"type":"Feature","properties":{"partida":"357012636","cca":"357000100000000000000062100C00000000032000","tipo":"Urbano","sup_m2":1699.3},"geometry":{"type":"Polygon","coordinates":[[[-58.598913,-34.36889],[-58.599489,-34.369189],[-58.599758,-34.369316],[-58.599824,-34.369154],[-58.599024,-34.368745],[-58.598913,-34.36889]]]}},{"type":"Feature","properties":{"partida":"357012637","cca":"357000100000000000000062100C00000000033000","tipo":"Urbano","sup_m2":758.6},"geometry":{"type":"Polygon","coordinates":[[[-58.598773,-34.369075],[-58.599024,-34.368745],[-58.598863,-34.368662],[-58.59861,-34.36899],[-58.598773,-34.369075]]]}},{"type":"Feature","properties":{"partida":"357012638","cca":"357000100000000000000062100C00000000034000","tipo":"Urbano","sup_m2":771.2},"geometry":{"type":"Polygon","coordinates":[[[-58.59861,-34.36899],[-58.598863,-34.368662],[-58.598698,-34.368577],[-58.598445,-34.368904],[-58.59861,-34.36899]]]}},{"type":"Feature","properties":{"partida":"357012639","cca":"357000100000000000000062100C00000000035000","tipo":"Urbano","sup_m2":788.2},"geometry":{"type":"Polygon","coordinates":[[[-58.598277,-34.368817],[-58.598445,-34.368904],[-58.598698,-34.368577],[-58.598529,-34.36849],[-58.598277,-34.368817]]]}},{"type":"Feature","properties":{"partida":null,"cca":"357000100000000000000062100C00000000036000","tipo":null,"sup_m2":760.2},"geometry":{"type":"Polygon","coordinates":[[[-58.598114,-34.368732],[-58.598277,-34.368817],[-58.598529,-34.36849],[-58.598367,-34.368406],[-58.598114,-34.368732]]]}},{"type":"Feature","properties":{"partida":"357012641","cca":"357000100000000000000062100C00000000037000","tipo":"Urbano","sup_m2":775.4},"geometry":{"type":"Polygon","coordinates":[[[-58.598114,-34.368732],[-58.598367,-34.368406],[-58.598201,-34.36832],[-58.597948,-34.368646],[-58.598114,-34.368732]]]}},{"type":"Feature","properties":{"partida":"357012642","cca":"357000100000000000000062100C00000000038000","tipo":"Urbano","sup_m2":764.8},"geometry":{"type":"Polygon","coordinates":[[[-58.597948,-34.368646],[-58.598201,-34.36832],[-58.598036,-34.368235],[-58.597785,-34.368561],[-58.597948,-34.368646]]]}},{"type":"Feature","properties":{"partida":"357012643","cca":"357000100000000000000062100C00000000039000","tipo":"Urbano","sup_m2":788.1},"geometry":{"type":"Polygon","coordinates":[[[-58.597617,-34.368473],[-58.597785,-34.368561],[-58.598036,-34.368235],[-58.597866,-34.368147],[-58.597617,-34.368473]]]}},{"type":"Feature","properties":{"partida":"357012644","cca":"357000100000000000000062100C00000000040000","tipo":"Urbano","sup_m2":915.6},"geometry":{"type":"Polygon","coordinates":[[[-58.597419,-34.368371],[-58.597617,-34.368473],[-58.597866,-34.368147],[-58.59767,-34.368045],[-58.597419,-34.368371]]]}},{"type":"Feature","properties":{"partida":"357012645","cca":"357000100000000000000062100C00000000041000","tipo":"Urbano","sup_m2":1008.7},"geometry":{"type":"Polygon","coordinates":[[[-58.597344,-34.368831],[-58.597617,-34.368473],[-58.597419,-34.368371],[-58.597146,-34.368726],[-58.597344,-34.368831]]]}},{"type":"Feature","properties":{"partida":"357012646","cca":"357000100000000000000062100C00000000042000","tipo":"Urbano","sup_m2":851.3},"geometry":{"type":"Polygon","coordinates":[[[-58.597617,-34.368473],[-58.597344,-34.368831],[-58.597509,-34.368918],[-58.597785,-34.368561],[-58.597617,-34.368473]]]}},{"type":"Feature","properties":{"partida":null,"cca":"357000100000000000000062100C00000000043000","tipo":null,"sup_m2":831.1},"geometry":{"type":"Polygon","coordinates":[[[-58.597785,-34.368561],[-58.597509,-34.368918],[-58.59767,-34.369003],[-58.597948,-34.368646],[-58.597785,-34.368561]]]}},{"type":"Feature","properties":{"partida":null,"cca":"357000100000000000000062100C00000000044000","tipo":null,"sup_m2":851.5},"geometry":{"type":"Polygon","coordinates":[[[-58.597948,-34.368646],[-58.59767,-34.369003],[-58.597835,-34.36909],[-58.598114,-34.368732],[-58.597948,-34.368646]]]}},{"type":"Feature","properties":{"partida":"357012649","cca":"357000100000000000000062100C00000000045000","tipo":"Urbano","sup_m2":843.5},"geometry":{"type":"Polygon","coordinates":[[[-58.598114,-34.368732],[-58.597835,-34.36909],[-58.597999,-34.369177],[-58.598277,-34.368817],[-58.598114,-34.368732]]]}},{"type":"Feature","properties":{"partida":null,"cca":"357000100000000000000062100C00000000046000","tipo":null,"sup_m2":868.6},"geometry":{"type":"Polygon","coordinates":[[[-58.598277,-34.368817],[-58.597999,-34.369177],[-58.598166,-34.369266],[-58.598445,-34.368904],[-58.598277,-34.368817]]]}},{"type":"Feature","properties":{"partida":"357012651","cca":"357000100000000000000062100C00000000047000","tipo":"Urbano","sup_m2":851.5},"geometry":{"type":"Polygon","coordinates":[[[-58.598445,-34.368904],[-58.598166,-34.369266],[-58.59833,-34.369352],[-58.59861,-34.36899],[-58.598445,-34.368904]]]}},{"type":"Feature","properties":{"partida":"357012652","cca":"357000100000000000000062100C00000000048000","tipo":"Urbano","sup_m2":850.6},"geometry":{"type":"Polygon","coordinates":[[[-58.59861,-34.36899],[-58.59833,-34.369352],[-58.598494,-34.369439],[-58.598773,-34.369075],[-58.59861,-34.36899]]]}},{"type":"Feature","properties":{"partida":"357012653","cca":"357000100000000000000062100C00000000049000","tipo":"Urbano","sup_m2":972.9},"geometry":{"type":"Polygon","coordinates":[[[-58.598655,-34.369524],[-58.598978,-34.369104],[-58.598814,-34.36902],[-58.598494,-34.369439],[-58.598655,-34.369524]]]}},{"type":"Feature","properties":{"partida":"357012654","cca":"357000100000000000000062100C00000000050000","tipo":"Urbano","sup_m2":1528.1},"geometry":{"type":"Polygon","coordinates":[[[-58.598773,-34.369371],[-58.598655,-34.369524],[-58.59942,-34.369902],[-58.599487,-34.369734],[-58.599281,-34.369639],[-58.598773,-34.369371]]]}},{"type":"Feature","properties":{"partida":"357012655","cca":"357000100000000000000062100C00000000051000","tipo":"Urbano","sup_m2":1381.1},"geometry":{"type":"Polygon","coordinates":[[[-58.599638,-34.369616],[-58.599354,-34.369482],[-58.598879,-34.369234],[-58.598773,-34.369371],[-58.599281,-34.369639],[-58.599487,-34.369734],[-58.599482,-34.369695],[-58.599487,-34.36965],[-58.599528,-34.369631],[-58.599567,-34.369638],[-58.599638,-34.369616]]]}},{"type":"Feature","properties":{"partida":"357012656","cca":"357000100000000000000062100C00000000052000","tipo":"Urbano","sup_m2":1405.7},"geometry":{"type":"Polygon","coordinates":[[[-58.598978,-34.369104],[-58.598879,-34.369234],[-58.599354,-34.369482],[-58.599638,-34.369616],[-58.599733,-34.369482],[-58.599423,-34.369332],[-58.598978,-34.369104]]]}},{"type":"Feature","properties":{"partida":"357012657","cca":"357000100000000000000062100C00000000053000","tipo":"Urbano","sup_m2":1604.2},"geometry":{"type":"Polygon","coordinates":[[[-58.598913,-34.36889],[-58.598814,-34.36902],[-58.599423,-34.369332],[-58.599733,-34.369482],[-58.599758,-34.369316],[-58.599489,-34.369189],[-58.598913,-34.36889]]]}},{"type":"Feature","properties":{"partida":"357012658","cca":"357000100000000000000062100D00000000054000","tipo":"Urbano","sup_m2":1426.3},"geometry":{"type":"Polygon","coordinates":[[[-58.597319,-34.368328],[-58.597543,-34.36802],[-58.597236,-34.36784],[-58.596994,-34.368157],[-58.597319,-34.368328]]]}},{"type":"Feature","properties":{"partida":null,"cca":"357000100000000000000062100D00000000055000","tipo":null,"sup_m2":761.6},"geometry":{"type":"Polygon","coordinates":[[[-58.596829,-34.36807],[-58.596994,-34.368157],[-58.597236,-34.36784],[-58.597074,-34.367745],[-58.596829,-34.36807]]]}},{"type":"Feature","properties":{"partida":"357012660","cca":"357000100000000000000062100D00000000056000","tipo":"Urbano","sup_m2":787.2},"geometry":{"type":"Polygon","coordinates":[[[-58.596829,-34.36807],[-58.597074,-34.367745],[-58.596911,-34.367649],[-58.596661,-34.367982],[-58.596829,-34.36807]]]}},{"type":"Feature","properties":{"partida":"357012661","cca":"357000100000000000000062100D00000000057000","tipo":"Urbano","sup_m2":809.1},"geometry":{"type":"Polygon","coordinates":[[[-58.596661,-34.367982],[-58.596911,-34.367649],[-58.596748,-34.367553],[-58.596492,-34.367893],[-58.596661,-34.367982]]]}},{"type":"Feature","properties":{"partida":"357012662","cca":"357000100000000000000062100D00000000058000","tipo":"Urbano","sup_m2":817.0},"geometry":{"type":"Polygon","coordinates":[[[-58.596492,-34.367893],[-58.596748,-34.367553],[-58.596586,-34.367458],[-58.596325,-34.367805],[-58.596492,-34.367893]]]}},{"type":"Feature","properties":{"partida":"357012663","cca":"357000100000000000000062100D00000000059000","tipo":"Urbano","sup_m2":851.4},"geometry":{"type":"Polygon","coordinates":[[[-58.596325,-34.367805],[-58.596586,-34.367458],[-58.59642,-34.367361],[-58.596155,-34.367716],[-58.596325,-34.367805]]]}},{"type":"Feature","properties":{"partida":"357012664","cca":"357000100000000000000062100D00000000060000","tipo":"Urbano","sup_m2":882.9},"geometry":{"type":"Polygon","coordinates":[[[-58.596155,-34.367716],[-58.59642,-34.367361],[-58.596252,-34.367262],[-58.595982,-34.367624],[-58.596155,-34.367716]]]}},{"type":"Feature","properties":{"partida":"357012665","cca":"357000100000000000000062100D00000000061000","tipo":"Urbano","sup_m2":869.5},"geometry":{"type":"Polygon","coordinates":[[[-58.595982,-34.367624],[-58.596252,-34.367262],[-58.59609,-34.367167],[-58.595815,-34.367536],[-58.595982,-34.367624]]]}},{"type":"Feature","properties":{"partida":"357012666","cca":"357000100000000000000062100D00000000062000","tipo":"Urbano","sup_m2":853.6},"geometry":{"type":"Polygon","coordinates":[[[-58.595815,-34.367536],[-58.59609,-34.367167],[-58.595936,-34.367077],[-58.595651,-34.36745],[-58.595815,-34.367536]]]}},{"type":"Feature","properties":{"partida":"357012667","cca":"357000100000000000000062100D00000000063000","tipo":"Urbano","sup_m2":1658.2},"geometry":{"type":"Polygon","coordinates":[[[-58.595651,-34.36745],[-58.595936,-34.367077],[-58.595656,-34.366913],[-58.59533,-34.367281],[-58.595651,-34.36745]]]}},{"type":"Feature","properties":{"partida":"357012668","cca":"357000100000000000000062100D00000000064000","tipo":"Urbano","sup_m2":1661.1},"geometry":{"type":"Polygon","coordinates":[[[-58.595388,-34.367795],[-58.595651,-34.36745],[-58.59533,-34.367281],[-58.595141,-34.367494],[-58.595027,-34.367601],[-58.595388,-34.367795]]]}},{"type":"Feature","properties":{"partida":"357012669","cca":"357000100000000000000062100D00000000065000","tipo":"Urbano","sup_m2":816.0},"geometry":{"type":"Polygon","coordinates":[[[-58.595651,-34.36745],[-58.595388,-34.367795],[-58.595555,-34.367884],[-58.595815,-34.367536],[-58.595651,-34.36745]]]}},{"type":"Feature","properties":{"partida":"357012670","cca":"357000100000000000000062100D00000000066000","tipo":"Urbano","sup_m2":829.8},"geometry":{"type":"Polygon","coordinates":[[[-58.595815,-34.367536],[-58.595555,-34.367884],[-58.595723,-34.367972],[-58.595982,-34.367624],[-58.595815,-34.367536]]]}},{"type":"Feature","properties":{"partida":"357012671","cca":"357000100000000000000062100D00000000067000","tipo":"Urbano","sup_m2":854.1},"geometry":{"type":"Polygon","coordinates":[[[-58.595982,-34.367624],[-58.595723,-34.367972],[-58.595895,-34.368064],[-58.596155,-34.367716],[-58.595982,-34.367624]]]}},{"type":"Feature","properties":{"partida":"357012672","cca":"357000100000000000000062100D00000000068000","tipo":"Urbano","sup_m2":836.9},"geometry":{"type":"Polygon","coordinates":[[[-58.596325,-34.367805],[-58.596155,-34.367716],[-58.595895,-34.368064],[-58.596063,-34.368152],[-58.596325,-34.367805]]]}},{"type":"Feature","properties":{"partida":"357012673","cca":"357000100000000000000062100D00000000069000","tipo":"Urbano","sup_m2":828.6},"geometry":{"type":"Polygon","coordinates":[[[-58.596325,-34.367805],[-58.596063,-34.368152],[-58.59623,-34.368241],[-58.596492,-34.367893],[-58.596325,-34.367805]]]}},{"type":"Feature","properties":{"partida":"357012674","cca":"357000100000000000000062100D00000000070000","tipo":"Urbano","sup_m2":838.8},"geometry":{"type":"Polygon","coordinates":[[[-58.596492,-34.367893],[-58.59623,-34.368241],[-58.596398,-34.36833],[-58.596661,-34.367982],[-58.596492,-34.367893]]]}},{"type":"Feature","properties":{"partida":null,"cca":"357000100000000000000062100D00000000071000","tipo":null,"sup_m2":831.6},"geometry":{"type":"Polygon","coordinates":[[[-58.596661,-34.367982],[-58.596398,-34.36833],[-58.596565,-34.368418],[-58.596829,-34.36807],[-58.596661,-34.367982]]]}},{"type":"Feature","properties":{"partida":"357012676","cca":"357000100000000000000062100D00000000072000","tipo":"Urbano","sup_m2":818.1},"geometry":{"type":"Polygon","coordinates":[[[-58.596829,-34.36807],[-58.596565,-34.368418],[-58.596729,-34.368505],[-58.596994,-34.368157],[-58.596829,-34.36807]]]}},{"type":"Feature","properties":{"partida":"357012677","cca":"357000100000000000000062100D00000000073000","tipo":"Urbano","sup_m2":1644.2},"geometry":{"type":"Polygon","coordinates":[[[-58.596994,-34.368157],[-58.596729,-34.368505],[-58.597063,-34.368682],[-58.597319,-34.368328],[-58.596994,-34.368157]]]}},{"type":"Feature","properties":{"partida":"357019392","cca":"357000100000000000000062100E0000000000100A","tipo":"Rural","sup_m2":58548.1},"geometry":{"type":"Polygon","coordinates":[[[-58.595027,-34.367601],[-58.594911,-34.367698],[-58.59369,-34.36831],[-58.596108,-34.370008],[-58.596637,-34.370085],[-58.596743,-34.370193],[-58.59699,-34.370098],[-58.597211,-34.37],[-58.597362,-34.369926],[-58.597555,-34.369819],[-58.597934,-34.3696],[-58.598136,-34.369493],[-58.599294,-34.370121],[-58.599318,-34.370099],[-58.599329,-34.370007],[-58.59942,-34.369902],[-58.598655,-34.369524],[-58.595388,-34.367795],[-58.595027,-34.367601]]]}},{"type":"Feature","properties":{"partida":"357019393","cca":"357000100000000000000062100E0000000000100B","tipo":"Rural","sup_m2":1614.6},"geometry":{"type":"Polygon","coordinates":[[[-58.596743,-34.370193],[-58.597154,-34.370645],[-58.597196,-34.370634],[-58.59721,-34.370653],[-58.597216,-34.370702],[-58.597265,-34.370721],[-58.597311,-34.370706],[-58.597338,-34.370675],[-58.597307,-34.370619],[-58.597359,-34.370591],[-58.597365,-34.370539],[-58.59699,-34.370098],[-58.596743,-34.370193]]]}},{"type":"Feature","properties":{"partida":"357019394","cca":"357000100000000000000062100E0000000000100C","tipo":"Rural","sup_m2":1531.9},"geometry":{"type":"Polygon","coordinates":[[[-58.59699,-34.370098],[-58.597365,-34.370539],[-58.597365,-34.370525],[-58.597398,-34.370498],[-58.597479,-34.370482],[-58.597668,-34.370453],[-58.597211,-34.37],[-58.59699,-34.370098]]]}},{"type":"Feature","properties":{"partida":"357019395","cca":"357000100000000000000062100E0000000000100D","tipo":"Rural","sup_m2":1490.6},"geometry":{"type":"Polygon","coordinates":[[[-58.597211,-34.37],[-58.597668,-34.370453],[-58.597714,-34.370446],[-58.59777,-34.370443],[-58.597801,-34.370448],[-58.597832,-34.37043],[-58.59788,-34.370415],[-58.597915,-34.370421],[-58.597926,-34.370401],[-58.597972,-34.37038],[-58.597362,-34.369926],[-58.597211,-34.37]]]}},{"type":"Feature","properties":{"partida":"357019396","cca":"357000100000000000000062100E0000000000100E","tipo":"Rural","sup_m2":1680.2},"geometry":{"type":"Polygon","coordinates":[[[-58.597362,-34.369926],[-58.597972,-34.37038],[-58.597983,-34.370375],[-58.598022,-34.370374],[-58.598054,-34.370357],[-58.598237,-34.370314],[-58.597555,-34.369819],[-58.597362,-34.369926]]]}},{"type":"Feature","properties":{"partida":"357019397","cca":"357000100000000000000062100E0000000000100F","tipo":"Rural","sup_m2":1966.7},"geometry":{"type":"Polygon","coordinates":[[[-58.597555,-34.369819],[-58.598237,-34.370314],[-58.598284,-34.370303],[-58.598393,-34.3703],[-58.598474,-34.370308],[-58.59851,-34.370378],[-58.598568,-34.370414],[-58.598683,-34.3704],[-58.597744,-34.36971],[-58.597555,-34.369819]]]}},{"type":"Feature","properties":{"partida":"357012678","cca":"357000100000000000000062100E0000000000100G","tipo":"Rural","sup_m2":2487.4},"geometry":{"type":"Polygon","coordinates":[[[-58.597744,-34.36971],[-58.598683,-34.3704],[-58.598692,-34.370399],[-58.598757,-34.370337],[-58.598836,-34.370277],[-58.598888,-34.370272],[-58.597934,-34.3696],[-58.597744,-34.36971]]]}},{"type":"Feature","properties":{"partida":"357019398","cca":"357000100000000000000062100E0000000000100H","tipo":"Rural","sup_m2":3368.8},"geometry":{"type":"Polygon","coordinates":[[[-58.597934,-34.3696],[-58.598888,-34.370272],[-58.598932,-34.370255],[-58.598976,-34.370249],[-58.59902,-34.370237],[-58.599039,-34.370193],[-58.599034,-34.370157],[-58.599125,-34.370166],[-58.599167,-34.370151],[-58.599275,-34.370138],[-58.599294,-34.370121],[-58.598136,-34.369493],[-58.597934,-34.3696]]]}},{"type":"Feature","properties":{"partida":"357012679","cca":"357000100000000000000062100E00000000002000","tipo":"Rural","sup_m2":42588.7},"geometry":{"type":"Polygon","coordinates":[[[-58.59369,-34.36831],[-58.592956,-34.368682],[-58.593487,-34.369651],[-58.593828,-34.36952],[-58.594348,-34.371328],[-58.594504,-34.371202],[-58.595353,-34.370688],[-58.59629,-34.370206],[-58.596108,-34.370008],[-58.59369,-34.36831]]]}},{"type":"Feature","properties":{"partida":"357012680","cca":"357000100000000000000062100E00000000003000","tipo":"Urbano","sup_m2":3054.8},"geometry":{"type":"Polygon","coordinates":[[[-58.596742,-34.370745],[-58.59695,-34.37063],[-58.597011,-34.370638],[-58.597044,-34.370672],[-58.597108,-34.370668],[-58.597154,-34.370645],[-58.596743,-34.370193],[-58.596637,-34.370085],[-58.596108,-34.370008],[-58.59629,-34.370206],[-58.596742,-34.370745]]]}},{"type":"Feature","properties":{"partida":"357012681","cca":"357000100000000000000062100E00000000004000","tipo":"Urbano","sup_m2":1327.8},"geometry":{"type":"Polygon","coordinates":[[[-58.59629,-34.370206],[-58.596061,-34.370324],[-58.596593,-34.370776],[-58.596742,-34.370745],[-58.59629,-34.370206]]]}},{"type":"Feature","properties":{"partida":"357012682","cca":"357000100000000000000062100E00000000005000","tipo":"Urbano","sup_m2":1045.5},"geometry":{"type":"Polygon","coordinates":[[[-58.595916,-34.370399],[-58.596428,-34.370833],[-58.596447,-34.370815],[-58.596593,-34.370776],[-58.596061,-34.370324],[-58.595916,-34.370399]]]}},{"type":"Feature","properties":{"partida":"357012683","cca":"357000100000000000000062100E00000000006000","tipo":"Urbano","sup_m2":1296.8},"geometry":{"type":"Polygon","coordinates":[[[-58.595916,-34.370399],[-58.595735,-34.370492],[-58.59622,-34.370904],[-58.596367,-34.370892],[-58.596428,-34.370833],[-58.595916,-34.370399]]]}},{"type":"Feature","properties":{"partida":"357012684","cca":"357000100000000000000062100E00000000007000","tipo":"Urbano","sup_m2":1238.5},"geometry":{"type":"Polygon","coordinates":[[[-58.595554,-34.370585],[-58.596078,-34.37103],[-58.596114,-34.370987],[-58.596154,-34.370909],[-58.59622,-34.370904],[-58.595735,-34.370492],[-58.595554,-34.370585]]]}},{"type":"Feature","properties":{"partida":"357012685","cca":"357000100000000000000062100E00000000008000","tipo":"Urbano","sup_m2":1484.9},"geometry":{"type":"Polygon","coordinates":[[[-58.595367,-34.370681],[-58.595974,-34.371196],[-58.596029,-34.371175],[-58.596027,-34.371092],[-58.596078,-34.37103],[-58.595554,-34.370585],[-58.595367,-34.370681]]]}},{"type":"Feature","properties":{"partida":"357012686","cca":"357000100000000000000062100E00000000009000","tipo":"Urbano","sup_m2":1294.1},"geometry":{"type":"Polygon","coordinates":[[[-58.595219,-34.370769],[-58.595808,-34.37127],[-58.595924,-34.371199],[-58.595967,-34.371199],[-58.595974,-34.371196],[-58.595367,-34.370681],[-58.595219,-34.370769]]]}},{"type":"Feature","properties":{"partida":"357012687","cca":"357000100000000000000062100E00000000010000","tipo":"Urbano","sup_m2":1469.4},"geometry":{"type":"Polygon","coordinates":[[[-58.595041,-34.370877],[-58.595554,-34.371314],[-58.595579,-34.3713],[-58.595611,-34.371291],[-58.595744,-34.371306],[-58.595808,-34.37127],[-58.595219,-34.370769],[-58.595041,-34.370877]]]}},{"type":"Feature","properties":{"partida":"357012688","cca":"357000100000000000000062100E00000000011000","tipo":"Urbano","sup_m2":1178.3},"geometry":{"type":"Polygon","coordinates":[[[-58.595041,-34.370877],[-58.594886,-34.370971],[-58.595397,-34.371405],[-58.595554,-34.371314],[-58.595041,-34.370877]]]}},{"type":"Feature","properties":{"partida":"357012689","cca":"357000100000000000000062100E00000000012000","tipo":"Urbano","sup_m2":1487.6},"geometry":{"type":"Polygon","coordinates":[[[-58.594689,-34.37109],[-58.595197,-34.371521],[-58.595397,-34.371405],[-58.594886,-34.370971],[-58.594689,-34.37109]]]}},{"type":"Feature","properties":{"partida":"357012690","cca":"357000100000000000000062100E00000000013000","tipo":"Urbano","sup_m2":1393.6},"geometry":{"type":"Polygon","coordinates":[[[-58.594504,-34.371202],[-58.595009,-34.371631],[-58.595197,-34.371521],[-58.594689,-34.37109],[-58.594504,-34.371202]]]}},{"type":"Feature","properties":{"partida":"357012691","cca":"357000100000000000000062100E00000000014000","tipo":"Urbano","sup_m2":1465.2},"geometry":{"type":"Polygon","coordinates":[[[-58.594504,-34.371202],[-58.594348,-34.371328],[-58.594909,-34.371808],[-58.594975,-34.371774],[-58.594997,-34.371705],[-58.595009,-34.371631],[-58.594504,-34.371202]]]}},{"type":"Feature","properties":{"partida":"357012692","cca":"357000100000000000000062100E00000000015000","tipo":"Urbano","sup_m2":913.5},"geometry":{"type":"Polygon","coordinates":[[[-58.594651,-34.371904],[-58.594778,-34.371862],[-58.594878,-34.371824],[-58.594909,-34.371808],[-58.594348,-34.371328],[-58.594651,-34.371904]]]}},{"type":"Feature","properties":{"partida":"357012693","cca":"357000100000000000000062100E00000000016000","tipo":"Urbano","sup_m2":665.3},"geometry":{"type":"Polygon","coordinates":[[[-58.594324,-34.371708],[-58.594448,-34.371976],[-58.594518,-34.371979],[-58.594575,-34.371956],[-58.594651,-34.371904],[-58.59451,-34.371636],[-58.594324,-34.371708]]]}},{"type":"Feature","properties":{"partida":"357012694","cca":"357000100000000000000062100E0000000001700A","tipo":"Urbano","sup_m2":782.5},"geometry":{"type":"Polygon","coordinates":[[[-58.593844,-34.372281],[-58.593734,-34.371938],[-58.593576,-34.372],[-58.593569,-34.372029],[-58.593606,-34.372316],[-58.593639,-34.372363],[-58.593706,-34.37234],[-58.593844,-34.372281]]]}},{"type":"Feature","properties":{"partida":"357000115","cca":"357000100000000000000062100E0000000001700B","tipo":"Urbano","sup_m2":833.8},"geometry":{"type":"Polygon","coordinates":[[[-58.593931,-34.371861],[-58.593734,-34.371938],[-58.593844,-34.372281],[-58.594073,-34.372182],[-58.593931,-34.371861]]]}},{"type":"Feature","properties":{"partida":"357000112","cca":"357000100000000000000062100E0000000001700C","tipo":"Urbano","sup_m2":673.6},"geometry":{"type":"Polygon","coordinates":[[[-58.593931,-34.371861],[-58.594073,-34.372182],[-58.594099,-34.37216],[-58.594111,-34.37213],[-58.594244,-34.372069],[-58.594127,-34.371785],[-58.593931,-34.371861]]]}},{"type":"Feature","properties":{"partida":"357000114","cca":"357000100000000000000062100E0000000001700D","tipo":"Urbano","sup_m2":667.4},"geometry":{"type":"Polygon","coordinates":[[[-58.594324,-34.371708],[-58.594127,-34.371785],[-58.594244,-34.372069],[-58.594448,-34.371976],[-58.594324,-34.371708]]]}},{"type":"Feature","properties":{"partida":"357012695","cca":"357000100000000000000062100E00000000018000","tipo":"Urbano","sup_m2":2309.0},"geometry":{"type":"Polygon","coordinates":[[[-58.593576,-34.372],[-58.59451,-34.371636],[-58.594404,-34.371434],[-58.593509,-34.371777],[-58.593501,-34.371811],[-58.593544,-34.371869],[-58.59354,-34.371913],[-58.593546,-34.371961],[-58.593576,-34.372]]]}},{"type":"Feature","properties":{"partida":"357012696","cca":"357000100000000000000062100E0000000001900A","tipo":"Urbano","sup_m2":6863.2},"geometry":{"type":"Polygon","coordinates":[[[-58.594404,-34.371434],[-58.594348,-34.371328],[-58.594203,-34.370823],[-58.593223,-34.3712],[-58.593223,-34.371326],[-58.593341,-34.371603],[-58.593379,-34.371712],[-58.593472,-34.371724],[-58.593513,-34.37176],[-58.593509,-34.371777],[-58.594404,-34.371434]]]}},{"type":"Feature","properties":{"partida":"357012702","cca":"357000100000000000000062100E0000000002300A","tipo":"Urbano","sup_m2":6548.9},"geometry":{"type":"Polygon","coordinates":[[[-58.594203,-34.370823],[-58.594011,-34.370154],[-58.593208,-34.370463],[-58.593205,-34.370505],[-58.593226,-34.370607],[-58.593248,-34.370649],[-58.593341,-34.370681],[-58.593354,-34.370729],[-58.593314,-34.37078],[-58.593226,-34.370817],[-58.593223,-34.3712],[-58.594203,-34.370823]]]}},{"type":"Feature","properties":{"partida":"357012701","cca":"357000100000000000000062100E00000000025000","tipo":"Urbano","sup_m2":1923.9},"geometry":{"type":"Polygon","coordinates":[[[-58.593948,-34.369937],[-58.593169,-34.370237],[-58.593213,-34.370392],[-58.593208,-34.370463],[-58.594011,-34.370154],[-58.593948,-34.369937]]]}},{"type":"Feature","properties":{"partida":"357012703","cca":"357000100000000000000062100E00000000026000","tipo":"Urbano","sup_m2":1882.7},"geometry":{"type":"Polygon","coordinates":[[[-58.593887,-34.369726],[-58.5931,-34.370028],[-58.593099,-34.370046],[-58.593143,-34.370144],[-58.593169,-34.370237],[-58.593948,-34.369937],[-58.593887,-34.369726]]]}},{"type":"Feature","properties":{"partida":"357012704","cca":"357000100000000000000062100E00000000027000","tipo":"Urbano","sup_m2":1860.9},"geometry":{"type":"Polygon","coordinates":[[[-58.593828,-34.36952],[-58.593021,-34.369829],[-58.593053,-34.369883],[-58.593035,-34.369924],[-58.593066,-34.36996],[-58.593096,-34.36998],[-58.5931,-34.370028],[-58.593887,-34.369726],[-58.593828,-34.36952]]]}},{"type":"Feature","properties":{"partida":null,"cca":"357000100000000000000062100E00000000028000","tipo":null,"sup_m2":6726.5},"geometry":{"type":"Polygon","coordinates":[[[-58.593487,-34.369651],[-58.592956,-34.368682],[-58.592352,-34.368989],[-58.592393,-34.369035],[-58.592403,-34.369099],[-58.592388,-34.369138],[-58.59258,-34.369392],[-58.592602,-34.369409],[-58.592651,-34.369471],[-58.592707,-34.369489],[-58.592844,-34.369563],[-58.592879,-34.369608],[-58.592921,-34.369689],[-58.592983,-34.369765],[-58.593021,-34.369829],[-58.593487,-34.369651]]]}},{"type":"Feature","properties":{"partida":"357012708","cca":"35700010000000000000006230000000000000200A","tipo":"Rural","sup_m2":187922.9},"geometry":{"type":"Polygon","coordinates":[[[-58.589234,-34.360598],[-58.588714,-34.361379],[-58.584894,-34.363331],[-58.58629,-34.365342],[-58.587368,-34.364754],[-58.588093,-34.365335],[-58.589351,-34.364351],[-58.590386,-34.363387],[-58.591757,-34.363214],[-58.591395,-34.362884],[-58.591503,-34.362869],[-58.590588,-34.360146],[-58.591855,-34.360109],[-58.591807,-34.360011],[-58.591559,-34.35961],[-58.590555,-34.359659],[-58.590353,-34.359937],[-58.589234,-34.360598]]]}},{"type":"Feature","properties":{"partida":"357018163","cca":"35700010000000000000006230000000000000200K","tipo":"Urbano","sup_m2":2179.5},"geometry":{"type":"Polygon","coordinates":[[[-58.59229,-34.361547],[-58.591097,-34.36166],[-58.591155,-34.361834],[-58.59235,-34.361719],[-58.59229,-34.361547]]]}},{"type":"Feature","properties":{"partida":"357018164","cca":"35700010000000000000006230000000000000200M","tipo":"Urbano","sup_m2":2194.7},"geometry":{"type":"Polygon","coordinates":[[[-58.59235,-34.361719],[-58.591155,-34.361834],[-58.591214,-34.362008],[-58.592412,-34.361893],[-58.59235,-34.361719]]]}},{"type":"Feature","properties":{"partida":"357018165","cca":"35700010000000000000006230000000000000200N","tipo":"Urbano","sup_m2":2142.4},"geometry":{"type":"Polygon","coordinates":[[[-58.592412,-34.361893],[-58.591214,-34.362008],[-58.591272,-34.362182],[-58.59244,-34.362065],[-58.592412,-34.361893]]]}},{"type":"Feature","properties":{"partida":"357018166","cca":"35700010000000000000006230000000000000200P","tipo":"Urbano","sup_m2":2100.5},"geometry":{"type":"Polygon","coordinates":[[[-58.59244,-34.362065],[-58.591272,-34.362182],[-58.591342,-34.362389],[-58.592501,-34.362195],[-58.59244,-34.362065]]]}},{"type":"Feature","properties":{"partida":"357018167","cca":"35700010000000000000006230000000000000200R","tipo":"Urbano","sup_m2":2287.3},"geometry":{"type":"Polygon","coordinates":[[[-58.592501,-34.362195],[-58.591342,-34.362389],[-58.591401,-34.362564],[-58.592582,-34.36238],[-58.592501,-34.362195]]]}},{"type":"Feature","properties":{"partida":"357018168","cca":"35700010000000000000006230000000000000200S","tipo":"Urbano","sup_m2":2256.9},"geometry":{"type":"Polygon","coordinates":[[[-58.592582,-34.36238],[-58.591401,-34.362564],[-58.59146,-34.362739],[-58.592643,-34.362561],[-58.592582,-34.36238]]]}},{"type":"Feature","properties":{"partida":"357018169","cca":"35700010000000000000006230000000000000200T","tipo":"Urbano","sup_m2":1757.6},"geometry":{"type":"Polygon","coordinates":[[[-58.592643,-34.362561],[-58.59146,-34.362739],[-58.591503,-34.362869],[-58.592699,-34.362706],[-58.592643,-34.362561]]]}},{"type":"Feature","properties":{"partida":"357018170","cca":"35700010000000000000006230000000000000200U","tipo":"Urbano","sup_m2":4460.6},"geometry":{"type":"Polygon","coordinates":[[[-58.592699,-34.362706],[-58.591503,-34.362869],[-58.591395,-34.362884],[-58.591757,-34.363214],[-58.592757,-34.363072],[-58.592739,-34.362889],[-58.592699,-34.362706]]]}},{"type":"Feature","properties":{"partida":"357012709","cca":"35700010000000000000006230000000000000300A","tipo":"Urbano","sup_m2":988.1},"geometry":{"type":"Polygon","coordinates":[[[-58.592781,-34.36328],[-58.592757,-34.363072],[-58.591841,-34.363202],[-58.592781,-34.36328]]]}},{"type":"Feature","properties":{"partida":"357012710","cca":"357000100000000000000062300000000000004000","tipo":"Urbano","sup_m2":1912.6},"geometry":{"type":"Polygon","coordinates":[[[-58.591736,-34.363376],[-58.592795,-34.363461],[-58.592781,-34.36328],[-58.591841,-34.363202],[-58.591757,-34.363214],[-58.591736,-34.363376]]]}},{"type":"Feature","properties":{"partida":"357012711","cca":"357000100000000000000062300000000000005000","tipo":"Urbano","sup_m2":2898.6},"geometry":{"type":"Polygon","coordinates":[[[-58.590436,-34.363381],[-58.590453,-34.363561],[-58.591723,-34.363475],[-58.591757,-34.363214],[-58.590436,-34.363381]]]}},{"type":"Feature","properties":{"partida":"357012712","cca":"357000100000000000000062300000000000006000","tipo":"Urbano","sup_m2":1984.5},"geometry":{"type":"Polygon","coordinates":[[[-58.591736,-34.363376],[-58.591713,-34.363555],[-58.592808,-34.363642],[-58.592795,-34.363461],[-58.591736,-34.363376]]]}},{"type":"Feature","properties":{"partida":"357012713","cca":"357000100000000000000062300000000000007000","tipo":"Urbano","sup_m2":2307.6},"geometry":{"type":"Polygon","coordinates":[[[-58.590453,-34.363561],[-58.590471,-34.36374],[-58.5917,-34.363657],[-58.591723,-34.363475],[-58.590453,-34.363561]]]}},{"type":"Feature","properties":{"partida":"357012714","cca":"357000100000000000000062300000000000008000","tipo":"Urbano","sup_m2":2040.1},"geometry":{"type":"Polygon","coordinates":[[[-58.59169,-34.363734],[-58.592795,-34.363822],[-58.592812,-34.363697],[-58.592808,-34.363642],[-58.591713,-34.363555],[-58.59169,-34.363734]]]}},{"type":"Feature","properties":{"partida":"357012715","cca":"357000100000000000000062300000000000009000","tipo":"Urbano","sup_m2":2233.8},"geometry":{"type":"Polygon","coordinates":[[[-58.590471,-34.36374],[-58.590488,-34.36392],[-58.591677,-34.36384],[-58.5917,-34.363657],[-58.590471,-34.36374]]]}},{"type":"Feature","properties":{"partida":"357012716","cca":"357000100000000000000062300000000000010000","tipo":"Urbano","sup_m2":2033.5},"geometry":{"type":"Polygon","coordinates":[[[-58.591668,-34.363913],[-58.592762,-34.364],[-58.592795,-34.363822],[-58.59169,-34.363734],[-58.591668,-34.363913]]]}},{"type":"Feature","properties":{"partida":"357012717","cca":"357000100000000000000062300000000000011000","tipo":"Urbano","sup_m2":2158.3},"geometry":{"type":"Polygon","coordinates":[[[-58.590488,-34.36392],[-58.590506,-34.3641],[-58.591654,-34.364022],[-58.591677,-34.36384],[-58.590488,-34.36392]]]}},{"type":"Feature","properties":{"partida":"357012718","cca":"357000100000000000000062300000000000012000","tipo":"Urbano","sup_m2":2006.0},"geometry":{"type":"Polygon","coordinates":[[[-58.591645,-34.364093],[-58.592723,-34.364178],[-58.592762,-34.364],[-58.591668,-34.363913],[-58.591645,-34.364093]]]}},{"type":"Feature","properties":{"partida":"357012719","cca":"357000100000000000000062300000000000013000","tipo":"Urbano","sup_m2":1975.0},"geometry":{"type":"Polygon","coordinates":[[[-58.591623,-34.364272],[-58.592684,-34.364356],[-58.592723,-34.364178],[-58.591645,-34.364093],[-58.591623,-34.364272]]]}},{"type":"Feature","properties":{"partida":"357012720","cca":"357000100000000000000062300000000000014000","tipo":"Urbano","sup_m2":2084.4},"geometry":{"type":"Polygon","coordinates":[[[-58.590506,-34.3641],[-58.590523,-34.36428],[-58.591631,-34.364205],[-58.591654,-34.364022],[-58.590506,-34.3641]]]}},{"type":"Feature","properties":{"partida":"357012721","cca":"357000100000000000000062300000000000015000","tipo":"Urbano","sup_m2":1944.0},"geometry":{"type":"Polygon","coordinates":[[[-58.5916,-34.364451],[-58.592644,-34.364533],[-58.592684,-34.364356],[-58.591623,-34.364272],[-58.5916,-34.364451]]]}},{"type":"Feature","properties":{"partida":"357012722","cca":"357000100000000000000062300000000000016000","tipo":"Urbano","sup_m2":2009.4},"geometry":{"type":"Polygon","coordinates":[[[-58.590523,-34.36428],[-58.590541,-34.364459],[-58.591608,-34.364387],[-58.591631,-34.364205],[-58.590523,-34.36428]]]}},{"type":"Feature","properties":{"partida":"357012723","cca":"357000100000000000000062300000000000017000","tipo":"Urbano","sup_m2":1913.0},"geometry":{"type":"Polygon","coordinates":[[[-58.591578,-34.364631],[-58.592605,-34.364711],[-58.592644,-34.364533],[-58.5916,-34.364451],[-58.591578,-34.364631]]]}},{"type":"Feature","properties":{"partida":"357012724","cca":"357000100000000000000062300000000000018000","tipo":"Urbano","sup_m2":1935.9},"geometry":{"type":"Polygon","coordinates":[[[-58.590541,-34.364459],[-58.590558,-34.364639],[-58.591585,-34.36457],[-58.591608,-34.364387],[-58.590541,-34.364459]]]}},{"type":"Feature","properties":{"partida":"357012725","cca":"357000100000000000000062300000000000019000","tipo":"Urbano","sup_m2":1881.5},"geometry":{"type":"Polygon","coordinates":[[[-58.591555,-34.36481],[-58.592566,-34.364889],[-58.592605,-34.364711],[-58.591578,-34.364631],[-58.591555,-34.36481]]]}},{"type":"Feature","properties":{"partida":"357012726","cca":"357000100000000000000062300000000000020000","tipo":"Urbano","sup_m2":1860.5},"geometry":{"type":"Polygon","coordinates":[[[-58.590558,-34.364639],[-58.590575,-34.364819],[-58.591563,-34.364752],[-58.591585,-34.36457],[-58.590558,-34.364639]]]}},{"type":"Feature","properties":{"partida":"357012727","cca":"357000100000000000000062300000000000021000","tipo":"Urbano","sup_m2":1837.3},"geometry":{"type":"Polygon","coordinates":[[[-58.591533,-34.364989],[-58.592533,-34.365063],[-58.592542,-34.365026],[-58.592566,-34.364889],[-58.591555,-34.36481],[-58.591533,-34.364989]]]}},{"type":"Feature","properties":{"partida":"357012728","cca":"357000100000000000000062300000000000022000","tipo":"Urbano","sup_m2":1786.6},"geometry":{"type":"Polygon","coordinates":[[[-58.590575,-34.364819],[-58.590593,-34.364998],[-58.59154,-34.364935],[-58.591563,-34.364752],[-58.590575,-34.364819]]]}},{"type":"Feature","properties":{"partida":"357012729","cca":"357000100000000000000062300000000000023000","tipo":"Urbano","sup_m2":1815.4},"geometry":{"type":"Polygon","coordinates":[[[-58.591509,-34.365169],[-58.592479,-34.365239],[-58.592533,-34.365063],[-58.591533,-34.364989],[-58.591509,-34.365169]]]}},{"type":"Feature","properties":{"partida":"357012730","cca":"357000100000000000000062300000000000024000","tipo":"Urbano","sup_m2":1710.2},"geometry":{"type":"Polygon","coordinates":[[[-58.590593,-34.364998],[-58.59061,-34.365178],[-58.591516,-34.365117],[-58.59154,-34.364935],[-58.590593,-34.364998]]]}},{"type":"Feature","properties":{"partida":"357012731","cca":"357000100000000000000062300000000000025000","tipo":"Urbano","sup_m2":1770.5},"geometry":{"type":"Polygon","coordinates":[[[-58.592426,-34.365415],[-58.592462,-34.365332],[-58.592479,-34.365239],[-58.591509,-34.365169],[-58.591485,-34.365348],[-58.592426,-34.365415]]]}},{"type":"Feature","properties":{"partida":"357012732","cca":"357000100000000000000062300000000000026000","tipo":"Urbano","sup_m2":1633.6},"geometry":{"type":"Polygon","coordinates":[[[-58.59061,-34.365178],[-58.590628,-34.365358],[-58.591492,-34.3653],[-58.591516,-34.365117],[-58.59061,-34.365178]]]}},{"type":"Feature","properties":{"partida":"357012733","cca":"357000100000000000000062300000000000027000","tipo":"Urbano","sup_m2":1706.0},"geometry":{"type":"Polygon","coordinates":[[[-58.591461,-34.365527],[-58.592373,-34.365592],[-58.592426,-34.365415],[-58.591485,-34.365348],[-58.591461,-34.365527]]]}},{"type":"Feature","properties":{"partida":"357012734","cca":"357000100000000000000062300000000000028000","tipo":"Urbano","sup_m2":1556.8},"geometry":{"type":"Polygon","coordinates":[[[-58.590628,-34.365358],[-58.590645,-34.365538],[-58.591467,-34.365482],[-58.591492,-34.3653],[-58.590628,-34.365358]]]}},{"type":"Feature","properties":{"partida":"357012735","cca":"35700010000000000000006230000000000002900A","tipo":"Urbano","sup_m2":4832.8},"geometry":{"type":"Polygon","coordinates":[[[-58.591394,-34.366029],[-58.592204,-34.366156],[-58.59227,-34.365969],[-58.592325,-34.365776],[-58.592373,-34.365592],[-58.591461,-34.365527],[-58.591394,-34.366029]]]}},{"type":"Feature","properties":{"partida":"357012736","cca":"35700010000000000000006230000000000002900B","tipo":"Urbano","sup_m2":1500.1},"geometry":{"type":"Polygon","coordinates":[[[-58.59137,-34.366212],[-58.592152,-34.366331],[-58.592204,-34.366156],[-58.591394,-34.366029],[-58.59137,-34.366212]]]}},{"type":"Feature","properties":{"partida":"357012737","cca":"35700010000000000000006230000000000002900C","tipo":"Urbano","sup_m2":2315.9},"geometry":{"type":"Polygon","coordinates":[[[-58.592092,-34.366597],[-58.592175,-34.366605],[-58.592165,-34.366404],[-58.592152,-34.366331],[-58.59137,-34.366212],[-58.591333,-34.366489],[-58.592092,-34.366597]]]}},{"type":"Feature","properties":{"partida":"357012738","cca":"35700010000000000000006230000000000002900D","tipo":"Urbano","sup_m2":1607.2},"geometry":{"type":"Polygon","coordinates":[[[-58.592092,-34.366597],[-58.591333,-34.366489],[-58.591309,-34.366668],[-58.59216,-34.366796],[-58.592167,-34.366652],[-58.592175,-34.366605],[-58.592092,-34.366597]]]}},{"type":"Feature","properties":{"partida":"357012744","cca":"35700010000000000000006230000000000002900K","tipo":"Urbano","sup_m2":1842.2},"geometry":{"type":"Polygon","coordinates":[[[-58.59199,-34.36769],[-58.591196,-34.367565],[-58.591171,-34.36779],[-58.591952,-34.367913],[-58.59199,-34.36769]]]}},{"type":"Feature","properties":{"partida":"357012746","cca":"35700010000000000000006230000000000002900N","tipo":"Urbano","sup_m2":3379.3},"geometry":{"type":"Polygon","coordinates":[[[-58.591145,-34.368015],[-58.59107,-34.368668],[-58.591059,-34.368715],[-58.591782,-34.368345],[-58.591883,-34.368297],[-58.591913,-34.368136],[-58.591145,-34.368015]]]}},{"type":"Feature","properties":{"partida":"357017916","cca":"35700010000000000000006230000000000002900R","tipo":"Urbano","sup_m2":738.7},"geometry":{"type":"Polygon","coordinates":[[[-58.591987,-34.367643],[-58.592006,-34.367601],[-58.591207,-34.367475],[-58.591196,-34.367565],[-58.59199,-34.36769],[-58.591987,-34.367643]]]}},{"type":"Feature","properties":{"partida":"357012742","cca":"35700010000000000000006230000000000002900S","tipo":"Urbano","sup_m2":2263.5},"geometry":{"type":"Polygon","coordinates":[[[-58.591207,-34.367475],[-58.592006,-34.367601],[-58.592055,-34.367334],[-58.591238,-34.367206],[-58.591207,-34.367475]]]}},{"type":"Feature","properties":{"partida":"357012739","cca":"35700010000000000000006230000000000002900V","tipo":"Urbano","sup_m2":2360.0},"geometry":{"type":"Polygon","coordinates":[[[-58.591273,-34.366937],[-58.592096,-34.367065],[-58.59216,-34.366796],[-58.591309,-34.366668],[-58.591273,-34.366937]]]}},{"type":"Feature","properties":{"partida":"357012740","cca":"35700010000000000000006230000000000002900W","tipo":"Urbano","sup_m2":2296.3},"geometry":{"type":"Polygon","coordinates":[[[-58.592067,-34.36721],[-58.592086,-34.367155],[-58.592096,-34.367065],[-58.591273,-34.366937],[-58.591238,-34.367206],[-58.592055,-34.367334],[-58.592067,-34.36721]]]}},{"type":"Feature","properties":{"partida":"357012745","cca":"35700010000000000000006230000000000002900X","tipo":"Urbano","sup_m2":1812.3},"geometry":{"type":"Polygon","coordinates":[[[-58.591145,-34.368015],[-58.591913,-34.368136],[-58.591952,-34.367913],[-58.591171,-34.36779],[-58.591145,-34.368015]]]}},{"type":"Feature","properties":{"partida":"357012747","cca":"357000100000000000000062300000000000030000","tipo":"Urbano","sup_m2":1479.0},"geometry":{"type":"Polygon","coordinates":[[[-58.590645,-34.365538],[-58.590663,-34.365717],[-58.591443,-34.365665],[-58.591467,-34.365482],[-58.590645,-34.365538]]]}},{"type":"Feature","properties":{"partida":"357012748","cca":"357000100000000000000062300000000000031000","tipo":"Urbano","sup_m2":1402.4},"geometry":{"type":"Polygon","coordinates":[[[-58.590663,-34.365717],[-58.59068,-34.365897],[-58.591419,-34.365847],[-58.591443,-34.365665],[-58.590663,-34.365717]]]}},{"type":"Feature","properties":{"partida":"357012749","cca":"357000100000000000000062300000000000032000","tipo":"Urbano","sup_m2":1323.4},"geometry":{"type":"Polygon","coordinates":[[[-58.59068,-34.365897],[-58.590697,-34.366077],[-58.591394,-34.366029],[-58.591419,-34.365847],[-58.59068,-34.365897]]]}},{"type":"Feature","properties":{"partida":"357012750","cca":"357000100000000000000062300000000000033000","tipo":"Urbano","sup_m2":1248.3},"geometry":{"type":"Polygon","coordinates":[[[-58.590697,-34.366077],[-58.590715,-34.366256],[-58.59137,-34.366212],[-58.591394,-34.366029],[-58.590697,-34.366077]]]}},{"type":"Feature","properties":{"partida":"357012751","cca":"357000100000000000000062300000000000034000","tipo":"Urbano","sup_m2":1464.7},"geometry":{"type":"Polygon","coordinates":[[[-58.590715,-34.366256],[-58.590732,-34.366436],[-58.591333,-34.366489],[-58.59137,-34.366212],[-58.590715,-34.366256]]]}},{"type":"Feature","properties":{"partida":"357012752","cca":"357000100000000000000062300000000000035000","tipo":"Urbano","sup_m2":1073.9},"geometry":{"type":"Polygon","coordinates":[[[-58.590732,-34.366436],[-58.59075,-34.366619],[-58.591309,-34.366668],[-58.591333,-34.366489],[-58.590732,-34.366436]]]}},{"type":"Feature","properties":{"partida":"357012753","cca":"357000100000000000000062300000000000036000","tipo":"Urbano","sup_m2":996.6},"geometry":{"type":"Polygon","coordinates":[[[-58.59075,-34.366619],[-58.590768,-34.366802],[-58.591285,-34.366847],[-58.591309,-34.366668],[-58.59075,-34.366619]]]}},{"type":"Feature","properties":{"partida":"357012754","cca":"357000100000000000000062300000000000037000","tipo":"Urbano","sup_m2":919.8},"geometry":{"type":"Polygon","coordinates":[[[-58.590768,-34.366802],[-58.590786,-34.366985],[-58.591261,-34.367026],[-58.591285,-34.366847],[-58.590768,-34.366802]]]}},{"type":"Feature","properties":{"partida":"357012755","cca":"357000100000000000000062300000000000038000","tipo":"Urbano","sup_m2":842.7},"geometry":{"type":"Polygon","coordinates":[[[-58.590786,-34.366985],[-58.590803,-34.367168],[-58.591238,-34.367206],[-58.591261,-34.367026],[-58.590786,-34.366985]]]}},{"type":"Feature","properties":{"partida":"357012756","cca":"357000100000000000000062300000000000039000","tipo":"Urbano","sup_m2":800.1},"geometry":{"type":"Polygon","coordinates":[[[-58.590803,-34.367168],[-58.590804,-34.367357],[-58.591217,-34.367385],[-58.591238,-34.367206],[-58.590803,-34.367168]]]}},{"type":"Feature","properties":{"partida":"357012757","cca":"357000100000000000000062300000000000040000","tipo":"Urbano","sup_m2":749.0},"geometry":{"type":"Polygon","coordinates":[[[-58.590804,-34.367357],[-58.590804,-34.36754],[-58.591196,-34.367565],[-58.591217,-34.367385],[-58.590804,-34.367357]]]}},{"type":"Feature","properties":{"partida":"357012758","cca":"357000100000000000000062300000000000041000","tipo":"Urbano","sup_m2":743.6},"geometry":{"type":"Polygon","coordinates":[[[-58.590804,-34.36754],[-58.590805,-34.367733],[-58.591175,-34.367753],[-58.591196,-34.367565],[-58.590804,-34.36754]]]}},{"type":"Feature","properties":{"partida":"357012759","cca":"357000100000000000000062300000000000042000","tipo":"Urbano","sup_m2":1055.6},"geometry":{"type":"Polygon","coordinates":[[[-58.590805,-34.367733],[-58.590805,-34.367773],[-58.590708,-34.367917],[-58.591139,-34.368067],[-58.591175,-34.367753],[-58.590805,-34.367733]]]}},{"type":"Feature","properties":{"partida":"357012760","cca":"357000100000000000000062300000000000043000","tipo":"Urbano","sup_m2":973.7},"geometry":{"type":"Polygon","coordinates":[[[-58.590708,-34.367917],[-58.590603,-34.368075],[-58.591116,-34.368267],[-58.591139,-34.368067],[-58.590708,-34.367917]]]}},{"type":"Feature","properties":{"partida":"357012761","cca":"357000100000000000000062300000000000044000","tipo":"Urbano","sup_m2":1152.1},"geometry":{"type":"Polygon","coordinates":[[[-58.590603,-34.368075],[-58.590497,-34.368232],[-58.591093,-34.368468],[-58.591116,-34.368267],[-58.590603,-34.368075]]]}},{"type":"Feature","properties":{"partida":"357012762","cca":"357000100000000000000062300000000000045000","tipo":"Urbano","sup_m2":1331.3},"geometry":{"type":"Polygon","coordinates":[[[-58.590497,-34.368232],[-58.590392,-34.36839],[-58.59107,-34.368668],[-58.591093,-34.368468],[-58.590497,-34.368232]]]}},{"type":"Feature","properties":{"partida":"357012763","cca":"357000100000000000000062300000000000046000","tipo":"Urbano","sup_m2":1488.9},"geometry":{"type":"Polygon","coordinates":[[[-58.590392,-34.36839],[-58.590286,-34.368547],[-58.590904,-34.368833],[-58.591059,-34.368715],[-58.59107,-34.368668],[-58.590392,-34.36839]]]}},{"type":"Feature","properties":{"partida":"357012764","cca":"357000100000000000000062300000000000047000","tipo":"Urbano","sup_m2":1228.9},"geometry":{"type":"Polygon","coordinates":[[[-58.590286,-34.368547],[-58.590181,-34.368705],[-58.590736,-34.36896],[-58.590904,-34.368833],[-58.590286,-34.368547]]]}},{"type":"Feature","properties":{"partida":"357012765","cca":"357000100000000000000062300000000000048000","tipo":"Urbano","sup_m2":1101.3},"geometry":{"type":"Polygon","coordinates":[[[-58.590181,-34.368705],[-58.590075,-34.368863],[-58.590566,-34.369088],[-58.590736,-34.36896],[-58.590181,-34.368705]]]}},{"type":"Feature","properties":{"partida":null,"cca":"357000100000000000000062300000000000049000","tipo":null,"sup_m2":955.6},"geometry":{"type":"Polygon","coordinates":[[[-58.590075,-34.368863],[-58.58997,-34.36902],[-58.5904,-34.369214],[-58.590566,-34.369088],[-58.590075,-34.368863]]]}},{"type":"Feature","properties":{"partida":null,"cca":"357000100000000000000062300000000000050000","tipo":null,"sup_m2":863.0},"geometry":{"type":"Polygon","coordinates":[[[-58.58997,-34.36902],[-58.589864,-34.369178],[-58.59022,-34.369353],[-58.5904,-34.369214],[-58.58997,-34.36902]]]}},{"type":"Feature","properties":{"partida":"357012768","cca":"357000100000000000000062300000000000051000","tipo":"Urbano","sup_m2":960.2},"geometry":{"type":"Polygon","coordinates":[[[-58.58961,-34.369548],[-58.589947,-34.369658],[-58.589972,-34.369585],[-58.590111,-34.369472],[-58.589779,-34.369294],[-58.58961,-34.369548]]]}},{"type":"Feature","properties":{"partida":"357012769","cca":"357000100000000000000062300000000000052000","tipo":"Urbano","sup_m2":909.6},"geometry":{"type":"Polygon","coordinates":[[[-58.58961,-34.369548],[-58.589476,-34.369751],[-58.589873,-34.369875],[-58.589947,-34.369658],[-58.58961,-34.369548]]]}},{"type":"Feature","properties":{"partida":"357012770","cca":"357000100000000000000062300000000000053000","tipo":"Urbano","sup_m2":831.1},"geometry":{"type":"Polygon","coordinates":[[[-58.589476,-34.369751],[-58.589368,-34.369913],[-58.589813,-34.370048],[-58.589873,-34.369875],[-58.589476,-34.369751]]]}},{"type":"Feature","properties":{"partida":"357012771","cca":"357000100000000000000062300000000000054000","tipo":"Urbano","sup_m2":923.4},"geometry":{"type":"Polygon","coordinates":[[[-58.589368,-34.369913],[-58.58926,-34.370075],[-58.589753,-34.370221],[-58.589813,-34.370048],[-58.589368,-34.369913]]]}},{"type":"Feature","properties":{"partida":"357012772","cca":"357000100000000000000062300000000000055000","tipo":"Urbano","sup_m2":1084.9},"geometry":{"type":"Polygon","coordinates":[[[-58.58926,-34.370075],[-58.589139,-34.370258],[-58.589694,-34.370395],[-58.589753,-34.370221],[-58.58926,-34.370075]]]}},{"type":"Feature","properties":{"partida":"357012773","cca":"357000100000000000000062300000000000056000","tipo":"Urbano","sup_m2":855.1},"geometry":{"type":"Polygon","coordinates":[[[-58.590246,-34.363904],[-58.590218,-34.363544],[-58.589784,-34.363948],[-58.590246,-34.363904]]]}},{"type":"Feature","properties":{"partida":"357012774","cca":"357000100000000000000062300000000000057000","tipo":"Urbano","sup_m2":1069.0},"geometry":{"type":"Polygon","coordinates":[[[-58.589568,-34.364149],[-58.590261,-34.364084],[-58.590246,-34.363904],[-58.589784,-34.363948],[-58.589568,-34.364149]]]}},{"type":"Feature","properties":{"partida":"357012775","cca":"357000100000000000000062300000000000058000","tipo":"Urbano","sup_m2":1496.8},"geometry":{"type":"Polygon","coordinates":[[[-58.589351,-34.364351],[-58.590275,-34.364264],[-58.590261,-34.364084],[-58.589568,-34.364149],[-58.589351,-34.364351]]]}},{"type":"Feature","properties":{"partida":"357012776","cca":"357000100000000000000062300000000000059000","tipo":"Urbano","sup_m2":1710.4},"geometry":{"type":"Polygon","coordinates":[[[-58.589365,-34.364531],[-58.59029,-34.364444],[-58.590275,-34.364264],[-58.589351,-34.364351],[-58.589365,-34.364531]]]}},{"type":"Feature","properties":{"partida":"357012777","cca":"357000100000000000000062300000000000060000","tipo":"Urbano","sup_m2":1710.4},"geometry":{"type":"Polygon","coordinates":[[[-58.58938,-34.364711],[-58.590304,-34.364624],[-58.59029,-34.364444],[-58.589365,-34.364531],[-58.58938,-34.364711]]]}},{"type":"Feature","properties":{"partida":"357012778","cca":"357000100000000000000062300000000000061000","tipo":"Urbano","sup_m2":1710.4},"geometry":{"type":"Polygon","coordinates":[[[-58.589394,-34.364891],[-58.590318,-34.364804],[-58.590304,-34.364624],[-58.58938,-34.364711],[-58.589394,-34.364891]]]}},{"type":"Feature","properties":{"partida":"357012779","cca":"357000100000000000000062300000000000062000","tipo":"Urbano","sup_m2":1710.4},"geometry":{"type":"Polygon","coordinates":[[[-58.589409,-34.365071],[-58.590333,-34.364984],[-58.590318,-34.364804],[-58.589394,-34.364891],[-58.589409,-34.365071]]]}},{"type":"Feature","properties":{"partida":"357012801","cca":"357000100000000000000062300000000000063000","tipo":"Urbano","sup_m2":1558.6},"geometry":{"type":"Polygon","coordinates":[[[-58.58942,-34.365218],[-58.590347,-34.365163],[-58.590333,-34.364984],[-58.589409,-34.365071],[-58.58942,-34.365218]]]}},{"type":"Feature","properties":{"partida":"357012780","cca":"357000100000000000000062300000000000064000","tipo":"Urbano","sup_m2":1862.5},"geometry":{"type":"Polygon","coordinates":[[[-58.589437,-34.36543],[-58.590362,-34.365343],[-58.590347,-34.365163],[-58.58942,-34.365218],[-58.589437,-34.36543]]]}},{"type":"Feature","properties":{"partida":"357012781","cca":"357000100000000000000062300000000000065000","tipo":"Urbano","sup_m2":1710.4},"geometry":{"type":"Polygon","coordinates":[[[-58.589452,-34.36561],[-58.590376,-34.365523],[-58.590362,-34.365343],[-58.589437,-34.36543],[-58.589452,-34.36561]]]}},{"type":"Feature","properties":{"partida":"357012782","cca":"357000100000000000000062300000000000066000","tipo":"Urbano","sup_m2":1710.4},"geometry":{"type":"Polygon","coordinates":[[[-58.589466,-34.36579],[-58.59039,-34.365703],[-58.590376,-34.365523],[-58.589452,-34.36561],[-58.589466,-34.36579]]]}},{"type":"Feature","properties":{"partida":"357012783","cca":"357000100000000000000062300000000000067000","tipo":"Urbano","sup_m2":1710.4},"geometry":{"type":"Polygon","coordinates":[[[-58.589481,-34.36597],[-58.590405,-34.365883],[-58.59039,-34.365703],[-58.589466,-34.36579],[-58.589481,-34.36597]]]}},{"type":"Feature","properties":{"partida":"357012784","cca":"357000100000000000000062300000000000068000","tipo":"Urbano","sup_m2":1710.4},"geometry":{"type":"Polygon","coordinates":[[[-58.589481,-34.36597],[-58.589495,-34.36615],[-58.590419,-34.366063],[-58.590405,-34.365883],[-58.589481,-34.36597]]]}},{"type":"Feature","properties":{"partida":null,"cca":"357000100000000000000062300000000000069000","tipo":null,"sup_m2":1710.4},"geometry":{"type":"Polygon","coordinates":[[[-58.589495,-34.36615],[-58.589509,-34.36633],[-58.590434,-34.366243],[-58.590419,-34.366063],[-58.589495,-34.36615]]]}},{"type":"Feature","properties":{"partida":"357012786","cca":"357000100000000000000062300000000000070000","tipo":"Urbano","sup_m2":19399.8},"geometry":{"type":"Polygon","coordinates":[[[-58.589509,-34.36633],[-58.58942,-34.365218],[-58.589351,-34.364351],[-58.588093,-34.365335],[-58.589222,-34.366703],[-58.58921,-34.366539],[-58.590448,-34.366423],[-58.590434,-34.366243],[-58.589509,-34.36633]]]}},{"type":"Feature","properties":{"partida":null,"cca":"357000100000000000000062300000000000071000","tipo":null,"sup_m2":3203.9},"geometry":{"type":"Polygon","coordinates":[[[-58.58921,-34.366539],[-58.589222,-34.366703],[-58.589346,-34.366853],[-58.590463,-34.366603],[-58.590448,-34.366423],[-58.58921,-34.366539]]]}},{"type":"Feature","properties":{"partida":"357012788","cca":"357000100000000000000062300000000000072000","tipo":"Urbano","sup_m2":2013.8},"geometry":{"type":"Polygon","coordinates":[[[-58.589346,-34.366853],[-58.589478,-34.367013],[-58.590477,-34.366783],[-58.590463,-34.366603],[-58.589346,-34.366853]]]}},{"type":"Feature","properties":{"partida":"357012789","cca":"357000100000000000000062300000000000073000","tipo":"Urbano","sup_m2":1699.0},"geometry":{"type":"Polygon","coordinates":[[[-58.589478,-34.367013],[-58.589595,-34.367155],[-58.590491,-34.366962],[-58.590477,-34.366783],[-58.589478,-34.367013]]]}},{"type":"Feature","properties":{"partida":"357012790","cca":"357000100000000000000062300000000000074000","tipo":"Urbano","sup_m2":1649.0},"geometry":{"type":"Polygon","coordinates":[[[-58.589595,-34.367155],[-58.589738,-34.367328],[-58.590506,-34.367142],[-58.590491,-34.366962],[-58.589595,-34.367155]]]}},{"type":"Feature","properties":{"partida":"357012791","cca":"357000100000000000000062300000000000075000","tipo":"Urbano","sup_m2":1334.8},"geometry":{"type":"Polygon","coordinates":[[[-58.589738,-34.367328],[-58.589864,-34.367481],[-58.59052,-34.367322],[-58.590506,-34.367142],[-58.589738,-34.367328]]]}},{"type":"Feature","properties":{"partida":"357012792","cca":"357000100000000000000062300000000000076000","tipo":"Urbano","sup_m2":1113.6},"geometry":{"type":"Polygon","coordinates":[[[-58.589864,-34.367481],[-58.589988,-34.367631],[-58.590535,-34.367502],[-58.59052,-34.367322],[-58.589864,-34.367481]]]}},{"type":"Feature","properties":{"partida":"357012793","cca":"357000100000000000000062300000000000077000","tipo":"Urbano","sup_m2":1091.2},"geometry":{"type":"Polygon","coordinates":[[[-58.589988,-34.367631],[-58.59009,-34.367755],[-58.590559,-34.367788],[-58.590535,-34.367502],[-58.589988,-34.367631]]]}},{"type":"Feature","properties":{"partida":"357012794","cca":"357000100000000000000062300000000000078000","tipo":"Urbano","sup_m2":936.1},"geometry":{"type":"Polygon","coordinates":[[[-58.590419,-34.368054],[-58.590559,-34.367788],[-58.59009,-34.367755],[-58.589997,-34.367835],[-58.590419,-34.368054]]]}},{"type":"Feature","properties":{"partida":"357012795","cca":"357000100000000000000062300000000000079000","tipo":"Urbano","sup_m2":906.5},"geometry":{"type":"Polygon","coordinates":[[[-58.589852,-34.36796],[-58.590316,-34.368201],[-58.590419,-34.368054],[-58.589997,-34.367835],[-58.589852,-34.36796]]]}},{"type":"Feature","properties":{"partida":"357012796","cca":"357000100000000000000062300000000000080000","tipo":"Urbano","sup_m2":952.1},"geometry":{"type":"Polygon","coordinates":[[[-58.589703,-34.368088],[-58.590235,-34.368335],[-58.590316,-34.368201],[-58.589852,-34.36796],[-58.589703,-34.368088]]]}},{"type":"Feature","properties":{"partida":"357012797","cca":"357000100000000000000062300000000000081000","tipo":"Urbano","sup_m2":1165.5},"geometry":{"type":"Polygon","coordinates":[[[-58.589544,-34.368224],[-58.590135,-34.368488],[-58.590235,-34.368335],[-58.589703,-34.368088],[-58.589544,-34.368224]]]}},{"type":"Feature","properties":{"partida":"357012798","cca":"357000100000000000000062300000000000082000","tipo":"Urbano","sup_m2":1239.5},"geometry":{"type":"Polygon","coordinates":[[[-58.58939,-34.368357],[-58.590036,-34.368637],[-58.590135,-34.368488],[-58.589544,-34.368224],[-58.58939,-34.368357]]]}},{"type":"Feature","properties":{"partida":"357012799","cca":"357000100000000000000062300000000000083000","tipo":"Urbano","sup_m2":1398.5},"geometry":{"type":"Polygon","coordinates":[[[-58.589232,-34.368492],[-58.589931,-34.368795],[-58.590036,-34.368637],[-58.58939,-34.368357],[-58.589232,-34.368492]]]}},{"type":"Feature","properties":{"partida":"357012800","cca":"357000100000000000000062300000000000084000","tipo":"Rural","sup_m2":17827.0},"geometry":{"type":"Polygon","coordinates":[[[-58.58833,-34.369969],[-58.588987,-34.370217],[-58.589931,-34.368795],[-58.589232,-34.368492],[-58.587763,-34.369767],[-58.58833,-34.369969]]]}},{"type":"Feature","properties":{"partida":"357012816","cca":"357000100000000000000062400A00000000014000","tipo":"Urbano","sup_m2":2045.3},"geometry":{"type":"Polygon","coordinates":[[[-58.580291,-34.361597],[-58.580317,-34.36154],[-58.580325,-34.361454],[-58.579008,-34.361562],[-58.579023,-34.36173],[-58.580291,-34.361597]]]}},{"type":"Feature","properties":{"partida":"357012817","cca":"357000100000000000000062400A00000000015000","tipo":"Urbano","sup_m2":2212.8},"geometry":{"type":"Polygon","coordinates":[[[-58.580241,-34.361778],[-58.580255,-34.361672],[-58.580291,-34.361597],[-58.579023,-34.36173],[-58.579038,-34.361905],[-58.580241,-34.361778]]]}},{"type":"Feature","properties":{"partida":"357012818","cca":"357000100000000000000062400A00000000016000","tipo":"Urbano","sup_m2":1954.4},"geometry":{"type":"Polygon","coordinates":[[[-58.580241,-34.361778],[-58.579038,-34.361905],[-58.579055,-34.362063],[-58.580231,-34.361942],[-58.580237,-34.361809],[-58.580241,-34.361778]]]}},{"type":"Feature","properties":{"partida":"357012819","cca":"357000100000000000000062400A00000000017000","tipo":"Urbano","sup_m2":1977.3},"geometry":{"type":"Polygon","coordinates":[[[-58.580259,-34.362092],[-58.58023,-34.361976],[-58.580231,-34.361942],[-58.579055,-34.362063],[-58.579073,-34.362194],[-58.579074,-34.362237],[-58.580259,-34.362092]]]}},{"type":"Feature","properties":{"partida":"357012820","cca":"357000100000000000000062400A00000000018000","tipo":"Urbano","sup_m2":3366.0},"geometry":{"type":"Polygon","coordinates":[[[-58.579071,-34.362496],[-58.580385,-34.362353],[-58.580287,-34.362205],[-58.580259,-34.362092],[-58.579074,-34.362237],[-58.579076,-34.36239],[-58.579071,-34.362496]]]}},{"type":"Feature","properties":{"partida":"357012821","cca":"357000100000000000000062400A00000000019000","tipo":"Urbano","sup_m2":1818.8},"geometry":{"type":"Polygon","coordinates":[[[-58.579503,-34.362449],[-58.579071,-34.362496],[-58.579074,-34.362885],[-58.579583,-34.362806],[-58.579503,-34.362449]]]}},{"type":"Feature","properties":{"partida":"357012822","cca":"357000100000000000000062400A00000000020000","tipo":"Urbano","sup_m2":845.9},"geometry":{"type":"Polygon","coordinates":[[[-58.579737,-34.362424],[-58.579503,-34.362449],[-58.579583,-34.362806],[-58.579806,-34.362771],[-58.579737,-34.362424]]]}},{"type":"Feature","properties":{"partida":"357012823","cca":"357000100000000000000062400A00000000021000","tipo":"Urbano","sup_m2":804.4},"geometry":{"type":"Polygon","coordinates":[[[-58.580036,-34.362736],[-58.579955,-34.3624],[-58.579737,-34.362424],[-58.579806,-34.362771],[-58.580036,-34.362736]]]}},{"type":"Feature","properties":{"partida":"357012824","cca":"357000100000000000000062400A00000000022000","tipo":"Urbano","sup_m2":819.1},"geometry":{"type":"Polygon","coordinates":[[[-58.579955,-34.3624],[-58.580036,-34.362736],[-58.580267,-34.3627],[-58.580194,-34.362374],[-58.579955,-34.3624]]]}},{"type":"Feature","properties":{"partida":"357012825","cca":"357000100000000000000062400A00000000023000","tipo":"Urbano","sup_m2":959.0},"geometry":{"type":"Polygon","coordinates":[[[-58.580385,-34.362353],[-58.580194,-34.362374],[-58.580267,-34.3627],[-58.580676,-34.362636],[-58.580629,-34.36261],[-58.580513,-34.362496],[-58.580429,-34.362419],[-58.580385,-34.362353]]]}},{"type":"Feature","properties":{"partida":"357012826","cca":"357000100000000000000062400B00000000001000","tipo":"Urbano","sup_m2":4443.4},"geometry":{"type":"Polygon","coordinates":[[[-58.583302,-34.36264],[-58.583503,-34.363641],[-58.583795,-34.363598],[-58.58378,-34.36353],[-58.583838,-34.363344],[-58.583837,-34.363233],[-58.583807,-34.363173],[-58.583938,-34.362997],[-58.583967,-34.362898],[-58.583937,-34.362809],[-58.583863,-34.362766],[-58.583736,-34.362734],[-58.583657,-34.362681],[-58.583582,-34.362624],[-58.583441,-34.362617],[-58.583302,-34.36264]]]}},{"type":"Feature","properties":{"partida":"357012827","cca":"357000100000000000000062400B00000000002000","tipo":"Urbano","sup_m2":2506.3},"geometry":{"type":"Polygon","coordinates":[[[-58.583503,-34.363641],[-58.583302,-34.36264],[-58.583267,-34.362646],[-58.583151,-34.362641],[-58.583045,-34.362614],[-58.58328,-34.363673],[-58.583503,-34.363641]]]}},{"type":"Feature","properties":{"partida":"357012828","cca":"357000100000000000000062400B00000000003000","tipo":"Urbano","sup_m2":2690.3},"geometry":{"type":"Polygon","coordinates":[[[-58.582814,-34.362589],[-58.583033,-34.363708],[-58.58328,-34.363673],[-58.583045,-34.362614],[-58.582924,-34.362583],[-58.582814,-34.362589]]]}},{"type":"Feature","properties":{"partida":"357012829","cca":"357000100000000000000062400B00000000004000","tipo":"Urbano","sup_m2":2703.9},"geometry":{"type":"Polygon","coordinates":[[[-58.583033,-34.363708],[-58.582814,-34.362589],[-58.582705,-34.362594],[-58.58259,-34.362631],[-58.582799,-34.363742],[-58.583033,-34.363708]]]}},{"type":"Feature","properties":{"partida":"357012830","cca":"357000100000000000000062400B00000000005000","tipo":"Urbano","sup_m2":2655.8},"geometry":{"type":"Polygon","coordinates":[[[-58.582356,-34.362702],[-58.582577,-34.363774],[-58.582799,-34.363742],[-58.58259,-34.362631],[-58.582396,-34.362692],[-58.582356,-34.362702]]]}},{"type":"Feature","properties":{"partida":"357012831","cca":"357000100000000000000062400B00000000006000","tipo":"Urbano","sup_m2":2262.1},"geometry":{"type":"Polygon","coordinates":[[[-58.582577,-34.363774],[-58.582356,-34.362702],[-58.582248,-34.36273],[-58.582159,-34.362738],[-58.582371,-34.363804],[-58.582577,-34.363774]]]}},{"type":"Feature","properties":{"partida":"357012832","cca":"357000100000000000000062400B00000000007000","tipo":"Urbano","sup_m2":2281.9},"geometry":{"type":"Polygon","coordinates":[[[-58.582371,-34.363804],[-58.582159,-34.362738],[-58.582058,-34.362747],[-58.581951,-34.362785],[-58.582174,-34.363832],[-58.582371,-34.363804]]]}},{"type":"Feature","properties":{"partida":"357012833","cca":"357000100000000000000062400B00000000008000","tipo":"Urbano","sup_m2":2246.5},"geometry":{"type":"Polygon","coordinates":[[[-58.58175,-34.362818],[-58.581966,-34.363863],[-58.582174,-34.363832],[-58.581951,-34.362785],[-58.58189,-34.362807],[-58.58175,-34.362818]]]}},{"type":"Feature","properties":{"partida":"357012834","cca":"357000100000000000000062400B00000000009000","tipo":"Urbano","sup_m2":2222.1},"geometry":{"type":"Polygon","coordinates":[[[-58.581552,-34.362881],[-58.581763,-34.363892],[-58.581966,-34.363863],[-58.58175,-34.362818],[-58.581685,-34.362823],[-58.581552,-34.362881]]]}},{"type":"Feature","properties":{"partida":"357012835","cca":"357000100000000000000062400B00000000010000","tipo":"Urbano","sup_m2":2076.1},"geometry":{"type":"Polygon","coordinates":[[[-58.581763,-34.363892],[-58.581572,-34.362977],[-58.581552,-34.362881],[-58.581441,-34.362928],[-58.581364,-34.362945],[-58.581558,-34.363921],[-58.581763,-34.363892]]]}},{"type":"Feature","properties":{"partida":"357012836","cca":"357000100000000000000062400B00000000011000","tipo":"Urbano","sup_m2":2099.3},"geometry":{"type":"Polygon","coordinates":[[[-58.581558,-34.363921],[-58.581364,-34.362945],[-58.581174,-34.362984],[-58.581152,-34.362976],[-58.581358,-34.36395],[-58.581558,-34.363921]]]}},{"type":"Feature","properties":{"partida":"357012837","cca":"357000100000000000000062400B00000000012000","tipo":"Urbano","sup_m2":2113.5},"geometry":{"type":"Polygon","coordinates":[[[-58.581358,-34.36395],[-58.581152,-34.362976],[-58.581083,-34.362951],[-58.580935,-34.362864],[-58.58116,-34.363978],[-58.581358,-34.36395]]]}},{"type":"Feature","properties":{"partida":"357012838","cca":"357000100000000000000062400B00000000013000","tipo":"Urbano","sup_m2":2312.2},"geometry":{"type":"Polygon","coordinates":[[[-58.580721,-34.362717],[-58.580971,-34.364004],[-58.58116,-34.363978],[-58.580935,-34.362864],[-58.580885,-34.362834],[-58.580721,-34.362717]]]}},{"type":"Feature","properties":{"partida":"357012839","cca":"357000100000000000000062400B00000000014000","tipo":"Urbano","sup_m2":2537.7},"geometry":{"type":"Polygon","coordinates":[[[-58.580518,-34.362738],[-58.580798,-34.364027],[-58.580971,-34.364004],[-58.580721,-34.362717],[-58.580713,-34.362711],[-58.580518,-34.362738]]]}},{"type":"Feature","properties":{"partida":"357012840","cca":"357000100000000000000062400B00000000015000","tipo":"Urbano","sup_m2":1219.7},"geometry":{"type":"Polygon","coordinates":[[[-58.580658,-34.363383],[-58.580518,-34.362738],[-58.580356,-34.362761],[-58.580457,-34.363403],[-58.580658,-34.363383]]]}},{"type":"Feature","properties":{"partida":"357012841","cca":"357000100000000000000062400B00000000016000","tipo":"Urbano","sup_m2":1383.2},"geometry":{"type":"Polygon","coordinates":[[[-58.580258,-34.363424],[-58.580457,-34.363403],[-58.580356,-34.362761],[-58.58014,-34.362791],[-58.580258,-34.363424]]]}},{"type":"Feature","properties":{"partida":"357012842","cca":"357000100000000000000062400B00000000017000","tipo":"Urbano","sup_m2":1273.3},"geometry":{"type":"Polygon","coordinates":[[[-58.580258,-34.363424],[-58.58014,-34.362791],[-58.579948,-34.362817],[-58.580062,-34.363443],[-58.580258,-34.363424]]]}},{"type":"Feature","properties":{"partida":"357012843","cca":"357000100000000000000062400B00000000018000","tipo":"Urbano","sup_m2":1336.9},"geometry":{"type":"Polygon","coordinates":[[[-58.579741,-34.362846],[-58.579857,-34.363464],[-58.580062,-34.363443],[-58.579948,-34.362817],[-58.579741,-34.362846]]]}},{"type":"Feature","properties":{"partida":"357012844","cca":"357000100000000000000062400B00000000019000","tipo":"Urbano","sup_m2":1156.6},"geometry":{"type":"Polygon","coordinates":[[[-58.579775,-34.363027],[-58.579741,-34.362846],[-58.579065,-34.36294],[-58.579058,-34.362994],[-58.579066,-34.363081],[-58.579775,-34.363027]]]}},{"type":"Feature","properties":{"partida":"357012845","cca":"357000100000000000000062400B00000000020000","tipo":"Urbano","sup_m2":1383.0},"geometry":{"type":"Polygon","coordinates":[[[-58.57981,-34.363215],[-58.579775,-34.363027],[-58.579066,-34.363081],[-58.57907,-34.363121],[-58.579073,-34.363265],[-58.57981,-34.363215]]]}},{"type":"Feature","properties":{"partida":"357012846","cca":"357000100000000000000062400B00000000021000","tipo":"Urbano","sup_m2":1346.9},"geometry":{"type":"Polygon","coordinates":[[[-58.579842,-34.363387],[-58.57981,-34.363215],[-58.579073,-34.363265],[-58.579086,-34.363415],[-58.579096,-34.363444],[-58.579842,-34.363387]]]}},{"type":"Feature","properties":{"partida":"357012847","cca":"357000100000000000000062400B00000000022000","tipo":"Urbano","sup_m2":1349.7},"geometry":{"type":"Polygon","coordinates":[[[-58.579866,-34.363566],[-58.579857,-34.363464],[-58.579842,-34.363387],[-58.579096,-34.363444],[-58.579124,-34.363517],[-58.579116,-34.363618],[-58.579866,-34.363566]]]}},{"type":"Feature","properties":{"partida":"357012848","cca":"357000100000000000000062400B00000000023000","tipo":"Urbano","sup_m2":1392.5},"geometry":{"type":"Polygon","coordinates":[[[-58.579881,-34.363738],[-58.579866,-34.363566],[-58.579116,-34.363618],[-58.579112,-34.363669],[-58.579119,-34.363804],[-58.579881,-34.363738]]]}},{"type":"Feature","properties":{"partida":"357012849","cca":"357000100000000000000062400B00000000024000","tipo":"Urbano","sup_m2":1421.2},"geometry":{"type":"Polygon","coordinates":[[[-58.579896,-34.363922],[-58.579881,-34.363738],[-58.579119,-34.363804],[-58.57912,-34.363827],[-58.579113,-34.363882],[-58.579133,-34.363981],[-58.579896,-34.363922]]]}},{"type":"Feature","properties":{"partida":"357012850","cca":"357000100000000000000062400B00000000025000","tipo":"Urbano","sup_m2":1422.2},"geometry":{"type":"Polygon","coordinates":[[[-58.579896,-34.363922],[-58.579133,-34.363981],[-58.579141,-34.364025],[-58.579117,-34.36416],[-58.579912,-34.364103],[-58.579896,-34.363922]]]}},{"type":"Feature","properties":{"partida":"357012851","cca":"357000100000000000000062400B00000000026000","tipo":"Urbano","sup_m2":1300.9},"geometry":{"type":"Polygon","coordinates":[[[-58.579857,-34.363464],[-58.579912,-34.364103],[-58.580102,-34.364089],[-58.580062,-34.363443],[-58.579857,-34.363464]]]}},{"type":"Feature","properties":{"partida":"357012852","cca":"357000100000000000000062400B00000000027000","tipo":"Urbano","sup_m2":1369.1},"geometry":{"type":"Polygon","coordinates":[[[-58.580258,-34.363424],[-58.580062,-34.363443],[-58.580102,-34.364089],[-58.580317,-34.364074],[-58.580258,-34.363424]]]}},{"type":"Feature","properties":{"partida":"357012853","cca":"357000100000000000000062400B00000000028000","tipo":"Urbano","sup_m2":1370.4},"geometry":{"type":"Polygon","coordinates":[[[-58.580457,-34.363403],[-58.580258,-34.363424],[-58.580317,-34.364074],[-58.580526,-34.364058],[-58.580457,-34.363403]]]}},{"type":"Feature","properties":{"partida":"357012854","cca":"357000100000000000000062400B00000000029000","tipo":"Urbano","sup_m2":1603.5},"geometry":{"type":"Polygon","coordinates":[[[-58.580457,-34.363403],[-58.580526,-34.364058],[-58.580623,-34.364051],[-58.580798,-34.364027],[-58.580658,-34.363383],[-58.580457,-34.363403]]]}},{"type":"Feature","properties":{"partida":"357000212","cca":"357000100000000000000062400C00000000001000","tipo":"Urbano","sup_m2":3484.6},"geometry":{"type":"Polygon","coordinates":[[[-58.582933,-34.364525],[-58.583023,-34.364522],[-58.583128,-34.364506],[-58.583163,-34.364452],[-58.583248,-34.364395],[-58.583318,-34.36433],[-58.583331,-34.364284],[-58.583346,-34.364203],[-58.583393,-34.364112],[-58.583384,-34.363961],[-58.583451,-34.363854],[-58.583639,-34.363739],[-58.58281,-34.363855],[-58.582933,-34.364525]]]}},{"type":"Feature","properties":{"partida":"357000213","cca":"357000100000000000000062400C00000000002000","tipo":"Urbano","sup_m2":1324.0},"geometry":{"type":"Polygon","coordinates":[[[-58.582933,-34.364525],[-58.58281,-34.363855],[-58.582616,-34.363882],[-58.582753,-34.364561],[-58.582786,-34.364557],[-58.582871,-34.364527],[-58.582933,-34.364525]]]}},{"type":"Feature","properties":{"partida":"357000214","cca":"357000100000000000000062400C00000000003000","tipo":"Urbano","sup_m2":1322.5},"geometry":{"type":"Polygon","coordinates":[[[-58.582753,-34.364561],[-58.582616,-34.363882],[-58.582428,-34.363908],[-58.582568,-34.36458],[-58.582615,-34.364577],[-58.582753,-34.364561]]]}},{"type":"Feature","properties":{"partida":"357000215","cca":"357000100000000000000062400C00000000004000","tipo":"Urbano","sup_m2":1295.5},"geometry":{"type":"Polygon","coordinates":[[[-58.582568,-34.36458],[-58.582428,-34.363908],[-58.58224,-34.363935],[-58.582382,-34.364598],[-58.582441,-34.36458],[-58.582539,-34.364582],[-58.582568,-34.36458]]]}},{"type":"Feature","properties":{"partida":"357000216","cca":"357000100000000000000062400C00000000005000","tipo":"Urbano","sup_m2":1372.4},"geometry":{"type":"Polygon","coordinates":[[[-58.582382,-34.364598],[-58.58224,-34.363935],[-58.582047,-34.363962],[-58.582184,-34.364629],[-58.582341,-34.36461],[-58.582382,-34.364598]]]}},{"type":"Feature","properties":{"partida":"357000217","cca":"357000100000000000000062400C00000000006000","tipo":"Urbano","sup_m2":1349.0},"geometry":{"type":"Polygon","coordinates":[[[-58.582184,-34.364629],[-58.582047,-34.363962],[-58.581855,-34.363988],[-58.581992,-34.364659],[-58.582091,-34.364639],[-58.582184,-34.364629]]]}},{"type":"Feature","properties":{"partida":"357000218","cca":"357000100000000000000062400C00000000007000","tipo":"Urbano","sup_m2":1371.7},"geometry":{"type":"Polygon","coordinates":[[[-58.581992,-34.364659],[-58.581855,-34.363988],[-58.581661,-34.364016],[-58.581793,-34.364679],[-58.581992,-34.364659]]]}},{"type":"Feature","properties":{"partida":"357000219","cca":"357000100000000000000062400C00000000008000","tipo":"Urbano","sup_m2":1392.2},"geometry":{"type":"Polygon","coordinates":[[[-58.581793,-34.364679],[-58.581661,-34.364016],[-58.581462,-34.364043],[-58.581596,-34.364715],[-58.581793,-34.364679]]]}},{"type":"Feature","properties":{"partida":"357000220","cca":"357000100000000000000062400C00000000009000","tipo":"Urbano","sup_m2":1345.8},"geometry":{"type":"Polygon","coordinates":[[[-58.581596,-34.364715],[-58.581462,-34.364043],[-58.581269,-34.36407],[-58.581405,-34.364739],[-58.581596,-34.364715]]]}},{"type":"Feature","properties":{"partida":"357000221","cca":"357000100000000000000062400C00000000010000","tipo":"Urbano","sup_m2":1348.3},"geometry":{"type":"Polygon","coordinates":[[[-58.581405,-34.364739],[-58.581269,-34.36407],[-58.581078,-34.364097],[-58.581211,-34.364761],[-58.581279,-34.364759],[-58.581405,-34.364739]]]}},{"type":"Feature","properties":{"partida":"357000222","cca":"357000100000000000000062400C00000000011000","tipo":"Urbano","sup_m2":1422.1},"geometry":{"type":"Polygon","coordinates":[[[-58.581211,-34.364761],[-58.581078,-34.364097],[-58.580875,-34.364125],[-58.581007,-34.364792],[-58.581065,-34.364787],[-58.581173,-34.364762],[-58.581211,-34.364761]]]}},{"type":"Feature","properties":{"partida":"357000223","cca":"357000100000000000000062400C00000000012000","tipo":"Urbano","sup_m2":1407.9},"geometry":{"type":"Polygon","coordinates":[[[-58.581007,-34.364792],[-58.580875,-34.364125],[-58.580676,-34.364153],[-58.580803,-34.364823],[-58.580917,-34.3648],[-58.581007,-34.364792]]]}},{"type":"Feature","properties":{"partida":"357000224","cca":"357000100000000000000062400C00000000013000","tipo":"Urbano","sup_m2":1622.5},"geometry":{"type":"Polygon","coordinates":[[[-58.580803,-34.364823],[-58.580676,-34.364153],[-58.580485,-34.364167],[-58.580548,-34.36491],[-58.580604,-34.364887],[-58.580689,-34.364833],[-58.580803,-34.364823]]]}},{"type":"Feature","properties":{"partida":"357000225","cca":"357000100000000000000062400C00000000014000","tipo":"Urbano","sup_m2":1647.2},"geometry":{"type":"Polygon","coordinates":[[[-58.580548,-34.36491],[-58.580485,-34.364167],[-58.580277,-34.36418],[-58.58035,-34.36499],[-58.580401,-34.364971],[-58.580548,-34.36491]]]}},{"type":"Feature","properties":{"partida":"357000226","cca":"357000100000000000000062400C00000000015000","tipo":"Urbano","sup_m2":1637.4},"geometry":{"type":"Polygon","coordinates":[[[-58.58035,-34.36499],[-58.580277,-34.36418],[-58.580093,-34.364192],[-58.580157,-34.365052],[-58.580178,-34.365051],[-58.58035,-34.36499]]]}},{"type":"Feature","properties":{"partida":"357000227","cca":"357000100000000000000062400C00000000016000","tipo":"Urbano","sup_m2":1675.5},"geometry":{"type":"Polygon","coordinates":[[[-58.57989,-34.364205],[-58.579964,-34.365],[-58.57999,-34.365008],[-58.580081,-34.365053],[-58.580157,-34.365052],[-58.580093,-34.364192],[-58.57989,-34.364205]]]}},{"type":"Feature","properties":{"partida":"357012855","cca":"357000100000000000000062400C00000000017000","tipo":"Urbano","sup_m2":1283.7},"geometry":{"type":"Polygon","coordinates":[[[-58.579902,-34.364337],[-58.57989,-34.364205],[-58.579162,-34.364253],[-58.57918,-34.364302],[-58.579184,-34.364396],[-58.579218,-34.364466],[-58.579902,-34.364337]]]}},{"type":"Feature","properties":{"partida":"357000228","cca":"357000100000000000000062400C00000000018000","tipo":"Urbano","sup_m2":1242.0},"geometry":{"type":"Polygon","coordinates":[[[-58.579919,-34.364514],[-58.579902,-34.364337],[-58.579218,-34.364466],[-58.579248,-34.364529],[-58.579246,-34.364569],[-58.579277,-34.364642],[-58.579919,-34.364514]]]}},{"type":"Feature","properties":{"partida":"357012856","cca":"357000100000000000000062400C00000000019000","tipo":"Urbano","sup_m2":1216.6},"geometry":{"type":"Polygon","coordinates":[[[-58.579919,-34.364514],[-58.579277,-34.364642],[-58.579307,-34.364786],[-58.579326,-34.364828],[-58.579935,-34.364693],[-58.579919,-34.364514]]]}},{"type":"Feature","properties":{"partida":"357012857","cca":"357000100000000000000062400C00000000020000","tipo":"Urbano","sup_m2":1261.9},"geometry":{"type":"Polygon","coordinates":[[[-58.579935,-34.364693],[-58.579529,-34.364783],[-58.579326,-34.364828],[-58.579363,-34.364914],[-58.579432,-34.364983],[-58.579506,-34.364968],[-58.579722,-34.364947],[-58.57986,-34.364969],[-58.579964,-34.365],[-58.579935,-34.364693]]]}},{"type":"Feature","properties":{"partida":"357012858","cca":"357000100000000000000062400D00000000000000","tipo":"Rural","sup_m2":54649.6},"geometry":{"type":"Polygon","coordinates":[[[-58.582975,-34.364524],[-58.583273,-34.364765],[-58.584751,-34.366024],[-58.586223,-34.365246],[-58.584894,-34.363331],[-58.584643,-34.362914],[-58.583863,-34.362766],[-58.583937,-34.362809],[-58.583967,-34.362898],[-58.583938,-34.362997],[-58.583807,-34.363173],[-58.583837,-34.363233],[-58.583838,-34.363344],[-58.58378,-34.36353],[-58.583795,-34.363598],[-58.583639,-34.363739],[-58.583451,-34.363854],[-58.583384,-34.363961],[-58.583393,-34.364112],[-58.583346,-34.364203],[-58.583331,-34.364284],[-58.583318,-34.36433],[-58.583248,-34.364395],[-58.583163,-34.364452],[-58.583128,-34.364506],[-58.583023,-34.364522],[-58.582975,-34.364524]]]}},{"type":"Feature","properties":{"partida":"357013076","cca":"35700010000000000000006250000000000000400A","tipo":"Urbano","sup_m2":3223.5},"geometry":{"type":"Polygon","coordinates":[[[-58.579533,-34.372237],[-58.579506,-34.372832],[-58.580137,-34.373131],[-58.58017,-34.373095],[-58.580357,-34.372791],[-58.58022,-34.372731],[-58.58007,-34.372708],[-58.579806,-34.372611],[-58.579533,-34.372237]]]}},{"type":"Feature","properties":{"partida":"357000238","cca":"35700010000000000000006290000000000000100A","tipo":"Rural","sup_m2":3020.7},"geometry":{"type":"Polygon","coordinates":[[[-58.594627,-34.364801],[-58.594656,-34.364645],[-58.592934,-34.363986],[-58.592919,-34.364122],[-58.59292,-34.364159],[-58.594627,-34.364801]]]}},{"type":"Feature","properties":{"partida":"357013014","cca":"35700010000000000000006290000000000000100B","tipo":"Urbano","sup_m2":3441.8},"geometry":{"type":"Polygon","coordinates":[[[-58.59459,-34.364997],[-58.594627,-34.364801],[-58.59292,-34.364159],[-58.592921,-34.364187],[-58.592891,-34.364245],[-58.592917,-34.364269],[-58.5929,-34.364337],[-58.59459,-34.364997]]]}},{"type":"Feature","properties":{"partida":"357013015","cca":"35700010000000000000006290000000000000100C","tipo":"Urbano","sup_m2":2839.7},"geometry":{"type":"Polygon","coordinates":[[[-58.5929,-34.364337],[-58.592884,-34.364403],[-58.59289,-34.364466],[-58.592884,-34.364508],[-58.594564,-34.36514],[-58.59459,-34.364997],[-58.5929,-34.364337]]]}},{"type":"Feature","properties":{"partida":"357000239","cca":"35700010000000000000006290000000000000100D","tipo":"Urbano","sup_m2":33977.4},"geometry":{"type":"Polygon","coordinates":[[[-58.593471,-34.365066],[-58.593351,-34.365308],[-58.592747,-34.365101],[-58.592732,-34.365142],[-58.592751,-34.365168],[-58.592744,-34.365233],[-58.592676,-34.365281],[-58.596142,-34.366376],[-58.596597,-34.365892],[-58.596623,-34.365398],[-58.594656,-34.364645],[-58.594564,-34.36514],[-58.592884,-34.364508],[-58.592877,-34.364564],[-58.592837,-34.364662],[-58.593698,-34.364964],[-58.593823,-34.365187],[-58.593471,-34.365066]]]}},{"type":"Feature","properties":{"partida":"357000240","cca":"35700010000000000000006290000000000000200A","tipo":"Urbano","sup_m2":1732.1},"geometry":{"type":"Polygon","coordinates":[[[-58.592821,-34.364842],[-58.593471,-34.365066],[-58.593823,-34.365187],[-58.593698,-34.364964],[-58.592837,-34.364662],[-58.592829,-34.364779],[-58.592821,-34.364842]]]}},{"type":"Feature","properties":{"partida":"357000241","cca":"35700010000000000000006290000000000000200C","tipo":"Urbano","sup_m2":856.0},"geometry":{"type":"Polygon","coordinates":[[[-58.593416,-34.365178],[-58.593471,-34.365066],[-58.592821,-34.364842],[-58.592813,-34.364898],[-58.592776,-34.364958],[-58.593416,-34.365178]]]}},{"type":"Feature","properties":{"partida":"357013016","cca":"35700010000000000000006290000000000000200D","tipo":"Urbano","sup_m2":982.9},"geometry":{"type":"Polygon","coordinates":[[[-58.593416,-34.365178],[-58.592776,-34.364958],[-58.592763,-34.364979],[-58.592733,-34.365043],[-58.592753,-34.365086],[-58.592747,-34.365101],[-58.593351,-34.365308],[-58.593416,-34.365178]]]}},{"type":"Feature","properties":{"partida":null,"cca":"357000100000000000000062900000000000003000","tipo":null,"sup_m2":38838.2},"geometry":{"type":"Polygon","coordinates":[[[-58.595507,-34.367081],[-58.595946,-34.366585],[-58.596123,-34.366396],[-58.592658,-34.365318],[-58.592643,-34.365402],[-58.59268,-34.36544],[-58.592641,-34.365538],[-58.592644,-34.365601],[-58.592637,-34.365645],[-58.59262,-34.365711],[-58.592583,-34.365788],[-58.592374,-34.366765],[-58.595507,-34.367081]]]}},{"type":"Feature","properties":{"partida":"357013018","cca":"35700010000000000000006290000000000000400A","tipo":"Rural","sup_m2":19189.7},"geometry":{"type":"Polygon","coordinates":[[[-58.592915,-34.367458],[-58.592909,-34.367629],[-58.59286,-34.367797],[-58.59311,-34.367813],[-58.595141,-34.367494],[-58.595507,-34.367081],[-58.592374,-34.366765],[-58.59235,-34.366875],[-58.592325,-34.367055],[-58.592958,-34.3671],[-58.59294,-34.367279],[-58.592915,-34.367458]]]}},{"type":"Feature","properties":{"partida":"357000258","cca":"35700010000000000000006290000000000000400B","tipo":"Urbano","sup_m2":1174.5},"geometry":{"type":"Polygon","coordinates":[[[-58.59294,-34.367279],[-58.592958,-34.3671],[-58.592325,-34.367055],[-58.592301,-34.367234],[-58.59294,-34.367279]]]}},{"type":"Feature","properties":{"partida":"357000259","cca":"35700010000000000000006290000000000000400C","tipo":"Urbano","sup_m2":1180.3},"geometry":{"type":"Polygon","coordinates":[[[-58.59294,-34.367279],[-58.592301,-34.367234],[-58.592276,-34.367413],[-58.592915,-34.367458],[-58.59294,-34.367279]]]}},{"type":"Feature","properties":{"partida":"357000260","cca":"35700010000000000000006290000000000000400D","tipo":"Urbano","sup_m2":1144.0},"geometry":{"type":"Polygon","coordinates":[[[-58.592909,-34.367629],[-58.592915,-34.367458],[-58.592276,-34.367413],[-58.592258,-34.367589],[-58.592909,-34.367629]]]}},{"type":"Feature","properties":{"partida":"357000261","cca":"35700010000000000000006290000000000000400G","tipo":"Urbano","sup_m2":994.7},"geometry":{"type":"Polygon","coordinates":[[[-58.592909,-34.367629],[-58.592258,-34.367589],[-58.592216,-34.367767],[-58.592411,-34.367765],[-58.592876,-34.367741],[-58.592909,-34.367629]]]}},{"type":"Feature","properties":{"partida":"357020423","cca":"35700010000000000000006290000000000000400H","tipo":"Urbano","sup_m2":995.2},"geometry":{"type":"Polygon","coordinates":[[[-58.592876,-34.367741],[-58.592411,-34.367765],[-58.592216,-34.367767],[-58.5922,-34.367851],[-58.592173,-34.367935],[-58.592158,-34.367961],[-58.592844,-34.367854],[-58.592876,-34.367741]]]}},{"type":"Feature","properties":{"partida":"357000262","cca":"35700010000000000000006290000000000000500A","tipo":"Rural","sup_m2":8807.8},"geometry":{"type":"Polygon","coordinates":[[[-58.593153,-34.368582],[-58.59369,-34.36831],[-58.594911,-34.367698],[-58.595027,-34.367601],[-58.595141,-34.367494],[-58.59311,-34.367813],[-58.593153,-34.368582]]]}},{"type":"Feature","properties":{"partida":"357000263","cca":"35700010000000000000006290000000000000500C","tipo":"Urbano","sup_m2":1688.7},"geometry":{"type":"Polygon","coordinates":[[[-58.59311,-34.367813],[-58.592158,-34.367961],[-58.592201,-34.368152],[-58.593119,-34.367966],[-58.59311,-34.367813]]]}},{"type":"Feature","properties":{"partida":"357000264","cca":"35700010000000000000006290000000000000500D","tipo":"Urbano","sup_m2":1446.9},"geometry":{"type":"Polygon","coordinates":[[[-58.592201,-34.368318],[-58.593127,-34.368107],[-58.593119,-34.367966],[-58.592201,-34.368152],[-58.592201,-34.368318]]]}},{"type":"Feature","properties":{"partida":"357000265","cca":"35700010000000000000006290000000000000500E","tipo":"Urbano","sup_m2":1573.8},"geometry":{"type":"Polygon","coordinates":[[[-58.593127,-34.368107],[-58.592201,-34.368318],[-58.592201,-34.368474],[-58.592208,-34.368516],[-58.593134,-34.368236],[-58.593127,-34.368107]]]}},{"type":"Feature","properties":{"partida":"357000266","cca":"35700010000000000000006290000000000000500F","tipo":"Urbano","sup_m2":1246.7},"geometry":{"type":"Polygon","coordinates":[[[-58.592208,-34.368516],[-58.592231,-34.368661],[-58.59314,-34.368348],[-58.593134,-34.368236],[-58.592208,-34.368516]]]}},{"type":"Feature","properties":{"partida":"357000267","cca":"35700010000000000000006290000000000000500G","tipo":"Urbano","sup_m2":1416.7},"geometry":{"type":"Polygon","coordinates":[[[-58.59314,-34.368348],[-58.592231,-34.368661],[-58.592275,-34.368842],[-58.593146,-34.368459],[-58.59314,-34.368348]]]}},{"type":"Feature","properties":{"partida":"357000268","cca":"35700010000000000000006290000000000000500H","tipo":"Urbano","sup_m2":1311.8},"geometry":{"type":"Polygon","coordinates":[[[-58.593146,-34.368459],[-58.592275,-34.368842],[-58.592298,-34.368881],[-58.592328,-34.368915],[-58.592352,-34.368989],[-58.593153,-34.368582],[-58.593146,-34.368459]]]}},{"type":"Feature","properties":{"partida":null,"cca":"35700010000000000000006290000000000000500I","tipo":null,"sup_m2":74.5},"geometry":{"type":"Polygon","coordinates":[[[-58.592844,-34.367854],[-58.59311,-34.367813],[-58.59286,-34.367797],[-58.592844,-34.367854]]]}},{"type":"Feature","properties":{"partida":"357013019","cca":"357000100000000000000063000000000000000000","tipo":"Rural","sup_m2":480752.4},"geometry":{"type":"Polygon","coordinates":[[[-58.584752,-34.37259],[-58.587702,-34.369998],[-58.587763,-34.369767],[-58.589232,-34.368492],[-58.59009,-34.367755],[-58.588093,-34.365335],[-58.587368,-34.364754],[-58.58629,-34.365342],[-58.586223,-34.365246],[-58.581127,-34.367936],[-58.580954,-34.368902],[-58.579878,-34.369864],[-58.579369,-34.370758],[-58.57924,-34.371234],[-58.57941,-34.371824],[-58.57998,-34.372566],[-58.580394,-34.372713],[-58.581419,-34.372091],[-58.582004,-34.37193],[-58.583011,-34.37186],[-58.584175,-34.372327],[-58.584752,-34.37259]]]}},{"type":"Feature","properties":{"partida":"357020214","cca":"357000100000000000000063100000000000001000","tipo":"Urbano","sup_m2":15551.1},"geometry":{"type":"Polygon","coordinates":[[[-58.579814,-34.365699],[-58.58243,-34.365],[-58.582184,-34.364629],[-58.582091,-34.364639],[-58.581992,-34.364659],[-58.581793,-34.364679],[-58.581596,-34.364715],[-58.581279,-34.364759],[-58.581173,-34.364762],[-58.581065,-34.364787],[-58.580917,-34.3648],[-58.580803,-34.364823],[-58.580689,-34.364833],[-58.580604,-34.364887],[-58.580401,-34.364971],[-58.580184,-34.365049],[-58.580081,-34.365053],[-58.57999,-34.365008],[-58.57986,-34.364969],[-58.579722,-34.364947],[-58.579506,-34.364968],[-58.579432,-34.364983],[-58.579814,-34.365699]]]}},{"type":"Feature","properties":{"partida":"357020215","cca":"357000100000000000000063100000000000002000","tipo":"Urbano","sup_m2":9873.2},"geometry":{"type":"Polygon","coordinates":[[[-58.58243,-34.365],[-58.579814,-34.365699],[-58.580004,-34.366055],[-58.582611,-34.365279],[-58.58243,-34.365]]]}},{"type":"Feature","properties":{"partida":"357013020","cca":"357000100000000000000063100000000000003000","tipo":"Urbano","sup_m2":19268.0},"geometry":{"type":"Polygon","coordinates":[[[-58.582611,-34.365279],[-58.580004,-34.366055],[-58.580214,-34.366425],[-58.5838,-34.365215],[-58.583273,-34.364765],[-58.582975,-34.364524],[-58.582871,-34.364527],[-58.582786,-34.364557],[-58.582615,-34.364577],[-58.582539,-34.364582],[-58.582441,-34.36458],[-58.582341,-34.36461],[-58.582184,-34.364629],[-58.58243,-34.365],[-58.582611,-34.365279]]]}},{"type":"Feature","properties":{"partida":"357020216","cca":"357000100000000000000063100000000000004000","tipo":"Urbano","sup_m2":25981.1},"geometry":{"type":"Polygon","coordinates":[[[-58.5838,-34.365215],[-58.580214,-34.366425],[-58.580437,-34.366813],[-58.582972,-34.365838],[-58.583514,-34.366677],[-58.584751,-34.366023],[-58.5838,-34.365215]]]}},{"type":"Feature","properties":{"partida":"357020217","cca":"357000100000000000000063100000000000005000","tipo":"Urbano","sup_m2":10533.4},"geometry":{"type":"Polygon","coordinates":[[[-58.582972,-34.365838],[-58.580437,-34.366813],[-58.580663,-34.367191],[-58.583153,-34.366118],[-58.582972,-34.365838]]]}},{"type":"Feature","properties":{"partida":"357020218","cca":"357000100000000000000063100000000000006000","tipo":"Urbano","sup_m2":10570.5},"geometry":{"type":"Polygon","coordinates":[[[-58.583153,-34.366118],[-58.580663,-34.367191],[-58.580895,-34.367563],[-58.583333,-34.366397],[-58.583153,-34.366118]]]}},{"type":"Feature","properties":{"partida":"357020219","cca":"357000100000000000000063100000000000007000","tipo":"Urbano","sup_m2":10597.2},"geometry":{"type":"Polygon","coordinates":[[[-58.583333,-34.366397],[-58.580895,-34.367563],[-58.581127,-34.367936],[-58.583514,-34.366677],[-58.583333,-34.366397]]]}},{"type":"Feature","properties":{"partida":"357013022","cca":"357000100000000000000063200A00000000001000","tipo":"Urbano","sup_m2":2540.7},"geometry":{"type":"Polygon","coordinates":[[[-58.58833,-34.369969],[-58.587763,-34.369767],[-58.587702,-34.369998],[-58.587598,-34.370089],[-58.588021,-34.37043],[-58.58833,-34.369969]]]}},{"type":"Feature","properties":{"partida":"357013023","cca":"357000100000000000000063200A00000000002000","tipo":"Urbano","sup_m2":1119.7},"geometry":{"type":"Polygon","coordinates":[[[-58.587869,-34.370564],[-58.588021,-34.37043],[-58.587598,-34.370089],[-58.587442,-34.370226],[-58.587869,-34.370564]]]}},{"type":"Feature","properties":{"partida":"357013024","cca":"357000100000000000000063200A00000000003000","tipo":"Urbano","sup_m2":1099.2},"geometry":{"type":"Polygon","coordinates":[[[-58.58772,-34.370696],[-58.587869,-34.370564],[-58.587442,-34.370226],[-58.58729,-34.37036],[-58.58772,-34.370696]]]}},{"type":"Feature","properties":{"partida":"357013025","cca":"357000100000000000000063200A00000000004000","tipo":"Urbano","sup_m2":1096.1},"geometry":{"type":"Polygon","coordinates":[[[-58.58772,-34.370696],[-58.58729,-34.37036],[-58.587141,-34.370491],[-58.587567,-34.37083],[-58.58772,-34.370696]]]}},{"type":"Feature","properties":{"partida":"357013026","cca":"357000100000000000000063200A00000000005000","tipo":"Urbano","sup_m2":1055.8},"geometry":{"type":"Polygon","coordinates":[[[-58.587425,-34.370955],[-58.587567,-34.37083],[-58.587141,-34.370491],[-58.586994,-34.37062],[-58.587425,-34.370955]]]}},{"type":"Feature","properties":{"partida":"357013027","cca":"357000100000000000000063200A00000000006000","tipo":"Urbano","sup_m2":1072.5},"geometry":{"type":"Polygon","coordinates":[[[-58.587425,-34.370955],[-58.586994,-34.37062],[-58.586848,-34.370749],[-58.587278,-34.371086],[-58.587425,-34.370955]]]}},{"type":"Feature","properties":{"partida":"357013028","cca":"357000100000000000000063200A00000000007000","tipo":"Urbano","sup_m2":1134.0},"geometry":{"type":"Polygon","coordinates":[[[-58.587278,-34.371086],[-58.586848,-34.370749],[-58.586692,-34.370886],[-58.587123,-34.371222],[-58.587278,-34.371086]]]}},{"type":"Feature","properties":{"partida":"357013029","cca":"357000100000000000000063200A00000000008000","tipo":"Urbano","sup_m2":1055.2},"geometry":{"type":"Polygon","coordinates":[[[-58.586978,-34.37135],[-58.587123,-34.371222],[-58.586692,-34.370886],[-58.586548,-34.371012],[-58.586978,-34.37135]]]}},{"type":"Feature","properties":{"partida":"357013030","cca":"357000100000000000000063200A00000000009000","tipo":"Urbano","sup_m2":1081.2},"geometry":{"type":"Polygon","coordinates":[[[-58.58683,-34.371481],[-58.586978,-34.37135],[-58.586548,-34.371012],[-58.586401,-34.371141],[-58.58683,-34.371481]]]}},{"type":"Feature","properties":{"partida":"357013031","cca":"357000100000000000000063200A00000000010000","tipo":"Urbano","sup_m2":1078.5},"geometry":{"type":"Polygon","coordinates":[[[-58.58683,-34.371481],[-58.586401,-34.371141],[-58.586252,-34.371272],[-58.586683,-34.37161],[-58.58683,-34.371481]]]}},{"type":"Feature","properties":{"partida":"357013032","cca":"357000100000000000000063200A00000000011000","tipo":"Urbano","sup_m2":1134.5},"geometry":{"type":"Polygon","coordinates":[[[-58.586529,-34.371745],[-58.586683,-34.37161],[-58.586252,-34.371272],[-58.586096,-34.371409],[-58.586529,-34.371745]]]}},{"type":"Feature","properties":{"partida":"357013033","cca":"357000100000000000000063200A00000000012000","tipo":"Urbano","sup_m2":1104.0},"geometry":{"type":"Polygon","coordinates":[[[-58.586529,-34.371745],[-58.586096,-34.371409],[-58.585946,-34.371541],[-58.586378,-34.371879],[-58.586529,-34.371745]]]}},{"type":"Feature","properties":{"partida":"357013034","cca":"357000100000000000000063200A00000000013000","tipo":"Urbano","sup_m2":989.9},"geometry":{"type":"Polygon","coordinates":[[[-58.586378,-34.371879],[-58.585946,-34.371541],[-58.585812,-34.371658],[-58.586242,-34.371999],[-58.586378,-34.371879]]]}},{"type":"Feature","properties":{"partida":"357013035","cca":"357000100000000000000063200A00000000014000","tipo":"Urbano","sup_m2":1163.0},"geometry":{"type":"Polygon","coordinates":[[[-58.586242,-34.371999],[-58.585812,-34.371658],[-58.585652,-34.3718],[-58.586085,-34.372137],[-58.586242,-34.371999]]]}},{"type":"Feature","properties":{"partida":"357013036","cca":"357000100000000000000063200A00000000015000","tipo":"Urbano","sup_m2":1053.2},"geometry":{"type":"Polygon","coordinates":[[[-58.58594,-34.372265],[-58.586085,-34.372137],[-58.585652,-34.3718],[-58.585509,-34.371925],[-58.58594,-34.372265]]]}},{"type":"Feature","properties":{"partida":"357013037","cca":"357000100000000000000063200A00000000016000","tipo":"Urbano","sup_m2":1116.8},"geometry":{"type":"Polygon","coordinates":[[[-58.58579,-34.372397],[-58.58594,-34.372265],[-58.585509,-34.371925],[-58.585356,-34.37206],[-58.58579,-34.372397]]]}},{"type":"Feature","properties":{"partida":"357013038","cca":"357000100000000000000063200A00000000017000","tipo":"Urbano","sup_m2":1575.9},"geometry":{"type":"Polygon","coordinates":[[[-58.584936,-34.372701],[-58.585009,-34.372627],[-58.58551,-34.37218],[-58.585356,-34.37206],[-58.584752,-34.37259],[-58.584936,-34.372701]]]}},{"type":"Feature","properties":{"partida":"357013039","cca":"357000100000000000000063200A00000000018000","tipo":"Urbano","sup_m2":1545.2},"geometry":{"type":"Polygon","coordinates":[[[-58.585671,-34.372304],[-58.58551,-34.37218],[-58.585009,-34.372627],[-58.584936,-34.372701],[-58.585108,-34.372802],[-58.585671,-34.372304]]]}},{"type":"Feature","properties":{"partida":"357013040","cca":"357000100000000000000063200A00000000019000","tipo":"Urbano","sup_m2":1568.0},"geometry":{"type":"Polygon","coordinates":[[[-58.585835,-34.372433],[-58.585671,-34.372304],[-58.585108,-34.372802],[-58.585282,-34.372925],[-58.585835,-34.372433]]]}},{"type":"Feature","properties":{"partida":"357013041","cca":"357000100000000000000063200A00000000020000","tipo":"Urbano","sup_m2":1448.3},"geometry":{"type":"Polygon","coordinates":[[[-58.585988,-34.372555],[-58.585835,-34.372433],[-58.585282,-34.372925],[-58.585443,-34.373039],[-58.585988,-34.372555]]]}},{"type":"Feature","properties":{"partida":"357013042","cca":"357000100000000000000063200A00000000021000","tipo":"Urbano","sup_m2":2158.9},"geometry":{"type":"Polygon","coordinates":[[[-58.585443,-34.373039],[-58.585722,-34.373143],[-58.58604,-34.372945],[-58.586268,-34.372779],[-58.585988,-34.372555],[-58.585443,-34.373039]]]}},{"type":"Feature","properties":{"partida":"357013043","cca":"357000100000000000000063200A00000000022000","tipo":"Urbano","sup_m2":1207.5},"geometry":{"type":"Polygon","coordinates":[[[-58.58594,-34.372265],[-58.58579,-34.372397],[-58.586268,-34.372779],[-58.586409,-34.372647],[-58.58594,-34.372265]]]}},{"type":"Feature","properties":{"partida":"357013044","cca":"357000100000000000000063200A00000000023000","tipo":"Urbano","sup_m2":1221.7},"geometry":{"type":"Polygon","coordinates":[[[-58.586409,-34.372647],[-58.586583,-34.372537],[-58.586085,-34.372137],[-58.58594,-34.372265],[-58.586409,-34.372647]]]}},{"type":"Feature","properties":{"partida":"357013045","cca":"357000100000000000000063200A00000000024000","tipo":"Urbano","sup_m2":1370.6},"geometry":{"type":"Polygon","coordinates":[[[-58.586242,-34.371999],[-58.586085,-34.372137],[-58.586583,-34.372537],[-58.586772,-34.372433],[-58.586242,-34.371999]]]}},{"type":"Feature","properties":{"partida":"357013046","cca":"357000100000000000000063200A00000000025000","tipo":"Urbano","sup_m2":1310.8},"geometry":{"type":"Polygon","coordinates":[[[-58.586946,-34.372337],[-58.586378,-34.371879],[-58.586242,-34.371999],[-58.586772,-34.372433],[-58.586946,-34.372337]]]}},{"type":"Feature","properties":{"partida":"357013047","cca":"357000100000000000000063200A00000000026000","tipo":"Urbano","sup_m2":1547.3},"geometry":{"type":"Polygon","coordinates":[[[-58.587136,-34.37223],[-58.586529,-34.371745],[-58.586378,-34.371879],[-58.586946,-34.372337],[-58.587136,-34.37223]]]}},{"type":"Feature","properties":{"partida":"357013048","cca":"357000100000000000000063200A00000000027000","tipo":"Urbano","sup_m2":1633.6},"geometry":{"type":"Polygon","coordinates":[[[-58.586683,-34.37161],[-58.586529,-34.371745],[-58.587136,-34.37223],[-58.587318,-34.37212],[-58.586683,-34.37161]]]}},{"type":"Feature","properties":{"partida":"357013049","cca":"357000100000000000000063200A00000000028000","tipo":"Urbano","sup_m2":1616.5},"geometry":{"type":"Polygon","coordinates":[[[-58.58683,-34.371481],[-58.586683,-34.37161],[-58.587318,-34.37212],[-58.58749,-34.372016],[-58.58683,-34.371481]]]}},{"type":"Feature","properties":{"partida":"357013050","cca":"357000100000000000000063200A00000000029000","tipo":"Urbano","sup_m2":1744.6},"geometry":{"type":"Polygon","coordinates":[[[-58.58683,-34.371481],[-58.58749,-34.372016],[-58.58767,-34.371906],[-58.586978,-34.37135],[-58.58683,-34.371481]]]}},{"type":"Feature","properties":{"partida":"357013051","cca":"357000100000000000000063200A00000000030000","tipo":"Urbano","sup_m2":1780.4},"geometry":{"type":"Polygon","coordinates":[[[-58.587123,-34.371222],[-58.586978,-34.37135],[-58.58767,-34.371906],[-58.587846,-34.371799],[-58.587123,-34.371222]]]}},{"type":"Feature","properties":{"partida":"357013052","cca":"357000100000000000000063200A00000000031000","tipo":"Urbano","sup_m2":1879.6},"geometry":{"type":"Polygon","coordinates":[[[-58.587278,-34.371086],[-58.587123,-34.371222],[-58.587846,-34.371799],[-58.587954,-34.371616],[-58.587278,-34.371086]]]}},{"type":"Feature","properties":{"partida":"357013053","cca":"357000100000000000000063200A00000000032000","tipo":"Urbano","sup_m2":1721.9},"geometry":{"type":"Polygon","coordinates":[[[-58.587954,-34.371616],[-58.588105,-34.371482],[-58.587425,-34.370955],[-58.587278,-34.371086],[-58.587954,-34.371616]]]}},{"type":"Feature","properties":{"partida":"357013054","cca":"357000100000000000000063200A00000000033000","tipo":"Urbano","sup_m2":1591.7},"geometry":{"type":"Polygon","coordinates":[[[-58.588246,-34.37137],[-58.587567,-34.37083],[-58.587425,-34.370955],[-58.588105,-34.371482],[-58.588246,-34.37137]]]}},{"type":"Feature","properties":{"partida":"357013055","cca":"357000100000000000000063200A00000000034000","tipo":"Urbano","sup_m2":1821.9},"geometry":{"type":"Polygon","coordinates":[[[-58.587567,-34.37083],[-58.588246,-34.37137],[-58.588416,-34.371239],[-58.58772,-34.370696],[-58.587567,-34.37083]]]}},{"type":"Feature","properties":{"partida":"357013056","cca":"357000100000000000000063200A00000000035000","tipo":"Urbano","sup_m2":1751.4},"geometry":{"type":"Polygon","coordinates":[[[-58.587869,-34.370564],[-58.58772,-34.370696],[-58.588416,-34.371239],[-58.588571,-34.371119],[-58.587869,-34.370564]]]}},{"type":"Feature","properties":{"partida":"357013057","cca":"357000100000000000000063200A00000000036000","tipo":"Urbano","sup_m2":1754.0},"geometry":{"type":"Polygon","coordinates":[[[-58.588679,-34.370961],[-58.588021,-34.37043],[-58.587869,-34.370564],[-58.588571,-34.371119],[-58.588631,-34.371072],[-58.588679,-34.370961]]]}},{"type":"Feature","properties":{"partida":"357013058","cca":"357000100000000000000063200A00000000037000","tipo":"Urbano","sup_m2":5308.6},"geometry":{"type":"Polygon","coordinates":[[[-58.588679,-34.370961],[-58.588882,-34.370492],[-58.588987,-34.370217],[-58.58833,-34.369969],[-58.588021,-34.37043],[-58.588679,-34.370961]]]}},{"type":"Feature","properties":{"partida":"357000270","cca":"357000100000000000000063200B0000000000100A","tipo":"Urbano","sup_m2":4155.6},"geometry":{"type":"Polygon","coordinates":[[[-58.589626,-34.370947],[-58.590119,-34.370509],[-58.589799,-34.370427],[-58.589694,-34.370395],[-58.589099,-34.370248],[-58.588976,-34.370404],[-58.588943,-34.37048],[-58.589626,-34.370947]]]}},{"type":"Feature","properties":{"partida":"357000271","cca":"357000100000000000000063200B0000000000100B","tipo":"Urbano","sup_m2":1438.5},"geometry":{"type":"Polygon","coordinates":[[[-58.589488,-34.371069],[-58.589626,-34.370947],[-58.588943,-34.37048],[-58.58887,-34.370648],[-58.589488,-34.371069]]]}},{"type":"Feature","properties":{"partida":"357013059","cca":"357000100000000000000063200B00000000002000","tipo":"Urbano","sup_m2":1528.4},"geometry":{"type":"Polygon","coordinates":[[[-58.589325,-34.371214],[-58.589488,-34.371069],[-58.58887,-34.370648],[-58.588783,-34.37085],[-58.589325,-34.371214]]]}},{"type":"Feature","properties":{"partida":"357013060","cca":"357000100000000000000063200B00000000003000","tipo":"Urbano","sup_m2":1097.9},"geometry":{"type":"Polygon","coordinates":[[[-58.589189,-34.371334],[-58.589325,-34.371214],[-58.588783,-34.37085],[-58.588725,-34.370985],[-58.588709,-34.371011],[-58.589189,-34.371334]]]}},{"type":"Feature","properties":{"partida":"357000272","cca":"357000100000000000000063200B00000000004000","tipo":"Urbano","sup_m2":1137.3},"geometry":{"type":"Polygon","coordinates":[[[-58.589033,-34.371473],[-58.589189,-34.371334],[-58.588709,-34.371011],[-58.588606,-34.371189],[-58.589033,-34.371473]]]}},{"type":"Feature","properties":{"partida":"357000273","cca":"357000100000000000000063200B00000000005000","tipo":"Urbano","sup_m2":899.1},"geometry":{"type":"Polygon","coordinates":[[[-58.588891,-34.3716],[-58.589033,-34.371473],[-58.588606,-34.371189],[-58.588515,-34.371345],[-58.588891,-34.3716]]]}},{"type":"Feature","properties":{"partida":"357000274","cca":"357000100000000000000063200B00000000006000","tipo":"Urbano","sup_m2":837.4},"geometry":{"type":"Polygon","coordinates":[[[-58.588715,-34.37172],[-58.588891,-34.3716],[-58.588515,-34.371345],[-58.58846,-34.37144],[-58.588382,-34.371491],[-58.588715,-34.37172]]]}},{"type":"Feature","properties":{"partida":"357000275","cca":"357000100000000000000063200B00000000007000","tipo":"Urbano","sup_m2":867.4},"geometry":{"type":"Polygon","coordinates":[[[-58.588559,-34.371856],[-58.588715,-34.37172],[-58.588382,-34.371491],[-58.588198,-34.371611],[-58.588559,-34.371856]]]}},{"type":"Feature","properties":{"partida":"357000276","cca":"357000100000000000000063200B00000000008000","tipo":"Urbano","sup_m2":868.7},"geometry":{"type":"Polygon","coordinates":[[[-58.588416,-34.371986],[-58.588559,-34.371856],[-58.588198,-34.371611],[-58.588027,-34.371723],[-58.588416,-34.371986]]]}},{"type":"Feature","properties":{"partida":"357000277","cca":"357000100000000000000063200B00000000009000","tipo":"Urbano","sup_m2":937.1},"geometry":{"type":"Polygon","coordinates":[[[-58.588259,-34.372111],[-58.588416,-34.371986],[-58.588027,-34.371723],[-58.587853,-34.371837],[-58.588259,-34.372111]]]}},{"type":"Feature","properties":{"partida":"357000278","cca":"357000100000000000000063200B00000000010000","tipo":"Urbano","sup_m2":1015.2},"geometry":{"type":"Polygon","coordinates":[[[-58.588103,-34.372244],[-58.588259,-34.372111],[-58.587853,-34.371837],[-58.587675,-34.371953],[-58.588103,-34.372244]]]}},{"type":"Feature","properties":{"partida":"357000279","cca":"357000100000000000000063200B00000000011000","tipo":"Urbano","sup_m2":1072.9},"geometry":{"type":"Polygon","coordinates":[[[-58.587949,-34.372377],[-58.588103,-34.372244],[-58.587675,-34.371953],[-58.587495,-34.372071],[-58.587949,-34.372377]]]}},{"type":"Feature","properties":{"partida":"357000280","cca":"357000100000000000000063200B00000000012000","tipo":"Urbano","sup_m2":1178.7},"geometry":{"type":"Polygon","coordinates":[[[-58.587789,-34.372516],[-58.587949,-34.372377],[-58.587495,-34.372071],[-58.587309,-34.372193],[-58.587789,-34.372516]]]}},{"type":"Feature","properties":{"partida":"357000281","cca":"357000100000000000000063200B00000000013000","tipo":"Urbano","sup_m2":1094.4},"geometry":{"type":"Polygon","coordinates":[[[-58.587647,-34.372638],[-58.587789,-34.372516],[-58.587309,-34.372193],[-58.587144,-34.372301],[-58.587647,-34.372638]]]}},{"type":"Feature","properties":{"partida":"357000282","cca":"357000100000000000000063200B00000000014000","tipo":"Urbano","sup_m2":1223.1},"geometry":{"type":"Polygon","coordinates":[[[-58.58749,-34.372772],[-58.587647,-34.372638],[-58.587144,-34.372301],[-58.586975,-34.372416],[-58.58749,-34.372772]]]}},{"type":"Feature","properties":{"partida":"357000283","cca":"357000100000000000000063200B00000000015000","tipo":"Urbano","sup_m2":1269.7},"geometry":{"type":"Polygon","coordinates":[[[-58.587339,-34.3729],[-58.58749,-34.372772],[-58.586975,-34.372416],[-58.586799,-34.372537],[-58.587339,-34.3729]]]}},{"type":"Feature","properties":{"partida":"357000284","cca":"357000100000000000000063200B00000000016000","tipo":"Urbano","sup_m2":1256.8},"geometry":{"type":"Polygon","coordinates":[[[-58.587192,-34.373028],[-58.587339,-34.3729],[-58.586799,-34.372537],[-58.586636,-34.372649],[-58.587192,-34.373028]]]}},{"type":"Feature","properties":{"partida":"357000285","cca":"357000100000000000000063200B00000000017000","tipo":"Urbano","sup_m2":1361.9},"geometry":{"type":"Polygon","coordinates":[[[-58.587039,-34.373158],[-58.587192,-34.373028],[-58.586636,-34.372649],[-58.586462,-34.372768],[-58.587039,-34.373158]]]}},{"type":"Feature","properties":{"partida":"357013061","cca":"357000100000000000000063200B00000000018000","tipo":"Urbano","sup_m2":1424.3},"geometry":{"type":"Polygon","coordinates":[[[-58.586288,-34.372887],[-58.586884,-34.373291],[-58.587039,-34.373158],[-58.586462,-34.372768],[-58.586288,-34.372887]]]}},{"type":"Feature","properties":{"partida":"357000286","cca":"357000100000000000000063200B00000000019000","tipo":"Urbano","sup_m2":1637.4},"geometry":{"type":"Polygon","coordinates":[[[-58.586533,-34.373053],[-58.586288,-34.372887],[-58.585919,-34.373181],[-58.586124,-34.373444],[-58.586533,-34.373053]]]}},{"type":"Feature","properties":{"partida":"357000287","cca":"357000100000000000000063200B00000000020000","tipo":"Urbano","sup_m2":1132.5},"geometry":{"type":"Polygon","coordinates":[[[-58.586369,-34.373502],[-58.586701,-34.373167],[-58.586533,-34.373053],[-58.586124,-34.373444],[-58.586347,-34.373533],[-58.586369,-34.373502]]]}},{"type":"Feature","properties":{"partida":"357000288","cca":"357000100000000000000063200B00000000021000","tipo":"Urbano","sup_m2":917.1},"geometry":{"type":"Polygon","coordinates":[[[-58.586528,-34.373593],[-58.586865,-34.373279],[-58.586701,-34.373167],[-58.586369,-34.373502],[-58.586347,-34.373533],[-58.586528,-34.373593]]]}},{"type":"Feature","properties":{"partida":"357000289","cca":"357000100000000000000063200B00000000022000","tipo":"Urbano","sup_m2":1100.7},"geometry":{"type":"Polygon","coordinates":[[[-58.586865,-34.373279],[-58.586528,-34.373593],[-58.586661,-34.373784],[-58.587037,-34.373395],[-58.586865,-34.373279]]]}},{"type":"Feature","properties":{"partida":"357000290","cca":"357000100000000000000063200B00000000023000","tipo":"Urbano","sup_m2":1079.7},"geometry":{"type":"Polygon","coordinates":[[[-58.586692,-34.373793],[-58.587129,-34.373688],[-58.587286,-34.373566],[-58.587037,-34.373395],[-58.586661,-34.373784],[-58.586692,-34.373793]]]}},{"type":"Feature","properties":{"partida":"357000291","cca":"357000100000000000000063200B00000000024000","tipo":"Urbano","sup_m2":1043.2},"geometry":{"type":"Polygon","coordinates":[[[-58.586884,-34.373291],[-58.587286,-34.373566],[-58.587486,-34.373459],[-58.587039,-34.373158],[-58.586884,-34.373291]]]}},{"type":"Feature","properties":{"partida":"357000292","cca":"357000100000000000000063200B00000000025000","tipo":"Urbano","sup_m2":1100.9},"geometry":{"type":"Polygon","coordinates":[[[-58.587676,-34.373358],[-58.587192,-34.373028],[-58.587039,-34.373158],[-58.587486,-34.373459],[-58.587676,-34.373358]]]}},{"type":"Feature","properties":{"partida":"357000293","cca":"357000100000000000000063200B00000000026000","tipo":"Urbano","sup_m2":1184.2},"geometry":{"type":"Polygon","coordinates":[[[-58.587339,-34.3729],[-58.587192,-34.373028],[-58.587676,-34.373358],[-58.587867,-34.373256],[-58.587339,-34.3729]]]}},{"type":"Feature","properties":{"partida":"357000294","cca":"357000100000000000000063200B00000000027000","tipo":"Urbano","sup_m2":1298.9},"geometry":{"type":"Polygon","coordinates":[[[-58.58749,-34.372772],[-58.587339,-34.3729],[-58.587867,-34.373256],[-58.588023,-34.373172],[-58.588054,-34.373147],[-58.58749,-34.372772]]]}},{"type":"Feature","properties":{"partida":"357000295","cca":"357000100000000000000063200B00000000028000","tipo":"Urbano","sup_m2":1342.3},"geometry":{"type":"Polygon","coordinates":[[[-58.588227,-34.373047],[-58.587647,-34.372638],[-58.58749,-34.372772],[-58.588054,-34.373147],[-58.588227,-34.373047]]]}},{"type":"Feature","properties":{"partida":"357000296","cca":"357000100000000000000063200B00000000029000","tipo":"Urbano","sup_m2":1379.3},"geometry":{"type":"Polygon","coordinates":[[[-58.588385,-34.372915],[-58.587789,-34.372516],[-58.587647,-34.372638],[-58.588227,-34.373047],[-58.588385,-34.372915]]]}},{"type":"Feature","properties":{"partida":"357000297","cca":"357000100000000000000063200B00000000030000","tipo":"Urbano","sup_m2":1505.1},"geometry":{"type":"Polygon","coordinates":[[[-58.588571,-34.372805],[-58.587949,-34.372377],[-58.587789,-34.372516],[-58.588385,-34.372915],[-58.588571,-34.372805]]]}},{"type":"Feature","properties":{"partida":"357000298","cca":"357000100000000000000063200B00000000031000","tipo":"Urbano","sup_m2":1544.8},"geometry":{"type":"Polygon","coordinates":[[[-58.588745,-34.372685],[-58.588103,-34.372244],[-58.587949,-34.372377],[-58.588571,-34.372805],[-58.588745,-34.372685]]]}},{"type":"Feature","properties":{"partida":"357000299","cca":"357000100000000000000063200B00000000032000","tipo":"Urbano","sup_m2":1756.5},"geometry":{"type":"Polygon","coordinates":[[[-58.588259,-34.372111],[-58.588103,-34.372244],[-58.588745,-34.372685],[-58.588971,-34.372562],[-58.588259,-34.372111]]]}},{"type":"Feature","properties":{"partida":"357000300","cca":"357000100000000000000063200B00000000033000","tipo":"Urbano","sup_m2":1403.9},"geometry":{"type":"Polygon","coordinates":[[[-58.588416,-34.371986],[-58.588259,-34.372111],[-58.588971,-34.372562],[-58.58904,-34.372529],[-58.589103,-34.372492],[-58.588416,-34.371986]]]}},{"type":"Feature","properties":{"partida":"357013062","cca":"357000100000000000000063200B00000000034000","tipo":"Urbano","sup_m2":1750.8},"geometry":{"type":"Polygon","coordinates":[[[-58.589245,-34.372323],[-58.588559,-34.371856],[-58.588416,-34.371986],[-58.589103,-34.372492],[-58.589245,-34.372323]]]}},{"type":"Feature","properties":{"partida":"357000301","cca":"357000100000000000000063200B00000000035000","tipo":"Urbano","sup_m2":1682.4},"geometry":{"type":"Polygon","coordinates":[[[-58.589404,-34.372196],[-58.588715,-34.37172],[-58.588559,-34.371856],[-58.589245,-34.372323],[-58.589404,-34.372196]]]}},{"type":"Feature","properties":{"partida":"357000302","cca":"357000100000000000000063200B00000000036000","tipo":"Urbano","sup_m2":1723.8},"geometry":{"type":"Polygon","coordinates":[[[-58.589595,-34.372085],[-58.588891,-34.3716],[-58.588715,-34.37172],[-58.589404,-34.372196],[-58.589595,-34.372085]]]}},{"type":"Feature","properties":{"partida":"357000303","cca":"357000100000000000000063200B00000000037000","tipo":"Urbano","sup_m2":1650.6},"geometry":{"type":"Polygon","coordinates":[[[-58.589033,-34.371473],[-58.588891,-34.3716],[-58.589595,-34.372085],[-58.58973,-34.371937],[-58.589033,-34.371473]]]}},{"type":"Feature","properties":{"partida":"357000304","cca":"357000100000000000000063200B00000000038000","tipo":"Urbano","sup_m2":1708.5},"geometry":{"type":"Polygon","coordinates":[[[-58.589862,-34.371787],[-58.589189,-34.371334],[-58.589033,-34.371473],[-58.58973,-34.371937],[-58.589758,-34.371894],[-58.5899,-34.371808],[-58.589862,-34.371787]]]}},{"type":"Feature","properties":{"partida":"357013063","cca":"357000100000000000000063200B00000000039000","tipo":"Urbano","sup_m2":1521.7},"geometry":{"type":"Polygon","coordinates":[[[-58.590022,-34.371682],[-58.589325,-34.371214],[-58.589189,-34.371334],[-58.589862,-34.371787],[-58.5899,-34.371808],[-58.590022,-34.371682]]]}},{"type":"Feature","properties":{"partida":"357013064","cca":"357000100000000000000063200B00000000040000","tipo":"Urbano","sup_m2":1787.5},"geometry":{"type":"Polygon","coordinates":[[[-58.589325,-34.371214],[-58.590022,-34.371682],[-58.590094,-34.371624],[-58.590173,-34.371535],[-58.589488,-34.371069],[-58.589325,-34.371214]]]}},{"type":"Feature","properties":{"partida":"357000305","cca":"357000100000000000000063200B00000000041000","tipo":"Urbano","sup_m2":1510.5},"geometry":{"type":"Polygon","coordinates":[[[-58.589488,-34.371069],[-58.590173,-34.371535],[-58.590317,-34.371426],[-58.59026,-34.371381],[-58.589626,-34.370947],[-58.589488,-34.371069]]]}},{"type":"Feature","properties":{"partida":"357000306","cca":"357000100000000000000063200B00000000042000","tipo":"Urbano","sup_m2":1683.2},"geometry":{"type":"Polygon","coordinates":[[[-58.59045,-34.371283],[-58.5904,-34.371238],[-58.58978,-34.37081],[-58.589626,-34.370947],[-58.59026,-34.371381],[-58.590317,-34.371426],[-58.59045,-34.371283]]]}},{"type":"Feature","properties":{"partida":"357000307","cca":"357000100000000000000063200B00000000043000","tipo":"Urbano","sup_m2":1547.9},"geometry":{"type":"Polygon","coordinates":[[[-58.590589,-34.371156],[-58.590532,-34.371103],[-58.589921,-34.370685],[-58.58978,-34.37081],[-58.5904,-34.371238],[-58.59045,-34.371283],[-58.590589,-34.371156]]]}},{"type":"Feature","properties":{"partida":"357000308","cca":"357000100000000000000063200B00000000044000","tipo":"Urbano","sup_m2":1568.2},"geometry":{"type":"Polygon","coordinates":[[[-58.590683,-34.371068],[-58.59072,-34.371014],[-58.590665,-34.370966],[-58.590067,-34.370556],[-58.589921,-34.370685],[-58.590532,-34.371103],[-58.590589,-34.371156],[-58.590683,-34.371068]]]}},{"type":"Feature","properties":{"partida":"357000309","cca":"357000100000000000000063200B00000000045000","tipo":"Urbano","sup_m2":1683.1},"geometry":{"type":"Polygon","coordinates":[[[-58.590119,-34.370509],[-58.590067,-34.370556],[-58.590665,-34.370966],[-58.59072,-34.371014],[-58.590896,-34.37087],[-58.590811,-34.370818],[-58.590215,-34.370412],[-58.590119,-34.370509]]]}},{"type":"Feature","properties":{"partida":"357000310","cca":"357000100000000000000063200B00000000046000","tipo":"Urbano","sup_m2":1631.9},"geometry":{"type":"Polygon","coordinates":[[[-58.590811,-34.370818],[-58.590896,-34.37087],[-58.591044,-34.370767],[-58.590945,-34.370681],[-58.590356,-34.370269],[-58.590215,-34.370412],[-58.590811,-34.370818]]]}},{"type":"Feature","properties":{"partida":"357000311","cca":"357000100000000000000063200B00000000047000","tipo":"Urbano","sup_m2":1657.0},"geometry":{"type":"Polygon","coordinates":[[[-58.590945,-34.370681],[-58.591044,-34.370767],[-58.591163,-34.370597],[-58.590494,-34.370129],[-58.590356,-34.370269],[-58.590945,-34.370681]]]}},{"type":"Feature","properties":{"partida":"357000312","cca":"357000100000000000000063200B00000000048000","tipo":"Urbano","sup_m2":1581.8},"geometry":{"type":"Polygon","coordinates":[[[-58.591194,-34.370572],[-58.591337,-34.370486],[-58.591214,-34.370406],[-58.590624,-34.369997],[-58.590494,-34.370129],[-58.591163,-34.370597],[-58.591194,-34.370572]]]}},{"type":"Feature","properties":{"partida":"357000313","cca":"357000100000000000000063200B00000000049000","tipo":"Urbano","sup_m2":2528.9},"geometry":{"type":"Polygon","coordinates":[[[-58.591214,-34.370406],[-58.591337,-34.370486],[-58.591608,-34.370273],[-58.590781,-34.36983],[-58.590624,-34.369997],[-58.591214,-34.370406]]]}},{"type":"Feature","properties":{"partida":"357000314","cca":"357000100000000000000063200B00000000050000","tipo":"Urbano","sup_m2":1970.1},"geometry":{"type":"Polygon","coordinates":[[[-58.590119,-34.370509],[-58.590624,-34.369997],[-58.590781,-34.36983],[-58.590555,-34.369709],[-58.589956,-34.370468],[-58.590119,-34.370509]]]}},{"type":"Feature","properties":{"partida":"357013065","cca":"357000100000000000000063200B00000000051000","tipo":"Urbano","sup_m2":1521.3},"geometry":{"type":"Polygon","coordinates":[[[-58.589956,-34.370468],[-58.590555,-34.369709],[-58.590417,-34.369635],[-58.589799,-34.370427],[-58.589956,-34.370468]]]}},{"type":"Feature","properties":{"partida":"357013066","cca":"357000100000000000000063200B00000000052000","tipo":"Urbano","sup_m2":2730.4},"geometry":{"type":"Polygon","coordinates":[[[-58.589972,-34.369585],[-58.589694,-34.370395],[-58.589799,-34.370427],[-58.590417,-34.369635],[-58.590111,-34.369472],[-58.589972,-34.369585]]]}},{"type":"Feature","properties":{"partida":"357013067","cca":"357000100000000000000063200C00000000001000","tipo":"Urbano","sup_m2":2768.4},"geometry":{"type":"Polygon","coordinates":[[[-58.591059,-34.368715],[-58.5904,-34.369214],[-58.59022,-34.369353],[-58.590598,-34.369558],[-58.591105,-34.368907],[-58.591104,-34.368892],[-58.591059,-34.368715]]]}},{"type":"Feature","properties":{"partida":"357013068","cca":"357000100000000000000063200C00000000002000","tipo":"Urbano","sup_m2":1508.8},"geometry":{"type":"Polygon","coordinates":[[[-58.591165,-34.369155],[-58.591149,-34.369068],[-58.591105,-34.368907],[-58.590598,-34.369558],[-58.59078,-34.369656],[-58.591165,-34.369155]]]}},{"type":"Feature","properties":{"partida":"357013069","cca":"357000100000000000000063200C00000000003000","tipo":"Urbano","sup_m2":1132.1},"geometry":{"type":"Polygon","coordinates":[[[-58.591235,-34.369403],[-58.591196,-34.36925],[-58.591165,-34.369155],[-58.59078,-34.369656],[-58.59096,-34.369754],[-58.591235,-34.369403]]]}},{"type":"Feature","properties":{"partida":"357013070","cca":"357000100000000000000063200C00000000004000","tipo":"Urbano","sup_m2":1661.2},"geometry":{"type":"Polygon","coordinates":[[[-58.591079,-34.369603],[-58.59096,-34.369754],[-58.591693,-34.370158],[-58.591852,-34.370029],[-58.591079,-34.369603]]]}},{"type":"Feature","properties":{"partida":"357013071","cca":"357000100000000000000063200C00000000005000","tipo":"Urbano","sup_m2":6883.1},"geometry":{"type":"Polygon","coordinates":[[[-58.591196,-34.36925],[-58.591235,-34.369403],[-58.591079,-34.369603],[-58.591852,-34.370029],[-58.592012,-34.36993],[-58.592171,-34.369694],[-58.592179,-34.369621],[-58.592138,-34.369352],[-58.592072,-34.369087],[-58.591196,-34.36925]]]}},{"type":"Feature","properties":{"partida":"357013072","cca":"357000100000000000000063200C00000000006000","tipo":"Urbano","sup_m2":1683.0},"geometry":{"type":"Polygon","coordinates":[[[-58.591165,-34.369155],[-58.591196,-34.36925],[-58.592072,-34.369087],[-58.592026,-34.368908],[-58.591931,-34.368927],[-58.591149,-34.369068],[-58.591165,-34.369155]]]}},{"type":"Feature","properties":{"partida":"357013073","cca":"357000100000000000000063200C00000000007000","tipo":"Urbano","sup_m2":1664.7},"geometry":{"type":"Polygon","coordinates":[[[-58.591886,-34.368751],[-58.591104,-34.368892],[-58.591105,-34.368907],[-58.591149,-34.369068],[-58.591931,-34.368927],[-58.592026,-34.368908],[-58.591991,-34.368729],[-58.591886,-34.368751]]]}},{"type":"Feature","properties":{"partida":"357013074","cca":"357000100000000000000063200C00000000008000","tipo":"Urbano","sup_m2":1676.1},"geometry":{"type":"Polygon","coordinates":[[[-58.591059,-34.368715],[-58.591104,-34.368892],[-58.591886,-34.368751],[-58.591991,-34.368729],[-58.591946,-34.368554],[-58.591059,-34.368715]]]}},{"type":"Feature","properties":{"partida":"357013075","cca":"357000100000000000000063200C00000000009000","tipo":"Urbano","sup_m2":1084.4},"geometry":{"type":"Polygon","coordinates":[[[-58.591946,-34.368554],[-58.591782,-34.368345],[-58.591059,-34.368715],[-58.591946,-34.368554]]]}}]}