{"type":"FeatureCollection","features":[{"type":"Feature","properties":{"partida":"357018935","cca":"357000100000000000000065000A0000000002500B","tipo":"Rural","sup_m2":5121.1},"geometry":{"type":"Polygon","coordinates":[[[-58.510279,-34.350515],[-58.510232,-34.350444],[-58.509707,-34.349655],[-58.50935,-34.349994],[-58.509922,-34.350854],[-58.510279,-34.350515]]]}},{"type":"Feature","properties":{"partida":"357018977","cca":"357000100000000000000065000A0000000002500D","tipo":"Urbano","sup_m2":2666.3},"geometry":{"type":"Polygon","coordinates":[[[-58.51102,-34.349875],[-58.510422,-34.348976],[-58.510243,-34.349145],[-58.510836,-34.350037],[-58.51102,-34.349875]]]}},{"type":"Feature","properties":{"partida":"357018978","cca":"357000100000000000000065000A0000000002500E","tipo":"Urbano","sup_m2":2643.2},"geometry":{"type":"Polygon","coordinates":[[[-58.510243,-34.349145],[-58.510064,-34.349315],[-58.510652,-34.350199],[-58.510836,-34.350037],[-58.510243,-34.349145]]]}},{"type":"Feature","properties":{"partida":"357018979","cca":"357000100000000000000065000A0000000002500F","tipo":"Urbano","sup_m2":2605.6},"geometry":{"type":"Polygon","coordinates":[[[-58.510462,-34.350352],[-58.510652,-34.350199],[-58.510064,-34.349315],[-58.509886,-34.349485],[-58.510462,-34.350352]]]}},{"type":"Feature","properties":{"partida":"357018987","cca":"357000100000000000000065000A0000000002500G","tipo":"Urbano","sup_m2":2570.8},"geometry":{"type":"Polygon","coordinates":[[[-58.510462,-34.350352],[-58.510411,-34.350274],[-58.509886,-34.349485],[-58.509707,-34.349655],[-58.510279,-34.350515],[-58.510462,-34.350352]]]}},{"type":"Feature","properties":{"partida":"357019511","cca":"357000100000000000000065000A0000000002500H","tipo":"Urbano","sup_m2":1997.1},"geometry":{"type":"Polygon","coordinates":[[[-58.510731,-34.349003],[-58.510553,-34.349173],[-58.510999,-34.349844],[-58.511178,-34.349674],[-58.510731,-34.349003]]]}},{"type":"Feature","properties":{"partida":"357019512","cca":"357000100000000000000065000A0000000002500M","tipo":"Urbano","sup_m2":1996.7},"geometry":{"type":"Polygon","coordinates":[[[-58.51091,-34.348833],[-58.510731,-34.349003],[-58.511178,-34.349674],[-58.511356,-34.349504],[-58.51091,-34.348833]]]}},{"type":"Feature","properties":{"partida":"357019513","cca":"357000100000000000000065000A0000000002500N","tipo":"Urbano","sup_m2":1997.1},"geometry":{"type":"Polygon","coordinates":[[[-58.51091,-34.348833],[-58.51133,-34.349465],[-58.511356,-34.349504],[-58.511535,-34.349334],[-58.511089,-34.348664],[-58.51091,-34.348833]]]}},{"type":"Feature","properties":{"partida":"357019514","cca":"357000100000000000000065000A0000000002500R","tipo":"Urbano","sup_m2":2008.5},"geometry":{"type":"Polygon","coordinates":[[[-58.511719,-34.349172],[-58.511687,-34.349125],[-58.511267,-34.348494],[-58.511089,-34.348664],[-58.511535,-34.349334],[-58.511719,-34.349172]]]}},{"type":"Feature","properties":{"partida":"357013808","cca":"357000100000000000000065000A0000000002500S","tipo":"Rural","sup_m2":161432.6},"geometry":{"type":"Polygon","coordinates":[[[-58.508246,-34.348335],[-58.50935,-34.349994],[-58.510422,-34.348976],[-58.510553,-34.349173],[-58.511267,-34.348494],[-58.511719,-34.349172],[-58.511906,-34.349026],[-58.512139,-34.348907],[-58.512343,-34.34876],[-58.511786,-34.348138],[-58.514586,-34.346414],[-58.514801,-34.343343],[-58.508246,-34.348335]]]}},{"type":"Feature","properties":{"partida":"357019515","cca":"357000100000000000000065000A0000000002500T","tipo":"Urbano","sup_m2":2137.9},"geometry":{"type":"Polygon","coordinates":[[[-58.512343,-34.34876],[-58.512554,-34.348619],[-58.512004,-34.348004],[-58.511786,-34.348138],[-58.512343,-34.34876]]]}},{"type":"Feature","properties":{"partida":"357019516","cca":"357000100000000000000065000A0000000002500W","tipo":"Urbano","sup_m2":2099.9},"geometry":{"type":"Polygon","coordinates":[[[-58.512222,-34.347869],[-58.512004,-34.348004],[-58.512554,-34.348619],[-58.51276,-34.34847],[-58.512222,-34.347869]]]}},{"type":"Feature","properties":{"partida":"357019517","cca":"357000100000000000000065000A0000000002500X","tipo":"Urbano","sup_m2":2087.4},"geometry":{"type":"Polygon","coordinates":[[[-58.512222,-34.347869],[-58.51276,-34.34847],[-58.512984,-34.348343],[-58.51244,-34.347735],[-58.512222,-34.347869]]]}},{"type":"Feature","properties":{"partida":"357019518","cca":"357000100000000000000065000A0000000002500Y","tipo":"Urbano","sup_m2":2125.3},"geometry":{"type":"Polygon","coordinates":[[[-58.513215,-34.348223],[-58.512658,-34.347601],[-58.51244,-34.347735],[-58.512984,-34.348343],[-58.513215,-34.348223]]]}},{"type":"Feature","properties":{"partida":"357019519","cca":"357000100000000000000065000A0000000002500Z","tipo":"Urbano","sup_m2":2162.2},"geometry":{"type":"Polygon","coordinates":[[[-58.51344,-34.348096],[-58.512877,-34.347467],[-58.512658,-34.347601],[-58.513215,-34.348223],[-58.51344,-34.348096]]]}},{"type":"Feature","properties":{"partida":"357018155","cca":"357000100000000000000065000A0000000002600A","tipo":"Urbano","sup_m2":2191.7},"geometry":{"type":"Polygon","coordinates":[[[-58.509198,-34.350139],[-58.509723,-34.350928],[-58.509775,-34.351007],[-58.509922,-34.350854],[-58.50935,-34.349994],[-58.509198,-34.350139]]]}},{"type":"Feature","properties":{"partida":"357018462","cca":"357000100000000000000065000A0000000002600B","tipo":"Urbano","sup_m2":2201.8},"geometry":{"type":"Polygon","coordinates":[[[-58.509198,-34.350139],[-58.509045,-34.350283],[-58.509623,-34.351151],[-58.509775,-34.351007],[-58.509198,-34.350139]]]}},{"type":"Feature","properties":{"partida":"357018463","cca":"357000100000000000000065000A0000000002600C","tipo":"Urbano","sup_m2":2211.8},"geometry":{"type":"Polygon","coordinates":[[[-58.509476,-34.351304],[-58.509623,-34.351151],[-58.509045,-34.350283],[-58.508893,-34.350428],[-58.509476,-34.351304]]]}},{"type":"Feature","properties":{"partida":"357018465","cca":"357000100000000000000065000A0000000002600D","tipo":"Urbano","sup_m2":2232.1},"geometry":{"type":"Polygon","coordinates":[[[-58.509329,-34.351456],[-58.509476,-34.351304],[-58.508893,-34.350428],[-58.508741,-34.350573],[-58.509329,-34.351456]]]}},{"type":"Feature","properties":{"partida":"357018464","cca":"357000100000000000000065000A0000000002600E","tipo":"Rural","sup_m2":38940.6},"geometry":{"type":"Polygon","coordinates":[[[-58.508099,-34.351182],[-58.508556,-34.350749],[-58.509144,-34.351632],[-58.509329,-34.351456],[-58.508741,-34.350573],[-58.50935,-34.349994],[-58.508246,-34.348335],[-58.506891,-34.349366],[-58.508099,-34.351182]]]}},{"type":"Feature","properties":{"partida":"357018466","cca":"357000100000000000000065000A0000000002600F","tipo":"Urbano","sup_m2":2241.7},"geometry":{"type":"Polygon","coordinates":[[[-58.509144,-34.351632],[-58.509081,-34.351538],[-58.508556,-34.350749],[-58.508404,-34.350893],[-58.508992,-34.351777],[-58.509144,-34.351632]]]}},{"type":"Feature","properties":{"partida":"357018467","cca":"357000100000000000000065000A0000000002600G","tipo":"Urbano","sup_m2":2241.7},"geometry":{"type":"Polygon","coordinates":[[[-58.508404,-34.350893],[-58.508251,-34.351038],[-58.508839,-34.351922],[-58.508992,-34.351777],[-58.508404,-34.350893]]]}},{"type":"Feature","properties":{"partida":"357018468","cca":"357000100000000000000065000A0000000002600H","tipo":"Urbano","sup_m2":2261.0},"geometry":{"type":"Polygon","coordinates":[[[-58.508839,-34.351922],[-58.508776,-34.351827],[-58.508251,-34.351038],[-58.508099,-34.351182],[-58.508698,-34.352082],[-58.508839,-34.351922]]]}},{"type":"Feature","properties":{"partida":"357018469","cca":"357000100000000000000065000A0000000002600K","tipo":"Urbano","sup_m2":2292.8},"geometry":{"type":"Polygon","coordinates":[[[-58.508551,-34.352235],[-58.508698,-34.352082],[-58.508099,-34.351182],[-58.507947,-34.351327],[-58.508551,-34.352235]]]}},{"type":"Feature","properties":{"partida":"357018470","cca":"357000100000000000000065000A0000000002600M","tipo":"Urbano","sup_m2":2301.3},"geometry":{"type":"Polygon","coordinates":[[[-58.508399,-34.352379],[-58.508551,-34.352235],[-58.507947,-34.351327],[-58.507795,-34.351472],[-58.508399,-34.352379]]]}},{"type":"Feature","properties":{"partida":"357018471","cca":"357000100000000000000065000A0000000002600N","tipo":"Urbano","sup_m2":2291.8},"geometry":{"type":"Polygon","coordinates":[[[-58.508241,-34.352516],[-58.508399,-34.352379],[-58.507795,-34.351472],[-58.507643,-34.351616],[-58.508241,-34.352516]]]}},{"type":"Feature","properties":{"partida":"357013809","cca":"357000100000000000000065000A0000000002600R","tipo":"Rural","sup_m2":42282.7},"geometry":{"type":"Polygon","coordinates":[[[-58.508099,-34.351182],[-58.506891,-34.349366],[-58.505536,-34.350398],[-58.506849,-34.352371],[-58.507458,-34.351792],[-58.508067,-34.352708],[-58.508241,-34.352516],[-58.507643,-34.351616],[-58.508099,-34.351182]]]}},{"type":"Feature","properties":{"partida":"357018472","cca":"357000100000000000000065000A0000000002600S","tipo":"Urbano","sup_m2":2362.0},"geometry":{"type":"Polygon","coordinates":[[[-58.508067,-34.352708],[-58.507983,-34.352581],[-58.507458,-34.351792],[-58.507305,-34.351937],[-58.507935,-34.352884],[-58.508067,-34.352708]]]}},{"type":"Feature","properties":{"partida":"357018473","cca":"357000100000000000000065000A0000000002600T","tipo":"Urbano","sup_m2":2431.4},"geometry":{"type":"Polygon","coordinates":[[[-58.507305,-34.351937],[-58.507153,-34.352081],[-58.507799,-34.353052],[-58.507935,-34.352884],[-58.507305,-34.351937]]]}},{"type":"Feature","properties":{"partida":"357018474","cca":"357000100000000000000065000A0000000002600U","tipo":"Urbano","sup_m2":2502.3},"geometry":{"type":"Polygon","coordinates":[[[-58.507668,-34.353228],[-58.507799,-34.353052],[-58.507153,-34.352081],[-58.507001,-34.352226],[-58.507668,-34.353228]]]}},{"type":"Feature","properties":{"partida":"357018475","cca":"357000100000000000000065000A0000000002600V","tipo":"Urbano","sup_m2":2582.2},"geometry":{"type":"Polygon","coordinates":[[[-58.506849,-34.352371],[-58.507374,-34.35316],[-58.507536,-34.353404],[-58.507668,-34.353228],[-58.507001,-34.352226],[-58.506849,-34.352371]]]}},{"type":"Feature","properties":{"partida":"357018577","cca":"357000100000000000000065000A0000000004100A","tipo":"Urbano","sup_m2":7850.6},"geometry":{"type":"Polygon","coordinates":[[[-58.50749,-34.353335],[-58.506396,-34.35169],[-58.506562,-34.353345],[-58.50749,-34.353335]]]}},{"type":"Feature","properties":{"partida":"357018072","cca":"357000100000000000000065000A0000000004100B","tipo":"Rural","sup_m2":71696.0},"geometry":{"type":"Polygon","coordinates":[[[-58.502598,-34.350975],[-58.503098,-34.352725],[-58.506043,-34.352522],[-58.506126,-34.353348],[-58.506562,-34.353345],[-58.506396,-34.35169],[-58.505536,-34.350398],[-58.502598,-34.350975]]]}},{"type":"Feature","properties":{"partida":"357018578","cca":"357000100000000000000065000A0000000004100C","tipo":"Urbano","sup_m2":1800.0},"geometry":{"type":"Polygon","coordinates":[[[-58.505906,-34.353327],[-58.506126,-34.353348],[-58.506043,-34.352522],[-58.505827,-34.352537],[-58.505906,-34.353327]]]}},{"type":"Feature","properties":{"partida":"357018579","cca":"357000100000000000000065000A0000000004100D","tipo":"Urbano","sup_m2":1750.0},"geometry":{"type":"Polygon","coordinates":[[[-58.505827,-34.352537],[-58.50561,-34.352552],[-58.505689,-34.353333],[-58.505906,-34.353327],[-58.505827,-34.352537]]]}},{"type":"Feature","properties":{"partida":"357018580","cca":"357000100000000000000065000A0000000004100E","tipo":"Urbano","sup_m2":1729.6},"geometry":{"type":"Polygon","coordinates":[[[-58.505471,-34.353339],[-58.505689,-34.353333],[-58.50561,-34.352552],[-58.505393,-34.352567],[-58.505471,-34.353339]]]}},{"type":"Feature","properties":{"partida":"357018581","cca":"357000100000000000000065000A0000000004100F","tipo":"Urbano","sup_m2":1700.1},"geometry":{"type":"Polygon","coordinates":[[[-58.505253,-34.353336],[-58.505471,-34.353339],[-58.505393,-34.352567],[-58.505177,-34.352582],[-58.505253,-34.353336]]]}},{"type":"Feature","properties":{"partida":"357018582","cca":"357000100000000000000065000A0000000004100G","tipo":"Urbano","sup_m2":1660.2},"geometry":{"type":"Polygon","coordinates":[[[-58.505034,-34.353333],[-58.505253,-34.353336],[-58.505177,-34.352582],[-58.50496,-34.352597],[-58.505034,-34.353333]]]}},{"type":"Feature","properties":{"partida":"357018583","cca":"357000100000000000000065000A0000000004100H","tipo":"Urbano","sup_m2":1630.1},"geometry":{"type":"Polygon","coordinates":[[[-58.504744,-34.352612],[-58.504817,-34.353339],[-58.505034,-34.353333],[-58.50496,-34.352597],[-58.504744,-34.352612]]]}},{"type":"Feature","properties":{"partida":"357018584","cca":"357000100000000000000065000A0000000004100K","tipo":"Urbano","sup_m2":1620.2},"geometry":{"type":"Polygon","coordinates":[[[-58.504744,-34.352612],[-58.504527,-34.352627],[-58.5046,-34.353354],[-58.504817,-34.353339],[-58.504744,-34.352612]]]}},{"type":"Feature","properties":{"partida":"357018585","cca":"357000100000000000000065000A0000000004100M","tipo":"Urbano","sup_m2":1619.6},"geometry":{"type":"Polygon","coordinates":[[[-58.504311,-34.352642],[-58.504384,-34.353369],[-58.5046,-34.353354],[-58.504527,-34.352627],[-58.504311,-34.352642]]]}},{"type":"Feature","properties":{"partida":"357018586","cca":"357000100000000000000065000A0000000004100N","tipo":"Urbano","sup_m2":1630.5},"geometry":{"type":"Polygon","coordinates":[[[-58.504094,-34.352657],[-58.504168,-34.353393],[-58.504384,-34.353369],[-58.504311,-34.352642],[-58.504094,-34.352657]]]}},{"type":"Feature","properties":{"partida":"357018587","cca":"357000100000000000000065000A0000000004100P","tipo":"Urbano","sup_m2":1659.6},"geometry":{"type":"Polygon","coordinates":[[[-58.503877,-34.352672],[-58.503953,-34.353426],[-58.504168,-34.353393],[-58.504094,-34.352657],[-58.503877,-34.352672]]]}},{"type":"Feature","properties":{"partida":"357018588","cca":"357000100000000000000065000A0000000004100R","tipo":"Urbano","sup_m2":1690.0},"geometry":{"type":"Polygon","coordinates":[[[-58.503877,-34.352672],[-58.503661,-34.352686],[-58.503738,-34.35345],[-58.503953,-34.353426],[-58.503877,-34.352672]]]}},{"type":"Feature","properties":{"partida":"357018589","cca":"357000100000000000000065000A0000000004100S","tipo":"Urbano","sup_m2":1740.2},"geometry":{"type":"Polygon","coordinates":[[[-58.503444,-34.352701],[-58.503516,-34.35342],[-58.503525,-34.353501],[-58.503738,-34.35345],[-58.503661,-34.352686],[-58.503444,-34.352701]]]}},{"type":"Feature","properties":{"partida":"357018590","cca":"357000100000000000000065000A0000000004100T","tipo":"Urbano","sup_m2":2279.0},"geometry":{"type":"Polygon","coordinates":[[[-58.503444,-34.352701],[-58.503098,-34.352725],[-58.50333,-34.35354],[-58.503525,-34.353501],[-58.503444,-34.352701]]]}},{"type":"Feature","properties":{"partida":"357018073","cca":"357000100000000000000065000A00000000042000","tipo":"Rural","sup_m2":110002.5},"geometry":{"type":"Polygon","coordinates":[[[-58.502598,-34.350975],[-58.498128,-34.351853],[-58.499658,-34.354166],[-58.501466,-34.353855],[-58.502532,-34.353678],[-58.503062,-34.353577],[-58.503328,-34.353533],[-58.502598,-34.350975]]]}},{"type":"Feature","properties":{"partida":null,"cca":"357000100000000000000065000A00000000043000","tipo":null,"sup_m2":9578.0},"geometry":{"type":"Polygon","coordinates":[[[-58.499336,-34.354216],[-58.498813,-34.353425],[-58.497751,-34.353613],[-58.498273,-34.354404],[-58.499336,-34.354216]]]}},{"type":"Feature","properties":{"partida":"357018085","cca":"357000100000000000000065000A00000000044000","tipo":"Rural","sup_m2":347589.0},"geometry":{"type":"Polygon","coordinates":[[[-58.498813,-34.353425],[-58.497814,-34.351914],[-58.497371,-34.350993],[-58.496885,-34.351059],[-58.49631,-34.351111],[-58.495743,-34.350928],[-58.495108,-34.350745],[-58.494376,-34.350637],[-58.493585,-34.35053],[-58.492812,-34.350461],[-58.492209,-34.350414],[-58.491731,-34.350335],[-58.491164,-34.350621],[-58.490617,-34.351347],[-58.490188,-34.352168],[-58.490047,-34.353295],[-58.49014,-34.353784],[-58.490581,-34.354626],[-58.490807,-34.354992],[-58.490959,-34.355309],[-58.491186,-34.355508],[-58.491338,-34.355636],[-58.491379,-34.355678],[-58.491769,-34.355691],[-58.494229,-34.355232],[-58.496187,-34.354894],[-58.498287,-34.354459],[-58.498273,-34.354404],[-58.497751,-34.353613],[-58.498813,-34.353425]]]}},{"type":"Feature","properties":{"partida":null,"cca":"357000100000000000000065000A00000000045000","tipo":null,"sup_m2":982079.7},"geometry":{"type":"Polygon","coordinates":[[[-58.505536,-34.350398],[-58.514801,-34.343343],[-58.497936,-34.343093],[-58.497613,-34.343445],[-58.497309,-34.343782],[-58.497192,-34.344201],[-58.497194,-34.344223],[-58.497388,-34.344648],[-58.497597,-34.344907],[-58.497674,-34.34542],[-58.497677,-34.345872],[-58.497616,-34.346328],[-58.497648,-34.346778],[-58.497661,-34.347229],[-58.497892,-34.347214],[-58.498072,-34.34901],[-58.497757,-34.350373],[-58.4977,-34.350353],[-58.497471,-34.350762],[-58.497371,-34.350993],[-58.497814,-34.351914],[-58.505536,-34.350398]]]}},{"type":"Feature","properties":{"partida":"357018877","cca":"357000100000000000000066400A00000000005000","tipo":"Urbano","sup_m2":2298.3},"geometry":{"type":"Polygon","coordinates":[[[-58.493525,-34.356146],[-58.493861,-34.356906],[-58.494037,-34.356827],[-58.493869,-34.35603],[-58.493723,-34.356089],[-58.493525,-34.356146]]]}},{"type":"Feature","properties":{"partida":"357018878","cca":"357000100000000000000066400A00000000006000","tipo":"Urbano","sup_m2":1896.1},"geometry":{"type":"Polygon","coordinates":[[[-58.493661,-34.356999],[-58.493861,-34.356906],[-58.493525,-34.356146],[-58.493317,-34.356221],[-58.493661,-34.356999]]]}},{"type":"Feature","properties":{"partida":"357018879","cca":"357000100000000000000066400A00000000007000","tipo":"Urbano","sup_m2":1911.1},"geometry":{"type":"Polygon","coordinates":[[[-58.493098,-34.356304],[-58.493479,-34.357083],[-58.493661,-34.356999],[-58.493317,-34.356221],[-58.493197,-34.356258],[-58.493098,-34.356304]]]}},{"type":"Feature","properties":{"partida":"357018880","cca":"357000100000000000000066400A00000000008000","tipo":"Urbano","sup_m2":1989.2},"geometry":{"type":"Polygon","coordinates":[[[-58.493479,-34.357083],[-58.493098,-34.356304],[-58.492877,-34.356381],[-58.493287,-34.357172],[-58.493479,-34.357083]]]}},{"type":"Feature","properties":{"partida":"357018881","cca":"357000100000000000000066400A00000000009000","tipo":"Urbano","sup_m2":1805.0},"geometry":{"type":"Polygon","coordinates":[[[-58.493088,-34.357251],[-58.493287,-34.357172],[-58.492877,-34.356381],[-58.492704,-34.356443],[-58.493088,-34.357251]]]}},{"type":"Feature","properties":{"partida":"357018882","cca":"357000100000000000000066400A00000000010000","tipo":"Urbano","sup_m2":2065.9},"geometry":{"type":"Polygon","coordinates":[[[-58.493088,-34.357251],[-58.492704,-34.356443],[-58.492477,-34.356525],[-58.492901,-34.357339],[-58.493088,-34.357251]]]}},{"type":"Feature","properties":{"partida":"357018883","cca":"357000100000000000000066400A00000000011000","tipo":"Urbano","sup_m2":1904.0},"geometry":{"type":"Polygon","coordinates":[[[-58.492477,-34.356525],[-58.492378,-34.356565],[-58.492292,-34.356584],[-58.492697,-34.357412],[-58.492901,-34.357339],[-58.492477,-34.356525]]]}},{"type":"Feature","properties":{"partida":"357018884","cca":"357000100000000000000066400A00000000012000","tipo":"Urbano","sup_m2":2046.5},"geometry":{"type":"Polygon","coordinates":[[[-58.492503,-34.357481],[-58.492697,-34.357412],[-58.492292,-34.356584],[-58.492073,-34.356663],[-58.492503,-34.357481]]]}},{"type":"Feature","properties":{"partida":"357018885","cca":"357000100000000000000066400A00000000013000","tipo":"Urbano","sup_m2":2164.8},"geometry":{"type":"Polygon","coordinates":[[[-58.492297,-34.357555],[-58.492503,-34.357481],[-58.492073,-34.356663],[-58.491846,-34.356755],[-58.492297,-34.357555]]]}},{"type":"Feature","properties":{"partida":"357018886","cca":"357000100000000000000066400A00000000014000","tipo":"Urbano","sup_m2":1744.0},"geometry":{"type":"Polygon","coordinates":[[[-58.492094,-34.357628],[-58.492297,-34.357555],[-58.491846,-34.356755],[-58.491704,-34.356848],[-58.492094,-34.357628]]]}},{"type":"Feature","properties":{"partida":"357018887","cca":"357000100000000000000066400A00000000015000","tipo":"Urbano","sup_m2":1803.6},"geometry":{"type":"Polygon","coordinates":[[[-58.491894,-34.357699],[-58.492094,-34.357628],[-58.491704,-34.356848],[-58.491523,-34.356924],[-58.491894,-34.357699]]]}},{"type":"Feature","properties":{"partida":"357018888","cca":"357000100000000000000066400A00000000016000","tipo":"Urbano","sup_m2":1896.4},"geometry":{"type":"Polygon","coordinates":[[[-58.491689,-34.357772],[-58.491894,-34.357699],[-58.491523,-34.356924],[-58.491321,-34.357016],[-58.491689,-34.357772]]]}},{"type":"Feature","properties":{"partida":"357018889","cca":"357000100000000000000066400A00000000017000","tipo":"Urbano","sup_m2":1753.9},"geometry":{"type":"Polygon","coordinates":[[[-58.491492,-34.357843],[-58.491689,-34.357772],[-58.491321,-34.357016],[-58.491135,-34.3571],[-58.491492,-34.357843]]]}},{"type":"Feature","properties":{"partida":"357018890","cca":"357000100000000000000066400A00000000018000","tipo":"Urbano","sup_m2":1766.8},"geometry":{"type":"Polygon","coordinates":[[[-58.491492,-34.357843],[-58.491135,-34.3571],[-58.490936,-34.357191],[-58.491296,-34.357912],[-58.491492,-34.357843]]]}},{"type":"Feature","properties":{"partida":"357018045","cca":"357000100000000000000066400B0000000000100A","tipo":"Urbano","sup_m2":6200.9},"geometry":{"type":"Polygon","coordinates":[[[-58.508431,-34.359069],[-58.509372,-34.359326],[-58.509346,-34.359014],[-58.509291,-34.35846],[-58.509103,-34.358505],[-58.50856,-34.358452],[-58.508431,-34.359069]]]}},{"type":"Feature","properties":{"partida":"357018046","cca":"357000100000000000000066400B0000000000100B","tipo":"Urbano","sup_m2":2093.6},"geometry":{"type":"Polygon","coordinates":[[[-58.50836,-34.359296],[-58.509318,-34.359501],[-58.509372,-34.359326],[-58.508431,-34.359069],[-58.50836,-34.359296]]]}},{"type":"Feature","properties":{"partida":"357018047","cca":"357000100000000000000066400B0000000000100C","tipo":"Urbano","sup_m2":1823.9},"geometry":{"type":"Polygon","coordinates":[[[-58.508306,-34.35947],[-58.509268,-34.359676],[-58.509318,-34.359501],[-58.50836,-34.359296],[-58.508306,-34.35947]]]}},{"type":"Feature","properties":{"partida":"357018048","cca":"357000100000000000000066400B0000000000100D","tipo":"Urbano","sup_m2":1833.6},"geometry":{"type":"Polygon","coordinates":[[[-58.508252,-34.359645],[-58.509218,-34.359852],[-58.509268,-34.359676],[-58.508306,-34.35947],[-58.508252,-34.359645]]]}},{"type":"Feature","properties":{"partida":"357018090","cca":"357000100000000000000066400B0000000000100E","tipo":"Urbano","sup_m2":1841.6},"geometry":{"type":"Polygon","coordinates":[[[-58.508197,-34.359819],[-58.509168,-34.360028],[-58.509218,-34.359852],[-58.508252,-34.359645],[-58.508197,-34.359819]]]}},{"type":"Feature","properties":{"partida":"357018091","cca":"357000100000000000000066400B0000000000100F","tipo":"Urbano","sup_m2":1850.0},"geometry":{"type":"Polygon","coordinates":[[[-58.508143,-34.359994],[-58.509118,-34.360203],[-58.509168,-34.360028],[-58.508197,-34.359819],[-58.508143,-34.359994]]]}},{"type":"Feature","properties":{"partida":"357018092","cca":"357000100000000000000066400B0000000000100G","tipo":"Urbano","sup_m2":1859.6},"geometry":{"type":"Polygon","coordinates":[[[-58.508088,-34.360168],[-58.509069,-34.360378],[-58.509118,-34.360203],[-58.508143,-34.359994],[-58.508088,-34.360168]]]}},{"type":"Feature","properties":{"partida":"357018093","cca":"357000100000000000000066400B0000000000100H","tipo":"Urbano","sup_m2":1868.0},"geometry":{"type":"Polygon","coordinates":[[[-58.508088,-34.360168],[-58.508034,-34.360343],[-58.509019,-34.360554],[-58.509069,-34.360378],[-58.508088,-34.360168]]]}},{"type":"Feature","properties":{"partida":"357018094","cca":"357000100000000000000066400B0000000000100K","tipo":"Urbano","sup_m2":1876.2},"geometry":{"type":"Polygon","coordinates":[[[-58.507979,-34.360517],[-58.508969,-34.360729],[-58.509019,-34.360554],[-58.508034,-34.360343],[-58.507979,-34.360517]]]}},{"type":"Feature","properties":{"partida":"357018095","cca":"357000100000000000000066400B0000000000100M","tipo":"Urbano","sup_m2":1885.7},"geometry":{"type":"Polygon","coordinates":[[[-58.507979,-34.360517],[-58.507925,-34.360692],[-58.508919,-34.360905],[-58.508969,-34.360729],[-58.507979,-34.360517]]]}},{"type":"Feature","properties":{"partida":"357018096","cca":"357000100000000000000066400B0000000000100N","tipo":"Urbano","sup_m2":1894.1},"geometry":{"type":"Polygon","coordinates":[[[-58.50787,-34.360866],[-58.508869,-34.36108],[-58.508919,-34.360905],[-58.507925,-34.360692],[-58.50787,-34.360866]]]}},{"type":"Feature","properties":{"partida":"357018097","cca":"357000100000000000000066400B0000000000100P","tipo":"Urbano","sup_m2":1902.8},"geometry":{"type":"Polygon","coordinates":[[[-58.50787,-34.360866],[-58.507816,-34.361041],[-58.508819,-34.361256],[-58.508869,-34.36108],[-58.50787,-34.360866]]]}},{"type":"Feature","properties":{"partida":"357018098","cca":"357000100000000000000066400B0000000000100R","tipo":"Urbano","sup_m2":1911.6},"geometry":{"type":"Polygon","coordinates":[[[-58.507761,-34.361215],[-58.508769,-34.361431],[-58.508819,-34.361256],[-58.507816,-34.361041],[-58.507761,-34.361215]]]}},{"type":"Feature","properties":{"partida":"357018099","cca":"357000100000000000000066400B0000000000100S","tipo":"Urbano","sup_m2":1920.3},"geometry":{"type":"Polygon","coordinates":[[[-58.507761,-34.361215],[-58.507707,-34.36139],[-58.508719,-34.361607],[-58.508769,-34.361431],[-58.507761,-34.361215]]]}},{"type":"Feature","properties":{"partida":"357014839","cca":"357000100000000000000066400B0000000000100Z","tipo":"Rural","sup_m2":30405.2},"geometry":{"type":"Polygon","coordinates":[[[-58.507184,-34.363065],[-58.51066,-34.362],[-58.510469,-34.360835],[-58.508887,-34.361016],[-58.508493,-34.362405],[-58.507277,-34.362768],[-58.507184,-34.363065]]]}},{"type":"Feature","properties":{"partida":"357018108","cca":"357000100000000000000066400B00000000072000","tipo":"Urbano","sup_m2":1200.1},"geometry":{"type":"Polygon","coordinates":[[[-58.511232,-34.361477],[-58.511203,-34.361298],[-58.510557,-34.361371],[-58.510586,-34.361549],[-58.511232,-34.361477]]]}},{"type":"Feature","properties":{"partida":"357018109","cca":"357000100000000000000066400B00000000073000","tipo":"Urbano","sup_m2":1200.0},"geometry":{"type":"Polygon","coordinates":[[[-58.511203,-34.361298],[-58.511174,-34.361119],[-58.510528,-34.361192],[-58.510557,-34.361371],[-58.511203,-34.361298]]]}},{"type":"Feature","properties":{"partida":"357018110","cca":"357000100000000000000066400B00000000074000","tipo":"Urbano","sup_m2":1199.6},"geometry":{"type":"Polygon","coordinates":[[[-58.511174,-34.361119],[-58.511145,-34.360941],[-58.510499,-34.361013],[-58.510528,-34.361192],[-58.511174,-34.361119]]]}},{"type":"Feature","properties":{"partida":"357018111","cca":"357000100000000000000066400B00000000075000","tipo":"Urbano","sup_m2":1200.2},"geometry":{"type":"Polygon","coordinates":[[[-58.511145,-34.360941],[-58.511116,-34.360762],[-58.510469,-34.360835],[-58.510499,-34.361013],[-58.511145,-34.360941]]]}},{"type":"Feature","properties":{"partida":"357018112","cca":"357000100000000000000066400B00000000076000","tipo":"Urbano","sup_m2":1200.0},"geometry":{"type":"Polygon","coordinates":[[[-58.511116,-34.360762],[-58.511086,-34.360583],[-58.51044,-34.360656],[-58.510469,-34.360835],[-58.511116,-34.360762]]]}},{"type":"Feature","properties":{"partida":"357018113","cca":"357000100000000000000066400B00000000077000","tipo":"Urbano","sup_m2":1200.2},"geometry":{"type":"Polygon","coordinates":[[[-58.511086,-34.360583],[-58.511057,-34.360405],[-58.510411,-34.360477],[-58.51044,-34.360656],[-58.511086,-34.360583]]]}},{"type":"Feature","properties":{"partida":"357018114","cca":"357000100000000000000066400B00000000078000","tipo":"Urbano","sup_m2":1199.9},"geometry":{"type":"Polygon","coordinates":[[[-58.511057,-34.360405],[-58.511028,-34.360226],[-58.510382,-34.360299],[-58.510411,-34.360477],[-58.511057,-34.360405]]]}},{"type":"Feature","properties":{"partida":"357018115","cca":"357000100000000000000066400B00000000079000","tipo":"Urbano","sup_m2":1199.8},"geometry":{"type":"Polygon","coordinates":[[[-58.510353,-34.36012],[-58.510382,-34.360299],[-58.511028,-34.360226],[-58.510999,-34.360048],[-58.510353,-34.36012]]]}},{"type":"Feature","properties":{"partida":"357018116","cca":"357000100000000000000066400B00000000080000","tipo":"Urbano","sup_m2":1200.2},"geometry":{"type":"Polygon","coordinates":[[[-58.510999,-34.360048],[-58.51097,-34.359869],[-58.510324,-34.359942],[-58.510353,-34.36012],[-58.510999,-34.360048]]]}},{"type":"Feature","properties":{"partida":"357018117","cca":"357000100000000000000066400B00000000081000","tipo":"Rural","sup_m2":25944.3},"geometry":{"type":"Polygon","coordinates":[[[-58.509318,-34.359501],[-58.508887,-34.361016],[-58.510469,-34.360835],[-58.510324,-34.359942],[-58.51097,-34.359869],[-58.510926,-34.359601],[-58.51028,-34.359674],[-58.510093,-34.358603],[-58.509346,-34.359014],[-58.509372,-34.359326],[-58.509318,-34.359501]]]}},{"type":"Feature","properties":{"partida":"357018118","cca":"357000100000000000000066400B00000000082000","tipo":"Urbano","sup_m2":1216.0},"geometry":{"type":"Polygon","coordinates":[[[-58.510894,-34.359418],[-58.510249,-34.359495],[-58.51028,-34.359674],[-58.510926,-34.359601],[-58.510894,-34.359418]]]}},{"type":"Feature","properties":{"partida":"357018119","cca":"357000100000000000000066400B00000000083000","tipo":"Urbano","sup_m2":1200.0},"geometry":{"type":"Polygon","coordinates":[[[-58.510218,-34.359317],[-58.510249,-34.359495],[-58.510894,-34.359418],[-58.510863,-34.359239],[-58.510218,-34.359317]]]}},{"type":"Feature","properties":{"partida":"357018120","cca":"357000100000000000000066400B00000000084000","tipo":"Urbano","sup_m2":1200.0},"geometry":{"type":"Polygon","coordinates":[[[-58.510187,-34.359138],[-58.510218,-34.359317],[-58.510863,-34.359239],[-58.510832,-34.359061],[-58.510187,-34.359138]]]}},{"type":"Feature","properties":{"partida":"357018121","cca":"357000100000000000000066400B00000000085000","tipo":"Urbano","sup_m2":1200.0},"geometry":{"type":"Polygon","coordinates":[[[-58.510156,-34.35896],[-58.510187,-34.359138],[-58.510832,-34.359061],[-58.510801,-34.358883],[-58.510156,-34.35896]]]}},{"type":"Feature","properties":{"partida":"357018122","cca":"357000100000000000000066400B00000000086000","tipo":"Urbano","sup_m2":1200.0},"geometry":{"type":"Polygon","coordinates":[[[-58.510124,-34.358782],[-58.510156,-34.35896],[-58.510801,-34.358883],[-58.51077,-34.358704],[-58.510124,-34.358782]]]}},{"type":"Feature","properties":{"partida":"357018123","cca":"357000100000000000000066400B00000000087000","tipo":"Urbano","sup_m2":2029.3},"geometry":{"type":"Polygon","coordinates":[[[-58.510663,-34.358287],[-58.510093,-34.358603],[-58.510124,-34.358782],[-58.51077,-34.358704],[-58.510691,-34.358319],[-58.510663,-34.358287]]]}},{"type":"Feature","properties":{"partida":"357018124","cca":"357000100000000000000066400B00000000088000","tipo":"Urbano","sup_m2":2989.2},"geometry":{"type":"Polygon","coordinates":[[[-58.510193,-34.358548],[-58.510663,-34.358287],[-58.510429,-34.358027],[-58.510101,-34.357907],[-58.509807,-34.35807],[-58.510193,-34.358548]]]}},{"type":"Feature","properties":{"partida":"357018125","cca":"357000100000000000000066400B00000000089000","tipo":"Urbano","sup_m2":2452.3},"geometry":{"type":"Polygon","coordinates":[[[-58.510193,-34.358548],[-58.509807,-34.35807],[-58.509771,-34.35809],[-58.509489,-34.35836],[-58.509827,-34.358751],[-58.510193,-34.358548]]]}},{"type":"Feature","properties":{"partida":"357018126","cca":"357000100000000000000066400B00000000090000","tipo":"Urbano","sup_m2":1967.4},"geometry":{"type":"Polygon","coordinates":[[[-58.509346,-34.359014],[-58.509827,-34.358751],[-58.509489,-34.35836],[-58.509416,-34.35843],[-58.509291,-34.35846],[-58.509346,-34.359014]]]}},{"type":"Feature","properties":{"partida":null,"cca":"357000100000000000000066400D0000000000100F","tipo":null,"sup_m2":1873.3},"geometry":{"type":"Polygon","coordinates":[[[-58.506126,-34.355042],[-58.506118,-34.355184],[-58.507378,-34.355133],[-58.507677,-34.355155],[-58.507639,-34.355044],[-58.50723,-34.355029],[-58.506126,-34.355042]]]}},{"type":"Feature","properties":{"partida":"357014799","cca":"357000100000000000000066400D0000000000100G","tipo":"Urbano","sup_m2":4011.8},"geometry":{"type":"Polygon","coordinates":[[[-58.507755,-34.354801],[-58.507409,-34.354772],[-58.506098,-34.354798],[-58.506126,-34.355042],[-58.50723,-34.355029],[-58.507639,-34.355044],[-58.507684,-34.354859],[-58.507755,-34.354801]]]}},{"type":"Feature","properties":{"partida":"357014800","cca":"357000100000000000000066400D0000000000100H","tipo":"Urbano","sup_m2":3144.3},"geometry":{"type":"Polygon","coordinates":[[[-58.50624,-34.354602],[-58.506076,-34.354608],[-58.506098,-34.354798],[-58.507409,-34.354772],[-58.507755,-34.354801],[-58.507775,-34.354603],[-58.50624,-34.354602]]]}},{"type":"Feature","properties":{"partida":"357014801","cca":"357000100000000000000066400D0000000000100J","tipo":"Urbano","sup_m2":3405.4},"geometry":{"type":"Polygon","coordinates":[[[-58.50624,-34.354602],[-58.507775,-34.354603],[-58.507786,-34.354379],[-58.507439,-34.354377],[-58.506473,-34.354354],[-58.50624,-34.354602]]]}},{"type":"Feature","properties":{"partida":"357014802","cca":"357000100000000000000066400D0000000000100K","tipo":"Urbano","sup_m2":2060.1},"geometry":{"type":"Polygon","coordinates":[[[-58.506473,-34.354354],[-58.507439,-34.354377],[-58.507786,-34.354379],[-58.507797,-34.35423],[-58.506736,-34.354178],[-58.506473,-34.354354]]]}},{"type":"Feature","properties":{"partida":null,"cca":"357000100000000000000066400D0000000000100M","tipo":null,"sup_m2":1840.3},"geometry":{"type":"Polygon","coordinates":[[[-58.507797,-34.35423],[-58.507795,-34.354138],[-58.507808,-34.354034],[-58.507451,-34.354029],[-58.506915,-34.354004],[-58.506736,-34.354178],[-58.507797,-34.35423]]]}},{"type":"Feature","properties":{"partida":null,"cca":"357000100000000000000066400D0000000000100N","tipo":null,"sup_m2":1513.5},"geometry":{"type":"Polygon","coordinates":[[[-58.507808,-34.354034],[-58.507794,-34.353947],[-58.507766,-34.353886],[-58.507707,-34.353836],[-58.507098,-34.353828],[-58.506915,-34.354004],[-58.507451,-34.354029],[-58.507808,-34.354034]]]}},{"type":"Feature","properties":{"partida":"357014805","cca":"357000100000000000000066400D0000000000100P","tipo":"Urbano","sup_m2":1644.7},"geometry":{"type":"Polygon","coordinates":[[[-58.507707,-34.353836],[-58.507668,-34.35374],[-58.507614,-34.353659],[-58.507501,-34.353563],[-58.507246,-34.353501],[-58.50709,-34.353499],[-58.507098,-34.353828],[-58.507707,-34.353836]]]}},{"type":"Feature","properties":{"partida":"357014806","cca":"357000100000000000000066400D0000000000100Q","tipo":"Urbano","sup_m2":848.6},"geometry":{"type":"Polygon","coordinates":[[[-58.506891,-34.353478],[-58.506915,-34.354004],[-58.507098,-34.353828],[-58.50709,-34.353499],[-58.506891,-34.353478]]]}},{"type":"Feature","properties":{"partida":"357014807","cca":"357000100000000000000066400D0000000000100R","tipo":"Urbano","sup_m2":1161.8},"geometry":{"type":"Polygon","coordinates":[[[-58.506736,-34.354178],[-58.506915,-34.354004],[-58.506891,-34.353478],[-58.506708,-34.353467],[-58.506736,-34.354178]]]}},{"type":"Feature","properties":{"partida":"357014808","cca":"357000100000000000000066400D0000000000100S","tipo":"Urbano","sup_m2":2291.1},"geometry":{"type":"Polygon","coordinates":[[[-58.506473,-34.354354],[-58.506736,-34.354178],[-58.506708,-34.353467],[-58.506417,-34.353473],[-58.506473,-34.354354]]]}},{"type":"Feature","properties":{"partida":"357014809","cca":"357000100000000000000066400D0000000000100T","tipo":"Urbano","sup_m2":2378.5},"geometry":{"type":"Polygon","coordinates":[[[-58.506417,-34.353473],[-58.506198,-34.353477],[-58.50624,-34.354602],[-58.506473,-34.354354],[-58.506417,-34.353473]]]}},{"type":"Feature","properties":{"partida":null,"cca":"357000100000000000000066400D0000000000100U","tipo":null,"sup_m2":2134.4},"geometry":{"type":"Polygon","coordinates":[[[-58.50599,-34.353475],[-58.506076,-34.354608],[-58.50624,-34.354602],[-58.506198,-34.353477],[-58.506088,-34.353485],[-58.50599,-34.353475]]]}},{"type":"Feature","properties":{"partida":"357014811","cca":"357000100000000000000066400D0000000000100V","tipo":"Urbano","sup_m2":2698.4},"geometry":{"type":"Polygon","coordinates":[[[-58.506076,-34.354608],[-58.50599,-34.353475],[-58.505754,-34.353457],[-58.505776,-34.353635],[-58.50583,-34.354415],[-58.50585,-34.354629],[-58.506076,-34.354608]]]}},{"type":"Feature","properties":{"partida":"357018171","cca":"357000100000000000000066400D00000000002000","tipo":"Urbano","sup_m2":1895.2},"geometry":{"type":"Polygon","coordinates":[[[-58.505668,-34.354427],[-58.50583,-34.354415],[-58.505776,-34.353635],[-58.505754,-34.353457],[-58.505551,-34.353468],[-58.505568,-34.353703],[-58.505668,-34.354427]]]}},{"type":"Feature","properties":{"partida":"357018172","cca":"357000100000000000000066400D00000000003000","tipo":"Urbano","sup_m2":2246.7},"geometry":{"type":"Polygon","coordinates":[[[-58.505668,-34.354427],[-58.505568,-34.353703],[-58.505551,-34.353468],[-58.505326,-34.353492],[-58.505339,-34.353719],[-58.505445,-34.354456],[-58.505668,-34.354427]]]}},{"type":"Feature","properties":{"partida":"357018173","cca":"357000100000000000000066400D00000000004000","tipo":"Urbano","sup_m2":2079.5},"geometry":{"type":"Polygon","coordinates":[[[-58.505445,-34.354456],[-58.505339,-34.353719],[-58.505326,-34.353492],[-58.505105,-34.353506],[-58.505123,-34.35373],[-58.50525,-34.354478],[-58.505445,-34.354456]]]}},{"type":"Feature","properties":{"partida":"357018174","cca":"357000100000000000000066400D00000000005000","tipo":"Urbano","sup_m2":2288.6},"geometry":{"type":"Polygon","coordinates":[[[-58.504893,-34.353538],[-58.504909,-34.353743],[-58.504993,-34.354495],[-58.50525,-34.354478],[-58.505123,-34.35373],[-58.505105,-34.353506],[-58.504893,-34.353538]]]}},{"type":"Feature","properties":{"partida":"357018175","cca":"357000100000000000000066400D00000000006000","tipo":"Urbano","sup_m2":2059.3},"geometry":{"type":"Polygon","coordinates":[[[-58.504993,-34.354495],[-58.504909,-34.353743],[-58.504893,-34.353538],[-58.504686,-34.353542],[-58.504696,-34.353756],[-58.504795,-34.354516],[-58.504993,-34.354495]]]}},{"type":"Feature","properties":{"partida":"357018176","cca":"357000100000000000000066400D00000000007000","tipo":"Urbano","sup_m2":2195.0},"geometry":{"type":"Polygon","coordinates":[[[-58.504795,-34.354516],[-58.504696,-34.353756],[-58.504686,-34.353542],[-58.504447,-34.35356],[-58.504466,-34.35377],[-58.504592,-34.354525],[-58.504795,-34.354516]]]}},{"type":"Feature","properties":{"partida":"357018177","cca":"357000100000000000000066400D00000000008000","tipo":"Urbano","sup_m2":2300.0},"geometry":{"type":"Polygon","coordinates":[[[-58.504447,-34.35356],[-58.504308,-34.35358],[-58.50418,-34.353585],[-58.504227,-34.353782],[-58.504368,-34.354525],[-58.504592,-34.354525],[-58.504466,-34.35377],[-58.504447,-34.35356]]]}},{"type":"Feature","properties":{"partida":"357018178","cca":"357000100000000000000066400D00000000009000","tipo":"Urbano","sup_m2":1985.8},"geometry":{"type":"Polygon","coordinates":[[[-58.504368,-34.354525],[-58.504227,-34.353782],[-58.50418,-34.353585],[-58.503982,-34.353602],[-58.504158,-34.354522],[-58.504368,-34.354525]]]}},{"type":"Feature","properties":{"partida":"357018179","cca":"357000100000000000000066400D00000000010000","tipo":"Urbano","sup_m2":2114.0},"geometry":{"type":"Polygon","coordinates":[[[-58.504158,-34.354522],[-58.503982,-34.353602],[-58.503752,-34.353622],[-58.503785,-34.35381],[-58.503952,-34.354537],[-58.504158,-34.354522]]]}},{"type":"Feature","properties":{"partida":"357018180","cca":"357000100000000000000066400D00000000011000","tipo":"Urbano","sup_m2":2200.4},"geometry":{"type":"Polygon","coordinates":[[[-58.503952,-34.354537],[-58.503785,-34.35381],[-58.503752,-34.353622],[-58.503505,-34.35365],[-58.503565,-34.353944],[-58.503745,-34.354552],[-58.503952,-34.354537]]]}},{"type":"Feature","properties":{"partida":"357018181","cca":"357000100000000000000066400D00000000012000","tipo":"Urbano","sup_m2":2106.6},"geometry":{"type":"Polygon","coordinates":[[[-58.503239,-34.353726],[-58.503303,-34.353888],[-58.503546,-34.354591],[-58.503745,-34.354552],[-58.503565,-34.353944],[-58.503505,-34.35365],[-58.503413,-34.353704],[-58.503239,-34.353726]]]}},{"type":"Feature","properties":{"partida":"357018182","cca":"357000100000000000000066400D00000000013000","tipo":"Urbano","sup_m2":1939.3},"geometry":{"type":"Polygon","coordinates":[[[-58.503546,-34.354591],[-58.503303,-34.353888],[-58.503239,-34.353726],[-58.503079,-34.353797],[-58.503105,-34.353938],[-58.503322,-34.354643],[-58.503546,-34.354591]]]}},{"type":"Feature","properties":{"partida":"357018183","cca":"357000100000000000000066400D00000000014000","tipo":"Urbano","sup_m2":2325.7},"geometry":{"type":"Polygon","coordinates":[[[-58.503322,-34.354643],[-58.503105,-34.353938],[-58.503079,-34.353797],[-58.502815,-34.353851],[-58.503048,-34.354672],[-58.503322,-34.354643]]]}},{"type":"Feature","properties":{"partida":"357018184","cca":"357000100000000000000066400D00000000015000","tipo":"Urbano","sup_m2":1897.2},"geometry":{"type":"Polygon","coordinates":[[[-58.503048,-34.354672],[-58.502815,-34.353851],[-58.502622,-34.35388],[-58.502633,-34.353986],[-58.502838,-34.354732],[-58.503048,-34.354672]]]}},{"type":"Feature","properties":{"partida":"357018185","cca":"357000100000000000000066400D00000000016000","tipo":"Urbano","sup_m2":1908.1},"geometry":{"type":"Polygon","coordinates":[[[-58.502622,-34.35388],[-58.502508,-34.353881],[-58.502401,-34.353935],[-58.502622,-34.354754],[-58.502838,-34.354732],[-58.502633,-34.353986],[-58.502622,-34.35388]]]}},{"type":"Feature","properties":{"partida":"357018186","cca":"357000100000000000000066400D00000000017000","tipo":"Urbano","sup_m2":1958.1},"geometry":{"type":"Polygon","coordinates":[[[-58.502622,-34.354754],[-58.502401,-34.353935],[-58.502178,-34.353987],[-58.502395,-34.35479],[-58.502622,-34.354754]]]}},{"type":"Feature","properties":{"partida":"357018187","cca":"357000100000000000000066400D00000000018000","tipo":"Urbano","sup_m2":1811.0},"geometry":{"type":"Polygon","coordinates":[[[-58.502395,-34.35479],[-58.502178,-34.353987],[-58.50198,-34.354064],[-58.502169,-34.354828],[-58.502395,-34.35479]]]}},{"type":"Feature","properties":{"partida":"357018188","cca":"357000100000000000000066400D00000000019000","tipo":"Urbano","sup_m2":1745.5},"geometry":{"type":"Polygon","coordinates":[[[-58.501761,-34.354118],[-58.501951,-34.354854],[-58.502169,-34.354828],[-58.50198,-34.354064],[-58.501868,-34.354099],[-58.501761,-34.354118]]]}},{"type":"Feature","properties":{"partida":"357018189","cca":"357000100000000000000066400D00000000020000","tipo":"Urbano","sup_m2":1596.6},"geometry":{"type":"Polygon","coordinates":[[[-58.501951,-34.354854],[-58.501761,-34.354118],[-58.501558,-34.354156],[-58.501734,-34.354865],[-58.501951,-34.354854]]]}},{"type":"Feature","properties":{"partida":"357018190","cca":"357000100000000000000066400D00000000021000","tipo":"Urbano","sup_m2":1609.8},"geometry":{"type":"Polygon","coordinates":[[[-58.501734,-34.354865],[-58.501558,-34.354156],[-58.501343,-34.354176],[-58.501532,-34.354913],[-58.501734,-34.354865]]]}},{"type":"Feature","properties":{"partida":"357018191","cca":"357000100000000000000066400D00000000022000","tipo":"Urbano","sup_m2":2236.9},"geometry":{"type":"Polygon","coordinates":[[[-58.501343,-34.354176],[-58.501225,-34.354217],[-58.501,-34.354251],[-58.501314,-34.354976],[-58.501532,-34.354913],[-58.501343,-34.354176]]]}},{"type":"Feature","properties":{"partida":"357018192","cca":"357000100000000000000066400D00000000023000","tipo":"Urbano","sup_m2":1831.5},"geometry":{"type":"Polygon","coordinates":[[[-58.501314,-34.354976],[-58.501,-34.354251],[-58.500787,-34.354381],[-58.500925,-34.354726],[-58.501113,-34.355012],[-58.501314,-34.354976]]]}},{"type":"Feature","properties":{"partida":null,"cca":"357000100000000000000066400D00000000024000","tipo":null,"sup_m2":53879.6},"geometry":{"type":"Polygon","coordinates":[[[-58.505328,-34.354676],[-58.504893,-34.354691],[-58.503996,-34.354776],[-58.504398,-34.356196],[-58.50445,-34.35637],[-58.504499,-34.356553],[-58.504915,-34.356503],[-58.506668,-34.356535],[-58.50742,-34.356646],[-58.507542,-34.356239],[-58.507677,-34.355155],[-58.507378,-34.355133],[-58.506118,-34.355184],[-58.506126,-34.355042],[-58.505393,-34.354875],[-58.505328,-34.354676]]]}},{"type":"Feature","properties":{"partida":"357019639","cca":"357000100000000000000066400D0000000002400A","tipo":"Urbano","sup_m2":2363.5},"geometry":{"type":"Polygon","coordinates":[[[-58.506126,-34.355042],[-58.506076,-34.354608],[-58.505328,-34.354676],[-58.505393,-34.354875],[-58.506126,-34.355042]]]}},{"type":"Feature","properties":{"partida":"357018193","cca":"357000100000000000000066400E00000000001000","tipo":"Urbano","sup_m2":26951.8},"geometry":{"type":"Polygon","coordinates":[[[-58.50632,-34.356586],[-58.504722,-34.356608],[-58.50557,-34.35938],[-58.505656,-34.359401],[-58.50629,-34.357585],[-58.506293,-34.357346],[-58.50632,-34.356586]]]}},{"type":"Feature","properties":{"partida":"357014816","cca":"357000100000000000000066400E0000000000200B","tipo":"Urbano","sup_m2":2668.4},"geometry":{"type":"Polygon","coordinates":[[[-58.505538,-34.359741],[-58.505483,-34.359906],[-58.506718,-34.360253],[-58.506801,-34.360035],[-58.505538,-34.359741]]]}},{"type":"Feature","properties":{"partida":"357014817","cca":"357000100000000000000066400E0000000000200C","tipo":"Urbano","sup_m2":2244.6},"geometry":{"type":"Polygon","coordinates":[[[-58.505538,-34.359741],[-58.506801,-34.360035],[-58.506838,-34.359882],[-58.5056,-34.359566],[-58.505538,-34.359741]]]}},{"type":"Feature","properties":{"partida":null,"cca":"357000100000000000000066400E0000000000200D","tipo":null,"sup_m2":2243.3},"geometry":{"type":"Polygon","coordinates":[[[-58.5056,-34.359566],[-58.506838,-34.359882],[-58.506899,-34.359724],[-58.505656,-34.359401],[-58.5056,-34.359566]]]}},{"type":"Feature","properties":{"partida":null,"cca":"357000100000000000000066400E0000000000200E","tipo":null,"sup_m2":2658.7},"geometry":{"type":"Polygon","coordinates":[[[-58.506937,-34.35952],[-58.506777,-34.359468],[-58.505719,-34.359218],[-58.505656,-34.359401],[-58.506899,-34.359724],[-58.506914,-34.359627],[-58.506937,-34.35952]]]}},{"type":"Feature","properties":{"partida":"357014820","cca":"357000100000000000000066400E0000000000200F","tipo":"Urbano","sup_m2":2104.6},"geometry":{"type":"Polygon","coordinates":[[[-58.505719,-34.359218],[-58.506777,-34.359468],[-58.506937,-34.35952],[-58.506991,-34.359381],[-58.505785,-34.359036],[-58.505719,-34.359218]]]}},{"type":"Feature","properties":{"partida":"357014821","cca":"357000100000000000000066400E0000000000200G","tipo":"Urbano","sup_m2":2688.5},"geometry":{"type":"Polygon","coordinates":[[[-58.505843,-34.358866],[-58.505785,-34.359036],[-58.506991,-34.359381],[-58.507098,-34.359159],[-58.506897,-34.35912],[-58.505843,-34.358866]]]}},{"type":"Feature","properties":{"partida":"357014822","cca":"357000100000000000000066400E0000000000200H","tipo":"Urbano","sup_m2":2399.7},"geometry":{"type":"Polygon","coordinates":[[[-58.507129,-34.358966],[-58.50696,-34.358942],[-58.505904,-34.358693],[-58.505843,-34.358866],[-58.506897,-34.35912],[-58.507098,-34.359159],[-58.507096,-34.359076],[-58.507129,-34.358966]]]}},{"type":"Feature","properties":{"partida":"357014823","cca":"357000100000000000000066400E0000000000200J","tipo":"Urbano","sup_m2":2320.8},"geometry":{"type":"Polygon","coordinates":[[[-58.505964,-34.358518],[-58.505904,-34.358693],[-58.50696,-34.358942],[-58.507129,-34.358966],[-58.507187,-34.358813],[-58.507017,-34.35877],[-58.505964,-34.358518]]]}},{"type":"Feature","properties":{"partida":"357014824","cca":"357000100000000000000066400E0000000000200K","tipo":"Urbano","sup_m2":2197.6},"geometry":{"type":"Polygon","coordinates":[[[-58.506022,-34.358355],[-58.505964,-34.358518],[-58.507017,-34.35877],[-58.507187,-34.358813],[-58.507241,-34.358649],[-58.506022,-34.358355]]]}},{"type":"Feature","properties":{"partida":"357014825","cca":"357000100000000000000066400E0000000000200M","tipo":"Urbano","sup_m2":2491.1},"geometry":{"type":"Polygon","coordinates":[[[-58.506086,-34.35817],[-58.506022,-34.358355],[-58.507241,-34.358649],[-58.50731,-34.358468],[-58.507135,-34.358423],[-58.506086,-34.35817]]]}},{"type":"Feature","properties":{"partida":"357014828","cca":"357000100000000000000066400E0000000000200Q","tipo":"Urbano","sup_m2":2190.4},"geometry":{"type":"Polygon","coordinates":[[[-58.507446,-34.357912],[-58.507319,-34.357893],[-58.50627,-34.357644],[-58.506208,-34.357821],[-58.507406,-34.358082],[-58.507446,-34.357912]]]}},{"type":"Feature","properties":{"partida":"357014829","cca":"357000100000000000000066400E0000000000200R","tipo":"Urbano","sup_m2":1680.2},"geometry":{"type":"Polygon","coordinates":[[[-58.50629,-34.357585],[-58.50627,-34.357644],[-58.507319,-34.357893],[-58.507446,-34.357912],[-58.507509,-34.35772],[-58.50629,-34.357585]]]}},{"type":"Feature","properties":{"partida":"357014830","cca":"357000100000000000000066400E0000000000200S","tipo":"Urbano","sup_m2":1450.4},"geometry":{"type":"Polygon","coordinates":[[[-58.507509,-34.35772],[-58.507503,-34.357545],[-58.507381,-34.357546],[-58.506289,-34.357523],[-58.50629,-34.357585],[-58.507509,-34.35772]]]}},{"type":"Feature","properties":{"partida":"357014831","cca":"357000100000000000000066400E0000000000200T","tipo":"Urbano","sup_m2":2226.5},"geometry":{"type":"Polygon","coordinates":[[[-58.507503,-34.357545],[-58.507523,-34.357367],[-58.506293,-34.357346],[-58.506289,-34.357523],[-58.507381,-34.357546],[-58.507503,-34.357545]]]}},{"type":"Feature","properties":{"partida":"357014832","cca":"357000100000000000000066400E0000000000200U","tipo":"Urbano","sup_m2":2249.3},"geometry":{"type":"Polygon","coordinates":[[[-58.50755,-34.357196],[-58.507387,-34.357187],[-58.506299,-34.357169],[-58.506293,-34.357346],[-58.507523,-34.357367],[-58.50755,-34.357196]]]}},{"type":"Feature","properties":{"partida":"357014833","cca":"357000100000000000000066400E0000000000200V","tipo":"Urbano","sup_m2":2330.1},"geometry":{"type":"Polygon","coordinates":[[[-58.506299,-34.357169],[-58.507387,-34.357187],[-58.50755,-34.357196],[-58.507541,-34.356995],[-58.507388,-34.357007],[-58.506304,-34.356985],[-58.506299,-34.357169]]]}},{"type":"Feature","properties":{"partida":"357014834","cca":"357000100000000000000066400E0000000000200W","tipo":"Urbano","sup_m2":2284.6},"geometry":{"type":"Polygon","coordinates":[[[-58.50631,-34.356802],[-58.506304,-34.356985],[-58.507388,-34.357007],[-58.507541,-34.356995],[-58.50754,-34.356831],[-58.507391,-34.356825],[-58.50631,-34.356802]]]}},{"type":"Feature","properties":{"partida":"357014835","cca":"357000100000000000000066400E0000000000200X","tipo":"Urbano","sup_m2":2160.8},"geometry":{"type":"Polygon","coordinates":[[[-58.50754,-34.356831],[-58.507469,-34.356717],[-58.507078,-34.356662],[-58.506697,-34.356588],[-58.50632,-34.356586],[-58.50631,-34.356802],[-58.507391,-34.356825],[-58.50754,-34.356831]]]}},{"type":"Feature","properties":{"partida":"357014827","cca":"357000100000000000000066400E0000000000200Z","tipo":"Urbano","sup_m2":4841.1},"geometry":{"type":"Polygon","coordinates":[[[-58.506086,-34.35817],[-58.507135,-34.358423],[-58.50731,-34.358468],[-58.507379,-34.358213],[-58.507406,-34.358082],[-58.506208,-34.357821],[-58.506086,-34.35817]]]}},{"type":"Feature","properties":{"partida":"357018194","cca":"357000100000000000000066400E00000000003000","tipo":"Urbano","sup_m2":2331.5},"geometry":{"type":"Polygon","coordinates":[[[-58.505419,-34.360084],[-58.506643,-34.360409],[-58.506718,-34.360253],[-58.505483,-34.359906],[-58.505419,-34.360084]]]}},{"type":"Feature","properties":{"partida":"357018195","cca":"357000100000000000000066400E00000000004000","tipo":"Urbano","sup_m2":2237.2},"geometry":{"type":"Polygon","coordinates":[[[-58.505363,-34.360248],[-58.506598,-34.360575],[-58.506643,-34.360409],[-58.505419,-34.360084],[-58.505363,-34.360248]]]}},{"type":"Feature","properties":{"partida":"357018196","cca":"357000100000000000000066400E00000000005000","tipo":"Urbano","sup_m2":2106.9},"geometry":{"type":"Polygon","coordinates":[[[-58.505363,-34.360248],[-58.505301,-34.360423],[-58.506562,-34.360706],[-58.506598,-34.360575],[-58.505363,-34.360248]]]}},{"type":"Feature","properties":{"partida":"357018197","cca":"357000100000000000000066400E00000000006000","tipo":"Urbano","sup_m2":2561.8},"geometry":{"type":"Polygon","coordinates":[[[-58.505243,-34.360595],[-58.506472,-34.360903],[-58.506562,-34.360706],[-58.505301,-34.360423],[-58.505243,-34.360595]]]}},{"type":"Feature","properties":{"partida":"357018198","cca":"357000100000000000000066400E00000000007000","tipo":"Urbano","sup_m2":2004.2},"geometry":{"type":"Polygon","coordinates":[[[-58.505243,-34.360595],[-58.505188,-34.36076],[-58.506372,-34.361026],[-58.506472,-34.360903],[-58.505243,-34.360595]]]}},{"type":"Feature","properties":{"partida":"357018199","cca":"357000100000000000000066400E00000000008000","tipo":"Urbano","sup_m2":2245.8},"geometry":{"type":"Polygon","coordinates":[[[-58.505188,-34.36076],[-58.505125,-34.360941],[-58.506287,-34.361188],[-58.506372,-34.361026],[-58.505188,-34.36076]]]}},{"type":"Feature","properties":{"partida":"357018200","cca":"357000100000000000000066400E00000000009000","tipo":"Urbano","sup_m2":2150.4},"geometry":{"type":"Polygon","coordinates":[[[-58.505125,-34.360941],[-58.505069,-34.361106],[-58.506287,-34.361365],[-58.506287,-34.361188],[-58.505125,-34.360941]]]}},{"type":"Feature","properties":{"partida":"357018201","cca":"357000100000000000000066400E00000000010000","tipo":"Urbano","sup_m2":2679.4},"geometry":{"type":"Polygon","coordinates":[[[-58.505069,-34.361106],[-58.505004,-34.3613],[-58.506392,-34.361583],[-58.506287,-34.361365],[-58.505069,-34.361106]]]}},{"type":"Feature","properties":{"partida":"357018208","cca":"357000100000000000000066400F00000000001000","tipo":"Urbano","sup_m2":1365.4},"geometry":{"type":"Polygon","coordinates":[[[-58.503408,-34.354778],[-58.502817,-34.354864],[-58.502831,-34.355102],[-58.503428,-34.354985],[-58.503408,-34.354778]]]}},{"type":"Feature","properties":{"partida":"357018209","cca":"357000100000000000000066400F00000000002000","tipo":"Urbano","sup_m2":1625.4},"geometry":{"type":"Polygon","coordinates":[[[-58.503428,-34.354985],[-58.502831,-34.355102],[-58.502901,-34.355355],[-58.503497,-34.355238],[-58.503428,-34.354985]]]}},{"type":"Feature","properties":{"partida":"357018210","cca":"357000100000000000000066400F00000000003000","tipo":"Urbano","sup_m2":1166.6},"geometry":{"type":"Polygon","coordinates":[[[-58.503497,-34.355238],[-58.502901,-34.355355],[-58.502952,-34.355534],[-58.503549,-34.355422],[-58.503497,-34.355238]]]}},{"type":"Feature","properties":{"partida":"357018211","cca":"357000100000000000000066400F00000000004000","tipo":"Urbano","sup_m2":1131.2},"geometry":{"type":"Polygon","coordinates":[[[-58.503549,-34.355422],[-58.502952,-34.355534],[-58.503002,-34.355712],[-58.503598,-34.355597],[-58.503549,-34.355422]]]}},{"type":"Feature","properties":{"partida":"357018212","cca":"357000100000000000000066400F00000000005000","tipo":"Urbano","sup_m2":1081.0},"geometry":{"type":"Polygon","coordinates":[[[-58.503598,-34.355597],[-58.503002,-34.355712],[-58.50305,-34.35588],[-58.503647,-34.355766],[-58.503598,-34.355597]]]}},{"type":"Feature","properties":{"partida":"357018213","cca":"357000100000000000000066400F00000000006000","tipo":"Urbano","sup_m2":1160.8},"geometry":{"type":"Polygon","coordinates":[[[-58.503647,-34.355766],[-58.50305,-34.35588],[-58.503099,-34.356063],[-58.503698,-34.355943],[-58.503647,-34.355766]]]}},{"type":"Feature","properties":{"partida":"357018214","cca":"357000100000000000000066400F00000000007000","tipo":"Urbano","sup_m2":1192.1},"geometry":{"type":"Polygon","coordinates":[[[-58.503698,-34.355943],[-58.503099,-34.356063],[-58.503151,-34.356245],[-58.503752,-34.356129],[-58.503698,-34.355943]]]}},{"type":"Feature","properties":{"partida":"357018215","cca":"357000100000000000000066400F00000000008000","tipo":"Urbano","sup_m2":1140.2},"geometry":{"type":"Polygon","coordinates":[[[-58.503752,-34.356129],[-58.503151,-34.356245],[-58.503199,-34.356419],[-58.503803,-34.356307],[-58.503752,-34.356129]]]}},{"type":"Feature","properties":{"partida":"357018216","cca":"357000100000000000000066400F00000000009000","tipo":"Urbano","sup_m2":1151.7},"geometry":{"type":"Polygon","coordinates":[[[-58.503803,-34.356307],[-58.503199,-34.356419],[-58.50325,-34.356598],[-58.503853,-34.356483],[-58.503803,-34.356307]]]}},{"type":"Feature","properties":{"partida":"357018217","cca":"357000100000000000000066400F00000000010000","tipo":"Urbano","sup_m2":1191.2},"geometry":{"type":"Polygon","coordinates":[[[-58.503853,-34.356483],[-58.50325,-34.356598],[-58.503298,-34.35678],[-58.503906,-34.356667],[-58.503853,-34.356483]]]}},{"type":"Feature","properties":{"partida":"357018218","cca":"357000100000000000000066400F00000000011000","tipo":"Urbano","sup_m2":1127.9},"geometry":{"type":"Polygon","coordinates":[[[-58.503953,-34.356839],[-58.503906,-34.356667],[-58.503298,-34.35678],[-58.503347,-34.356954],[-58.503953,-34.356839]]]}},{"type":"Feature","properties":{"partida":"357018219","cca":"357000100000000000000066400F00000000012000","tipo":"Urbano","sup_m2":1143.2},"geometry":{"type":"Polygon","coordinates":[[[-58.504002,-34.357013],[-58.503953,-34.356839],[-58.503347,-34.356954],[-58.503395,-34.357131],[-58.504002,-34.357013]]]}},{"type":"Feature","properties":{"partida":"357018220","cca":"357000100000000000000066400F00000000013000","tipo":"Urbano","sup_m2":1134.2},"geometry":{"type":"Polygon","coordinates":[[[-58.504002,-34.357013],[-58.503395,-34.357131],[-58.50344,-34.357302],[-58.504051,-34.357188],[-58.504002,-34.357013]]]}},{"type":"Feature","properties":{"partida":"357018221","cca":"357000100000000000000066400F00000000014000","tipo":"Urbano","sup_m2":1201.3},"geometry":{"type":"Polygon","coordinates":[[[-58.504051,-34.357188],[-58.50344,-34.357302],[-58.503491,-34.357486],[-58.504104,-34.357369],[-58.504051,-34.357188]]]}},{"type":"Feature","properties":{"partida":"357018222","cca":"357000100000000000000066400F00000000015000","tipo":"Urbano","sup_m2":1182.5},"geometry":{"type":"Polygon","coordinates":[[[-58.504104,-34.357369],[-58.503491,-34.357486],[-58.503539,-34.357666],[-58.504153,-34.357549],[-58.504104,-34.357369]]]}},{"type":"Feature","properties":{"partida":"357018223","cca":"357000100000000000000066400F00000000016000","tipo":"Urbano","sup_m2":1188.5},"geometry":{"type":"Polygon","coordinates":[[[-58.504153,-34.357549],[-58.503539,-34.357666],[-58.503589,-34.357846],[-58.504202,-34.35773],[-58.504153,-34.357549]]]}},{"type":"Feature","properties":{"partida":"357018224","cca":"357000100000000000000066400F00000000017000","tipo":"Urbano","sup_m2":1144.6},"geometry":{"type":"Polygon","coordinates":[[[-58.504202,-34.35773],[-58.503589,-34.357846],[-58.503637,-34.35802],[-58.504251,-34.357903],[-58.504202,-34.35773]]]}},{"type":"Feature","properties":{"partida":"357018225","cca":"357000100000000000000066400F00000000018000","tipo":"Urbano","sup_m2":1193.2},"geometry":{"type":"Polygon","coordinates":[[[-58.504251,-34.357903],[-58.503637,-34.35802],[-58.503687,-34.358201],[-58.5043,-34.358084],[-58.504251,-34.357903]]]}},{"type":"Feature","properties":{"partida":"357018226","cca":"357000100000000000000066400F00000000019000","tipo":"Urbano","sup_m2":1255.3},"geometry":{"type":"Polygon","coordinates":[[[-58.5043,-34.358084],[-58.503687,-34.358201],[-58.503743,-34.358393],[-58.504352,-34.358274],[-58.5043,-34.358084]]]}},{"type":"Feature","properties":{"partida":"357018227","cca":"357000100000000000000066400F00000000020000","tipo":"Urbano","sup_m2":1096.4},"geometry":{"type":"Polygon","coordinates":[[[-58.5044,-34.358444],[-58.504352,-34.358274],[-58.503743,-34.358393],[-58.50379,-34.358558],[-58.5044,-34.358444]]]}},{"type":"Feature","properties":{"partida":"357018228","cca":"357000100000000000000066400F00000000021000","tipo":"Urbano","sup_m2":1149.2},"geometry":{"type":"Polygon","coordinates":[[[-58.5044,-34.358444],[-58.50379,-34.358558],[-58.503838,-34.358735],[-58.504445,-34.358618],[-58.5044,-34.358444]]]}},{"type":"Feature","properties":{"partida":"357018229","cca":"357000100000000000000066400F00000000022000","tipo":"Urbano","sup_m2":1194.8},"geometry":{"type":"Polygon","coordinates":[[[-58.504445,-34.358618],[-58.503838,-34.358735],[-58.50389,-34.358918],[-58.504498,-34.358801],[-58.504445,-34.358618]]]}},{"type":"Feature","properties":{"partida":"357018230","cca":"357000100000000000000066400F00000000023000","tipo":"Urbano","sup_m2":1112.3},"geometry":{"type":"Polygon","coordinates":[[[-58.504498,-34.358801],[-58.50389,-34.358918],[-58.503941,-34.359088],[-58.504545,-34.358971],[-58.504498,-34.358801]]]}},{"type":"Feature","properties":{"partida":"357018231","cca":"357000100000000000000066400F00000000024000","tipo":"Urbano","sup_m2":1140.4},"geometry":{"type":"Polygon","coordinates":[[[-58.504545,-34.358971],[-58.503941,-34.359088],[-58.503992,-34.359264],[-58.504592,-34.359147],[-58.504545,-34.358971]]]}},{"type":"Feature","properties":{"partida":"357018232","cca":"357000100000000000000066400F00000000025000","tipo":"Urbano","sup_m2":1176.0},"geometry":{"type":"Polygon","coordinates":[[[-58.504592,-34.359147],[-58.503992,-34.359264],[-58.504044,-34.359445],[-58.504645,-34.35933],[-58.504592,-34.359147]]]}},{"type":"Feature","properties":{"partida":"357018233","cca":"357000100000000000000066400F00000000026000","tipo":"Urbano","sup_m2":1190.7},"geometry":{"type":"Polygon","coordinates":[[[-58.504645,-34.35933],[-58.504044,-34.359445],[-58.504096,-34.35963],[-58.504695,-34.359514],[-58.504645,-34.35933]]]}},{"type":"Feature","properties":{"partida":"357018234","cca":"357000100000000000000066400F00000000027000","tipo":"Urbano","sup_m2":1171.6},"geometry":{"type":"Polygon","coordinates":[[[-58.50474,-34.359504],[-58.504096,-34.35963],[-58.504142,-34.359797],[-58.504789,-34.359675],[-58.50474,-34.359504]]]}},{"type":"Feature","properties":{"partida":"357018235","cca":"357000100000000000000066400F00000000028000","tipo":"Urbano","sup_m2":1242.7},"geometry":{"type":"Polygon","coordinates":[[[-58.504789,-34.359675],[-58.504142,-34.359797],[-58.504193,-34.359976],[-58.504838,-34.359854],[-58.504789,-34.359675]]]}},{"type":"Feature","properties":{"partida":"357018236","cca":"357000100000000000000066400F00000000029000","tipo":"Urbano","sup_m2":1285.0},"geometry":{"type":"Polygon","coordinates":[[[-58.504891,-34.360037],[-58.504838,-34.359854],[-58.504193,-34.359976],[-58.504245,-34.360163],[-58.504891,-34.360037]]]}},{"type":"Feature","properties":{"partida":"357018237","cca":"357000100000000000000066400F00000000030000","tipo":"Urbano","sup_m2":1225.8},"geometry":{"type":"Polygon","coordinates":[[[-58.504891,-34.360037],[-58.504245,-34.360163],[-58.504298,-34.360341],[-58.50494,-34.360212],[-58.504891,-34.360037]]]}},{"type":"Feature","properties":{"partida":"357018238","cca":"357000100000000000000066400F00000000031000","tipo":"Urbano","sup_m2":1225.9},"geometry":{"type":"Polygon","coordinates":[[[-58.50494,-34.360212],[-58.504298,-34.360341],[-58.504346,-34.360516],[-58.504987,-34.360392],[-58.50494,-34.360212]]]}},{"type":"Feature","properties":{"partida":"357018239","cca":"357000100000000000000066400F00000000032000","tipo":"Urbano","sup_m2":1278.8},"geometry":{"type":"Polygon","coordinates":[[[-58.504987,-34.360392],[-58.504346,-34.360516],[-58.504358,-34.360701],[-58.505041,-34.360573],[-58.504987,-34.360392]]]}},{"type":"Feature","properties":{"partida":"357018240","cca":"357000100000000000000066400F00000000033000","tipo":"Urbano","sup_m2":1546.2},"geometry":{"type":"Polygon","coordinates":[[[-58.505101,-34.360769],[-58.505041,-34.360573],[-58.504358,-34.360701],[-58.504412,-34.360923],[-58.505101,-34.360769]]]}},{"type":"Feature","properties":{"partida":"357018241","cca":"357000100000000000000066400F00000000034000","tipo":"Urbano","sup_m2":3600.1},"geometry":{"type":"Polygon","coordinates":[[[-58.505101,-34.360769],[-58.504412,-34.360923],[-58.504628,-34.361898],[-58.505101,-34.360769]]]}},{"type":"Feature","properties":{"partida":"357018242","cca":"357000100000000000000066400F00000000035000","tipo":"Urbano","sup_m2":2444.0},"geometry":{"type":"Polygon","coordinates":[[[-58.504866,-34.359954],[-58.504987,-34.360392],[-58.505101,-34.360769],[-58.505419,-34.359848],[-58.504866,-34.359954]]]}},{"type":"Feature","properties":{"partida":"357018243","cca":"357000100000000000000066400F00000000036000","tipo":"Urbano","sup_m2":1189.8},"geometry":{"type":"Polygon","coordinates":[[[-58.504695,-34.359514],[-58.505303,-34.359395],[-58.505243,-34.359213],[-58.504645,-34.35933],[-58.504695,-34.359514]]]}},{"type":"Feature","properties":{"partida":"357018244","cca":"357000100000000000000066400F00000000037000","tipo":"Urbano","sup_m2":1190.1},"geometry":{"type":"Polygon","coordinates":[[[-58.504645,-34.35933],[-58.505243,-34.359213],[-58.505191,-34.359028],[-58.504592,-34.359147],[-58.504645,-34.35933]]]}},{"type":"Feature","properties":{"partida":"357018245","cca":"357000100000000000000066400F00000000038000","tipo":"Urbano","sup_m2":1115.7},"geometry":{"type":"Polygon","coordinates":[[[-58.504592,-34.359147],[-58.505191,-34.359028],[-58.50514,-34.358856],[-58.504545,-34.358971],[-58.504592,-34.359147]]]}},{"type":"Feature","properties":{"partida":"357018246","cca":"357000100000000000000066400F00000000039000","tipo":"Urbano","sup_m2":1092.3},"geometry":{"type":"Polygon","coordinates":[[[-58.504545,-34.358971],[-58.50514,-34.358856],[-58.505096,-34.358685],[-58.504498,-34.358801],[-58.504545,-34.358971]]]}},{"type":"Feature","properties":{"partida":"357018247","cca":"357000100000000000000066400F00000000040000","tipo":"Urbano","sup_m2":1172.1},"geometry":{"type":"Polygon","coordinates":[[[-58.504498,-34.358801],[-58.505096,-34.358685],[-58.505045,-34.358505],[-58.504445,-34.358618],[-58.504498,-34.358801]]]}},{"type":"Feature","properties":{"partida":"357018248","cca":"357000100000000000000066400F00000000041000","tipo":"Urbano","sup_m2":1123.5},"geometry":{"type":"Polygon","coordinates":[[[-58.504445,-34.358618],[-58.505045,-34.358505],[-58.504996,-34.35833],[-58.5044,-34.358444],[-58.504445,-34.358618]]]}},{"type":"Feature","properties":{"partida":"357018249","cca":"357000100000000000000066400F00000000042000","tipo":"Urbano","sup_m2":1104.0},"geometry":{"type":"Polygon","coordinates":[[[-58.5044,-34.358444],[-58.504996,-34.35833],[-58.504949,-34.358155],[-58.504352,-34.358274],[-58.5044,-34.358444]]]}},{"type":"Feature","properties":{"partida":"357018250","cca":"357000100000000000000066400F00000000043000","tipo":"Urbano","sup_m2":1216.8},"geometry":{"type":"Polygon","coordinates":[[[-58.504352,-34.358274],[-58.504949,-34.358155],[-58.504895,-34.357966],[-58.5043,-34.358084],[-58.504352,-34.358274]]]}},{"type":"Feature","properties":{"partida":"357018251","cca":"357000100000000000000066400F00000000044000","tipo":"Urbano","sup_m2":1145.9},"geometry":{"type":"Polygon","coordinates":[[[-58.5043,-34.358084],[-58.504895,-34.357966],[-58.504847,-34.357789],[-58.504251,-34.357903],[-58.5043,-34.358084]]]}},{"type":"Feature","properties":{"partida":"357018252","cca":"357000100000000000000066400F00000000045000","tipo":"Urbano","sup_m2":1118.7},"geometry":{"type":"Polygon","coordinates":[[[-58.504251,-34.357903],[-58.504847,-34.357789],[-58.504797,-34.357613],[-58.504202,-34.35773],[-58.504251,-34.357903]]]}},{"type":"Feature","properties":{"partida":"357018253","cca":"357000100000000000000066400F00000000046000","tipo":"Urbano","sup_m2":1153.6},"geometry":{"type":"Polygon","coordinates":[[[-58.504202,-34.35773],[-58.504797,-34.357613],[-58.504748,-34.357434],[-58.504153,-34.357549],[-58.504202,-34.35773]]]}},{"type":"Feature","properties":{"partida":"357018254","cca":"357000100000000000000066400F00000000047000","tipo":"Urbano","sup_m2":1137.5},"geometry":{"type":"Polygon","coordinates":[[[-58.504153,-34.357549],[-58.504748,-34.357434],[-58.5047,-34.357258],[-58.504104,-34.357369],[-58.504153,-34.357549]]]}},{"type":"Feature","properties":{"partida":"357018255","cca":"357000100000000000000066400F00000000048000","tipo":"Urbano","sup_m2":1185.7},"geometry":{"type":"Polygon","coordinates":[[[-58.504104,-34.357369],[-58.5047,-34.357258],[-58.504645,-34.357069],[-58.504051,-34.357188],[-58.504104,-34.357369]]]}},{"type":"Feature","properties":{"partida":"357018256","cca":"357000100000000000000066400F00000000049000","tipo":"Urbano","sup_m2":1111.0},"geometry":{"type":"Polygon","coordinates":[[[-58.504051,-34.357188],[-58.504645,-34.357069],[-58.504598,-34.356897],[-58.504002,-34.357013],[-58.504051,-34.357188]]]}},{"type":"Feature","properties":{"partida":"357018257","cca":"357000100000000000000066400F00000000050000","tipo":"Urbano","sup_m2":1120.5},"geometry":{"type":"Polygon","coordinates":[[[-58.504002,-34.357013],[-58.504598,-34.356897],[-58.504551,-34.356723],[-58.503953,-34.356839],[-58.504002,-34.357013]]]}},{"type":"Feature","properties":{"partida":"357018258","cca":"357000100000000000000066400F00000000051000","tipo":"Urbano","sup_m2":1093.3},"geometry":{"type":"Polygon","coordinates":[[[-58.503953,-34.356839],[-58.504551,-34.356723],[-58.504499,-34.356553],[-58.503906,-34.356667],[-58.503953,-34.356839]]]}},{"type":"Feature","properties":{"partida":"357018259","cca":"357000100000000000000066400F00000000052000","tipo":"Urbano","sup_m2":1178.5},"geometry":{"type":"Polygon","coordinates":[[[-58.503906,-34.356667],[-58.504499,-34.356553],[-58.50445,-34.35637],[-58.503853,-34.356483],[-58.503906,-34.356667]]]}},{"type":"Feature","properties":{"partida":"357018260","cca":"357000100000000000000066400F00000000053000","tipo":"Urbano","sup_m2":1123.0},"geometry":{"type":"Polygon","coordinates":[[[-58.503853,-34.356483],[-58.50445,-34.35637],[-58.504398,-34.356196],[-58.503803,-34.356307],[-58.503853,-34.356483]]]}},{"type":"Feature","properties":{"partida":"357018261","cca":"357000100000000000000066400F00000000054000","tipo":"Urbano","sup_m2":1151.8},"geometry":{"type":"Polygon","coordinates":[[[-58.503803,-34.356307],[-58.504398,-34.356196],[-58.504348,-34.356014],[-58.503752,-34.356129],[-58.503803,-34.356307]]]}},{"type":"Feature","properties":{"partida":"357018262","cca":"357000100000000000000066400F00000000055000","tipo":"Urbano","sup_m2":1202.5},"geometry":{"type":"Polygon","coordinates":[[[-58.503752,-34.356129],[-58.504348,-34.356014],[-58.504293,-34.355826],[-58.503698,-34.355943],[-58.503752,-34.356129]]]}},{"type":"Feature","properties":{"partida":"357018263","cca":"357000100000000000000066400F00000000056000","tipo":"Urbano","sup_m2":1134.5},"geometry":{"type":"Polygon","coordinates":[[[-58.503698,-34.355943],[-58.504293,-34.355826],[-58.504245,-34.35565],[-58.503647,-34.355766],[-58.503698,-34.355943]]]}},{"type":"Feature","properties":{"partida":"357018264","cca":"357000100000000000000066400F00000000057000","tipo":"Urbano","sup_m2":1081.4},"geometry":{"type":"Polygon","coordinates":[[[-58.503647,-34.355766],[-58.504245,-34.35565],[-58.504197,-34.355483],[-58.503598,-34.355597],[-58.503647,-34.355766]]]}},{"type":"Feature","properties":{"partida":"357018265","cca":"357000100000000000000066400F00000000058000","tipo":"Urbano","sup_m2":1138.1},"geometry":{"type":"Polygon","coordinates":[[[-58.503598,-34.355597],[-58.504197,-34.355483],[-58.504147,-34.355305],[-58.503549,-34.355422],[-58.503598,-34.355597]]]}},{"type":"Feature","properties":{"partida":"357018266","cca":"357000100000000000000066400F00000000059000","tipo":"Urbano","sup_m2":1180.3},"geometry":{"type":"Polygon","coordinates":[[[-58.503549,-34.355422],[-58.504147,-34.355305],[-58.504094,-34.355122],[-58.503497,-34.355238],[-58.503549,-34.355422]]]}},{"type":"Feature","properties":{"partida":"357018267","cca":"357000100000000000000066400F00000000060000","tipo":"Urbano","sup_m2":1626.9},"geometry":{"type":"Polygon","coordinates":[[[-58.503497,-34.355238],[-58.504094,-34.355122],[-58.504023,-34.354869],[-58.503428,-34.354985],[-58.503497,-34.355238]]]}},{"type":"Feature","properties":{"partida":"357018268","cca":"357000100000000000000066400F00000000061000","tipo":"Urbano","sup_m2":1140.5},"geometry":{"type":"Polygon","coordinates":[[[-58.503996,-34.354776],[-58.503756,-34.354703],[-58.503408,-34.354778],[-58.503428,-34.354985],[-58.504023,-34.354869],[-58.503996,-34.354776]]]}},{"type":"Feature","properties":{"partida":"357018269","cca":"357000100000000000000066400G00000000001000","tipo":"Urbano","sup_m2":2096.1},"geometry":{"type":"Polygon","coordinates":[[[-58.501938,-34.355099],[-58.501177,-34.355254],[-58.501177,-34.355493],[-58.502006,-34.355363],[-58.501938,-34.355099]]]}},{"type":"Feature","properties":{"partida":"357018270","cca":"357000100000000000000066400G00000000002000","tipo":"Urbano","sup_m2":1850.6},"geometry":{"type":"Polygon","coordinates":[[[-58.502006,-34.355363],[-58.501177,-34.355493],[-58.501222,-34.355743],[-58.502051,-34.355533],[-58.502006,-34.355363]]]}},{"type":"Feature","properties":{"partida":"357018271","cca":"357000100000000000000066400G00000000003000","tipo":"Urbano","sup_m2":1422.8},"geometry":{"type":"Polygon","coordinates":[[[-58.502051,-34.355533],[-58.501222,-34.355743],[-58.501288,-34.355889],[-58.502092,-34.355702],[-58.502051,-34.355533]]]}},{"type":"Feature","properties":{"partida":"357018272","cca":"357000100000000000000066400G00000000004000","tipo":"Urbano","sup_m2":1480.1},"geometry":{"type":"Polygon","coordinates":[[[-58.502092,-34.355702],[-58.501288,-34.355889],[-58.501357,-34.356042],[-58.502141,-34.355888],[-58.502092,-34.355702]]]}},{"type":"Feature","properties":{"partida":"357018273","cca":"357000100000000000000066400G00000000005000","tipo":"Urbano","sup_m2":1397.4},"geometry":{"type":"Polygon","coordinates":[[[-58.502185,-34.356063],[-58.502141,-34.355888],[-58.501357,-34.356042],[-58.501434,-34.356201],[-58.502185,-34.356063]]]}},{"type":"Feature","properties":{"partida":"357018274","cca":"357000100000000000000066400G00000000006000","tipo":"Urbano","sup_m2":1341.6},"geometry":{"type":"Polygon","coordinates":[[[-58.502185,-34.356063],[-58.501434,-34.356201],[-58.501511,-34.356367],[-58.502231,-34.356232],[-58.502185,-34.356063]]]}},{"type":"Feature","properties":{"partida":"357018275","cca":"357000100000000000000066400G00000000007000","tipo":"Urbano","sup_m2":1528.9},"geometry":{"type":"Polygon","coordinates":[[[-58.502231,-34.356232],[-58.501511,-34.356367],[-58.501572,-34.356582],[-58.502278,-34.356414],[-58.502231,-34.356232]]]}},{"type":"Feature","properties":{"partida":"357018276","cca":"357000100000000000000066400G00000000008000","tipo":"Urbano","sup_m2":1245.8},"geometry":{"type":"Polygon","coordinates":[[[-58.502278,-34.356414],[-58.501572,-34.356582],[-58.501619,-34.356734],[-58.502322,-34.356588],[-58.502278,-34.356414]]]}},{"type":"Feature","properties":{"partida":"357018277","cca":"357000100000000000000066400G00000000009000","tipo":"Urbano","sup_m2":1324.6},"geometry":{"type":"Polygon","coordinates":[[[-58.502322,-34.356588],[-58.501619,-34.356734],[-58.501691,-34.356903],[-58.502368,-34.356771],[-58.502322,-34.356588]]]}},{"type":"Feature","properties":{"partida":"357018278","cca":"357000100000000000000066400G00000000010000","tipo":"Urbano","sup_m2":1267.8},"geometry":{"type":"Polygon","coordinates":[[[-58.502368,-34.356771],[-58.501691,-34.356903],[-58.501715,-34.357076],[-58.502416,-34.356944],[-58.502368,-34.356771]]]}},{"type":"Feature","properties":{"partida":"357018279","cca":"357000100000000000000066400G00000000011000","tipo":"Urbano","sup_m2":1316.9},"geometry":{"type":"Polygon","coordinates":[[[-58.502416,-34.356944],[-58.501715,-34.357076],[-58.501769,-34.357251],[-58.50246,-34.357122],[-58.502416,-34.356944]]]}},{"type":"Feature","properties":{"partida":"357018280","cca":"357000100000000000000066400G00000000012000","tipo":"Urbano","sup_m2":1340.0},"geometry":{"type":"Polygon","coordinates":[[[-58.50246,-34.357122],[-58.501769,-34.357251],[-58.501796,-34.357428],[-58.502507,-34.357306],[-58.50246,-34.357122]]]}},{"type":"Feature","properties":{"partida":"357018281","cca":"357000100000000000000066400G00000000013000","tipo":"Urbano","sup_m2":1429.0},"geometry":{"type":"Polygon","coordinates":[[[-58.502507,-34.357306],[-58.501796,-34.357428],[-58.501853,-34.357631],[-58.502554,-34.35748],[-58.502507,-34.357306]]]}},{"type":"Feature","properties":{"partida":"357018282","cca":"357000100000000000000066400G00000000014000","tipo":"Urbano","sup_m2":1296.1},"geometry":{"type":"Polygon","coordinates":[[[-58.502554,-34.35748],[-58.501853,-34.357631],[-58.501911,-34.357796],[-58.5026,-34.357659],[-58.502554,-34.35748]]]}},{"type":"Feature","properties":{"partida":"357018283","cca":"357000100000000000000066400G00000000015000","tipo":"Urbano","sup_m2":1379.5},"geometry":{"type":"Polygon","coordinates":[[[-58.5026,-34.357659],[-58.501911,-34.357796],[-58.501953,-34.357985],[-58.502649,-34.357841],[-58.5026,-34.357659]]]}},{"type":"Feature","properties":{"partida":"357018284","cca":"357000100000000000000066400G00000000016000","tipo":"Urbano","sup_m2":1317.8},"geometry":{"type":"Polygon","coordinates":[[[-58.502649,-34.357841],[-58.501953,-34.357985],[-58.502003,-34.358169],[-58.502691,-34.35801],[-58.502649,-34.357841]]]}},{"type":"Feature","properties":{"partida":"357018285","cca":"357000100000000000000066400G00000000017000","tipo":"Urbano","sup_m2":1264.5},"geometry":{"type":"Polygon","coordinates":[[[-58.502741,-34.358201],[-58.502691,-34.35801],[-58.502003,-34.358169],[-58.502066,-34.358319],[-58.502741,-34.358201]]]}},{"type":"Feature","properties":{"partida":"357018286","cca":"357000100000000000000066400G00000000018000","tipo":"Urbano","sup_m2":1302.6},"geometry":{"type":"Polygon","coordinates":[[[-58.502741,-34.358201],[-58.502066,-34.358319],[-58.502135,-34.358503],[-58.502788,-34.358381],[-58.502741,-34.358201]]]}},{"type":"Feature","properties":{"partida":"357018287","cca":"357000100000000000000066400G00000000019000","tipo":"Urbano","sup_m2":1143.2},"geometry":{"type":"Polygon","coordinates":[[[-58.502788,-34.358381],[-58.502135,-34.358503],[-58.502174,-34.358665],[-58.502831,-34.358545],[-58.502788,-34.358381]]]}},{"type":"Feature","properties":{"partida":"357018288","cca":"357000100000000000000066400G00000000020000","tipo":"Urbano","sup_m2":1791.5},"geometry":{"type":"Polygon","coordinates":[[[-58.502831,-34.358545],[-58.502174,-34.358665],[-58.502223,-34.358914],[-58.502897,-34.358803],[-58.502831,-34.358545]]]}},{"type":"Feature","properties":{"partida":"357018289","cca":"357000100000000000000066400G00000000021000","tipo":"Urbano","sup_m2":1316.6},"geometry":{"type":"Polygon","coordinates":[[[-58.502943,-34.358979],[-58.502897,-34.358803],[-58.502223,-34.358914],[-58.502269,-34.359105],[-58.502943,-34.358979]]]}},{"type":"Feature","properties":{"partida":"357018290","cca":"357000100000000000000066400G00000000022000","tipo":"Urbano","sup_m2":1296.4},"geometry":{"type":"Polygon","coordinates":[[[-58.502943,-34.358979],[-58.502269,-34.359105],[-58.502315,-34.359282],[-58.502991,-34.35916],[-58.502943,-34.358979]]]}},{"type":"Feature","properties":{"partida":"357018291","cca":"357000100000000000000066400G00000000023000","tipo":"Urbano","sup_m2":1266.4},"geometry":{"type":"Polygon","coordinates":[[[-58.502991,-34.35916],[-58.502315,-34.359282],[-58.50235,-34.359466],[-58.503033,-34.359326],[-58.502991,-34.35916]]]}},{"type":"Feature","properties":{"partida":"357018292","cca":"357000100000000000000066400G00000000024000","tipo":"Urbano","sup_m2":1357.3},"geometry":{"type":"Polygon","coordinates":[[[-58.503079,-34.359507],[-58.503033,-34.359326],[-58.50235,-34.359466],[-58.502404,-34.359656],[-58.503079,-34.359507]]]}},{"type":"Feature","properties":{"partida":"357018293","cca":"357000100000000000000066400G00000000025000","tipo":"Urbano","sup_m2":1208.1},"geometry":{"type":"Polygon","coordinates":[[[-58.503079,-34.359507],[-58.502404,-34.359656],[-58.502435,-34.359811],[-58.503125,-34.359683],[-58.503079,-34.359507]]]}},{"type":"Feature","properties":{"partida":"357018294","cca":"357000100000000000000066400G00000000026000","tipo":"Urbano","sup_m2":1360.0},"geometry":{"type":"Polygon","coordinates":[[[-58.503125,-34.359683],[-58.502435,-34.359811],[-58.50247,-34.360004],[-58.50317,-34.359857],[-58.503125,-34.359683]]]}},{"type":"Feature","properties":{"partida":"357018295","cca":"357000100000000000000066400G00000000027000","tipo":"Urbano","sup_m2":1283.0},"geometry":{"type":"Polygon","coordinates":[[[-58.50317,-34.359857],[-58.50247,-34.360004],[-58.502544,-34.360164],[-58.503215,-34.360041],[-58.50317,-34.359857]]]}},{"type":"Feature","properties":{"partida":"357018296","cca":"357000100000000000000066400G00000000028000","tipo":"Urbano","sup_m2":1174.5},"geometry":{"type":"Polygon","coordinates":[[[-58.503215,-34.360041],[-58.502544,-34.360164],[-58.502598,-34.360322],[-58.503259,-34.36021],[-58.503215,-34.360041]]]}},{"type":"Feature","properties":{"partida":"357018297","cca":"357000100000000000000066400G00000000029000","tipo":"Urbano","sup_m2":1266.0},"geometry":{"type":"Polygon","coordinates":[[[-58.503259,-34.36021],[-58.502598,-34.360322],[-58.502656,-34.360503],[-58.503307,-34.360389],[-58.503259,-34.36021]]]}},{"type":"Feature","properties":{"partida":"357018298","cca":"357000100000000000000066400G00000000030000","tipo":"Urbano","sup_m2":1272.7},"geometry":{"type":"Polygon","coordinates":[[[-58.503354,-34.360573],[-58.503307,-34.360389],[-58.502656,-34.360503],[-58.502725,-34.360687],[-58.503354,-34.360573]]]}},{"type":"Feature","properties":{"partida":"357018299","cca":"357000100000000000000066400G00000000031000","tipo":"Urbano","sup_m2":1192.5},"geometry":{"type":"Polygon","coordinates":[[[-58.503354,-34.360573],[-58.502725,-34.360687],[-58.502779,-34.360865],[-58.503401,-34.360751],[-58.503354,-34.360573]]]}},{"type":"Feature","properties":{"partida":"357018300","cca":"357000100000000000000066400G00000000032000","tipo":"Urbano","sup_m2":1245.2},"geometry":{"type":"Polygon","coordinates":[[[-58.503401,-34.360751],[-58.502779,-34.360865],[-58.502833,-34.361051],[-58.503449,-34.36094],[-58.503401,-34.360751]]]}},{"type":"Feature","properties":{"partida":"357018301","cca":"357000100000000000000066400G00000000033000","tipo":"Urbano","sup_m2":1082.2},"geometry":{"type":"Polygon","coordinates":[[[-58.503449,-34.36094],[-58.502833,-34.361051],[-58.50286,-34.361217],[-58.503492,-34.361102],[-58.503449,-34.36094]]]}},{"type":"Feature","properties":{"partida":"357018302","cca":"357000100000000000000066400G00000000034000","tipo":"Urbano","sup_m2":1273.6},"geometry":{"type":"Polygon","coordinates":[[[-58.503539,-34.361287],[-58.503492,-34.361102],[-58.50286,-34.361217],[-58.50288,-34.361406],[-58.503539,-34.361287]]]}},{"type":"Feature","properties":{"partida":"357018303","cca":"357000100000000000000066400G00000000035000","tipo":"Urbano","sup_m2":1208.1},"geometry":{"type":"Polygon","coordinates":[[[-58.503539,-34.361287],[-58.50288,-34.361406],[-58.502957,-34.361575],[-58.503584,-34.361465],[-58.503539,-34.361287]]]}},{"type":"Feature","properties":{"partida":"357018317","cca":"357000100000000000000066400G00000000049000","tipo":"Urbano","sup_m2":1469.8},"geometry":{"type":"Polygon","coordinates":[[[-58.503631,-34.36165],[-58.504363,-34.361523],[-58.504298,-34.36133],[-58.503584,-34.361465],[-58.503631,-34.36165]]]}},{"type":"Feature","properties":{"partida":"357018318","cca":"357000100000000000000066400G00000000050000","tipo":"Urbano","sup_m2":1327.1},"geometry":{"type":"Polygon","coordinates":[[[-58.503584,-34.361465],[-58.504298,-34.36133],[-58.504209,-34.361157],[-58.503539,-34.361287],[-58.503584,-34.361465]]]}},{"type":"Feature","properties":{"partida":"357018319","cca":"357000100000000000000066400G00000000051000","tipo":"Urbano","sup_m2":1335.8},"geometry":{"type":"Polygon","coordinates":[[[-58.503539,-34.361287],[-58.504209,-34.361157],[-58.504163,-34.360971],[-58.503492,-34.361102],[-58.503539,-34.361287]]]}},{"type":"Feature","properties":{"partida":"357018320","cca":"357000100000000000000066400G00000000052000","tipo":"Urbano","sup_m2":1214.0},"geometry":{"type":"Polygon","coordinates":[[[-58.503492,-34.361102],[-58.504163,-34.360971],[-58.504147,-34.360797],[-58.503449,-34.36094],[-58.503492,-34.361102]]]}},{"type":"Feature","properties":{"partida":"357018321","cca":"357000100000000000000066400G00000000053000","tipo":"Urbano","sup_m2":1311.7},"geometry":{"type":"Polygon","coordinates":[[[-58.503449,-34.36094],[-58.504147,-34.360797],[-58.504081,-34.360635],[-58.503401,-34.360751],[-58.503449,-34.36094]]]}},{"type":"Feature","properties":{"partida":"357018322","cca":"357000100000000000000066400G00000000054000","tipo":"Urbano","sup_m2":1250.4},"geometry":{"type":"Polygon","coordinates":[[[-58.503401,-34.360751],[-58.504081,-34.360635],[-58.504065,-34.360471],[-58.503354,-34.360573],[-58.503401,-34.360751]]]}},{"type":"Feature","properties":{"partida":"357018323","cca":"357000100000000000000066400G00000000055000","tipo":"Urbano","sup_m2":1423.7},"geometry":{"type":"Polygon","coordinates":[[[-58.503354,-34.360573],[-58.504065,-34.360471],[-58.503996,-34.360274],[-58.503307,-34.360389],[-58.503354,-34.360573]]]}},{"type":"Feature","properties":{"partida":"357018324","cca":"357000100000000000000066400G00000000056000","tipo":"Urbano","sup_m2":1362.7},"geometry":{"type":"Polygon","coordinates":[[[-58.503307,-34.360389],[-58.503996,-34.360274],[-58.50394,-34.360082],[-58.503259,-34.36021],[-58.503307,-34.360389]]]}},{"type":"Feature","properties":{"partida":"357018325","cca":"357000100000000000000066400G00000000057000","tipo":"Urbano","sup_m2":1248.1},"geometry":{"type":"Polygon","coordinates":[[[-58.503259,-34.36021],[-58.50394,-34.360082],[-58.503892,-34.359909],[-58.503215,-34.360041],[-58.503259,-34.36021]]]}},{"type":"Feature","properties":{"partida":"357018326","cca":"357000100000000000000066400G00000000058000","tipo":"Urbano","sup_m2":1348.9},"geometry":{"type":"Polygon","coordinates":[[[-58.503215,-34.360041],[-58.503892,-34.359909],[-58.503881,-34.359723],[-58.50317,-34.359857],[-58.503215,-34.360041]]]}},{"type":"Feature","properties":{"partida":"357018327","cca":"357000100000000000000066400G00000000059000","tipo":"Urbano","sup_m2":1283.4},"geometry":{"type":"Polygon","coordinates":[[[-58.50317,-34.359857],[-58.503881,-34.359723],[-58.503823,-34.359559],[-58.503125,-34.359683],[-58.50317,-34.359857]]]}},{"type":"Feature","properties":{"partida":"357018328","cca":"357000100000000000000066400G00000000060000","tipo":"Urbano","sup_m2":1269.2},"geometry":{"type":"Polygon","coordinates":[[[-58.503125,-34.359683],[-58.503823,-34.359559],[-58.503772,-34.359394],[-58.503079,-34.359507],[-58.503125,-34.359683]]]}},{"type":"Feature","properties":{"partida":"357018329","cca":"357000100000000000000066400G00000000061000","tipo":"Urbano","sup_m2":1420.9},"geometry":{"type":"Polygon","coordinates":[[[-58.503079,-34.359507],[-58.503772,-34.359394],[-58.503691,-34.359186],[-58.503033,-34.359326],[-58.503079,-34.359507]]]}},{"type":"Feature","properties":{"partida":"357018330","cca":"357000100000000000000066400G00000000062000","tipo":"Urbano","sup_m2":1024.2},"geometry":{"type":"Polygon","coordinates":[[[-58.503033,-34.359326],[-58.503691,-34.359186],[-58.503568,-34.35906],[-58.502991,-34.35916],[-58.503033,-34.359326]]]}},{"type":"Feature","properties":{"partida":"357018331","cca":"357000100000000000000066400G00000000063000","tipo":"Urbano","sup_m2":1130.2},"geometry":{"type":"Polygon","coordinates":[[[-58.502991,-34.35916],[-58.503568,-34.35906],[-58.503522,-34.358874],[-58.502943,-34.358979],[-58.502991,-34.35916]]]}},{"type":"Feature","properties":{"partida":"357018332","cca":"357000100000000000000066400G00000000064000","tipo":"Urbano","sup_m2":1071.9},"geometry":{"type":"Polygon","coordinates":[[[-58.502943,-34.358979],[-58.503522,-34.358874],[-58.503479,-34.358704],[-58.502897,-34.358803],[-58.502943,-34.358979]]]}},{"type":"Feature","properties":{"partida":"357018333","cca":"357000100000000000000066400G00000000065000","tipo":"Urbano","sup_m2":1610.8},"geometry":{"type":"Polygon","coordinates":[[[-58.502897,-34.358803],[-58.503479,-34.358704],[-58.503411,-34.358442],[-58.502831,-34.358545],[-58.502897,-34.358803]]]}},{"type":"Feature","properties":{"partida":"357018334","cca":"357000100000000000000066400G00000000066000","tipo":"Urbano","sup_m2":1013.5},"geometry":{"type":"Polygon","coordinates":[[[-58.502831,-34.358545],[-58.503411,-34.358442],[-58.503366,-34.358279],[-58.502788,-34.358381],[-58.502831,-34.358545]]]}},{"type":"Feature","properties":{"partida":"357018335","cca":"357000100000000000000066400G00000000067000","tipo":"Urbano","sup_m2":1118.5},"geometry":{"type":"Polygon","coordinates":[[[-58.502788,-34.358381],[-58.503366,-34.358279],[-58.50332,-34.358096],[-58.502741,-34.358201],[-58.502788,-34.358381]]]}},{"type":"Feature","properties":{"partida":"357018336","cca":"357000100000000000000066400G00000000068000","tipo":"Urbano","sup_m2":1184.6},"geometry":{"type":"Polygon","coordinates":[[[-58.502741,-34.358201],[-58.50332,-34.358096],[-58.503267,-34.357905],[-58.502691,-34.35801],[-58.502741,-34.358201]]]}},{"type":"Feature","properties":{"partida":"357018337","cca":"357000100000000000000066400G00000000069000","tipo":"Urbano","sup_m2":1036.4},"geometry":{"type":"Polygon","coordinates":[[[-58.502691,-34.35801],[-58.503267,-34.357905],[-58.503227,-34.357737],[-58.502649,-34.357841],[-58.502691,-34.35801]]]}},{"type":"Feature","properties":{"partida":"357018338","cca":"357000100000000000000066400G00000000070000","tipo":"Urbano","sup_m2":1141.5},"geometry":{"type":"Polygon","coordinates":[[[-58.502649,-34.357841],[-58.503227,-34.357737],[-58.503174,-34.35755],[-58.5026,-34.357659],[-58.502649,-34.357841]]]}},{"type":"Feature","properties":{"partida":"357018339","cca":"357000100000000000000066400G00000000071000","tipo":"Urbano","sup_m2":1098.2},"geometry":{"type":"Polygon","coordinates":[[[-58.5026,-34.357659],[-58.503174,-34.35755],[-58.503127,-34.357372],[-58.502554,-34.35748],[-58.5026,-34.357659]]]}},{"type":"Feature","properties":{"partida":"357018340","cca":"357000100000000000000066400G00000000072000","tipo":"Urbano","sup_m2":1063.0},"geometry":{"type":"Polygon","coordinates":[[[-58.502554,-34.35748],[-58.503127,-34.357372],[-58.50308,-34.3572],[-58.502507,-34.357306],[-58.502554,-34.35748]]]}},{"type":"Feature","properties":{"partida":"357018341","cca":"357000100000000000000066400G00000000073000","tipo":"Urbano","sup_m2":1120.5},"geometry":{"type":"Polygon","coordinates":[[[-58.502507,-34.357306],[-58.50308,-34.3572],[-58.503032,-34.357018],[-58.50246,-34.357122],[-58.502507,-34.357306]]]}},{"type":"Feature","properties":{"partida":"357018342","cca":"357000100000000000000066400G00000000074000","tipo":"Urbano","sup_m2":1091.5},"geometry":{"type":"Polygon","coordinates":[[[-58.50246,-34.357122],[-58.503032,-34.357018],[-58.502987,-34.356838],[-58.502416,-34.356944],[-58.50246,-34.357122]]]}},{"type":"Feature","properties":{"partida":"357018343","cca":"357000100000000000000066400G00000000075000","tipo":"Urbano","sup_m2":1062.1},"geometry":{"type":"Polygon","coordinates":[[[-58.502416,-34.356944],[-58.502987,-34.356838],[-58.502938,-34.356664],[-58.502368,-34.356771],[-58.502416,-34.356944]]]}},{"type":"Feature","properties":{"partida":"357018344","cca":"357000100000000000000066400G00000000076000","tipo":"Urbano","sup_m2":1102.3},"geometry":{"type":"Polygon","coordinates":[[[-58.502368,-34.356771],[-58.502938,-34.356664],[-58.502916,-34.356488],[-58.502322,-34.356588],[-58.502368,-34.356771]]]}},{"type":"Feature","properties":{"partida":"357018345","cca":"357000100000000000000066400G00000000077000","tipo":"Urbano","sup_m2":1135.2},"geometry":{"type":"Polygon","coordinates":[[[-58.502322,-34.356588],[-58.502916,-34.356488],[-58.502876,-34.356304],[-58.502278,-34.356414],[-58.502322,-34.356588]]]}},{"type":"Feature","properties":{"partida":"357018346","cca":"357000100000000000000066400G00000000078000","tipo":"Urbano","sup_m2":1107.9},"geometry":{"type":"Polygon","coordinates":[[[-58.502278,-34.356414],[-58.502876,-34.356304],[-58.502832,-34.35614],[-58.502231,-34.356232],[-58.502278,-34.356414]]]}},{"type":"Feature","properties":{"partida":"357018347","cca":"357000100000000000000066400G00000000079000","tipo":"Urbano","sup_m2":1156.1},"geometry":{"type":"Polygon","coordinates":[[[-58.502231,-34.356232],[-58.502832,-34.35614],[-58.502793,-34.355948],[-58.502185,-34.356063],[-58.502231,-34.356232]]]}},{"type":"Feature","properties":{"partida":"357018348","cca":"357000100000000000000066400G00000000080000","tipo":"Urbano","sup_m2":1078.1},"geometry":{"type":"Polygon","coordinates":[[[-58.502185,-34.356063],[-58.502793,-34.355948],[-58.502761,-34.355792],[-58.502141,-34.355888],[-58.502185,-34.356063]]]}},{"type":"Feature","properties":{"partida":"357018349","cca":"357000100000000000000066400G00000000081000","tipo":"Urbano","sup_m2":1249.6},"geometry":{"type":"Polygon","coordinates":[[[-58.502141,-34.355888],[-58.502761,-34.355792],[-58.502718,-34.3556],[-58.502092,-34.355702],[-58.502141,-34.355888]]]}},{"type":"Feature","properties":{"partida":"357018350","cca":"357000100000000000000066400G00000000082000","tipo":"Urbano","sup_m2":1089.2},"geometry":{"type":"Polygon","coordinates":[[[-58.502092,-34.355702],[-58.502718,-34.3556],[-58.502669,-34.355441],[-58.502051,-34.355533],[-58.502092,-34.355702]]]}},{"type":"Feature","properties":{"partida":"357018351","cca":"357000100000000000000066400G00000000083000","tipo":"Urbano","sup_m2":1185.3},"geometry":{"type":"Polygon","coordinates":[[[-58.502051,-34.355533],[-58.502669,-34.355441],[-58.502622,-34.355249],[-58.502006,-34.355363],[-58.502051,-34.355533]]]}},{"type":"Feature","properties":{"partida":"357018352","cca":"357000100000000000000066400G00000000084000","tipo":"Urbano","sup_m2":1658.5},"geometry":{"type":"Polygon","coordinates":[[[-58.501938,-34.355099],[-58.502006,-34.355363],[-58.502622,-34.355249],[-58.502498,-34.354997],[-58.501938,-34.355099]]]}},{"type":"Feature","properties":{"partida":"357019197","cca":"357000100000000000000066400H00000000001000","tipo":"Urbano","sup_m2":4205.5},"geometry":{"type":"Polygon","coordinates":[[[-58.500291,-34.354402],[-58.500548,-34.35543],[-58.500929,-34.355346],[-58.500821,-34.354717],[-58.500595,-34.354371],[-58.500291,-34.354402]]]}},{"type":"Feature","properties":{"partida":"357019198","cca":"357000100000000000000066400H00000000002000","tipo":"Urbano","sup_m2":2373.7},"geometry":{"type":"Polygon","coordinates":[[[-58.500327,-34.355467],[-58.500548,-34.35543],[-58.500291,-34.354402],[-58.500078,-34.354434],[-58.500327,-34.355467]]]}},{"type":"Feature","properties":{"partida":"357019199","cca":"357000100000000000000066400H00000000003000","tipo":"Urbano","sup_m2":2342.8},"geometry":{"type":"Polygon","coordinates":[[[-58.500118,-34.355502],[-58.500327,-34.355467],[-58.500078,-34.354434],[-58.49986,-34.354478],[-58.500118,-34.355502]]]}},{"type":"Feature","properties":{"partida":"357019200","cca":"357000100000000000000066400H00000000004000","tipo":"Urbano","sup_m2":2263.4},"geometry":{"type":"Polygon","coordinates":[[[-58.500118,-34.355502],[-58.49986,-34.354478],[-58.499653,-34.354508],[-58.499911,-34.355539],[-58.500118,-34.355502]]]}},{"type":"Feature","properties":{"partida":"357019201","cca":"357000100000000000000066400H00000000005000","tipo":"Urbano","sup_m2":2370.7},"geometry":{"type":"Polygon","coordinates":[[[-58.499653,-34.354508],[-58.499561,-34.354522],[-58.499438,-34.354548],[-58.499695,-34.355576],[-58.499911,-34.355539],[-58.499653,-34.354508]]]}},{"type":"Feature","properties":{"partida":"357019202","cca":"357000100000000000000066400H00000000006000","tipo":"Urbano","sup_m2":2231.6},"geometry":{"type":"Polygon","coordinates":[[[-58.499238,-34.354575],[-58.499486,-34.355609],[-58.499695,-34.355576],[-58.499438,-34.354548],[-58.499238,-34.354575]]]}},{"type":"Feature","properties":{"partida":"357019203","cca":"357000100000000000000066400H00000000007000","tipo":"Urbano","sup_m2":2307.3},"geometry":{"type":"Polygon","coordinates":[[[-58.499486,-34.355609],[-58.499238,-34.354575],[-58.499028,-34.354594],[-58.499274,-34.355644],[-58.499486,-34.355609]]]}},{"type":"Feature","properties":{"partida":"357019204","cca":"357000100000000000000066400H00000000008000","tipo":"Urbano","sup_m2":2403.2},"geometry":{"type":"Polygon","coordinates":[[[-58.499051,-34.355684],[-58.499274,-34.355644],[-58.499028,-34.354594],[-58.498822,-34.354636],[-58.499051,-34.355684]]]}},{"type":"Feature","properties":{"partida":"357019205","cca":"357000100000000000000066400H00000000009000","tipo":"Urbano","sup_m2":2344.5},"geometry":{"type":"Polygon","coordinates":[[[-58.499051,-34.355684],[-58.498822,-34.354636],[-58.498608,-34.354696],[-58.498843,-34.35572],[-58.499051,-34.355684]]]}},{"type":"Feature","properties":{"partida":"357019206","cca":"357000100000000000000066400H00000000010000","tipo":"Urbano","sup_m2":2359.1},"geometry":{"type":"Polygon","coordinates":[[[-58.498843,-34.35572],[-58.498608,-34.354696],[-58.498389,-34.354721],[-58.498627,-34.355757],[-58.498843,-34.35572]]]}},{"type":"Feature","properties":{"partida":"357019207","cca":"357000100000000000000066400H00000000011000","tipo":"Urbano","sup_m2":2423.9},"geometry":{"type":"Polygon","coordinates":[[[-58.498389,-34.354721],[-58.498295,-34.354747],[-58.498161,-34.354775],[-58.498413,-34.355792],[-58.498627,-34.355757],[-58.498389,-34.354721]]]}},{"type":"Feature","properties":{"partida":"357019208","cca":"357000100000000000000066400H00000000012000","tipo":"Urbano","sup_m2":2391.1},"geometry":{"type":"Polygon","coordinates":[[[-58.498413,-34.355792],[-58.498161,-34.354775],[-58.49794,-34.35483],[-58.498194,-34.355832],[-58.498413,-34.355792]]]}},{"type":"Feature","properties":{"partida":"357019209","cca":"357000100000000000000066400H00000000013000","tipo":"Urbano","sup_m2":2158.1},"geometry":{"type":"Polygon","coordinates":[[[-58.498194,-34.355832],[-58.49794,-34.35483],[-58.497747,-34.354878],[-58.497983,-34.355868],[-58.498194,-34.355832]]]}},{"type":"Feature","properties":{"partida":"357019210","cca":"357000100000000000000066400H00000000014000","tipo":"Urbano","sup_m2":2200.6},"geometry":{"type":"Polygon","coordinates":[[[-58.497983,-34.355868],[-58.497747,-34.354878],[-58.497537,-34.354924],[-58.497776,-34.355904],[-58.497983,-34.355868]]]}},{"type":"Feature","properties":{"partida":"357019211","cca":"357000100000000000000066400H00000000015000","tipo":"Urbano","sup_m2":2131.3},"geometry":{"type":"Polygon","coordinates":[[[-58.497563,-34.355941],[-58.497776,-34.355904],[-58.497537,-34.354924],[-58.497341,-34.354969],[-58.497563,-34.355941]]]}},{"type":"Feature","properties":{"partida":"357019212","cca":"357000100000000000000066400H00000000016000","tipo":"Urbano","sup_m2":2213.3},"geometry":{"type":"Polygon","coordinates":[[[-58.497563,-34.355941],[-58.497341,-34.354969],[-58.497206,-34.355012],[-58.497123,-34.355029],[-58.497351,-34.355977],[-58.497563,-34.355941]]]}},{"type":"Feature","properties":{"partida":"357019213","cca":"357000100000000000000066400H00000000017000","tipo":"Urbano","sup_m2":2125.0},"geometry":{"type":"Polygon","coordinates":[[[-58.497351,-34.355977],[-58.497123,-34.355029],[-58.496917,-34.355074],[-58.497135,-34.356014],[-58.497351,-34.355977]]]}},{"type":"Feature","properties":{"partida":"357019214","cca":"357000100000000000000066400H00000000018000","tipo":"Urbano","sup_m2":2217.8},"geometry":{"type":"Polygon","coordinates":[[[-58.496917,-34.355074],[-58.496684,-34.35512],[-58.496924,-34.35605],[-58.497135,-34.356014],[-58.496917,-34.355074]]]}},{"type":"Feature","properties":{"partida":"357019215","cca":"357000100000000000000066400H00000000019000","tipo":"Urbano","sup_m2":2055.1},"geometry":{"type":"Polygon","coordinates":[[[-58.496484,-34.35519],[-58.496709,-34.356087],[-58.496924,-34.35605],[-58.496684,-34.35512],[-58.496564,-34.355167],[-58.496484,-34.35519]]]}},{"type":"Feature","properties":{"partida":"357019216","cca":"357000100000000000000066400H00000000020000","tipo":"Urbano","sup_m2":2020.9},"geometry":{"type":"Polygon","coordinates":[[[-58.49649,-34.356126],[-58.496709,-34.356087],[-58.496484,-34.35519],[-58.49628,-34.355265],[-58.49649,-34.356126]]]}},{"type":"Feature","properties":{"partida":"357019217","cca":"357000100000000000000066400H00000000021000","tipo":"Urbano","sup_m2":1940.0},"geometry":{"type":"Polygon","coordinates":[[[-58.49628,-34.356161],[-58.49649,-34.356126],[-58.49628,-34.355265],[-58.496066,-34.355319],[-58.49628,-34.356161]]]}},{"type":"Feature","properties":{"partida":"357019218","cca":"357000100000000000000066400H00000000022000","tipo":"Urbano","sup_m2":1728.5},"geometry":{"type":"Polygon","coordinates":[[[-58.49628,-34.356161],[-58.496066,-34.355319],[-58.495892,-34.355383],[-58.49607,-34.356199],[-58.49628,-34.356161]]]}},{"type":"Feature","properties":{"partida":"357019219","cca":"357000100000000000000066400H00000000023000","tipo":"Urbano","sup_m2":1856.5},"geometry":{"type":"Polygon","coordinates":[[[-58.495854,-34.356236],[-58.49607,-34.356199],[-58.495892,-34.355383],[-58.495678,-34.35544],[-58.495854,-34.356236]]]}},{"type":"Feature","properties":{"partida":"357019220","cca":"357000100000000000000066400H00000000024000","tipo":"Urbano","sup_m2":1799.3},"geometry":{"type":"Polygon","coordinates":[[[-58.495854,-34.356236],[-58.495678,-34.35544],[-58.495457,-34.355513],[-58.495648,-34.356274],[-58.495854,-34.356236]]]}},{"type":"Feature","properties":{"partida":"357019221","cca":"357000100000000000000066400H00000000025000","tipo":"Urbano","sup_m2":1423.0},"geometry":{"type":"Polygon","coordinates":[[[-58.495495,-34.356299],[-58.495648,-34.356274],[-58.495457,-34.355513],[-58.495259,-34.355575],[-58.495495,-34.356299]]]}},{"type":"Feature","properties":{"partida":"357019222","cca":"357000100000000000000066400H00000000026000","tipo":"Urbano","sup_m2":1689.8},"geometry":{"type":"Polygon","coordinates":[[[-58.495351,-34.356345],[-58.495495,-34.356299],[-58.495259,-34.355575],[-58.494989,-34.355657],[-58.495351,-34.356345]]]}},{"type":"Feature","properties":{"partida":"357019223","cca":"357000100000000000000066400H00000000027000","tipo":"Urbano","sup_m2":1460.4},"geometry":{"type":"Polygon","coordinates":[[[-58.495144,-34.356413],[-58.495351,-34.356345],[-58.494989,-34.355657],[-58.494838,-34.35569],[-58.495144,-34.356413]]]}},{"type":"Feature","properties":{"partida":"357019224","cca":"357000100000000000000066400H00000000028000","tipo":"Urbano","sup_m2":1735.7},"geometry":{"type":"Polygon","coordinates":[[[-58.494943,-34.356494],[-58.495144,-34.356413],[-58.494838,-34.35569],[-58.494635,-34.355752],[-58.494943,-34.356494]]]}},{"type":"Feature","properties":{"partida":"357019225","cca":"357000100000000000000066400H00000000029000","tipo":"Urbano","sup_m2":2013.5},"geometry":{"type":"Polygon","coordinates":[[[-58.494704,-34.356579],[-58.494943,-34.356494],[-58.494635,-34.355752],[-58.49441,-34.355831],[-58.494704,-34.356579]]]}},{"type":"Feature","properties":{"partida":"357019226","cca":"357000100000000000000066400H00000000030000","tipo":"Urbano","sup_m2":2538.7},"geometry":{"type":"Polygon","coordinates":[[[-58.494704,-34.356579],[-58.49441,-34.355831],[-58.494098,-34.355939],[-58.494432,-34.356675],[-58.494704,-34.356579]]]}},{"type":"Feature","properties":{"partida":"357019227","cca":"357000100000000000000066400H00000000031000","tipo":"Urbano","sup_m2":2754.4},"geometry":{"type":"Polygon","coordinates":[[[-58.494432,-34.356675],[-58.494098,-34.355939],[-58.493869,-34.35603],[-58.494037,-34.356827],[-58.494432,-34.356675]]]}},{"type":"Feature","properties":{"partida":"357017658","cca":"357000100000000000000066400H00000000032000","tipo":"Rural","sup_m2":574863.1},"geometry":{"type":"Polygon","coordinates":[[[-58.499274,-34.355644],[-58.49628,-34.356161],[-58.495495,-34.356299],[-58.495144,-34.356413],[-58.494943,-34.356494],[-58.494432,-34.356675],[-58.494037,-34.356827],[-58.496237,-34.364454],[-58.501087,-34.363633],[-58.502633,-34.363375],[-58.503021,-34.363321],[-58.502921,-34.363042],[-58.502871,-34.362789],[-58.502671,-34.362185],[-58.502239,-34.360941],[-58.502113,-34.360254],[-58.501852,-34.359218],[-58.501354,-34.357401],[-58.501446,-34.357296],[-58.501432,-34.357078],[-58.501289,-34.35665],[-58.500929,-34.355346],[-58.500548,-34.35543],[-58.499695,-34.355576],[-58.499274,-34.355644]]]}}]}